ISO-10303-21;
HEADER;
FILE_DESCRIPTION (( 'STEP AP214' ),
    '1' );
FILE_NAME ('finger_prototype_v1_scaled.STEP',
    '2026-07-05T17:47:23',
    ( '' ),
    ( '' ),
    'SwSTEP 2.0',
    'SolidWorks 2024',
    '' );
FILE_SCHEMA (( 'AUTOMOTIVE_DESIGN' ));
ENDSEC;

DATA;
#1 = VECTOR ( 'NONE', #1493, 1000.000000000000000 ) ;
#2 = CIRCLE ( 'NONE', #409, 0.5199999999999926903 ) ;
#3 = FACE_OUTER_BOUND ( 'NONE', #256, .T. ) ;
#4 = VECTOR ( 'NONE', #2840, 1000.000000000000000 ) ;
#5 = EDGE_CURVE ( 'NONE', #3495, #3514, #3927, .T. ) ;
#6 = ORIENTED_EDGE ( 'NONE', *, *, #4402, .T. ) ;
#7 = CARTESIAN_POINT ( 'NONE',  ( 6.106605262655629751, 0.1015486463022558100, 9.567244740516594348 ) ) ;
#8 = AXIS2_PLACEMENT_3D ( 'NONE', #3717, #1289, #4384 ) ;
#9 = ORIENTED_EDGE ( 'NONE', *, *, #2824, .T. ) ;
#10 = CARTESIAN_POINT ( 'NONE',  ( -3.250215456873986497, -3.669251980075659780, -9.284055259483404043 ) ) ;
#11 = EDGE_CURVE ( 'NONE', #3799, #4127, #860, .T. ) ;
#12 = EDGE_CURVE ( 'NONE', #3983, #1487, #1734, .T. ) ;
#13 = ADVANCED_FACE ( 'NONE', ( #1685 ), #3643, .F. ) ;
#14 = PLANE ( 'NONE',  #3415 ) ;
#15 = FACE_OUTER_BOUND ( 'NONE', #2804, .T. ) ;
#16 = DIRECTION ( 'NONE',  ( -0.000000000000000000, -0.000000000000000000, 1.000000000000000000 ) ) ;
#17 = CARTESIAN_POINT ( 'NONE',  ( 7.149784543126032510, -39.88537143330199086, 6.315944740516592049 ) ) ;
#18 = EDGE_CURVE ( 'NONE', #1541, #1531, #3127, .T. ) ;
#19 = CARTESIAN_POINT ( 'NONE',  ( -0.0002154568739836140961, -42.31916675693361185, 6.315944740516594713 ) ) ;
#20 = DIRECTION ( 'NONE',  ( 0.000000000000000000, 1.000000000000000000, 0.000000000000000000 ) ) ;
#21 = CARTESIAN_POINT ( 'NONE',  ( -6.629490840173621891, -41.67389888281508803, 8.264337557103473841 ) ) ;
#22 = ORIENTED_EDGE ( 'NONE', *, *, #4350, .F. ) ;
#23 = CARTESIAN_POINT ( 'NONE',  ( 6.023322417162247255, -38.89845135369776585, 6.315944740516592049 ) ) ;
#24 = ORIENTED_EDGE ( 'NONE', *, *, #482, .T. ) ;
#25 = ORIENTED_EDGE ( 'NONE', *, *, #1572, .T. ) ;
#26 = ORIENTED_EDGE ( 'NONE', *, *, #1604, .F. ) ;
#27 = ORIENTED_EDGE ( 'NONE', *, *, #2855, .T. ) ;
#28 = DIRECTION ( 'NONE',  ( 0.000000000000000000, 1.000000000000000000, 0.000000000000000000 ) ) ;
#29 = ORIENTED_EDGE ( 'NONE', *, *, #4950, .T. ) ;
#30 = EDGE_CURVE ( 'NONE', #2644, #406, #526, .T. ) ;
#31 = DIRECTION ( 'NONE',  ( 0.000000000000000000, 1.000000000000000000, 0.000000000000000000 ) ) ;
#32 = ORIENTED_EDGE ( 'NONE', *, *, #3532, .F. ) ;
#33 = CIRCLE ( 'NONE', #2903, 1.950000000000000400 ) ;
#34 = DIRECTION ( 'NONE',  ( 0.000000000000000000, 1.000000000000000000, 0.000000000000000000 ) ) ;
#35 = EDGE_CURVE ( 'NONE', #2461, #4599, #1632, .T. ) ;
#36 = CARTESIAN_POINT ( 'NONE',  ( -7.150215456873968201, -36.16925198007566422, 8.915944740516597022 ) ) ;
#37 = FACE_OUTER_BOUND ( 'NONE', #3748, .T. ) ;
#38 = CARTESIAN_POINT ( 'NONE',  ( -3.250215456873986497, -3.669251980075661113, -0.1840552594834037048 ) ) ;
#39 = CYLINDRICAL_SURFACE ( 'NONE', #2546, 3.728357573436369421 ) ;
#40 = EDGE_CURVE ( 'NONE', #2150, #1636, #501, .T. ) ;
#41 = CARTESIAN_POINT ( 'NONE',  ( 3.982459901891388654, -45.00000000000000711, 0.000000000000000000 ) ) ;
#42 = LINE ( 'NONE', #120, #1823 ) ;
#43 = CYLINDRICAL_SURFACE ( 'NONE', #3699, 0.5200000000000000178 ) ;
#44 = ADVANCED_FACE ( 'NONE', ( #3207 ), #4774, .T. ) ;
#45 = VECTOR ( 'NONE', #3011, 1000.000000000000000 ) ;
#46 = ORIENTED_EDGE ( 'NONE', *, *, #1513, .T. ) ;
#47 = CARTESIAN_POINT ( 'NONE',  ( -0.0002154568740143116543, -38.37845135369775562, 6.315944740516594713 ) ) ;
#48 = ORIENTED_EDGE ( 'NONE', *, *, #2899, .T. ) ;
#49 = EDGE_LOOP ( 'NONE', ( #1072, #4088, #1101, #1710 ) ) ;
#50 = ORIENTED_EDGE ( 'NONE', *, *, #63, .T. ) ;
#51 = VECTOR ( 'NONE', #4511, 1000.000000000000000 ) ;
#52 = ORIENTED_EDGE ( 'NONE', *, *, #138, .T. ) ;
#53 = CARTESIAN_POINT ( 'NONE',  ( 12.34978454312601315, -36.16925198007566422, -0.1840552594834037048 ) ) ;
#54 = VECTOR ( 'NONE', #4479, 1000.000000000000000 ) ;
#55 = EDGE_LOOP ( 'NONE', ( #278, #616, #2818, #2831, #2646, #27, #82, #3080, #3548, #1932, #4521, #2752 ) ) ;
#56 = DIRECTION ( 'NONE',  ( -1.000000000000000000, 0.000000000000000000, 3.336006684570785665E-15 ) ) ;
#57 = ORIENTED_EDGE ( 'NONE', *, *, #3338, .F. ) ;
#58 = PLANE ( 'NONE',  #3027 ) ;
#59 = VECTOR ( 'NONE', #2085, 1000.000000000000000 ) ;
#60 = CARTESIAN_POINT ( 'NONE',  ( 6.023322417162247255, -38.89845135369776585, 8.265944740516612654 ) ) ;
#61 = DIRECTION ( 'NONE',  ( 1.000000000000000000, 0.000000000000000000, 1.224646799147359370E-16 ) ) ;
#62 = DIRECTION ( 'NONE',  ( -0.000000000000000000, -0.000000000000000000, 1.000000000000000000 ) ) ;
#63 = EDGE_CURVE ( 'NONE', #988, #2880, #2870, .T. ) ;
#64 = DIRECTION ( 'NONE',  ( 0.000000000000000000, 0.000000000000000000, 1.000000000000000000 ) ) ;
#65 = DIRECTION ( 'NONE',  ( -1.000000000000000000, 0.000000000000000000, 3.154042683594197093E-16 ) ) ;
#66 = CYLINDRICAL_SURFACE ( 'NONE', #2810, 1.950000000000000400 ) ;
#67 = CARTESIAN_POINT ( 'NONE',  ( -11.70021545687398756, -42.66925198007565712, 3.065944740516433953 ) ) ;
#68 = EDGE_LOOP ( 'NONE', ( #1104, #1300, #3741, #428 ) ) ;
#69 = CARTESIAN_POINT ( 'NONE',  ( -9.457193476310601810, -29.36144284725805420, -6.872281954692220474 ) ) ;
#70 = DIRECTION ( 'NONE',  ( -0.000000000000000000, 1.000000000000000000, -0.000000000000000000 ) ) ;
#71 = EDGE_CURVE ( 'NONE', #485, #1798, #2483, .T. ) ;
#72 = VERTEX_POINT ( 'NONE', #4387 ) ;
#73 = EDGE_CURVE ( 'NONE', #583, #2670, #2509, .T. ) ;
#74 = ORIENTED_EDGE ( 'NONE', *, *, #381, .T. ) ;
#75 = CARTESIAN_POINT ( 'NONE',  ( 1.949784543126012570, -67.37055198007574575, -7.334055259483403866 ) ) ;
#76 = AXIS2_PLACEMENT_3D ( 'NONE', #1528, #3468, #872 ) ;
#77 = VECTOR ( 'NONE', #2103, 1000.000000000000000 ) ;
#78 = ORIENTED_EDGE ( 'NONE', *, *, #2359, .T. ) ;
#79 = CYLINDRICAL_SURFACE ( 'NONE', #520, 5.200000000000001066 ) ;
#80 = ORIENTED_EDGE ( 'NONE', *, *, #546, .T. ) ;
#81 = DIRECTION ( 'NONE',  ( -1.000000000000000000, 0.000000000000000000, 0.000000000000000000 ) ) ;
#82 = ORIENTED_EDGE ( 'NONE', *, *, #2359, .F. ) ;
#83 = EDGE_CURVE ( 'NONE', #4342, #869, #279, .T. ) ;
#84 = LINE ( 'NONE', #2883, #1709 ) ;
#85 = AXIS2_PLACEMENT_3D ( 'NONE', #3443, #3852, #1424 ) ;
#86 = CARTESIAN_POINT ( 'NONE',  ( -6.500215456874059328, -42.66925198007565712, 8.265944740516438571 ) ) ;
#87 = VERTEX_POINT ( 'NONE', #2919 ) ;
#88 = CARTESIAN_POINT ( 'NONE',  ( -6.608926729941864586, -2.799166756933606504, 6.965944740516595068 ) ) ;
#89 = PLANE ( 'NONE',  #3041 ) ;
#90 = CARTESIAN_POINT ( 'NONE',  ( 1.949784543126013014, 37.93074801992433720, -7.334055259483403866 ) ) ;
#91 = FACE_OUTER_BOUND ( 'NONE', #744, .T. ) ;
#92 = DIRECTION ( 'NONE',  ( 0.000000000000000000, 0.000000000000000000, -1.000000000000000000 ) ) ;
#93 = CARTESIAN_POINT ( 'NONE',  ( -8.324035939054116540, 8.547893628744184014, -5.228408759849768828 ) ) ;
#94 = DIRECTION ( 'NONE',  ( -0.000000000000000000, -0.000000000000000000, -1.000000000000000000 ) ) ;
#95 = CARTESIAN_POINT ( 'NONE',  ( -11.00705274332909411, -30.53529815893688948, -4.951372795411677963 ) ) ;
#97 = VERTEX_POINT ( 'NONE', #4002 ) ;
#96 = DIRECTION ( 'NONE',  ( -1.000000000000000000, 0.000000000000000000, 3.336006684570790398E-15 ) ) ;
#98 = EDGE_CURVE ( 'NONE', #4298, #590, #175, .T. ) ;
#99 = VERTEX_POINT ( 'NONE', #2067 ) ;
#100 = VERTEX_POINT ( 'NONE', #1341 ) ;
#101 = LINE ( 'NONE', #1689, #348 ) ;
#102 = VERTEX_POINT ( 'NONE', #4030 ) ;
#103 = CARTESIAN_POINT ( 'NONE',  ( 6.499784543126010838, -55.66925198007567133, 3.065944740516618694 ) ) ;
#104 = EDGE_CURVE ( 'NONE', #2643, #5009, #124, .T. ) ;
#105 = ORIENTED_EDGE ( 'NONE', *, *, #1004, .F. ) ;
#106 = DIRECTION ( 'NONE',  ( 0.000000000000000000, -1.000000000000000000, 0.000000000000000000 ) ) ;
#107 = VERTEX_POINT ( 'NONE', #3694 ) ;
#108 = CIRCLE ( 'NONE', #4121, 6.500000000000000888 ) ;
#109 = CARTESIAN_POINT ( 'NONE',  ( 3.730541126713434519, -55.66925198007567133, -6.034055259483403155 ) ) ;
#110 = ADVANCED_FACE ( 'NONE', ( #476 ), #3233, .F. ) ;
#111 = DIRECTION ( 'NONE',  ( 0.000000000000000000, 1.000000000000000000, 0.000000000000000000 ) ) ;
#112 = ORIENTED_EDGE ( 'NONE', *, *, #1347, .T. ) ;
#113 = CIRCLE ( 'NONE', #2981, 0.5200000000000000178 ) ;
#114 = CARTESIAN_POINT ( 'NONE',  ( 2.599784543126012260, -1.405371433301987327, 8.915944740516602351 ) ) ;
#115 = CYLINDRICAL_SURFACE ( 'NONE', #647, 0.5199999999999995737 ) ;
#116 = DIRECTION ( 'NONE',  ( 0.000000000000000000, -1.000000000000000000, 0.000000000000000000 ) ) ;
#117 = VECTOR ( 'NONE', #4465, 1000.000000000000000 ) ;
#118 = AXIS2_PLACEMENT_3D ( 'NONE', #456, #1179, #3599 ) ;
#119 = FACE_OUTER_BOUND ( 'NONE', #3186, .T. ) ;
#120 = CARTESIAN_POINT ( 'NONE',  ( -0.0002154568739836140961, -36.78948459635396517, 6.315944740516594713 ) ) ;
#121 = CARTESIAN_POINT ( 'NONE',  ( -6.608926729941864586, -2.279166756933607818, 8.915944740516636102 ) ) ;
#122 = DIRECTION ( 'NONE',  ( -0.000000000000000000, -0.000000000000000000, -1.000000000000000000 ) ) ;
#123 = VECTOR ( 'NONE', #322, 1000.000000000000000 ) ;
#125 = VERTEX_POINT ( 'NONE', #2092 ) ;
#124 = LINE ( 'NONE', #1654, #3349 ) ;
#126 = EDGE_LOOP ( 'NONE', ( #3697, #4132, #1639, #634, #528, #1374 ) ) ;
#127 = ORIENTED_EDGE ( 'NONE', *, *, #3809, .F. ) ;
#128 = DIRECTION ( 'NONE',  ( -5.204170427930366852E-15, 0.000000000000000000, -1.000000000000000000 ) ) ;
#129 = AXIS2_PLACEMENT_3D ( 'NONE', #722, #2675, #4161 ) ;
#130 = ORIENTED_EDGE ( 'NONE', *, *, #12, .F. ) ;
#131 = FACE_OUTER_BOUND ( 'NONE', #3672, .T. ) ;
#132 = EDGE_CURVE ( 'NONE', #4777, #4343, #3284, .T. ) ;
#133 = EDGE_CURVE ( 'NONE', #3519, #2310, #4875, .T. ) ;
#134 = ORIENTED_EDGE ( 'NONE', *, *, #1172, .F. ) ;
#135 = CARTESIAN_POINT ( 'NONE',  ( -3.726174020159304323, -67.37055198007574575, -6.034055259483404043 ) ) ;
#136 = CARTESIAN_POINT ( 'NONE',  ( 6.636831702065667749, -41.79916675693360872, 6.315944740516592049 ) ) ;
#137 = VECTOR ( 'NONE', #4555, 1000.000000000000000 ) ;
#138 = EDGE_CURVE ( 'NONE', #740, #963, #3052, .T. ) ;
#139 = FACE_OUTER_BOUND ( 'NONE', #3446, .T. ) ;
#140 = ORIENTED_EDGE ( 'NONE', *, *, #567, .T. ) ;
#141 = CARTESIAN_POINT ( 'NONE',  ( 7.799784543126011549, 2.830748019924340664, 8.915944740516586364 ) ) ;
#142 = DIRECTION ( 'NONE',  ( -0.000000000000000000, -0.000000000000000000, 1.000000000000000000 ) ) ;
#143 = TOROIDAL_SURFACE ( 'NONE', #2763, 6.500000000000072831, 5.199999999999994849 ) ;
#144 = AXIS2_PLACEMENT_3D ( 'NONE', #4199, #2600, #3323 ) ;
#145 = DIRECTION ( 'NONE',  ( -0.000000000000000000, -1.000000000000000000, -0.000000000000000000 ) ) ;
#146 = DIRECTION ( 'NONE',  ( -0.000000000000000000, 1.000000000000000000, -0.000000000000000000 ) ) ;
#147 = DIRECTION ( 'NONE',  ( -1.000000000000000000, 0.000000000000000000, 0.000000000000000000 ) ) ;
#148 = CARTESIAN_POINT ( 'NONE',  ( 6.116831702065666398, -41.79916675693360872, 8.265944740516614431 ) ) ;
#149 = DIRECTION ( 'NONE',  ( -0.000000000000000000, -0.000000000000000000, -1.000000000000000000 ) ) ;
#150 = ADVANCED_FACE ( 'NONE', ( #5000 ), #2554, .F. ) ;
#151 = VERTEX_POINT ( 'NONE', #2141 ) ;
#152 = ORIENTED_EDGE ( 'NONE', *, *, #2166, .T. ) ;
#153 = FACE_OUTER_BOUND ( 'NONE', #286, .T. ) ;
#154 = ORIENTED_EDGE ( 'NONE', *, *, #3059, .F. ) ;
#155 = LINE ( 'NONE', #560, #4788 ) ;
#156 = VERTEX_POINT ( 'NONE', #3719 ) ;
#157 = DIRECTION ( 'NONE',  ( 0.000000000000000000, 0.000000000000000000, 1.000000000000000000 ) ) ;
#158 = CIRCLE ( 'NONE', #889, 0.5199999999999995737 ) ;
#159 = AXIS2_PLACEMENT_3D ( 'NONE', #4971, #2711, #1913 ) ;
#160 = DIRECTION ( 'NONE',  ( 1.000000000000000000, 1.927470528863134333E-15, -3.154042683594197093E-16 ) ) ;
#161 = AXIS2_PLACEMENT_3D ( 'NONE', #2482, #2918, #195 ) ;
#162 = LINE ( 'NONE', #1331, #3097 ) ;
#163 = VERTEX_POINT ( 'NONE', #2661 ) ;
#164 = EDGE_CURVE ( 'NONE', #2050, #2304, #4515, .T. ) ;
#165 = DIRECTION ( 'NONE',  ( -0.000000000000000000, 1.000000000000000000, -0.000000000000000000 ) ) ;
#166 = LINE ( 'NONE', #2426, #387 ) ;
#167 = AXIS2_PLACEMENT_3D ( 'NONE', #419, #1259, #61 ) ;
#168 = VECTOR ( 'NONE', #4601, 1000.000000000000000 ) ;
#169 = EDGE_CURVE ( 'NONE', #1502, #3577, #2987, .T. ) ;
#170 = VECTOR ( 'NONE', #855, 1000.000000000000000 ) ;
#171 = CARTESIAN_POINT ( 'NONE',  ( 13.00108454312602646, -40.92537143330196159, 8.265944740516710354 ) ) ;
#172 = CARTESIAN_POINT ( 'NONE',  ( 12.99978454312601173, 2.830748019924340664, -0.1840552594834048428 ) ) ;
#173 = CARTESIAN_POINT ( 'NONE',  ( 12.24311074321258630, -36.16925198007566422, -1.573329839556188103 ) ) ;
#174 = DIRECTION ( 'NONE',  ( 3.154042683594197093E-16, -0.000000000000000000, 1.000000000000000000 ) ) ;
#175 = LINE ( 'NONE', #4077, #3155 ) ;
#176 = VERTEX_POINT ( 'NONE', #1754 ) ;
#177 = ORIENTED_EDGE ( 'NONE', *, *, #847, .F. ) ;
#178 = LINE ( 'NONE', #2486, #396 ) ;
#179 = EDGE_CURVE ( 'NONE', #1225, #3983, #4621, .T. ) ;
#180 = CARTESIAN_POINT ( 'NONE',  ( 4.779182984322080330, 10.69449962348133276, -9.820938058243926960 ) ) ;
#181 = ORIENTED_EDGE ( 'NONE', *, *, #3325, .T. ) ;
#182 = CARTESIAN_POINT ( 'NONE',  ( -7.800215456873988096, -0.8853714333019864213, 9.567244740516594348 ) ) ;
#183 = VERTEX_POINT ( 'NONE', #2636 ) ;
#184 = CARTESIAN_POINT ( 'NONE',  ( 5.943231036789574873, -29.76349800865322948, -6.104785466607216549 ) ) ;
#185 = CYLINDRICAL_SURFACE ( 'NONE', #4756, 0.5199999999999992406 ) ;
#186 = EDGE_CURVE ( 'NONE', #3104, #72, #4974, .T. ) ;
#187 = CARTESIAN_POINT ( 'NONE',  ( 6.499784543125937120, -42.15094384760875812, 8.265944740516619760 ) ) ;
#188 = VERTEX_POINT ( 'NONE', #2992 ) ;
#189 = CYLINDRICAL_SURFACE ( 'NONE', #2340, 3.250000000000002220 ) ;
#190 = DIRECTION ( 'NONE',  ( 0.000000000000000000, -0.000000000000000000, 1.000000000000000000 ) ) ;
#191 = EDGE_CURVE ( 'NONE', #2559, #1746, #3740, .T. ) ;
#192 = CARTESIAN_POINT ( 'NONE',  ( 12.24311074321258630, -36.16925198007566422, -1.573329839556188103 ) ) ;
#193 = DIRECTION ( 'NONE',  ( 1.000000000000000000, 0.000000000000000000, 0.000000000000000000 ) ) ;
#194 = DIRECTION ( 'NONE',  ( -0.000000000000000000, 1.000000000000000000, -0.000000000000000000 ) ) ;
#195 = DIRECTION ( 'NONE',  ( -1.000000000000000000, 0.000000000000000000, -1.334402673828304011E-14 ) ) ;
#196 = VECTOR ( 'NONE', #471, 1000.000000000000000 ) ;
#197 = DIRECTION ( 'NONE',  ( 0.000000000000000000, 1.000000000000000000, 0.000000000000000000 ) ) ;
#198 = ORIENTED_EDGE ( 'NONE', *, *, #4143, .F. ) ;
#199 = ORIENTED_EDGE ( 'NONE', *, *, #2855, .F. ) ;
#200 = DIRECTION ( 'NONE',  ( 1.000000000000000000, -2.168404344971008868E-16, 0.000000000000000000 ) ) ;
#201 = EDGE_CURVE ( 'NONE', #3430, #346, #2219, .T. ) ;
#202 = VECTOR ( 'NONE', #1834, 1000.000000000000000 ) ;
#203 = CARTESIAN_POINT ( 'NONE',  ( 12.99978454312601173, 2.830748019924340664, -0.1840552594834048428 ) ) ;
#204 = VERTEX_POINT ( 'NONE', #3330 ) ;
#205 = CARTESIAN_POINT ( 'NONE',  ( 0.002183553277065063570, -58.32210129024644374, -3.605697686047034889 ) ) ;
#206 = VERTEX_POINT ( 'NONE', #2966 ) ;
#207 = CARTESIAN_POINT ( 'NONE',  ( 9.193519026541618899, -32.92207168552061347, -2.819252772967547838 ) ) ;
#208 = DIRECTION ( 'NONE',  ( 0.000000000000000000, 0.000000000000000000, -1.000000000000000000 ) ) ;
#209 = CARTESIAN_POINT ( 'NONE',  ( 6.499784543125974423, 41.83204801992434341, 5.665944740516607681 ) ) ;
#210 = AXIS2_PLACEMENT_3D ( 'NONE', #3072, #2313, #799 ) ;
#211 = CARTESIAN_POINT ( 'NONE',  ( -11.37570888383271850, 8.786048401363208527, -5.582863326269200677 ) ) ;
#212 = VECTOR ( 'NONE', #1804, 1000.000000000000000 ) ;
#213 = ORIENTED_EDGE ( 'NONE', *, *, #2738, .T. ) ;
#214 = FACE_OUTER_BOUND ( 'NONE', #1755, .T. ) ;
#215 = EDGE_CURVE ( 'NONE', #1133, #4959, #4554, .T. ) ;
#216 = LINE ( 'NONE', #3016, #5051 ) ;
#217 = CYLINDRICAL_SURFACE ( 'NONE', #1444, 2.428357573436369599 ) ;
#218 = CARTESIAN_POINT ( 'NONE',  ( 5.199784543126010128, -42.66925198007565712, -8.634055259483403688 ) ) ;
#219 = CARTESIAN_POINT ( 'NONE',  ( 3.249784543126013947, -26.86110827738353635, -6.684055259483403511 ) ) ;
#220 = ORIENTED_EDGE ( 'NONE', *, *, #1383, .T. ) ;
#221 = VERTEX_POINT ( 'NONE', #3383 ) ;
#222 = DIRECTION ( 'NONE',  ( -5.204170427930366852E-15, 0.000000000000000000, -1.000000000000000000 ) ) ;
#223 = VECTOR ( 'NONE', #1213, 1000.000000000000000 ) ;
#224 = CARTESIAN_POINT ( 'NONE',  ( 12.99978454312601173, 41.83074801992434999, 9.565944740516595601 ) ) ;
#225 = CARTESIAN_POINT ( 'NONE',  ( 2.469784543126031462, -36.78948459635397228, -9.935355259483404922 ) ) ;
#226 = EDGE_CURVE ( 'NONE', #4830, #3801, #2581, .T. ) ;
#227 = ORIENTED_EDGE ( 'NONE', *, *, #2824, .F. ) ;
#228 = ADVANCED_FACE ( 'NONE', ( #679 ), #624, .F. ) ;
#229 = ORIENTED_EDGE ( 'NONE', *, *, #4417, .T. ) ;
#230 = ORIENTED_EDGE ( 'NONE', *, *, #4782, .T. ) ;
#231 = CARTESIAN_POINT ( 'NONE',  ( 2.599784543126012260, 1.690515403646043024, 6.965944740516595068 ) ) ;
#232 = DIRECTION ( 'NONE',  ( 0.000000000000000000, 0.000000000000000000, -1.000000000000000000 ) ) ;
#233 = CARTESIAN_POINT ( 'NONE',  ( -0.0002154568739103684331, -37.82948459635396432, -9.935355259483404922 ) ) ;
#234 = CARTESIAN_POINT ( 'NONE',  ( -13.00021545687399005, 41.83074801992434999, 9.565944740516595601 ) ) ;
#235 = AXIS2_PLACEMENT_3D ( 'NONE', #587, #2282, #2522 ) ;
#236 = DIRECTION ( 'NONE',  ( 0.000000000000000000, 1.000000000000000000, 0.000000000000000000 ) ) ;
#237 = VECTOR ( 'NONE', #1255, 1000.000000000000000 ) ;
#238 = VERTEX_POINT ( 'NONE', #246 ) ;
#239 = EDGE_CURVE ( 'NONE', #4632, #3221, #3020, .T. ) ;
#240 = CIRCLE ( 'NONE', #5081, 9.100000000000070699 ) ;
#241 = CARTESIAN_POINT ( 'NONE',  ( -7.150215456873968201, -42.66925198007565712, 6.315944740516597378 ) ) ;
#242 = CARTESIAN_POINT ( 'NONE',  ( 3.249784543126012171, 9.759419503607833946, -7.334055259483403866 ) ) ;
#243 = LINE ( 'NONE', #1805, #1961 ) ;
#244 = DIRECTION ( 'NONE',  ( 1.000000000000000000, 0.000000000000000000, -3.154042683594197093E-16 ) ) ;
#245 = DIRECTION ( 'NONE',  ( 3.154042683594197093E-16, -0.000000000000000000, 1.000000000000000000 ) ) ;
#246 = CARTESIAN_POINT ( 'NONE',  ( -9.100215456873987918, -55.66925198007567133, -2.134055259483405464 ) ) ;
#247 = VERTEX_POINT ( 'NONE', #4204 ) ;
#248 = EDGE_LOOP ( 'NONE', ( #4101, #4570, #1076, #3769 ) ) ;
#249 = CARTESIAN_POINT ( 'NONE',  ( -7.150215456873968201, -36.78948459635396517, 8.265944740516429690 ) ) ;
#250 = VECTOR ( 'NONE', #4462, 1000.000000000000000 ) ;
#251 = DIRECTION ( 'NONE',  ( -0.000000000000000000, -1.000000000000000000, -0.000000000000000000 ) ) ;
#252 = DIRECTION ( 'NONE',  ( 0.9999924036657756865, 0.000000000000000000, 0.003897769970702696322 ) ) ;
#253 = EDGE_CURVE ( 'NONE', #4342, #3337, #1368, .T. ) ;
#254 = ORIENTED_EDGE ( 'NONE', *, *, #2994, .F. ) ;
#255 = ORIENTED_EDGE ( 'NONE', *, *, #3613, .F. ) ;
#256 = EDGE_LOOP ( 'NONE', ( #2921, #3374, #4206, #130, #1154, #4665, #4444, #2462, #1923 ) ) ;
#257 = LINE ( 'NONE', #2205, #3412 ) ;
#258 = CARTESIAN_POINT ( 'NONE',  ( 7.149784543126013858, 41.83204801992433630, 3.715944740516587963 ) ) ;
#259 = LINE ( 'NONE', #745, #3666 ) ;
#260 = ORIENTED_EDGE ( 'NONE', *, *, #3937, .F. ) ;
#261 = EDGE_CURVE ( 'NONE', #2050, #4603, #2245, .T. ) ;
#262 = LINE ( 'NONE', #1470, #45 ) ;
#263 = DIRECTION ( 'NONE',  ( 0.000000000000000000, 0.000000000000000000, 1.000000000000000000 ) ) ;
#264 = CYLINDRICAL_SURFACE ( 'NONE', #4651, 2.600000000000079137 ) ;
#265 = AXIS2_PLACEMENT_3D ( 'NONE', #3950, #2839, #2381 ) ;
#266 = DIRECTION ( 'NONE',  ( 0.000000000000000000, 0.000000000000000000, 1.000000000000000000 ) ) ;
#267 = CARTESIAN_POINT ( 'NONE',  ( -6.109507299056266660, -41.27916675693359849, 8.265944740516445677 ) ) ;
#268 = CARTESIAN_POINT ( 'NONE',  ( 7.799784543126011549, -3.669251980075659780, -0.1840552594834037048 ) ) ;
#269 = CARTESIAN_POINT ( 'NONE',  ( 2.599784543126012260, -1.925371433301987567, 9.567244740516594348 ) ) ;
#270 = VERTEX_POINT ( 'NONE', #3818 ) ;
#271 = ORIENTED_EDGE ( 'NONE', *, *, #3123, .T. ) ;
#272 = CARTESIAN_POINT ( 'NONE',  ( -0.0002154568740609043211, -55.66925198007567133, 3.065944740516615141 ) ) ;
#273 = AXIS2_PLACEMENT_3D ( 'NONE', #1303, #1668, #4911 ) ;
#274 = DIRECTION ( 'NONE',  ( -0.000000000000000000, -1.000000000000000000, -0.000000000000000000 ) ) ;
#275 = CARTESIAN_POINT ( 'NONE',  ( 9.230771522262003259, 10.01485642304167278, -7.892917580195930150 ) ) ;
#276 = EDGE_LOOP ( 'NONE', ( #3820, #515, #271, #2591, #2927 ) ) ;
#277 = ORIENTED_EDGE ( 'NONE', *, *, #1821, .T. ) ;
#278 = ORIENTED_EDGE ( 'NONE', *, *, #2269, .F. ) ;
#279 = CIRCLE ( 'NONE', #3648, 0.5199999999999987965 ) ;
#280 = EDGE_LOOP ( 'NONE', ( #4829, #46, #4992, #4860 ) ) ;
#281 = EDGE_CURVE ( 'NONE', #3600, #3087, #4801, .T. ) ;
#282 = LINE ( 'NONE', #2767, #4689 ) ;
#283 = CARTESIAN_POINT ( 'NONE',  ( -9.100215456873987918, -55.66925198007567133, 3.065944740516433953 ) ) ;
#284 = FACE_OUTER_BOUND ( 'NONE', #5026, .T. ) ;
#285 = DIRECTION ( 'NONE',  ( 0.000000000000000000, 0.000000000000000000, 1.000000000000000000 ) ) ;
#286 = EDGE_LOOP ( 'NONE', ( #5019, #1420, #3144, #3235, #4466 ) ) ;
#287 = VECTOR ( 'NONE', #2832, 1000.000000000000000 ) ;
#288 = AXIS2_PLACEMENT_3D ( 'NONE', #1979, #770, #3910 ) ;
#289 = EDGE_CURVE ( 'NONE', #4603, #1027, #1863, .T. ) ;
#290 = VECTOR ( 'NONE', #2499, 1000.000000000000000 ) ;
#291 = CARTESIAN_POINT ( 'NONE',  ( 7.830229730661599774, -28.93094976246893424, -8.054567245556505384 ) ) ;
#292 = CARTESIAN_POINT ( 'NONE',  ( 3.249784543126012615, -36.16925198007566422, -0.1840552594834037048 ) ) ;
#293 = CARTESIAN_POINT ( 'NONE',  ( -4.472618674108148618, -58.32210129024644374, -6.034055259483403155 ) ) ;
#294 = CARTESIAN_POINT ( 'NONE',  ( -0.0002154568739887398245, -67.37055198007574575, -4.084055259483402089 ) ) ;
#295 = DIRECTION ( 'NONE',  ( 0.000000000000000000, 0.000000000000000000, -1.000000000000000000 ) ) ;
#296 = EDGE_LOOP ( 'NONE', ( #2511, #4151, #388, #4781 ) ) ;
#297 = AXIS2_PLACEMENT_3D ( 'NONE', #695, #3479, #4614 ) ;
#298 = ORIENTED_EDGE ( 'NONE', *, *, #2293, .F. ) ;
#299 = LINE ( 'NONE', #4178, #4676 ) ;
#300 = EDGE_CURVE ( 'NONE', #4779, #2936, #2574, .T. ) ;
#301 = LINE ( 'NONE', #5029, #3863 ) ;
#302 = CARTESIAN_POINT ( 'NONE',  ( -6.876168419277810528, 0.1015486463022569480, 9.567244740516594348 ) ) ;
#303 = ORIENTED_EDGE ( 'NONE', *, *, #2796, .F. ) ;
#304 = ORIENTED_EDGE ( 'NONE', *, *, #4143, .T. ) ;
#305 = ORIENTED_EDGE ( 'NONE', *, *, #454, .T. ) ;
#306 = VECTOR ( 'NONE', #781, 1000.000000000000000 ) ;
#307 = ORIENTED_EDGE ( 'NONE', *, *, #438, .F. ) ;
#308 = DIRECTION ( 'NONE',  ( -1.387778780781427690E-14, -0.000000000000000000, 1.000000000000000000 ) ) ;
#309 = CARTESIAN_POINT ( 'NONE',  ( -13.00021545687399005, 2.830748019924340664, -0.1840552594834037048 ) ) ;
#310 = DIRECTION ( 'NONE',  ( -1.000000000000000000, 1.219727444046192488E-16, 0.000000000000000000 ) ) ;
#311 = B_SPLINE_CURVE_WITH_KNOTS ( 'NONE', 3,
 ( #4610, #4582, #21, #3833, #4635, #1580 ),
 .UNSPECIFIED., .F., .F.,
 ( 4, 2, 4 ),
 ( 0.000000000000000000, 0.0003727691045506004988, 0.0007455382091012009976 ),
 .UNSPECIFIED. ) ;
#312 = ORIENTED_EDGE ( 'NONE', *, *, #3707, .T. ) ;
#313 = CARTESIAN_POINT ( 'NONE',  ( -6.086129977830414539, -38.37845135369774852, -9.935355259483404922 ) ) ;
#314 = EDGE_LOOP ( 'NONE', ( #2221, #2698, #1976, #2421 ) ) ;
#315 = DIRECTION ( 'NONE',  ( -0.000000000000000000, -1.000000000000000000, -0.000000000000000000 ) ) ;
#316 = VECTOR ( 'NONE', #3122, 1000.000000000000000 ) ;
#317 = EDGE_CURVE ( 'NONE', #2559, #2003, #706, .T. ) ;
#318 = CARTESIAN_POINT ( 'NONE',  ( 3.249784543126013947, -28.65756530299503879, -9.284055259483404043 ) ) ;
#319 = DIRECTION ( 'NONE',  ( -0.000000000000000000, -0.000000000000000000, -1.000000000000000000 ) ) ;
#320 = CARTESIAN_POINT ( 'NONE',  ( 7.149784543126030734, -36.16925198007566422, 8.265944740516628642 ) ) ;
#321 = DIRECTION ( 'NONE',  ( 0.000000000000000000, 0.000000000000000000, -1.000000000000000000 ) ) ;
#322 = DIRECTION ( 'NONE',  ( -0.000000000000000000, -0.000000000000000000, 1.000000000000000000 ) ) ;
#323 = EDGE_CURVE ( 'NONE', #962, #3822, #3821, .T. ) ;
#324 = VERTEX_POINT ( 'NONE', #2621 ) ;
#325 = LINE ( 'NONE', #1941, #3851 ) ;
#326 = DIRECTION ( 'NONE',  ( 4.270088556250601739E-14, 0.000000000000000000, 1.000000000000000000 ) ) ;
#327 = DIRECTION ( 'NONE',  ( -0.000000000000000000, -1.000000000000000000, -0.000000000000000000 ) ) ;
#328 = ORIENTED_EDGE ( 'NONE', *, *, #3196, .F. ) ;
#329 = FACE_OUTER_BOUND ( 'NONE', #1843, .T. ) ;
#330 = ORIENTED_EDGE ( 'NONE', *, *, #3744, .T. ) ;
#331 = ORIENTED_EDGE ( 'NONE', *, *, #673, .F. ) ;
#332 = AXIS2_PLACEMENT_3D ( 'NONE', #3424, #4338, #3451 ) ;
#333 = ORIENTED_EDGE ( 'NONE', *, *, #2707, .F. ) ;
#334 = VECTOR ( 'NONE', #1526, 1000.000000000000000 ) ;
#335 = DIRECTION ( 'NONE',  ( 1.000000000000000000, 0.000000000000000000, 0.000000000000000000 ) ) ;
#336 = ORIENTED_EDGE ( 'NONE', *, *, #4289, .T. ) ;
#337 = CARTESIAN_POINT ( 'NONE',  ( -2.470215456873968041, -37.82948459635397143, 6.315944740516597378 ) ) ;
#338 = EDGE_LOOP ( 'NONE', ( #4493, #1458, #3264, #1872 ) ) ;
#339 = FACE_OUTER_BOUND ( 'NONE', #2775, .T. ) ;
#340 = DIRECTION ( 'NONE',  ( 0.000000000000000000, 0.000000000000000000, -1.000000000000000000 ) ) ;
#341 = DIRECTION ( 'NONE',  ( 0.000000000000000000, 0.000000000000000000, -1.000000000000000000 ) ) ;
#342 = CARTESIAN_POINT ( 'NONE',  ( -10.40021545687399041, 2.830748019924340664, -0.1840552594834037048 ) ) ;
#343 = EDGE_CURVE ( 'NONE', #3087, #4127, #1132, .T. ) ;
#344 = FACE_OUTER_BOUND ( 'NONE', #126, .T. ) ;
#345 = EDGE_CURVE ( 'NONE', #247, #2668, #1023, .T. ) ;
#346 = VERTEX_POINT ( 'NONE', #3066 ) ;
#347 = CARTESIAN_POINT ( 'NONE',  ( -6.086129977830414539, -39.41845135369773345, 8.265944740516445677 ) ) ;
#348 = VECTOR ( 'NONE', #2437, 1000.000000000000000 ) ;
#349 = DIRECTION ( 'NONE',  ( 1.000000000000000000, 0.000000000000000000, 0.000000000000000000 ) ) ;
#350 = DIRECTION ( 'NONE',  ( 1.000000000000000000, 0.000000000000000000, 0.000000000000000000 ) ) ;
#351 = AXIS2_PLACEMENT_3D ( 'NONE', #4908, #2821, #866 ) ;
#352 = EDGE_CURVE ( 'NONE', #464, #1074, #4729, .T. ) ;
#353 = ORIENTED_EDGE ( 'NONE', *, *, #4905, .T. ) ;
#354 = CARTESIAN_POINT ( 'NONE',  ( 3.249784543126012171, 41.83074801992434999, -0.1840552594834048428 ) ) ;
#355 = EDGE_LOOP ( 'NONE', ( #2555, #507, #842, #487 ) ) ;
#356 = ORIENTED_EDGE ( 'NONE', *, *, #1504, .F. ) ;
#357 = ORIENTED_EDGE ( 'NONE', *, *, #1847, .F. ) ;
#358 = AXIS2_PLACEMENT_3D ( 'NONE', #4525, #4475, #2882 ) ;
#359 = DIRECTION ( 'NONE',  ( 0.000000000000000000, 0.000000000000000000, -1.000000000000000000 ) ) ;
#360 = AXIS2_PLACEMENT_3D ( 'NONE', #3575, #410, #793 ) ;
#361 = ORIENTED_EDGE ( 'NONE', *, *, #1347, .F. ) ;
#362 = CARTESIAN_POINT ( 'NONE',  ( -0.0002154568739888298404, 1.170515403646043673, 9.567244740516594348 ) ) ;
#363 = ORIENTED_EDGE ( 'NONE', *, *, #725, .T. ) ;
#364 = AXIS2_PLACEMENT_3D ( 'NONE', #4828, #4055, #1708 ) ;
#365 = DIRECTION ( 'NONE',  ( 0.000000000000000000, 0.000000000000000000, -1.000000000000000000 ) ) ;
#366 = CARTESIAN_POINT ( 'NONE',  ( 13.00108454312600692, 9.759419503607833946, -7.334055259483403866 ) ) ;
#367 = CARTESIAN_POINT ( 'NONE',  ( -0.0002154568739885598199, 1.170515403646043673, 6.965944740516595068 ) ) ;
#368 = DIRECTION ( 'NONE',  ( -0.000000000000000000, -0.000000000000000000, -1.000000000000000000 ) ) ;
#369 = DIRECTION ( 'NONE',  ( 1.000000000000000000, 0.000000000000000000, 0.000000000000000000 ) ) ;
#370 = VECTOR ( 'NONE', #1701, 1000.000000000000000 ) ;
#371 = ORIENTED_EDGE ( 'NONE', *, *, #1929, .F. ) ;
#372 = DIRECTION ( 'NONE',  ( -1.000000000000000000, -0.000000000000000000, -0.000000000000000000 ) ) ;
#373 = DIRECTION ( 'NONE',  ( 0.000000000000000000, -0.000000000000000000, -1.000000000000000000 ) ) ;
#374 = CARTESIAN_POINT ( 'NONE',  ( -7.800215456873988096, -3.669251980075659780, 6.965944740516595068 ) ) ;
#375 = ORIENTED_EDGE ( 'NONE', *, *, #2967, .F. ) ;
#376 = CARTESIAN_POINT ( 'NONE',  ( -12.10356962301571038, -33.88674248505533626, -2.292795735776413490 ) ) ;
#377 = TOROIDAL_SURFACE ( 'NONE', #4301, 6.500000000000072831, 2.599999999999994760 ) ;
#378 = ORIENTED_EDGE ( 'NONE', *, *, #4783, .F. ) ;
#379 = ORIENTED_EDGE ( 'NONE', *, *, #521, .F. ) ;
#380 = ORIENTED_EDGE ( 'NONE', *, *, #18, .T. ) ;
#381 = EDGE_CURVE ( 'NONE', #2059, #4474, #1106, .T. ) ;
#382 = ADVANCED_FACE ( 'NONE', ( #4661 ), #2979, .F. ) ;
#383 = CARTESIAN_POINT ( 'NONE',  ( 2.469784543126031462, -39.88537143330199086, -9.935355259483404922 ) ) ;
#384 = EDGE_CURVE ( 'NONE', #1268, #221, #4636, .T. ) ;
#385 = ORIENTED_EDGE ( 'NONE', *, *, #4264, .F. ) ;
#386 = DIRECTION ( 'NONE',  ( -1.224646799147359370E-16, -0.000000000000000000, 1.000000000000000000 ) ) ;
#387 = VECTOR ( 'NONE', #4768, 1000.000000000000000 ) ;
#388 = ORIENTED_EDGE ( 'NONE', *, *, #2777, .F. ) ;
#389 = DIRECTION ( 'NONE',  ( -1.000000000000000000, -9.637352644315594750E-16, 0.000000000000000000 ) ) ;
#390 = EDGE_CURVE ( 'NONE', #1527, #2484, #1079, .T. ) ;
#391 = DIRECTION ( 'NONE',  ( -0.000000000000000000, -0.000000000000000000, 1.000000000000000000 ) ) ;
#392 = DIRECTION ( 'NONE',  ( 0.000000000000000000, 1.000000000000000000, 0.000000000000000000 ) ) ;
#393 = DIRECTION ( 'NONE',  ( -0.000000000000000000, -1.000000000000000000, -0.000000000000000000 ) ) ;
#394 = DIRECTION ( 'NONE',  ( 0.000000000000000000, -1.000000000000000000, 0.000000000000000000 ) ) ;
#395 = AXIS2_PLACEMENT_3D ( 'NONE', #2292, #4354, #1161 ) ;
#396 = VECTOR ( 'NONE', #1737, 1000.000000000000000 ) ;
#397 = AXIS2_PLACEMENT_3D ( 'NONE', #3870, #1443, #3483 ) ;
#398 = ADVANCED_FACE ( 'NONE', ( #691 ), #3036, .F. ) ;
#399 = CARTESIAN_POINT ( 'NONE',  ( -6.500215456874059328, -55.66925198007567133, 8.265944740516596667 ) ) ;
#400 = LINE ( 'NONE', #3853, #4296 ) ;
#401 = CIRCLE ( 'NONE', #3767, 0.5200000000000013500 ) ;
#402 = CARTESIAN_POINT ( 'NONE',  ( 2.599784543126012260, 1.690515403646043024, 9.567244740516594348 ) ) ;
#403 = ORIENTED_EDGE ( 'NONE', *, *, #1951, .T. ) ;
#404 = CARTESIAN_POINT ( 'NONE',  ( -7.824622120938606429, -28.92997433587083833, -8.057977342471131621 ) ) ;
#405 = CARTESIAN_POINT ( 'NONE',  ( 3.730541126713434519, -67.37055198007574575, -6.034055259483404932 ) ) ;
#406 = VERTEX_POINT ( 'NONE', #1904 ) ;
#407 = ORIENTED_EDGE ( 'NONE', *, *, #4224, .F. ) ;
#408 = AXIS2_PLACEMENT_3D ( 'NONE', #4553, #4135, #310 ) ;
#409 = AXIS2_PLACEMENT_3D ( 'NONE', #4405, #2346, #493 ) ;
#410 = DIRECTION ( 'NONE',  ( 0.000000000000000000, 1.000000000000000000, 0.000000000000000000 ) ) ;
#411 = CIRCLE ( 'NONE', #2876, 0.5199999999999922462 ) ;
#412 = ORIENTED_EDGE ( 'NONE', *, *, #558, .F. ) ;
#413 = CARTESIAN_POINT ( 'NONE',  ( -0.0002154568740609043211, -55.66925198007567133, 3.065944740516618250 ) ) ;
#414 = ORIENTED_EDGE ( 'NONE', *, *, #1031, .T. ) ;
#415 = EDGE_CURVE ( 'NONE', #3358, #1246, #636, .T. ) ;
#416 = CARTESIAN_POINT ( 'NONE',  ( -6.109507299056266660, -42.31916675693361185, 6.315944740516597378 ) ) ;
#417 = EDGE_CURVE ( 'NONE', #1688, #4080, #257, .T. ) ;
#418 = DIRECTION ( 'NONE',  ( 1.084202172485504557E-16, -1.000000000000000000, 0.000000000000000000 ) ) ;
#419 = CARTESIAN_POINT ( 'NONE',  ( -0.0002154568740609043211, -55.66925198007567133, -2.134055259483404576 ) ) ;
#420 = DIRECTION ( 'NONE',  ( 0.000000000000000000, 0.000000000000000000, -1.000000000000000000 ) ) ;
#421 = DIRECTION ( 'NONE',  ( 0.000000000000000000, -0.000000000000000000, -1.000000000000000000 ) ) ;
#422 = LINE ( 'NONE', #1970, #3231 ) ;
#423 = CARTESIAN_POINT ( 'NONE',  ( -6.876168419277810528, 0.1015486463022569480, 8.915944740516636102 ) ) ;
#424 = LINE ( 'NONE', #3065, #2214 ) ;
#425 = ORIENTED_EDGE ( 'NONE', *, *, #4504, .T. ) ;
#426 = DIRECTION ( 'NONE',  ( -1.000000000000000000, 0.000000000000000000, 3.154042683594197093E-16 ) ) ;
#427 = EDGE_LOOP ( 'NONE', ( #1999, #2306, #3859, #277 ) ) ;
#428 = ORIENTED_EDGE ( 'NONE', *, *, #3499, .F. ) ;
#429 = ORIENTED_EDGE ( 'NONE', *, *, #3787, .T. ) ;
#430 = ORIENTED_EDGE ( 'NONE', *, *, #4660, .T. ) ;
#431 = DIRECTION ( 'NONE',  ( -1.000000000000000000, 0.000000000000000000, 0.000000000000000000 ) ) ;
#432 = ORIENTED_EDGE ( 'NONE', *, *, #2124, .F. ) ;
#433 = DIRECTION ( 'NONE',  ( -8.685126052486213574E-17, -1.000000000000000000, 0.000000000000000000 ) ) ;
#434 = ADVANCED_FACE ( 'NONE', ( #2177 ), #2649, .F. ) ;
#435 = VERTEX_POINT ( 'NONE', #309 ) ;
#436 = AXIS2_PLACEMENT_3D ( 'NONE', #774, #1566, #2493 ) ;
#437 = CARTESIAN_POINT ( 'NONE',  ( 2.599784543126012260, 1.690515403646043024, 9.567244740516594348 ) ) ;
#438 = EDGE_CURVE ( 'NONE', #4069, #4730, #4067, .T. ) ;
#439 = EDGE_CURVE ( 'NONE', #988, #4579, #778, .T. ) ;
#440 = LINE ( 'NONE', #3222, #4144 ) ;
#441 = CARTESIAN_POINT ( 'NONE',  ( -7.150215456873968201, -37.82948459635397143, 8.265944740516429690 ) ) ;
#442 = SURFACE_STYLE_USAGE ( .BOTH. , #2062 ) ;
#443 = CARTESIAN_POINT ( 'NONE',  ( -2.470215456873968041, -37.30948459635396119, 6.315944740516594713 ) ) ;
#444 = CARTESIAN_POINT ( 'NONE',  ( -7.150215456873968201, -42.66925198007565712, 8.915944740516597022 ) ) ;
#445 = DIRECTION ( 'NONE',  ( -1.000000000000000000, 0.000000000000000000, 0.000000000000000000 ) ) ;
#446 = CARTESIAN_POINT ( 'NONE',  ( -2.470215456873968041, -36.78948459635396517, 8.265944740516463440 ) ) ;
#447 = CIRCLE ( 'NONE', #1345, 5.200000000000001066 ) ;
#448 = ORIENTED_EDGE ( 'NONE', *, *, #3658, .T. ) ;
#449 = CARTESIAN_POINT ( 'NONE',  ( -8.395158552065788982, -29.04478038176561938, -7.697603412283039681 ) ) ;
#450 = ORIENTED_EDGE ( 'NONE', *, *, #1315, .T. ) ;
#451 = ORIENTED_EDGE ( 'NONE', *, *, #838, .F. ) ;
#452 = EDGE_LOOP ( 'NONE', ( #1496, #1054, #3119, #1457 ) ) ;
#453 = AXIS2_PLACEMENT_3D ( 'NONE', #3351, #2550, #4617 ) ;
#454 = EDGE_CURVE ( 'NONE', #188, #3234, #1876, .T. ) ;
#455 = ORIENTED_EDGE ( 'NONE', *, *, #777, .F. ) ;
#456 = CARTESIAN_POINT ( 'NONE',  ( -2.470215456874004456, -40.40537143330197978, -9.935355259483404922 ) ) ;
#457 = AXIS2_PLACEMENT_3D ( 'NONE', #2026, #3170, #3938 ) ;
#458 = ORIENTED_EDGE ( 'NONE', *, *, #1084, .F. ) ;
#459 = FACE_OUTER_BOUND ( 'NONE', #1146, .T. ) ;
#460 = EDGE_LOOP ( 'NONE', ( #2608, #791, #2094, #3492 ) ) ;
#461 = FACE_OUTER_BOUND ( 'NONE', #850, .T. ) ;
#462 = AXIS2_PLACEMENT_3D ( 'NONE', #2217, #1445, #2579 ) ;
#463 = CARTESIAN_POINT ( 'NONE',  ( 4.412757900210601214, 9.725904299792617280, -7.262427183642649275 ) ) ;
#464 = VERTEX_POINT ( 'NONE', #667 ) ;
#465 = LINE ( 'NONE', #2806, #290 ) ;
#466 = DIRECTION ( 'NONE',  ( 1.000000000000000000, 3.469446951953614189E-16, 0.000000000000000000 ) ) ;
#467 = AXIS2_PLACEMENT_3D ( 'NONE', #618, #2213, #2135 ) ;
#468 = CARTESIAN_POINT ( 'NONE',  ( -0.0002154568739887398245, 13.65941950360783075, -7.334055259483403866 ) ) ;
#469 = CARTESIAN_POINT ( 'NONE',  ( -0.0002154568739821999441, -67.37055198007574575, -6.684055259483403511 ) ) ;
#470 = EDGE_CURVE ( 'NONE', #4754, #4757, #4962, .T. ) ;
#471 = DIRECTION ( 'NONE',  ( -0.000000000000000000, -0.000000000000000000, 1.000000000000000000 ) ) ;
#472 = EDGE_CURVE ( 'NONE', #3930, #1510, #5038, .T. ) ;
#473 = CARTESIAN_POINT ( 'NONE',  ( 6.023322417162247255, -38.37845135369775562, -9.935355259483404922 ) ) ;
#474 = DIRECTION ( 'NONE',  ( 0.000000000000000000, 0.000000000000000000, 1.000000000000000000 ) ) ;
#475 = CARTESIAN_POINT ( 'NONE',  ( -9.454334999767180392, -34.23475515692878446, -2.130740237216055544 ) ) ;
#476 = FACE_OUTER_BOUND ( 'NONE', #2470, .T. ) ;
#477 = VERTEX_POINT ( 'NONE', #283 ) ;
#478 = ORIENTED_EDGE ( 'NONE', *, *, #3727, .T. ) ;
#479 = DIRECTION ( 'NONE',  ( 0.000000000000000000, -1.000000000000000000, 0.000000000000000000 ) ) ;
#480 = VECTOR ( 'NONE', #1554, 1000.000000000000000 ) ;
#481 = CIRCLE ( 'NONE', #4175, 6.500000000000000888 ) ;
#482 = EDGE_CURVE ( 'NONE', #4188, #4009, #2502, .T. ) ;
#483 = ORIENTED_EDGE ( 'NONE', *, *, #2158, .F. ) ;
#484 = LINE ( 'NONE', #2517, #1411 ) ;
#485 = VERTEX_POINT ( 'NONE', #4295 ) ;
#486 = FACE_OUTER_BOUND ( 'NONE', #4108, .T. ) ;
#487 = ORIENTED_EDGE ( 'NONE', *, *, #3088, .F. ) ;
#488 = CARTESIAN_POINT ( 'NONE',  ( 6.499784543126010838, -40.92537143330197580, 3.065944740516618694 ) ) ;
#489 = AXIS2_PLACEMENT_3D ( 'NONE', #4441, #909, #2481 ) ;
#490 = DIRECTION ( 'NONE',  ( -1.387778780781427690E-14, -0.000000000000000000, 1.000000000000000000 ) ) ;
#491 = ORIENTED_EDGE ( 'NONE', *, *, #3872, .F. ) ;
#492 = CARTESIAN_POINT ( 'NONE',  ( -0.0002154568738992754999, -40.92537143330199001, 6.315944740516594713 ) ) ;
#493 = DIRECTION ( 'NONE',  ( 1.000000000000000000, 0.000000000000000000, 0.000000000000000000 ) ) ;
#494 = DIRECTION ( 'NONE',  ( 3.469446951953632727E-15, 0.000000000000000000, 1.000000000000000000 ) ) ;
#495 = EDGE_CURVE ( 'NONE', #4080, #3021, #2725, .T. ) ;
#496 = EDGE_CURVE ( 'NONE', #1531, #1837, #2799, .T. ) ;
#497 = CARTESIAN_POINT ( 'NONE',  ( 12.10351689885741955, -33.89026848435264583, -2.291179695012016015 ) ) ;
#498 = CARTESIAN_POINT ( 'NONE',  ( -6.500215456874059328, -42.14230978165453223, 8.265944740516436795 ) ) ;
#499 = DIRECTION ( 'NONE',  ( -0.000000000000000000, -0.000000000000000000, -1.000000000000000000 ) ) ;
#500 = DIRECTION ( 'NONE',  ( 0.000000000000000000, -1.000000000000000000, 0.000000000000000000 ) ) ;
#502 = VERTEX_POINT ( 'NONE', #3552 ) ;
#501 = LINE ( 'NONE', #551, #117 ) ;
#503 = ORIENTED_EDGE ( 'NONE', *, *, #4995, .F. ) ;
#504 = ORIENTED_EDGE ( 'NONE', *, *, #3750, .T. ) ;
#505 = FACE_OUTER_BOUND ( 'NONE', #3800, .T. ) ;
#506 = ADVANCED_FACE ( 'NONE', ( #3 ), #79, .T. ) ;
#507 = ORIENTED_EDGE ( 'NONE', *, *, #3508, .T. ) ;
#508 = DIRECTION ( 'NONE',  ( 1.000000000000000000, 0.000000000000000000, 0.000000000000000000 ) ) ;
#509 = ORIENTED_EDGE ( 'NONE', *, *, #472, .T. ) ;
#510 = CARTESIAN_POINT ( 'NONE',  ( -0.0002154568739887398245, 37.93074801992433720, -7.334055259483403866 ) ) ;
#511 = AXIS2_PLACEMENT_3D ( 'NONE', #523, #20, #1579 ) ;
#512 = FACE_OUTER_BOUND ( 'NONE', #867, .T. ) ;
#513 = AXIS2_PLACEMENT_3D ( 'NONE', #4074, #4512, #193 ) ;
#514 = CARTESIAN_POINT ( 'NONE',  ( 13.00108454312607442, -0.8853714333019880867, 8.915944740516568601 ) ) ;
#515 = ORIENTED_EDGE ( 'NONE', *, *, #83, .T. ) ;
#516 = EDGE_CURVE ( 'NONE', #97, #1581, #2749, .T. ) ;
#517 = LINE ( 'NONE', #2450, #1933 ) ;
#518 = DIRECTION ( 'NONE',  ( -0.000000000000000000, -1.000000000000000000, -0.000000000000000000 ) ) ;
#519 = VECTOR ( 'NONE', #1319, 1000.000000000000000 ) ;
#520 = AXIS2_PLACEMENT_3D ( 'NONE', #1952, #28, #1202 ) ;
#521 = EDGE_CURVE ( 'NONE', #1688, #747, #4347, .T. ) ;
#522 = DIRECTION ( 'NONE',  ( 0.000000000000000000, 0.000000000000000000, 1.000000000000000000 ) ) ;
#523 = CARTESIAN_POINT ( 'NONE',  ( 0.002183553277065063570, -55.66925198007567133, -6.034055259483404043 ) ) ;
#524 = CYLINDRICAL_SURFACE ( 'NONE', #2543, 0.5199999999999995737 ) ;
#525 = CYLINDRICAL_SURFACE ( 'NONE', #1547, 9.100000000000070699 ) ;
#526 = LINE ( 'NONE', #578, #2465 ) ;
#527 = VERTEX_POINT ( 'NONE', #1564 ) ;
#528 = ORIENTED_EDGE ( 'NONE', *, *, #1148, .F. ) ;
#529 = PLANE ( 'NONE',  #3604 ) ;
#530 = AXIS2_PLACEMENT_3D ( 'NONE', #3425, #1492, #4988 ) ;
#531 = ORIENTED_EDGE ( 'NONE', *, *, #4528, .T. ) ;
#532 = DIRECTION ( 'NONE',  ( 0.000000000000000000, 0.000000000000000000, -1.000000000000000000 ) ) ;
#533 = VECTOR ( 'NONE', #3376, 1000.000000000000000 ) ;
#534 = EDGE_LOOP ( 'NONE', ( #1242, #4703, #4882, #4270 ) ) ;
#535 = EDGE_CURVE ( 'NONE', #1836, #590, #4060, .T. ) ;
#536 = EDGE_CURVE ( 'NONE', #183, #2681, #1921, .T. ) ;
#537 = FACE_OUTER_BOUND ( 'NONE', #4933, .T. ) ;
#538 = CARTESIAN_POINT ( 'NONE',  ( -0.0002154568739012800542, -39.88537143330198376, 6.315944740516594713 ) ) ;
#539 = EDGE_CURVE ( 'NONE', #1854, #742, #772, .T. ) ;
#540 = AXIS2_PLACEMENT_3D ( 'NONE', #639, #3810, #285 ) ;
#541 = DIRECTION ( 'NONE',  ( 0.000000000000000000, 0.000000000000000000, -1.000000000000000000 ) ) ;
#542 = EDGE_LOOP ( 'NONE', ( #4623, #3621, #552, #2671, #4315 ) ) ;
#543 = FACE_OUTER_BOUND ( 'NONE', #4576, .T. ) ;
#544 = DIRECTION ( 'NONE',  ( -1.000000000000000000, 0.000000000000000000, 3.469446951953632727E-15 ) ) ;
#545 = VECTOR ( 'NONE', #16, 1000.000000000000000 ) ;
#546 = EDGE_CURVE ( 'NONE', #4094, #4777, #1672, .T. ) ;
#547 = CARTESIAN_POINT ( 'NONE',  ( -2.470215456874004456, -39.88537143330199086, 8.265944740516463440 ) ) ;
#548 = PLANE ( 'NONE',  #513 ) ;
#549 = LINE ( 'NONE', #2112, #2712 ) ;
#550 = CARTESIAN_POINT ( 'NONE',  ( -0.0002154568740620318914, -55.66925198007567133, 8.265944740516607325 ) ) ;
#552 = ORIENTED_EDGE ( 'NONE', *, *, #4439, .F. ) ;
#551 = CARTESIAN_POINT ( 'NONE',  ( -7.800215456873988096, 41.83074801992434999, 9.565944740516595601 ) ) ;
#553 = EDGE_LOOP ( 'NONE', ( #4975, #3096, #2715, #4176 ) ) ;
#554 = VERTEX_POINT ( 'NONE', #4273 ) ;
#555 = CARTESIAN_POINT ( 'NONE',  ( 2.599784543126012260, -0.8853714333019869764, 6.965944740516595068 ) ) ;
#556 = EDGE_CURVE ( 'NONE', #3721, #4069, #4685, .T. ) ;
#557 = CARTESIAN_POINT ( 'NONE',  ( 5.153152220879600343, 10.67569843369475358, -9.753970326547049652 ) ) ;
#558 = EDGE_CURVE ( 'NONE', #4454, #3108, #2413, .T. ) ;
#559 = ORIENTED_EDGE ( 'NONE', *, *, #536, .T. ) ;
#560 = CARTESIAN_POINT ( 'NONE',  ( -0.0002154568739890756290, 0.6215486463022563690, 6.965944740516595068 ) ) ;
#561 = ORIENTED_EDGE ( 'NONE', *, *, #4895, .F. ) ;
#562 = AXIS2_PLACEMENT_3D ( 'NONE', #2140, #2508, #3307 ) ;
#563 = CARTESIAN_POINT ( 'NONE',  ( 9.248748811698087380, -33.13648943187572371, -2.689853492119214096 ) ) ;
#564 = ADVANCED_FACE ( 'NONE', ( #3933 ), #3192, .F. ) ;
#565 = CARTESIAN_POINT ( 'NONE',  ( 13.00108454312602824, -39.41845135369774056, 8.265944740516710354 ) ) ;
#566 = CARTESIAN_POINT ( 'NONE',  ( -9.213991031630248685, 10.02044205705455937, -7.906082369828915546 ) ) ;
#567 = EDGE_CURVE ( 'NONE', #1487, #3146, #4796, .T. ) ;
#568 = ORIENTED_EDGE ( 'NONE', *, *, #2185, .F. ) ;
#569 = DIRECTION ( 'NONE',  ( 1.000000000000000000, 0.000000000000000000, 0.000000000000000000 ) ) ;
#570 = DIRECTION ( 'NONE',  ( -0.000000000000000000, -1.000000000000000000, -0.000000000000000000 ) ) ;
#571 = AXIS2_PLACEMENT_3D ( 'NONE', #4928, #4626, #712 ) ;
#572 = ADVANCED_FACE ( 'NONE', ( #3166 ), #2362, .F. ) ;
#573 = CIRCLE ( 'NONE', #5012, 0.5200000000000035705 ) ;
#574 = CARTESIAN_POINT ( 'NONE',  ( 10.71286301867528401, -30.16840613881889155, -5.428370419302839700 ) ) ;
#575 = CARTESIAN_POINT ( 'NONE',  ( 6.499784543125938896, -42.66925198007565712, 8.265944740516619760 ) ) ;
#576 = DIRECTION ( 'NONE',  ( -0.000000000000000000, -0.000000000000000000, -1.000000000000000000 ) ) ;
#577 = CARTESIAN_POINT ( 'NONE',  ( 6.499784543125938896, -41.44738966625847354, 8.265944740516619760 ) ) ;
#578 = CARTESIAN_POINT ( 'NONE',  ( -2.600215456873987918, -1.925371433301987567, 9.567244740516594348 ) ) ;
#579 = ORIENTED_EDGE ( 'NONE', *, *, #3046, .T. ) ;
#580 = ORIENTED_EDGE ( 'NONE', *, *, #2422, .T. ) ;
#581 = DIRECTION ( 'NONE',  ( 0.000000000000000000, -0.000000000000000000, -1.000000000000000000 ) ) ;
#582 = DIRECTION ( 'NONE',  ( 0.000000000000000000, 0.000000000000000000, -1.000000000000000000 ) ) ;
#583 = VERTEX_POINT ( 'NONE', #53 ) ;
#584 = DIRECTION ( 'NONE',  ( -1.000000000000000000, -0.000000000000000000, -0.000000000000000000 ) ) ;
#585 = ORIENTED_EDGE ( 'NONE', *, *, #1336, .F. ) ;
#586 = DIRECTION ( 'NONE',  ( 1.000000000000000000, 0.000000000000000000, 0.000000000000000000 ) ) ;
#587 = CARTESIAN_POINT ( 'NONE',  ( -6.086129977830414539, -38.89845135369773033, 8.265944740516445677 ) ) ;
#588 = ADVANCED_FACE ( 'NONE', ( #1613 ), #3214, .F. ) ;
#589 = CARTESIAN_POINT ( 'NONE',  ( -7.800215456873988096, 41.83074801992434999, 4.365944740516595424 ) ) ;
#590 = VERTEX_POINT ( 'NONE', #1538 ) ;
#591 = LINE ( 'NONE', #2960, #2255 ) ;
#592 = EDGE_CURVE ( 'NONE', #4715, #1842, #3116, .T. ) ;
#593 = EDGE_CURVE ( 'NONE', #204, #4754, #2081, .T. ) ;
#594 = CARTESIAN_POINT ( 'NONE',  ( 7.149784543126022740, -42.66925198007565712, 6.315944740516609812 ) ) ;
#595 = B_SPLINE_CURVE_WITH_KNOTS ( 'NONE', 3,
 ( #3012, #3404, #4588, #4994 ),
 .UNSPECIFIED., .F., .F.,
 ( 4, 4 ),
 ( 0.0003843712998248758066, 0.0007684981107195122804 ),
 .UNSPECIFIED. ) ;
#596 = DIRECTION ( 'NONE',  ( -0.000000000000000000, -0.000000000000000000, -1.000000000000000000 ) ) ;
#597 = CARTESIAN_POINT ( 'NONE',  ( -10.40021545687399041, 41.83074801992434999, -0.1840552594834037048 ) ) ;
#598 = CARTESIAN_POINT ( 'NONE',  ( -7.150215456874085440, -36.16925198007566422, 8.265944740516429690 ) ) ;
#599 = DIRECTION ( 'NONE',  ( -0.000000000000000000, -0.000000000000000000, 1.000000000000000000 ) ) ;
#600 = ORIENTED_EDGE ( 'NONE', *, *, #3071, .T. ) ;
#601 = ORIENTED_EDGE ( 'NONE', *, *, #2738, .F. ) ;
#602 = DIRECTION ( 'NONE',  ( 0.000000000000000000, 0.000000000000000000, 1.000000000000000000 ) ) ;
#603 = VECTOR ( 'NONE', #2943, 1000.000000000000000 ) ;
#604 = CARTESIAN_POINT ( 'NONE',  ( -3.250215456873989606, 13.65941950360783430, -7.334055259483403866 ) ) ;
#605 = EDGE_LOOP ( 'NONE', ( #1352, #1944, #2909, #3392, #24, #812, #230, #2976 ) ) ;
#606 = ORIENTED_EDGE ( 'NONE', *, *, #1825, .T. ) ;
#607 = ORIENTED_EDGE ( 'NONE', *, *, #4563, .T. ) ;
#608 = ADVANCED_FACE ( 'NONE', ( #4008 ), #3626, .T. ) ;
#609 = CARTESIAN_POINT ( 'NONE',  ( 8.021121916463222590, -30.80506668301612194, -4.616868626605304726 ) ) ;
#610 = DIRECTION ( 'NONE',  ( -0.000000000000000000, -1.000000000000000000, -0.000000000000000000 ) ) ;
#611 = DIRECTION ( 'NONE',  ( -0.000000000000000000, 1.000000000000000000, -0.000000000000000000 ) ) ;
#612 = CARTESIAN_POINT ( 'NONE',  ( -3.440310167103199479, -47.04065331551598206, 0.5000000000000004441 ) ) ;
#613 = AXIS2_PLACEMENT_3D ( 'NONE', #3663, #2910, #4379 ) ;
#614 = DIRECTION ( 'NONE',  ( 0.000000000000000000, 1.000000000000000000, 0.000000000000000000 ) ) ;
#615 = CIRCLE ( 'NONE', #4480, 0.5200000000000013500 ) ;
#616 = ORIENTED_EDGE ( 'NONE', *, *, #4253, .F. ) ;
#617 = DIRECTION ( 'NONE',  ( 0.000000000000000000, 0.000000000000000000, 1.000000000000000000 ) ) ;
#618 = CARTESIAN_POINT ( 'NONE',  ( 6.499784543126010838, -42.66925198007565712, 3.065944740516618694 ) ) ;
#619 = EDGE_CURVE ( 'NONE', #2073, #4832, #1692, .T. ) ;
#620 = CARTESIAN_POINT ( 'NONE',  ( 6.613888429731527019, -28.76862988217559902, -8.666815759918090833 ) ) ;
#621 = DIRECTION ( 'NONE',  ( 1.000000000000000000, 1.927470528863118950E-15, 0.000000000000000000 ) ) ;
#622 = DIRECTION ( 'NONE',  ( 0.000000000000000000, 0.000000000000000000, 1.000000000000000000 ) ) ;
#623 = CARTESIAN_POINT ( 'NONE',  ( 7.149784543126022740, -42.66925198007565712, 6.315944740516609812 ) ) ;
#624 = CYLINDRICAL_SURFACE ( 'NONE', #3486, 0.5199999999999970202 ) ;
#625 = ORIENTED_EDGE ( 'NONE', *, *, #4976, .F. ) ;
#626 = ORIENTED_EDGE ( 'NONE', *, *, #4407, .T. ) ;
#627 = LINE ( 'NONE', #2947, #3934 ) ;
#628 = COLOUR_RGB ( '',0.7921568627450980005, 0.8196078431372548767, 0.9333333333333333481 ) ;
#629 = EDGE_CURVE ( 'NONE', #817, #1120, #3725, .T. ) ;
#630 = CARTESIAN_POINT ( 'NONE',  ( -0.0002154568739887398245, 13.65941950360783075, -7.334055259483403866 ) ) ;
#631 = DIRECTION ( 'NONE',  ( -0.000000000000000000, 1.000000000000000000, -0.000000000000000000 ) ) ;
#632 = EDGE_LOOP ( 'NONE', ( #331, #4367, #3160, #3653, #425 ) ) ;
#633 = VERTEX_POINT ( 'NONE', #4109 ) ;
#634 = ORIENTED_EDGE ( 'NONE', *, *, #3433, .F. ) ;
#635 = ADVANCED_FACE ( 'NONE', ( #1740, #131, #3265 ), #4085, .F. ) ;
#636 = LINE ( 'NONE', #3805, #4966 ) ;
#637 = CARTESIAN_POINT ( 'NONE',  ( -7.150215456873968201, -39.88537143330199086, -9.935355259483404922 ) ) ;
#638 = CIRCLE ( 'NONE', #3198, 0.5199999999999992406 ) ;
#639 = CARTESIAN_POINT ( 'NONE',  ( 0.002183553277065063570, -55.66925198007567133, -6.034055259483404043 ) ) ;
#640 = AXIS2_PLACEMENT_3D ( 'NONE', #2120, #3236, #2049 ) ;
#641 = VECTOR ( 'NONE', #2271, 1000.000000000000000 ) ;
#642 = ORIENTED_EDGE ( 'NONE', *, *, #1254, .F. ) ;
#643 = AXIS2_PLACEMENT_3D ( 'NONE', #1707, #4800, #2553 ) ;
#644 = CARTESIAN_POINT ( 'NONE',  ( 3.999999999999998224, -45.00000000000000711, -4.500000000000000000 ) ) ;
#645 = DIRECTION ( 'NONE',  ( -0.000000000000000000, -0.000000000000000000, 1.000000000000000000 ) ) ;
#646 = AXIS2_PLACEMENT_3D ( 'NONE', #4194, #2232, #2650 ) ;
#647 = AXIS2_PLACEMENT_3D ( 'NONE', #1574, #3251, #3150 ) ;
#648 = CARTESIAN_POINT ( 'NONE',  ( 8.404370593113782206, -29.04696708845479591, -7.691097266306716307 ) ) ;
#649 = FACE_OUTER_BOUND ( 'NONE', #3331, .T. ) ;
#650 = CIRCLE ( 'NONE', #1061, 9.099999999999999645 ) ;
#651 = DIRECTION ( 'NONE',  ( 0.000000000000000000, 1.000000000000000000, 0.000000000000000000 ) ) ;
#652 = PLANE ( 'NONE',  #2702 ) ;
#653 = CARTESIAN_POINT ( 'NONE',  ( -1.950215456873982234, -67.37055198007574575, -6.684055259483403511 ) ) ;
#654 = ORIENTED_EDGE ( 'NONE', *, *, #454, .F. ) ;
#655 = VERTEX_POINT ( 'NONE', #4392 ) ;
#656 = LINE ( 'NONE', #2168, #1140 ) ;
#657 = EDGE_CURVE ( 'NONE', #913, #1488, #484, .T. ) ;
#658 = EDGE_CURVE ( 'NONE', #99, #4454, #4499, .T. ) ;
#659 = FACE_OUTER_BOUND ( 'NONE', #55, .T. ) ;
#660 = CARTESIAN_POINT ( 'NONE',  ( -3.250215456873987385, -28.65756530299503879, -9.284055259483404043 ) ) ;
#661 = VERTEX_POINT ( 'NONE', #2878 ) ;
#662 = ORIENTED_EDGE ( 'NONE', *, *, #912, .F. ) ;
#663 = EDGE_CURVE ( 'NONE', #1739, #1094, #892, .T. ) ;
#664 = VERTEX_POINT ( 'NONE', #2490 ) ;
#665 = EDGE_CURVE ( 'NONE', #3577, #1450, #4297, .T. ) ;
#666 = DIRECTION ( 'NONE',  ( 0.000000000000000000, 1.000000000000000000, 0.000000000000000000 ) ) ;
#667 = CARTESIAN_POINT ( 'NONE',  ( -0.0002154568739887398245, 13.65941950360783075, -4.084055259483402089 ) ) ;
#668 = FACE_OUTER_BOUND ( 'NONE', #2637, .T. ) ;
#669 = CARTESIAN_POINT ( 'NONE',  ( 3.249784543126013947, -3.669251980075659780, -9.284055259483404043 ) ) ;
#670 = EDGE_LOOP ( 'NONE', ( #2172, #3680, #1584, #1207, #356 ) ) ;
#671 = FACE_BOUND ( 'NONE', #2607, .T. ) ;
#672 = DIRECTION ( 'NONE',  ( 1.000000000000000000, 0.000000000000000000, 0.000000000000000000 ) ) ;
#673 = EDGE_CURVE ( 'NONE', #2283, #4731, #155, .T. ) ;
#674 = CARTESIAN_POINT ( 'NONE',  ( -3.250215456873989606, 37.93074801992433720, -7.334055259483403866 ) ) ;
#675 = VECTOR ( 'NONE', #4602, 1000.000000000000000 ) ;
#676 = LINE ( 'NONE', #3462, #2616 ) ;
#677 = CARTESIAN_POINT ( 'NONE',  ( -7.800215456873988096, 41.83074801992434999, 4.365944740516595424 ) ) ;
#678 = DIRECTION ( 'NONE',  ( 0.000000000000000000, 0.000000000000000000, 1.000000000000000000 ) ) ;
#679 = FACE_OUTER_BOUND ( 'NONE', #4216, .T. ) ;
#680 = ORIENTED_EDGE ( 'NONE', *, *, #3090, .F. ) ;
#681 = ORIENTED_EDGE ( 'NONE', *, *, #950, .T. ) ;
#682 = DIRECTION ( 'NONE',  ( 3.469446951953614189E-15, -0.000000000000000000, 1.000000000000000000 ) ) ;
#683 = VECTOR ( 'NONE', #895, 1000.000000000000000 ) ;
#684 = DIRECTION ( 'NONE',  ( -1.000000000000000000, -0.000000000000000000, -0.000000000000000000 ) ) ;
#685 = PLANE ( 'NONE',  #3391 ) ;
#686 = ORIENTED_EDGE ( 'NONE', *, *, #3347, .T. ) ;
#687 = VERTEX_POINT ( 'NONE', #3702 ) ;
#688 = ORIENTED_EDGE ( 'NONE', *, *, #2327, .T. ) ;
#689 = EDGE_LOOP ( 'NONE', ( #3925, #4370, #3002, #2353 ) ) ;
#690 = DIRECTION ( 'NONE',  ( -1.000000000000000000, 5.421010862427522170E-17, 0.000000000000000000 ) ) ;
#691 = FACE_OUTER_BOUND ( 'NONE', #4983, .T. ) ;
#692 = FACE_OUTER_BOUND ( 'NONE', #3644, .T. ) ;
#693 = EDGE_CURVE ( 'NONE', #2191, #3292, #2467, .T. ) ;
#694 = ORIENTED_EDGE ( 'NONE', *, *, #4504, .F. ) ;
#695 = CARTESIAN_POINT ( 'NONE',  ( -2.470215456873968041, -37.30948459635396119, 8.265944740516493638 ) ) ;
#696 = VERTEX_POINT ( 'NONE', #2148 ) ;
#697 = ADVANCED_FACE ( 'NONE', ( #3293, #4861 ), #1326, .T. ) ;
#698 = VECTOR ( 'NONE', #3045, 1000.000000000000000 ) ;
#699 = CARTESIAN_POINT ( 'NONE',  ( -3.999999999999999112, -47.04065331551598206, 0.000000000000000000 ) ) ;
#700 = SHAPE_DEFINITION_REPRESENTATION ( #1086, #784 ) ;
#701 = VECTOR ( 'NONE', #2732, 1000.000000000000000 ) ;
#702 = DIRECTION ( 'NONE',  ( -1.000000000000000000, 0.000000000000000000, 0.000000000000000000 ) ) ;
#703 = FACE_OUTER_BOUND ( 'NONE', #2651, .T. ) ;
#704 = FACE_OUTER_BOUND ( 'NONE', #3880, .T. ) ;
#705 = CARTESIAN_POINT ( 'NONE',  ( -7.150215456873968201, -36.16925198007566422, 6.315944740516597378 ) ) ;
#706 = LINE ( 'NONE', #3466, #2336 ) ;
#707 = ADVANCED_FACE ( 'NONE', ( #1762 ), #2928, .F. ) ;
#708 = ORIENTED_EDGE ( 'NONE', *, *, #969, .F. ) ;
#709 = VECTOR ( 'NONE', #1822, 1000.000000000000000 ) ;
#710 = ORIENTED_EDGE ( 'NONE', *, *, #4116, .T. ) ;
#711 = CARTESIAN_POINT ( 'NONE',  ( 8.342482726887187283, 8.554445445279652560, -5.231139991461781769 ) ) ;
#712 = DIRECTION ( 'NONE',  ( 8.896017825522087613E-16, 0.000000000000000000, 1.000000000000000000 ) ) ;
#713 = DIRECTION ( 'NONE',  ( 0.000000000000000000, 1.000000000000000000, 0.000000000000000000 ) ) ;
#714 = VERTEX_POINT ( 'NONE', #2540 ) ;
#715 = DIRECTION ( 'NONE',  ( 1.000000000000000000, 0.000000000000000000, 8.673617379884012792E-16 ) ) ;
#716 = ORIENTED_EDGE ( 'NONE', *, *, #3239, .T. ) ;
#717 = ORIENTED_EDGE ( 'NONE', *, *, #914, .F. ) ;
#718 = CIRCLE ( 'NONE', #2272, 0.5200000000000000178 ) ;
#719 = VERTEX_POINT ( 'NONE', #205 ) ;
#720 = ADVANCED_FACE ( 'NONE', ( #2074 ), #3339, .T. ) ;
#721 = CARTESIAN_POINT ( 'NONE',  ( -2.600215456873987918, -1.405371433301987327, 8.915944740516621891 ) ) ;
#722 = CARTESIAN_POINT ( 'NONE',  ( -0.0002154568739887398245, -36.16925198007566422, -0.1840552594834037048 ) ) ;
#723 = VERTEX_POINT ( 'NONE', #2088 ) ;
#724 = FACE_OUTER_BOUND ( 'NONE', #427, .T. ) ;
#725 = EDGE_CURVE ( 'NONE', #1311, #3440, #3737, .T. ) ;
#726 = ORIENTED_EDGE ( 'NONE', *, *, #1955, .T. ) ;
#727 = DIRECTION ( 'NONE',  ( -0.000000000000000000, -1.000000000000000000, -0.000000000000000000 ) ) ;
#728 = VECTOR ( 'NONE', #4624, 1000.000000000000000 ) ;
#729 = CIRCLE ( 'NONE', #1878, 9.750000000000000000 ) ;
#730 = CARTESIAN_POINT ( 'NONE',  ( 7.799784543126011549, 2.210515403646043264, 8.915944740516586364 ) ) ;
#731 = FACE_OUTER_BOUND ( 'NONE', #4953, .T. ) ;
#732 = CARTESIAN_POINT ( 'NONE',  ( 5.199784543126011016, 41.83204801992434341, -2.134055259483403244 ) ) ;
#733 = DIRECTION ( 'NONE',  ( -0.000000000000000000, 1.000000000000000000, -0.000000000000000000 ) ) ;
#734 = ORIENTED_EDGE ( 'NONE', *, *, #1199, .F. ) ;
#735 = CARTESIAN_POINT ( 'NONE',  ( -0.0002154568740194373556, -38.37845135369775562, -9.935355259483404922 ) ) ;
#736 = DIRECTION ( 'NONE',  ( 0.000000000000000000, 0.000000000000000000, 1.000000000000000000 ) ) ;
#737 = LINE ( 'NONE', #2667, #3636 ) ;
#738 = ORIENTED_EDGE ( 'NONE', *, *, #4782, .F. ) ;
#739 = CARTESIAN_POINT ( 'NONE',  ( -7.690978116205760884, -30.55136430157292438, -4.935591986579668244 ) ) ;
#740 = VERTEX_POINT ( 'NONE', #2890 ) ;
#741 = VERTEX_POINT ( 'NONE', #2989 ) ;
#742 = VERTEX_POINT ( 'NONE', #2138 ) ;
#743 = DIRECTION ( 'NONE',  ( -0.000000000000000000, 1.000000000000000000, -0.000000000000000000 ) ) ;
#744 = EDGE_LOOP ( 'NONE', ( #773, #2518, #1607, #4941 ) ) ;
#745 = CARTESIAN_POINT ( 'NONE',  ( 2.469784543126031462, -37.82948459635397143, -9.935355259483404922 ) ) ;
#746 = ADVANCED_FACE ( 'NONE', ( #983 ), #2161, .F. ) ;
#747 = VERTEX_POINT ( 'NONE', #3691 ) ;
#748 = CARTESIAN_POINT ( 'NONE',  ( 12.34978454312601315, -3.669251980075659780, 3.715944740516587963 ) ) ;
#749 = ADVANCED_FACE ( 'NONE', ( #2529 ), #548, .F. ) ;
#750 = EDGE_CURVE ( 'NONE', #3221, #913, #3868, .T. ) ;
#751 = CYLINDRICAL_SURFACE ( 'NONE', #1595, 0.5199999999999922462 ) ;
#752 = DIRECTION ( 'NONE',  ( -0.000000000000000000, -0.000000000000000000, -1.000000000000000000 ) ) ;
#753 = CARTESIAN_POINT ( 'NONE',  ( -0.0002154568739887398245, 41.83074801992434999, 6.965944740516595068 ) ) ;
#754 = CARTESIAN_POINT ( 'NONE',  ( -0.0002154568739821999441, -6.269251980075659425, -6.684055259483403511 ) ) ;
#755 = ADVANCED_FACE ( 'NONE', ( #2551 ), #3353, .T. ) ;
#756 = EDGE_CURVE ( 'NONE', #1342, #3495, #1171, .T. ) ;
#757 = VERTEX_POINT ( 'NONE', #1364 ) ;
#758 = CARTESIAN_POINT ( 'NONE',  ( 6.327062549644692169, 9.409993698202821832, -6.644041803474658003 ) ) ;
#759 = AXIS2_PLACEMENT_3D ( 'NONE', #2146, #252, #3723 ) ;
#760 = DIRECTION ( 'NONE',  ( -1.000000000000000000, 1.355252715606880543E-16, 0.000000000000000000 ) ) ;
#761 = EDGE_CURVE ( 'NONE', #163, #1973, #1705, .T. ) ;
#762 = DIRECTION ( 'NONE',  ( 0.000000000000000000, 0.000000000000000000, 1.000000000000000000 ) ) ;
#763 = AXIS2_PLACEMENT_3D ( 'NONE', #3651, #3678, #4833 ) ;
#764 = ORIENTED_EDGE ( 'NONE', *, *, #3489, .T. ) ;
#765 = PLANE ( 'NONE',  #2117 ) ;
#766 = EDGE_LOOP ( 'NONE', ( #4751, #407, #432, #3191, #455 ) ) ;
#767 = ORIENTED_EDGE ( 'NONE', *, *, #1865, .T. ) ;
#768 = ORIENTED_EDGE ( 'NONE', *, *, #1667, .T. ) ;
#769 = CIRCLE ( 'NONE', #4054, 3.728357573436369421 ) ;
#770 = DIRECTION ( 'NONE',  ( -0.000000000000000000, -1.000000000000000000, -0.000000000000000000 ) ) ;
#771 = EDGE_CURVE ( 'NONE', #3830, #502, #4897, .T. ) ;
#772 = CIRCLE ( 'NONE', #2571, 0.5199999999999995737 ) ;
#773 = ORIENTED_EDGE ( 'NONE', *, *, #1671, .T. ) ;
#774 = CARTESIAN_POINT ( 'NONE',  ( -2.600215456873987918, -1.405371433301987327, 6.965944740516595068 ) ) ;
#775 = ORIENTED_EDGE ( 'NONE', *, *, #4569, .T. ) ;
#776 = CARTESIAN_POINT ( 'NONE',  ( -7.150215456874085440, -42.66925198007565712, 8.265944740516429690 ) ) ;
#777 = EDGE_CURVE ( 'NONE', #4542, #583, #4711, .T. ) ;
#778 = CIRCLE ( 'NONE', #2751, 0.5200000000000000178 ) ;
#779 = CARTESIAN_POINT ( 'NONE',  ( 2.469784543126031462, -40.40537143330199399, -9.935355259483404922 ) ) ;
#780 = DIRECTION ( 'NONE',  ( 0.000000000000000000, 0.000000000000000000, 1.000000000000000000 ) ) ;
#781 = DIRECTION ( 'NONE',  ( -0.000000000000000000, -0.000000000000000000, 1.000000000000000000 ) ) ;
#782 = DIRECTION ( 'NONE',  ( 0.000000000000000000, -1.000000000000000000, 0.000000000000000000 ) ) ;
#783 = CIRCLE ( 'NONE', #3734, 0.5200000000000000178 ) ;
#784 = ADVANCED_BREP_SHAPE_REPRESENTATION ( 'finger_prototype_v1_scaled', ( #3232, #4918, #4086 ), #1362 ) ;
#785 = CARTESIAN_POINT ( 'NONE',  ( -0.0002154568739887398245, 41.83074801992434999, -0.1840552594834037048 ) ) ;
#786 = DIRECTION ( 'NONE',  ( 0.000000000000000000, 0.000000000000000000, 1.000000000000000000 ) ) ;
#787 = EDGE_LOOP ( 'NONE', ( #1507, #2001, #3449, #1611, #3899, #4785, #2262, #140, #3811, #4604 ) ) ;
#788 = CARTESIAN_POINT ( 'NONE',  ( -1.950215456873964470, -37.30948459635396119, 6.315944740516594713 ) ) ;
#789 = VECTOR ( 'NONE', #4867, 1000.000000000000000 ) ;
#790 = ORIENTED_EDGE ( 'NONE', *, *, #2750, .F. ) ;
#791 = ORIENTED_EDGE ( 'NONE', *, *, #415, .T. ) ;
#792 = ORIENTED_EDGE ( 'NONE', *, *, #138, .F. ) ;
#793 = DIRECTION ( 'NONE',  ( 0.000000000000000000, 0.000000000000000000, 1.000000000000000000 ) ) ;
#794 = AXIS2_PLACEMENT_3D ( 'NONE', #2452, #116, #1678 ) ;
#795 = EDGE_CURVE ( 'NONE', #1920, #5086, #1007, .T. ) ;
#796 = ORIENTED_EDGE ( 'NONE', *, *, #1679, .T. ) ;
#797 = VECTOR ( 'NONE', #4560, 1000.000000000000000 ) ;
#798 = ORIENTED_EDGE ( 'NONE', *, *, #2924, .T. ) ;
#799 = DIRECTION ( 'NONE',  ( 1.000000000000000000, 0.000000000000000000, 0.000000000000000000 ) ) ;
#800 = DIRECTION ( 'NONE',  ( 3.469446951953614189E-15, -0.000000000000000000, 1.000000000000000000 ) ) ;
#801 = DIRECTION ( 'NONE',  ( 0.000000000000000000, -0.000000000000000000, 1.000000000000000000 ) ) ;
#802 = CARTESIAN_POINT ( 'NONE',  ( -2.470215456874004456, -40.92537143330199001, -9.935355259483404922 ) ) ;
#803 = DIRECTION ( 'NONE',  ( -0.000000000000000000, -1.000000000000000000, -0.000000000000000000 ) ) ;
#804 = CIRCLE ( 'NONE', #2201, 1.950000000000001288 ) ;
#805 = AXIS2_PLACEMENT_3D ( 'NONE', #3380, #932, #4171 ) ;
#806 = LINE ( 'NONE', #41, #1586 ) ;
#807 = CARTESIAN_POINT ( 'NONE',  ( -9.516368090665544344, 7.326000928529719403, -3.655850031673399059 ) ) ;
#808 = VECTOR ( 'NONE', #733, 1000.000000000000000 ) ;
#809 = FACE_OUTER_BOUND ( 'NONE', #3029, .T. ) ;
#810 = ORIENTED_EDGE ( 'NONE', *, *, #4694, .F. ) ;
#811 = CARTESIAN_POINT ( 'NONE',  ( -12.19254281633556936, -34.83161731987451049, -1.892694175757599906 ) ) ;
#812 = ORIENTED_EDGE ( 'NONE', *, *, #1792, .T. ) ;
#813 = ORIENTED_EDGE ( 'NONE', *, *, #2416, .T. ) ;
#814 = EDGE_CURVE ( 'NONE', #4184, #3242, #2202, .T. ) ;
#815 = EDGE_LOOP ( 'NONE', ( #2617, #4420, #2662, #3028 ) ) ;
#816 = AXIS2_PLACEMENT_3D ( 'NONE', #2374, #3945, #1987 ) ;
#817 = VERTEX_POINT ( 'NONE', #172 ) ;
#818 = DIRECTION ( 'NONE',  ( -0.000000000000000000, 1.000000000000000000, -0.000000000000000000 ) ) ;
#819 = VECTOR ( 'NONE', #4236, 1000.000000000000000 ) ;
#820 = ORIENTED_EDGE ( 'NONE', *, *, #4880, .F. ) ;
#821 = EDGE_CURVE ( 'NONE', #324, #2559, #2187, .T. ) ;
#822 = CARTESIAN_POINT ( 'NONE',  ( 9.749784543126013503, 41.83204801992433630, 3.715944740516587963 ) ) ;
#823 = AXIS2_PLACEMENT_3D ( 'NONE', #1576, #3103, #3563 ) ;
#824 = ORIENTED_EDGE ( 'NONE', *, *, #2016, .T. ) ;
#825 = CARTESIAN_POINT ( 'NONE',  ( -12.35021545687398792, -3.669251980075659780, -0.1840552594834037048 ) ) ;
#826 = CARTESIAN_POINT ( 'NONE',  ( 10.39978454312601208, 2.830748019924340664, -0.1840552594834037048 ) ) ;
#827 = CARTESIAN_POINT ( 'NONE',  ( 13.00108454312603001, -40.92537143330202554, 8.265944740516710354 ) ) ;
#828 = CARTESIAN_POINT ( 'NONE',  ( 7.149784543126022740, -42.66925198007565712, 6.315944740516609812 ) ) ;
#829 = LINE ( 'NONE', #2762, #1895 ) ;
#830 = ADVANCED_FACE ( 'NONE', ( #2603 ), #1731, .F. ) ;
#831 = CARTESIAN_POINT ( 'NONE',  ( 13.00108454312602468, -39.88537143330198376, 8.265944740516710354 ) ) ;
#832 = CARTESIAN_POINT ( 'NONE',  ( -7.067609327553730836, 9.195869144615322455, -6.255685250383486995 ) ) ;
#833 = PLANE ( 'NONE',  #332 ) ;
#834 = ORIENTED_EDGE ( 'NONE', *, *, #439, .T. ) ;
#835 = DIRECTION ( 'NONE',  ( 0.000000000000000000, 1.000000000000000000, 0.000000000000000000 ) ) ;
#836 = ORIENTED_EDGE ( 'NONE', *, *, #4310, .T. ) ;
#837 = VERTEX_POINT ( 'NONE', #2505 ) ;
#838 = EDGE_CURVE ( 'NONE', #477, #238, #243, .T. ) ;
#839 = EDGE_LOOP ( 'NONE', ( #1357, #2886, #3475, #2950 ) ) ;
#840 = ORIENTED_EDGE ( 'NONE', *, *, #4609, .F. ) ;
#841 = DIRECTION ( 'NONE',  ( -0.000000000000000000, -1.000000000000000000, -0.000000000000000000 ) ) ;
#842 = ORIENTED_EDGE ( 'NONE', *, *, #2099, .T. ) ;
#843 = FACE_OUTER_BOUND ( 'NONE', #355, .T. ) ;
#844 = VERTEX_POINT ( 'NONE', #4565 ) ;
#845 = VECTOR ( 'NONE', #4852, 1000.000000000000000 ) ;
#846 = DIRECTION ( 'NONE',  ( 0.000000000000000000, -0.000000000000000000, 1.000000000000000000 ) ) ;
#847 = EDGE_CURVE ( 'NONE', #2333, #3087, #3305, .T. ) ;
#848 = DIRECTION ( 'NONE',  ( -0.000000000000000000, -1.000000000000000000, -0.000000000000000000 ) ) ;
#849 = ADVANCED_FACE ( 'NONE', ( #649 ), #4645, .F. ) ;
#850 = EDGE_LOOP ( 'NONE', ( #834, #1770, #3803, #4876 ) ) ;
#851 = VECTOR ( 'NONE', #1393, 1000.000000000000000 ) ;
#852 = DIRECTION ( 'NONE',  ( -0.000000000000000000, -1.000000000000000000, 0.000000000000000000 ) ) ;
#853 = CARTESIAN_POINT ( 'NONE',  ( -3.250215456873986497, -6.269251980075661201, -0.1840552594834037048 ) ) ;
#854 = DIRECTION ( 'NONE',  ( -1.000000000000000000, 0.000000000000000000, 0.000000000000000000 ) ) ;
#855 = DIRECTION ( 'NONE',  ( -0.000000000000000000, 1.000000000000000000, -0.000000000000000000 ) ) ;
#856 = DIRECTION ( 'NONE',  ( -0.000000000000000000, -0.000000000000000000, -1.000000000000000000 ) ) ;
#857 = CARTESIAN_POINT ( 'NONE',  ( -10.30465279494995912, 4.820228125112136830, -1.393819755362177393 ) ) ;
#858 = DIRECTION ( 'NONE',  ( -0.000000000000000000, -1.000000000000000000, -0.000000000000000000 ) ) ;
#859 = FACE_OUTER_BOUND ( 'NONE', #1065, .T. ) ;
#860 = LINE ( 'NONE', #2893, #4024 ) ;
#861 = ORIENTED_EDGE ( 'NONE', *, *, #3984, .T. ) ;
#862 = ORIENTED_EDGE ( 'NONE', *, *, #1210, .F. ) ;
#863 = FACE_OUTER_BOUND ( 'NONE', #4423, .T. ) ;
#864 = VECTOR ( 'NONE', #880, 1000.000000000000000 ) ;
#865 = ORIENTED_EDGE ( 'NONE', *, *, #4877, .F. ) ;
#866 = DIRECTION ( 'NONE',  ( 0.000000000000000000, 0.000000000000000000, 1.000000000000000000 ) ) ;
#867 = EDGE_LOOP ( 'NONE', ( #3979, #3864, #3364, #561, #2780, #1127 ) ) ;
#868 = CARTESIAN_POINT ( 'NONE',  ( -2.600215456873987918, 1.690515403646043024, 6.965944740516595068 ) ) ;
#869 = VERTEX_POINT ( 'NONE', #3049 ) ;
#870 = CARTESIAN_POINT ( 'NONE',  ( -1.950215456873964470, -37.30948459635396119, -9.935355259483404922 ) ) ;
#871 = EDGE_CURVE ( 'NONE', #435, #3836, #4618, .T. ) ;
#872 = DIRECTION ( 'NONE',  ( -1.000000000000000000, -1.927470528863134333E-15, 0.000000000000000000 ) ) ;
#873 = EDGE_CURVE ( 'NONE', #1527, #72, #2862, .T. ) ;
#874 = VERTEX_POINT ( 'NONE', #4997 ) ;
#875 = FACE_OUTER_BOUND ( 'NONE', #553, .T. ) ;
#876 = CYLINDRICAL_SURFACE ( 'NONE', #4436, 9.099999999999999645 ) ;
#877 = FACE_OUTER_BOUND ( 'NONE', #542, .T. ) ;
#878 = B_SPLINE_CURVE_WITH_KNOTS ( 'NONE', 3,
 ( #1725, #2524, #1797, #3320, #2106, #4093, #3373, #3708, #4940, #4453, #566, #3683, #3269, #3732, #211, #1408, #4842, #1769, #3299, #1310, #2496, #2935, #4068, #1745, #1356, #2208, #3042, #4249 ),
 .UNSPECIFIED., .F., .F.,
 ( 4, 2, 2, 2, 2, 2, 2, 2, 2, 2, 2, 2, 2, 4 ),
 ( 0.000000000000000000, 0.002271190871807154434, 0.003406786307710731650, 0.004542381743614308867, 0.005677977179517885650, 0.006813572615421463301, 0.009084763487228621204, 0.01022035892313219972, 0.01135595435903577997, 0.01249154979493936023, 0.01362714523084293874, 0.01476274066674651900, 0.01589833610265009925, 0.01816952697445725975 ),
 .UNSPECIFIED. ) ;
#879 = ADVANCED_FACE ( 'NONE', ( #703 ), #3894, .T. ) ;
#880 = DIRECTION ( 'NONE',  ( 0.000000000000000000, 1.000000000000000000, 0.000000000000000000 ) ) ;
#881 = CARTESIAN_POINT ( 'NONE',  ( -1.950215456874002884, -40.40537143330197978, -9.935355259483404922 ) ) ;
#882 = CARTESIAN_POINT ( 'NONE',  ( 13.00108454312607442, -3.319166756933607854, 8.915944740516568601 ) ) ;
#883 = CARTESIAN_POINT ( 'NONE',  ( 6.499784543125937120, -42.15094384760875812, 8.265944740516619760 ) ) ;
#884 = DIRECTION ( 'NONE',  ( 3.469446951953614189E-15, -0.000000000000000000, 1.000000000000000000 ) ) ;
#885 = AXIS2_PLACEMENT_3D ( 'NONE', #3533, #3940, #1570 ) ;
#886 = ORIENTED_EDGE ( 'NONE', *, *, #795, .F. ) ;
#887 = ORIENTED_EDGE ( 'NONE', *, *, #3064, .T. ) ;
#888 = FACE_BOUND ( 'NONE', #276, .T. ) ;
#889 = AXIS2_PLACEMENT_3D ( 'NONE', #965, #4831, #1322 ) ;
#890 = VECTOR ( 'NONE', #4442, 1000.000000000000000 ) ;
#891 = ORIENTED_EDGE ( 'NONE', *, *, #11, .F. ) ;
#892 = LINE ( 'NONE', #4449, #2315 ) ;
#893 = ORIENTED_EDGE ( 'NONE', *, *, #3771, .T. ) ;
#894 = ADVANCED_FACE ( 'NONE', ( #1499 ), #3407, .F. ) ;
#895 = DIRECTION ( 'NONE',  ( 0.000000000000000000, -1.000000000000000000, -0.000000000000000000 ) ) ;
#896 = AXIS2_PLACEMENT_3D ( 'NONE', #4527, #4047, #4584 ) ;
#897 = VERTEX_POINT ( 'NONE', #1143 ) ;
#898 = DIRECTION ( 'NONE',  ( -0.000000000000000000, -1.000000000000000000, -0.000000000000000000 ) ) ;
#899 = VECTOR ( 'NONE', #70, 1000.000000000000000 ) ;
#900 = AXIS2_PLACEMENT_3D ( 'NONE', #1097, #1505, #2692 ) ;
#901 = CARTESIAN_POINT ( 'NONE',  ( 6.636831702065665972, -41.92793833217593402, 8.264138472595734086 ) ) ;
#902 = ORIENTED_EDGE ( 'NONE', *, *, #4939, .F. ) ;
#903 = CARTESIAN_POINT ( 'NONE',  ( -1.950215456873964470, -37.30948459635396119, 8.265944740516500744 ) ) ;
#904 = CARTESIAN_POINT ( 'NONE',  ( 11.69978454312601102, -55.66925198007567133, 3.065944740516618694 ) ) ;
#905 = DIRECTION ( 'NONE',  ( 0.000000000000000000, 0.000000000000000000, 1.000000000000000000 ) ) ;
#906 = EDGE_CURVE ( 'NONE', #2880, #3089, #676, .T. ) ;
#907 = CARTESIAN_POINT ( 'NONE',  ( -2.600215456873987918, -1.925371433301987567, 8.915944740516630773 ) ) ;
#908 = CARTESIAN_POINT ( 'NONE',  ( -6.322404059931193032, 9.411302164278845694, -6.646471902258815234 ) ) ;
#909 = DIRECTION ( 'NONE',  ( 0.000000000000000000, 0.000000000000000000, -1.000000000000000000 ) ) ;
#910 = CARTESIAN_POINT ( 'NONE',  ( 5.199784543126011016, -55.66925198007567133, -2.134055259483403244 ) ) ;
#911 = DIRECTION ( 'NONE',  ( -0.000000000000000000, -0.000000000000000000, 1.000000000000000000 ) ) ;
#912 = EDGE_CURVE ( 'NONE', #1177, #4126, #1297, .T. ) ;
#913 = VERTEX_POINT ( 'NONE', #4257 ) ;
#914 = EDGE_CURVE ( 'NONE', #3889, #1225, #3017, .T. ) ;
#915 = EDGE_LOOP ( 'NONE', ( #3314, #4351, #4657, #5001 ) ) ;
#916 = FACE_OUTER_BOUND ( 'NONE', #4248, .T. ) ;
#917 = ADVANCED_FACE ( 'NONE', ( #731 ), #2295, .F. ) ;
#918 = EDGE_LOOP ( 'NONE', ( #3213, #1893, #1039, #4639 ) ) ;
#919 = DIRECTION ( 'NONE',  ( -0.000000000000000000, -0.000000000000000000, -1.000000000000000000 ) ) ;
#920 = ORIENTED_EDGE ( 'NONE', *, *, #2257, .F. ) ;
#921 = CARTESIAN_POINT ( 'NONE',  ( 8.407722841496989119, -31.25456793417304269, -4.144742848738918184 ) ) ;
#922 = VECTOR ( 'NONE', #4266, 1000.000000000000000 ) ;
#923 = EDGE_CURVE ( 'NONE', #87, #1658, #4670, .T. ) ;
#924 = LINE ( 'NONE', #1619, #3854 ) ;
#925 = DIRECTION ( 'NONE',  ( 0.000000000000000000, 0.000000000000000000, -1.000000000000000000 ) ) ;
#926 = ORIENTED_EDGE ( 'NONE', *, *, #239, .F. ) ;
#927 = AXIS2_PLACEMENT_3D ( 'NONE', #510, #2564, #2520 ) ;
#928 = CARTESIAN_POINT ( 'NONE',  ( -2.600215456873987918, 2.210515403646042820, 6.965944740516595068 ) ) ;
#929 = LINE ( 'NONE', #2011, #2848 ) ;
#930 = EDGE_CURVE ( 'NONE', #4809, #3063, #4281, .T. ) ;
#931 = CYLINDRICAL_SURFACE ( 'NONE', #1601, 6.500000000000000888 ) ;
#932 = DIRECTION ( 'NONE',  ( -0.000000000000000000, -1.000000000000000000, -0.000000000000000000 ) ) ;
#933 = DIRECTION ( 'NONE',  ( 0.000000000000000000, 1.000000000000000000, 0.000000000000000000 ) ) ;
#934 = PLANE ( 'NONE',  #2864 ) ;
#936 = ORIENTED_EDGE ( 'NONE', *, *, #3115, .T. ) ;
#935 = DIRECTION ( 'NONE',  ( 1.000000000000000000, -1.219727444046192488E-16, -3.469446951953614189E-15 ) ) ;
#937 = ORIENTED_EDGE ( 'NONE', *, *, #2004, .T. ) ;
#938 = ORIENTED_EDGE ( 'NONE', *, *, #795, .T. ) ;
#939 = PLANE ( 'NONE',  #640 ) ;
#940 = EDGE_CURVE ( 'NONE', #527, #1560, #2317, .T. ) ;
#941 = AXIS2_PLACEMENT_3D ( 'NONE', #1056, #2238, #617 ) ;
#942 = VECTOR ( 'NONE', #3476, 1000.000000000000000 ) ;
#943 = DIRECTION ( 'NONE',  ( 1.000000000000000000, -0.000000000000000000, 1.387778780781427690E-14 ) ) ;
#944 = ORIENTED_EDGE ( 'NONE', *, *, #593, .F. ) ;
#945 = CARTESIAN_POINT ( 'NONE',  ( -0.0002154568739887398245, -3.669251980075659780, -0.1840552594834037048 ) ) ;
#946 = VECTOR ( 'NONE', #3917, 1000.000000000000000 ) ;
#947 = ORIENTED_EDGE ( 'NONE', *, *, #495, .T. ) ;
#948 = PLANE ( 'NONE',  #3807 ) ;
#949 = CARTESIAN_POINT ( 'NONE',  ( -8.738906840065855164, -31.73568583101993212, -3.682564956874065487 ) ) ;
#950 = EDGE_CURVE ( 'NONE', #4599, #1581, #3510, .T. ) ;
#951 = VECTOR ( 'NONE', #4375, 1000.000000000000000 ) ;
#952 = DIRECTION ( 'NONE',  ( 0.000000000000000000, 0.000000000000000000, 1.000000000000000000 ) ) ;
#953 = ORIENTED_EDGE ( 'NONE', *, *, #2423, .T. ) ;
#954 = CARTESIAN_POINT ( 'NONE',  ( 2.469784543126031462, -37.82948459635397143, 6.315944740516593825 ) ) ;
#955 = CARTESIAN_POINT ( 'NONE',  ( -3.999999999999999112, -45.00000000000000711, 0.000000000000000000 ) ) ;
#956 = TOROIDAL_SURFACE ( 'NONE', #1128, 5.200000000000072120, 3.900000000000000355 ) ;
#957 = CARTESIAN_POINT ( 'NONE',  ( 11.78455834383605350, -32.15493837812902456, -3.347907468401425390 ) ) ;
#958 = DIRECTION ( 'NONE',  ( -0.000000000000000000, -1.000000000000000000, -0.000000000000000000 ) ) ;
#959 = FACE_BOUND ( 'NONE', #1176, .T. ) ;
#960 = CARTESIAN_POINT ( 'NONE',  ( -3.999999999999999112, -45.00000000000000711, 0.5000000000000004441 ) ) ;
#962 = VERTEX_POINT ( 'NONE', #2242 ) ;
#961 = CARTESIAN_POINT ( 'NONE',  ( 7.149784543126032510, -40.92537143330197580, 8.225159797092567615 ) ) ;
#963 = VERTEX_POINT ( 'NONE', #1937 ) ;
#964 = EDGE_LOOP ( 'NONE', ( #1426, #2773, #3551, #1222 ) ) ;
#965 = CARTESIAN_POINT ( 'NONE',  ( -2.600215456873987918, 1.690515403646043024, 8.915944740516621891 ) ) ;
#966 = DIRECTION ( 'NONE',  ( 1.000000000000000000, 0.000000000000000000, 0.000000000000000000 ) ) ;
#967 = ORIENTED_EDGE ( 'NONE', *, *, #1172, .T. ) ;
#968 = CARTESIAN_POINT ( 'NONE',  ( 6.116831702065666398, -41.79916675693360872, -9.935355259483404922 ) ) ;
#969 = EDGE_CURVE ( 'NONE', #4832, #1094, #5070, .T. ) ;
#970 = AXIS2_PLACEMENT_3D ( 'NONE', #735, #2058, #1894 ) ;
#971 = ORIENTED_EDGE ( 'NONE', *, *, #1955, .F. ) ;
#972 = AXIS2_PLACEMENT_3D ( 'NONE', #2756, #34, #1594 ) ;
#973 = CARTESIAN_POINT ( 'NONE',  ( 5.714364413035459833, -29.70824022870680636, -6.203928488619302684 ) ) ;
#974 = CARTESIAN_POINT ( 'NONE',  ( -9.073563289220947681, -32.49284325420043018, -3.091618367338692330 ) ) ;
#975 = ADVANCED_FACE ( 'NONE', ( #1060 ), #3789, .T. ) ;
#976 = EDGE_CURVE ( 'NONE', #993, #4577, #4201, .T. ) ;
#977 = CARTESIAN_POINT ( 'NONE',  ( -0.0002154568739888239044, 2.210515403646042820, 6.965944740516595068 ) ) ;
#978 = ORIENTED_EDGE ( 'NONE', *, *, #4402, .F. ) ;
#979 = FACE_OUTER_BOUND ( 'NONE', #3677, .T. ) ;
#980 = CIRCLE ( 'NONE', #3043, 0.5199999999999970202 ) ;
#981 = CIRCLE ( 'NONE', #3460, 3.250000000000000444 ) ;
#982 = DIRECTION ( 'NONE',  ( -0.000000000000000000, -1.000000000000000000, -0.000000000000000000 ) ) ;
#983 = FACE_OUTER_BOUND ( 'NONE', #3288, .T. ) ;
#984 = LINE ( 'NONE', #4307, #306 ) ;
#985 = DIRECTION ( 'NONE',  ( 1.000000000000000000, 0.000000000000000000, 0.000000000000000000 ) ) ;
#986 = DIRECTION ( 'NONE',  ( -0.000000000000000000, -0.000000000000000000, -1.000000000000000000 ) ) ;
#987 = EDGE_CURVE ( 'NONE', #962, #4126, #2033, .T. ) ;
#988 = VERTEX_POINT ( 'NONE', #3176 ) ;
#989 = ORIENTED_EDGE ( 'NONE', *, *, #3587, .T. ) ;
#990 = CARTESIAN_POINT ( 'NONE',  ( -7.150215456873968201, -42.66925198007565712, 6.315944740516597378 ) ) ;
#991 = CARTESIAN_POINT ( 'NONE',  ( 0.002183553277065063570, -58.32210129024644374, -2.305697686047035067 ) ) ;
#992 = VERTEX_POINT ( 'NONE', #4744 ) ;
#993 = VERTEX_POINT ( 'NONE', #1964 ) ;
#994 = ORIENTED_EDGE ( 'NONE', *, *, #2503, .F. ) ;
#995 = DIRECTION ( 'NONE',  ( 1.000000000000000000, 0.000000000000000000, 0.000000000000000000 ) ) ;
#996 = DIRECTION ( 'NONE',  ( 1.000000000000000000, 0.000000000000000000, 0.000000000000000000 ) ) ;
#997 = DIRECTION ( 'NONE',  ( -8.673617379884012792E-16, 0.000000000000000000, 1.000000000000000000 ) ) ;
#998 = CYLINDRICAL_SURFACE ( 'NONE', #2514, 3.900000000000000355 ) ;
#999 = VECTOR ( 'NONE', #4495, 1000.000000000000000 ) ;
#1000 = EDGE_LOOP ( 'NONE', ( #1593, #1067, #2694, #4450 ) ) ;
#1001 = VECTOR ( 'NONE', #4853, 1000.000000000000000 ) ;
#1002 = PLANE ( 'NONE',  #2090 ) ;
#1003 = DIRECTION ( 'NONE',  ( 0.000000000000000000, 1.000000000000000000, 0.000000000000000000 ) ) ;
#1004 = EDGE_CURVE ( 'NONE', #4468, #4342, #3200, .T. ) ;
#1005 = VECTOR ( 'NONE', #2078, 1000.000000000000000 ) ;
#1006 = DIRECTION ( 'NONE',  ( 1.000000000000000000, 0.000000000000000000, 0.000000000000000000 ) ) ;
#1007 = LINE ( 'NONE', #2578, #1714 ) ;
#1008 = PLANE ( 'NONE',  #462 ) ;
#1009 = DIRECTION ( 'NONE',  ( 1.000000000000000000, 0.000000000000000000, 0.000000000000000000 ) ) ;
#1010 = DIRECTION ( 'NONE',  ( 0.000000000000000000, 0.000000000000000000, -1.000000000000000000 ) ) ;
#1011 = EDGE_LOOP ( 'NONE', ( #4261, #4221, #3321, #4012 ) ) ;
#1012 = ADVANCED_FACE ( 'NONE', ( #3918 ), #2833, .F. ) ;
#1013 = VECTOR ( 'NONE', #2051, 1000.000000000000000 ) ;
#1014 = ORIENTED_EDGE ( 'NONE', *, *, #4215, .T. ) ;
#1015 = DIRECTION ( 'NONE',  ( 1.000000000000000000, -0.000000000000000000, 1.387778780781427690E-14 ) ) ;
#1016 = AXIS2_PLACEMENT_3D ( 'NONE', #3846, #1890, #2274 ) ;
#1017 = CARTESIAN_POINT ( 'NONE',  ( -7.800215456873988096, 2.830748019924340664, -0.1840552594834037048 ) ) ;
#1018 = CARTESIAN_POINT ( 'NONE',  ( 4.020136203415989762, 10.71958151626404288, -9.911086049424801203 ) ) ;
#1019 = EDGE_LOOP ( 'NONE', ( #2115, #3010, #177, #3903 ) ) ;
#1020 = ORIENTED_EDGE ( 'NONE', *, *, #179, .F. ) ;
#1021 = ORIENTED_EDGE ( 'NONE', *, *, #546, .F. ) ;
#1022 = UNCERTAINTY_MEASURE_WITH_UNIT (LENGTH_MEASURE( 1.000000000000000082E-05 ), #2157, 'distance_accuracy_value', 'NONE');
#1023 = LINE ( 'NONE', #3753, #1596 ) ;
#1024 = CARTESIAN_POINT ( 'NONE',  ( -7.150215456873968201, -40.92537143330197580, 8.225159797092391756 ) ) ;
#1025 = AXIS2_PLACEMENT_3D ( 'NONE', #1621, #2858, #569 ) ;
#1026 = DIRECTION ( 'NONE',  ( -0.000000000000000000, -1.000000000000000000, -0.000000000000000000 ) ) ;
#1027 = VERTEX_POINT ( 'NONE', #441 ) ;
#1028 = AXIS2_PLACEMENT_3D ( 'NONE', #7, #4299, #3628 ) ;
#1029 = FACE_OUTER_BOUND ( 'NONE', #2516, .T. ) ;
#1030 = ADVANCED_FACE ( 'NONE', ( #1284 ), #4792, .F. ) ;
#1031 = EDGE_CURVE ( 'NONE', #4832, #1581, #3561, .T. ) ;
#1032 = FACE_OUTER_BOUND ( 'NONE', #2364, .T. ) ;
#1033 = DIRECTION ( 'NONE',  ( 1.927470528863118950E-15, -1.000000000000000000, 0.000000000000000000 ) ) ;
#1034 = CARTESIAN_POINT ( 'NONE',  ( 9.749784543126013503, 41.83204801992433630, -0.1840552594834037048 ) ) ;
#1035 = CARTESIAN_POINT ( 'NONE',  ( 13.00108454312607442, -1.925371433301989343, 8.915944740516568601 ) ) ;
#1036 = DIRECTION ( 'NONE',  ( -1.000000000000000000, -1.927470528863118950E-15, 3.154042683594197093E-16 ) ) ;
#1037 = VERTEX_POINT ( 'NONE', #2425 ) ;
#1038 = ADVANCED_FACE ( 'NONE', ( #4306 ), #876, .T. ) ;
#1039 = ORIENTED_EDGE ( 'NONE', *, *, #3059, .T. ) ;
#1040 = PLANE ( 'NONE',  #1789 ) ;
#1041 = CARTESIAN_POINT ( 'NONE',  ( 13.00108454312607797, 2.830748019924340664, 9.565944740516551192 ) ) ;
#1042 = CARTESIAN_POINT ( 'NONE',  ( 8.932404278722401614, 10.10772536704762459, -8.115533599827143618 ) ) ;
#1043 = ORIENTED_EDGE ( 'NONE', *, *, #5, .F. ) ;
#1044 = ORIENTED_EDGE ( 'NONE', *, *, #2598, .T. ) ;
#1045 = ORIENTED_EDGE ( 'NONE', *, *, #3867, .T. ) ;
#1046 = DIRECTION ( 'NONE',  ( -1.000000000000000000, 0.000000000000000000, 0.000000000000000000 ) ) ;
#1047 = DIRECTION ( 'NONE',  ( -0.000000000000000000, 1.000000000000000000, -0.000000000000000000 ) ) ;
#1048 = DIRECTION ( 'NONE',  ( 3.469446951953632333E-15, 0.000000000000000000, 1.000000000000000000 ) ) ;
#1049 = ADVANCED_FACE ( 'NONE', ( #37 ), #2624, .T. ) ;
#1050 = AXIS2_PLACEMENT_3D ( 'NONE', #1209, #2684, #2781 ) ;
#1051 = FACE_OUTER_BOUND ( 'NONE', #3270, .T. ) ;
#1052 = CIRCLE ( 'NONE', #3527, 2.600000000000002309 ) ;
#1053 = AXIS2_PLACEMENT_3D ( 'NONE', #4146, #1316, #2111 ) ;
#1054 = ORIENTED_EDGE ( 'NONE', *, *, #693, .T. ) ;
#1055 = CIRCLE ( 'NONE', #3118, 0.5200000000000035705 ) ;
#1056 = CARTESIAN_POINT ( 'NONE',  ( 13.00108454312600692, -4.322084075433611616, -14.04756827082426085 ) ) ;
#1057 = CARTESIAN_POINT ( 'NONE',  ( -3.250215456873986497, -26.86110827738353635, -6.684055259483403511 ) ) ;
#1058 = VECTOR ( 'NONE', #966, 1000.000000000000000 ) ;
#1059 = CARTESIAN_POINT ( 'NONE',  ( -5.200215456873987563, -55.66925198007567133, -2.134055259483403244 ) ) ;
#1060 = FACE_OUTER_BOUND ( 'NONE', #766, .T. ) ;
#1061 = AXIS2_PLACEMENT_3D ( 'NONE', #2258, #3804, #1972 ) ;
#1062 = LINE ( 'NONE', #1861, #3997 ) ;
#1063 = CARTESIAN_POINT ( 'NONE',  ( -0.0002154568739887398245, -36.78948459635396517, -9.935355259483404922 ) ) ;
#1064 = DIRECTION ( 'NONE',  ( -0.000000000000000000, -0.000000000000000000, -1.000000000000000000 ) ) ;
#1065 = EDGE_LOOP ( 'NONE', ( #2993, #328, #1511, #2107 ) ) ;
#1066 = VECTOR ( 'NONE', #4100, 1000.000000000000000 ) ;
#1067 = ORIENTED_EDGE ( 'NONE', *, *, #3450, .T. ) ;
#1068 = CARTESIAN_POINT ( 'NONE',  ( -9.750215456873965181, -3.669251980075661113, 3.715944740516637257 ) ) ;
#1069 = VECTOR ( 'NONE', #803, 1000.000000000000000 ) ;
#1070 = CARTESIAN_POINT ( 'NONE',  ( 9.749784543126013503, -3.669251980075661113, -0.1840552594834037048 ) ) ;
#1071 = FACE_OUTER_BOUND ( 'NONE', #1231, .T. ) ;
#1072 = ORIENTED_EDGE ( 'NONE', *, *, #923, .T. ) ;
#1073 = ADVANCED_FACE ( 'NONE', ( #2807 ), #1622, .F. ) ;
#1074 = VERTEX_POINT ( 'NONE', #1677 ) ;
#1075 = ORIENTED_EDGE ( 'NONE', *, *, #725, .F. ) ;
#1076 = ORIENTED_EDGE ( 'NONE', *, *, #4643, .F. ) ;
#1077 = EDGE_CURVE ( 'NONE', #3190, #156, #2, .T. ) ;
#1078 = DIRECTION ( 'NONE',  ( -1.000000000000000000, -2.668805347656619381E-14, -1.334402673828309691E-14 ) ) ;
#1079 = LINE ( 'NONE', #1849, #1429 ) ;
#1080 = CARTESIAN_POINT ( 'NONE',  ( 3.249784543126012171, 37.93074801992433720, -7.334055259483403866 ) ) ;
#1081 = ORIENTED_EDGE ( 'NONE', *, *, #4289, .F. ) ;
#1082 = DIRECTION ( 'NONE',  ( 0.000000000000000000, 1.000000000000000000, 0.000000000000000000 ) ) ;
#1083 = ORIENTED_EDGE ( 'NONE', *, *, #2371, .T. ) ;
#1084 = EDGE_CURVE ( 'NONE', #897, #2068, #2760, .T. ) ;
#1085 = FACE_OUTER_BOUND ( 'NONE', #4705, .T. ) ;
#1086 = PRODUCT_DEFINITION_SHAPE ( 'NONE', 'NONE',  #2396 ) ;
#1087 = CARTESIAN_POINT ( 'NONE',  ( 8.681955674340972706, -29.11664086884102076, -7.492458499092185420 ) ) ;
#1088 = DIRECTION ( 'NONE',  ( -1.387778780781427690E-14, -0.000000000000000000, 1.000000000000000000 ) ) ;
#1089 = DIRECTION ( 'NONE',  ( 0.000000000000000000, 0.000000000000000000, 1.000000000000000000 ) ) ;
#1090 = CARTESIAN_POINT ( 'NONE',  ( 13.00108454312607442, 1.170515403646045227, 8.915944740516568601 ) ) ;
#1091 = CARTESIAN_POINT ( 'NONE',  ( 6.023322417162247255, -39.41845135369774056, -9.935355259483404922 ) ) ;
#1092 = ORIENTED_EDGE ( 'NONE', *, *, #1666, .T. ) ;
#1093 = ADVANCED_FACE ( 'NONE', ( #3539 ), #4380, .F. ) ;
#1094 = VERTEX_POINT ( 'NONE', #1235 ) ;
#1095 = CARTESIAN_POINT ( 'NONE',  ( 10.03422133767580071, 6.153252155170640947, -2.473518376094921312 ) ) ;
#1096 = AXIS2_PLACEMENT_3D ( 'NONE', #444, #349, #3949 ) ;
#1097 = CARTESIAN_POINT ( 'NONE',  ( 2.469784543126031462, -40.40537143330199399, 6.315944740516594713 ) ) ;
#1098 = DIRECTION ( 'NONE',  ( -0.000000000000000000, -0.000000000000000000, -1.000000000000000000 ) ) ;
#1099 = ORIENTED_EDGE ( 'NONE', *, *, #4417, .F. ) ;
#1100 = DIRECTION ( 'NONE',  ( 0.000000000000000000, 0.000000000000000000, -1.000000000000000000 ) ) ;
#1101 = ORIENTED_EDGE ( 'NONE', *, *, #1298, .F. ) ;
#1102 = ORIENTED_EDGE ( 'NONE', *, *, #3115, .F. ) ;
#1103 = ADVANCED_FACE ( 'NONE', ( #15 ), #89, .F. ) ;
#1104 = ORIENTED_EDGE ( 'NONE', *, *, #1189, .T. ) ;
#1105 = DIRECTION ( 'NONE',  ( -0.000000000000000000, -0.000000000000000000, -1.000000000000000000 ) ) ;
#1106 = LINE ( 'NONE', #1515, #4317 ) ;
#1107 = CARTESIAN_POINT ( 'NONE',  ( 2.599784543126012260, -0.8853714333019869764, 8.915944740516602351 ) ) ;
#1108 = ORIENTED_EDGE ( 'NONE', *, *, #1276, .T. ) ;
#1109 = FACE_OUTER_BOUND ( 'NONE', #4858, .T. ) ;
#1110 = ORIENTED_EDGE ( 'NONE', *, *, #323, .F. ) ;
#1111 = ADVANCED_FACE ( 'NONE', ( #3223 ), #115, .F. ) ;
#1112 = CIRCLE ( 'NONE', #4232, 0.5200000000000000178 ) ;
#1113 = CARTESIAN_POINT ( 'NONE',  ( 2.469784543126031462, -37.30948459635397541, 6.315944740516594713 ) ) ;
#1114 = VECTOR ( 'NONE', #4870, 1000.000000000000000 ) ;
#1115 = LINE ( 'NONE', #2345, #946 ) ;
#1116 = DIRECTION ( 'NONE',  ( 0.000000000000000000, 0.000000000000000000, -1.000000000000000000 ) ) ;
#1117 = CARTESIAN_POINT ( 'NONE',  ( 7.149784543126032510, -3.669251980075659780, 8.915944740516588141 ) ) ;
#1118 = DIRECTION ( 'NONE',  ( 3.469446951953632727E-15, 0.000000000000000000, 1.000000000000000000 ) ) ;
#1119 = CIRCLE ( 'NONE', #1768, 0.5199999999999995737 ) ;
#1120 = VERTEX_POINT ( 'NONE', #4821 ) ;
#1121 = CARTESIAN_POINT ( 'NONE',  ( -3.250215456873986497, -29.46110827738353777, -6.684055259483403511 ) ) ;
#1122 = CARTESIAN_POINT ( 'NONE',  ( 3.249784543126013947, -36.16925198007566422, -9.284055259483404043 ) ) ;
#1123 = DIRECTION ( 'NONE',  ( 0.000000000000000000, 0.000000000000000000, -1.000000000000000000 ) ) ;
#1124 = ORIENTED_EDGE ( 'NONE', *, *, #3809, .T. ) ;
#1125 = CARTESIAN_POINT ( 'NONE',  ( -3.250215456873986497, -26.86110827738353635, -0.1840552594834037048 ) ) ;
#1126 = ORIENTED_EDGE ( 'NONE', *, *, #4284, .F. ) ;
#1127 = ORIENTED_EDGE ( 'NONE', *, *, #593, .T. ) ;
#1128 = AXIS2_PLACEMENT_3D ( 'NONE', #1988, #3946, #1888 ) ;
#1129 = ORIENTED_EDGE ( 'NONE', *, *, #186, .F. ) ;
#1130 = AXIS2_PLACEMENT_3D ( 'NONE', #2629, #1003, #190 ) ;
#1131 = ADVANCED_FACE ( 'NONE', ( #4718 ), #1766, .F. ) ;
#1132 = LINE ( 'NONE', #3369, #3168 ) ;
#1133 = VERTEX_POINT ( 'NONE', #1795 ) ;
#1134 = DIRECTION ( 'NONE',  ( -0.000000000000000000, -1.000000000000000000, -0.000000000000000000 ) ) ;
#1135 = ORIENTED_EDGE ( 'NONE', *, *, #3038, .T. ) ;
#1136 = CARTESIAN_POINT ( 'NONE',  ( -0.0002154568739892554711, -1.925371433301987567, 6.965944740516595068 ) ) ;
#1137 = VECTOR ( 'NONE', #4136, 1000.000000000000000 ) ;
#1138 = ADVANCED_FACE ( 'NONE', ( #284 ), #3343, .F. ) ;
#1139 = ADVANCED_FACE ( 'NONE', ( #2859 ), #1819, .F. ) ;
#1140 = VECTOR ( 'NONE', #1812, 1000.000000000000000 ) ;
#1141 = VECTOR ( 'NONE', #3845, 1000.000000000000000 ) ;
#1142 = LINE ( 'NONE', #5044, #701 ) ;
#1143 = CARTESIAN_POINT ( 'NONE',  ( -7.150215456873968201, -42.66925198007565712, 6.315944740516597378 ) ) ;
#1144 = CARTESIAN_POINT ( 'NONE',  ( -3.250215456873989606, 41.83074801992434999, -7.334055259483403866 ) ) ;
#1145 = DIRECTION ( 'NONE',  ( -0.000000000000000000, 1.000000000000000000, -0.000000000000000000 ) ) ;
#1146 = EDGE_LOOP ( 'NONE', ( #3913, #3622, #2276, #4272 ) ) ;
#1147 = CARTESIAN_POINT ( 'NONE',  ( 3.249784543126012171, 9.759419503607833946, -7.334055259483403866 ) ) ;
#1148 = EDGE_CURVE ( 'NONE', #993, #3244, #1555, .T. ) ;
#1149 = DIRECTION ( 'NONE',  ( 0.000000000000000000, 0.000000000000000000, 1.000000000000000000 ) ) ;
#1150 = DIRECTION ( 'NONE',  ( -0.000000000000000000, 1.000000000000000000, -0.000000000000000000 ) ) ;
#1151 = VERTEX_POINT ( 'NONE', #2622 ) ;
#1152 = DIRECTION ( 'NONE',  ( 3.469446951953632727E-15, 0.000000000000000000, 1.000000000000000000 ) ) ;
#1153 = ORIENTED_EDGE ( 'NONE', *, *, #3291, .T. ) ;
#1154 = ORIENTED_EDGE ( 'NONE', *, *, #3394, .F. ) ;
#1155 = CIRCLE ( 'NONE', #3536, 0.5200000000000004619 ) ;
#1156 = ORIENTED_EDGE ( 'NONE', *, *, #4253, .T. ) ;
#1157 = CARTESIAN_POINT ( 'NONE',  ( 7.799784543126011549, 41.83074801992434999, 9.565944740516595601 ) ) ;
#1158 = VERTEX_POINT ( 'NONE', #3396 ) ;
#1159 = FACE_OUTER_BOUND ( 'NONE', #3346, .T. ) ;
#1160 = ORIENTED_EDGE ( 'NONE', *, *, #1572, .F. ) ;
#1161 = DIRECTION ( 'NONE',  ( 0.000000000000000000, 0.000000000000000000, -1.000000000000000000 ) ) ;
#1162 = FACE_OUTER_BOUND ( 'NONE', #3724, .T. ) ;
#1163 = CARTESIAN_POINT ( 'NONE',  ( -2.600215456873987918, 2.210515403646042820, 9.567244740516594348 ) ) ;
#1164 = DIRECTION ( 'NONE',  ( -1.000000000000000000, -0.000000000000000000, -0.000000000000000000 ) ) ;
#1165 = PLANE ( 'NONE',  #2879 ) ;
#1166 = ORIENTED_EDGE ( 'NONE', *, *, #950, .F. ) ;
#1167 = LINE ( 'NONE', #2446, #2939 ) ;
#1168 = VECTOR ( 'NONE', #1262, 1000.000000000000000 ) ;
#1169 = CYLINDRICAL_SURFACE ( 'NONE', #1829, 3.250000000000000444 ) ;
#1170 = CARTESIAN_POINT ( 'NONE',  ( 9.749784543126013503, -3.669251980075659780, 3.715944740516587963 ) ) ;
#1171 = CIRCLE ( 'NONE', #1661, 3.728357573436369421 ) ;
#1172 = EDGE_CURVE ( 'NONE', #5056, #3457, #4219, .T. ) ;
#1173 = ORIENTED_EDGE ( 'NONE', *, *, #482, .F. ) ;
#1174 = CARTESIAN_POINT ( 'NONE',  ( -9.550173108709767433, -35.18169984501179215, -1.793780481412600158 ) ) ;
#1175 = EDGE_LOOP ( 'NONE', ( #4290, #5059, #3385, #716, #3952, #1898, #3503, #429, #2536, #862, #3474, #50, #2408, #4130, #1693, #531, #3480, #2726, #5034, #937, #978, #4878 ) ) ;
#1176 = EDGE_LOOP ( 'NONE', ( #4605, #1864, #3794, #1656 ) ) ;
#1177 = VERTEX_POINT ( 'NONE', #1024 ) ;
#1178 = CIRCLE ( 'NONE', #3316, 6.500000000000000888 ) ;
#1179 = DIRECTION ( 'NONE',  ( -0.000000000000000000, -0.000000000000000000, 1.000000000000000000 ) ) ;
#1180 = VECTOR ( 'NONE', #5061, 1000.000000000000000 ) ;
#1181 = ORIENTED_EDGE ( 'NONE', *, *, #1542, .T. ) ;
#1182 = DIRECTION ( 'NONE',  ( 1.000000000000000000, -8.685126052486213574E-17, 0.000000000000000000 ) ) ;
#1183 = ORIENTED_EDGE ( 'NONE', *, *, #1853, .F. ) ;
#1184 = DIRECTION ( 'NONE',  ( 1.000000000000000000, 0.000000000000000000, 0.000000000000000000 ) ) ;
#1185 = AXIS2_PLACEMENT_3D ( 'NONE', #3860, #335, #232 ) ;
#1186 = CARTESIAN_POINT ( 'NONE',  ( -3.250215456873986497, -6.269251980075659425, -6.684055259483403511 ) ) ;
#1187 = CARTESIAN_POINT ( 'NONE',  ( -3.250215456873986497, -36.16925198007566422, -0.1840552594834037048 ) ) ;
#1188 = CARTESIAN_POINT ( 'NONE',  ( 7.799784543126011549, -3.669251980075659780, -0.1840552594834037048 ) ) ;
#1189 = EDGE_CURVE ( 'NONE', #1151, #696, #1381, .T. ) ;
#1190 = CARTESIAN_POINT ( 'NONE',  ( -11.70021545687398756, -55.66925198007567133, -8.634055259483403688 ) ) ;
#1191 = FACE_OUTER_BOUND ( 'NONE', #68, .T. ) ;
#1192 = DIRECTION ( 'NONE',  ( 0.000000000000000000, 0.000000000000000000, 1.000000000000000000 ) ) ;
#1193 = LINE ( 'NONE', #4245, #4764 ) ;
#1194 = ORIENTED_EDGE ( 'NONE', *, *, #3590, .F. ) ;
#1195 = CARTESIAN_POINT ( 'NONE',  ( -11.78297060922692907, -32.14766651094372207, -3.353436491992267232 ) ) ;
#1196 = VECTOR ( 'NONE', #1205, 1000.000000000000000 ) ;
#1197 = ORIENTED_EDGE ( 'NONE', *, *, #4396, .T. ) ;
#1198 = ORIENTED_EDGE ( 'NONE', *, *, #1884, .F. ) ;
#1199 = EDGE_CURVE ( 'NONE', #4531, #4830, #2980, .T. ) ;
#1200 = ORIENTED_EDGE ( 'NONE', *, *, #3079, .T. ) ;
#1201 = EDGE_LOOP ( 'NONE', ( #4277, #967, #2930, #3427 ) ) ;
#1202 = DIRECTION ( 'NONE',  ( 0.000000000000000000, 0.000000000000000000, 1.000000000000000000 ) ) ;
#1203 = CIRCLE ( 'NONE', #3588, 11.70000000000007212 ) ;
#1204 = VERTEX_POINT ( 'NONE', #1080 ) ;
#1205 = DIRECTION ( 'NONE',  ( -0.000000000000000000, -0.000000000000000000, -1.000000000000000000 ) ) ;
#1206 = VECTOR ( 'NONE', #672, 1000.000000000000000 ) ;
#1207 = ORIENTED_EDGE ( 'NONE', *, *, #1729, .F. ) ;
#1208 = ADVANCED_FACE ( 'NONE', ( #668 ), #2475, .T. ) ;
#1209 = CARTESIAN_POINT ( 'NONE',  ( -0.0002154568739887398245, -67.37055198007574575, -7.334055259483403866 ) ) ;
#1210 = EDGE_CURVE ( 'NONE', #4579, #163, #1720, .T. ) ;
#1211 = DIRECTION ( 'NONE',  ( -0.000000000000000000, -0.000000000000000000, -1.000000000000000000 ) ) ;
#1212 = CARTESIAN_POINT ( 'NONE',  ( -3.250215456873989606, 13.65941950360783430, -0.8340552594834044209 ) ) ;
#1213 = DIRECTION ( 'NONE',  ( 0.000000000000000000, 1.000000000000000000, 0.000000000000000000 ) ) ;
#1214 = CARTESIAN_POINT ( 'NONE',  ( -7.800215456873988096, 2.830748019924340664, 4.365944740516595424 ) ) ;
#1215 = VECTOR ( 'NONE', #1909, 1000.000000000000000 ) ;
#1216 = DIRECTION ( 'NONE',  ( 0.000000000000000000, -0.000000000000000000, -1.000000000000000000 ) ) ;
#1217 = DIRECTION ( 'NONE',  ( -0.000000000000000000, -0.000000000000000000, -1.000000000000000000 ) ) ;
#1218 = DIRECTION ( 'NONE',  ( -1.000000000000000000, 0.000000000000000000, 3.336006684570779749E-15 ) ) ;
#1219 = VERTEX_POINT ( 'NONE', #4989 ) ;
#1220 = PLANE ( 'NONE',  #3760 ) ;
#1221 = VERTEX_POINT ( 'NONE', #1433 ) ;
#1222 = ORIENTED_EDGE ( 'NONE', *, *, #73, .T. ) ;
#1223 = ORIENTED_EDGE ( 'NONE', *, *, #40, .F. ) ;
#1224 = EDGE_CURVE ( 'NONE', #2395, #2068, #1850, .T. ) ;
#1225 = VERTEX_POINT ( 'NONE', #3037 ) ;
#1226 = CARTESIAN_POINT ( 'NONE',  ( 7.149784543126022740, -42.66925198007565712, 6.315944740516609812 ) ) ;
#1227 = CIRCLE ( 'NONE', #4927, 6.500000000000000888 ) ;
#1228 = ADVANCED_FACE ( 'NONE', ( #692 ), #3453, .F. ) ;
#1229 = ORIENTED_EDGE ( 'NONE', *, *, #1782, .F. ) ;
#1230 = CARTESIAN_POINT ( 'NONE',  ( -1.950215456874002884, -40.40537143330197978, 6.315944740516594713 ) ) ;
#1231 = EDGE_LOOP ( 'NONE', ( #2252, #2653, #5007, #1293 ) ) ;
#1232 = LINE ( 'NONE', #3657, #5074 ) ;
#1233 = EDGE_CURVE ( 'NONE', #992, #4292, #4963, .T. ) ;
#1234 = LINE ( 'NONE', #3274, #287 ) ;
#1235 = CARTESIAN_POINT ( 'NONE',  ( -2.600215456873987918, -0.8853714333019864213, 6.965944740516595068 ) ) ;
#1236 = DIRECTION ( 'NONE',  ( 0.000000000000000000, 0.000000000000000000, -1.000000000000000000 ) ) ;
#1237 = CARTESIAN_POINT ( 'NONE',  ( -7.800215456873988096, 2.210515403646043264, 6.965944740516595068 ) ) ;
#1238 = LINE ( 'NONE', #3566, #1409 ) ;
#1239 = CARTESIAN_POINT ( 'NONE',  ( 7.149784543126022740, -36.16925198007566422, 6.315944740516590272 ) ) ;
#1240 = DIRECTION ( 'NONE',  ( 1.000000000000000000, -7.449190748550659901E-16, -3.154042683594197093E-16 ) ) ;
#1241 = DIRECTION ( 'NONE',  ( 0.000000000000000000, 0.000000000000000000, 1.000000000000000000 ) ) ;
#1242 = ORIENTED_EDGE ( 'NONE', *, *, #289, .T. ) ;
#1243 = EDGE_LOOP ( 'NONE', ( #154, #378, #4061, #1957 ) ) ;
#1244 = CARTESIAN_POINT ( 'NONE',  ( 13.00108454312607442, -2.279166756933607818, 8.915944740516568601 ) ) ;
#1245 = AXIS2_PLACEMENT_3D ( 'NONE', #2071, #4390, #2819 ) ;
#1246 = VERTEX_POINT ( 'NONE', #5015 ) ;
#1247 = DIRECTION ( 'NONE',  ( -0.000000000000000000, 1.000000000000000000, -0.000000000000000000 ) ) ;
#1248 = EDGE_CURVE ( 'NONE', #3146, #3577, #4433, .T. ) ;
#1249 = ADVANCED_FACE ( 'NONE', ( #2152 ), #2954, .F. ) ;
#1250 = ORIENTED_EDGE ( 'NONE', *, *, #1602, .T. ) ;
#1251 = DIRECTION ( 'NONE',  ( 0.000000000000000000, -0.000000000000000000, -1.000000000000000000 ) ) ;
#1252 = ORIENTED_EDGE ( 'NONE', *, *, #2863, .T. ) ;
#1253 = DIRECTION ( 'NONE',  ( -0.000000000000000000, -0.000000000000000000, -1.000000000000000000 ) ) ;
#1254 = EDGE_CURVE ( 'NONE', #3514, #1510, #2565, .T. ) ;
#1255 = DIRECTION ( 'NONE',  ( -0.000000000000000000, -1.000000000000000000, -0.000000000000000000 ) ) ;
#1256 = VERTEX_POINT ( 'NONE', #3067 ) ;
#1257 = VECTOR ( 'NONE', #986, 1000.000000000000000 ) ;
#1258 = DIRECTION ( 'NONE',  ( 0.000000000000000000, 0.000000000000000000, -1.000000000000000000 ) ) ;
#1259 = DIRECTION ( 'NONE',  ( -1.224646799147359370E-16, -0.000000000000000000, 1.000000000000000000 ) ) ;
#1260 = DIRECTION ( 'NONE',  ( 1.000000000000000000, 0.000000000000000000, 1.668003342285369117E-16 ) ) ;
#1261 = DIRECTION ( 'NONE',  ( -0.000000000000000000, -0.000000000000000000, -1.000000000000000000 ) ) ;
#1262 = DIRECTION ( 'NONE',  ( -0.000000000000000000, -0.000000000000000000, 1.000000000000000000 ) ) ;
#1263 = LINE ( 'NONE', #882, #2128 ) ;
#1264 = CIRCLE ( 'NONE', #395, 2.599999999999969447 ) ;
#1265 = LINE ( 'NONE', #2459, #3528 ) ;
#1267 = ORIENTED_EDGE ( 'NONE', *, *, #1514, .T. ) ;
#1266 = DIRECTION ( 'NONE',  ( 0.000000000000000000, 0.000000000000000000, -1.000000000000000000 ) ) ;
#1268 = VERTEX_POINT ( 'NONE', #1107 ) ;
#1269 = VERTEX_POINT ( 'NONE', #2676 ) ;
#1270 = FACE_BOUND ( 'NONE', #632, .T. ) ;
#1271 = AXIS2_PLACEMENT_3D ( 'NONE', #3560, #418, #5069 ) ;
#1272 = ORIENTED_EDGE ( 'NONE', *, *, #4486, .T. ) ;
#1273 = DIRECTION ( 'NONE',  ( 1.000000000000000000, -1.519897059185087252E-16, 0.000000000000000000 ) ) ;
#1274 = ORIENTED_EDGE ( 'NONE', *, *, #2257, .T. ) ;
#1275 = CARTESIAN_POINT ( 'NONE',  ( 4.266502575092194327, -29.49741989571606027, -6.609065472249115558 ) ) ;
#1276 = EDGE_CURVE ( 'NONE', #3234, #817, #4637, .T. ) ;
#1277 = EDGE_LOOP ( 'NONE', ( #4231, #920, #607, #3580, #4045 ) ) ;
#1278 = CARTESIAN_POINT ( 'NONE',  ( -3.250215456873989606, 41.83074801992434999, -0.1840552594834048428 ) ) ;
#1279 = LINE ( 'NONE', #3850, #4170 ) ;
#1280 = ORIENTED_EDGE ( 'NONE', *, *, #4042, .F. ) ;
#1281 = EDGE_CURVE ( 'NONE', #4376, #4007, #4520, .T. ) ;
#1282 = EDGE_CURVE ( 'NONE', #719, #2696, #4185, .T. ) ;
#1283 = CARTESIAN_POINT ( 'NONE',  ( 9.099784543126011371, -55.66925198007567133, -2.134055259483403244 ) ) ;
#1284 = FACE_OUTER_BOUND ( 'NONE', #4238, .T. ) ;
#1285 = DIRECTION ( 'NONE',  ( -1.000000000000000000, -3.469446951953614189E-16, -0.000000000000000000 ) ) ;
#1286 = EDGE_CURVE ( 'NONE', #1764, #4374, #4957, .T. ) ;
#1287 = DIRECTION ( 'NONE',  ( 0.000000000000000000, 1.000000000000000000, 0.000000000000000000 ) ) ;
#1288 = CARTESIAN_POINT ( 'NONE',  ( -5.530217662115462396, 9.578857227365988436, -6.966819324580308503 ) ) ;
#1289 = DIRECTION ( 'NONE',  ( -0.000000000000000000, -1.000000000000000000, -0.000000000000000000 ) ) ;
#1290 = CARTESIAN_POINT ( 'NONE',  ( -7.150215456873968201, -1.925371433301986901, 8.915944740516637879 ) ) ;
#1291 = CARTESIAN_POINT ( 'NONE',  ( 13.00108454312607442, 2.210515403646042820, 8.915944740516568601 ) ) ;
#1292 = AXIS2_PLACEMENT_3D ( 'NONE', #2043, #3161, #2792 ) ;
#1293 = ORIENTED_EDGE ( 'NONE', *, *, #4866, .F. ) ;
#1294 = ORIENTED_EDGE ( 'NONE', *, *, #2133, .F. ) ;
#1295 = DIRECTION ( 'NONE',  ( 0.000000000000000000, 0.000000000000000000, -1.000000000000000000 ) ) ;
#1296 = VECTOR ( 'NONE', #2324, 1000.000000000000000 ) ;
#1297 = CIRCLE ( 'NONE', #159, 5.200000000000001066 ) ;
#1298 = EDGE_CURVE ( 'NONE', #1219, #176, #4575, .T. ) ;
#1299 = VECTOR ( 'NONE', #2163, 1000.000000000000000 ) ;
#1300 = ORIENTED_EDGE ( 'NONE', *, *, #3303, .F. ) ;
#1301 = CARTESIAN_POINT ( 'NONE',  ( 13.00108454312600692, 2.830748019924340664, -0.1840552594834037048 ) ) ;
#1302 = ORIENTED_EDGE ( 'NONE', *, *, #3325, .F. ) ;
#1303 = CARTESIAN_POINT ( 'NONE',  ( -5.200215456873987563, -55.66925198007567133, 0.4659447405165968448 ) ) ;
#1304 = VECTOR ( 'NONE', #1346, 1000.000000000000000 ) ;
#1305 = VECTOR ( 'NONE', #3815, 1000.000000000000000 ) ;
#1306 = CIRCLE ( 'NONE', #900, 0.5199999999999922462 ) ;
#1307 = ADVANCED_FACE ( 'NONE', ( #4107 ), #2926, .F. ) ;
#1308 = CARTESIAN_POINT ( 'NONE',  ( 6.116831702065666398, -41.79916675693360872, 6.315944740516592049 ) ) ;
#1309 = VECTOR ( 'NONE', #1889, 1000.000000000000000 ) ;
#1310 = CARTESIAN_POINT ( 'NONE',  ( -12.47490885548140227, 7.042746171175369163, -3.354756934185687545 ) ) ;
#1311 = VERTEX_POINT ( 'NONE', #3774 ) ;
#1312 = DIRECTION ( 'NONE',  ( -1.387778780781427690E-14, -0.000000000000000000, 1.000000000000000000 ) ) ;
#1313 = CARTESIAN_POINT ( 'NONE',  ( -7.800215456873988096, -3.669251980075659780, -0.1840552594834037048 ) ) ;
#1314 = DIRECTION ( 'NONE',  ( -1.000000000000000000, 0.000000000000000000, 0.000000000000000000 ) ) ;
#1315 = EDGE_CURVE ( 'NONE', #4730, #1311, #4881, .T. ) ;
#1316 = DIRECTION ( 'NONE',  ( 0.000000000000000000, 1.000000000000000000, 0.000000000000000000 ) ) ;
#1317 = CARTESIAN_POINT ( 'NONE',  ( 7.799784543126011549, -1.925371433301987567, 8.875159797092539549 ) ) ;
#1318 = FACE_OUTER_BOUND ( 'NONE', #1243, .T. ) ;
#1319 = DIRECTION ( 'NONE',  ( -0.000000000000000000, -0.000000000000000000, -1.000000000000000000 ) ) ;
#1320 = ORIENTED_EDGE ( 'NONE', *, *, #4938, .F. ) ;
#1321 = ORIENTED_EDGE ( 'NONE', *, *, #3771, .F. ) ;
#1322 = DIRECTION ( 'NONE',  ( -1.000000000000000000, 0.000000000000000000, 3.336006684570785665E-15 ) ) ;
#1323 = ADVANCED_FACE ( 'NONE', ( #4497 ), #3362, .F. ) ;
#1324 = CARTESIAN_POINT ( 'NONE',  ( 12.56854133518667282, 6.762525114521681147, -3.064321554238569778 ) ) ;
#1325 = ORIENTED_EDGE ( 'NONE', *, *, #132, .F. ) ;
#1326 = PLANE ( 'NONE',  #2072 ) ;
#1327 = ORIENTED_EDGE ( 'NONE', *, *, #673, .T. ) ;
#1328 = PLANE ( 'NONE',  #273 ) ;
#1329 = AXIS2_PLACEMENT_3D ( 'NONE', #302, #1217, #445 ) ;
#1330 = LINE ( 'NONE', #4378, #77 ) ;
#1331 = CARTESIAN_POINT ( 'NONE',  ( -7.128926729941864160, -2.799166756933606504, 9.567244740516594348 ) ) ;
#1332 = ORIENTED_EDGE ( 'NONE', *, *, #4197, .T. ) ;
#1333 = CIRCLE ( 'NONE', #927, 3.250000000000002220 ) ;
#1334 = LINE ( 'NONE', #4095, #370 ) ;
#1335 = FILL_AREA_STYLE_COLOUR ( '', #628 ) ;
#1336 = EDGE_CURVE ( 'NONE', #1568, #2059, #4457, .T. ) ;
#1337 = CARTESIAN_POINT ( 'NONE',  ( 11.91881983616220531, -32.69907113882459271, -2.958969982002800148 ) ) ;
#1338 = DIRECTION ( 'NONE',  ( -0.000000000000000000, -1.000000000000000000, -0.000000000000000000 ) ) ;
#1339 = CARTESIAN_POINT ( 'NONE',  ( -7.150215456873968201, -42.66925198007565712, 8.225159797092393532 ) ) ;
#1340 = DIRECTION ( 'NONE',  ( 1.000000000000000000, 0.000000000000000000, 0.000000000000000000 ) ) ;
#1341 = CARTESIAN_POINT ( 'NONE',  ( -0.0002154568739887398245, 37.93074801992433720, -4.084055259483402089 ) ) ;
#1342 = VERTEX_POINT ( 'NONE', #991 ) ;
#1343 = ORIENTED_EDGE ( 'NONE', *, *, #969, .T. ) ;
#1344 = DIRECTION ( 'NONE',  ( 0.000000000000000000, -1.000000000000000000, 0.000000000000000000 ) ) ;
#1345 = AXIS2_PLACEMENT_3D ( 'NONE', #4717, #3099, #340 ) ;
#1346 = DIRECTION ( 'NONE',  ( 0.000000000000000000, 0.000000000000000000, -1.000000000000000000 ) ) ;
#1347 = EDGE_CURVE ( 'NONE', #817, #4343, #4969, .T. ) ;
#1348 = VERTEX_POINT ( 'NONE', #660 ) ;
#1349 = EDGE_CURVE ( 'NONE', #1518, #3337, #4786, .T. ) ;
#1350 = DIRECTION ( 'NONE',  ( 0.000000000000000000, 1.000000000000000000, 0.000000000000000000 ) ) ;
#1351 = VECTOR ( 'NONE', #4996, 1000.000000000000000 ) ;
#1352 = ORIENTED_EDGE ( 'NONE', *, *, #1440, .T. ) ;
#1353 = DIRECTION ( 'NONE',  ( -1.927470528863118950E-15, 1.000000000000000000, 0.000000000000000000 ) ) ;
#1354 = CARTESIAN_POINT ( 'NONE',  ( -5.236159913291102086, -29.61420365246318198, -6.378247753931262309 ) ) ;
#1355 = VECTOR ( 'NONE', #2596, 1000.000000000000000 ) ;
#1356 = CARTESIAN_POINT ( 'NONE',  ( -12.89942160259723458, 5.088973959706883932, -1.600196657774173969 ) ) ;
#1357 = ORIENTED_EDGE ( 'NONE', *, *, #2133, .T. ) ;
#1358 = ADVANCED_FACE ( 'NONE', ( #1738 ), #4627, .F. ) ;
#1359 = CYLINDRICAL_SURFACE ( 'NONE', #941, 15.60000000000000142 ) ;
#1360 =( NAMED_UNIT ( * ) SI_UNIT ( $, .STERADIAN. ) SOLID_ANGLE_UNIT ( ) );
#1361 = AXIS2_PLACEMENT_3D ( 'NONE', #677, #3816, #3436 ) ;
#1362 =( GEOMETRIC_REPRESENTATION_CONTEXT ( 3 ) GLOBAL_UNCERTAINTY_ASSIGNED_CONTEXT ( ( #1022 ) ) GLOBAL_UNIT_ASSIGNED_CONTEXT ( ( #2157, #4893, #1360 ) ) REPRESENTATION_CONTEXT ( 'NONE', 'WORKASPACE' ) );
#1363 = LINE ( 'NONE', #3326, #196 ) ;
#1364 = CARTESIAN_POINT ( 'NONE',  ( -13.00021545687399005, 41.83074801992434999, -0.1840552594834048428 ) ) ;
#1365 = B_SPLINE_CURVE_WITH_KNOTS ( 'NONE', 3,
 ( #187, #4505, #901, #1384 ),
 .UNSPECIFIED., .F., .F.,
 ( 4, 4 ),
 ( 8.673617379884035472E-19, 0.0003843712998248758066 ),
 .UNSPECIFIED. ) ;
#1366 = CARTESIAN_POINT ( 'NONE',  ( 7.799784543126011549, 2.830748019924340664, 9.565944740516567180 ) ) ;
#1367 = LINE ( 'NONE', #4412, #4835 ) ;
#1368 = LINE ( 'NONE', #1808, #603 ) ;
#1369 = VERTEX_POINT ( 'NONE', #2718 ) ;
#1370 = ORIENTED_EDGE ( 'NONE', *, *, #3787, .F. ) ;
#1371 = CARTESIAN_POINT ( 'NONE',  ( -6.500215456874059328, -42.66925198007565712, 5.665944740516596134 ) ) ;
#1372 = CARTESIAN_POINT ( 'NONE',  ( 11.38875892653021360, 8.773081149659097022, -5.562673225844582348 ) ) ;
#1373 = VECTOR ( 'NONE', #2805, 1000.000000000000000 ) ;
#1374 = ORIENTED_EDGE ( 'NONE', *, *, #976, .T. ) ;
#1375 = EDGE_LOOP ( 'NONE', ( #4242, #2055, #4388, #820 ) ) ;
#1376 = AXIS2_PLACEMENT_3D ( 'NONE', #2854, #5027, #3081 ) ;
#1377 = ORIENTED_EDGE ( 'NONE', *, *, #83, .F. ) ;
#1378 = CIRCLE ( 'NONE', #972, 5.200000000000001066 ) ;
#1379 = EDGE_CURVE ( 'NONE', #1642, #1455, #5053, .T. ) ;
#1380 = FACE_OUTER_BOUND ( 'NONE', #4662, .T. ) ;
#1381 = LINE ( 'NONE', #637, #2207 ) ;
#1382 = DIRECTION ( 'NONE',  ( -1.000000000000000000, -0.000000000000000000, -0.000000000000000000 ) ) ;
#1383 = EDGE_CURVE ( 'NONE', #687, #3430, #5028, .T. ) ;
#1384 = CARTESIAN_POINT ( 'NONE',  ( 6.636831702065703276, -41.79916675693360872, 8.264138472595730533 ) ) ;
#1385 = ORIENTED_EDGE ( 'NONE', *, *, #1627, .T. ) ;
#1386 = CARTESIAN_POINT ( 'NONE',  ( 12.99978454312601173, 2.830748019924340664, 4.365944740516595424 ) ) ;
#1387 = CARTESIAN_POINT ( 'NONE',  ( 0.002183553277065063570, -55.66925198007567133, -3.605697686047034889 ) ) ;
#1388 = VECTOR ( 'NONE', #690, 1000.000000000000000 ) ;
#1389 = CARTESIAN_POINT ( 'NONE',  ( 9.906603018566517704, -29.60092240108133410, -6.397109498316916998 ) ) ;
#1390 = DIRECTION ( 'NONE',  ( 0.000000000000000000, 1.000000000000000000, 0.000000000000000000 ) ) ;
#1391 = DIRECTION ( 'NONE',  ( -0.000000000000000000, -1.000000000000000000, -0.000000000000000000 ) ) ;
#1392 = CARTESIAN_POINT ( 'NONE',  ( 3.249784543126012171, 41.83074801992434999, -0.1840552594834048428 ) ) ;
#1393 = DIRECTION ( 'NONE',  ( -0.000000000000000000, 1.000000000000000000, -0.000000000000000000 ) ) ;
#1394 = ORIENTED_EDGE ( 'NONE', *, *, #4308, .F. ) ;
#1395 = ORIENTED_EDGE ( 'NONE', *, *, #1884, .T. ) ;
#1396 = LINE ( 'NONE', #1068, #1466 ) ;
#1397 = CARTESIAN_POINT ( 'NONE',  ( 12.34978454312601315, -36.16925198007566422, 3.715944740516587963 ) ) ;
#1398 = CARTESIAN_POINT ( 'NONE',  ( 11.73535099675829052, 8.388932892804055186, -4.997328283400045201 ) ) ;
#1399 = ORIENTED_EDGE ( 'NONE', *, *, #2035, .T. ) ;
#1400 = VERTEX_POINT ( 'NONE', #1170 ) ;
#1401 = ORIENTED_EDGE ( 'NONE', *, *, #1254, .T. ) ;
#1402 = CARTESIAN_POINT ( 'NONE',  ( -3.250215456873989606, 41.83074801992434999, -9.934055259483404399 ) ) ;
#1403 = ADVANCED_FACE ( 'NONE', ( #4237 ), #685, .F. ) ;
#1404 = DIRECTION ( 'NONE',  ( -0.000000000000000000, -1.000000000000000000, -0.000000000000000000 ) ) ;
#1405 = CARTESIAN_POINT ( 'NONE',  ( 7.149784543126022740, -36.16925198007566422, 6.315944740516609812 ) ) ;
#1406 = EDGE_CURVE ( 'NONE', #1906, #1518, #400, .T. ) ;
#1407 = DIRECTION ( 'NONE',  ( 1.000000000000000000, 0.000000000000000000, 0.000000000000000000 ) ) ;
#1408 = CARTESIAN_POINT ( 'NONE',  ( -11.72120867658820309, 8.406905258009315318, -5.022758168848340254 ) ) ;
#1409 = VECTOR ( 'NONE', #4440, 1000.000000000000000 ) ;
#1410 = ORIENTED_EDGE ( 'NONE', *, *, #3971, .F. ) ;
#1411 = VECTOR ( 'NONE', #3315, 1000.000000000000000 ) ;
#1412 = EDGE_CURVE ( 'NONE', #3021, #2996, #2250, .T. ) ;
#1413 = SURFACE_STYLE_FILL_AREA ( #4943 ) ;
#1414 = LINE ( 'NONE', #3759, #2105 ) ;
#1415 = LINE ( 'NONE', #3406, #3093 ) ;
#1416 = DIRECTION ( 'NONE',  ( 0.000000000000000000, 0.000000000000000000, -1.000000000000000000 ) ) ;
#1417 = CARTESIAN_POINT ( 'NONE',  ( 6.499784543126010838, -55.66925198007567133, 3.065944740516618694 ) ) ;
#1418 = DIRECTION ( 'NONE',  ( 0.000000000000000000, 0.000000000000000000, 1.000000000000000000 ) ) ;
#1419 = DIRECTION ( 'NONE',  ( -0.000000000000000000, -0.000000000000000000, 1.000000000000000000 ) ) ;
#1420 = ORIENTED_EDGE ( 'NONE', *, *, #2934, .T. ) ;
#1421 = ORIENTED_EDGE ( 'NONE', *, *, #3971, .T. ) ;
#1422 = CARTESIAN_POINT ( 'NONE',  ( 0.002183553277065063570, -58.32210129024644374, -6.034055259483404043 ) ) ;
#1423 = EDGE_CURVE ( 'NONE', #4632, #3733, #3137, .T. ) ;
#1424 = DIRECTION ( 'NONE',  ( 0.000000000000000000, 0.000000000000000000, 1.000000000000000000 ) ) ;
#1425 = DIRECTION ( 'NONE',  ( 0.000000000000000000, 0.000000000000000000, -1.000000000000000000 ) ) ;
#1426 = ORIENTED_EDGE ( 'NONE', *, *, #2185, .T. ) ;
#1427 = VERTEX_POINT ( 'NONE', #1870 ) ;
#1428 = ORIENTED_EDGE ( 'NONE', *, *, #4356, .T. ) ;
#1429 = VECTOR ( 'NONE', #610, 1000.000000000000000 ) ;
#1430 = PRODUCT_DEFINITION_CONTEXT ( 'detailed design', #3652, 'design' ) ;
#1431 = EDGE_CURVE ( 'NONE', #4376, #464, #2314, .T. ) ;
#1432 = CARTESIAN_POINT ( 'NONE',  ( -10.40021545687399041, 41.83074801992434999, -0.1840552594834048428 ) ) ;
#1433 = CARTESIAN_POINT ( 'NONE',  ( -12.24354165696056107, -36.16925198007566422, -1.573329839556187659 ) ) ;
#1434 = VECTOR ( 'NONE', #2399, 1000.000000000000000 ) ;
#1435 = LINE ( 'NONE', #2290, #137 ) ;
#1436 = ORIENTED_EDGE ( 'NONE', *, *, #1423, .T. ) ;
#1437 = CIRCLE ( 'NONE', #297, 0.5200000000000035705 ) ;
#1438 = SURFACE_STYLE_USAGE ( .BOTH. , #4533 ) ;
#1439 = CARTESIAN_POINT ( 'NONE',  ( -6.086129977830414539, -39.41845135369774056, 6.315944740516597378 ) ) ;
#1440 = EDGE_CURVE ( 'NONE', #107, #4177, #108, .T. ) ;
#1441 = EDGE_CURVE ( 'NONE', #2541, #4292, #1943, .T. ) ;
#1442 = CARTESIAN_POINT ( 'NONE',  ( 10.39978454312601208, 41.83074801992434999, -0.1840552594834037048 ) ) ;
#1443 = DIRECTION ( 'NONE',  ( 1.519897059185087252E-16, 1.000000000000000000, -0.000000000000000000 ) ) ;
#1444 = AXIS2_PLACEMENT_3D ( 'NONE', #4921, #194, #2634 ) ;
#1445 = DIRECTION ( 'NONE',  ( 1.387778780781427690E-14, 0.000000000000000000, -1.000000000000000000 ) ) ;
#1446 = CARTESIAN_POINT ( 'NONE',  ( -7.150215456873968201, -42.66925198007565712, 8.225159797092393532 ) ) ;
#1447 = CARTESIAN_POINT ( 'NONE',  ( 13.00108454312602824, -36.16925198007566422, 8.265944740516710354 ) ) ;
#1448 = EDGE_CURVE ( 'NONE', #2798, #4079, #737, .T. ) ;
#1449 = ORIENTED_EDGE ( 'NONE', *, *, #629, .T. ) ;
#1450 = VERTEX_POINT ( 'NONE', #1530 ) ;
#1451 = CARTESIAN_POINT ( 'NONE',  ( 9.263956837491770457, 7.662858022376287437, -4.057980034961231830 ) ) ;
#1452 = CIRCLE ( 'NONE', #1868, 3.999999999999998224 ) ;
#1453 = DIRECTION ( 'NONE',  ( -0.000000000000000000, -0.000000000000000000, 1.000000000000000000 ) ) ;
#1454 = DIRECTION ( 'NONE',  ( -1.927470528863134333E-15, -1.000000000000000000, 0.000000000000000000 ) ) ;
#1455 = VERTEX_POINT ( 'NONE', #2326 ) ;
#1456 = ORIENTED_EDGE ( 'NONE', *, *, #3126, .F. ) ;
#1457 = ORIENTED_EDGE ( 'NONE', *, *, #1248, .T. ) ;
#1458 = ORIENTED_EDGE ( 'NONE', *, *, #756, .T. ) ;
#1459 = ADVANCED_FACE ( 'NONE', ( #5030 ), #4653, .F. ) ;
#1460 = CARTESIAN_POINT ( 'NONE',  ( 3.249784543126012171, 10.72580649785039242, -9.934055259483404399 ) ) ;
#1461 = DIRECTION ( 'NONE',  ( -1.000000000000000000, 1.084202172485504557E-16, 0.000000000000000000 ) ) ;
#1462 = DIRECTION ( 'NONE',  ( 3.154042683594197093E-16, -0.000000000000000000, 1.000000000000000000 ) ) ;
#1463 = CIRCLE ( 'NONE', #235, 0.5199999999999970202 ) ;
#1464 = EDGE_LOOP ( 'NONE', ( #4931, #3571, #4111, #3419, #1788 ) ) ;
#1465 = DIRECTION ( 'NONE',  ( -1.000000000000000000, 2.168404344971009115E-16, 0.000000000000000000 ) ) ;
#1466 = VECTOR ( 'NONE', #222, 1000.000000000000000 ) ;
#1467 = AXIS2_PLACEMENT_3D ( 'NONE', #4488, #958, #2963 ) ;
#1468 = ORIENTED_EDGE ( 'NONE', *, *, #30, .T. ) ;
#1469 = ADVANCED_FACE ( 'NONE', ( #5080 ), #1557, .F. ) ;
#1470 = CARTESIAN_POINT ( 'NONE',  ( 12.34978454312601315, -36.16925198007566422, -9.284055259483404043 ) ) ;
#1471 = EDGE_CURVE ( 'NONE', #1268, #1590, #4702, .T. ) ;
#1472 = VECTOR ( 'NONE', #4592, 1000.000000000000000 ) ;
#1473 = CARTESIAN_POINT ( 'NONE',  ( -2.426174020159304501, -55.66925198007567133, -6.034055259483403155 ) ) ;
#1474 = CARTESIAN_POINT ( 'NONE',  ( -6.876168419277810528, -0.4184513536977433334, 9.567244740516594348 ) ) ;
#1475 = CIRCLE ( 'NONE', #4849, 3.900000000000000355 ) ;
#1476 = DIRECTION ( 'NONE',  ( -1.000000000000000000, -1.927470528863118950E-15, -1.387778780781427690E-14 ) ) ;
#1477 = EDGE_CURVE ( 'NONE', #151, #4069, #4288, .T. ) ;
#1478 = CARTESIAN_POINT ( 'NONE',  ( 7.799784543126011549, 2.210515403646042820, 9.567244740516594348 ) ) ;
#1479 = CARTESIAN_POINT ( 'NONE',  ( 7.149784543126032510, -40.92537143330197580, -9.935355259483404922 ) ) ;
#1480 = VERTEX_POINT ( 'NONE', #2280 ) ;
#1481 = ORIENTED_EDGE ( 'NONE', *, *, #1929, .T. ) ;
#1482 = LINE ( 'NONE', #990, #1713 ) ;
#1483 = CIRCLE ( 'NONE', #1723, 6.500000000000034639 ) ;
#1484 = DIRECTION ( 'NONE',  ( 0.000000000000000000, -1.000000000000000000, 0.000000000000000000 ) ) ;
#1485 = DIRECTION ( 'NONE',  ( 0.000000000000000000, 0.000000000000000000, 1.000000000000000000 ) ) ;
#1486 = ORIENTED_EDGE ( 'NONE', *, *, #693, .F. ) ;
#1487 = VERTEX_POINT ( 'NONE', #3826 ) ;
#1488 = VERTEX_POINT ( 'NONE', #3491 ) ;
#1489 = VERTEX_POINT ( 'NONE', #3107 ) ;
#1490 = ADVANCED_FACE ( 'NONE', ( #1071 ), #2642, .F. ) ;
#1491 = DIRECTION ( 'NONE',  ( -1.387778780781427690E-14, -0.000000000000000000, 1.000000000000000000 ) ) ;
#1492 = DIRECTION ( 'NONE',  ( 0.000000000000000000, 1.000000000000000000, 0.000000000000000000 ) ) ;
#1493 = DIRECTION ( 'NONE',  ( -1.000000000000000000, -0.000000000000000000, -0.000000000000000000 ) ) ;
#1494 = ORIENTED_EDGE ( 'NONE', *, *, #2478, .F. ) ;
#1495 = DIRECTION ( 'NONE',  ( 0.000000000000000000, 0.000000000000000000, 1.000000000000000000 ) ) ;
#1496 = ORIENTED_EDGE ( 'NONE', *, *, #3375, .F. ) ;
#1497 = CARTESIAN_POINT ( 'NONE',  ( 6.499784543125976199, 41.83204801992434341, 5.665944740516613010 ) ) ;
#1498 = DIRECTION ( 'NONE',  ( 1.000000000000000000, 0.000000000000000000, 0.000000000000000000 ) ) ;
#1499 = FACE_OUTER_BOUND ( 'NONE', #4115, .T. ) ;
#1500 = LINE ( 'NONE', #3177, #545 ) ;
#1501 = DIRECTION ( 'NONE',  ( 1.000802005371234635E-15, 0.000000000000000000, -1.000000000000000000 ) ) ;
#1502 = VERTEX_POINT ( 'NONE', #2041 ) ;
#1503 = CARTESIAN_POINT ( 'NONE',  ( 6.823334024600303138, 9.266196616063767877, -6.383314100781003475 ) ) ;
#1504 = EDGE_CURVE ( 'NONE', #714, #3358, #1990, .T. ) ;
#1505 = DIRECTION ( 'NONE',  ( 3.154042683594197093E-16, -0.000000000000000000, 1.000000000000000000 ) ) ;
#1506 = CARTESIAN_POINT ( 'NONE',  ( -0.0002154568740730784750, -40.92537143330199001, -9.935355259483404922 ) ) ;
#1507 = ORIENTED_EDGE ( 'NONE', *, *, #2489, .F. ) ;
#1508 = CARTESIAN_POINT ( 'NONE',  ( -6.575662284393986035, -29.96051504611324745, -5.774138703289396268 ) ) ;
#1509 = ORIENTED_EDGE ( 'NONE', *, *, #1004, .T. ) ;
#1510 = VERTEX_POINT ( 'NONE', #1993 ) ;
#1511 = ORIENTED_EDGE ( 'NONE', *, *, #3079, .F. ) ;
#1512 = VECTOR ( 'NONE', #4230, 1000.000000000000000 ) ;
#1513 = EDGE_CURVE ( 'NONE', #590, #4031, #1238, .T. ) ;
#1514 = EDGE_CURVE ( 'NONE', #2265, #3822, #4337, .T. ) ;
#1515 = CARTESIAN_POINT ( 'NONE',  ( 10.39978454312601208, 41.83074801992434999, 4.365944740516595424 ) ) ;
#1516 = EDGE_LOOP ( 'NONE', ( #3467, #4389, #3261, #3954 ) ) ;
#1517 = DIRECTION ( 'NONE',  ( -0.000000000000000000, -0.000000000000000000, 1.000000000000000000 ) ) ;
#1518 = VERTEX_POINT ( 'NONE', #1629 ) ;
#1519 = AXIS2_PLACEMENT_3D ( 'NONE', #1856, #3785, #2937 ) ;
#1520 = LINE ( 'NONE', #4329, #3497 ) ;
#1521 = VECTOR ( 'NONE', #4200, 1000.000000000000000 ) ;
#1522 = ADVANCED_FACE ( 'NONE', ( #4749 ), #66, .F. ) ;
#1523 = CARTESIAN_POINT ( 'NONE',  ( 6.116831702065666398, -41.27916675693359849, 8.265944740516529166 ) ) ;
#1524 = DIRECTION ( 'NONE',  ( -1.000000000000000000, -1.334402673828309691E-14, -1.334402673828309691E-14 ) ) ;
#1525 = LINE ( 'NONE', #4697, #2024 ) ;
#1526 = DIRECTION ( 'NONE',  ( 0.000000000000000000, 1.000000000000000000, 0.000000000000000000 ) ) ;
#1527 = VERTEX_POINT ( 'NONE', #498 ) ;
#1528 = CARTESIAN_POINT ( 'NONE',  ( -0.0002154568739064057555, -39.88537143330198376, -9.935355259483404922 ) ) ;
#1529 = CARTESIAN_POINT ( 'NONE',  ( 3.249784543126013947, -26.86110827738353635, -6.684055259483403511 ) ) ;
#1530 = CARTESIAN_POINT ( 'NONE',  ( 6.499784543125938896, -55.66925198007567133, 8.265944740516596667 ) ) ;
#1531 = VERTEX_POINT ( 'NONE', #2766 ) ;
#1532 = CARTESIAN_POINT ( 'NONE',  ( -8.142705719492452587, -30.94682238857633294, -4.468373898325720184 ) ) ;
#1533 = ORIENTED_EDGE ( 'NONE', *, *, #3750, .F. ) ;
#1534 = ORIENTED_EDGE ( 'NONE', *, *, #4880, .T. ) ;
#1535 = CIRCLE ( 'NONE', #2687, 6.500000000000000888 ) ;
#1536 = VERTEX_POINT ( 'NONE', #2064 ) ;
#1537 = EDGE_CURVE ( 'NONE', #2283, #1246, #3884, .T. ) ;
#1538 = CARTESIAN_POINT ( 'NONE',  ( -11.70021545687398756, -42.66925198007565712, -2.134055259483405464 ) ) ;
#1539 = ORIENTED_EDGE ( 'NONE', *, *, #1233, .T. ) ;
#1540 = DIRECTION ( 'NONE',  ( 0.000000000000000000, 1.000000000000000000, 0.000000000000000000 ) ) ;
#1541 = VERTEX_POINT ( 'NONE', #4363 ) ;
#1542 = EDGE_CURVE ( 'NONE', #1269, #661, #42, .T. ) ;
#1543 = CARTESIAN_POINT ( 'NONE',  ( -0.0002154568739505564195, -36.78948459635397938, -9.935355259483404922 ) ) ;
#1544 = CIRCLE ( 'NONE', #3932, 0.5200000000000013500 ) ;
#1545 = AXIS2_PLACEMENT_3D ( 'NONE', #4469, #2513, #581 ) ;
#1546 = VECTOR ( 'NONE', #752, 1000.000000000000000 ) ;
#1547 = AXIS2_PLACEMENT_3D ( 'NONE', #550, #1733, #3230 ) ;
#1548 = EDGE_CURVE ( 'NONE', #2175, #4757, #3378, .T. ) ;
#1549 = CARTESIAN_POINT ( 'NONE',  ( -9.100215456873987918, -42.66925198007565712, 3.065944740516433953 ) ) ;
#1550 = CARTESIAN_POINT ( 'NONE',  ( -0.0002154568739891427412, -0.8853714333019864213, 6.965944740516595068 ) ) ;
#1551 = CARTESIAN_POINT ( 'NONE',  ( 3.249784543126012171, 41.83074801992434999, -9.934055259483404399 ) ) ;
#1552 = LINE ( 'NONE', #1190, #3047 ) ;
#1553 = ORIENTED_EDGE ( 'NONE', *, *, #3867, .F. ) ;
#1554 = DIRECTION ( 'NONE',  ( 1.000000000000000000, 9.637352644315594750E-16, -3.154042683594197093E-16 ) ) ;
#1555 = CIRCLE ( 'NONE', #2377, 0.5200000000000013500 ) ;
#1556 = CARTESIAN_POINT ( 'NONE',  ( 6.499784543126010838, -42.66925198007565712, 5.665944740516613010 ) ) ;
#1557 = PLANE ( 'NONE',  #4048 ) ;
#1558 = EDGE_LOOP ( 'NONE', ( #767, #2132, #57, #2251 ) ) ;
#1559 = CARTESIAN_POINT ( 'NONE',  ( 2.599784543126012260, 2.210515403646042820, 9.567244740516594348 ) ) ;
#1560 = VERTEX_POINT ( 'NONE', #3182 ) ;
#1561 = ORIENTED_EDGE ( 'NONE', *, *, #3532, .T. ) ;
#1562 = AXIS2_PLACEMENT_3D ( 'NONE', #2279, #1813, #3387 ) ;
#1563 = ORIENTED_EDGE ( 'NONE', *, *, #3808, .T. ) ;
#1564 = CARTESIAN_POINT ( 'NONE',  ( -6.876168419277810528, -0.4184513536977433334, 8.915944740516636102 ) ) ;
#1565 = ORIENTED_EDGE ( 'NONE', *, *, #619, .F. ) ;
#1566 = DIRECTION ( 'NONE',  ( -0.000000000000000000, -0.000000000000000000, 1.000000000000000000 ) ) ;
#1567 = EDGE_CURVE ( 'NONE', #2798, #5054, #2730, .T. ) ;
#1568 = VERTEX_POINT ( 'NONE', #1651 ) ;
#1569 = EDGE_CURVE ( 'NONE', #156, #5009, #3157, .T. ) ;
#1570 = DIRECTION ( 'NONE',  ( 0.000000000000000000, 0.000000000000000000, 1.000000000000000000 ) ) ;
#1571 = EDGE_CURVE ( 'NONE', #963, #4712, #4710, .T. ) ;
#1572 = EDGE_CURVE ( 'NONE', #1842, #188, #3802, .T. ) ;
#1573 = CARTESIAN_POINT ( 'NONE',  ( -0.0002154568739887398245, -42.66925198007565712, -0.1840552594834037048 ) ) ;
#1574 = CARTESIAN_POINT ( 'NONE',  ( 6.373846951991574805, -2.799166756933607836, 9.567244740516594348 ) ) ;
#1575 = LINE ( 'NONE', #1117, #223 ) ;
#1576 = CARTESIAN_POINT ( 'NONE',  ( -8.673617379884035472E-16, -45.00000000000000711, 0.5000000000000004441 ) ) ;
#1577 = AXIS2_PLACEMENT_3D ( 'NONE', #2789, #3639, #4383 ) ;
#1578 = DIRECTION ( 'NONE',  ( -1.000000000000000000, 0.000000000000000000, 3.154042683594197093E-16 ) ) ;
#1579 = DIRECTION ( 'NONE',  ( 0.000000000000000000, 0.000000000000000000, 1.000000000000000000 ) ) ;
#1580 = CARTESIAN_POINT ( 'NONE',  ( -6.500215456874059328, -42.14230978165453223, 8.265944740516436795 ) ) ;
#1581 = VERTEX_POINT ( 'NONE', #3263 ) ;
#1582 = LINE ( 'NONE', #1631, #4168 ) ;
#1583 = EDGE_LOOP ( 'NONE', ( #1320, #3632, #601, #458 ) ) ;
#1584 = ORIENTED_EDGE ( 'NONE', *, *, #3336, .T. ) ;
#1585 = ORIENTED_EDGE ( 'NONE', *, *, #164, .T. ) ;
#1586 = VECTOR ( 'NONE', #3490, 999.9999999999998863 ) ;
#1587 = ADVANCED_FACE ( 'NONE', ( #505 ), #3646, .F. ) ;
#1588 = ORIENTED_EDGE ( 'NONE', *, *, #30, .F. ) ;
#1589 = CARTESIAN_POINT ( 'NONE',  ( 3.249784543126012171, 41.83074801992434999, -0.1840552594834048428 ) ) ;
#1590 = VERTEX_POINT ( 'NONE', #555 ) ;
#1591 = CARTESIAN_POINT ( 'NONE',  ( -6.500215456873987385, -42.66925198007565712, 3.065944740516438394 ) ) ;
#1592 = EDGE_CURVE ( 'NONE', #4930, #2696, #4058, .T. ) ;
#1593 = ORIENTED_EDGE ( 'NONE', *, *, #2796, .T. ) ;
#1594 = DIRECTION ( 'NONE',  ( 0.000000000000000000, 0.000000000000000000, 1.000000000000000000 ) ) ;
#1595 = AXIS2_PLACEMENT_3D ( 'NONE', #779, #3584, #1963 ) ;
#1596 = VECTOR ( 'NONE', #2594, 1000.000000000000000 ) ;
#1597 = DIRECTION ( 'NONE',  ( -1.000000000000000000, 0.000000000000000000, 0.000000000000000000 ) ) ;
#1598 = CARTESIAN_POINT ( 'NONE',  ( -12.35021545687398792, -36.16925198007566422, -9.284055259483404043 ) ) ;
#1599 = CYLINDRICAL_SURFACE ( 'NONE', #3752, 3.900000000000000355 ) ;
#1600 = LINE ( 'NONE', #3179, #334 ) ;
#1601 = AXIS2_PLACEMENT_3D ( 'NONE', #2455, #145, #4409 ) ;
#1602 = EDGE_CURVE ( 'NONE', #2874, #1221, #101, .T. ) ;
#1603 = CARTESIAN_POINT ( 'NONE',  ( 0.002183553277065063570, -55.66925198007567133, -6.034055259483404043 ) ) ;
#1604 = EDGE_CURVE ( 'NONE', #206, #3337, #1659, .T. ) ;
#1605 = DIRECTION ( 'NONE',  ( -0.000000000000000000, 1.000000000000000000, -0.000000000000000000 ) ) ;
#1606 = DIRECTION ( 'NONE',  ( -0.000000000000000000, -0.000000000000000000, 1.000000000000000000 ) ) ;
#1607 = ORIENTED_EDGE ( 'NONE', *, *, #300, .T. ) ;
#1608 = CARTESIAN_POINT ( 'NONE',  ( -3.440310167103199479, -47.04065331551598206, 0.5000000000000004441 ) ) ;
#1609 = EDGE_LOOP ( 'NONE', ( #2285, #357, #662, #3887, #4274, #2768, #5084, #5003 ) ) ;
#1610 = VERTEX_POINT ( 'NONE', #4859 ) ;
#1611 = ORIENTED_EDGE ( 'NONE', *, *, #2199, .T. ) ;
#1612 = ORIENTED_EDGE ( 'NONE', *, *, #1926, .T. ) ;
#1613 = FACE_OUTER_BOUND ( 'NONE', #4984, .T. ) ;
#1614 = VECTOR ( 'NONE', #1285, 1000.000000000000000 ) ;
#1615 = ADVANCED_FACE ( 'NONE', ( #863, #1270, #888 ), #529, .T. ) ;
#1616 = VERTEX_POINT ( 'NONE', #2845 ) ;
#1617 = CARTESIAN_POINT ( 'NONE',  ( 6.116831702065666398, -42.31916675693361185, -9.935355259483404922 ) ) ;
#1618 = ORIENTED_EDGE ( 'NONE', *, *, #191, .F. ) ;
#1619 = CARTESIAN_POINT ( 'NONE',  ( 11.69978454312601102, -55.66925198007567133, -8.634055259483403688 ) ) ;
#1620 = EDGE_CURVE ( 'NONE', #2027, #1037, #4006, .T. ) ;
#1621 = CARTESIAN_POINT ( 'NONE',  ( -0.0002154568740599622579, -55.66925198007567133, -8.634055259483405464 ) ) ;
#1622 = CYLINDRICAL_SURFACE ( 'NONE', #4606, 1.950000000000001288 ) ;
#1623 = CARTESIAN_POINT ( 'NONE',  ( 2.599784543126012260, 1.690515403646043024, 6.965944740516595068 ) ) ;
#1624 = FACE_BOUND ( 'NONE', #670, .T. ) ;
#1625 = CIRCLE ( 'NONE', #1376, 5.200000000000001066 ) ;
#1626 = AXIS2_PLACEMENT_3D ( 'NONE', #1278, #4043, #4865 ) ;
#1627 = EDGE_CURVE ( 'NONE', #2461, #4809, #158, .T. ) ;
#1628 = DIRECTION ( 'NONE',  ( 1.084202172485504557E-16, 1.000000000000000000, -0.000000000000000000 ) ) ;
#1629 = CARTESIAN_POINT ( 'NONE',  ( 6.373846951991574805, -3.319166756933606965, 6.965944740516595068 ) ) ;
#1630 = CARTESIAN_POINT ( 'NONE',  ( -2.426174020159304501, -67.37055198007574575, -6.034055259483404043 ) ) ;
#1631 = CARTESIAN_POINT ( 'NONE',  ( -0.0002154568739836140961, -39.41845135369774056, 6.315944740516594713 ) ) ;
#1632 = LINE ( 'NONE', #2532, #519 ) ;
#1633 = ORIENTED_EDGE ( 'NONE', *, *, #2829, .T. ) ;
#1634 = ORIENTED_EDGE ( 'NONE', *, *, #3336, .F. ) ;
#1635 = DIRECTION ( 'NONE',  ( -0.000000000000000000, 1.000000000000000000, -0.000000000000000000 ) ) ;
#1636 = VERTEX_POINT ( 'NONE', #3698 ) ;
#1637 = DIRECTION ( 'NONE',  ( 0.000000000000000000, 0.000000000000000000, 1.000000000000000000 ) ) ;
#1638 = CIRCLE ( 'NONE', #3612, 0.5200000000000013500 ) ;
#1639 = ORIENTED_EDGE ( 'NONE', *, *, #873, .T. ) ;
#1640 = DIRECTION ( 'NONE',  ( 5.204170427930366852E-15, 0.000000000000000000, 1.000000000000000000 ) ) ;
#1641 = AXIS2_PLACEMENT_3D ( 'NONE', #1839, #1453, #3417 ) ;
#1642 = VERTEX_POINT ( 'NONE', #3623 ) ;
#1643 = CARTESIAN_POINT ( 'NONE',  ( -7.150215456873968201, -42.66925198007565712, 8.915944740516597022 ) ) ;
#1644 = LINE ( 'NONE', #86, #237 ) ;
#1645 = ORIENTED_EDGE ( 'NONE', *, *, #2477, .T. ) ;
#1646 = DIRECTION ( 'NONE',  ( -0.000000000000000000, -0.000000000000000000, 1.000000000000000000 ) ) ;
#1647 = DIRECTION ( 'NONE',  ( 1.000000000000000000, 0.000000000000000000, -0.000000000000000000 ) ) ;
#1648 = CARTESIAN_POINT ( 'NONE',  ( -5.200215456873987563, -55.66925198007567133, -8.634055259483403688 ) ) ;
#1649 = DIRECTION ( 'NONE',  ( 1.000000000000000000, 0.000000000000000000, 1.334402673828305944E-16 ) ) ;
#1650 = CARTESIAN_POINT ( 'NONE',  ( -5.200215456873987563, -55.66925198007567133, -8.634055259483403688 ) ) ;
#1651 = CARTESIAN_POINT ( 'NONE',  ( 7.799784543126011549, 41.83074801992434999, 6.965944740516595068 ) ) ;
#1652 = DIRECTION ( 'NONE',  ( -0.000000000000000000, -0.000000000000000000, 1.000000000000000000 ) ) ;
#1653 = DIRECTION ( 'NONE',  ( -1.387778780781427690E-14, -0.000000000000000000, 1.000000000000000000 ) ) ;
#1655 = ORIENTED_EDGE ( 'NONE', *, *, #4557, .F. ) ;
#1654 = CARTESIAN_POINT ( 'NONE',  ( 13.00108454312603001, -38.37845135369776273, 8.265944740516710354 ) ) ;
#1656 = ORIENTED_EDGE ( 'NONE', *, *, #4532, .F. ) ;
#1657 = ADVANCED_FACE ( 'NONE', ( #916 ), #939, .F. ) ;
#1658 = VERTEX_POINT ( 'NONE', #2897 ) ;
#1659 = LINE ( 'NONE', #2875, #999 ) ;
#1660 = VECTOR ( 'NONE', #2972, 1000.000000000000000 ) ;
#1661 = AXIS2_PLACEMENT_3D ( 'NONE', #4122, #1390, #1751 ) ;
#1662 = ORIENTED_EDGE ( 'NONE', *, *, #2503, .T. ) ;
#1663 = DIRECTION ( 'NONE',  ( -0.000000000000000000, -1.000000000000000000, -0.000000000000000000 ) ) ;
#1664 = VECTOR ( 'NONE', #4313, 1000.000000000000000 ) ;
#1665 = ORIENTED_EDGE ( 'NONE', *, *, #4255, .F. ) ;
#1666 = EDGE_CURVE ( 'NONE', #3234, #4715, #2037, .T. ) ;
#1667 = EDGE_CURVE ( 'NONE', #4757, #844, #178, .T. ) ;
#1668 = DIRECTION ( 'NONE',  ( 0.000000000000000000, -1.000000000000000000, 0.000000000000000000 ) ) ;
#1669 = ORIENTED_EDGE ( 'NONE', *, *, #2913, .T. ) ;
#1670 = DIRECTION ( 'NONE',  ( 3.154042683594197093E-16, -0.000000000000000000, 1.000000000000000000 ) ) ;
#1671 = EDGE_CURVE ( 'NONE', #1427, #2021, #4837, .T. ) ;
#1672 = CIRCLE ( 'NONE', #3649, 9.750000000000000000 ) ;
#1673 = FACE_OUTER_BOUND ( 'NONE', #4819, .T. ) ;
#1674 = EDGE_LOOP ( 'NONE', ( #4327, #2323, #3163, #2570 ) ) ;
#1675 = AXIS2_PLACEMENT_3D ( 'NONE', #3494, #3356, #4125 ) ;
#1676 = DIRECTION ( 'NONE',  ( 3.469446951953614189E-15, -0.000000000000000000, 1.000000000000000000 ) ) ;
#1677 = CARTESIAN_POINT ( 'NONE',  ( 3.249784543126012615, 13.65941950360783075, -7.334055259483403866 ) ) ;
#1678 = DIRECTION ( 'NONE',  ( 0.000000000000000000, -0.000000000000000000, -1.000000000000000000 ) ) ;
#1679 = EDGE_CURVE ( 'NONE', #1636, #3836, #3762, .T. ) ;
#1680 = CARTESIAN_POINT ( 'NONE',  ( 12.19215826602879638, -34.83309694988155059, -1.892315267457987504 ) ) ;
#1681 = DIRECTION ( 'NONE',  ( -1.000000000000000000, 0.000000000000000000, 3.336006684570779749E-15 ) ) ;
#1682 = DIRECTION ( 'NONE',  ( -0.000000000000000000, 1.000000000000000000, -0.000000000000000000 ) ) ;
#1683 = AXIS2_PLACEMENT_3D ( 'NONE', #60, #1312, #2887 ) ;
#1684 = LINE ( 'NONE', #3739, #1299 ) ;
#1686 = ORIENTED_EDGE ( 'NONE', *, *, #3613, .T. ) ;
#1685 = FACE_OUTER_BOUND ( 'NONE', #3662, .T. ) ;
#1687 = ORIENTED_EDGE ( 'NONE', *, *, #2268, .T. ) ;
#1688 = VERTEX_POINT ( 'NONE', #4036 ) ;
#1689 = CARTESIAN_POINT ( 'NONE',  ( 13.00108454312601047, -36.16925198007566422, -1.573329839556188103 ) ) ;
#1690 = ADVANCED_FACE ( 'NONE', ( #153 ), #4105, .F. ) ;
#1691 = ORIENTED_EDGE ( 'NONE', *, *, #750, .T. ) ;
#1692 = LINE ( 'NONE', #182, #1911 ) ;
#1693 = ORIENTED_EDGE ( 'NONE', *, *, #4783, .T. ) ;
#1694 = CARTESIAN_POINT ( 'NONE',  ( 9.549737041977062191, -35.18320392141058761, -1.793592291358575341 ) ) ;
#1695 = VECTOR ( 'NONE', #5024, 1000.000000000000000 ) ;
#1696 = CARTESIAN_POINT ( 'NONE',  ( 7.149784543126013858, -3.669251980075661113, 6.315944740516590272 ) ) ;
#1697 = CIRCLE ( 'NONE', #2349, 1.950000000000001288 ) ;
#1698 = CARTESIAN_POINT ( 'NONE',  ( 7.799784543126011549, -3.669251980075659780, -0.1840552594834037048 ) ) ;
#1699 = EDGE_CURVE ( 'NONE', #664, #4907, #2144, .T. ) ;
#1700 = VERTEX_POINT ( 'NONE', #3211 ) ;
#1701 = DIRECTION ( 'NONE',  ( -0.000000000000000000, -0.000000000000000000, 1.000000000000000000 ) ) ;
#1702 = DIRECTION ( 'NONE',  ( -0.000000000000000000, 1.000000000000000000, -0.000000000000000000 ) ) ;
#1703 = EDGE_CURVE ( 'NONE', #4468, #206, #4778, .T. ) ;
#1704 = LINE ( 'NONE', #2110, #864 ) ;
#1705 = LINE ( 'NONE', #3281, #1826 ) ;
#1706 = LINE ( 'NONE', #3306, #3780 ) ;
#1707 = CARTESIAN_POINT ( 'NONE',  ( -3.250215456873986497, -3.669251980075661113, -0.1840552594834037048 ) ) ;
#1708 = DIRECTION ( 'NONE',  ( 0.000000000000000000, 0.000000000000000000, -1.000000000000000000 ) ) ;
#1709 = VECTOR ( 'NONE', #898, 1000.000000000000000 ) ;
#1710 = ORIENTED_EDGE ( 'NONE', *, *, #1853, .T. ) ;
#1711 = ORIENTED_EDGE ( 'NONE', *, *, #2136, .F. ) ;
#1712 = CARTESIAN_POINT ( 'NONE',  ( -13.00021545687399005, 41.83074801992434999, 6.965944740516595068 ) ) ;
#1713 = VECTOR ( 'NONE', #1781, 1000.000000000000000 ) ;
#1714 = VECTOR ( 'NONE', #146, 1000.000000000000000 ) ;
#1715 = AXIS2_PLACEMENT_3D ( 'NONE', #1063, #1862, #4259 ) ;
#1716 = ORIENTED_EDGE ( 'NONE', *, *, #1448, .T. ) ;
#1717 = DIRECTION ( 'NONE',  ( 0.000000000000000000, 1.000000000000000000, 0.000000000000000000 ) ) ;
#1718 = ORIENTED_EDGE ( 'NONE', *, *, #4308, .T. ) ;
#1719 = DIRECTION ( 'NONE',  ( -0.000000000000000000, 0.000000000000000000, 1.000000000000000000 ) ) ;
#1720 = CIRCLE ( 'NONE', #646, 0.5200000000000000178 ) ;
#1721 = CIRCLE ( 'NONE', #8, 1.950000000000000400 ) ;
#1722 = FACE_OUTER_BOUND ( 'NONE', #2844, .T. ) ;
#1723 = AXIS2_PLACEMENT_3D ( 'NONE', #4283, #2835, #1649 ) ;
#1724 = ADVANCED_FACE ( 'NONE', ( #2585 ), #2639, .F. ) ;
#1725 = CARTESIAN_POINT ( 'NONE',  ( -3.250215456873989606, 10.72580649785039064, -9.934055259483404399 ) ) ;
#1726 = ORIENTED_EDGE ( 'NONE', *, *, #3153, .T. ) ;
#1727 = FACE_OUTER_BOUND ( 'NONE', #2291, .T. ) ;
#1728 = DIRECTION ( 'NONE',  ( -0.000000000000000000, -0.000000000000000000, 1.000000000000000000 ) ) ;
#1729 = EDGE_CURVE ( 'NONE', #3358, #527, #4916, .T. ) ;
#1730 = CARTESIAN_POINT ( 'NONE',  ( 12.22412512072600244, -35.48795405508440126, -1.696231315321069300 ) ) ;
#1731 = CYLINDRICAL_SURFACE ( 'NONE', #805, 6.500000000000000888 ) ;
#1732 = LINE ( 'NONE', #4826, #4607 ) ;
#1733 = DIRECTION ( 'NONE',  ( -1.224646799147359370E-16, -0.000000000000000000, 1.000000000000000000 ) ) ;
#1734 = LINE ( 'NONE', #961, #1066 ) ;
#1735 = VERTEX_POINT ( 'NONE', #1371 ) ;
#1736 = ORIENTED_EDGE ( 'NONE', *, *, #438, .T. ) ;
#1737 = DIRECTION ( 'NONE',  ( 0.000000000000000000, 0.000000000000000000, 1.000000000000000000 ) ) ;
#1738 = FACE_OUTER_BOUND ( 'NONE', #2312, .T. ) ;
#1739 = VERTEX_POINT ( 'NONE', #5004 ) ;
#1740 = FACE_BOUND ( 'NONE', #4990, .T. ) ;
#1741 = ORIENTED_EDGE ( 'NONE', *, *, #2705, .T. ) ;
#1742 = EDGE_CURVE ( 'NONE', #3440, #3169, #3770, .T. ) ;
#1743 = CARTESIAN_POINT ( 'NONE',  ( 8.525898868341270642, -31.41735191628553636, -3.985092629360171390 ) ) ;
#1744 = DIRECTION ( 'NONE',  ( 0.000000000000000000, -0.000000000000000000, 1.000000000000000000 ) ) ;
#1745 = CARTESIAN_POINT ( 'NONE',  ( -12.86268198462600409, 5.390997673849964755, -1.834508425571377721 ) ) ;
#1746 = VERTEX_POINT ( 'NONE', #2193 ) ;
#1747 = VECTOR ( 'NONE', #4723, 1000.000000000000000 ) ;
#1748 = FILL_AREA_STYLE_COLOUR ( '', #4648 ) ;
#1749 = CARTESIAN_POINT ( 'NONE',  ( 7.799784543126011549, 2.830748019924340664, 6.965944740516595068 ) ) ;
#1750 = DIRECTION ( 'NONE',  ( 1.000000000000000000, 1.927470528863134333E-15, 1.387778780781427690E-14 ) ) ;
#1751 = DIRECTION ( 'NONE',  ( 0.000000000000000000, 0.000000000000000000, 1.000000000000000000 ) ) ;
#1752 = CARTESIAN_POINT ( 'NONE',  ( -0.0002154568740609043211, -55.66925198007567133, 3.065944740516618250 ) ) ;
#1753 = FACE_OUTER_BOUND ( 'NONE', #3384, .T. ) ;
#1754 = CARTESIAN_POINT ( 'NONE',  ( 2.469784543126031462, -36.78948459635397938, 8.265944740516562916 ) ) ;
#1755 = EDGE_LOOP ( 'NONE', ( #26, #2722, #1509, #3905 ) ) ;
#1756 = EDGE_CURVE ( 'NONE', #4007, #5075, #2248, .T. ) ;
#1757 = VERTEX_POINT ( 'NONE', #4154 ) ;
#1758 = CARTESIAN_POINT ( 'NONE',  ( 7.736728031511049153, 8.894402864113953200, -5.757328346521445539 ) ) ;
#1759 = EDGE_CURVE ( 'NONE', #4577, #2920, #627, .T. ) ;
#1760 = CARTESIAN_POINT ( 'NONE',  ( 13.00108454312602824, -36.78948459635396517, 8.265944740516710354 ) ) ;
#1761 = EDGE_LOOP ( 'NONE', ( #1908, #255, #3086, #4035, #971, #738, #403 ) ) ;
#1762 = FACE_OUTER_BOUND ( 'NONE', #3340, .T. ) ;
#1763 = VECTOR ( 'NONE', #2962, 1000.000000000000000 ) ;
#1764 = VERTEX_POINT ( 'NONE', #249 ) ;
#1765 = CARTESIAN_POINT ( 'NONE',  ( 5.002675145051634686, -29.57807569842547224, -6.448265222102987693 ) ) ;
#1766 = PLANE ( 'NONE',  #2873 ) ;
#1767 = CARTESIAN_POINT ( 'NONE',  ( -0.0002154568739887398245, -39.41845135369774056, -9.935355259483404922 ) ) ;
#1768 = AXIS2_PLACEMENT_3D ( 'NONE', #868, #3120, #81 ) ;
#1769 = CARTESIAN_POINT ( 'NONE',  ( -12.14795199645517876, 7.768043315882822597, -4.182759509029378542 ) ) ;
#1770 = ORIENTED_EDGE ( 'NONE', *, *, #2080, .T. ) ;
#1771 = DIRECTION ( 'NONE',  ( -1.000000000000000000, -0.000000000000000000, 3.469446951953614189E-15 ) ) ;
#1772 = DIRECTION ( 'NONE',  ( 0.000000000000000000, -0.000000000000000000, -1.000000000000000000 ) ) ;
#1773 = VECTOR ( 'NONE', #3738, 1000.000000000000000 ) ;
#1774 = LINE ( 'NONE', #3761, #1521 ) ;
#1775 = CARTESIAN_POINT ( 'NONE',  ( -12.35021545687398792, -3.669251980075659780, -9.284055259483404043 ) ) ;
#1776 = FACE_OUTER_BOUND ( 'NONE', #314, .T. ) ;
#1777 = DIRECTION ( 'NONE',  ( 1.000000000000000000, 0.000000000000000000, -0.000000000000000000 ) ) ;
#1778 = CARTESIAN_POINT ( 'NONE',  ( -9.100215456873987918, 41.83204801992434341, 3.065944740516433953 ) ) ;
#1779 = ORIENTED_EDGE ( 'NONE', *, *, #2568, .F. ) ;
#1780 = ORIENTED_EDGE ( 'NONE', *, *, #1892, .F. ) ;
#1781 = DIRECTION ( 'NONE',  ( 1.000000000000000000, 0.000000000000000000, 9.462128050782590785E-16 ) ) ;
#1782 = EDGE_CURVE ( 'NONE', #97, #2073, #656, .T. ) ;
#1783 = EDGE_CURVE ( 'NONE', #1400, #3487, #1052, .T. ) ;
#1784 = DIRECTION ( 'NONE',  ( 0.000000000000000000, 0.000000000000000000, -1.000000000000000000 ) ) ;
#1785 = CARTESIAN_POINT ( 'NONE',  ( 7.799784543126011549, 41.83074801992434999, 4.365944740516595424 ) ) ;
#1786 = AXIS2_PLACEMENT_3D ( 'NONE', #437, #4398, #2007 ) ;
#1787 = ORIENTED_EDGE ( 'NONE', *, *, #1905, .T. ) ;
#1788 = ORIENTED_EDGE ( 'NONE', *, *, #3624, .F. ) ;
#1789 = AXIS2_PLACEMENT_3D ( 'NONE', #2609, #3055, #3722 ) ;
#1790 = VERTEX_POINT ( 'NONE', #3386 ) ;
#1791 = AXIS2_PLACEMENT_3D ( 'NONE', #3437, #4999, #1418 ) ;
#1792 = EDGE_CURVE ( 'NONE', #4009, #3111, #1396, .T. ) ;
#1793 = DIRECTION ( 'NONE',  ( -0.000000000000000000, -0.000000000000000000, 1.000000000000000000 ) ) ;
#1794 = DIRECTION ( 'NONE',  ( -1.387778780781427690E-14, -0.000000000000000000, 1.000000000000000000 ) ) ;
#1795 = CARTESIAN_POINT ( 'NONE',  ( 9.599581086414909592, -36.16925198007566422, -1.573329839556188103 ) ) ;
#1796 = DIRECTION ( 'NONE',  ( 0.000000000000000000, -1.000000000000000000, 0.000000000000000000 ) ) ;
#1797 = CARTESIAN_POINT ( 'NONE',  ( -4.770112903597393483, 10.70217922829618296, -9.844606585464873660 ) ) ;
#1798 = VERTEX_POINT ( 'NONE', #4954 ) ;
#1799 = LINE ( 'NONE', #699, #4561 ) ;
#1800 = CARTESIAN_POINT ( 'NONE',  ( 9.749784543126013503, -36.16925198007566422, -0.1840552594834037048 ) ) ;
#1801 = AXIS2_PLACEMENT_3D ( 'NONE', #2842, #884, #96 ) ;
#1802 = VECTOR ( 'NONE', #274, 1000.000000000000000 ) ;
#1803 = EDGE_CURVE ( 'NONE', #897, #3889, #1482, .T. ) ;
#1804 = DIRECTION ( 'NONE',  ( 0.000000000000000000, 1.000000000000000000, 0.000000000000000000 ) ) ;
#1805 = CARTESIAN_POINT ( 'NONE',  ( -9.100215456873987918, -55.66925198007567133, 3.065944740516433953 ) ) ;
#1806 = CARTESIAN_POINT ( 'NONE',  ( -3.440310167103199479, -47.04065331551598206, 0.5000000000000004441 ) ) ;
#1807 = CARTESIAN_POINT ( 'NONE',  ( 7.149784543126022740, -42.66925198007565712, 6.315944740516609812 ) ) ;
#1808 = CARTESIAN_POINT ( 'NONE',  ( -0.0002154568739887398245, -2.279166756933607818, 6.965944740516595068 ) ) ;
#1809 = ORIENTED_EDGE ( 'NONE', *, *, #4580, .T. ) ;
#1810 = ORIENTED_EDGE ( 'NONE', *, *, #4264, .T. ) ;
#1811 = EDGE_CURVE ( 'NONE', #4930, #1342, #2453, .T. ) ;
#1812 = DIRECTION ( 'NONE',  ( -0.000000000000000000, -1.000000000000000000, -0.000000000000000000 ) ) ;
#1813 = DIRECTION ( 'NONE',  ( 0.000000000000000000, 0.000000000000000000, 1.000000000000000000 ) ) ;
#1814 = CARTESIAN_POINT ( 'NONE',  ( 12.99978454312601350, 3.511060500539095131, -0.5350601557339503822 ) ) ;
#1815 = ORIENTED_EDGE ( 'NONE', *, *, #592, .F. ) ;
#1816 = ORIENTED_EDGE ( 'NONE', *, *, #3499, .T. ) ;
#1817 = ORIENTED_EDGE ( 'NONE', *, *, #4708, .T. ) ;
#1818 = CARTESIAN_POINT ( 'NONE',  ( 12.99978454312601173, 41.83074801992434999, 4.365944740516595424 ) ) ;
#1819 = CYLINDRICAL_SURFACE ( 'NONE', #3777, 2.600000000000002309 ) ;
#1820 = ADVANCED_FACE ( 'NONE', ( #2997 ), #1040, .F. ) ;
#1821 = EDGE_CURVE ( 'NONE', #1590, #1642, #299, .T. ) ;
#1822 = DIRECTION ( 'NONE',  ( -0.000000000000000000, -0.000000000000000000, 1.000000000000000000 ) ) ;
#1823 = VECTOR ( 'NONE', #3255, 1000.000000000000000 ) ;
#1824 = ORIENTED_EDGE ( 'NONE', *, *, #35, .F. ) ;
#1825 = EDGE_CURVE ( 'NONE', #477, #4127, #4591, .T. ) ;
#1826 = VECTOR ( 'NONE', #3327, 1000.000000000000000 ) ;
#1827 = CARTESIAN_POINT ( 'NONE',  ( -12.35021545687398792, -3.669251980075659780, -9.284055259483404043 ) ) ;
#1828 = CARTESIAN_POINT ( 'NONE',  ( -8.673617379884035472E-16, -45.00000000000000711, 0.000000000000000000 ) ) ;
#1829 = AXIS2_PLACEMENT_3D ( 'NONE', #2350, #2013, #736 ) ;
#1830 = CARTESIAN_POINT ( 'NONE',  ( -11.70021545687398756, -55.66925198007567133, 3.065944740516438394 ) ) ;
#1831 = CARTESIAN_POINT ( 'NONE',  ( 7.149784543126032510, -36.78948459635397228, -9.935355259483404922 ) ) ;
#1832 = CARTESIAN_POINT ( 'NONE',  ( 3.249784543126013947, -28.65756530299503879, -9.284055259483404043 ) ) ;
#1833 = DIRECTION ( 'NONE',  ( -1.000000000000000000, 0.000000000000000000, 0.000000000000000000 ) ) ;
#1834 = DIRECTION ( 'NONE',  ( -0.000000000000000000, -0.000000000000000000, 1.000000000000000000 ) ) ;
#1835 = EDGE_CURVE ( 'NONE', #1120, #2748, #4458, .T. ) ;
#1836 = VERTEX_POINT ( 'NONE', #3631 ) ;
#1837 = VERTEX_POINT ( 'NONE', #4400 ) ;
#1838 = CARTESIAN_POINT ( 'NONE',  ( -12.35021545687398792, -36.16925198007566422, -0.1840552594834037048 ) ) ;
#1839 = CARTESIAN_POINT ( 'NONE',  ( 6.116831702065666398, -41.79916675693360872, -9.935355259483404922 ) ) ;
#1840 = CARTESIAN_POINT ( 'NONE',  ( 3.634643125909656547, 10.72580649785039419, -9.934055259483406175 ) ) ;
#1841 = ORIENTED_EDGE ( 'NONE', *, *, #2341, .T. ) ;
#1842 = VERTEX_POINT ( 'NONE', #3134 ) ;
#1843 = EDGE_LOOP ( 'NONE', ( #4917, #2793, #3673, #3550, #1302, #3529 ) ) ;
#1844 = VERTEX_POINT ( 'NONE', #347 ) ;
#1845 = ADVANCED_FACE ( 'NONE', ( #1917 ), #4675, .F. ) ;
#1846 = VECTOR ( 'NONE', #4218, 1000.000000000000000 ) ;
#1847 = EDGE_CURVE ( 'NONE', #4126, #1616, #1644, .T. ) ;
#1848 = CARTESIAN_POINT ( 'NONE',  ( -3.250215456873989606, 13.65941950360783430, -7.334055259483403866 ) ) ;
#1849 = CARTESIAN_POINT ( 'NONE',  ( -6.500215456874059328, -42.66925198007565712, 8.265944740516438571 ) ) ;
#1850 = LINE ( 'NONE', #3806, #3040 ) ;
#1851 = CIRCLE ( 'NONE', #3324, 0.5200000000000000178 ) ;
#1852 = CARTESIAN_POINT ( 'NONE',  ( -3.250215456873989606, 9.759419503607835722, -7.334055259483403866 ) ) ;
#1853 = EDGE_CURVE ( 'NONE', #1219, #87, #2716, .T. ) ;
#1854 = VERTEX_POINT ( 'NONE', #4262 ) ;
#1855 = AXIS2_PLACEMENT_3D ( 'NONE', #2338, #433, #1182 ) ;
#1856 = CARTESIAN_POINT ( 'NONE',  ( 0.002183553277065063570, -55.66925198007567133, -6.034055259483404043 ) ) ;
#1857 = CARTESIAN_POINT ( 'NONE',  ( 6.116831702065666398, -41.27916675693359849, 6.315944740516592049 ) ) ;
#1858 = LINE ( 'NONE', #1442, #1351 ) ;
#1859 = DIRECTION ( 'NONE',  ( 1.000000000000000000, -0.000000000000000000, 0.000000000000000000 ) ) ;
#1860 = VECTOR ( 'NONE', #244, 1000.000000000000000 ) ;
#1861 = CARTESIAN_POINT ( 'NONE',  ( 13.00108454312601935, -37.82948459635393590, 8.265944740516710354 ) ) ;
#1862 = DIRECTION ( 'NONE',  ( 0.000000000000000000, 1.000000000000000000, 0.000000000000000000 ) ) ;
#1863 = LINE ( 'NONE', #3438, #123 ) ;
#1864 = ORIENTED_EDGE ( 'NONE', *, *, #2398, .T. ) ;
#1865 = EDGE_CURVE ( 'NONE', #176, #2556, #2861, .T. ) ;
#1866 = ORIENTED_EDGE ( 'NONE', *, *, #3064, .F. ) ;
#1867 = CARTESIAN_POINT ( 'NONE',  ( 10.39978454312601208, 2.830748019924340664, -0.1840552594834037048 ) ) ;
#1868 = AXIS2_PLACEMENT_3D ( 'NONE', #2961, #3348, #4944 ) ;
#1869 = PLANE ( 'NONE',  #1562 ) ;
#1870 = CARTESIAN_POINT ( 'NONE',  ( -3.250215456873986497, -26.86110827738353635, -6.684055259483403511 ) ) ;
#1871 = ORIENTED_EDGE ( 'NONE', *, *, #2392, .T. ) ;
#1872 = ORIENTED_EDGE ( 'NONE', *, *, #2544, .T. ) ;
#1873 = VERTEX_POINT ( 'NONE', #1121 ) ;
#1874 = EDGE_LOOP ( 'NONE', ( #2877, #4131, #3218, #3094 ) ) ;
#1875 = DIRECTION ( 'NONE',  ( -0.000000000000000000, -0.000000000000000000, 1.000000000000000000 ) ) ;
#1876 = LINE ( 'NONE', #1818, #1846 ) ;
#1877 = DIRECTION ( 'NONE',  ( -0.000000000000000000, -1.000000000000000000, -0.000000000000000000 ) ) ;
#1878 = AXIS2_PLACEMENT_3D ( 'NONE', #3988, #3268, #2028 ) ;
#1879 = ORIENTED_EDGE ( 'NONE', *, *, #215, .T. ) ;
#1880 = CARTESIAN_POINT ( 'NONE',  ( 7.149784543126032510, -39.88537143330199086, -9.935355259483404922 ) ) ;
#1881 = ORIENTED_EDGE ( 'NONE', *, *, #261, .F. ) ;
#1882 = FACE_OUTER_BOUND ( 'NONE', #1201, .T. ) ;
#1883 = DIRECTION ( 'NONE',  ( 1.000000000000000000, 0.000000000000000000, 0.000000000000000000 ) ) ;
#1884 = EDGE_CURVE ( 'NONE', #687, #655, #2828, .T. ) ;
#1885 = CARTESIAN_POINT ( 'NONE',  ( -9.750215456873954523, 41.83204801992433630, 3.715944740516637701 ) ) ;
#1886 = DIRECTION ( 'NONE',  ( -0.000000000000000000, -1.000000000000000000, -0.000000000000000000 ) ) ;
#1887 = AXIS2_PLACEMENT_3D ( 'NONE', #2674, #1875, #5013 ) ;
#1888 = DIRECTION ( 'NONE',  ( 1.000000000000000000, 0.000000000000000000, 1.224646799147359370E-16 ) ) ;
#1889 = DIRECTION ( 'NONE',  ( -1.000000000000000000, 1.084202172485504557E-16, 3.469446951953614189E-15 ) ) ;
#1890 = DIRECTION ( 'NONE',  ( -0.000000000000000000, -1.000000000000000000, -0.000000000000000000 ) ) ;
#1891 = ADVANCED_FACE ( 'NONE', ( #1673 ), #2029, .F. ) ;
#1892 = EDGE_CURVE ( 'NONE', #1158, #2150, #3031, .T. ) ;
#1893 = ORIENTED_EDGE ( 'NONE', *, *, #4528, .F. ) ;
#1894 = DIRECTION ( 'NONE',  ( -1.000000000000000000, 7.449190748550659901E-16, 0.000000000000000000 ) ) ;
#1895 = VECTOR ( 'NONE', #2348, 1000.000000000000000 ) ;
#1896 = LINE ( 'NONE', #3825, #168 ) ;
#1897 = DIRECTION ( 'NONE',  ( 0.000000000000000000, 0.000000000000000000, 1.000000000000000000 ) ) ;
#1898 = ORIENTED_EDGE ( 'NONE', *, *, #3046, .F. ) ;
#1899 = CARTESIAN_POINT ( 'NONE',  ( -4.260081680739232546, -29.48880689201804728, -6.624731387668604476 ) ) ;
#1900 = ORIENTED_EDGE ( 'NONE', *, *, #3848, .T. ) ;
#1901 = ORIENTED_EDGE ( 'NONE', *, *, #1282, .F. ) ;
#1902 = ORIENTED_EDGE ( 'NONE', *, *, #2519, .F. ) ;
#1903 = UNCERTAINTY_MEASURE_WITH_UNIT (LENGTH_MEASURE( 1.000000000000000082E-05 ), #4166, 'distance_accuracy_value', 'NONE');
#1904 = CARTESIAN_POINT ( 'NONE',  ( -2.600215456873987918, -1.925371433301987567, 6.965944740516595068 ) ) ;
#1905 = EDGE_CURVE ( 'NONE', #2444, #1735, #2277, .T. ) ;
#1906 = VERTEX_POINT ( 'NONE', #3900 ) ;
#1907 = PLANE ( 'NONE',  #2266 ) ;
#1908 = ORIENTED_EDGE ( 'NONE', *, *, #4255, .T. ) ;
#1909 = DIRECTION ( 'NONE',  ( -1.000000000000000000, 0.000000000000000000, 3.469446951953614189E-15 ) ) ;
#1910 = AXIS2_PLACEMENT_3D ( 'NONE', #5006, #2351, #4314 ) ;
#1911 = VECTOR ( 'NONE', #2847, 1000.000000000000000 ) ;
#1912 = DIRECTION ( 'NONE',  ( 0.000000000000000000, 0.000000000000000000, -1.000000000000000000 ) ) ;
#1913 = DIRECTION ( 'NONE',  ( 1.000000000000000000, -1.334402673828312846E-15, 0.000000000000000000 ) ) ;
#1914 = FACE_OUTER_BOUND ( 'NONE', #460, .T. ) ;
#1915 = CARTESIAN_POINT ( 'NONE',  ( 13.00108454312607442, -3.669251980075659780, 8.915944740516568601 ) ) ;
#1916 = EDGE_LOOP ( 'NONE', ( #4656, #2406, #1900, #938 ) ) ;
#1917 = FACE_OUTER_BOUND ( 'NONE', #2562, .T. ) ;
#1918 = CARTESIAN_POINT ( 'NONE',  ( -11.70021545687398756, -42.66925198007565712, -8.634055259483403688 ) ) ;
#1919 = DIRECTION ( 'NONE',  ( -0.000000000000000000, -1.000000000000000000, -0.000000000000000000 ) ) ;
#1920 = VERTEX_POINT ( 'NONE', #3515 ) ;
#1921 = CIRCLE ( 'NONE', #3892, 7.150000000000000355 ) ;
#1922 = DIRECTION ( 'NONE',  ( -1.000000000000000000, 0.000000000000000000, -0.000000000000000000 ) ) ;
#1923 = ORIENTED_EDGE ( 'NONE', *, *, #4310, .F. ) ;
#1924 = ORIENTED_EDGE ( 'NONE', *, *, #2498, .F. ) ;
#1925 = ORIENTED_EDGE ( 'NONE', *, *, #536, .F. ) ;
#1926 = EDGE_CURVE ( 'NONE', #346, #2936, #1167, .T. ) ;
#1927 = VECTOR ( 'NONE', #1036, 1000.000000000000000 ) ;
#1928 = DIRECTION ( 'NONE',  ( 1.000000000000000000, 0.000000000000000000, -0.000000000000000000 ) ) ;
#1929 = EDGE_CURVE ( 'NONE', #5075, #3457, #804, .T. ) ;
#1930 = ORIENTED_EDGE ( 'NONE', *, *, #11, .T. ) ;
#1931 = CARTESIAN_POINT ( 'NONE',  ( -7.800215456873988096, 41.83074801992434999, 9.565944740516595601 ) ) ;
#1932 = ORIENTED_EDGE ( 'NONE', *, *, #2757, .F. ) ;
#1933 = VECTOR ( 'NONE', #4019, 1000.000000000000000 ) ;
#1934 = CARTESIAN_POINT ( 'NONE',  ( -0.0002154568739821999441, -67.37055198007574575, -6.684055259483403511 ) ) ;
#1935 = VECTOR ( 'NONE', #1498, 1000.000000000000000 ) ;
#1936 = LINE ( 'NONE', #1549, #2917 ) ;
#1937 = CARTESIAN_POINT ( 'NONE',  ( 6.023322417162247255, -39.41845135369774056, 8.265944740516612654 ) ) ;
#1938 = FACE_OUTER_BOUND ( 'NONE', #1011, .T. ) ;
#1939 = LINE ( 'NONE', #4335, #1069 ) ;
#1940 = ORIENTED_EDGE ( 'NONE', *, *, #1926, .F. ) ;
#1941 = CARTESIAN_POINT ( 'NONE',  ( -9.750215456873986497, 41.83204801992433630, -0.1840552594834037048 ) ) ;
#1942 = CARTESIAN_POINT ( 'NONE',  ( 6.116831702065666398, -41.79916675693360872, 8.265944740516614431 ) ) ;
#1943 = LINE ( 'NONE', #374, #2975 ) ;
#1944 = ORIENTED_EDGE ( 'NONE', *, *, #4034, .T. ) ;
#1945 = CARTESIAN_POINT ( 'NONE',  ( -12.22454226713043468, -35.48746001478698986, -1.696320436804358511 ) ) ;
#1946 = ORIENTED_EDGE ( 'NONE', *, *, #4850, .T. ) ;
#1947 = ORIENTED_EDGE ( 'NONE', *, *, #4407, .F. ) ;
#1948 = VECTOR ( 'NONE', #62, 1000.000000000000000 ) ;
#1949 = EDGE_CURVE ( 'NONE', #4343, #4038, #1279, .T. ) ;
#1950 = EDGE_LOOP ( 'NONE', ( #1946, #1194, #792, #2697 ) ) ;
#1951 = EDGE_CURVE ( 'NONE', #3111, #1037, #325, .T. ) ;
#1952 = CARTESIAN_POINT ( 'NONE',  ( 6.499784543126010838, -42.66925198007565712, 3.065944740516618694 ) ) ;
#1953 = EDGE_CURVE ( 'NONE', #2484, #1502, #1625, .T. ) ;
#1954 = ORIENTED_EDGE ( 'NONE', *, *, #3655, .F. ) ;
#1955 = EDGE_CURVE ( 'NONE', #2142, #2936, #4311, .T. ) ;
#1956 = DIRECTION ( 'NONE',  ( 1.000000000000000000, 0.000000000000000000, 1.224646799147359370E-16 ) ) ;
#1957 = ORIENTED_EDGE ( 'NONE', *, *, #1441, .F. ) ;
#1958 = CARTESIAN_POINT ( 'NONE',  ( 6.499784543125973535, -55.66925198007567133, 5.665944740516618339 ) ) ;
#1959 = VECTOR ( 'NONE', #1240, 1000.000000000000000 ) ;
#1960 = AXIS2_PLACEMENT_3D ( 'NONE', #4416, #4879, #3674 ) ;
#1961 = VECTOR ( 'NONE', #1416, 1000.000000000000000 ) ;
#1962 = CIRCLE ( 'NONE', #161, 0.5200000000000035705 ) ;
#1963 = DIRECTION ( 'NONE',  ( 1.000000000000000000, 0.000000000000000000, 0.000000000000000000 ) ) ;
#1964 = CARTESIAN_POINT ( 'NONE',  ( -6.109507299056266660, -41.27916675693359849, 6.315944740516597378 ) ) ;
#1965 = DIRECTION ( 'NONE',  ( -1.000000000000000000, 0.000000000000000000, 0.000000000000000000 ) ) ;
#1966 = CARTESIAN_POINT ( 'NONE',  ( -0.0002154568739887398245, -37.82948459635397143, -9.935355259483404922 ) ) ;
#1967 = EDGE_CURVE ( 'NONE', #2541, #3063, #2419, .T. ) ;
#1968 = VECTOR ( 'NONE', #943, 1000.000000000000000 ) ;
#1969 = AXIS2_PLACEMENT_3D ( 'NONE', #1212, #392, #801 ) ;
#1970 = CARTESIAN_POINT ( 'NONE',  ( 7.149784543126022740, -3.669251980075661113, 6.315944740516592049 ) ) ;
#1971 = DIRECTION ( 'NONE',  ( -1.000000000000000000, -0.000000000000000000, -0.000000000000000000 ) ) ;
#1972 = DIRECTION ( 'NONE',  ( 0.000000000000000000, 0.000000000000000000, 1.000000000000000000 ) ) ;
#1973 = VERTEX_POINT ( 'NONE', #3345 ) ;
#1974 = CARTESIAN_POINT ( 'NONE',  ( -3.942863974024275908, -28.65756530299503524, -9.284055259483405820 ) ) ;
#1975 = ORIENTED_EDGE ( 'NONE', *, *, #4526, .T. ) ;
#1976 = ORIENTED_EDGE ( 'NONE', *, *, #4532, .T. ) ;
#1977 = AXIS2_PLACEMENT_3D ( 'NONE', #1392, #2689, #4720 ) ;
#1978 = ORIENTED_EDGE ( 'NONE', *, *, #3260, .T. ) ;
#1979 = CARTESIAN_POINT ( 'NONE',  ( -7.150215456873985964, -3.669251980075661113, 3.715944740516637257 ) ) ;
#1980 = ORIENTED_EDGE ( 'NONE', *, *, #1759, .F. ) ;
#1981 = LINE ( 'NONE', #4739, #1196 ) ;
#1982 = VERTEX_POINT ( 'NONE', #2180 ) ;
#1983 = DIRECTION ( 'NONE',  ( 3.154042683594197093E-16, -0.000000000000000000, 1.000000000000000000 ) ) ;
#1984 = EDGE_CURVE ( 'NONE', #3828, #4753, #1365, .T. ) ;
#1985 = EDGE_CURVE ( 'NONE', #1541, #869, #162, .T. ) ;
#1986 = CARTESIAN_POINT ( 'NONE',  ( -7.800215456873988096, -1.925371433301986901, 9.567244740516594348 ) ) ;
#1987 = DIRECTION ( 'NONE',  ( 1.000000000000000000, 0.000000000000000000, 0.000000000000000000 ) ) ;
#1988 = CARTESIAN_POINT ( 'NONE',  ( -0.0002154568740609043211, -55.66925198007567133, -2.134055259483404576 ) ) ;
#1989 = CARTESIAN_POINT ( 'NONE',  ( -9.750215456873954523, -3.669251980075661113, 3.715944740516637701 ) ) ;
#1990 = CIRCLE ( 'NONE', #2149, 0.5200000000000004619 ) ;
#1991 = ADVANCED_FACE ( 'NONE', ( #3660 ), #998, .F. ) ;
#1992 = CARTESIAN_POINT ( 'NONE',  ( -3.250215456873989606, 37.93074801992433720, -0.8340552594834044209 ) ) ;
#1993 = CARTESIAN_POINT ( 'NONE',  ( 2.430541126713434696, -55.66925198007567133, -6.034055259483404043 ) ) ;
#1994 = CARTESIAN_POINT ( 'NONE',  ( 3.440310167103196370, -47.04065331551598206, 0.000000000000000000 ) ) ;
#1995 = ORIENTED_EDGE ( 'NONE', *, *, #1892, .T. ) ;
#1996 = DIRECTION ( 'NONE',  ( -0.000000000000000000, -0.000000000000000000, -1.000000000000000000 ) ) ;
#1997 = ORIENTED_EDGE ( 'NONE', *, *, #4843, .T. ) ;
#1998 = VERTEX_POINT ( 'NONE', #4915 ) ;
#1999 = ORIENTED_EDGE ( 'NONE', *, *, #3727, .F. ) ;
#2000 = CIRCLE ( 'NONE', #3398, 0.5200000000000013500 ) ;
#2001 = ORIENTED_EDGE ( 'NONE', *, *, #535, .T. ) ;
#2002 = CARTESIAN_POINT ( 'NONE',  ( -7.800215456873988096, 1.170515403646043229, 9.567244740516594348 ) ) ;
#2003 = VERTEX_POINT ( 'NONE', #2982 ) ;
#2004 = EDGE_CURVE ( 'NONE', #2073, #1739, #3756, .T. ) ;
#2005 = CARTESIAN_POINT ( 'NONE',  ( 5.199784543126011016, -42.66925198007565712, -2.134055259483403244 ) ) ;
#2006 = ORIENTED_EDGE ( 'NONE', *, *, #300, .F. ) ;
#2007 = DIRECTION ( 'NONE',  ( -1.000000000000000000, 0.000000000000000000, 0.000000000000000000 ) ) ;
#2008 = ADVANCED_FACE ( 'NONE', ( #139 ), #2958, .F. ) ;
#2009 = CARTESIAN_POINT ( 'NONE',  ( -0.0002154568739892554711, -1.925371433301987567, 9.567244740516594348 ) ) ;
#2010 = DIRECTION ( 'NONE',  ( -0.000000000000000000, 1.000000000000000000, -0.000000000000000000 ) ) ;
#2011 = CARTESIAN_POINT ( 'NONE',  ( -3.250215456873989606, 37.93074801992433720, -7.334055259483403866 ) ) ;
#2012 = PLANE ( 'NONE',  #2631 ) ;
#2013 = DIRECTION ( 'NONE',  ( -0.000000000000000000, 1.000000000000000000, -0.000000000000000000 ) ) ;
#2014 = CARTESIAN_POINT ( 'NONE',  ( -0.0002154568739821999441, -67.37055198007574575, -6.684055259483403511 ) ) ;
#2015 = LINE ( 'NONE', #3183, #5010 ) ;
#2016 = EDGE_CURVE ( 'NONE', #1658, #4830, #2569, .T. ) ;
#2017 = EDGE_LOOP ( 'NONE', ( #1126, #305, #1108, #3062 ) ) ;
#2018 = FACE_OUTER_BOUND ( 'NONE', #2308, .T. ) ;
#2019 = ORIENTED_EDGE ( 'NONE', *, *, #3573, .T. ) ;
#2020 = ORIENTED_EDGE ( 'NONE', *, *, #1477, .T. ) ;
#2021 = VERTEX_POINT ( 'NONE', #2547 ) ;
#2022 = EDGE_LOOP ( 'NONE', ( #4891, #509, #642, #1043 ) ) ;
#2023 = CARTESIAN_POINT ( 'NONE',  ( 7.799784543126011549, -3.669251980075659780, 6.965944740516595068 ) ) ;
#2024 = VECTOR ( 'NONE', #1164, 1000.000000000000000 ) ;
#2025 = ORIENTED_EDGE ( 'NONE', *, *, #3298, .F. ) ;
#2026 = CARTESIAN_POINT ( 'NONE',  ( 9.099784543126011371, 41.83204801992434341, -2.134055259483402800 ) ) ;
#2027 = VERTEX_POINT ( 'NONE', #4138 ) ;
#2028 = DIRECTION ( 'NONE',  ( 0.000000000000000000, 0.000000000000000000, -1.000000000000000000 ) ) ;
#2029 = PLANE ( 'NONE',  #76 ) ;
#2030 = ORIENTED_EDGE ( 'NONE', *, *, #2619, .F. ) ;
#2031 = AXIS2_PLACEMENT_3D ( 'NONE', #1767, #1796, #4629 ) ;
#2032 = DIRECTION ( 'NONE',  ( 0.000000000000000000, -1.000000000000000000, 0.000000000000000000 ) ) ;
#2033 = LINE ( 'NONE', #827, #4848 ) ;
#2034 = DIRECTION ( 'NONE',  ( 0.000000000000000000, -1.000000000000000000, 0.000000000000000000 ) ) ;
#2035 = EDGE_CURVE ( 'NONE', #4454, #4184, #4044, .T. ) ;
#2036 = CARTESIAN_POINT ( 'NONE',  ( 12.99978454312601173, 41.83074801992434999, -0.1840552594834048428 ) ) ;
#2037 = CIRCLE ( 'NONE', #2701, 5.200000000000001066 ) ;
#2038 = CIRCLE ( 'NONE', #1791, 1.950000000000001288 ) ;
#2039 = ADVANCED_FACE ( 'NONE', ( #2472 ), #2154, .T. ) ;
#2040 = DIRECTION ( 'NONE',  ( -1.000000000000000000, 0.000000000000000000, 0.000000000000000000 ) ) ;
#2041 = CARTESIAN_POINT ( 'NONE',  ( -11.70021545687398756, -55.66925198007567133, 3.065944740516433953 ) ) ;
#2042 = LINE ( 'NONE', #1339, #2626 ) ;
#2043 = CARTESIAN_POINT ( 'NONE',  ( 2.599784543126012260, -1.405371433301987327, 6.965944740516595068 ) ) ;
#2044 = DIRECTION ( 'NONE',  ( 0.000000000000000000, -1.000000000000000000, 0.000000000000000000 ) ) ;
#2045 = EDGE_CURVE ( 'NONE', #4038, #435, #878, .T. ) ;
#2046 = ORIENTED_EDGE ( 'NONE', *, *, #516, .T. ) ;
#2047 = ADVANCED_FACE ( 'NONE', ( #4164 ), #2263, .F. ) ;
#2048 = EDGE_LOOP ( 'NONE', ( #2533, #2466, #2281, #947 ) ) ;
#2049 = DIRECTION ( 'NONE',  ( 0.000000000000000000, 0.000000000000000000, -1.000000000000000000 ) ) ;
#2050 = VERTEX_POINT ( 'NONE', #337 ) ;
#2051 = DIRECTION ( 'NONE',  ( -0.000000000000000000, 1.000000000000000000, -0.000000000000000000 ) ) ;
#2052 = AXIS2_PLACEMENT_3D ( 'NONE', #3617, #1652, #2506 ) ;
#2053 = ORIENTED_EDGE ( 'NONE', *, *, #657, .F. ) ;
#2054 = CYLINDRICAL_SURFACE ( 'NONE', #1028, 0.5199999999999995737 ) ;
#2055 = ORIENTED_EDGE ( 'NONE', *, *, #1210, .T. ) ;
#2056 = ADVANCED_FACE ( 'NONE', ( #724 ), #1907, .F. ) ;
#2057 = CARTESIAN_POINT ( 'NONE',  ( -0.0002154568739887398245, 37.93074801992433720, -5.384055259483402800 ) ) ;
#2058 = DIRECTION ( 'NONE',  ( 7.449190748550659901E-16, 1.000000000000000000, 0.000000000000000000 ) ) ;
#2059 = VERTEX_POINT ( 'NONE', #4964 ) ;
#2060 = CARTESIAN_POINT ( 'NONE',  ( -7.800215456873988096, -3.669251980075659780, 6.965944740516595068 ) ) ;
#2061 = DIRECTION ( 'NONE',  ( 3.469446951953614189E-16, -1.000000000000000000, 0.000000000000000000 ) ) ;
#2062 = SURFACE_SIDE_STYLE ('',( #3610 ) ) ;
#2063 = CARTESIAN_POINT ( 'NONE',  ( 11.97416348091707583, -32.98418971447890158, -2.777385516103420215 ) ) ;
#2064 = CARTESIAN_POINT ( 'NONE',  ( -7.800215456873988096, -3.669251980075659780, 8.875159797092589287 ) ) ;
#2065 = CARTESIAN_POINT ( 'NONE',  ( 6.106605262655629751, -0.4184513536977433334, 9.567244740516594348 ) ) ;
#2066 = CARTESIAN_POINT ( 'NONE',  ( 7.799784543126011549, -3.669251980075659780, 8.915944740516586364 ) ) ;
#2068 = VERTEX_POINT ( 'NONE', #5064 ) ;
#2067 = CARTESIAN_POINT ( 'NONE',  ( -7.800215456873988096, -3.669251980075659780, 6.965944740516595068 ) ) ;
#2069 = ORIENTED_EDGE ( 'NONE', *, *, #3189, .T. ) ;
#2070 = ORIENTED_EDGE ( 'NONE', *, *, #1949, .F. ) ;
#2071 = CARTESIAN_POINT ( 'NONE',  ( -2.600215456873987918, -1.405371433301987327, 9.567244740516594348 ) ) ;
#2072 = AXIS2_PLACEMENT_3D ( 'NONE', #945, #1350, #2123 ) ;
#2073 = VERTEX_POINT ( 'NONE', #3837 ) ;
#2074 = FACE_OUTER_BOUND ( 'NONE', #2719, .T. ) ;
#2075 = EDGE_CURVE ( 'NONE', #1489, #2589, #2234, .T. ) ;
#2076 = VECTOR ( 'NONE', #3136, 1000.000000000000000 ) ;
#2077 = ORIENTED_EDGE ( 'NONE', *, *, #71, .T. ) ;
#2078 = DIRECTION ( 'NONE',  ( -0.000000000000000000, 1.000000000000000000, -0.000000000000000000 ) ) ;
#2079 = DIRECTION ( 'NONE',  ( -1.927470528863118950E-15, 1.000000000000000000, -0.000000000000000000 ) ) ;
#2080 = EDGE_CURVE ( 'NONE', #4579, #874, #1435, .T. ) ;
#2081 = CIRCLE ( 'NONE', #3402, 7.150000000000000355 ) ;
#2082 = CARTESIAN_POINT ( 'NONE',  ( -6.500215456873987385, -55.66925198007567133, 3.065944740516438394 ) ) ;
#2083 = ORIENTED_EDGE ( 'NONE', *, *, #4345, .F. ) ;
#2084 = CARTESIAN_POINT ( 'NONE',  ( 7.799784543126011549, -1.925371433301987567, 6.965944740516595068 ) ) ;
#2085 = DIRECTION ( 'NONE',  ( 0.000000000000000000, 0.000000000000000000, -1.000000000000000000 ) ) ;
#2086 = AXIS2_PLACEMENT_3D ( 'NONE', #3395, #1794, #4583 ) ;
#2087 = CYLINDRICAL_SURFACE ( 'NONE', #4955, 0.5199999999999987965 ) ;
#2088 = CARTESIAN_POINT ( 'NONE',  ( -10.40021545687399041, 41.83074801992434999, 4.365944740516595424 ) ) ;
#2089 = CARTESIAN_POINT ( 'NONE',  ( 7.799784543126011549, 2.830748019924340664, -0.1840552594834037048 ) ) ;
#2090 = AXIS2_PLACEMENT_3D ( 'NONE', #3322, #2182, #3758 ) ;
#2091 = LINE ( 'NONE', #4124, #2454 ) ;
#2092 = CARTESIAN_POINT ( 'NONE',  ( -9.100215456873987918, -42.66925198007565712, -2.134055259483405464 ) ) ;
#2093 = ORIENTED_EDGE ( 'NONE', *, *, #4886, .T. ) ;
#2094 = ORIENTED_EDGE ( 'NONE', *, *, #1537, .F. ) ;
#2095 = CARTESIAN_POINT ( 'NONE',  ( 7.799784543126011549, 2.830748019924340664, 4.365944740516595424 ) ) ;
#2096 = VECTOR ( 'NONE', #1134, 1000.000000000000000 ) ;
#2097 = ORIENTED_EDGE ( 'NONE', *, *, #4403, .F. ) ;
#2098 = CARTESIAN_POINT ( 'NONE',  ( 7.149784543126022740, 41.83204801992433630, 6.315944740516592049 ) ) ;
#2099 = EDGE_CURVE ( 'NONE', #3084, #4374, #1437, .T. ) ;
#2100 = ORIENTED_EDGE ( 'NONE', *, *, #186, .T. ) ;
#2101 = FACE_OUTER_BOUND ( 'NONE', #4268, .T. ) ;
#2102 = VECTOR ( 'NONE', #4456, 1000.000000000000000 ) ;
#2103 = DIRECTION ( 'NONE',  ( 0.000000000000000000, -1.000000000000000000, 0.000000000000000000 ) ) ;
#2104 = ADVANCED_FACE ( 'NONE', ( #1051 ), #3428, .F. ) ;
#2105 = VECTOR ( 'NONE', #570, 1000.000000000000000 ) ;
#2106 = CARTESIAN_POINT ( 'NONE',  ( -6.242550180748644983, 10.59221699452326781, -9.471287353420681399 ) ) ;
#2107 = ORIENTED_EDGE ( 'NONE', *, *, #3735, .F. ) ;
#2108 = DIRECTION ( 'NONE',  ( -0.000000000000000000, -0.000000000000000000, 1.000000000000000000 ) ) ;
#2109 = CARTESIAN_POINT ( 'NONE',  ( -6.876168419277810528, 0.1015486463022569480, 6.965944740516595068 ) ) ;
#2110 = CARTESIAN_POINT ( 'NONE',  ( -7.800215456873988096, -3.669251980075659780, 8.875159797092589287 ) ) ;
#2111 = DIRECTION ( 'NONE',  ( 0.000000000000000000, 0.000000000000000000, 1.000000000000000000 ) ) ;
#2112 = CARTESIAN_POINT ( 'NONE',  ( 13.00108454312607442, 2.210515403646040600, 8.915944740516568601 ) ) ;
#2113 = CARTESIAN_POINT ( 'NONE',  ( -2.470215456873968041, -37.30948459635396119, 6.315944740516594713 ) ) ;
#2115 = ORIENTED_EDGE ( 'NONE', *, *, #3965, .T. ) ;
#2114 = CARTESIAN_POINT ( 'NONE',  ( -7.150215456873985964, -36.16925198007566422, 3.715944740516637257 ) ) ;
#2116 = EDGE_CURVE ( 'NONE', #2996, #2556, #259, .T. ) ;
#2117 = AXIS2_PLACEMENT_3D ( 'NONE', #1608, #835, #4366 ) ;
#2118 = ORIENTED_EDGE ( 'NONE', *, *, #4625, .F. ) ;
#2119 = VERTEX_POINT ( 'NONE', #669 ) ;
#2120 = CARTESIAN_POINT ( 'NONE',  ( -7.150215456873968201, -42.66925198007565712, 8.915944740516597022 ) ) ;
#2121 = DIRECTION ( 'NONE',  ( -1.000000000000000000, 0.000000000000000000, 0.000000000000000000 ) ) ;
#2122 = ORIENTED_EDGE ( 'NONE', *, *, #104, .F. ) ;
#2123 = DIRECTION ( 'NONE',  ( 0.000000000000000000, -0.000000000000000000, 1.000000000000000000 ) ) ;
#2124 = EDGE_CURVE ( 'NONE', #2670, #2119, #3912, .T. ) ;
#2125 = ORIENTED_EDGE ( 'NONE', *, *, #3573, .F. ) ;
#2126 = CARTESIAN_POINT ( 'NONE',  ( 8.994276250916879434, -32.31603198975827240, -3.230201303131481794 ) ) ;
#2127 = AXIS2_PLACEMENT_3D ( 'NONE', #1598, #1647, #3609 ) ;
#2128 = VECTOR ( 'NONE', #2458, 1000.000000000000000 ) ;
#2129 = CARTESIAN_POINT ( 'NONE',  ( 2.599784543126012260, -1.925371433301987567, 8.915944740516602351 ) ) ;
#2130 = AXIS2_PLACEMENT_3D ( 'NONE', #630, #251, #4179 ) ;
#2131 = DIRECTION ( 'NONE',  ( 0.000000000000000000, -1.000000000000000000, 0.000000000000000000 ) ) ;
#2132 = ORIENTED_EDGE ( 'NONE', *, *, #2116, .F. ) ;
#2133 = EDGE_CURVE ( 'NONE', #2896, #477, #4640, .T. ) ;
#2134 = CARTESIAN_POINT ( 'NONE',  ( -9.750215456873986497, -3.669251980075661113, -0.1840552594834037048 ) ) ;
#2135 = DIRECTION ( 'NONE',  ( -1.000802005371236804E-15, 0.000000000000000000, 1.000000000000000000 ) ) ;
#2136 = EDGE_CURVE ( 'NONE', #1700, #2643, #2704, .T. ) ;
#2137 = DIRECTION ( 'NONE',  ( 0.000000000000000000, -1.000000000000000000, 0.000000000000000000 ) ) ;
#2138 = CARTESIAN_POINT ( 'NONE',  ( 6.106605262655629751, 0.6215486463022554808, 8.915944740516613010 ) ) ;
#2139 = CARTESIAN_POINT ( 'NONE',  ( 10.39978454312601208, 2.830748019924340664, 4.365944740516595424 ) ) ;
#2140 = CARTESIAN_POINT ( 'NONE',  ( 0.002183553277065063570, -67.37055198007574575, -6.034055259483404043 ) ) ;
#2141 = CARTESIAN_POINT ( 'NONE',  ( 7.149784543125941916, -36.16925198007566422, 8.915944740516895450 ) ) ;
#2142 = VERTEX_POINT ( 'NONE', #3399 ) ;
#2143 = ORIENTED_EDGE ( 'NONE', *, *, #3956, .F. ) ;
#2144 = LINE ( 'NONE', #75, #2287 ) ;
#2145 = EDGE_CURVE ( 'NONE', #3847, #3216, #4195, .T. ) ;
#2146 = CARTESIAN_POINT ( 'NONE',  ( 3.982459901891388654, -54.00100000000006162, 0.000000000000000000 ) ) ;
#2147 = ORIENTED_EDGE ( 'NONE', *, *, #1471, .F. ) ;
#2148 = CARTESIAN_POINT ( 'NONE',  ( -7.150215456873968201, -39.88537143330199086, 8.265944740516429690 ) ) ;
#2149 = AXIS2_PLACEMENT_3D ( 'NONE', #423, #2867, #1681 ) ;
#2150 = VERTEX_POINT ( 'NONE', #1931 ) ;
#2151 = DIRECTION ( 'NONE',  ( -1.000000000000000000, -1.927470528863118950E-15, 0.000000000000000000 ) ) ;
#2152 = FACE_OUTER_BOUND ( 'NONE', #5085, .T. ) ;
#2153 = DIRECTION ( 'NONE',  ( -0.000000000000000000, -1.000000000000000000, 0.000000000000000000 ) ) ;
#2154 = CYLINDRICAL_SURFACE ( 'NONE', #2343, 5.200000000000001066 ) ;
#2155 = EDGE_LOOP ( 'NONE', ( #3874, #3603, #4706, #1486 ) ) ;
#2156 =( NAMED_UNIT ( * ) PLANE_ANGLE_UNIT ( ) SI_UNIT ( $, .RADIAN. ) );
#2157 =( LENGTH_UNIT ( ) NAMED_UNIT ( * ) SI_UNIT ( .MILLI., .METRE. ) );
#2158 = EDGE_CURVE ( 'NONE', #1348, #3262, #3888, .T. ) ;
#2159 = EDGE_CURVE ( 'NONE', #4080, #485, #4222, .T. ) ;
#2160 = DIRECTION ( 'NONE',  ( 3.154042683594197093E-16, -0.000000000000000000, 1.000000000000000000 ) ) ;
#2161 = PLANE ( 'NONE',  #2731 ) ;
#2162 = CARTESIAN_POINT ( 'NONE',  ( -0.0002154568739887398245, 37.93074801992433720, -7.334055259483403866 ) ) ;
#2163 = DIRECTION ( 'NONE',  ( -0.000000000000000000, -0.000000000000000000, 1.000000000000000000 ) ) ;
#2164 = DIRECTION ( 'NONE',  ( -1.000000000000000000, 0.000000000000000000, 0.000000000000000000 ) ) ;
#2165 = ORIENTED_EDGE ( 'NONE', *, *, #1985, .T. ) ;
#2166 = EDGE_CURVE ( 'NONE', #554, #4079, #2593, .T. ) ;
#2167 = ORIENTED_EDGE ( 'NONE', *, *, #1821, .F. ) ;
#2168 = CARTESIAN_POINT ( 'NONE',  ( -7.800215456873957010, -3.669251980075659780, 8.915944740516639655 ) ) ;
#2169 = VECTOR ( 'NONE', #4278, 1000.000000000000000 ) ;
#2170 = DIRECTION ( 'NONE',  ( 1.000000000000000000, 0.000000000000000000, 0.000000000000000000 ) ) ;
#2171 = CARTESIAN_POINT ( 'NONE',  ( 6.253155144916520136, 10.59114197825132386, -9.467760916723669595 ) ) ;
#2172 = ORIENTED_EDGE ( 'NONE', *, *, #4345, .T. ) ;
#2173 = ORIENTED_EDGE ( 'NONE', *, *, #343, .F. ) ;
#2174 = CIRCLE ( 'NONE', #4235, 1.950000000000000400 ) ;
#2175 = VERTEX_POINT ( 'NONE', #1852 ) ;
#2176 = CARTESIAN_POINT ( 'NONE',  ( 3.762201990454129508, -29.46837568396195906, -6.668798905175389535 ) ) ;
#2177 = FACE_OUTER_BOUND ( 'NONE', #689, .T. ) ;
#2178 = CARTESIAN_POINT ( 'NONE',  ( -2.470215456874004456, -40.40537143330197978, -9.935355259483404922 ) ) ;
#2179 = CARTESIAN_POINT ( 'NONE',  ( -5.930080510983066766, -29.76003348674526094, -6.110906272806878370 ) ) ;
#2180 = CARTESIAN_POINT ( 'NONE',  ( -7.800215456873988096, -1.925371433301988011, 6.965944740516595068 ) ) ;
#2181 = ORIENTED_EDGE ( 'NONE', *, *, #4759, .T. ) ;
#2182 = DIRECTION ( 'NONE',  ( 1.387778780781427690E-14, 0.000000000000000000, -1.000000000000000000 ) ) ;
#2183 = CARTESIAN_POINT ( 'NONE',  ( -13.00021545687399005, 41.83074801992434999, 4.365944740516595424 ) ) ;
#2184 = AXIS2_PLACEMENT_3D ( 'NONE', #2109, #1728, #854 ) ;
#2185 = EDGE_CURVE ( 'NONE', #2670, #3242, #2652, .T. ) ;
#2186 = CARTESIAN_POINT ( 'NONE',  ( -7.150215456873968201, -40.92537143330197580, -9.935355259483404922 ) ) ;
#2187 = LINE ( 'NONE', #3763, #4594 ) ;
#2188 = CYLINDRICAL_SURFACE ( 'NONE', #1361, 5.200000000000001066 ) ;
#2189 = DIRECTION ( 'NONE',  ( 1.000000000000000000, 0.000000000000000000, 1.429717150530324522E-16 ) ) ;
#2190 = DIRECTION ( 'NONE',  ( -0.000000000000000000, -0.000000000000000000, 1.000000000000000000 ) ) ;
#2191 = VERTEX_POINT ( 'NONE', #3069 ) ;
#2192 = ORIENTED_EDGE ( 'NONE', *, *, #5021, .T. ) ;
#2193 = CARTESIAN_POINT ( 'NONE',  ( 3.249784543126013947, -6.269251980075662978, -6.684055259483403511 ) ) ;
#2194 = DIRECTION ( 'NONE',  ( 3.154042683594197093E-16, -0.000000000000000000, 1.000000000000000000 ) ) ;
#2195 = CARTESIAN_POINT ( 'NONE',  ( 12.87400587192882462, 5.376979651633687851, -1.806152792562437215 ) ) ;
#2196 = AXIS2_PLACEMENT_3D ( 'NONE', #23, #3206, #3185 ) ;
#2197 = ADVANCED_FACE ( 'NONE', ( #1109 ), #4688, .F. ) ;
#2198 = ORIENTED_EDGE ( 'NONE', *, *, #556, .F. ) ;
#2199 = EDGE_CURVE ( 'NONE', #4298, #3849, #3423, .T. ) ;
#2200 = ORIENTED_EDGE ( 'NONE', *, *, #3196, .T. ) ;
#2201 = AXIS2_PLACEMENT_3D ( 'NONE', #3990, #111, #3247 ) ;
#2202 = CIRCLE ( 'NONE', #1053, 5.200000000000000178 ) ;
#2203 = ORIENTED_EDGE ( 'NONE', *, *, #201, .F. ) ;
#2204 = EDGE_CURVE ( 'NONE', #4730, #3169, #1981, .T. ) ;
#2205 = CARTESIAN_POINT ( 'NONE',  ( -0.0002154568739012800542, -39.88537143330199797, 6.315944740516594713 ) ) ;
#2206 = DIRECTION ( 'NONE',  ( 0.000000000000000000, 0.000000000000000000, -1.000000000000000000 ) ) ;
#2207 = VECTOR ( 'NONE', #4162, 1000.000000000000000 ) ;
#2208 = CARTESIAN_POINT ( 'NONE',  ( -12.98167694695680652, 4.160962458992804258, -0.9335217880888102560 ) ) ;
#2209 = VECTOR ( 'NONE', #1682, 1000.000000000000000 ) ;
#2210 = ORIENTED_EDGE ( 'NONE', *, *, #1667, .F. ) ;
#2211 = ADVANCED_FACE ( 'NONE', ( #3554 ), #2394, .T. ) ;
#2212 = LINE ( 'NONE', #4117, #698 ) ;
#2213 = DIRECTION ( 'NONE',  ( -0.000000000000000000, -1.000000000000000000, -0.000000000000000000 ) ) ;
#2214 = VECTOR ( 'NONE', #2352, 1000.000000000000000 ) ;
#2215 = CARTESIAN_POINT ( 'NONE',  ( 10.12275982668131569, -29.73031148133676282, -6.156475724300633168 ) ) ;
#2216 = DIRECTION ( 'NONE',  ( -0.000000000000000000, -0.000000000000000000, -1.000000000000000000 ) ) ;
#2217 = CARTESIAN_POINT ( 'NONE',  ( 13.00108454312602824, -42.66925198007565712, 8.265944740516710354 ) ) ;
#2218 = FACE_OUTER_BOUND ( 'NONE', #3448, .T. ) ;
#2219 = LINE ( 'NONE', #653, #851 ) ;
#2220 = EDGE_CURVE ( 'NONE', #1400, #1790, #2779, .T. ) ;
#2221 = ORIENTED_EDGE ( 'NONE', *, *, #3450, .F. ) ;
#2222 = ORIENTED_EDGE ( 'NONE', *, *, #5037, .F. ) ;
#2223 = DIRECTION ( 'NONE',  ( 1.000000000000000000, 0.000000000000000000, -3.469446951953614189E-15 ) ) ;
#2224 = CARTESIAN_POINT ( 'NONE',  ( -7.150215456873968201, -3.669251980075661113, 6.315944740516597378 ) ) ;
#2225 = DIRECTION ( 'NONE',  ( -0.000000000000000000, -0.000000000000000000, 1.000000000000000000 ) ) ;
#2226 = ORIENTED_EDGE ( 'NONE', *, *, #4152, .T. ) ;
#2227 = ORIENTED_EDGE ( 'NONE', *, *, #4818, .F. ) ;
#2228 = ORIENTED_EDGE ( 'NONE', *, *, #4163, .F. ) ;
#2229 = ORIENTED_EDGE ( 'NONE', *, *, #226, .F. ) ;
#2230 = DIRECTION ( 'NONE',  ( -1.000000000000000000, 0.000000000000000000, -1.334402673828333041E-14 ) ) ;
#2231 = DIRECTION ( 'NONE',  ( 0.000000000000000000, 0.000000000000000000, 1.000000000000000000 ) ) ;
#2232 = DIRECTION ( 'NONE',  ( 3.469446951953614189E-15, -0.000000000000000000, 1.000000000000000000 ) ) ;
#2233 = ADVANCED_FACE ( 'NONE', ( #4713 ), #3145, .F. ) ;
#2234 = LINE ( 'NONE', #2680, #2925 ) ;
#2235 = AXIS2_PLACEMENT_3D ( 'NONE', #1785, #631, #1425 ) ;
#2236 = ORIENTED_EDGE ( 'NONE', *, *, #3298, .T. ) ;
#2237 = EDGE_CURVE ( 'NONE', #3292, #3847, #4737, .T. ) ;
#2238 = DIRECTION ( 'NONE',  ( -1.000000000000000000, -0.000000000000000000, -0.000000000000000000 ) ) ;
#2239 = CARTESIAN_POINT ( 'NONE',  ( 7.799784543126011549, 1.170515403646044117, 8.915944740516586364 ) ) ;
#2240 = CIRCLE ( 'NONE', #3642, 2.600000000000079137 ) ;
#2241 = CARTESIAN_POINT ( 'NONE',  ( -6.500215456873987385, 41.83204801992434341, 3.065944740516438394 ) ) ;
#2242 = CARTESIAN_POINT ( 'NONE',  ( -2.470215456874004456, -40.92537143330199001, 8.265944740516463440 ) ) ;
#2243 = DIRECTION ( 'NONE',  ( 1.000000000000000000, 0.000000000000000000, 1.112002228190254049E-16 ) ) ;
#2244 = CARTESIAN_POINT ( 'NONE',  ( -11.70021545687398756, -55.66925198007567133, -8.634055259483403688 ) ) ;
#2245 = LINE ( 'NONE', #4568, #1927 ) ;
#2246 = ORIENTED_EDGE ( 'NONE', *, *, #2449, .F. ) ;
#2247 = ORIENTED_EDGE ( 'NONE', *, *, #4557, .T. ) ;
#2248 = LINE ( 'NONE', #3796, #728 ) ;
#2249 = DIRECTION ( 'NONE',  ( -0.000000000000000000, -1.000000000000000000, -0.000000000000000000 ) ) ;
#2250 = LINE ( 'NONE', #4678, #922 ) ;
#2251 = ORIENTED_EDGE ( 'NONE', *, *, #1298, .T. ) ;
#2252 = ORIENTED_EDGE ( 'NONE', *, *, #415, .F. ) ;
#2253 = ORIENTED_EDGE ( 'NONE', *, *, #2145, .T. ) ;
#2254 = ORIENTED_EDGE ( 'NONE', *, *, #2881, .F. ) ;
#2255 = VECTOR ( 'NONE', #4198, 1000.000000000000000 ) ;
#2256 = VECTOR ( 'NONE', #1047, 1000.000000000000000 ) ;
#2257 = EDGE_CURVE ( 'NONE', #1906, #206, #3334, .T. ) ;
#2258 = CARTESIAN_POINT ( 'NONE',  ( -3.250215456873986497, -36.16925198007566422, -0.1840552594834037048 ) ) ;
#2259 = DIRECTION ( 'NONE',  ( 1.000000000000000000, 1.927470528863118950E-15, -3.154042683594197093E-16 ) ) ;
#2260 = DIRECTION ( 'NONE',  ( 0.000000000000000000, -1.000000000000000000, 0.000000000000000000 ) ) ;
#2261 = VECTOR ( 'NONE', #4169, 1000.000000000000000 ) ;
#2262 = ORIENTED_EDGE ( 'NONE', *, *, #2777, .T. ) ;
#2263 = PLANE ( 'NONE',  #4324 ) ;
#2264 = APPLICATION_CONTEXT ( 'automotive_design' ) ;
#2265 = VERTEX_POINT ( 'NONE', #1230 ) ;
#2266 = AXIS2_PLACEMENT_3D ( 'NONE', #5040, #3783, #1465 ) ;
#2267 = LINE ( 'NONE', #1497, #2755 ) ;
#2268 = EDGE_CURVE ( 'NONE', #2871, #3104, #3217, .T. ) ;
#2269 = EDGE_CURVE ( 'NONE', #3861, #204, #4761, .T. ) ;
#2270 = PLANE ( 'NONE',  #1271 ) ;
#2271 = DIRECTION ( 'NONE',  ( -0.000000000000000000, -0.000000000000000000, 1.000000000000000000 ) ) ;
#2272 = AXIS2_PLACEMENT_3D ( 'NONE', #1623, #142, #3995 ) ;
#2273 = PLANE ( 'NONE',  #1715 ) ;
#2274 = DIRECTION ( 'NONE',  ( 0.000000000000000000, 0.000000000000000000, 1.000000000000000000 ) ) ;
#2275 = ORIENTED_EDGE ( 'NONE', *, *, #2268, .F. ) ;
#2276 = ORIENTED_EDGE ( 'NONE', *, *, #1951, .F. ) ;
#2277 = LINE ( 'NONE', #4789, #1296 ) ;
#2278 = ADVANCED_FACE ( 'NONE', ( #843 ), #2753, .F. ) ;
#2279 = CARTESIAN_POINT ( 'NONE',  ( -13.00021545687399005, 41.83074801992434999, -7.334055259483403866 ) ) ;
#2280 = CARTESIAN_POINT ( 'NONE',  ( 2.599784543126012260, 2.210515403646042820, 6.965944740516595068 ) ) ;
#2281 = ORIENTED_EDGE ( 'NONE', *, *, #2159, .F. ) ;
#2282 = DIRECTION ( 'NONE',  ( -1.387778780781427690E-14, -0.000000000000000000, 1.000000000000000000 ) ) ;
#2283 = VERTEX_POINT ( 'NONE', #3985 ) ;
#2284 = ORIENTED_EDGE ( 'NONE', *, *, #63, .F. ) ;
#2285 = ORIENTED_EDGE ( 'NONE', *, *, #4368, .F. ) ;
#2286 = DIRECTION ( 'NONE',  ( -0.000000000000000000, -0.000000000000000000, -1.000000000000000000 ) ) ;
#2287 = VECTOR ( 'NONE', #1635, 1000.000000000000000 ) ;
#2288 = AXIS2_PLACEMENT_3D ( 'NONE', #488, #2079, #4815 ) ;
#2289 = ORIENTED_EDGE ( 'NONE', *, *, #4399, .T. ) ;
#2290 = CARTESIAN_POINT ( 'NONE',  ( 2.079784543126012242, 1.690515403646043024, 9.567244740516594348 ) ) ;
#2291 = EDGE_LOOP ( 'NONE', ( #4804, #2410, #1585, #4727 ) ) ;
#2292 = CARTESIAN_POINT ( 'NONE',  ( -7.150215456873985964, -36.16925198007566422, 3.715944740516637257 ) ) ;
#2293 = EDGE_CURVE ( 'NONE', #4599, #3063, #1119, .T. ) ;
#2294 = LINE ( 'NONE', #36, #4814 ) ;
#2295 = PLANE ( 'NONE',  #397 ) ;
#2296 = CIRCLE ( 'NONE', #4437, 5.200000000000000178 ) ;
#2297 = LINE ( 'NONE', #828, #4664 ) ;
#2298 = FACE_OUTER_BOUND ( 'NONE', #4319, .T. ) ;
#2299 = ADVANCED_FACE ( 'NONE', ( #459 ), #4326, .F. ) ;
#2300 = ORIENTED_EDGE ( 'NONE', *, *, #4087, .T. ) ;
#2301 = CARTESIAN_POINT ( 'NONE',  ( 7.061522609135111317, 9.184534271710177222, -6.239604213009372735 ) ) ;
#2302 = DIRECTION ( 'NONE',  ( -0.000000000000000000, -1.000000000000000000, -0.000000000000000000 ) ) ;
#2303 = CARTESIAN_POINT ( 'NONE',  ( 0.002183553277065063570, -67.37055198007574575, -6.034055259483404043 ) ) ;
#2304 = VERTEX_POINT ( 'NONE', #2825 ) ;
#2305 = CARTESIAN_POINT ( 'NONE',  ( -7.999203689286592756, -30.80644677007953547, -4.627543195088346550 ) ) ;
#2306 = ORIENTED_EDGE ( 'NONE', *, *, #384, .F. ) ;
#2307 = ORIENTED_EDGE ( 'NONE', *, *, #930, .T. ) ;
#2308 = EDGE_LOOP ( 'NONE', ( #3742, #3061, #4628, #4182 ) ) ;
#2309 = DIRECTION ( 'NONE',  ( 0.000000000000000000, 0.000000000000000000, 1.000000000000000000 ) ) ;
#2310 = VERTEX_POINT ( 'NONE', #2443 ) ;
#2311 = CARTESIAN_POINT ( 'NONE',  ( -9.100215456873987918, 41.83204801992434341, 3.065944740516433953 ) ) ;
#2312 = EDGE_LOOP ( 'NONE', ( #3907, #813, #3695, #1686, #1250, #2946, #4300, #333 ) ) ;
#2313 = DIRECTION ( 'NONE',  ( -0.000000000000000000, 0.000000000000000000, 1.000000000000000000 ) ) ;
#2314 = CIRCLE ( 'NONE', #4377, 3.250000000000002220 ) ;
#2315 = VECTOR ( 'NONE', #919, 1000.000000000000000 ) ;
#2316 = DIRECTION ( 'NONE',  ( 1.000000000000000000, -1.084202172485504557E-16, 0.000000000000000000 ) ) ;
#2317 = LINE ( 'NONE', #1474, #4425 ) ;
#2318 = CARTESIAN_POINT ( 'NONE',  ( 13.00108454312607442, 1.170515403646042785, 8.915944740516568601 ) ) ;
#2319 = ADVANCED_FACE ( 'NONE', ( #486 ), #2054, .F. ) ;
#2320 = DIRECTION ( 'NONE',  ( -0.000000000000000000, -1.000000000000000000, -0.000000000000000000 ) ) ;
#2321 = ADVANCED_FACE ( 'NONE', ( #1159 ), #377, .F. ) ;
#2322 = CIRCLE ( 'NONE', #358, 0.5199999999999987965 ) ;
#2323 = ORIENTED_EDGE ( 'NONE', *, *, #4215, .F. ) ;
#2324 = DIRECTION ( 'NONE',  ( -1.000000000000000000, 0.000000000000000000, -8.673617379884012792E-16 ) ) ;
#2325 = CYLINDRICAL_SURFACE ( 'NONE', #2491, 11.70000000000007212 ) ;
#2326 = CARTESIAN_POINT ( 'NONE',  ( 7.799784543126011549, 1.170515403646043451, 6.965944740516595068 ) ) ;
#2327 = EDGE_CURVE ( 'NONE', #406, #1094, #2567, .T. ) ;
#2328 = ORIENTED_EDGE ( 'NONE', *, *, #2640, .F. ) ;
#2329 = VECTOR ( 'NONE', #841, 1000.000000000000000 ) ;
#2330 = CARTESIAN_POINT ( 'NONE',  ( -4.622344916181528873, -28.66856653965632873, -9.205980607726722553 ) ) ;
#2331 = ORIENTED_EDGE ( 'NONE', *, *, #3795, .T. ) ;
#2332 = EDGE_LOOP ( 'NONE', ( #3720, #5035, #2548, #4233 ) ) ;
#2333 = VERTEX_POINT ( 'NONE', #4112 ) ;
#2334 = AXIS2_PLACEMENT_3D ( 'NONE', #2606, #4174, #295 ) ;
#2335 = DIRECTION ( 'NONE',  ( -0.000000000000000000, 1.000000000000000000, -0.000000000000000000 ) ) ;
#2336 = VECTOR ( 'NONE', #4246, 1000.000000000000000 ) ;
#2337 = ORIENTED_EDGE ( 'NONE', *, *, #1548, .T. ) ;
#2338 = CARTESIAN_POINT ( 'NONE',  ( -0.0002154568739892739567, -3.319166756933606965, 9.567244740516594348 ) ) ;
#2339 = ORIENTED_EDGE ( 'NONE', *, *, #3965, .F. ) ;
#2340 = AXIS2_PLACEMENT_3D ( 'NONE', #2572, #4616, #3403 ) ;
#2341 = EDGE_CURVE ( 'NONE', #4031, #4884, #1178, .T. ) ;
#2342 = DIRECTION ( 'NONE',  ( -0.000000000000000000, -1.000000000000000000, -0.000000000000000000 ) ) ;
#2343 = AXIS2_PLACEMENT_3D ( 'NONE', #2082, #614, #4889 ) ;
#2344 = ADVANCED_FACE ( 'NONE', ( #1380 ), #1328, .F. ) ;
#2345 = CARTESIAN_POINT ( 'NONE',  ( 2.079784543126012242, -1.405371433301987327, 9.567244740516594348 ) ) ;
#2346 = DIRECTION ( 'NONE',  ( 3.154042683594197093E-16, -0.000000000000000000, 1.000000000000000000 ) ) ;
#2347 = FACE_OUTER_BOUND ( 'NONE', #1019, .T. ) ;
#2348 = DIRECTION ( 'NONE',  ( 0.000000000000000000, 0.000000000000000000, 1.000000000000000000 ) ) ;
#2349 = AXIS2_PLACEMENT_3D ( 'NONE', #468, #4484, #905 ) ;
#2350 = CARTESIAN_POINT ( 'NONE',  ( -0.0002154568739821999441, -67.37055198007574575, -6.684055259483403511 ) ) ;
#2351 = DIRECTION ( 'NONE',  ( -1.000000000000000000, -0.000000000000000000, -0.000000000000000000 ) ) ;
#2352 = DIRECTION ( 'NONE',  ( 1.000000000000000000, 0.000000000000000000, 0.000000000000000000 ) ) ;
#2353 = ORIENTED_EDGE ( 'NONE', *, *, #3014, .F. ) ;
#2354 = LINE ( 'NONE', #47, #1959 ) ;
#2355 = ORIENTED_EDGE ( 'NONE', *, *, #535, .F. ) ;
#2356 = ORIENTED_EDGE ( 'NONE', *, *, #3038, .F. ) ;
#2357 = PRODUCT_DEFINITION_FORMATION_WITH_SPECIFIED_SOURCE ( 'ANY', '', #4208, .NOT_KNOWN. ) ;
#2358 = EDGE_LOOP ( 'NONE', ( #710, #2254, #78, #4033, #4952, #559 ) ) ;
#2359 = EDGE_CURVE ( 'NONE', #1074, #2748, #3681, .T. ) ;
#2360 = UNCERTAINTY_MEASURE_WITH_UNIT (LENGTH_MEASURE( 1.000000000000000082E-05 ), #2888, 'distance_accuracy_value', 'NONE');
#2361 = ADVANCED_FACE ( 'NONE', ( #2101 ), #948, .F. ) ;
#2362 = PLANE ( 'NONE',  #4961 ) ;
#2363 = ADVANCED_FACE ( 'NONE', ( #537 ), #3243, .F. ) ;
#2364 = EDGE_LOOP ( 'NONE', ( #2093, #1044, #1294, #1099 ) ) ;
#2365 = CARTESIAN_POINT ( 'NONE',  ( 6.373846951991574805, -2.799166756933607836, 8.915944740516591693 ) ) ;
#2366 = VERTEX_POINT ( 'NONE', #3296 ) ;
#2367 = DIRECTION ( 'NONE',  ( -0.000000000000000000, 1.000000000000000000, -0.000000000000000000 ) ) ;
#2368 = APPLICATION_PROTOCOL_DEFINITION ( 'draft international standard', 'automotive_design', 1998, #2264 ) ;
#2369 = VECTOR ( 'NONE', #4903, 1000.000000000000000 ) ;
#2370 = AXIS2_PLACEMENT_3D ( 'NONE', #3843, #1088, #1524 ) ;
#2371 = EDGE_CURVE ( 'NONE', #4468, #1541, #2322, .T. ) ;
#2372 = VECTOR ( 'NONE', #2531, 1000.000000000000000 ) ;
#2373 = DIRECTION ( 'NONE',  ( -1.000000000000000000, 0.000000000000000000, 3.336006684570782904E-15 ) ) ;
#2374 = CARTESIAN_POINT ( 'NONE',  ( 6.023322417162247255, -38.89845135369776585, -9.935355259483404922 ) ) ;
#2375 = CARTESIAN_POINT ( 'NONE',  ( 6.636831702065703276, -41.79916675693360872, 8.264138472595730533 ) ) ;
#2376 = FACE_OUTER_BOUND ( 'NONE', #3793, .T. ) ;
#2377 = AXIS2_PLACEMENT_3D ( 'NONE', #3370, #1462, #4936 ) ;
#2378 = AXIS2_PLACEMENT_3D ( 'NONE', #292, #2633, #266 ) ;
#2379 = CIRCLE ( 'NONE', #3456, 2.600000000000078693 ) ;
#2380 = PLANE ( 'NONE',  #4545 ) ;
#2381 = DIRECTION ( 'NONE',  ( -1.000000000000000000, 0.000000000000000000, -1.334402673828331937E-14 ) ) ;
#2382 = FACE_OUTER_BOUND ( 'NONE', #1874, .T. ) ;
#2383 = ORIENTED_EDGE ( 'NONE', *, *, #3873, .T. ) ;
#2384 = CARTESIAN_POINT ( 'NONE',  ( -8.672284389579834496, -29.11384803371637986, -7.500024546191375485 ) ) ;
#2385 = ORIENTED_EDGE ( 'NONE', *, *, #4742, .T. ) ;
#2386 = EDGE_CURVE ( 'NONE', #2484, #1450, #3073, .T. ) ;
#2387 = ORIENTED_EDGE ( 'NONE', *, *, #3071, .F. ) ;
#2388 = CIRCLE ( 'NONE', #4767, 2.600000000000000533 ) ;
#2389 = ORIENTED_EDGE ( 'NONE', *, *, #1379, .F. ) ;
#2390 = ORIENTED_EDGE ( 'NONE', *, *, #771, .T. ) ;
#2391 = DIRECTION ( 'NONE',  ( 0.000000000000000000, 1.000000000000000000, 0.000000000000000000 ) ) ;
#2392 = EDGE_CURVE ( 'NONE', #1204, #100, #1333, .T. ) ;
#2393 = ORIENTED_EDGE ( 'NONE', *, *, #4066, .T. ) ;
#2394 = PLANE ( 'NONE',  #3583 ) ;
#2395 = VERTEX_POINT ( 'NONE', #3728 ) ;
#2396 = PRODUCT_DEFINITION ( 'UNKNOWN', '', #2357, #1430 ) ;
#2397 = CARTESIAN_POINT ( 'NONE',  ( -4.472618674108148618, -58.32210129024644374, 0.4659447405165968448 ) ) ;
#2398 = EDGE_CURVE ( 'NONE', #4930, #4079, #3656, .T. ) ;
#2399 = DIRECTION ( 'NONE',  ( 0.000000000000000000, 0.000000000000000000, -1.000000000000000000 ) ) ;
#2400 = DIRECTION ( 'NONE',  ( -0.000000000000000000, -0.000000000000000000, -1.000000000000000000 ) ) ;
#2401 = LINE ( 'NONE', #3302, #1614 ) ;
#2402 = LINE ( 'NONE', #3485, #170 ) ;
#2403 = PLANE ( 'NONE',  #2655 ) ;
#2404 = CARTESIAN_POINT ( 'NONE',  ( -8.135908555754497229, 8.670896964087352998, -5.411264339996705530 ) ) ;
#2405 = FACE_OUTER_BOUND ( 'NONE', #3496, .T. ) ;
#2406 = ORIENTED_EDGE ( 'NONE', *, *, #906, .F. ) ;
#2407 = CARTESIAN_POINT ( 'NONE',  ( -5.953628359806127257, -28.72801763929349761, -8.880054526008761329 ) ) ;
#2408 = ORIENTED_EDGE ( 'NONE', *, *, #906, .T. ) ;
#2409 = ORIENTED_EDGE ( 'NONE', *, *, #2075, .T. ) ;
#2410 = ORIENTED_EDGE ( 'NONE', *, *, #4087, .F. ) ;
#2411 = VECTOR ( 'NONE', #1750, 1000.000000000000000 ) ;
#2412 = ORIENTED_EDGE ( 'NONE', *, *, #343, .T. ) ;
#2413 = LINE ( 'NONE', #2023, #2744 ) ;
#2414 = ORIENTED_EDGE ( 'NONE', *, *, #2136, .T. ) ;
#2415 = DIRECTION ( 'NONE',  ( -0.000000000000000000, -0.000000000000000000, 1.000000000000000000 ) ) ;
#2416 = EDGE_CURVE ( 'NONE', #1133, #2003, #3647, .T. ) ;
#2417 = ORIENTED_EDGE ( 'NONE', *, *, #2544, .F. ) ;
#2418 = LINE ( 'NONE', #3297, #2448 ) ;
#2419 = LINE ( 'NONE', #977, #789 ) ;
#2420 = STYLED_ITEM ( 'NONE', ( #4892 ), #3232 ) ;
#2421 = ORIENTED_EDGE ( 'NONE', *, *, #1567, .T. ) ;
#2422 = EDGE_CURVE ( 'NONE', #1480, #874, #113, .T. ) ;
#2423 = EDGE_CURVE ( 'NONE', #4038, #741, #4934, .T. ) ;
#2424 = DIRECTION ( 'NONE',  ( -0.000000000000000000, -0.000000000000000000, -1.000000000000000000 ) ) ;
#2425 = CARTESIAN_POINT ( 'NONE',  ( -9.750215456873986497, -36.16925198007566422, -0.1840552594834037048 ) ) ;
#2426 = CARTESIAN_POINT ( 'NONE',  ( -6.500215456874059328, 41.83204801992434341, 5.665944740516596134 ) ) ;
#2427 = DIRECTION ( 'NONE',  ( 0.000000000000000000, 0.000000000000000000, 1.000000000000000000 ) ) ;
#2428 = CIRCLE ( 'NONE', #453, 2.428357573436369599 ) ;
#2429 = CARTESIAN_POINT ( 'NONE',  ( -0.0002154568739887398245, -0.4184513536977433334, 6.965944740516595068 ) ) ;
#2430 = CARTESIAN_POINT ( 'NONE',  ( -10.40021545687399396, 3.349508655966018988, -0.4517080343790482178 ) ) ;
#2431 = DIRECTION ( 'NONE',  ( -2.768885548193666069E-14, 0.000000000000000000, 1.000000000000000000 ) ) ;
#2432 = CARTESIAN_POINT ( 'NONE',  ( -10.50251564656944581, -30.01054560605897237, -5.689597398460740862 ) ) ;
#2433 = AXIS2_PLACEMENT_3D ( 'NONE', #4784, #3602, #1640 ) ;
#2434 = DIRECTION ( 'NONE',  ( 0.000000000000000000, 1.000000000000000000, 0.000000000000000000 ) ) ;
#2435 = ORIENTED_EDGE ( 'NONE', *, *, #814, .F. ) ;
#2436 = EDGE_LOOP ( 'NONE', ( #3332, #3962, #4654, #1871 ) ) ;
#2437 = DIRECTION ( 'NONE',  ( -1.000000000000000000, -0.000000000000000000, -0.000000000000000000 ) ) ;
#2438 = ADVANCED_FACE ( 'NONE', ( #1191 ), #4287, .F. ) ;
#2439 = ORIENTED_EDGE ( 'NONE', *, *, #1224, .F. ) ;
#2440 = DIRECTION ( 'NONE',  ( -0.000000000000000000, -0.000000000000000000, 1.000000000000000000 ) ) ;
#2441 = AXIS2_PLACEMENT_3D ( 'NONE', #2162, #1391, #3764 ) ;
#2442 = ORIENTED_EDGE ( 'NONE', *, *, #4721, .F. ) ;
#2443 = CARTESIAN_POINT ( 'NONE',  ( 2.599784543126012260, -1.925371433301987567, 6.965944740516595068 ) ) ;
#2444 = VERTEX_POINT ( 'NONE', #1556 ) ;
#2445 = DIRECTION ( 'NONE',  ( -0.000000000000000000, -0.000000000000000000, 1.000000000000000000 ) ) ;
#2446 = CARTESIAN_POINT ( 'NONE',  ( -3.250215456873986497, -6.269251980075661201, -6.684055259483403511 ) ) ;
#2447 = ORIENTED_EDGE ( 'NONE', *, *, #3240, .F. ) ;
#2448 = VECTOR ( 'NONE', #3630, 1000.000000000000000 ) ;
#2449 = EDGE_CURVE ( 'NONE', #3487, #4188, #422, .T. ) ;
#2450 = CARTESIAN_POINT ( 'NONE',  ( -7.800215456873988096, 2.210515403646043264, 9.567244740516594348 ) ) ;
#2451 = DIRECTION ( 'NONE',  ( 0.000000000000000000, 0.000000000000000000, 1.000000000000000000 ) ) ;
#2452 = CARTESIAN_POINT ( 'NONE',  ( -3.999999999999999112, -45.00000000000000711, 0.5000000000000004441 ) ) ;
#2453 = CIRCLE ( 'NONE', #4013, 3.728357573436369421 ) ;
#2454 = VECTOR ( 'NONE', #2942, 1000.000000000000000 ) ;
#2455 = CARTESIAN_POINT ( 'NONE',  ( 3.249784543126012615, 41.83204801992433630, -0.1840552594834037048 ) ) ;
#2456 = ADVANCED_FACE ( 'NONE', ( #4336, #4748 ), #2403, .F. ) ;
#2457 = DIRECTION ( 'NONE',  ( -0.000000000000000000, -0.000000000000000000, 1.000000000000000000 ) ) ;
#2458 = DIRECTION ( 'NONE',  ( -1.000000000000000000, 8.685126052486213574E-17, 3.469446951953614189E-15 ) ) ;
#2459 = CARTESIAN_POINT ( 'NONE',  ( -13.00021545687399005, 41.83074801992434999, 9.565944740516595601 ) ) ;
#2460 = CARTESIAN_POINT ( 'NONE',  ( 12.34978454312601315, -36.16925198007566422, -0.1840552594834037048 ) ) ;
#2461 = VERTEX_POINT ( 'NONE', #3203 ) ;
#2462 = ORIENTED_EDGE ( 'NONE', *, *, #1984, .F. ) ;
#2463 = CARTESIAN_POINT ( 'NONE',  ( -7.800215456873988096, 2.830748019924340664, 4.365944740516595424 ) ) ;
#2464 = ADVANCED_FACE ( 'NONE', ( #3543 ), #1169, .T. ) ;
#2465 = VECTOR ( 'NONE', #4491, 1000.000000000000000 ) ;
#2466 = ORIENTED_EDGE ( 'NONE', *, *, #71, .F. ) ;
#2467 = LINE ( 'NONE', #4039, #4541 ) ;
#2468 = EDGE_LOOP ( 'NONE', ( #2851, #3210, #2435, #4844, #4084, #2846 ) ) ;
#2469 = CARTESIAN_POINT ( 'NONE',  ( -0.0002154568740620318914, -55.66925198007567133, 8.265944740516614431 ) ) ;
#2470 = EDGE_LOOP ( 'NONE', ( #1565, #1229, #2046, #3295 ) ) ;
#2471 = DIRECTION ( 'NONE',  ( 1.000000000000000000, 0.000000000000000000, 0.000000000000000000 ) ) ;
#2472 = FACE_OUTER_BOUND ( 'NONE', #1609, .T. ) ;
#2473 = EDGE_LOOP ( 'NONE', ( #2584, #1954, #52, #3709 ) ) ;
#2474 = CARTESIAN_POINT ( 'NONE',  ( 6.116831702065666398, -42.31916675693361185, 8.265944740516614431 ) ) ;
#2475 = PLANE ( 'NONE',  #896 ) ;
#2476 = CARTESIAN_POINT ( 'NONE',  ( -6.086129977830414539, -39.41845135369774056, -9.935355259483404922 ) ) ;
#2477 = EDGE_CURVE ( 'NONE', #1488, #3221, #806, .T. ) ;
#2478 = EDGE_CURVE ( 'NONE', #102, #3721, #3890, .T. ) ;
#2479 = DIRECTION ( 'NONE',  ( -1.000000000000000000, 0.000000000000000000, 0.000000000000000000 ) ) ;
#2480 = CARTESIAN_POINT ( 'NONE',  ( -5.251732721164055206, 9.622799073692346994, -7.054267752835265526 ) ) ;
#2481 = DIRECTION ( 'NONE',  ( -1.000000000000000000, 0.000000000000000000, -0.000000000000000000 ) ) ;
#2482 = CARTESIAN_POINT ( 'NONE',  ( -2.470215456873968041, -37.30948459635396119, 8.265944740516493638 ) ) ;
#2483 = LINE ( 'NONE', #4443, #2494 ) ;
#2484 = VERTEX_POINT ( 'NONE', #399 ) ;
#2485 = ORIENTED_EDGE ( 'NONE', *, *, #4284, .T. ) ;
#2486 = CARTESIAN_POINT ( 'NONE',  ( -10.40021545687399041, 2.830748019924340664, -0.1840552594834037048 ) ) ;
#2487 = AXIS2_PLACEMENT_3D ( 'NONE', #4156, #2225, #2121 ) ;
#2488 = ORIENTED_EDGE ( 'NONE', *, *, #4609, .T. ) ;
#2489 = EDGE_CURVE ( 'NONE', #1836, #3847, #3181, .T. ) ;
#2490 = CARTESIAN_POINT ( 'NONE',  ( 1.949784543126012126, 13.65941950360783430, -7.334055259483403866 ) ) ;
#2491 = AXIS2_PLACEMENT_3D ( 'NONE', #5079, #3254, #3615 ) ;
#2492 = ORIENTED_EDGE ( 'NONE', *, *, #1620, .F. ) ;
#2493 = DIRECTION ( 'NONE',  ( -1.000000000000000000, 0.000000000000000000, 0.000000000000000000 ) ) ;
#2494 = VECTOR ( 'NONE', #2816, 1000.000000000000000 ) ;
#2495 = DIRECTION ( 'NONE',  ( -0.000000000000000000, 1.000000000000000000, -0.000000000000000000 ) ) ;
#2496 = CARTESIAN_POINT ( 'NONE',  ( -12.56163547574598738, 6.785774280347053988, -3.087900489084926647 ) ) ;
#2497 = ORIENTED_EDGE ( 'NONE', *, *, #2204, .T. ) ;
#2498 = EDGE_CURVE ( 'NONE', #747, #485, #2740, .T. ) ;
#2499 = DIRECTION ( 'NONE',  ( -0.000000000000000000, -1.000000000000000000, -0.000000000000000000 ) ) ;
#2500 = DIRECTION ( 'NONE',  ( 1.000000000000000000, 0.000000000000000000, 0.000000000000000000 ) ) ;
#2501 = AXIS2_PLACEMENT_3D ( 'NONE', #88, #1646, #4070 ) ;
#2502 = CIRCLE ( 'NONE', #288, 2.599999999999969447 ) ;
#2503 = EDGE_CURVE ( 'NONE', #3104, #3828, #2000, .T. ) ;
#2504 = LINE ( 'NONE', #3280, #2411 ) ;
#2505 = CARTESIAN_POINT ( 'NONE',  ( -7.800215456873988096, 2.210515403646043264, 8.915944740516639655 ) ) ;
#2506 = DIRECTION ( 'NONE',  ( -1.000000000000000000, 0.000000000000000000, 0.000000000000000000 ) ) ;
#2507 = AXIS2_PLACEMENT_3D ( 'NONE', #4644, #1211, #2783 ) ;
#2508 = DIRECTION ( 'NONE',  ( -0.000000000000000000, 1.000000000000000000, -0.000000000000000000 ) ) ;
#2510 = ORIENTED_EDGE ( 'NONE', *, *, #4580, .F. ) ;
#2509 = LINE ( 'NONE', #2460, #3400 ) ;
#2511 = ORIENTED_EDGE ( 'NONE', *, *, #179, .T. ) ;
#2512 = VERTEX_POINT ( 'NONE', #4362 ) ;
#2513 = DIRECTION ( 'NONE',  ( 0.000000000000000000, -1.000000000000000000, 0.000000000000000000 ) ) ;
#2514 = AXIS2_PLACEMENT_3D ( 'NONE', #2908, #4114, #925 ) ;
#2515 = CARTESIAN_POINT ( 'NONE',  ( 6.967877088706777577, 10.50800615587835196, -9.205319778633210603 ) ) ;
#2516 = EDGE_LOOP ( 'NONE', ( #4615, #4445, #2355, #2030 ) ) ;
#2517 = CARTESIAN_POINT ( 'NONE',  ( 3.982459901891388654, -54.00100000000006162, 0.000000000000000000 ) ) ;
#2518 = ORIENTED_EDGE ( 'NONE', *, *, #3187, .T. ) ;
#2519 = EDGE_CURVE ( 'NONE', #2871, #3244, #3922, .T. ) ;
#2520 = DIRECTION ( 'NONE',  ( 0.000000000000000000, 0.000000000000000000, 1.000000000000000000 ) ) ;
#2521 = CIRCLE ( 'NONE', #4082, 2.599999999999994760 ) ;
#2522 = DIRECTION ( 'NONE',  ( -1.000000000000000000, 0.000000000000000000, -1.334402673828320735E-14 ) ) ;
#2523 = ADVANCED_FACE ( 'NONE', ( #4770 ), #3156, .F. ) ;
#2524 = CARTESIAN_POINT ( 'NONE',  ( -4.017959124932203530, 10.72580649785039242, -9.934055259483404399 ) ) ;
#2525 = ORIENTED_EDGE ( 'NONE', *, *, #1189, .F. ) ;
#2526 = LINE ( 'NONE', #4820, #3909 ) ;
#2527 = ADVANCED_FACE ( 'NONE', ( #3517 ), #2380, .F. ) ;
#2528 = CARTESIAN_POINT ( 'NONE',  ( 11.02768372890171378, -30.52371025022873496, -4.938356080777315249 ) ) ;
#2529 = FACE_OUTER_BOUND ( 'NONE', #2754, .T. ) ;
#2530 = FACE_OUTER_BOUND ( 'NONE', #3390, .T. ) ;
#2531 = DIRECTION ( 'NONE',  ( 1.000000000000000000, 9.637352644315594750E-16, 1.387778780781427690E-14 ) ) ;
#2533 = ORIENTED_EDGE ( 'NONE', *, *, #5037, .T. ) ;
#2532 = CARTESIAN_POINT ( 'NONE',  ( -2.600215456873987918, 1.170515403646043451, 9.567244740516594348 ) ) ;
#2534 = AXIS2_PLACEMENT_3D ( 'NONE', #1934, #2367, #3506 ) ;
#2535 = ORIENTED_EDGE ( 'NONE', *, *, #317, .F. ) ;
#2536 = ORIENTED_EDGE ( 'NONE', *, *, #4810, .T. ) ;
#2537 = CARTESIAN_POINT ( 'NONE',  ( -4.472618674108148618, -58.32210129024644374, -6.034055259483403155 ) ) ;
#2538 = DIRECTION ( 'NONE',  ( -0.000000000000000000, -0.000000000000000000, 1.000000000000000000 ) ) ;
#2539 = ORIENTED_EDGE ( 'NONE', *, *, #4102, .T. ) ;
#2540 = CARTESIAN_POINT ( 'NONE',  ( -6.876168419277810528, 0.6215486463022574792, 8.915944740516636102 ) ) ;
#2541 = VERTEX_POINT ( 'NONE', #1237 ) ;
#2542 = CARTESIAN_POINT ( 'NONE',  ( 5.242697134159424621, -29.61532288035548888, -6.376092649109729393 ) ) ;
#2543 = AXIS2_PLACEMENT_3D ( 'NONE', #4854, #499, #147 ) ;
#2544 = EDGE_CURVE ( 'NONE', #3514, #554, #769, .T. ) ;
#2545 = DIRECTION ( 'NONE',  ( 0.000000000000000000, 0.000000000000000000, -1.000000000000000000 ) ) ;
#2546 = AXIS2_PLACEMENT_3D ( 'NONE', #2809, #1145, #64 ) ;
#2547 = CARTESIAN_POINT ( 'NONE',  ( -0.0002154568739821999441, -26.86110827738353635, -3.434055259483403511 ) ) ;
#2548 = ORIENTED_EDGE ( 'NONE', *, *, #5021, .F. ) ;
#2549 = CARTESIAN_POINT ( 'NONE',  ( -1.950215456873989783, 37.93074801992433720, -7.334055259483403866 ) ) ;
#2550 = DIRECTION ( 'NONE',  ( -0.000000000000000000, -1.000000000000000000, -0.000000000000000000 ) ) ;
#2551 = FACE_OUTER_BOUND ( 'NONE', #2468, .T. ) ;
#2552 = CARTESIAN_POINT ( 'NONE',  ( 2.079784543126012242, 1.690515403646043024, 8.915944740516604128 ) ) ;
#2553 = DIRECTION ( 'NONE',  ( 0.000000000000000000, 0.000000000000000000, 1.000000000000000000 ) ) ;
#2554 = PLANE ( 'NONE',  #4386 ) ;
#2555 = ORIENTED_EDGE ( 'NONE', *, *, #3808, .F. ) ;
#2556 = VERTEX_POINT ( 'NONE', #3876 ) ;
#2557 = DIRECTION ( 'NONE',  ( 0.000000000000000000, 0.000000000000000000, 1.000000000000000000 ) ) ;
#2558 = CARTESIAN_POINT ( 'NONE',  ( 12.98112019086661562, 4.156124427019126877, -0.9310111508297432836 ) ) ;
#2559 = VERTEX_POINT ( 'NONE', #1529 ) ;
#2560 = ORIENTED_EDGE ( 'NONE', *, *, #3189, .F. ) ;
#2561 = VECTOR ( 'NONE', #2457, 1000.000000000000000 ) ;
#2562 = EDGE_LOOP ( 'NONE', ( #4321, #2122, #1711, #2952 ) ) ;
#2563 = AXIS2_PLACEMENT_3D ( 'NONE', #2098, #4419, #2902 ) ;
#2564 = DIRECTION ( 'NONE',  ( -0.000000000000000000, -1.000000000000000000, -0.000000000000000000 ) ) ;
#2565 = LINE ( 'NONE', #3754, #1 ) ;
#2566 = LINE ( 'NONE', #3879, #3114 ) ;
#2567 = CIRCLE ( 'NONE', #436, 0.5200000000000004619 ) ;
#2568 = EDGE_CURVE ( 'NONE', #2333, #3799, #3106, .T. ) ;
#2569 = LINE ( 'NONE', #2884, #4816 ) ;
#2570 = ORIENTED_EDGE ( 'NONE', *, *, #3795, .F. ) ;
#2571 = AXIS2_PLACEMENT_3D ( 'NONE', #3500, #4323, #4709 ) ;
#2572 = CARTESIAN_POINT ( 'NONE',  ( -0.0002154568739887398245, -67.37055198007574575, -7.334055259483403866 ) ) ;
#2573 = LINE ( 'NONE', #1057, #1206 ) ;
#2574 = CIRCLE ( 'NONE', #1016, 3.250000000000000444 ) ;
#2575 = ADVANCED_FACE ( 'NONE', ( #2717 ), #2325, .T. ) ;
#2576 = EDGE_CURVE ( 'NONE', #696, #2668, #2504, .T. ) ;
#2577 = DIRECTION ( 'NONE',  ( 0.000000000000000000, 0.000000000000000000, -1.000000000000000000 ) ) ;
#2578 = CARTESIAN_POINT ( 'NONE',  ( 7.799784543126011549, -3.669251980075659780, 6.965944740516595068 ) ) ;
#2579 = DIRECTION ( 'NONE',  ( -1.000000000000000000, 0.000000000000000000, -1.387778780781427690E-14 ) ) ;
#2580 = FACE_OUTER_BOUND ( 'NONE', #1916, .T. ) ;
#2581 = LINE ( 'NONE', #1447, #3731 ) ;
#2582 = EDGE_CURVE ( 'NONE', #3190, #4712, #1363, .T. ) ;
#2583 = ORIENTED_EDGE ( 'NONE', *, *, #2478, .T. ) ;
#2584 = ORIENTED_EDGE ( 'NONE', *, *, #2582, .F. ) ;
#2585 = FACE_OUTER_BOUND ( 'NONE', #4691, .T. ) ;
#2586 = AXIS2_PLACEMENT_3D ( 'NONE', #3608, #852, #1258 ) ;
#2587 = DIRECTION ( 'NONE',  ( -0.000000000000000000, -1.000000000000000000, -0.000000000000000000 ) ) ;
#2588 = CARTESIAN_POINT ( 'NONE',  ( 3.249784543126012171, 10.72580649785039242, -9.934055259483404399 ) ) ;
#2589 = VERTEX_POINT ( 'NONE', #2889 ) ;
#2590 = ORIENTED_EDGE ( 'NONE', *, *, #2392, .F. ) ;
#2591 = ORIENTED_EDGE ( 'NONE', *, *, #4447, .F. ) ;
#2592 = EDGE_CURVE ( 'NONE', #1610, #1560, #3638, .T. ) ;
#2593 = CIRCLE ( 'NONE', #540, 3.728357573436369421 ) ;
#2594 = DIRECTION ( 'NONE',  ( -0.000000000000000000, -0.000000000000000000, 1.000000000000000000 ) ) ;
#2595 = DIRECTION ( 'NONE',  ( -0.000000000000000000, -1.000000000000000000, -0.000000000000000000 ) ) ;
#2596 = DIRECTION ( 'NONE',  ( -0.000000000000000000, -0.000000000000000000, 1.000000000000000000 ) ) ;
#2597 = ORIENTED_EDGE ( 'NONE', *, *, #4895, .T. ) ;
#2598 = EDGE_CURVE ( 'NONE', #4415, #477, #2240, .T. ) ;
#2599 = DIRECTION ( 'NONE',  ( -1.000000000000000000, 0.000000000000000000, -0.000000000000000000 ) ) ;
#2600 = DIRECTION ( 'NONE',  ( 3.154042683594197093E-16, -0.000000000000000000, 1.000000000000000000 ) ) ;
#2601 = VECTOR ( 'NONE', #2500, 1000.000000000000000 ) ;
#2602 = LINE ( 'NONE', #1885, #2261 ) ;
#2603 = FACE_OUTER_BOUND ( 'NONE', #1761, .T. ) ;
#2604 = DIRECTION ( 'NONE',  ( -0.000000000000000000, -1.000000000000000000, -0.000000000000000000 ) ) ;
#2605 = CARTESIAN_POINT ( 'NONE',  ( -7.800215456873988096, 41.83074801992434999, 4.365944740516595424 ) ) ;
#2606 = CARTESIAN_POINT ( 'NONE',  ( 5.199784543126011016, -55.66925198007567133, -2.134055259483403244 ) ) ;
#2607 = EDGE_LOOP ( 'NONE', ( #4341, #2125, #4622, #4467, #3955 ) ) ;
#2608 = ORIENTED_EDGE ( 'NONE', *, *, #1504, .T. ) ;
#2609 = CARTESIAN_POINT ( 'NONE',  ( 12.34978454312601315, -36.16925198007566422, -9.284055259483404043 ) ) ;
#2610 = CYLINDRICAL_SURFACE ( 'NONE', #1641, 0.5200000000000013500 ) ;
#2611 = CARTESIAN_POINT ( 'NONE',  ( 0.002183553277065063570, -58.32210129024644374, -6.034055259483404043 ) ) ;
#2612 = VECTOR ( 'NONE', #160, 1000.000000000000000 ) ;
#2613 = ORIENTED_EDGE ( 'NONE', *, *, #5058, .T. ) ;
#2614 = ORIENTED_EDGE ( 'NONE', *, *, #5032, .T. ) ;
#2615 = AXIS2_PLACEMENT_3D ( 'NONE', #4926, #682, #4573 ) ;
#2616 = VECTOR ( 'NONE', #2686, 1000.000000000000000 ) ;
#2617 = ORIENTED_EDGE ( 'NONE', *, *, #4472, .F. ) ;
#2618 = VECTOR ( 'NONE', #4229, 1000.000000000000000 ) ;
#2619 = EDGE_CURVE ( 'NONE', #4884, #1836, #4824, .T. ) ;
#2620 = CARTESIAN_POINT ( 'NONE',  ( 13.00108454312607442, 0.6215486463022538155, 8.915944740516568601 ) ) ;
#2621 = CARTESIAN_POINT ( 'NONE',  ( 1.949784543126017677, -26.86110827738353635, -6.684055259483403511 ) ) ;
#2622 = CARTESIAN_POINT ( 'NONE',  ( -7.150215456873968201, -39.88537143330199086, 6.315944740516597378 ) ) ;
#2623 = AXIS2_PLACEMENT_3D ( 'NONE', #2611, #3700, #3313 ) ;
#2624 = TOROIDAL_SURFACE ( 'NONE', #167, 5.200000000000072120, 6.500000000000000888 ) ;
#2625 = DIRECTION ( 'NONE',  ( 1.000000000000000000, -5.421010862427522786E-17, 0.000000000000000000 ) ) ;
#2626 = VECTOR ( 'NONE', #933, 1000.000000000000000 ) ;
#2627 = ORIENTED_EDGE ( 'NONE', *, *, #2682, .F. ) ;
#2628 = LINE ( 'NONE', #2708, #2169 ) ;
#2629 = CARTESIAN_POINT ( 'NONE',  ( -0.0002154568739887398245, -2.279166756933607818, 9.567244740516594348 ) ) ;
#2630 = CLOSED_SHELL ( 'NONE', ( #1459, #4032, #3363, #3124, #3278, #4110, #4320, #4142, #564, #2278, #4312, #4776, #849, #3502, #1012, #2523, #4183, #3579, #1103, #1307, #4562, #4634, #4091, #635, #3464, #2438, #3614, #4863, #398, #3525, #1615, #4823, #1724, #3772, #110, #2211, #4189, #588, #3272, #2456, #3964, #3022, #4690, #3929, #720, #879, #3516, #3439, #2008, #1228, #3911, #434, #1587, #382, #2895, #4431, #2527, #2837, #4373, #2104, #1138, #2664, #1690, #2056, #1490, #3832, #2319, #917, #2647, #2233, #1111, #5060, #3135, #1820, #1030, #749, #697, #975, #1038, #755, #44, #2678, #830, #2299, #13, #1139, #1469, #1657, #3898, #2906, #2361, #746, #3555, #3312, #3989, #3015, #1131, #3841, #1249, #1403, #1891, #707, #4328, #4037, #2047, #1093, #3537, #228, #1845, #3212, #572, #3885, #2363, #2929, #506, #2039, #5002, #4666, #150, #1991, #4747, #2197, #894, #3559, #2764, #1049, #2575, #4714, #4722, #3779, #2321, #1358, #3372, #2344, #2464, #1522, #608, #1073, #3712, #4668 ) ) ;
#2631 = AXIS2_PLACEMENT_3D ( 'NONE', #1966, #394, #421 ) ;
#2632 = CARTESIAN_POINT ( 'NONE',  ( 6.116831702065666398, -41.79916675693360872, 6.315944740516592049 ) ) ;
#2633 = DIRECTION ( 'NONE',  ( 0.000000000000000000, 1.000000000000000000, 0.000000000000000000 ) ) ;
#2634 = DIRECTION ( 'NONE',  ( 0.000000000000000000, 0.000000000000000000, 1.000000000000000000 ) ) ;
#2635 = LINE ( 'NONE', #294, #808 ) ;
#2636 = CARTESIAN_POINT ( 'NONE',  ( 10.39978454312601208, 41.83074801992434999, -0.1840552594834048428 ) ) ;
#2637 = EDGE_LOOP ( 'NONE', ( #3986, #4734, #336, #1436 ) ) ;
#2638 = ORIENTED_EDGE ( 'NONE', *, *, #317, .T. ) ;
#2639 = PLANE ( 'NONE',  #4263 ) ;
#2640 = EDGE_CURVE ( 'NONE', #3108, #2310, #2866, .T. ) ;
#2641 = CARTESIAN_POINT ( 'NONE',  ( -6.500215456874059328, -40.92537143330199001, 8.265944740516438571 ) ) ;
#2642 = CYLINDRICAL_SURFACE ( 'NONE', #1329, 0.5200000000000004619 ) ;
#2643 = VERTEX_POINT ( 'NONE', #3227 ) ;
#2644 = VERTEX_POINT ( 'NONE', #907 ) ;
#2645 = ORIENTED_EDGE ( 'NONE', *, *, #3838, .F. ) ;
#2646 = ORIENTED_EDGE ( 'NONE', *, *, #4841, .F. ) ;
#2647 = ADVANCED_FACE ( 'NONE', ( #119 ), #2087, .F. ) ;
#2648 = CARTESIAN_POINT ( 'NONE',  ( -0.0002154568739888298404, 1.170515403646043673, 6.965944740516595068 ) ) ;
#2649 = PLANE ( 'NONE',  #1185 ) ;
#2650 = DIRECTION ( 'NONE',  ( -1.000000000000000000, 0.000000000000000000, 3.336006684570782904E-15 ) ) ;
#2651 = EDGE_LOOP ( 'NONE', ( #2210, #4371, #1817, #3977 ) ) ;
#2652 = LINE ( 'NONE', #5018, #4659 ) ;
#2653 = ORIENTED_EDGE ( 'NONE', *, *, #1729, .T. ) ;
#2654 = CARTESIAN_POINT ( 'NONE',  ( -12.35021545687398792, -36.16925198007566422, -0.1840552594834037048 ) ) ;
#2655 = AXIS2_PLACEMENT_3D ( 'NONE', #785, #2765, #1216 ) ;
#2656 = EDGE_CURVE ( 'NONE', #655, #1757, #33, .T. ) ;
#2657 = LINE ( 'NONE', #594, #1763 ) ;
#2658 = CARTESIAN_POINT ( 'NONE',  ( 6.499784543126010838, 41.83204801992434341, 3.065944740516618694 ) ) ;
#2659 = LINE ( 'NONE', #1806, #1773 ) ;
#2660 = DIRECTION ( 'NONE',  ( -0.000000000000000000, 1.000000000000000000, -0.000000000000000000 ) ) ;
#2661 = CARTESIAN_POINT ( 'NONE',  ( 2.599784543126010927, 1.170515403646043451, 8.915944740516602351 ) ) ;
#2662 = ORIENTED_EDGE ( 'NONE', *, *, #2035, .F. ) ;
#2663 = ORIENTED_EDGE ( 'NONE', *, *, #2598, .F. ) ;
#2664 = ADVANCED_FACE ( 'NONE', ( #3667 ), #4382, .F. ) ;
#2665 = CARTESIAN_POINT ( 'NONE',  ( 9.128845421669407045, 7.828695643225422884, -4.260784719452050062 ) ) ;
#2666 = CARTESIAN_POINT ( 'NONE',  ( -6.086129977830414539, -38.89845135369773033, 6.315944740516597378 ) ) ;
#2667 = CARTESIAN_POINT ( 'NONE',  ( -5.200215456873987563, -55.66925198007567133, -6.034055259483403155 ) ) ;
#2668 = VERTEX_POINT ( 'NONE', #547 ) ;
#2669 = FACE_OUTER_BOUND ( 'NONE', #3768, .T. ) ;
#2670 = VERTEX_POINT ( 'NONE', #4797 ) ;
#2671 = ORIENTED_EDGE ( 'NONE', *, *, #1423, .F. ) ;
#2672 = EDGE_LOOP ( 'NONE', ( #2613, #1428, #2053, #1633, #2200 ) ) ;
#2673 = CIRCLE ( 'NONE', #1025, 5.200000000000069456 ) ;
#2674 = CARTESIAN_POINT ( 'NONE',  ( 6.023322417162247255, -38.89845135369776585, -9.935355259483404922 ) ) ;
#2675 = DIRECTION ( 'NONE',  ( 0.000000000000000000, 1.000000000000000000, 0.000000000000000000 ) ) ;
#2676 = CARTESIAN_POINT ( 'NONE',  ( -7.150215456873968201, -36.78948459635396517, 6.315944740516597378 ) ) ;
#2677 = AXIS2_PLACEMENT_3D ( 'NONE', #1059, #4564, #4945 ) ;
#2678 = ADVANCED_FACE ( 'NONE', ( #2838 ), #931, .F. ) ;
#2679 = EDGE_LOOP ( 'NONE', ( #4613, #2583, #3285, #1468, #2236 ) ) ;
#2680 = CARTESIAN_POINT ( 'NONE',  ( -5.200215456873986675, -42.66925198007565712, -6.034055259483403155 ) ) ;
#2681 = VERTEX_POINT ( 'NONE', #4896 ) ;
#2682 = EDGE_CURVE ( 'NONE', #1536, #102, #1704, .T. ) ;
#2683 = AXIS2_PLACEMENT_3D ( 'NONE', #2005, #3530, #2727 ) ;
#2684 = DIRECTION ( 'NONE',  ( -0.000000000000000000, 1.000000000000000000, -0.000000000000000000 ) ) ;
#2685 = LINE ( 'NONE', #826, #1434 ) ;
#2686 = DIRECTION ( 'NONE',  ( 0.000000000000000000, 1.000000000000000000, 0.000000000000000000 ) ) ;
#2687 = AXIS2_PLACEMENT_3D ( 'NONE', #38, #4719, #3844 ) ;
#2688 = DIRECTION ( 'NONE',  ( -0.000000000000000000, -1.000000000000000000, -0.000000000000000000 ) ) ;
#2689 = DIRECTION ( 'NONE',  ( 0.000000000000000000, -1.000000000000000000, 0.000000000000000000 ) ) ;
#2690 = ORIENTED_EDGE ( 'NONE', *, *, #2829, .F. ) ;
#2691 = CARTESIAN_POINT ( 'NONE',  ( -3.250215456873986497, 41.83204801992433630, -6.684055259483403511 ) ) ;
#2692 = DIRECTION ( 'NONE',  ( 1.000000000000000000, 0.000000000000000000, 0.000000000000000000 ) ) ;
#2693 = DIRECTION ( 'NONE',  ( -1.000000000000000000, -0.000000000000000000, -0.000000000000000000 ) ) ;
#2694 = ORIENTED_EDGE ( 'NONE', *, *, #3126, .T. ) ;
#2695 = CARTESIAN_POINT ( 'NONE',  ( -5.704196401767696045, -29.70590813141545183, -6.208171258063330811 ) ) ;
#2696 = VERTEX_POINT ( 'NONE', #3690 ) ;
#2697 = ORIENTED_EDGE ( 'NONE', *, *, #3624, .T. ) ;
#2698 = ORIENTED_EDGE ( 'NONE', *, *, #1282, .T. ) ;
#2699 = CIRCLE ( 'NONE', #2288, 5.200000000000000178 ) ;
#2700 = DIRECTION ( 'NONE',  ( 1.084202172485504557E-16, 1.000000000000000000, -0.000000000000000000 ) ) ;
#2701 = AXIS2_PLACEMENT_3D ( 'NONE', #2095, #479, #1295 ) ;
#2702 = AXIS2_PLACEMENT_3D ( 'NONE', #268, #1833, #678 ) ;
#2703 = ORIENTED_EDGE ( 'NONE', *, *, #4905, .F. ) ;
#2704 = LINE ( 'NONE', #313, #709 ) ;
#2705 = EDGE_CURVE ( 'NONE', #502, #1256, #4026, .T. ) ;
#2706 = EDGE_LOOP ( 'NONE', ( #213, #4958, #3401, #3574, #4057 ) ) ;
#2707 = EDGE_CURVE ( 'NONE', #4542, #4608, #4813, .T. ) ;
#2708 = CARTESIAN_POINT ( 'NONE',  ( 13.00108454312607442, -1.925371433301987567, 8.915944740516568601 ) ) ;
#2709 = EDGE_CURVE ( 'NONE', #742, #4731, #216, .T. ) ;
#2710 = DIRECTION ( 'NONE',  ( -0.000000000000000000, -0.000000000000000000, -1.000000000000000000 ) ) ;
#2711 = DIRECTION ( 'NONE',  ( 1.927470528863134333E-15, 1.000000000000000000, 0.000000000000000000 ) ) ;
#2712 = VECTOR ( 'NONE', #4098, 1000.000000000000000 ) ;
#2713 = DIRECTION ( 'NONE',  ( -0.000000000000000000, 1.000000000000000000, 0.000000000000000000 ) ) ;
#2714 = DIRECTION ( 'NONE',  ( -1.000000000000000000, 0.000000000000000000, 3.469446951953614189E-15 ) ) ;
#2715 = ORIENTED_EDGE ( 'NONE', *, *, #3489, .F. ) ;
#2716 = LINE ( 'NONE', #5050, #480 ) ;
#2717 = FACE_OUTER_BOUND ( 'NONE', #4241, .T. ) ;
#2718 = CARTESIAN_POINT ( 'NONE',  ( -3.440310167103199479, -47.04065331551598206, 0.000000000000000000 ) ) ;
#2719 = EDGE_LOOP ( 'NONE', ( #9, #375, #3188, #3957 ) ) ;
#2720 = LINE ( 'NONE', #4316, #4344 ) ;
#2721 = ORIENTED_EDGE ( 'NONE', *, *, #1379, .T. ) ;
#2722 = ORIENTED_EDGE ( 'NONE', *, *, #1703, .F. ) ;
#2723 = ORIENTED_EDGE ( 'NONE', *, *, #3812, .T. ) ;
#2724 = EDGE_CURVE ( 'NONE', #238, #4631, #4890, .T. ) ;
#2725 = LINE ( 'NONE', #1226, #4558 ) ;
#2726 = ORIENTED_EDGE ( 'NONE', *, *, #3931, .T. ) ;
#2727 = DIRECTION ( 'NONE',  ( 0.000000000000000000, 0.000000000000000000, 1.000000000000000000 ) ) ;
#2728 = ORIENTED_EDGE ( 'NONE', *, *, #1666, .F. ) ;
#2729 = PLANE ( 'NONE',  #210 ) ;
#2730 = CIRCLE ( 'NONE', #511, 2.428357573436369599 ) ;
#2731 = AXIS2_PLACEMENT_3D ( 'NONE', #4537, #1033, #621 ) ;
#2732 = DIRECTION ( 'NONE',  ( 0.000000000000000000, 1.000000000000000000, 0.000000000000000000 ) ) ;
#2733 = DIRECTION ( 'NONE',  ( 1.000000000000000000, -1.084202172485504434E-16, 0.000000000000000000 ) ) ;
#2734 = CARTESIAN_POINT ( 'NONE',  ( 6.106605262655629751, 0.6215486463022554808, 6.965944740516595068 ) ) ;
#2735 = LINE ( 'NONE', #3542, #3294 ) ;
#2736 = VECTOR ( 'NONE', #1578, 1000.000000000000000 ) ;
#2737 = EDGE_CURVE ( 'NONE', #3421, #4985, #615, .T. ) ;
#2738 = EDGE_CURVE ( 'NONE', #2068, #1177, #3842, .T. ) ;
#2739 = DIRECTION ( 'NONE',  ( -0.000000000000000000, -1.000000000000000000, -0.000000000000000000 ) ) ;
#2740 = LINE ( 'NONE', #831, #1664 ) ;
#2741 = EDGE_CURVE ( 'NONE', #3292, #3146, #1774, .T. ) ;
#2742 = DIRECTION ( 'NONE',  ( -0.000000000000000000, 1.000000000000000000, -0.000000000000000000 ) ) ;
#2743 = ORIENTED_EDGE ( 'NONE', *, *, #3848, .F. ) ;
#2744 = VECTOR ( 'NONE', #743, 1000.000000000000000 ) ;
#2745 = CARTESIAN_POINT ( 'NONE',  ( -9.580258525877647813, -35.66876223824291969, -1.663614758414874828 ) ) ;
#2746 = ORIENTED_EDGE ( 'NONE', *, *, #1276, .F. ) ;
#2747 = ORIENTED_EDGE ( 'NONE', *, *, #3713, .T. ) ;
#2748 = VERTEX_POINT ( 'NONE', #242 ) ;
#2749 = LINE ( 'NONE', #2002, #1180 ) ;
#2750 = EDGE_CURVE ( 'NONE', #4009, #2027, #2602, .T. ) ;
#2751 = AXIS2_PLACEMENT_3D ( 'NONE', #4193, #3781, #4552 ) ;
#2752 = ORIENTED_EDGE ( 'NONE', *, *, #2802, .T. ) ;
#2753 = CYLINDRICAL_SURFACE ( 'NONE', #3992, 0.5200000000000035705 ) ;
#2754 = EDGE_LOOP ( 'NONE', ( #2973, #2289, #3413, #2069 ) ) ;
#2755 = VECTOR ( 'NONE', #727, 1000.000000000000000 ) ;
#2756 = CARTESIAN_POINT ( 'NONE',  ( -7.150215456873985964, -3.669251980075661113, 3.715944740516637257 ) ) ;
#2757 = EDGE_CURVE ( 'NONE', #1204, #4907, #5022, .T. ) ;
#2758 = VECTOR ( 'NONE', #1540, 1000.000000000000000 ) ;
#2759 = CARTESIAN_POINT ( 'NONE',  ( 2.599784543126012260, -1.405371433301987327, 8.915944740516602351 ) ) ;
#2760 = LINE ( 'NONE', #4332, #3287 ) ;
#2761 = DIRECTION ( 'NONE',  ( -1.000000000000000000, 0.000000000000000000, 0.000000000000000000 ) ) ;
#2762 = CARTESIAN_POINT ( 'NONE',  ( 9.749784543126013503, -3.669251980075661113, -0.1840552594834037048 ) ) ;
#2763 = AXIS2_PLACEMENT_3D ( 'NONE', #1752, #4123, #3328 ) ;
#2764 = ADVANCED_FACE ( 'NONE', ( #1032 ), #264, .F. ) ;
#2765 = DIRECTION ( 'NONE',  ( 0.000000000000000000, -1.000000000000000000, 0.000000000000000000 ) ) ;
#2766 = CARTESIAN_POINT ( 'NONE',  ( -6.608926729941864586, -3.319166756933605633, 8.915944740516636102 ) ) ;
#2767 = CARTESIAN_POINT ( 'NONE',  ( 6.499784543125938896, -42.66925198007565712, 8.265944740516619760 ) ) ;
#2768 = ORIENTED_EDGE ( 'NONE', *, *, #2801, .F. ) ;
#2769 = LINE ( 'NONE', #1559, #2857 ) ;
#2770 = ORIENTED_EDGE ( 'NONE', *, *, #2951, .T. ) ;
#2771 = ORIENTED_EDGE ( 'NONE', *, *, #4092, .F. ) ;
#2772 = CIRCLE ( 'NONE', #144, 0.5200000000000013500 ) ;
#2773 = ORIENTED_EDGE ( 'NONE', *, *, #4119, .T. ) ;
#2774 = PRODUCT_RELATED_PRODUCT_CATEGORY ( 'part', '', ( #4208 ) ) ;
#2775 = EDGE_LOOP ( 'NONE', ( #1975, #1395, #3001, #4251 ) ) ;
#2776 = CARTESIAN_POINT ( 'NONE',  ( 11.69978454312601102, -55.66925198007567133, -8.634055259483403688 ) ) ;
#2777 = EDGE_CURVE ( 'NONE', #3889, #1487, #2657, .T. ) ;
#2778 = ORIENTED_EDGE ( 'NONE', *, *, #1431, .T. ) ;
#2779 = LINE ( 'NONE', #822, #4072 ) ;
#2780 = ORIENTED_EDGE ( 'NONE', *, *, #2269, .T. ) ;
#2781 = DIRECTION ( 'NONE',  ( 0.000000000000000000, 0.000000000000000000, 1.000000000000000000 ) ) ;
#2782 = CIRCLE ( 'NONE', #885, 3.250000000000000444 ) ;
#2783 = DIRECTION ( 'NONE',  ( -1.000000000000000000, 0.000000000000000000, 0.000000000000000000 ) ) ;
#2784 = DIRECTION ( 'NONE',  ( -1.000000000000000000, 1.927470528863134333E-15, -1.387778780781427690E-14 ) ) ;
#2785 = LINE ( 'NONE', #3484, #1695 ) ;
#2786 = FACE_BOUND ( 'NONE', #1277, .T. ) ;
#2787 = CIRCLE ( 'NONE', #571, 3.900000000000000355 ) ;
#2788 = DIRECTION ( 'NONE',  ( 1.000000000000000000, -1.251002506714043293E-16, -2.485324980005232804E-14 ) ) ;
#2789 = CARTESIAN_POINT ( 'NONE',  ( -6.876168419277810528, 0.1015486463022569480, 6.965944740516595068 ) ) ;
#2790 = LINE ( 'NONE', #2648, #1388 ) ;
#2791 = ORIENTED_EDGE ( 'NONE', *, *, #1604, .T. ) ;
#2792 = DIRECTION ( 'NONE',  ( -1.000000000000000000, 0.000000000000000000, 0.000000000000000000 ) ) ;
#2793 = ORIENTED_EDGE ( 'NONE', *, *, #1383, .F. ) ;
#2794 = ORIENTED_EDGE ( 'NONE', *, *, #3416, .T. ) ;
#2795 = AXIS2_PLACEMENT_3D ( 'NONE', #3225, #3996, #1260 ) ;
#2796 = EDGE_CURVE ( 'NONE', #3930, #719, #2428, .T. ) ;
#2797 = ORIENTED_EDGE ( 'NONE', *, *, #3665, .T. ) ;
#2798 = VERTEX_POINT ( 'NONE', #1473 ) ;
#2799 = LINE ( 'NONE', #3981, #2984 ) ;
#2800 = ORIENTED_EDGE ( 'NONE', *, *, #3405, .F. ) ;
#2801 = EDGE_CURVE ( 'NONE', #1502, #4298, #4120, .T. ) ;
#2802 = EDGE_CURVE ( 'NONE', #2681, #204, #1415, .T. ) ;
#2803 = CARTESIAN_POINT ( 'NONE',  ( -3.250215456873989606, 41.83074801992434999, -7.334055259483403866 ) ) ;
#2804 = EDGE_LOOP ( 'NONE', ( #353, #4212, #4682, #1612, #2006, #1410 ) ) ;
#2805 = DIRECTION ( 'NONE',  ( -0.000000000000000000, -0.000000000000000000, 1.000000000000000000 ) ) ;
#2806 = CARTESIAN_POINT ( 'NONE',  ( 3.249784543126013947, 41.83204801992433630, -6.684055259483403511 ) ) ;
#2807 = FACE_OUTER_BOUND ( 'NONE', #3975, .T. ) ;
#2808 = CARTESIAN_POINT ( 'NONE',  ( 7.149784543126022740, -42.66925198007565712, 6.315944740516609812 ) ) ;
#2809 = CARTESIAN_POINT ( 'NONE',  ( 0.002183553277065063570, -67.37055198007574575, -6.034055259483404043 ) ) ;
#2810 = AXIS2_PLACEMENT_3D ( 'NONE', #2014, #4027, #1192 ) ;
#2811 = EDGE_CURVE ( 'NONE', #346, #655, #2174, .T. ) ;
#2812 = CARTESIAN_POINT ( 'NONE',  ( -0.0002154568739888239044, 2.210515403646042820, 9.567244740516594348 ) ) ;
#2813 = CARTESIAN_POINT ( 'NONE',  ( -10.03531637501456686, 6.149750280842919636, -2.470724309276605357 ) ) ;
#2814 = LINE ( 'NONE', #1317, #4 ) ;
#2815 = CARTESIAN_POINT ( 'NONE',  ( -5.622285765154958703, -28.70983555216443150, -8.976111419060954333 ) ) ;
#2816 = DIRECTION ( 'NONE',  ( 0.000000000000000000, 1.000000000000000000, 0.000000000000000000 ) ) ;
#2817 = ORIENTED_EDGE ( 'NONE', *, *, #761, .F. ) ;
#2818 = ORIENTED_EDGE ( 'NONE', *, *, #1756, .F. ) ;
#2819 = DIRECTION ( 'NONE',  ( -1.000000000000000000, 0.000000000000000000, 0.000000000000000000 ) ) ;
#2820 = ORIENTED_EDGE ( 'NONE', *, *, #2568, .T. ) ;
#2821 = DIRECTION ( 'NONE',  ( -1.000000000000000000, 0.000000000000000000, 0.000000000000000000 ) ) ;
#2822 = VECTOR ( 'NONE', #197, 1000.000000000000000 ) ;
#2823 = ORIENTED_EDGE ( 'NONE', *, *, #871, .F. ) ;
#2824 = EDGE_CURVE ( 'NONE', #2059, #183, #1858, .T. ) ;
#2825 = CARTESIAN_POINT ( 'NONE',  ( -2.470215456873968041, -37.82948459635397143, 8.265944740516463440 ) ) ;
#2826 = ORIENTED_EDGE ( 'NONE', *, *, #2709, .F. ) ;
#2827 = DIRECTION ( 'NONE',  ( 1.000000000000000000, 0.000000000000000000, 0.000000000000000000 ) ) ;
#2828 = LINE ( 'NONE', #3488, #3687 ) ;
#2829 = EDGE_CURVE ( 'NONE', #913, #4397, #2836, .T. ) ;
#2830 = AXIS2_PLACEMENT_3D ( 'NONE', #3557, #3481, #365 ) ;
#2831 = ORIENTED_EDGE ( 'NONE', *, *, #1281, .F. ) ;
#2832 = DIRECTION ( 'NONE',  ( -0.000000000000000000, -0.000000000000000000, -1.000000000000000000 ) ) ;
#2833 = PLANE ( 'NONE',  #1969 ) ;
#2834 = LINE ( 'NONE', #2476, #1948 ) ;
#2835 = DIRECTION ( 'NONE',  ( -1.224646799147359370E-16, -0.000000000000000000, 1.000000000000000000 ) ) ;
#2836 = CIRCLE ( 'NONE', #3501, 3.999999999999998224 ) ;
#2837 = ADVANCED_FACE ( 'NONE', ( #2988 ), #2270, .F. ) ;
#2838 = FACE_OUTER_BOUND ( 'NONE', #4925, .T. ) ;
#2839 = DIRECTION ( 'NONE',  ( -1.387778780781427690E-14, -0.000000000000000000, 1.000000000000000000 ) ) ;
#2840 = DIRECTION ( 'NONE',  ( -0.000000000000000000, -1.000000000000000000, -0.000000000000000000 ) ) ;
#2841 = CARTESIAN_POINT ( 'NONE',  ( -1.950215456874002884, -40.40537143330197978, 8.265944740516500744 ) ) ;
#2842 = CARTESIAN_POINT ( 'NONE',  ( -6.608926729941864586, -2.799166756933606504, 8.915944740516636102 ) ) ;
#2843 = EDGE_LOOP ( 'NONE', ( #887, #1980, #5082, #3915 ) ) ;
#2844 = EDGE_LOOP ( 'NONE', ( #4003, #1901, #303, #775, #5057, #4240 ) ) ;
#2845 = CARTESIAN_POINT ( 'NONE',  ( -6.500215456874058439, -41.45602373221267101, 8.265944740516436795 ) ) ;
#2846 = ORIENTED_EDGE ( 'NONE', *, *, #4795, .F. ) ;
#2847 = DIRECTION ( 'NONE',  ( -0.000000000000000000, -0.000000000000000000, -1.000000000000000000 ) ) ;
#2848 = VECTOR ( 'NONE', #2034, 1000.000000000000000 ) ;
#2849 = ORIENTED_EDGE ( 'NONE', *, *, #665, .T. ) ;
#2850 = CARTESIAN_POINT ( 'NONE',  ( 7.717954955333104827, -30.55167888905320694, -4.927309316247269422 ) ) ;
#2851 = ORIENTED_EDGE ( 'NONE', *, *, #4197, .F. ) ;
#2852 = PLANE ( 'NONE',  #2944 ) ;
#2853 = EDGE_CURVE ( 'NONE', #102, #1982, #4256, .T. ) ;
#2854 = CARTESIAN_POINT ( 'NONE',  ( -6.500215456873987385, -55.66925198007567133, 3.065944740516438394 ) ) ;
#2855 = EDGE_CURVE ( 'NONE', #2175, #2748, #4305, .T. ) ;
#2856 = EDGE_LOOP ( 'NONE', ( #3441, #4056, #4157, #681 ) ) ;
#2857 = VECTOR ( 'NONE', #1996, 1000.000000000000000 ) ;
#2858 = DIRECTION ( 'NONE',  ( -1.224646799147359370E-16, -0.000000000000000000, 1.000000000000000000 ) ) ;
#2859 = FACE_OUTER_BOUND ( 'NONE', #2332, .T. ) ;
#2860 = CARTESIAN_POINT ( 'NONE',  ( 12.34978454312601315, -36.16925198007566422, 3.715944740516587963 ) ) ;
#2861 = CIRCLE ( 'NONE', #4348, 0.5199999999999992406 ) ;
#2862 = CIRCLE ( 'NONE', #2370, 0.5200000000000013500 ) ;
#2863 = EDGE_CURVE ( 'NONE', #2896, #125, #1936, .T. ) ;
#2864 = AXIS2_PLACEMENT_3D ( 'NONE', #2892, #1340, #3718 ) ;
#2865 = EDGE_CURVE ( 'NONE', #3801, #3882, #2294, .T. ) ;
#2866 = LINE ( 'NONE', #4438, #3154 ) ;
#2867 = DIRECTION ( 'NONE',  ( 3.469446951953614189E-15, -0.000000000000000000, 1.000000000000000000 ) ) ;
#2868 = CARTESIAN_POINT ( 'NONE',  ( 7.799784543126011549, -1.925371433301987567, 8.875159797092539549 ) ) ;
#2869 = CYLINDRICAL_SURFACE ( 'NONE', #562, 3.728357573436369421 ) ;
#2870 = LINE ( 'NONE', #1291, #4059 ) ;
#2871 = VERTEX_POINT ( 'NONE', #4669 ) ;
#2872 = AXIS2_PLACEMENT_3D ( 'NONE', #2178, #3729, #996 ) ;
#2873 = AXIS2_PLACEMENT_3D ( 'NONE', #233, #3426, #3007 ) ;
#2874 = VERTEX_POINT ( 'NONE', #4743 ) ;
#2875 = CARTESIAN_POINT ( 'NONE',  ( 6.373846951991574805, -2.279166756933607818, 9.567244740516594348 ) ) ;
#2876 = AXIS2_PLACEMENT_3D ( 'NONE', #3545, #1491, #2230 ) ;
#2877 = ORIENTED_EDGE ( 'NONE', *, *, #1077, .F. ) ;
#2878 = CARTESIAN_POINT ( 'NONE',  ( -2.470215456873968041, -36.78948459635396517, 6.315944740516595601 ) ) ;
#2879 = AXIS2_PLACEMENT_3D ( 'NONE', #1915, #5047, #2714 ) ;
#2880 = VERTEX_POINT ( 'NONE', #730 ) ;
#2881 = EDGE_CURVE ( 'NONE', #1074, #1204, #1142, .T. ) ;
#2882 = DIRECTION ( 'NONE',  ( -1.000000000000000000, 0.000000000000000000, 3.336006684570790398E-15 ) ) ;
#2883 = CARTESIAN_POINT ( 'NONE',  ( -3.250215456873986497, 41.83204801992433630, -6.684055259483403511 ) ) ;
#2884 = CARTESIAN_POINT ( 'NONE',  ( 7.149784543126029845, -42.66925198007565712, 8.265944740516628642 ) ) ;
#2885 = B_SPLINE_CURVE_WITH_KNOTS ( 'NONE', 3,
 ( #4773, #1974, #2330, #2815, #2407, #3904, #3926, #3976, #404, #449, #2384, #69, #4385, #2432, #3618, #95, #3109, #5083, #3139, #4728, #1195, #4681, #4340, #4291, #376, #811, #1945, #3520 ),
 .UNSPECIFIED., .F., .F.,
 ( 4, 2, 2, 2, 2, 2, 2, 2, 2, 2, 2, 2, 2, 4 ),
 ( 2.168404344971008868E-18, 0.002049519132071600698, 0.003074278698107398879, 0.004099038264143196192, 0.005123797830178996107, 0.006148557396214796023, 0.008198076528286388914, 0.009222836094322185360, 0.01024759566035798354, 0.01127235522639377305, 0.01229711479242956429, 0.01332187435846535380, 0.01434663392450114504, 0.01639615305657274660 ),
 .UNSPECIFIED. ) ;
#2886 = ORIENTED_EDGE ( 'NONE', *, *, #838, .T. ) ;
#2887 = DIRECTION ( 'NONE',  ( -1.000000000000000000, 0.000000000000000000, -1.334402673828331937E-14 ) ) ;
#2888 =( LENGTH_UNIT ( ) NAMED_UNIT ( * ) SI_UNIT ( .MILLI., .METRE. ) );
#2889 = CARTESIAN_POINT ( 'NONE',  ( 5.199784543126007463, -42.66925198007565712, -6.034055259483403155 ) ) ;
#2890 = CARTESIAN_POINT ( 'NONE',  ( 6.023322417162247255, -39.41845135369774056, 6.315944740516594713 ) ) ;
#2891 = DIRECTION ( 'NONE',  ( -0.000000000000000000, -1.000000000000000000, -0.000000000000000000 ) ) ;
#2892 = CARTESIAN_POINT ( 'NONE',  ( -7.800215456873988096, -3.669251980075659780, -0.1840552594834037048 ) ) ;
#2893 = CARTESIAN_POINT ( 'NONE',  ( 9.099784543126011371, 41.83204801992434341, 3.065944740516614253 ) ) ;
#2894 = ORIENTED_EDGE ( 'NONE', *, *, #2099, .F. ) ;
#2895 = ADVANCED_FACE ( 'NONE', ( #3482 ), #4280, .F. ) ;
#2896 = VERTEX_POINT ( 'NONE', #3509 ) ;
#2897 = CARTESIAN_POINT ( 'NONE',  ( 7.149784543126032510, -36.78948459635397228, 8.265944740516628642 ) ) ;
#2898 = VECTOR ( 'NONE', #3026, 1000.000000000000000 ) ;
#2899 = EDGE_CURVE ( 'NONE', #5086, #1568, #4357, .T. ) ;
#2900 = CARTESIAN_POINT ( 'NONE',  ( 12.27669534871622048, 7.515210331169132729, -3.880305006016677716 ) ) ;
#2901 = ORIENTED_EDGE ( 'NONE', *, *, #1233, .F. ) ;
#2902 = DIRECTION ( 'NONE',  ( 1.000000000000000000, 0.000000000000000000, -3.154042683594197093E-16 ) ) ;
#2903 = AXIS2_PLACEMENT_3D ( 'NONE', #4050, #2914, #522 ) ;
#2904 = ORIENTED_EDGE ( 'NONE', *, *, #4843, .F. ) ;
#2905 = CARTESIAN_POINT ( 'NONE',  ( -0.0002154568739064057555, -39.88537143330199797, -9.935355259483404922 ) ) ;
#2906 = ADVANCED_FACE ( 'NONE', ( #1162 ), #751, .F. ) ;
#2907 = CARTESIAN_POINT ( 'NONE',  ( 0.002183553277065063570, -67.37055198007574575, -3.605697686047034889 ) ) ;
#2908 = CARTESIAN_POINT ( 'NONE',  ( -5.200215456873987563, 41.83204801992434341, -2.134055259483403244 ) ) ;
#2909 = ORIENTED_EDGE ( 'NONE', *, *, #1783, .T. ) ;
#2910 = DIRECTION ( 'NONE',  ( 0.000000000000000000, -1.000000000000000000, 0.000000000000000000 ) ) ;
#2911 = FILL_AREA_STYLE ('',( #1335 ) ) ;
#2912 = AXIS2_PLACEMENT_3D ( 'NONE', #4404, #4455, #3633 ) ;
#2913 = EDGE_CURVE ( 'NONE', #3521, #2512, #1115, .T. ) ;
#2914 = DIRECTION ( 'NONE',  ( 0.000000000000000000, 1.000000000000000000, 0.000000000000000000 ) ) ;
#2915 = CARTESIAN_POINT ( 'NONE',  ( 3.999999999999997335, -45.12495609277245734, -4.499999999999948486 ) ) ;
#2916 = DIRECTION ( 'NONE',  ( 0.000000000000000000, 0.000000000000000000, 1.000000000000000000 ) ) ;
#2917 = VECTOR ( 'NONE', #3128, 1000.000000000000000 ) ;
#2918 = DIRECTION ( 'NONE',  ( -1.387778780781427690E-14, -0.000000000000000000, 1.000000000000000000 ) ) ;
#2920 = VERTEX_POINT ( 'NONE', #1523 ) ;
#2919 = CARTESIAN_POINT ( 'NONE',  ( 7.149784543126032510, -36.78948459635397228, 6.315944740516592049 ) ) ;
#2921 = ORIENTED_EDGE ( 'NONE', *, *, #665, .F. ) ;
#2922 = ORIENTED_EDGE ( 'NONE', *, *, #2075, .F. ) ;
#2923 = DIRECTION ( 'NONE',  ( 0.000000000000000000, 0.000000000000000000, -1.000000000000000000 ) ) ;
#2924 = EDGE_CURVE ( 'NONE', #2512, #2310, #1851, .T. ) ;
#2925 = VECTOR ( 'NONE', #4585, 1000.000000000000000 ) ;
#2926 = PLANE ( 'NONE',  #3715 ) ;
#2927 = ORIENTED_EDGE ( 'NONE', *, *, #1349, .T. ) ;
#2928 = CYLINDRICAL_SURFACE ( 'NONE', #4951, 0.5200000000000013500 ) ;
#2929 = ADVANCED_FACE ( 'NONE', ( #3538, #4331 ), #14, .T. ) ;
#2930 = ORIENTED_EDGE ( 'NONE', *, *, #3908, .T. ) ;
#2931 = DIRECTION ( 'NONE',  ( -1.224646799147359370E-16, -0.000000000000000000, 1.000000000000000000 ) ) ;
#2932 = AXIS2_PLACEMENT_3D ( 'NONE', #1188, #2761, #4671 ) ;
#2933 = FACE_OUTER_BOUND ( 'NONE', #1674, .T. ) ;
#2934 = EDGE_CURVE ( 'NONE', #270, #4556, #447, .T. ) ;
#2935 = CARTESIAN_POINT ( 'NONE',  ( -12.70758046666170671, 6.249862952065534216, -2.570078511040831071 ) ) ;
#2936 = VERTEX_POINT ( 'NONE', #1186 ) ;
#2937 = DIRECTION ( 'NONE',  ( 0.000000000000000000, 0.000000000000000000, 1.000000000000000000 ) ) ;
#2938 = CARTESIAN_POINT ( 'NONE',  ( 7.533321964337384102, -28.88423668928507482, -8.220062497408479274 ) ) ;
#2939 = VECTOR ( 'NONE', #4017, 1000.000000000000000 ) ;
#2940 = CARTESIAN_POINT ( 'NONE',  ( 3.982459901891388654, -45.37418328373568244, 0.000000000000000000 ) ) ;
#2941 = FACE_OUTER_BOUND ( 'NONE', #3784, .T. ) ;
#2942 = DIRECTION ( 'NONE',  ( 1.000000000000000000, 0.000000000000000000, 0.000000000000000000 ) ) ;
#2943 = DIRECTION ( 'NONE',  ( 1.000000000000000000, 0.000000000000000000, 0.000000000000000000 ) ) ;
#2944 = AXIS2_PLACEMENT_3D ( 'NONE', #1643, #2827, #4427 ) ;
#2945 = ORIENTED_EDGE ( 'NONE', *, *, #4482, .T. ) ;
#2946 = ORIENTED_EDGE ( 'NONE', *, *, #3707, .F. ) ;
#2947 = CARTESIAN_POINT ( 'NONE',  ( 13.00108454312602824, -41.27916675693359849, 8.265944740516710354 ) ) ;
#2948 = CARTESIAN_POINT ( 'NONE',  ( 11.19566401098237307, 8.951004332729135982, -5.844786599779252079 ) ) ;
#2949 = ORIENTED_EDGE ( 'NONE', *, *, #1759, .T. ) ;
#2950 = ORIENTED_EDGE ( 'NONE', *, *, #2863, .F. ) ;
#2951 = EDGE_CURVE ( 'NONE', #3521, #3519, #1112, .T. ) ;
#2952 = ORIENTED_EDGE ( 'NONE', *, *, #3676, .T. ) ;
#2953 = CARTESIAN_POINT ( 'NONE',  ( 6.380124657315542791, -29.89218302244309555, -5.885868214085896888 ) ) ;
#2954 = CYLINDRICAL_SURFACE ( 'NONE', #2872, 0.5200000000000013500 ) ;
#2955 = PLANE ( 'NONE',  #2031 ) ;
#2956 = ADVANCED_FACE ( 'NONE', ( #3175 ), #3944, .T. ) ;
#2957 = EDGE_CURVE ( 'NONE', #4474, #1120, #2685, .T. ) ;
#2958 = CYLINDRICAL_SURFACE ( 'NONE', #4571, 2.600000000000000533 ) ;
#2959 = ORIENTED_EDGE ( 'NONE', *, *, #4692, .T. ) ;
#2960 = CARTESIAN_POINT ( 'NONE',  ( 13.00108454312602824, -37.82948459635397143, 8.265944740516710354 ) ) ;
#2961 = CARTESIAN_POINT ( 'NONE',  ( -8.673617379884035472E-16, -45.00000000000000711, 0.5000000000000004441 ) ) ;
#2962 = DIRECTION ( 'NONE',  ( 3.469446951953632333E-15, 0.000000000000000000, 1.000000000000000000 ) ) ;
#2963 = DIRECTION ( 'NONE',  ( 0.000000000000000000, 0.000000000000000000, 1.000000000000000000 ) ) ;
#2964 = CARTESIAN_POINT ( 'NONE',  ( -5.200215456873987563, -55.66925198007563580, -6.034055259483403155 ) ) ;
#2965 = FACE_OUTER_BOUND ( 'NONE', #4418, .T. ) ;
#2966 = CARTESIAN_POINT ( 'NONE',  ( 6.373846951991574805, -2.279166756933607818, 8.915944740516613010 ) ) ;
#2967 = EDGE_CURVE ( 'NONE', #1120, #183, #440, .T. ) ;
#2968 = ORIENTED_EDGE ( 'NONE', *, *, #1441, .T. ) ;
#2969 = ORIENTED_EDGE ( 'NONE', *, *, #658, .F. ) ;
#2970 = DIRECTION ( 'NONE',  ( 1.000000000000000000, 0.000000000000000000, 1.429717150530325015E-16 ) ) ;
#2971 = CARTESIAN_POINT ( 'NONE',  ( -8.673617379884035472E-16, -45.00000000000000711, 0.5000000000000004441 ) ) ;
#2972 = DIRECTION ( 'NONE',  ( 0.000000000000000000, 1.000000000000000000, 0.000000000000000000 ) ) ;
#2973 = ORIENTED_EDGE ( 'NONE', *, *, #4224, .T. ) ;
#2974 = ORIENTED_EDGE ( 'NONE', *, *, #1431, .F. ) ;
#2975 = VECTOR ( 'NONE', #3470, 1000.000000000000000 ) ;
#2976 = ORIENTED_EDGE ( 'NONE', *, *, #3872, .T. ) ;
#2977 = AXIS2_PLACEMENT_3D ( 'NONE', #103, #1663, #4062 ) ;
#2978 = CARTESIAN_POINT ( 'NONE',  ( 3.249784543126013947, -29.46110827738353422, -6.684055259483403511 ) ) ;
#2979 = PLANE ( 'NONE',  #2995 ) ;
#2980 = LINE ( 'NONE', #1405, #3534 ) ;
#2981 = AXIS2_PLACEMENT_3D ( 'NONE', #231, #1793, #3367 ) ;
#2982 = CARTESIAN_POINT ( 'NONE',  ( 3.249784543126013947, -29.46110827738353422, -6.684055259483403511 ) ) ;
#2983 = EDGE_LOOP ( 'NONE', ( #3165, #944, #4498, #1925, #227, #585, #2904, #2143 ) ) ;
#2984 = VECTOR ( 'NONE', #4372, 1000.000000000000000 ) ;
#2985 = DIRECTION ( 'NONE',  ( 0.000000000000000000, 1.000000000000000000, -0.000000000000000000 ) ) ;
#2986 = EDGE_CURVE ( 'NONE', #1790, #4531, #3091, .T. ) ;
#2987 = CIRCLE ( 'NONE', #1675, 11.70000000000007034 ) ;
#2988 = FACE_OUTER_BOUND ( 'NONE', #2856, .T. ) ;
#2989 = CARTESIAN_POINT ( 'NONE',  ( -3.250215456873989606, 41.83074801992434999, -9.934055259483404399 ) ) ;
#2990 = DIRECTION ( 'NONE',  ( 0.000000000000000000, -1.000000000000000000, 0.000000000000000000 ) ) ;
#2991 = PLANE ( 'NONE',  #4267 ) ;
#2992 = CARTESIAN_POINT ( 'NONE',  ( 12.99978454312601173, 41.83074801992434999, 4.365944740516595424 ) ) ;
#2993 = ORIENTED_EDGE ( 'NONE', *, *, #4643, .T. ) ;
#2994 = EDGE_CURVE ( 'NONE', #1225, #2366, #4483, .T. ) ;
#2995 = AXIS2_PLACEMENT_3D ( 'NONE', #5014, #2700, #1461 ) ;
#2996 = VERTEX_POINT ( 'NONE', #954 ) ;
#2997 = FACE_OUTER_BOUND ( 'NONE', #964, .T. ) ;
#2998 = VECTOR ( 'NONE', #165, 1000.000000000000000 ) ;
#2999 = CARTESIAN_POINT ( 'NONE',  ( 7.149784543126013858, -36.16925198007566422, 3.715944740516587963 ) ) ;
#3000 = CARTESIAN_POINT ( 'NONE',  ( 10.07941727080375571, 9.695294672966777938, -7.181459842771061197 ) ) ;
#3001 = ORIENTED_EDGE ( 'NONE', *, *, #2656, .T. ) ;
#3002 = ORIENTED_EDGE ( 'NONE', *, *, #2853, .T. ) ;
#3003 = ORIENTED_EDGE ( 'NONE', *, *, #1679, .F. ) ;
#3004 = AXIS2_PLACEMENT_3D ( 'NONE', #362, #3862, #2625 ) ;
#3005 = CARTESIAN_POINT ( 'NONE',  ( -7.800215456873988096, 2.830748019924340664, 6.965944740516595068 ) ) ;
#3006 = CARTESIAN_POINT ( 'NONE',  ( 2.430541126713434696, -67.37055198007574575, -6.034055259483404043 ) ) ;
#3007 = DIRECTION ( 'NONE',  ( 1.000000000000000000, 1.927470528863118950E-15, 0.000000000000000000 ) ) ;
#3008 = DIRECTION ( 'NONE',  ( 0.000000000000000000, 1.000000000000000000, 0.000000000000000000 ) ) ;
#3009 = CIRCLE ( 'NONE', #2441, 3.250000000000002220 ) ;
#3010 = ORIENTED_EDGE ( 'NONE', *, *, #281, .T. ) ;
#3011 = DIRECTION ( 'NONE',  ( 0.000000000000000000, 0.000000000000000000, 1.000000000000000000 ) ) ;
#3012 = CARTESIAN_POINT ( 'NONE',  ( 6.636831702065703276, -41.79916675693360872, 8.264138472595730533 ) ) ;
#3013 = CIRCLE ( 'NONE', #467, 2.599999999999994760 ) ;
#3014 = EDGE_CURVE ( 'NONE', #99, #1982, #3686, .T. ) ;
#3015 = ADVANCED_FACE ( 'NONE', ( #1727 ), #4845, .F. ) ;
#3016 = CARTESIAN_POINT ( 'NONE',  ( 6.106605262655629751, 0.6215486463022554808, 9.567244740516594348 ) ) ;
#3017 = LINE ( 'NONE', #3100, #4838 ) ;
#3018 = CARTESIAN_POINT ( 'NONE',  ( -0.0002154568740607582791, -55.66925198007567133, -2.134055259483403244 ) ) ;
#3019 = PLANE ( 'NONE',  #4015 ) ;
#3020 = LINE ( 'NONE', #4596, #4137 ) ;
#3021 = VERTEX_POINT ( 'NONE', #4046 ) ;
#3022 = ADVANCED_FACE ( 'NONE', ( #875 ), #4432, .T. ) ;
#3023 = ORIENTED_EDGE ( 'NONE', *, *, #2865, .F. ) ;
#3024 = CARTESIAN_POINT ( 'NONE',  ( 9.893930048835150259, 6.565385880539654551, -2.861720533364471741 ) ) ;
#3025 = LINE ( 'NONE', #1397, #4359 ) ;
#3026 = DIRECTION ( 'NONE',  ( -0.000000000000000000, -0.000000000000000000, -1.000000000000000000 ) ) ;
#3027 = AXIS2_PLACEMENT_3D ( 'NONE', #2397, #4065, #846 ) ;
#3028 = ORIENTED_EDGE ( 'NONE', *, *, #558, .T. ) ;
#3029 = EDGE_LOOP ( 'NONE', ( #1083, #2165, #1377, #105 ) ) ;
#3030 = ORIENTED_EDGE ( 'NONE', *, *, #4426, .F. ) ;
#3031 = CIRCLE ( 'NONE', #4424, 5.200000000000001066 ) ;
#3032 = VECTOR ( 'NONE', #5045, 1000.000000000000000 ) ;
#3033 = ORIENTED_EDGE ( 'NONE', *, *, #663, .T. ) ;
#3034 = CIRCLE ( 'NONE', #4428, 0.5200000000000013500 ) ;
#3035 = DIRECTION ( 'NONE',  ( 1.000000000000000000, -1.519897059185087252E-16, -3.469446951953614189E-15 ) ) ;
#3036 = PLANE ( 'NONE',  #129 ) ;
#3037 = CARTESIAN_POINT ( 'NONE',  ( 7.149784543126032510, -40.92537143330197580, 6.315944740516609812 ) ) ;
#3038 = EDGE_CURVE ( 'NONE', #5066, #1455, #1234, .T. ) ;
#3039 = ORIENTED_EDGE ( 'NONE', *, *, #3908, .F. ) ;
#3040 = VECTOR ( 'NONE', #3782, 1000.000000000000000 ) ;
#3041 = AXIS2_PLACEMENT_3D ( 'NONE', #853, #2061, #466 ) ;
#3042 = CARTESIAN_POINT ( 'NONE',  ( -13.00021545687399005, 3.511283051714800596, -0.5351749802514537135 ) ) ;
#3043 = AXIS2_PLACEMENT_3D ( 'NONE', #2666, #2194, #2170 ) ;
#3044 = ORIENTED_EDGE ( 'NONE', *, *, #1315, .F. ) ;
#3045 = DIRECTION ( 'NONE',  ( -0.000000000000000000, 1.000000000000000000, -0.000000000000000000 ) ) ;
#3046 = EDGE_CURVE ( 'NONE', #1268, #3521, #783, .T. ) ;
#3047 = VECTOR ( 'NONE', #3152, 1000.000000000000000 ) ;
#3048 = DIRECTION ( 'NONE',  ( -0.000000000000000000, -0.000000000000000000, -1.000000000000000000 ) ) ;
#3049 = CARTESIAN_POINT ( 'NONE',  ( -7.128926729941864160, -2.799166756933606504, 6.965944740516595068 ) ) ;
#3050 = CARTESIAN_POINT ( 'NONE',  ( -7.150215456873968201, 41.83204801992433630, 6.315944740516597378 ) ) ;
#3051 = CYLINDRICAL_SURFACE ( 'NONE', #4679, 5.200000000000001066 ) ;
#3052 = LINE ( 'NONE', #1091, #202 ) ;
#3053 = ORIENTED_EDGE ( 'NONE', *, *, #1514, .F. ) ;
#3054 = ORIENTED_EDGE ( 'NONE', *, *, #1542, .F. ) ;
#3055 = DIRECTION ( 'NONE',  ( -1.000000000000000000, 0.000000000000000000, 0.000000000000000000 ) ) ;
#3056 = DIRECTION ( 'NONE',  ( 0.000000000000000000, 0.000000000000000000, -1.000000000000000000 ) ) ;
#3057 = DIRECTION ( 'NONE',  ( 1.000000000000000000, -1.927470528863134333E-15, 0.000000000000000000 ) ) ;
#3058 = ORIENTED_EDGE ( 'NONE', *, *, #1148, .T. ) ;
#3059 = EDGE_CURVE ( 'NONE', #837, #2541, #517, .T. ) ;
#3060 = PLANE ( 'NONE',  #4914 ) ;
#3061 = ORIENTED_EDGE ( 'NONE', *, *, #2016, .F. ) ;
#3062 = ORIENTED_EDGE ( 'NONE', *, *, #4939, .T. ) ;
#3063 = VERTEX_POINT ( 'NONE', #928 ) ;
#3064 = EDGE_CURVE ( 'NONE', #4985, #2920, #2526, .T. ) ;
#3065 = CARTESIAN_POINT ( 'NONE',  ( -3.999999999999999112, -45.00000000000000711, 0.000000000000000000 ) ) ;
#3066 = CARTESIAN_POINT ( 'NONE',  ( -1.950215456873982234, -6.269251980075659425, -6.684055259483403511 ) ) ;
#3067 = CARTESIAN_POINT ( 'NONE',  ( 2.469784543126031462, -40.92537143330197580, 8.265944740516562916 ) ) ;
#3068 = ORIENTED_EDGE ( 'NONE', *, *, #4886, .F. ) ;
#3069 = CARTESIAN_POINT ( 'NONE',  ( 11.69978454312601102, -55.66925198007567133, -2.134055259483403688 ) ) ;
#3070 = ORIENTED_EDGE ( 'NONE', *, *, #2489, .T. ) ;
#3071 = EDGE_CURVE ( 'NONE', #4474, #5086, #5048, .T. ) ;
#3072 = CARTESIAN_POINT ( 'NONE',  ( -3.999999999999999112, -54.00100000000006162, 0.000000000000000000 ) ) ;
#3073 = CIRCLE ( 'NONE', #3564, 6.500000000000001776 ) ;
#3074 = DIRECTION ( 'NONE',  ( 0.000000000000000000, -0.000000000000000000, 1.000000000000000000 ) ) ;
#3075 = CARTESIAN_POINT ( 'NONE',  ( 2.599784543126012260, -1.405371433301987327, 9.567244740516594348 ) ) ;
#3076 = CARTESIAN_POINT ( 'NONE',  ( -12.35021545687398792, -36.16925198007566422, 3.715944740516637257 ) ) ;
#3077 = CYLINDRICAL_SURFACE ( 'NONE', #1977, 9.750000000000000000 ) ;
#3078 = AXIS2_PLACEMENT_3D ( 'NONE', #4900, #4540, #1010 ) ;
#3079 = EDGE_CURVE ( 'NONE', #1998, #4397, #4869, .T. ) ;
#3080 = ORIENTED_EDGE ( 'NONE', *, *, #3713, .F. ) ;
#3081 = DIRECTION ( 'NONE',  ( -1.417802840942582369E-14, 0.000000000000000000, 1.000000000000000000 ) ) ;
#3082 = DIRECTION ( 'NONE',  ( 0.000000000000000000, -1.000000000000000000, -0.000000000000000000 ) ) ;
#3083 = CARTESIAN_POINT ( 'NONE',  ( -3.999999999999999112, -45.00000000000000711, 0.5000000000000004441 ) ) ;
#3084 = VERTEX_POINT ( 'NONE', #903 ) ;
#3085 = CARTESIAN_POINT ( 'NONE',  ( -6.978952191774583369, -30.12973002763960295, -5.513609825596743619 ) ) ;
#3086 = ORIENTED_EDGE ( 'NONE', *, *, #3416, .F. ) ;
#3087 = VERTEX_POINT ( 'NONE', #1283 ) ;
#3088 = EDGE_CURVE ( 'NONE', #661, #4374, #1334, .T. ) ;
#3089 = VERTEX_POINT ( 'NONE', #141 ) ;
#3090 = EDGE_CURVE ( 'NONE', #4884, #3216, #2673, .T. ) ;
#3091 = CIRCLE ( 'NONE', #613, 2.600000000000002309 ) ;
#3092 = DIRECTION ( 'NONE',  ( -0.000000000000000000, -1.000000000000000000, 0.000000000000000000 ) ) ;
#3093 = VECTOR ( 'NONE', #702, 1000.000000000000000 ) ;
#3094 = ORIENTED_EDGE ( 'NONE', *, *, #1569, .F. ) ;
#3095 = CARTESIAN_POINT ( 'NONE',  ( 3.249784543126012615, -3.669251980075661113, -0.1840552594834037048 ) ) ;
#3096 = ORIENTED_EDGE ( 'NONE', *, *, #3587, .F. ) ;
#3097 = VECTOR ( 'NONE', #4530, 1000.000000000000000 ) ;
#3098 = CARTESIAN_POINT ( 'NONE',  ( 1.949784543126018121, -67.37055198007574575, -6.684055259483403511 ) ) ;
#3099 = DIRECTION ( 'NONE',  ( -0.000000000000000000, 1.000000000000000000, -0.000000000000000000 ) ) ;
#3100 = CARTESIAN_POINT ( 'NONE',  ( 7.149784543126022740, -42.66925198007565712, 6.315944740516609812 ) ) ;
#3101 = VECTOR ( 'NONE', #2713, 1000.000000000000000 ) ;
#3102 = LINE ( 'NONE', #802, #4904 ) ;
#3103 = DIRECTION ( 'NONE',  ( -0.000000000000000000, -0.000000000000000000, -1.000000000000000000 ) ) ;
#3104 = VERTEX_POINT ( 'NONE', #2474 ) ;
#3105 = DIRECTION ( 'NONE',  ( 0.000000000000000000, 0.000000000000000000, -1.000000000000000000 ) ) ;
#3106 = LINE ( 'NONE', #4677, #4638 ) ;
#3107 = CARTESIAN_POINT ( 'NONE',  ( -5.200215456873987563, -42.66925198007565712, -6.034055259483403155 ) ) ;
#3108 = VERTEX_POINT ( 'NONE', #2084 ) ;
#3109 = CARTESIAN_POINT ( 'NONE',  ( -11.14945023653701917, -30.73167022023274342, -4.709945240986525228 ) ) ;
#3110 = ORIENTED_EDGE ( 'NONE', *, *, #4976, .T. ) ;
#3111 = VERTEX_POINT ( 'NONE', #2134 ) ;
#3112 = EDGE_CURVE ( 'NONE', #4712, #5009, #3248, .T. ) ;
#3113 = ORIENTED_EDGE ( 'NONE', *, *, #1967, .F. ) ;
#3114 = VECTOR ( 'NONE', #2153, 1000.000000000000000 ) ;
#3115 = EDGE_CURVE ( 'NONE', #107, #1746, #465, .T. ) ;
#3116 = LINE ( 'NONE', #1157, #1013 ) ;
#3117 = AXIS2_PLACEMENT_3D ( 'NONE', #272, #3360, #2970 ) ;
#3118 = AXIS2_PLACEMENT_3D ( 'NONE', #2113, #174, #985 ) ;
#3119 = ORIENTED_EDGE ( 'NONE', *, *, #2741, .T. ) ;
#3120 = DIRECTION ( 'NONE',  ( -0.000000000000000000, -0.000000000000000000, 1.000000000000000000 ) ) ;
#3121 = ORIENTED_EDGE ( 'NONE', *, *, #3014, .T. ) ;
#3122 = DIRECTION ( 'NONE',  ( -0.000000000000000000, 1.000000000000000000, -0.000000000000000000 ) ) ;
#3123 = EDGE_CURVE ( 'NONE', #869, #1837, #3167, .T. ) ;
#3124 = ADVANCED_FACE ( 'NONE', ( #543 ), #189, .T. ) ;
#3125 = VECTOR ( 'NONE', #518, 1000.000000000000000 ) ;
#3126 = EDGE_CURVE ( 'NONE', #5054, #1510, #4477, .T. ) ;
#3127 = CIRCLE ( 'NONE', #1801, 0.5199999999999987965 ) ;
#3128 = DIRECTION ( 'NONE',  ( 0.000000000000000000, 0.000000000000000000, -1.000000000000000000 ) ) ;
#3129 = CARTESIAN_POINT ( 'NONE',  ( -10.40021545687399041, 41.83074801992434999, 9.565944740516595601 ) ) ;
#3130 = VECTOR ( 'NONE', #3035, 1000.000000000000000 ) ;
#3131 = CARTESIAN_POINT ( 'NONE',  ( -9.100215456873987918, 41.83204801992434341, -2.134055259483405464 ) ) ;
#3132 = CARTESIAN_POINT ( 'NONE',  ( -3.250215456873989606, 10.72580649785039064, -9.934055259483404399 ) ) ;
#3133 = ORIENTED_EDGE ( 'NONE', *, *, #2619, .T. ) ;
#3134 = CARTESIAN_POINT ( 'NONE',  ( 7.799784543126011549, 41.83074801992434999, 9.565944740516595601 ) ) ;
#3135 = ADVANCED_FACE ( 'NONE', ( #1085 ), #1359, .F. ) ;
#3136 = DIRECTION ( 'NONE',  ( -0.000000000000000000, 1.000000000000000000, -0.000000000000000000 ) ) ;
#3137 = LINE ( 'NONE', #3083, #3226 ) ;
#3138 = ORIENTED_EDGE ( 'NONE', *, *, #2592, .T. ) ;
#3139 = CARTESIAN_POINT ( 'NONE',  ( -11.51182628507368300, -31.39008381419627369, -4.006914971442125939 ) ) ;
#3140 = ORIENTED_EDGE ( 'NONE', *, *, #3215, .F. ) ;
#3141 = ORIENTED_EDGE ( 'NONE', *, *, #3405, .T. ) ;
#3142 = ORIENTED_EDGE ( 'NONE', *, *, #847, .T. ) ;
#3143 = CARTESIAN_POINT ( 'NONE',  ( -5.200215456873987563, -42.66925198007565712, -2.134055259483403244 ) ) ;
#3144 = ORIENTED_EDGE ( 'NONE', *, *, #4472, .T. ) ;
#3145 = PLANE ( 'NONE',  #1855 ) ;
#3146 = VERTEX_POINT ( 'NONE', #4993 ) ;
#3147 = LINE ( 'NONE', #4741, #1215 ) ;
#3148 = AXIS2_PLACEMENT_3D ( 'NONE', #4410, #1605, #4805 ) ;
#3149 = DIRECTION ( 'NONE',  ( 0.000000000000000000, 1.000000000000000000, 0.000000000000000000 ) ) ;
#3150 = DIRECTION ( 'NONE',  ( -1.000000000000000000, 0.000000000000000000, 0.000000000000000000 ) ) ;
#3151 = FACE_OUTER_BOUND ( 'NONE', #815, .T. ) ;
#3152 = DIRECTION ( 'NONE',  ( -0.000000000000000000, -0.000000000000000000, -1.000000000000000000 ) ) ;
#3153 = EDGE_CURVE ( 'NONE', #1798, #2556, #591, .T. ) ;
#3154 = VECTOR ( 'NONE', #2479, 1000.000000000000000 ) ;
#3155 = VECTOR ( 'NONE', #149, 1000.000000000000000 ) ;
#3156 = PLANE ( 'NONE',  #3970 ) ;
#3157 = LINE ( 'NONE', #473, #1168 ) ;
#3158 = CYLINDRICAL_SURFACE ( 'NONE', #4106, 0.5199999999999987965 ) ;
#3159 = EDGE_CURVE ( 'NONE', #3089, #633, #3431, .T. ) ;
#3160 = ORIENTED_EDGE ( 'NONE', *, *, #4866, .T. ) ;
#3161 = DIRECTION ( 'NONE',  ( -0.000000000000000000, -0.000000000000000000, 1.000000000000000000 ) ) ;
#3162 = ORIENTED_EDGE ( 'NONE', *, *, #2327, .F. ) ;
#3163 = ORIENTED_EDGE ( 'NONE', *, *, #592, .T. ) ;
#3164 = ORIENTED_EDGE ( 'NONE', *, *, #3303, .T. ) ;
#3165 = ORIENTED_EDGE ( 'NONE', *, *, #4708, .F. ) ;
#3166 = FACE_OUTER_BOUND ( 'NONE', #452, .T. ) ;
#3167 = CIRCLE ( 'NONE', #2501, 0.5199999999999987965 ) ;
#3168 = VECTOR ( 'NONE', #2231, 1000.000000000000000 ) ;
#3169 = VERTEX_POINT ( 'NONE', #2654 ) ;
#3170 = DIRECTION ( 'NONE',  ( 1.000000000000000000, 0.000000000000000000, 0.000000000000000000 ) ) ;
#3171 = ORIENTED_EDGE ( 'NONE', *, *, #2045, .F. ) ;
#3172 = VECTOR ( 'NONE', #3966, 1000.000000000000000 ) ;
#3173 = FACE_OUTER_BOUND ( 'NONE', #2672, .T. ) ;
#3174 = VECTOR ( 'NONE', #3194, 1000.000000000000000 ) ;
#3175 = FACE_OUTER_BOUND ( 'NONE', #3365, .T. ) ;
#3176 = CARTESIAN_POINT ( 'NONE',  ( 2.599784543126012260, 2.210515403646042820, 8.915944740516602351 ) ) ;
#3177 = CARTESIAN_POINT ( 'NONE',  ( 6.636831702065667749, -41.79916675693360872, -9.935355259483404922 ) ) ;
#3178 = EDGE_CURVE ( 'NONE', #583, #4857, #262, .T. ) ;
#3179 = CARTESIAN_POINT ( 'NONE',  ( -10.40021545687399041, 41.83074801992434999, 4.365944740516595424 ) ) ;
#3180 = VECTOR ( 'NONE', #5046, 1000.000000000000000 ) ;
#3181 = LINE ( 'NONE', #1918, #1747 ) ;
#3182 = CARTESIAN_POINT ( 'NONE',  ( -6.876168419277810528, -0.4184513536977433334, 6.965944740516595068 ) ) ;
#3183 = CARTESIAN_POINT ( 'NONE',  ( 13.00108454312601047, -28.65756530299503879, -9.284055259483404043 ) ) ;
#3184 = ORIENTED_EDGE ( 'NONE', *, *, #1985, .F. ) ;
#3185 = DIRECTION ( 'NONE',  ( 1.000000000000000000, 0.000000000000000000, 0.000000000000000000 ) ) ;
#3186 = EDGE_LOOP ( 'NONE', ( #3184, #380, #4104, #3505 ) ) ;
#3187 = EDGE_CURVE ( 'NONE', #2021, #4779, #2212, .T. ) ;
#3188 = ORIENTED_EDGE ( 'NONE', *, *, #2957, .F. ) ;
#3189 = EDGE_CURVE ( 'NONE', #3262, #2119, #4225, .T. ) ;
#3190 = VERTEX_POINT ( 'NONE', #4967 ) ;
#3191 = ORIENTED_EDGE ( 'NONE', *, *, #73, .F. ) ;
#3192 = CYLINDRICAL_SURFACE ( 'NONE', #118, 0.5200000000000013500 ) ;
#3193 = EDGE_LOOP ( 'NONE', ( #307, #2198, #1494, #2627, #3928, #3044 ) ) ;
#3194 = DIRECTION ( 'NONE',  ( -0.000000000000000000, -0.000000000000000000, 1.000000000000000000 ) ) ;
#3195 = ORIENTED_EDGE ( 'NONE', *, *, #2004, .F. ) ;
#3196 = EDGE_CURVE ( 'NONE', #4397, #1369, #1799, .T. ) ;
#3197 = CARTESIAN_POINT ( 'NONE',  ( -1.950215456873982234, -26.86110827738353635, -6.684055259483403511 ) ) ;
#3198 = AXIS2_PLACEMENT_3D ( 'NONE', #1113, #1983, #1184 ) ;
#3199 = CARTESIAN_POINT ( 'NONE',  ( 7.799784543126011549, 2.830748019924340664, 4.365944740516595424 ) ) ;
#3200 = LINE ( 'NONE', #3967, #3942 ) ;
#3201 = DIRECTION ( 'NONE',  ( -0.000000000000000000, -0.000000000000000000, 1.000000000000000000 ) ) ;
#3202 = VECTOR ( 'NONE', #94, 1000.000000000000000 ) ;
#3203 = CARTESIAN_POINT ( 'NONE',  ( -2.600215456873987918, 1.170515403646043451, 8.915944740516630773 ) ) ;
#3204 = CARTESIAN_POINT ( 'NONE',  ( -8.674640680461855879, 8.279751985795659408, -4.849327761251410962 ) ) ;
#3205 = FACE_OUTER_BOUND ( 'NONE', #3366, .T. ) ;
#3206 = DIRECTION ( 'NONE',  ( 3.154042683594197093E-16, -0.000000000000000000, 1.000000000000000000 ) ) ;
#3207 = FACE_OUTER_BOUND ( 'NONE', #3193, .T. ) ;
#3208 = ORIENTED_EDGE ( 'NONE', *, *, #3178, .T. ) ;
#3209 = VECTOR ( 'NONE', #3082, 1000.000000000000000 ) ;
#3210 = ORIENTED_EDGE ( 'NONE', *, *, #4119, .F. ) ;
#3211 = CARTESIAN_POINT ( 'NONE',  ( -6.086129977830413651, -38.37845135369776273, 6.315944740516597378 ) ) ;
#3212 = ADVANCED_FACE ( 'NONE', ( #671, #979 ), #1002, .F. ) ;
#3213 = ORIENTED_EDGE ( 'NONE', *, *, #930, .F. ) ;
#3214 = PLANE ( 'NONE',  #4304 ) ;
#3215 = EDGE_CURVE ( 'NONE', #1269, #3882, #3710, .T. ) ;
#3216 = VERTEX_POINT ( 'NONE', #4559 ) ;
#3217 = LINE ( 'NONE', #1617, #3174 ) ;
#3218 = ORIENTED_EDGE ( 'NONE', *, *, #3112, .T. ) ;
#3219 = LINE ( 'NONE', #2907, #4589 ) ;
#3220 = DIRECTION ( 'NONE',  ( -0.000000000000000000, 1.000000000000000000, -0.000000000000000000 ) ) ;
#3221 = VERTEX_POINT ( 'NONE', #644 ) ;
#3222 = CARTESIAN_POINT ( 'NONE',  ( 10.39978454312601208, 41.83074801992434999, -0.1840552594834048428 ) ) ;
#3223 = FACE_OUTER_BOUND ( 'NONE', #4674, .T. ) ;
#3224 = FACE_OUTER_BOUND ( 'NONE', #2048, .T. ) ;
#3225 = CARTESIAN_POINT ( 'NONE',  ( -0.0002154568740604267030, -55.66925198007567133, -6.034055259483404043 ) ) ;
#3226 = VECTOR ( 'NONE', #1971, 1000.000000000000000 ) ;
#3227 = CARTESIAN_POINT ( 'NONE',  ( -6.086129977830414539, -38.37845135369774852, 8.265944740516445677 ) ) ;
#3228 = CARTESIAN_POINT ( 'NONE',  ( -10.23921087119284756, 5.280096731262124976, -1.739816459431576590 ) ) ;
#3229 = LINE ( 'NONE', #1630, #2209 ) ;
#3230 = DIRECTION ( 'NONE',  ( 1.000000000000000000, 0.000000000000000000, 1.906289534040432449E-16 ) ) ;
#3231 = VECTOR ( 'NONE', #65, 1000.000000000000000 ) ;
#3232 = MANIFOLD_SOLID_BREP ( 'Cut-Extrude20[2]', #4190 ) ;
#3233 = PLANE ( 'NONE',  #364 ) ;
#3234 = VERTEX_POINT ( 'NONE', #1386 ) ;
#3235 = ORIENTED_EDGE ( 'NONE', *, *, #2640, .T. ) ;
#3236 = DIRECTION ( 'NONE',  ( 1.000000000000000000, 0.000000000000000000, 0.000000000000000000 ) ) ;
#3237 = EDGE_LOOP ( 'NONE', ( #1198, #220, #4294, #4760 ) ) ;
#3238 = CARTESIAN_POINT ( 'NONE',  ( -3.250215456873989606, 41.83074801992434999, -0.1840552594834048428 ) ) ;
#3239 = EDGE_CURVE ( 'NONE', #270, #3519, #2628, .T. ) ;
#3240 = EDGE_CURVE ( 'NONE', #2444, #3317, #2267, .T. ) ;
#3241 = VECTOR ( 'NONE', #599, 1000.000000000000000 ) ;
#3242 = VERTEX_POINT ( 'NONE', #748 ) ;
#3243 = PLANE ( 'NONE',  #4874 ) ;
#3244 = VERTEX_POINT ( 'NONE', #416 ) ;
#3245 = LINE ( 'NONE', #4763, #1373 ) ;
#3246 = ADVANCED_FACE ( 'NONE', ( #3173 ), #2729, .F. ) ;
#3247 = DIRECTION ( 'NONE',  ( 0.000000000000000000, 0.000000000000000000, 1.000000000000000000 ) ) ;
#3248 = CIRCLE ( 'NONE', #1683, 0.5199999999999926903 ) ;
#3249 = ORIENTED_EDGE ( 'NONE', *, *, #2913, .F. ) ;
#3250 = CARTESIAN_POINT ( 'NONE',  ( 3.440310167103196370, -47.04065331551598206, 0.5000000000000004441 ) ) ;
#3251 = DIRECTION ( 'NONE',  ( -0.000000000000000000, -0.000000000000000000, -1.000000000000000000 ) ) ;
#3252 =( NAMED_UNIT ( * ) PLANE_ANGLE_UNIT ( ) SI_UNIT ( $, .RADIAN. ) );
#3253 = AXIS2_PLACEMENT_3D ( 'NONE', #3095, #1082, #4663 ) ;
#3254 = DIRECTION ( 'NONE',  ( -1.224646799147359370E-16, -0.000000000000000000, 1.000000000000000000 ) ) ;
#3255 = DIRECTION ( 'NONE',  ( 1.000000000000000000, 0.000000000000000000, -3.154042683594197093E-16 ) ) ;
#3256 = CARTESIAN_POINT ( 'NONE',  ( -6.500215456873987385, -42.66925198007565712, 3.065944740516438394 ) ) ;
#3257 = CARTESIAN_POINT ( 'NONE',  ( -13.00021545687399005, 2.830748019924340664, 4.365944740516595424 ) ) ;
#3259 = ORIENTED_EDGE ( 'NONE', *, *, #495, .F. ) ;
#3258 = DIRECTION ( 'NONE',  ( 1.000000000000000000, -7.449190748550659901E-16, 1.387778780781427690E-14 ) ) ;
#3260 = EDGE_CURVE ( 'NONE', #3801, #1764, #1520, .T. ) ;
#3261 = ORIENTED_EDGE ( 'NONE', *, *, #4950, .F. ) ;
#3262 = VERTEX_POINT ( 'NONE', #10 ) ;
#3263 = CARTESIAN_POINT ( 'NONE',  ( -7.800215456873988096, 1.170515403646043451, 6.965944740516595068 ) ) ;
#3264 = ORIENTED_EDGE ( 'NONE', *, *, #5, .T. ) ;
#3265 = FACE_BOUND ( 'NONE', #1464, .T. ) ;
#3266 = ORIENTED_EDGE ( 'NONE', *, *, #1847, .T. ) ;
#3267 = CARTESIAN_POINT ( 'NONE',  ( 9.390617713488317975, -33.79112923095774335, -2.330344216478451802 ) ) ;
#3268 = DIRECTION ( 'NONE',  ( -0.000000000000000000, 1.000000000000000000, -0.000000000000000000 ) ) ;
#3269 = CARTESIAN_POINT ( 'NONE',  ( -10.54718016667030334, 9.447410420884796878, -6.687740445657968991 ) ) ;
#3270 = EDGE_LOOP ( 'NONE', ( #2817, #3757, #1135, #626 ) ) ;
#3271 = VECTOR ( 'NONE', #5067, 1000.000000000000000 ) ;
#3272 = ADVANCED_FACE ( 'NONE', ( #3891 ), #4667, .F. ) ;
#3273 = EDGE_CURVE ( 'NONE', #3882, #2027, #1264, .T. ) ;
#3274 = CARTESIAN_POINT ( 'NONE',  ( 7.799784543126011549, 1.170515403646043451, 9.567244740516594348 ) ) ;
#3275 = LINE ( 'NONE', #3664, #4330 ) ;
#3276 = AXIS2_PLACEMENT_3D ( 'NONE', #2463, #1344, #2923 ) ;
#3277 = AXIS2_PLACEMENT_3D ( 'NONE', #3129, #1859, #1116 ) ;
#3278 = ADVANCED_FACE ( 'NONE', ( #339 ), #4252, .F. ) ;
#3279 = CIRCLE ( 'NONE', #643, 9.099999999999999645 ) ;
#3280 = CARTESIAN_POINT ( 'NONE',  ( 13.00108454312602468, -39.88537143330195534, 8.265944740516710354 ) ) ;
#3281 = CARTESIAN_POINT ( 'NONE',  ( 2.599784543126012260, 1.170515403646043451, 9.567244740516594348 ) ) ;
#3282 = CARTESIAN_POINT ( 'NONE',  ( -3.999999999999999112, -45.00000000000000711, 0.5000000000000004441 ) ) ;
#3283 = DIRECTION ( 'NONE',  ( 1.000000000000000000, 0.000000000000000000, 0.000000000000000000 ) ) ;
#3284 = LINE ( 'NONE', #4802, #5042 ) ;
#3285 = ORIENTED_EDGE ( 'NONE', *, *, #3948, .F. ) ;
#3286 = AXIS2_PLACEMENT_3D ( 'NONE', #4612, #2260, #208 ) ;
#3287 = VECTOR ( 'NONE', #4766, 1000.000000000000000 ) ;
#3288 = EDGE_LOOP ( 'NONE', ( #3523, #3881, #1020, #4205, #1197 ) ) ;
#3289 = DIRECTION ( 'NONE',  ( 0.000000000000000000, 0.000000000000000000, -1.000000000000000000 ) ) ;
#3290 = VECTOR ( 'NONE', #1784, 1000.000000000000000 ) ;
#3291 = EDGE_CURVE ( 'NONE', #324, #1757, #3916, .T. ) ;
#3292 = VERTEX_POINT ( 'NONE', #4693 ) ;
#3293 = FACE_BOUND ( 'NONE', #605, .T. ) ;
#3294 = VECTOR ( 'NONE', #3921, 1000.000000000000000 ) ;
#3295 = ORIENTED_EDGE ( 'NONE', *, *, #1031, .F. ) ;
#3296 = CARTESIAN_POINT ( 'NONE',  ( 2.469784543126031462, -40.92537143330197580, 6.315944740516593825 ) ) ;
#3297 = CARTESIAN_POINT ( 'NONE',  ( -7.150215456873968201, -42.66925198007565712, 6.315944740516597378 ) ) ;
#3298 = EDGE_CURVE ( 'NONE', #406, #1982, #3840, .T. ) ;
#3299 = CARTESIAN_POINT ( 'NONE',  ( -12.26790835801001833, 7.534582356919753643, -3.902863153025636578 ) ) ;
#3300 = ORIENTED_EDGE ( 'NONE', *, *, #4023, .T. ) ;
#3301 = DIRECTION ( 'NONE',  ( -1.000000000000000000, 0.000000000000000000, 3.336006684570782904E-15 ) ) ;
#3302 = CARTESIAN_POINT ( 'NONE',  ( -3.250215456873986497, -6.269251980075661201, -6.684055259483403511 ) ) ;
#3303 = EDGE_CURVE ( 'NONE', #1027, #696, #4302, .T. ) ;
#3304 = CARTESIAN_POINT ( 'NONE',  ( 12.06674337344363224, -33.58100909144959445, -2.442680207224213973 ) ) ;
#3305 = LINE ( 'NONE', #4871, #3688 ) ;
#3306 = CARTESIAN_POINT ( 'NONE',  ( -0.0002154568739892739567, -3.319166756933606965, 6.965944740516595068 ) ) ;
#3307 = DIRECTION ( 'NONE',  ( 0.000000000000000000, 0.000000000000000000, 1.000000000000000000 ) ) ;
#3308 = DIRECTION ( 'NONE',  ( -0.000000000000000000, -1.000000000000000000, -0.000000000000000000 ) ) ;
#3309 = ORIENTED_EDGE ( 'NONE', *, *, #2576, .T. ) ;
#3310 = ORIENTED_EDGE ( 'NONE', *, *, #3498, .T. ) ;
#3311 = DIRECTION ( 'NONE',  ( 1.000000000000000000, 0.000000000000000000, 0.000000000000000000 ) ) ;
#3312 = ADVANCED_FACE ( 'NONE', ( #3865 ), #4716, .F. ) ;
#3313 = DIRECTION ( 'NONE',  ( 0.000000000000000000, 0.000000000000000000, 1.000000000000000000 ) ) ;
#3314 = ORIENTED_EDGE ( 'NONE', *, *, #496, .F. ) ;
#3315 = DIRECTION ( 'NONE',  ( -0.000000000000000000, 1.000000000000000000, -0.000000000000000000 ) ) ;
#3316 = AXIS2_PLACEMENT_3D ( 'NONE', #3751, #4422, #157 ) ;
#3317 = VERTEX_POINT ( 'NONE', #1958 ) ;
#3318 = CARTESIAN_POINT ( 'NONE',  ( 7.181684198323513790, -30.23130337791312172, -5.365118525970332897 ) ) ;
#3319 = CARTESIAN_POINT ( 'NONE',  ( -3.250215456873986497, -29.46110827738353777, -6.684055259483403511 ) ) ;
#3320 = CARTESIAN_POINT ( 'NONE',  ( -5.875536949304786205, 10.62526940348135440, -9.581589356468667162 ) ) ;
#3321 = ORIENTED_EDGE ( 'NONE', *, *, #4102, .F. ) ;
#3322 = CARTESIAN_POINT ( 'NONE',  ( 13.00108454312602824, -42.66925198007565712, 8.265944740516710354 ) ) ;
#3323 = DIRECTION ( 'NONE',  ( 1.000000000000000000, 0.000000000000000000, 0.000000000000000000 ) ) ;
#3324 = AXIS2_PLACEMENT_3D ( 'NONE', #3869, #391, #1597 ) ;
#3325 = EDGE_CURVE ( 'NONE', #2021, #2559, #2782, .T. ) ;
#3326 = CARTESIAN_POINT ( 'NONE',  ( 6.543322417162240612, -38.89845135369776585, -9.935355259483404922 ) ) ;
#3327 = DIRECTION ( 'NONE',  ( -0.000000000000000000, -0.000000000000000000, -1.000000000000000000 ) ) ;
#3328 = DIRECTION ( 'NONE',  ( 1.000000000000000000, 0.000000000000000000, 1.224646799147359370E-16 ) ) ;
#3329 = PLANE ( 'NONE',  #4597 ) ;
#3330 = CARTESIAN_POINT ( 'NONE',  ( -3.250215456873989606, 41.83074801992434999, -7.334055259483403866 ) ) ;
#3331 = EDGE_LOOP ( 'NONE', ( #579, #1669, #4448, #2147 ) ) ;
#3332 = ORIENTED_EDGE ( 'NONE', *, *, #3873, .F. ) ;
#3333 = CARTESIAN_POINT ( 'NONE',  ( 7.517988915615160472, 8.998931864871680730, -5.927003252202538874 ) ) ;
#3334 = CIRCLE ( 'NONE', #4894, 0.5199999999999995737 ) ;
#3335 = CARTESIAN_POINT ( 'NONE',  ( 12.48129041019884689, 7.023824257041596297, -3.334718730409536036 ) ) ;
#3336 = EDGE_CURVE ( 'NONE', #1854, #527, #3147, .T. ) ;
#3337 = VERTEX_POINT ( 'NONE', #5043 ) ;
#3338 = EDGE_CURVE ( 'NONE', #1219, #2996, #638, .T. ) ;
#3339 = PLANE ( 'NONE',  #351 ) ;
#3340 = EDGE_LOOP ( 'NONE', ( #3531, #2800, #1687, #1662, #4471 ) ) ;
#3341 = CARTESIAN_POINT ( 'NONE',  ( 4.514577572610630085, -29.51912129542282770, -6.564748835472514976 ) ) ;
#3342 = VECTOR ( 'NONE', #1089, 1000.000000000000000 ) ;
#3343 = PLANE ( 'NONE',  #408 ) ;
#3344 = CYLINDRICAL_SURFACE ( 'NONE', #4010, 7.150000000000000355 ) ;
#3345 = CARTESIAN_POINT ( 'NONE',  ( 2.599784543126012260, 1.170515403646043451, 6.965944740516595068 ) ) ;
#3346 = EDGE_LOOP ( 'NONE', ( #4391, #2118, #4223, #2663 ) ) ;
#3347 = EDGE_CURVE ( 'NONE', #1311, #1536, #1378, .T. ) ;
#3348 = DIRECTION ( 'NONE',  ( 0.000000000000000000, 0.000000000000000000, 1.000000000000000000 ) ) ;
#3349 = VECTOR ( 'NONE', #3258, 1000.000000000000000 ) ;
#3350 = AXIS2_PLACEMENT_3D ( 'NONE', #1125, #4090, #1744 ) ;
#3351 = CARTESIAN_POINT ( 'NONE',  ( 0.002183553277065063570, -58.32210129024644374, -6.034055259483404043 ) ) ;
#3352 = VECTOR ( 'NONE', #128, 1000.000000000000000 ) ;
#3353 = CYLINDRICAL_SURFACE ( 'NONE', #4049, 5.200000000000000178 ) ;
#3354 = CARTESIAN_POINT ( 'NONE',  ( 5.199784543126011016, -55.66925198007567133, -2.134055259483403244 ) ) ;
#3355 = CARTESIAN_POINT ( 'NONE',  ( -3.250215456873990938, 37.93074801992433720, -7.334055259483403866 ) ) ;
#3356 = DIRECTION ( 'NONE',  ( -1.224646799147359370E-16, -0.000000000000000000, 1.000000000000000000 ) ) ;
#3357 = VECTOR ( 'NONE', #4149, 1000.000000000000000 ) ;
#3358 = VERTEX_POINT ( 'NONE', #5020 ) ;
#3359 = ORIENTED_EDGE ( 'NONE', *, *, #2124, .T. ) ;
#3360 = DIRECTION ( 'NONE',  ( -1.224646799147359370E-16, -0.000000000000000000, 1.000000000000000000 ) ) ;
#3361 = CARTESIAN_POINT ( 'NONE',  ( 7.799784543126011549, -3.669251980075659780, 8.875159797092539549 ) ) ;
#3362 = PLANE ( 'NONE',  #759 ) ;
#3363 = ADVANCED_FACE ( 'NONE', ( #1882 ), #3458, .F. ) ;
#3364 = ORIENTED_EDGE ( 'NONE', *, *, #4841, .T. ) ;
#3365 = EDGE_LOOP ( 'NONE', ( #1200, #2690, #3522, #926, #1081 ) ) ;
#3366 = EDGE_LOOP ( 'NONE', ( #1385, #2307, #298, #1824 ) ) ;
#3367 = DIRECTION ( 'NONE',  ( -1.000000000000000000, 0.000000000000000000, 0.000000000000000000 ) ) ;
#3368 = VECTOR ( 'NONE', #4947, 1000.000000000000000 ) ;
#3369 = CARTESIAN_POINT ( 'NONE',  ( 9.099784543126011371, -55.66925198007567133, -2.134055259483402800 ) ) ;
#3370 = CARTESIAN_POINT ( 'NONE',  ( -6.109507299056266660, -41.79916675693359451, 6.315944740516597378 ) ) ;
#3371 = CARTESIAN_POINT ( 'NONE',  ( 2.469784543126031462, -37.30948459635397541, -9.935355259483404922 ) ) ;
#3372 = ADVANCED_FACE ( 'NONE', ( #1722 ), #58, .F. ) ;
#3373 = CARTESIAN_POINT ( 'NONE',  ( -7.301067073133943097, 10.46039584045993820, -9.060585232076501683 ) ) ;
#3374 = ORIENTED_EDGE ( 'NONE', *, *, #1248, .F. ) ;
#3375 = EDGE_CURVE ( 'NONE', #2191, #3577, #924, .T. ) ;
#3376 = DIRECTION ( 'NONE',  ( -0.000000000000000000, 1.000000000000000000, -0.000000000000000000 ) ) ;
#3377 = CARTESIAN_POINT ( 'NONE',  ( 6.023322417162247255, -38.37845135369775562, 8.265944740516527389 ) ) ;
#3378 = B_SPLINE_CURVE_WITH_KNOTS ( 'NONE', 3,
 ( #3973, #3616, #4825, #2480, #1288, #3544, #908, #832, #4725, #2404, #93, #3204, #3591, #4051, #807, #4771, #2813, #3228, #857, #4798, #2430, #3999 ),
 .UNSPECIFIED., .F., .F.,
 ( 4, 2, 2, 2, 2, 2, 2, 2, 2, 2, 4 ),
 ( 0.000000000000000000, 0.001736032629008011675, 0.002604048943512017947, 0.003472065258016024218, 0.005208097887024039363, 0.006076114201528045634, 0.006944130516032054508, 0.008680163145040074857, 0.01041619577404809607, 0.01215222840305611729, 0.01388826103206413677 ),
 .UNSPECIFIED. ) ;
#3379 = DIRECTION ( 'NONE',  ( 0.000000000000000000, 1.000000000000000000, 0.000000000000000000 ) ) ;
#3380 = CARTESIAN_POINT ( 'NONE',  ( -3.250215456873986497, 41.83204801992433630, -0.1840552594834037048 ) ) ;
#3381 = CARTESIAN_POINT ( 'NONE',  ( -0.0002154568739836140961, -41.27916675693359849, 6.315944740516594713 ) ) ;
#3382 = LINE ( 'NONE', #1090, #3357 ) ;
#3383 = CARTESIAN_POINT ( 'NONE',  ( 7.799784543126011549, -0.8853714333019880867, 8.915944740516586364 ) ) ;
#3384 = EDGE_LOOP ( 'NONE', ( #4018, #1634, #1272, #3138 ) ) ;
#3385 = ORIENTED_EDGE ( 'NONE', *, *, #4795, .T. ) ;
#3386 = CARTESIAN_POINT ( 'NONE',  ( 9.749784543126013503, -36.16925198007566422, 3.715944740516587963 ) ) ;
#3387 = DIRECTION ( 'NONE',  ( 1.000000000000000000, 0.000000000000000000, -0.000000000000000000 ) ) ;
#3388 = CARTESIAN_POINT ( 'NONE',  ( -3.250215456873985165, 41.83204801992433630, -6.684055259483403511 ) ) ;
#3389 = ORIENTED_EDGE ( 'NONE', *, *, #4633, .F. ) ;
#3390 = EDGE_LOOP ( 'NONE', ( #29, #2539, #2339, #2922 ) ) ;
#3391 = AXIS2_PLACEMENT_3D ( 'NONE', #1506, #1454, #3057 ) ;
#3392 = ORIENTED_EDGE ( 'NONE', *, *, #2449, .T. ) ;
#3393 = VECTOR ( 'NONE', #4473, 1000.000000000000000 ) ;
#3394 = EDGE_CURVE ( 'NONE', #502, #3983, #2699, .T. ) ;
#3395 = CARTESIAN_POINT ( 'NONE',  ( -2.470215456874004456, -40.40537143330197978, 8.265944740516493638 ) ) ;
#3396 = CARTESIAN_POINT ( 'NONE',  ( -13.00021545687399005, 41.83074801992434999, 4.365944740516595424 ) ) ;
#3397 = EDGE_CURVE ( 'NONE', #714, #2283, #1232, .T. ) ;
#3398 = AXIS2_PLACEMENT_3D ( 'NONE', #1942, #3901, #3972 ) ;
#3399 = CARTESIAN_POINT ( 'NONE',  ( -3.250215456873986497, -3.669251980075661113, -6.684055259483403511 ) ) ;
#3400 = VECTOR ( 'NONE', #2434, 1000.000000000000000 ) ;
#3401 = ORIENTED_EDGE ( 'NONE', *, *, #987, .F. ) ;
#3402 = AXIS2_PLACEMENT_3D ( 'NONE', #3238, #4807, #532 ) ;
#3403 = DIRECTION ( 'NONE',  ( 0.000000000000000000, 0.000000000000000000, 1.000000000000000000 ) ) ;
#3404 = CARTESIAN_POINT ( 'NONE',  ( 6.636831702065669525, -41.67047709005618827, 8.264138472595734086 ) ) ;
#3405 = EDGE_CURVE ( 'NONE', #2871, #3421, #1544, .T. ) ;
#3406 = CARTESIAN_POINT ( 'NONE',  ( -0.0002154568739887398245, 41.83074801992434999, -7.334055259483403866 ) ) ;
#3407 = CYLINDRICAL_SURFACE ( 'NONE', #4349, 2.599999999999994760 ) ;
#3408 = DIRECTION ( 'NONE',  ( -1.224646799147359370E-16, -0.000000000000000000, 1.000000000000000000 ) ) ;
#3409 = DIRECTION ( 'NONE',  ( -1.224646799147359370E-16, -0.000000000000000000, 1.000000000000000000 ) ) ;
#3410 = CARTESIAN_POINT ( 'NONE',  ( -2.470215456873968041, -37.82948459635397143, -9.935355259483404922 ) ) ;
#3411 = ORIENTED_EDGE ( 'NONE', *, *, #3273, .F. ) ;
#3412 = VECTOR ( 'NONE', #2259, 1000.000000000000000 ) ;
#3413 = ORIENTED_EDGE ( 'NONE', *, *, #2158, .T. ) ;
#3414 = CARTESIAN_POINT ( 'NONE',  ( 9.611365171699263854, 7.133837525361883536, -3.455264074456461998 ) ) ;
#3415 = AXIS2_PLACEMENT_3D ( 'NONE', #1573, #3149, #3074 ) ;
#3416 = EDGE_CURVE ( 'NONE', #1427, #1873, #84, .T. ) ;
#3417 = DIRECTION ( 'NONE',  ( 1.000000000000000000, 0.000000000000000000, 0.000000000000000000 ) ) ;
#3418 = CARTESIAN_POINT ( 'NONE',  ( -12.35021545687398792, -36.16925198007566422, 3.715944740516637257 ) ) ;
#3419 = ORIENTED_EDGE ( 'NONE', *, *, #4181, .T. ) ;
#3420 = ORIENTED_EDGE ( 'NONE', *, *, #2957, .T. ) ;
#3421 = VERTEX_POINT ( 'NONE', #136 ) ;
#3422 = ORIENTED_EDGE ( 'NONE', *, *, #3838, .T. ) ;
#3423 = CIRCLE ( 'NONE', #4485, 5.200000000000001066 ) ;
#3424 = CARTESIAN_POINT ( 'NONE',  ( -0.0002154568739887398245, -42.31916675693361185, -9.935355259483404922 ) ) ;
#3425 = CARTESIAN_POINT ( 'NONE',  ( -0.0002154568739887398245, 13.65941950360783075, -7.334055259483403866 ) ) ;
#3426 = DIRECTION ( 'NONE',  ( 1.927470528863118950E-15, -1.000000000000000000, 0.000000000000000000 ) ) ;
#3427 = ORIENTED_EDGE ( 'NONE', *, *, #1699, .F. ) ;
#3428 = PLANE ( 'NONE',  #3004 ) ;
#3429 = AXIS2_PLACEMENT_3D ( 'NONE', #5071, #368, #1965 ) ;
#3430 = VERTEX_POINT ( 'NONE', #3197 ) ;
#3431 = LINE ( 'NONE', #4140, #4808 ) ;
#3432 = CARTESIAN_POINT ( 'NONE',  ( 7.149784543126032510, -37.82948459635397143, -9.935355259483404922 ) ) ;
#3433 = EDGE_CURVE ( 'NONE', #3244, #72, #3245, .T. ) ;
#3434 = CARTESIAN_POINT ( 'NONE',  ( 5.955530247656177778, -28.72361528354395332, -8.899368386292067612 ) ) ;
#3435 = CARTESIAN_POINT ( 'NONE',  ( -6.109507299056266660, -41.27916675693359849, -9.935355259483404922 ) ) ;
#3436 = DIRECTION ( 'NONE',  ( 0.000000000000000000, 0.000000000000000000, -1.000000000000000000 ) ) ;
#3437 = CARTESIAN_POINT ( 'NONE',  ( -0.0002154568739887398245, 37.93074801992433720, -7.334055259483403866 ) ) ;
#3438 = CARTESIAN_POINT ( 'NONE',  ( -7.150215456873968201, -37.82948459635397143, -9.935355259483404922 ) ) ;
#3439 = ADVANCED_FACE ( 'NONE', ( #512 ), #4452, .F. ) ;
#3440 = VERTEX_POINT ( 'NONE', #825 ) ;
#3441 = ORIENTED_EDGE ( 'NONE', *, *, #516, .F. ) ;
#3442 = CARTESIAN_POINT ( 'NONE',  ( 10.39978454312601031, 3.869549516575979453, -0.7200213367595894587 ) ) ;
#3443 = CARTESIAN_POINT ( 'NONE',  ( 12.99978454312601173, 41.83074801992434999, 9.565944740516595601 ) ) ;
#3444 = CARTESIAN_POINT ( 'NONE',  ( 13.00108454312601935, -36.16925198007566422, 8.915944740516975386 ) ) ;
#3445 = VECTOR ( 'NONE', #4099, 1000.000000000000000 ) ;
#3446 = EDGE_LOOP ( 'NONE', ( #5031, #1539, #3300, #2393 ) ) ;
#3447 = ORIENTED_EDGE ( 'NONE', *, *, #4724, .F. ) ;
#3448 = EDGE_LOOP ( 'NONE', ( #4516, #4318, #2442, #1181 ) ) ;
#3449 = ORIENTED_EDGE ( 'NONE', *, *, #98, .F. ) ;
#3450 = EDGE_CURVE ( 'NONE', #719, #5054, #3219, .T. ) ;
#3451 = DIRECTION ( 'NONE',  ( 0.000000000000000000, -0.000000000000000000, -1.000000000000000000 ) ) ;
#3452 = DIRECTION ( 'NONE',  ( 1.000000000000000000, -2.168404344971009115E-16, -3.469446951953614189E-15 ) ) ;
#3453 = CYLINDRICAL_SURFACE ( 'NONE', #3286, 2.600000000000000533 ) ;
#3454 = ORIENTED_EDGE ( 'NONE', *, *, #3819, .F. ) ;
#3455 = CARTESIAN_POINT ( 'NONE',  ( -3.250215456873986497, -36.16925198007566422, -9.284055259483404043 ) ) ;
#3456 = AXIS2_PLACEMENT_3D ( 'NONE', #3256, #858, #2431 ) ;
#3457 = VERTEX_POINT ( 'NONE', #2057 ) ;
#3458 = CYLINDRICAL_SURFACE ( 'NONE', #1050, 1.950000000000001288 ) ;
#3459 = EDGE_CURVE ( 'NONE', #2936, #1427, #1330, .T. ) ;
#3460 = AXIS2_PLACEMENT_3D ( 'NONE', #754, #2320, #3513 ) ;
#3461 = DIRECTION ( 'NONE',  ( -0.000000000000000000, -0.000000000000000000, 1.000000000000000000 ) ) ;
#3462 = CARTESIAN_POINT ( 'NONE',  ( 7.799784543126011549, -3.669251980075659780, 8.915944740516586364 ) ) ;
#3463 = CARTESIAN_POINT ( 'NONE',  ( -0.0002154568739821999441, -6.269251980075659425, -3.434055259483403511 ) ) ;
#3464 = ADVANCED_FACE ( 'NONE', ( #3682 ), #2852, .F. ) ;
#3465 = CARTESIAN_POINT ( 'NONE',  ( -3.250215456873985165, -3.669251980075661113, -6.684055259483403511 ) ) ;
#3466 = CARTESIAN_POINT ( 'NONE',  ( 3.249784543126013947, 41.83204801992433630, -6.684055259483403511 ) ) ;
#3467 = ORIENTED_EDGE ( 'NONE', *, *, #4736, .T. ) ;
#3468 = DIRECTION ( 'NONE',  ( -1.927470528863134333E-15, 1.000000000000000000, 0.000000000000000000 ) ) ;
#3469 = DIRECTION ( 'NONE',  ( -1.000000000000000000, -0.000000000000000000, 3.469446951953614189E-15 ) ) ;
#3470 = DIRECTION ( 'NONE',  ( -0.000000000000000000, 1.000000000000000000, -0.000000000000000000 ) ) ;
#3471 = EDGE_LOOP ( 'NONE', ( #4572, #861, #152, #3650 ) ) ;
#3472 = CARTESIAN_POINT ( 'NONE',  ( -4.992994878077945842, -29.57662359401576069, -6.451092405024956733 ) ) ;
#3473 = ORIENTED_EDGE ( 'NONE', *, *, #2865, .T. ) ;
#3474 = ORIENTED_EDGE ( 'NONE', *, *, #439, .F. ) ;
#3475 = ORIENTED_EDGE ( 'NONE', *, *, #4736, .F. ) ;
#3476 = DIRECTION ( 'NONE',  ( -0.000000000000000000, -1.000000000000000000, -0.000000000000000000 ) ) ;
#3477 = VECTOR ( 'NONE', #3311, 1000.000000000000000 ) ;
#3478 = EDGE_LOOP ( 'NONE', ( #3978, #1267, #3422, #4158 ) ) ;
#3479 = DIRECTION ( 'NONE',  ( -1.387778780781427690E-14, -0.000000000000000000, 1.000000000000000000 ) ) ;
#3480 = ORIENTED_EDGE ( 'NONE', *, *, #1627, .F. ) ;
#3481 = DIRECTION ( 'NONE',  ( 1.000000000000000000, -0.000000000000000000, 0.000000000000000000 ) ) ;
#3482 = FACE_OUTER_BOUND ( 'NONE', #2679, .T. ) ;
#3483 = DIRECTION ( 'NONE',  ( -1.000000000000000000, 1.519897059185087252E-16, 0.000000000000000000 ) ) ;
#3484 = CARTESIAN_POINT ( 'NONE',  ( -7.800215456873957010, -3.669251980075659780, 8.915944740516639655 ) ) ;
#3485 = CARTESIAN_POINT ( 'NONE',  ( 0.002183553277065063570, -67.37055198007574575, -2.305697686047035067 ) ) ;
#3486 = AXIS2_PLACEMENT_3D ( 'NONE', #4949, #2190, #3766 ) ;
#3487 = VERTEX_POINT ( 'NONE', #1696 ) ;
#3488 = CARTESIAN_POINT ( 'NONE',  ( -0.0002154568739821999441, -67.37055198007574575, -4.734055259483403333 ) ) ;
#3489 = EDGE_CURVE ( 'NONE', #741, #757, #729, .T. ) ;
#3490 = DIRECTION ( 'NONE',  ( 0.003897769970702696755, 0.000000000000000000, -0.9999924036657756865 ) ) ;
#3491 = CARTESIAN_POINT ( 'NONE',  ( 3.982459901891390430, -45.00000000000000711, 0.000000000000000000 ) ) ;
#3492 = ORIENTED_EDGE ( 'NONE', *, *, #3397, .F. ) ;
#3493 = CARTESIAN_POINT ( 'NONE',  ( -3.760655773532257218, -29.46110827738352356, -6.684055259483402622 ) ) ;
#3494 = CARTESIAN_POINT ( 'NONE',  ( -0.0002154568740613951123, -55.66925198007567133, 3.065944740516611589 ) ) ;
#3495 = VERTEX_POINT ( 'NONE', #4839 ) ;
#3496 = EDGE_LOOP ( 'NONE', ( #4543, #1129, #2275, #4524 ) ) ;
#3497 = VECTOR ( 'NONE', #2342, 1000.000000000000000 ) ;
#3498 = EDGE_CURVE ( 'NONE', #1151, #247, #4787, .T. ) ;
#3499 = EDGE_CURVE ( 'NONE', #1151, #4603, #2418, .T. ) ;
#3500 = CARTESIAN_POINT ( 'NONE',  ( 6.106605262655629751, 0.1015486463022558100, 8.915944740516591693 ) ) ;
#3501 = AXIS2_PLACEMENT_3D ( 'NONE', #4535, #4226, #4919 ) ;
#3502 = ADVANCED_FACE ( 'NONE', ( #461 ), #3963, .F. ) ;
#3503 = ORIENTED_EDGE ( 'NONE', *, *, #384, .T. ) ;
#3504 = CARTESIAN_POINT ( 'NONE',  ( -0.0002154568739887398245, -41.27916675693359849, -9.935355259483404922 ) ) ;
#3505 = ORIENTED_EDGE ( 'NONE', *, *, #3123, .F. ) ;
#3506 = DIRECTION ( 'NONE',  ( 0.000000000000000000, 0.000000000000000000, 1.000000000000000000 ) ) ;
#3507 = CARTESIAN_POINT ( 'NONE',  ( 0.000000000000000000, 0.000000000000000000, 0.000000000000000000 ) ) ;
#3508 = EDGE_CURVE ( 'NONE', #3620, #3084, #3605, .T. ) ;
#3509 = CARTESIAN_POINT ( 'NONE',  ( -9.100215456874066078, -42.66925198007565712, 3.065944740516433953 ) ) ;
#3510 = LINE ( 'NONE', #367, #1472 ) ;
#3511 = STYLED_ITEM ( 'NONE', ( #3585 ), #4918 ) ;
#3512 = CARTESIAN_POINT ( 'NONE',  ( -10.40021545687399041, 41.83074801992434999, -0.1840552594834048428 ) ) ;
#3513 = DIRECTION ( 'NONE',  ( 0.000000000000000000, 0.000000000000000000, 1.000000000000000000 ) ) ;
#3514 = VERTEX_POINT ( 'NONE', #109 ) ;
#3515 = CARTESIAN_POINT ( 'NONE',  ( 7.799784543126011549, 2.210515403646043708, 6.965944740516595068 ) ) ;
#3516 = ADVANCED_FACE ( 'NONE', ( #4014 ), #3344, .F. ) ;
#3517 = FACE_OUTER_BOUND ( 'NONE', #918, .T. ) ;
#3518 = CARTESIAN_POINT ( 'NONE',  ( 3.249784543126012615, -3.669251980075661113, -0.1840552594834037048 ) ) ;
#3519 = VERTEX_POINT ( 'NONE', #2129 ) ;
#3520 = CARTESIAN_POINT ( 'NONE',  ( -12.24354165696056107, -36.16925198007566422, -1.573329839556187659 ) ) ;
#3521 = VERTEX_POINT ( 'NONE', #4913 ) ;
#3522 = ORIENTED_EDGE ( 'NONE', *, *, #750, .F. ) ;
#3523 = ORIENTED_EDGE ( 'NONE', *, *, #2705, .F. ) ;
#3524 = CIRCLE ( 'NONE', #1292, 0.5200000000000000178 ) ;
#3525 = ADVANCED_FACE ( 'NONE', ( #2933 ), #5033, .F. ) ;
#3526 = DIRECTION ( 'NONE',  ( -0.000000000000000000, -0.000000000000000000, 1.000000000000000000 ) ) ;
#3527 = AXIS2_PLACEMENT_3D ( 'NONE', #3823, #3743, #602 ) ;
#3528 = VECTOR ( 'NONE', #3283, 1000.000000000000000 ) ;
#3529 = ORIENTED_EDGE ( 'NONE', *, *, #1671, .F. ) ;
#3530 = DIRECTION ( 'NONE',  ( 0.000000000000000000, 1.000000000000000000, 0.000000000000000000 ) ) ;
#3531 = ORIENTED_EDGE ( 'NONE', *, *, #4759, .F. ) ;
#3532 = EDGE_CURVE ( 'NONE', #4757, #435, #4937, .T. ) ;
#3533 = CARTESIAN_POINT ( 'NONE',  ( -0.0002154568739821999441, -26.86110827738353635, -6.684055259483403511 ) ) ;
#3534 = VECTOR ( 'NONE', #1048, 1000.000000000000000 ) ;
#3535 = VECTOR ( 'NONE', #2733, 1000.000000000000000 ) ;
#3536 = AXIS2_PLACEMENT_3D ( 'NONE', #721, #4192, #1218 ) ;
#3537 = ADVANCED_FACE ( 'NONE', ( #4655 ), #2955, .F. ) ;
#3538 = FACE_BOUND ( 'NONE', #3980, .T. ) ;
#3539 = FACE_OUTER_BOUND ( 'NONE', #2473, .T. ) ;
#3540 = AXIS2_PLACEMENT_3D ( 'NONE', #469, #4794, #2427 ) ;
#3541 = CARTESIAN_POINT ( 'NONE',  ( -2.600215456873987918, 2.210515403646042820, 8.915944740516630773 ) ) ;
#3542 = CARTESIAN_POINT ( 'NONE',  ( -0.0002154568739888154747, 2.210515403646043264, 6.965944740516595068 ) ) ;
#3543 = FACE_OUTER_BOUND ( 'NONE', #3960, .T. ) ;
#3544 = CARTESIAN_POINT ( 'NONE',  ( -6.064695397351427708, 9.473160731595831052, -6.763037025936780466 ) ) ;
#3545 = CARTESIAN_POINT ( 'NONE',  ( 2.469784543126031462, -40.40537143330199399, 8.265944740516562916 ) ) ;
#3546 = EDGE_LOOP ( 'NONE', ( #3684, #2181, #3627, #504, #1866 ) ) ;
#3547 = CARTESIAN_POINT ( 'NONE',  ( 7.149784543126022740, -42.66925198007565712, 6.315944740516609812 ) ) ;
#3548 = ORIENTED_EDGE ( 'NONE', *, *, #1699, .T. ) ;
#3549 = ORIENTED_EDGE ( 'NONE', *, *, #2204, .F. ) ;
#3550 = ORIENTED_EDGE ( 'NONE', *, *, #821, .T. ) ;
#3551 = ORIENTED_EDGE ( 'NONE', *, *, #3178, .F. ) ;
#3552 = CARTESIAN_POINT ( 'NONE',  ( 6.499784543125938896, -40.92537143330197580, 8.265944740516619760 ) ) ;
#3553 = EDGE_LOOP ( 'NONE', ( #4834, #4211, #127, #989 ) ) ;
#3554 = FACE_OUTER_BOUND ( 'NONE', #4153, .T. ) ;
#3555 = ADVANCED_FACE ( 'NONE', ( #4529 ), #185, .F. ) ;
#3556 = ORIENTED_EDGE ( 'NONE', *, *, #777, .T. ) ;
#3557 = CARTESIAN_POINT ( 'NONE',  ( -13.00021545687399005, 41.83074801992434999, 9.565944740516595601 ) ) ;
#3558 = AXIS2_PLACEMENT_3D ( 'NONE', #2303, #1150, #786 ) ;
#3559 = ADVANCED_FACE ( 'NONE', ( #2669 ), #3060, .F. ) ;
#3560 = CARTESIAN_POINT ( 'NONE',  ( -0.0002154568739885598199, 1.170515403646043673, 9.567244740516594348 ) ) ;
#3561 = LINE ( 'NONE', #4358, #4186 ) ;
#3562 = CYLINDRICAL_SURFACE ( 'NONE', #3429, 0.5200000000000004619 ) ;
#3563 = DIRECTION ( 'NONE',  ( -1.000000000000000000, 0.000000000000000000, 0.000000000000000000 ) ) ;
#3564 = AXIS2_PLACEMENT_3D ( 'NONE', #2469, #2931, #586 ) ;
#3565 = DIRECTION ( 'NONE',  ( 1.355252715606880543E-16, 1.000000000000000000, -0.000000000000000000 ) ) ;
#3566 = CARTESIAN_POINT ( 'NONE',  ( -11.70021545687398756, -55.66925198007567133, -2.134055259483403244 ) ) ;
#3567 = CARTESIAN_POINT ( 'NONE',  ( -6.608926729941864586, -2.279166756933604265, 6.965944740516595068 ) ) ;
#3568 = ORIENTED_EDGE ( 'NONE', *, *, #2737, .T. ) ;
#3569 = CARTESIAN_POINT ( 'NONE',  ( -9.600012000162879033, -36.16925198007566422, -1.573329839556188103 ) ) ;
#3570 = EDGE_LOOP ( 'NONE', ( #1124, #1995, #2331, #25, #2485, #80, #3906, #764 ) ) ;
#3571 = ORIENTED_EDGE ( 'NONE', *, *, #1077, .T. ) ;
#3572 = EDGE_LOOP ( 'NONE', ( #3827, #198, #865, #2747, #4339, #2974 ) ) ;
#3573 = EDGE_CURVE ( 'NONE', #2643, #1844, #1463, .T. ) ;
#3574 = ORIENTED_EDGE ( 'NONE', *, *, #4742, .F. ) ;
#3575 = CARTESIAN_POINT ( 'NONE',  ( 6.499784543126010838, -42.66925198007565712, 3.065944740516618694 ) ) ;
#3576 = PRESENTATION_LAYER_ASSIGNMENT (  '', '', ( #2420 ) ) ;
#3577 = VERTEX_POINT ( 'NONE', #3856 ) ;
#3578 = DIRECTION ( 'NONE',  ( 3.469446951953614189E-15, -0.000000000000000000, 1.000000000000000000 ) ) ;
#3579 = ADVANCED_FACE ( 'NONE', ( #329 ), #5055, .F. ) ;
#3580 = ORIENTED_EDGE ( 'NONE', *, *, #18, .F. ) ;
#3581 = AXIS2_PLACEMENT_3D ( 'NONE', #2009, #3893, #2316 ) ;
#3582 = DIRECTION ( 'NONE',  ( 0.000000000000000000, 0.000000000000000000, 1.000000000000000000 ) ) ;
#3583 = AXIS2_PLACEMENT_3D ( 'NONE', #4352, #106, #1251 ) ;
#3584 = DIRECTION ( 'NONE',  ( -0.000000000000000000, -0.000000000000000000, 1.000000000000000000 ) ) ;
#3585 = PRESENTATION_STYLE_ASSIGNMENT (( #442 ) ) ;
#3586 = DIRECTION ( 'NONE',  ( 3.154042683594197093E-16, -0.000000000000000000, 1.000000000000000000 ) ) ;
#3587 = EDGE_CURVE ( 'NONE', #757, #435, #2566, .T. ) ;
#3588 = AXIS2_PLACEMENT_3D ( 'NONE', #3018, #3408, #2243 ) ;
#3589 = DIRECTION ( 'NONE',  ( 0.000000000000000000, -1.000000000000000000, 0.000000000000000000 ) ) ;
#3590 = EDGE_CURVE ( 'NONE', #963, #1844, #3706, .T. ) ;
#3591 = CARTESIAN_POINT ( 'NONE',  ( -8.837702259598785304, 8.133766094379533129, -4.652099504062890745 ) ) ;
#3592 = DIRECTION ( 'NONE',  ( -1.000000000000000000, 0.000000000000000000, 0.000000000000000000 ) ) ;
#3593 = ORIENTED_EDGE ( 'NONE', *, *, #4350, .T. ) ;
#3594 = DIRECTION ( 'NONE',  ( -1.000000000000000000, 0.000000000000000000, 3.469446951953632727E-15 ) ) ;
#3595 = CARTESIAN_POINT ( 'NONE',  ( -7.150215456873985964, 41.83204801992433630, 3.715944740516637257 ) ) ;
#3596 = VERTEX_POINT ( 'NONE', #612 ) ;
#3597 = ORIENTED_EDGE ( 'NONE', *, *, #4694, .T. ) ;
#3598 = ORIENTED_EDGE ( 'NONE', *, *, #2386, .F. ) ;
#3599 = DIRECTION ( 'NONE',  ( 1.000000000000000000, 0.000000000000000000, 0.000000000000000000 ) ) ;
#3600 = VERTEX_POINT ( 'NONE', #3730 ) ;
#3601 = VECTOR ( 'NONE', #2445, 1000.000000000000000 ) ;
#3602 = DIRECTION ( 'NONE',  ( -1.000000000000000000, 0.000000000000000000, 5.204170427930366852E-15 ) ) ;
#3603 = ORIENTED_EDGE ( 'NONE', *, *, #2145, .F. ) ;
#3604 = AXIS2_PLACEMENT_3D ( 'NONE', #1712, #3289, #4446 ) ;
#3605 = LINE ( 'NONE', #870, #3601 ) ;
#3606 = DIRECTION ( 'NONE',  ( -0.000000000000000000, 1.000000000000000000, -0.000000000000000000 ) ) ;
#3607 = ORIENTED_EDGE ( 'NONE', *, *, #4692, .F. ) ;
#3608 = CARTESIAN_POINT ( 'NONE',  ( -3.250215456873989606, 41.83074801992434999, -0.1840552594834048428 ) ) ;
#3609 = DIRECTION ( 'NONE',  ( -0.000000000000000000, 0.000000000000000000, -1.000000000000000000 ) ) ;
#3610 = SURFACE_STYLE_FILL_AREA ( #2911 ) ;
#3611 = LINE ( 'NONE', #4265, #3209 ) ;
#3612 = AXIS2_PLACEMENT_3D ( 'NONE', #3924, #308, #1078 ) ;
#3613 = EDGE_CURVE ( 'NONE', #1873, #2874, #4244, .T. ) ;
#3614 = ADVANCED_FACE ( 'NONE', ( #2018 ), #1220, .F. ) ;
#3615 = DIRECTION ( 'NONE',  ( 1.000000000000000000, 0.000000000000000000, 1.482669637587005399E-16 ) ) ;
#3616 = CARTESIAN_POINT ( 'NONE',  ( -3.837259814127778945, 9.759419503607833946, -7.334055259483405642 ) ) ;
#3617 = CARTESIAN_POINT ( 'NONE',  ( 6.106605262655629751, 0.1015486463022558100, 6.965944740516595068 ) ) ;
#3618 = CARTESIAN_POINT ( 'NONE',  ( -10.68432544053965927, -30.17504986764190988, -5.440465624710970616 ) ) ;
#3620 = VERTEX_POINT ( 'NONE', #788 ) ;
#3619 = DIRECTION ( 'NONE',  ( -1.000000000000000000, 0.000000000000000000, 0.000000000000000000 ) ) ;
#3621 = ORIENTED_EDGE ( 'NONE', *, *, #4356, .F. ) ;
#3622 = ORIENTED_EDGE ( 'NONE', *, *, #1620, .T. ) ;
#3623 = CARTESIAN_POINT ( 'NONE',  ( 7.799784543126011549, -0.8853714333019869764, 6.965944740516595068 ) ) ;
#3624 = EDGE_CURVE ( 'NONE', #740, #4982, #1582, .T. ) ;
#3625 = ORIENTED_EDGE ( 'NONE', *, *, #4486, .F. ) ;
#3626 = CYLINDRICAL_SURFACE ( 'NONE', #763, 3.250000000000002220 ) ;
#3627 = ORIENTED_EDGE ( 'NONE', *, *, #5062, .T. ) ;
#3628 = DIRECTION ( 'NONE',  ( -1.000000000000000000, 0.000000000000000000, 0.000000000000000000 ) ) ;
#3629 = ORIENTED_EDGE ( 'NONE', *, *, #2709, .T. ) ;
#3630 = DIRECTION ( 'NONE',  ( -0.000000000000000000, 1.000000000000000000, -0.000000000000000000 ) ) ;
#3631 = CARTESIAN_POINT ( 'NONE',  ( -5.200215456873987563, -42.66925198007565712, -8.634055259483403688 ) ) ;
#3632 = ORIENTED_EDGE ( 'NONE', *, *, #4501, .T. ) ;
#3633 = DIRECTION ( 'NONE',  ( 1.000000000000000000, 0.000000000000000000, 0.000000000000000000 ) ) ;
#3634 = DIRECTION ( 'NONE',  ( 0.000000000000000000, 1.000000000000000000, 0.000000000000000000 ) ) ;
#3635 = CARTESIAN_POINT ( 'NONE',  ( -3.726174020159305211, -58.32210129024644374, -6.034055259483403155 ) ) ;
#3636 = VECTOR ( 'NONE', #2693, 1000.000000000000000 ) ;
#3637 = VECTOR ( 'NONE', #584, 1000.000000000000000 ) ;
#3638 = LINE ( 'NONE', #2429, #845 ) ;
#3639 = DIRECTION ( 'NONE',  ( -0.000000000000000000, -0.000000000000000000, 1.000000000000000000 ) ) ;
#3640 = PLANE ( 'NONE',  #489 ) ;
#3641 = DIRECTION ( 'NONE',  ( 0.000000000000000000, -0.000000000000000000, -1.000000000000000000 ) ) ;
#3642 = AXIS2_PLACEMENT_3D ( 'NONE', #4460, #2137, #92 ) ;
#3643 = CYLINDRICAL_SURFACE ( 'NONE', #4687, 2.599999999999969447 ) ;
#3644 = EDGE_LOOP ( 'NONE', ( #4271, #74, #600, #48 ) ) ;
#3645 = EDGE_LOOP ( 'NONE', ( #1399, #4213, #568, #3359, #2560, #893, #1075, #686, #4924, #4139 ) ) ;
#3646 = CYLINDRICAL_SURFACE ( 'NONE', #1245, 0.5200000000000004619 ) ;
#3647 = B_SPLINE_CURVE_WITH_KNOTS ( 'NONE', 3,
 ( #4864, #4089, #1694, #4885, #3267, #563, #207, #4836, #2126, #4451, #4134, #1743, #921, #609, #2850, #3318, #3705, #4502, #2953, #184, #973, #2542, #1765, #3341, #1275, #2176, #4811, #2978 ),
 .UNSPECIFIED., .F., .F.,
 ( 4, 2, 2, 2, 2, 2, 2, 2, 2, 2, 2, 2, 2, 4 ),
 ( 2.168404344971008868E-19, 0.001500325688703638442, 0.003000651377407276450, 0.003750814221759087540, 0.004500977066110897762, 0.005251139910462707984, 0.006001302754814517339, 0.007501628443518145589, 0.008251791287869958413, 0.009001954132221771238, 0.009752116976573584062, 0.01050227982092539515, 0.01125244266527720798, 0.01200260550962902080 ),
 .UNSPECIFIED. ) ;
#3648 = AXIS2_PLACEMENT_3D ( 'NONE', #4856, #911, #3619 ) ;
#3649 = AXIS2_PLACEMENT_3D ( 'NONE', #3883, #818, #4780 ) ;
#3650 = ORIENTED_EDGE ( 'NONE', *, *, #2398, .F. ) ;
#3651 = CARTESIAN_POINT ( 'NONE',  ( -0.0002154568739887398245, -67.37055198007574575, -7.334055259483403866 ) ) ;
#3652 = APPLICATION_CONTEXT ( 'automotive_design' ) ;
#3653 = ORIENTED_EDGE ( 'NONE', *, *, #2592, .F. ) ;
#3654 = EDGE_CURVE ( 'NONE', #4777, #741, #2720, .T. ) ;
#3655 = EDGE_CURVE ( 'NONE', #740, #3190, #4421, .T. ) ;
#3656 = LINE ( 'NONE', #135, #1005 ) ;
#3657 = CARTESIAN_POINT ( 'NONE',  ( -6.876168419277810528, 0.6215486463022574792, 9.567244740516594348 ) ) ;
#3658 = EDGE_CURVE ( 'NONE', #988, #1480, #2769, .T. ) ;
#3659 = VECTOR ( 'NONE', #3452, 1000.000000000000000 ) ;
#3660 = FACE_OUTER_BOUND ( 'NONE', #1516, .T. ) ;
#3661 = MECHANICAL_DESIGN_GEOMETRIC_PRESENTATION_REPRESENTATION (  '', ( #2420 ), #4393 ) ;
#3662 = EDGE_LOOP ( 'NONE', ( #2959, #4353, #790, #1173 ) ) ;
#3663 = CARTESIAN_POINT ( 'NONE',  ( 7.149784543126013858, -36.16925198007566422, 3.715944740516587963 ) ) ;
#3664 = CARTESIAN_POINT ( 'NONE',  ( 12.99978454312601173, 41.83074801992434999, -0.1840552594834048428 ) ) ;
#3665 = EDGE_CURVE ( 'NONE', #1590, #2512, #3524, .T. ) ;
#3666 = VECTOR ( 'NONE', #1517, 1000.000000000000000 ) ;
#3667 = FACE_OUTER_BOUND ( 'NONE', #4965, .T. ) ;
#3668 = CARTESIAN_POINT ( 'NONE',  ( 3.999999999999998224, -45.00000000000000711, -4.500000000000000000 ) ) ;
#3669 = LINE ( 'NONE', #4411, #3202 ) ;
#3670 = LINE ( 'NONE', #4514, #2372 ) ;
#3671 = DIRECTION ( 'NONE',  ( 0.000000000000000000, 1.000000000000000000, 0.000000000000000000 ) ) ;
#3672 = EDGE_LOOP ( 'NONE', ( #3447, #1183, #4492, #4680, #3259, #4738, #1810, #254, #717, #5036, #4500, #2439, #1045, #2614, #4641, #1816, #1881, #2300, #1563, #3054, #4707, #3607, #2246, #2192 ) ) ;
#3673 = ORIENTED_EDGE ( 'NONE', *, *, #4526, .F. ) ;
#3674 = DIRECTION ( 'NONE',  ( 0.000000000000000000, 0.000000000000000000, 1.000000000000000000 ) ) ;
#3675 = MECHANICAL_DESIGN_GEOMETRIC_PRESENTATION_REPRESENTATION (  '', ( #3511 ), #4496 ) ;
#3676 = EDGE_CURVE ( 'NONE', #1700, #156, #2354, .T. ) ;
#3677 = EDGE_LOOP ( 'NONE', ( #1533, #2390, #1741, #22, #4365, #2077, #1726, #4649, #330, #824, #4494, #1978, #4960, #2894, #3454, #430, #3164, #3309, #2645, #1110, #4740, #3266, #2097, #2949 ) ) ;
#3678 = DIRECTION ( 'NONE',  ( -0.000000000000000000, 1.000000000000000000, -0.000000000000000000 ) ) ;
#3679 = VECTOR ( 'NONE', #2985, 1000.000000000000000 ) ;
#3680 = ORIENTED_EDGE ( 'NONE', *, *, #539, .F. ) ;
#3681 = LINE ( 'NONE', #4041, #683 ) ;
#3682 = FACE_OUTER_BOUND ( 'NONE', #1583, .T. ) ;
#3683 = CARTESIAN_POINT ( 'NONE',  ( -10.05680186844373658, 9.705674976513249064, -7.203184024345580028 ) ) ;
#3684 = ORIENTED_EDGE ( 'NONE', *, *, #2737, .F. ) ;
#3685 = AXIS2_PLACEMENT_3D ( 'NONE', #234, #1100, #1922 ) ;
#3686 = LINE ( 'NONE', #2060, #2998 ) ;
#3687 = VECTOR ( 'NONE', #3220, 1000.000000000000000 ) ;
#3688 = VECTOR ( 'NONE', #1338, 1000.000000000000000 ) ;
#3689 = ADVANCED_FACE ( 'NONE', ( #859 ), #765, .F. ) ;
#3690 = CARTESIAN_POINT ( 'NONE',  ( -2.426174020159304501, -58.32210129024644374, -6.034055259483404043 ) ) ;
#3691 = CARTESIAN_POINT ( 'NONE',  ( 2.469784543126030130, -39.88537143330199086, 8.265944740516562916 ) ) ;
#3692 = CARTESIAN_POINT ( 'NONE',  ( 7.799784543126011549, -3.669251980075659780, 6.965944740516595068 ) ) ;
#3693 = DIRECTION ( 'NONE',  ( 0.000000000000000000, 0.000000000000000000, 1.000000000000000000 ) ) ;
#3695 = ORIENTED_EDGE ( 'NONE', *, *, #4818, .T. ) ;
#3694 = CARTESIAN_POINT ( 'NONE',  ( 3.249784543126013947, -3.669251980075661113, -6.684055259483403511 ) ) ;
#3696 = ORIENTED_EDGE ( 'NONE', *, *, #133, .T. ) ;
#3697 = ORIENTED_EDGE ( 'NONE', *, *, #4403, .T. ) ;
#3698 = CARTESIAN_POINT ( 'NONE',  ( -7.800215456873954345, 2.830748019924340664, 9.565944740516622247 ) ) ;
#3699 = AXIS2_PLACEMENT_3D ( 'NONE', #402, #1105, #3592 ) ;
#3700 = DIRECTION ( 'NONE',  ( -0.000000000000000000, -1.000000000000000000, -0.000000000000000000 ) ) ;
#3701 = ORIENTED_EDGE ( 'NONE', *, *, #3153, .F. ) ;
#3702 = CARTESIAN_POINT ( 'NONE',  ( -0.0002154568739821999441, -26.86110827738353635, -4.734055259483403333 ) ) ;
#3703 = AXIS2_PLACEMENT_3D ( 'NONE', #4381, #3201, #369 ) ;
#3704 = ORIENTED_EDGE ( 'NONE', *, *, #2576, .F. ) ;
#3705 = CARTESIAN_POINT ( 'NONE',  ( 6.989375680510777400, -30.13491745243720388, -5.505928290523346647 ) ) ;
#3706 = LINE ( 'NONE', #565, #1137 ) ;
#3707 = EDGE_CURVE ( 'NONE', #1348, #1221, #2885, .T. ) ;
#3708 = CARTESIAN_POINT ( 'NONE',  ( -7.968701176662692731, 10.34270225009615807, -8.724434389443006310 ) ) ;
#3709 = ORIENTED_EDGE ( 'NONE', *, *, #1571, .T. ) ;
#3710 = LINE ( 'NONE', #241, #533 ) ;
#3711 = PLANE ( 'NONE',  #1130 ) ;
#3712 = ADVANCED_FACE ( 'NONE', ( #4704 ), #2869, .T. ) ;
#3713 = EDGE_CURVE ( 'NONE', #664, #1074, #4490, .T. ) ;
#3714 = CARTESIAN_POINT ( 'NONE',  ( 11.51748420405289686, -31.40424604089205829, -3.993518371619457330 ) ) ;
#3715 = AXIS2_PLACEMENT_3D ( 'NONE', #3388, #582, #4906 ) ;
#3716 = CARTESIAN_POINT ( 'NONE',  ( 7.149784543126013858, -3.669251980075659780, 3.715944740516587963 ) ) ;
#3717 = CARTESIAN_POINT ( 'NONE',  ( -0.0002154568739821999441, -26.86110827738353635, -6.684055259483403511 ) ) ;
#3718 = DIRECTION ( 'NONE',  ( 0.000000000000000000, 0.000000000000000000, -1.000000000000000000 ) ) ;
#3719 = CARTESIAN_POINT ( 'NONE',  ( 6.023322417162247255, -38.37845135369775562, 6.315944740516592049 ) ) ;
#3720 = ORIENTED_EDGE ( 'NONE', *, *, #2220, .T. ) ;
#3721 = VERTEX_POINT ( 'NONE', #1290 ) ;
#3722 = DIRECTION ( 'NONE',  ( 0.000000000000000000, 0.000000000000000000, 1.000000000000000000 ) ) ;
#3723 = DIRECTION ( 'NONE',  ( 0.003897769970702696322, 0.000000000000000000, -0.9999924036657756865 ) ) ;
#3724 = EDGE_LOOP ( 'NONE', ( #3593, #4481, #385, #4293 ) ) ;
#3725 = LINE ( 'NONE', #1301, #3637 ) ;
#3726 = ORIENTED_EDGE ( 'NONE', *, *, #3187, .F. ) ;
#3727 = EDGE_CURVE ( 'NONE', #221, #1642, #1367, .T. ) ;
#3728 = CARTESIAN_POINT ( 'NONE',  ( -2.470215456874004456, -40.92537143330199001, 6.315944740516597378 ) ) ;
#3729 = DIRECTION ( 'NONE',  ( -0.000000000000000000, -0.000000000000000000, 1.000000000000000000 ) ) ;
#3730 = CARTESIAN_POINT ( 'NONE',  ( 5.199784543126010128, -55.66925198007567133, -6.034055259483403155 ) ) ;
#3731 = VECTOR ( 'NONE', #4150, 1000.000000000000000 ) ;
#3732 = CARTESIAN_POINT ( 'NONE',  ( -11.18258679288607027, 8.962815168958826462, -5.863867204595120342 ) ) ;
#3733 = VERTEX_POINT ( 'NONE', #960 ) ;
#3734 = AXIS2_PLACEMENT_3D ( 'NONE', #114, #1676, #3301 ) ;
#3735 = EDGE_CURVE ( 'NONE', #3596, #1998, #2091, .T. ) ;
#3736 = CARTESIAN_POINT ( 'NONE',  ( 9.447207497253264918, -29.37721134128100786, -6.855428725068263063 ) ) ;
#3737 = LINE ( 'NONE', #1775, #3886 ) ;
#3738 = DIRECTION ( 'NONE',  ( -0.000000000000000000, -0.000000000000000000, -1.000000000000000000 ) ) ;
#3739 = CARTESIAN_POINT ( 'NONE',  ( -13.00021545687399005, 41.83074801992434999, 9.565944740516595601 ) ) ;
#3740 = LINE ( 'NONE', #219, #2822 ) ;
#3741 = ORIENTED_EDGE ( 'NONE', *, *, #289, .F. ) ;
#3742 = ORIENTED_EDGE ( 'NONE', *, *, #1199, .T. ) ;
#3743 = DIRECTION ( 'NONE',  ( -0.000000000000000000, -1.000000000000000000, -0.000000000000000000 ) ) ;
#3744 = EDGE_CURVE ( 'NONE', #176, #1658, #3670, .T. ) ;
#3745 = LINE ( 'NONE', #224, #3290 ) ;
#3746 = CARTESIAN_POINT ( 'NONE',  ( 5.890138447983322756, 10.62401611855645100, -9.577383432427945209 ) ) ;
#3747 = ORIENTED_EDGE ( 'NONE', *, *, #663, .F. ) ;
#3748 = EDGE_LOOP ( 'NONE', ( #2510, #1841, #4755, #2723 ) ) ;
#3749 = ORIENTED_EDGE ( 'NONE', *, *, #2166, .F. ) ;
#3750 = EDGE_CURVE ( 'NONE', #3830, #2920, #401, .T. ) ;
#3751 = CARTESIAN_POINT ( 'NONE',  ( -5.200215456873987563, -55.66925198007567133, -2.134055259483403244 ) ) ;
#3752 = AXIS2_PLACEMENT_3D ( 'NONE', #732, #2688, #420 ) ;
#3753 = CARTESIAN_POINT ( 'NONE',  ( -2.470215456874004456, -39.88537143330199086, -9.935355259483404922 ) ) ;
#3754 = CARTESIAN_POINT ( 'NONE',  ( -5.200215456873987563, -55.66925198007567133, -6.034055259483403155 ) ) ;
#3755 = CARTESIAN_POINT ( 'NONE',  ( -6.365815436914985526, -29.88733932767578949, -5.893895573076866512 ) ) ;
#3756 = LINE ( 'NONE', #514, #54 ) ;
#3757 = ORIENTED_EDGE ( 'NONE', *, *, #4810, .F. ) ;
#3758 = DIRECTION ( 'NONE',  ( -1.000000000000000000, 0.000000000000000000, -1.387778780781427690E-14 ) ) ;
#3759 = CARTESIAN_POINT ( 'NONE',  ( 7.149784543126022740, 41.83204801992433630, 6.315944740516590272 ) ) ;
#3760 = AXIS2_PLACEMENT_3D ( 'NONE', #3547, #3594, #1152 ) ;
#3761 = CARTESIAN_POINT ( 'NONE',  ( 11.69978454312601102, -42.66925198007565712, -8.634055259483403688 ) ) ;
#3762 = CIRCLE ( 'NONE', #3276, 5.200000000000001066 ) ;
#3763 = CARTESIAN_POINT ( 'NONE',  ( -3.250215456873986497, -26.86110827738353635, -6.684055259483403511 ) ) ;
#3764 = DIRECTION ( 'NONE',  ( 0.000000000000000000, 0.000000000000000000, 1.000000000000000000 ) ) ;
#3765 = LINE ( 'NONE', #1478, #2618 ) ;
#3766 = DIRECTION ( 'NONE',  ( 1.000000000000000000, 0.000000000000000000, 0.000000000000000000 ) ) ;
#3767 = AXIS2_PLACEMENT_3D ( 'NONE', #148, #1653, #4053 ) ;
#3768 = EDGE_LOOP ( 'NONE', ( #4040, #2771, #3068, #4346 ) ) ;
#3769 = ORIENTED_EDGE ( 'NONE', *, *, #5016, .F. ) ;
#3770 = LINE ( 'NONE', #1838, #2369 ) ;
#3771 = EDGE_CURVE ( 'NONE', #3262, #3440, #3279, .T. ) ;
#3772 = ADVANCED_FACE ( 'NONE', ( #1318 ), #934, .F. ) ;
#3773 = DIRECTION ( 'NONE',  ( 1.000000000000000000, 0.000000000000000000, 0.000000000000000000 ) ) ;
#3774 = CARTESIAN_POINT ( 'NONE',  ( -12.35021545687398792, -3.669251980075659780, 3.715944740516637257 ) ) ;
#3775 = ORIENTED_EDGE ( 'NONE', *, *, #1742, .T. ) ;
#3776 = ORIENTED_EDGE ( 'NONE', *, *, #191, .T. ) ;
#3777 = AXIS2_PLACEMENT_3D ( 'NONE', #258, #2595, #2206 ) ;
#3778 = ORIENTED_EDGE ( 'NONE', *, *, #657, .T. ) ;
#3779 = ADVANCED_FACE ( 'NONE', ( #4076 ), #525, .F. ) ;
#3780 = VECTOR ( 'NONE', #4000, 1000.000000000000000 ) ;
#3781 = DIRECTION ( 'NONE',  ( 3.469446951953614189E-15, -0.000000000000000000, 1.000000000000000000 ) ) ;
#3782 = DIRECTION ( 'NONE',  ( -1.000000000000000000, 1.927470528863134333E-15, 3.154042683594197093E-16 ) ) ;
#3783 = DIRECTION ( 'NONE',  ( 2.168404344971009115E-16, 1.000000000000000000, -0.000000000000000000 ) ) ;
#3784 = EDGE_LOOP ( 'NONE', ( #4598, #4699, #836, #994, #2100, #4414 ) ) ;
#3785 = DIRECTION ( 'NONE',  ( 0.000000000000000000, 1.000000000000000000, 0.000000000000000000 ) ) ;
#3786 = CYLINDRICAL_SURFACE ( 'NONE', #4333, 6.500000000000000888 ) ;
#3787 = EDGE_CURVE ( 'NONE', #221, #5066, #4873, .T. ) ;
#3788 = CARTESIAN_POINT ( 'NONE',  ( 4.622482111261535742, -28.66858152954121763, -9.205886786526104260 ) ) ;
#3789 = CYLINDRICAL_SURFACE ( 'NONE', #2378, 9.099999999999999645 ) ;
#3790 = LINE ( 'NONE', #597, #3342 ) ;
#3791 = FACE_OUTER_BOUND ( 'NONE', #280, .T. ) ;
#3792 = DIRECTION ( 'NONE',  ( 0.000000000000000000, 0.000000000000000000, 1.000000000000000000 ) ) ;
#3793 = EDGE_LOOP ( 'NONE', ( #4548, #3701, #2222, #4803 ) ) ;
#3794 = ORIENTED_EDGE ( 'NONE', *, *, #1448, .F. ) ;
#3795 = EDGE_CURVE ( 'NONE', #2150, #1842, #1265, .T. ) ;
#3796 = CARTESIAN_POINT ( 'NONE',  ( -1.950215456873989783, -67.37055198007574575, -7.334055259483403866 ) ) ;
#3797 = LINE ( 'NONE', #1041, #4519 ) ;
#3798 = CARTESIAN_POINT ( 'NONE',  ( 11.88831741035526157, 8.183888323957507538, -4.715561571454126799 ) ) ;
#3799 = VERTEX_POINT ( 'NONE', #4463 ) ;
#3800 = EDGE_LOOP ( 'NONE', ( #6, #3033, #3162, #1588 ) ) ;
#3801 = VERTEX_POINT ( 'NONE', #598 ) ;
#3802 = CIRCLE ( 'NONE', #3148, 5.200000000000001066 ) ;
#3803 = ORIENTED_EDGE ( 'NONE', *, *, #2422, .F. ) ;
#3804 = DIRECTION ( 'NONE',  ( -0.000000000000000000, -1.000000000000000000, -0.000000000000000000 ) ) ;
#3805 = CARTESIAN_POINT ( 'NONE',  ( -7.396168419277810990, 0.1015486463022569480, 9.567244740516594348 ) ) ;
#3806 = CARTESIAN_POINT ( 'NONE',  ( -0.0002154568740679527466, -40.92537143330199001, 6.315944740516594713 ) ) ;
#3807 = AXIS2_PLACEMENT_3D ( 'NONE', #2905, #1353, #2151 ) ;
#3808 = EDGE_CURVE ( 'NONE', #3620, #661, #1055, .T. ) ;
#3809 = EDGE_CURVE ( 'NONE', #757, #1158, #1684, .T. ) ;
#3810 = DIRECTION ( 'NONE',  ( -0.000000000000000000, -1.000000000000000000, -0.000000000000000000 ) ) ;
#3811 = ORIENTED_EDGE ( 'NONE', *, *, #2741, .F. ) ;
#3812 = EDGE_CURVE ( 'NONE', #3216, #2191, #481, .T. ) ;
#3813 = DIRECTION ( 'NONE',  ( 0.000000000000000000, 1.000000000000000000, 0.000000000000000000 ) ) ;
#3814 = CARTESIAN_POINT ( 'NONE',  ( -0.0002154568739821999441, -6.269251980075659425, -6.684055259483403511 ) ) ;
#3815 = DIRECTION ( 'NONE',  ( -0.000000000000000000, -0.000000000000000000, 1.000000000000000000 ) ) ;
#3816 = DIRECTION ( 'NONE',  ( 0.000000000000000000, -1.000000000000000000, 0.000000000000000000 ) ) ;
#3817 = CARTESIAN_POINT ( 'NONE',  ( 2.430541126713434696, -58.32210129024644374, -6.034055259483403155 ) ) ;
#3818 = CARTESIAN_POINT ( 'NONE',  ( 7.149784543126032510, -1.925371433301987567, 8.915944740516588141 ) ) ;
#3819 = EDGE_CURVE ( 'NONE', #2304, #3084, #1962, .T. ) ;
#3820 = ORIENTED_EDGE ( 'NONE', *, *, #253, .F. ) ;
#3821 = CIRCLE ( 'NONE', #2086, 0.5200000000000013500 ) ;
#3822 = VERTEX_POINT ( 'NONE', #2841 ) ;
#3823 = CARTESIAN_POINT ( 'NONE',  ( 7.149784543126013858, -3.669251980075661113, 3.715944740516587963 ) ) ;
#3824 = AXIS2_PLACEMENT_3D ( 'NONE', #4073, #856, #1314 ) ;
#3825 = CARTESIAN_POINT ( 'NONE',  ( 13.00108454312601047, -36.16925198007566422, -1.573329839556188103 ) ) ;
#3826 = CARTESIAN_POINT ( 'NONE',  ( 7.149784543126029845, -42.66925198007565712, 8.225159797092567615 ) ) ;
#3827 = ORIENTED_EDGE ( 'NONE', *, *, #1281, .T. ) ;
#3828 = VERTEX_POINT ( 'NONE', #883 ) ;
#3829 = EDGE_LOOP ( 'NONE', ( #606, #2173, #260, #451 ) ) ;
#3830 = VERTEX_POINT ( 'NONE', #577 ) ;
#3831 = VECTOR ( 'NONE', #952, 1000.000000000000000 ) ;
#3832 = ADVANCED_FACE ( 'NONE', ( #1753 ), #3329, .F. ) ;
#3833 = CARTESIAN_POINT ( 'NONE',  ( -6.629523748957153906, -41.92429794869486415, 8.264336738612527711 ) ) ;
#3834 = CARTESIAN_POINT ( 'NONE',  ( 13.00108454312607442, -0.8853714333019893079, 8.915944740516568601 ) ) ;
#3835 = CARTESIAN_POINT ( 'NONE',  ( -7.800215456873988096, 41.83074801992434999, 6.965944740516595068 ) ) ;
#3836 = VERTEX_POINT ( 'NONE', #3257 ) ;
#3837 = CARTESIAN_POINT ( 'NONE',  ( -7.800215456873988096, -0.8853714333019864213, 8.915944740516639655 ) ) ;
#3838 = EDGE_CURVE ( 'NONE', #3822, #2668, #3935, .T. ) ;
#3839 = ORIENTED_EDGE ( 'NONE', *, *, #4023, .F. ) ;
#3840 = LINE ( 'NONE', #1136, #3271 ) ;
#3841 = ADVANCED_FACE ( 'NONE', ( #2218 ), #2273, .F. ) ;
#3842 = LINE ( 'NONE', #2186, #3987 ) ;
#3843 = CARTESIAN_POINT ( 'NONE',  ( -6.109507299056266660, -41.79916675693359451, 8.265944740516442124 ) ) ;
#3844 = DIRECTION ( 'NONE',  ( 0.000000000000000000, 0.000000000000000000, 1.000000000000000000 ) ) ;
#3845 = DIRECTION ( 'NONE',  ( 1.000000000000000000, -0.000000000000000000, 0.000000000000000000 ) ) ;
#3846 = CARTESIAN_POINT ( 'NONE',  ( -0.0002154568739821999441, -6.269251980075659425, -6.684055259483403511 ) ) ;
#3847 = VERTEX_POINT ( 'NONE', #218 ) ;
#3848 = EDGE_CURVE ( 'NONE', #2880, #1920, #3765, .T. ) ;
#3849 = VERTEX_POINT ( 'NONE', #1446 ) ;
#3850 = CARTESIAN_POINT ( 'NONE',  ( 13.00108454312600692, 10.72580649785039064, -9.934055259483404399 ) ) ;
#3851 = VECTOR ( 'NONE', #2739, 1000.000000000000000 ) ;
#3852 = DIRECTION ( 'NONE',  ( -1.000000000000000000, 0.000000000000000000, 0.000000000000000000 ) ) ;
#3853 = CARTESIAN_POINT ( 'NONE',  ( 6.373846951991574805, -3.319166756933606965, 9.567244740516594348 ) ) ;
#3854 = VECTOR ( 'NONE', #3582, 1000.000000000000000 ) ;
#3855 = ORIENTED_EDGE ( 'NONE', *, *, #3375, .T. ) ;
#3856 = CARTESIAN_POINT ( 'NONE',  ( 11.69978454312601102, -55.66925198007567133, 3.065944740516614253 ) ) ;
#3857 = ORIENTED_EDGE ( 'NONE', *, *, #1949, .T. ) ;
#3858 = ORIENTED_EDGE ( 'NONE', *, *, #1440, .F. ) ;
#3859 = ORIENTED_EDGE ( 'NONE', *, *, #1471, .T. ) ;
#3860 = CARTESIAN_POINT ( 'NONE',  ( -7.800215456873988096, -3.669251980075659780, -0.1840552594834037048 ) ) ;
#3861 = VERTEX_POINT ( 'NONE', #3355 ) ;
#3862 = DIRECTION ( 'NONE',  ( -5.421010862427522786E-17, -1.000000000000000000, 0.000000000000000000 ) ) ;
#3863 = VECTOR ( 'NONE', #684, 1000.000000000000000 ) ;
#3864 = ORIENTED_EDGE ( 'NONE', *, *, #1548, .F. ) ;
#3865 = FACE_OUTER_BOUND ( 'NONE', #49, .T. ) ;
#3866 = CIRCLE ( 'NONE', #2795, 5.200000000000069456 ) ;
#3867 = EDGE_CURVE ( 'NONE', #2395, #2265, #3034, .T. ) ;
#3868 =( BOUNDED_CURVE ( )  B_SPLINE_CURVE ( 3, ( #3668, #2915, #4920, #2940 ),
 .UNSPECIFIED., .F., .F. ) 
 B_SPLINE_CURVE_WITH_KNOTS ( ( 4, 4 ),
 ( 0.000000000000000000, 0.09368279479061666914 ),
 .UNSPECIFIED. ) 
 CURVE ( )  GEOMETRIC_REPRESENTATION_ITEM ( )  RATIONAL_B_SPLINE_CURVE ( ( 1.000000000000000000, 0.9992687615465509765, 0.9992687615465509765, 1.000000000000000000 ) ) 
 REPRESENTATION_ITEM ( '' )  );
#3869 = CARTESIAN_POINT ( 'NONE',  ( 2.599784543126012260, -1.405371433301987327, 6.965944740516595068 ) ) ;
#3870 = CARTESIAN_POINT ( 'NONE',  ( -0.0002154568739890756290, 0.6215486463022563690, 9.567244740516594348 ) ) ;
#3871 = CYLINDRICAL_SURFACE ( 'NONE', #823, 3.999999999999998224 ) ;
#3872 = EDGE_CURVE ( 'NONE', #2142, #107, #4539, .T. ) ;
#3873 = EDGE_CURVE ( 'NONE', #464, #100, #2635, .T. ) ;
#3874 = ORIENTED_EDGE ( 'NONE', *, *, #3812, .F. ) ;
#3875 = CARTESIAN_POINT ( 'NONE',  ( 6.068986389634307699, 9.472128791790780156, -6.761072153749673852 ) ) ;
#3876 = CARTESIAN_POINT ( 'NONE',  ( 2.469784543126030130, -37.82948459635397143, 8.265944740516562916 ) ) ;
#3877 = CARTESIAN_POINT ( 'NONE',  ( 9.749784543126013503, 41.83204801992433630, -0.1840552594834037048 ) ) ;
#3878 = ORIENTED_EDGE ( 'NONE', *, *, #215, .F. ) ;
#3879 = CARTESIAN_POINT ( 'NONE',  ( -13.00021545687399005, 41.83074801992434999, -0.1840552594834048428 ) ) ;
#3880 = EDGE_LOOP ( 'NONE', ( #3598, #4196, #4812, #2849 ) ) ;
#3881 = ORIENTED_EDGE ( 'NONE', *, *, #3394, .T. ) ;
#3882 = VERTEX_POINT ( 'NONE', #705 ) ;
#3883 = CARTESIAN_POINT ( 'NONE',  ( 3.249784543126012171, 41.83074801992434999, -0.1840552594834048428 ) ) ;
#3884 = CIRCLE ( 'NONE', #1577, 0.5200000000000004619 ) ;
#3885 = ADVANCED_FACE ( 'NONE', ( #3791 ), #2991, .F. ) ;
#3886 = VECTOR ( 'NONE', #596, 1000.000000000000000 ) ;
#3887 = ORIENTED_EDGE ( 'NONE', *, *, #4501, .F. ) ;
#3888 = LINE ( 'NONE', #3455, #2758 ) ;
#3889 = VERTEX_POINT ( 'NONE', #623 ) ;
#3890 = CIRCLE ( 'NONE', #4220, 5.200000000000001066 ) ;
#3891 = FACE_OUTER_BOUND ( 'NONE', #3553, .T. ) ;
#3892 = AXIS2_PLACEMENT_3D ( 'NONE', #1589, #1247, #359 ) ;
#3893 = DIRECTION ( 'NONE',  ( -1.084202172485504557E-16, -1.000000000000000000, 0.000000000000000000 ) ) ;
#3894 = PLANE ( 'NONE',  #3277 ) ;
#3895 = PLANE ( 'NONE',  #2932 ) ;
#3896 = CYLINDRICAL_SURFACE ( 'NONE', #3703, 0.5200000000000013500 ) ;
#3897 = VECTOR ( 'NONE', #1419, 1000.000000000000000 ) ;
#3898 = ADVANCED_FACE ( 'NONE', ( #4203 ), #3019, .F. ) ;
#3899 = ORIENTED_EDGE ( 'NONE', *, *, #4938, .T. ) ;
#3900 = CARTESIAN_POINT ( 'NONE',  ( 6.373846951991574805, -3.319166756933606965, 8.915944740516591693 ) ) ;
#3901 = DIRECTION ( 'NONE',  ( -1.387778780781427690E-14, -0.000000000000000000, 1.000000000000000000 ) ) ;
#3902 = CARTESIAN_POINT ( 'NONE',  ( -0.0002154568739887398245, 13.65941950360783075, -7.334055259483403866 ) ) ;
#3903 = ORIENTED_EDGE ( 'NONE', *, *, #4152, .F. ) ;
#3904 = CARTESIAN_POINT ( 'NONE',  ( -6.603802683716852862, -28.77674705383391895, -8.650595124097867128 ) ) ;
#3905 = ORIENTED_EDGE ( 'NONE', *, *, #253, .T. ) ;
#3906 = ORIENTED_EDGE ( 'NONE', *, *, #3654, .T. ) ;
#3907 = ORIENTED_EDGE ( 'NONE', *, *, #4243, .T. ) ;
#3908 = EDGE_CURVE ( 'NONE', #3457, #4907, #2038, .T. ) ;
#3909 = VECTOR ( 'NONE', #2108, 1000.000000000000000 ) ;
#3910 = DIRECTION ( 'NONE',  ( 0.000000000000000000, 0.000000000000000000, 1.000000000000000000 ) ) ;
#3911 = ADVANCED_FACE ( 'NONE', ( #2580 ), #652, .F. ) ;
#3912 = CIRCLE ( 'NONE', #3253, 9.099999999999999645 ) ;
#3913 = ORIENTED_EDGE ( 'NONE', *, *, #2750, .T. ) ;
#3914 = DIRECTION ( 'NONE',  ( 1.000000000000000000, 0.000000000000000000, 0.000000000000000000 ) ) ;
#3915 = ORIENTED_EDGE ( 'NONE', *, *, #4633, .T. ) ;
#3916 = LINE ( 'NONE', #3098, #316 ) ;
#3917 = DIRECTION ( 'NONE',  ( -0.000000000000000000, -0.000000000000000000, -1.000000000000000000 ) ) ;
#3918 = FACE_OUTER_BOUND ( 'NONE', #3572, .T. ) ;
#3919 = VECTOR ( 'NONE', #4513, 1000.000000000000000 ) ;
#3920 = DIRECTION ( 'NONE',  ( -0.000000000000000000, -0.000000000000000000, 1.000000000000000000 ) ) ;
#3921 = DIRECTION ( 'NONE',  ( 1.000000000000000000, -1.219727444046192488E-16, 0.000000000000000000 ) ) ;
#3922 = LINE ( 'NONE', #19, #2736 ) ;
#3923 = CARTESIAN_POINT ( 'NONE',  ( -0.0002154568739821999441, -26.86110827738353635, -6.684055259483403511 ) ) ;
#3924 = CARTESIAN_POINT ( 'NONE',  ( -6.109507299056266660, -41.79916675693359451, 8.265944740516442124 ) ) ;
#3925 = ORIENTED_EDGE ( 'NONE', *, *, #4942, .F. ) ;
#3926 = CARTESIAN_POINT ( 'NONE',  ( -6.918869428830192625, -28.80698898581411882, -8.518686477337741536 ) ) ;
#3927 = LINE ( 'NONE', #405, #899 ) ;
#3928 = ORIENTED_EDGE ( 'NONE', *, *, #3347, .F. ) ;
#3929 = ADVANCED_FACE ( 'NONE', ( #2965 ), #3051, .T. ) ;
#3930 = VERTEX_POINT ( 'NONE', #3817 ) ;
#3931 = EDGE_CURVE ( 'NONE', #2461, #97, #3382, .T. ) ;
#3932 = AXIS2_PLACEMENT_3D ( 'NONE', #1308, #1670, #2471 ) ;
#3933 = FACE_OUTER_BOUND ( 'NONE', #3478, .T. ) ;
#3934 = VECTOR ( 'NONE', #1015, 1000.000000000000000 ) ;
#3935 = CIRCLE ( 'NONE', #4840, 0.5200000000000013500 ) ;
#3936 = ORIENTED_EDGE ( 'NONE', *, *, #4721, .T. ) ;
#3937 = EDGE_CURVE ( 'NONE', #238, #3087, #240, .T. ) ;
#3938 = DIRECTION ( 'NONE',  ( 0.000000000000000000, 0.000000000000000000, -1.000000000000000000 ) ) ;
#3939 = ORIENTED_EDGE ( 'NONE', *, *, #345, .T. ) ;
#3940 = DIRECTION ( 'NONE',  ( 0.000000000000000000, 1.000000000000000000, 0.000000000000000000 ) ) ;
#3941 = VECTOR ( 'NONE', #611, 1000.000000000000000 ) ;
#3942 = VECTOR ( 'NONE', #2400, 1000.000000000000000 ) ;
#3943 = VECTOR ( 'NONE', #576, 1000.000000000000000 ) ;
#3944 = CYLINDRICAL_SURFACE ( 'NONE', #2507, 3.999999999999998224 ) ;
#3945 = DIRECTION ( 'NONE',  ( -0.000000000000000000, -0.000000000000000000, 1.000000000000000000 ) ) ;
#3946 = DIRECTION ( 'NONE',  ( -1.224646799147359370E-16, -0.000000000000000000, 1.000000000000000000 ) ) ;
#3947 = CARTESIAN_POINT ( 'NONE',  ( 7.149784543126032510, -40.92537143330197580, 8.225159797092567615 ) ) ;
#3948 = EDGE_CURVE ( 'NONE', #2644, #3721, #4948, .T. ) ;
#3949 = DIRECTION ( 'NONE',  ( 0.000000000000000000, 0.000000000000000000, -1.000000000000000000 ) ) ;
#3950 = CARTESIAN_POINT ( 'NONE',  ( 6.023322417162247255, -38.89845135369776585, 8.265944740516612654 ) ) ;
#3951 = LINE ( 'NONE', #2620, #3130 ) ;
#3952 = ORIENTED_EDGE ( 'NONE', *, *, #2951, .F. ) ;
#3953 = CARTESIAN_POINT ( 'NONE',  ( -9.197635430882064256, -32.90296042855486292, -2.819337273858258719 ) ) ;
#3954 = ORIENTED_EDGE ( 'NONE', *, *, #4482, .F. ) ;
#3955 = ORIENTED_EDGE ( 'NONE', *, *, #1571, .F. ) ;
#3956 = EDGE_CURVE ( 'NONE', #723, #992, #2388, .T. ) ;
#3957 = ORIENTED_EDGE ( 'NONE', *, *, #381, .F. ) ;
#3958 = EDGE_LOOP ( 'NONE', ( #3747, #3195, #4325, #1343 ) ) ;
#3959 = DIRECTION ( 'NONE',  ( 0.000000000000000000, 0.000000000000000000, 1.000000000000000000 ) ) ;
#3960 = EDGE_LOOP ( 'NONE', ( #3726, #181, #3776, #1421 ) ) ;
#3961 = DIRECTION ( 'NONE',  ( 0.000000000000000000, 0.000000000000000000, 1.000000000000000000 ) ) ;
#3962 = ORIENTED_EDGE ( 'NONE', *, *, #352, .T. ) ;
#3963 = CYLINDRICAL_SURFACE ( 'NONE', #1786, 0.5200000000000000178 ) ;
#3964 = ADVANCED_FACE ( 'NONE', ( #2298 ), #3077, .T. ) ;
#3965 = EDGE_CURVE ( 'NONE', #2589, #3600, #1939, .T. ) ;
#3966 = DIRECTION ( 'NONE',  ( 0.000000000000000000, 1.000000000000000000, 0.000000000000000000 ) ) ;
#3967 = CARTESIAN_POINT ( 'NONE',  ( -6.608926729941864586, -2.279166756933607818, 9.567244740516594348 ) ) ;
#3968 = PLANE ( 'NONE',  #794 ) ;
#3969 = FACE_OUTER_BOUND ( 'NONE', #248, .T. ) ;
#3970 = AXIS2_PLACEMENT_3D ( 'NONE', #1992, #3589, #373 ) ;
#3971 = EDGE_CURVE ( 'NONE', #1746, #4779, #981, .T. ) ;
#3972 = DIRECTION ( 'NONE',  ( -1.000000000000000000, 0.000000000000000000, -1.334402673828309691E-14 ) ) ;
#3973 = CARTESIAN_POINT ( 'NONE',  ( -3.250215456873989606, 9.759419503607835722, -7.334055259483403866 ) ) ;
#3974 = FACE_OUTER_BOUND ( 'NONE', #1375, .T. ) ;
#3975 = EDGE_LOOP ( 'NONE', ( #134, #304, #4401, #1481 ) ) ;
#3976 = CARTESIAN_POINT ( 'NONE',  ( -7.529280618616182252, -28.88360915632456027, -8.222382252405898484 ) ) ;
#3977 = ORIENTED_EDGE ( 'NONE', *, *, #4066, .F. ) ;
#3978 = ORIENTED_EDGE ( 'NONE', *, *, #5032, .F. ) ;
#3979 = ORIENTED_EDGE ( 'NONE', *, *, #470, .T. ) ;
#3980 = EDGE_LOOP ( 'NONE', ( #1252, #2945, #2409, #2226, #2820, #3110, #1787, #229 ) ) ;
#3981 = CARTESIAN_POINT ( 'NONE',  ( -6.608926729941864586, -3.319166756933605633, 9.567244740516594348 ) ) ;
#3982 = VECTOR ( 'NONE', #4509, 1000.000000000000000 ) ;
#3983 = VERTEX_POINT ( 'NONE', #3947 ) ;
#3984 = EDGE_CURVE ( 'NONE', #1342, #554, #2402, .T. ) ;
#3985 = CARTESIAN_POINT ( 'NONE',  ( -6.876168419277810528, 0.6215486463022551478, 6.965944740516595068 ) ) ;
#3986 = ORIENTED_EDGE ( 'NONE', *, *, #5016, .T. ) ;
#3987 = VECTOR ( 'NONE', #3461, 1000.000000000000000 ) ;
#3988 = CARTESIAN_POINT ( 'NONE',  ( -3.250215456873989606, 41.83074801992434999, -0.1840552594834048428 ) ) ;
#3989 = ADVANCED_FACE ( 'NONE', ( #2376 ), #2012, .F. ) ;
#3990 = CARTESIAN_POINT ( 'NONE',  ( -0.0002154568739887398245, 37.93074801992433720, -7.334055259483403866 ) ) ;
#3991 = ORIENTED_EDGE ( 'NONE', *, *, #1567, .F. ) ;
#3992 = AXIS2_PLACEMENT_3D ( 'NONE', #4011, #2415, #3914 ) ;
#3993 = DIRECTION ( 'NONE',  ( -1.000000000000000000, -1.927470528863118950E-15, 3.154042683594197093E-16 ) ) ;
#3994 = DIRECTION ( 'NONE',  ( -0.000000000000000000, 1.000000000000000000, -0.000000000000000000 ) ) ;
#3995 = DIRECTION ( 'NONE',  ( -1.000000000000000000, 0.000000000000000000, 0.000000000000000000 ) ) ;
#3996 = DIRECTION ( 'NONE',  ( -1.224646799147359370E-16, -0.000000000000000000, 1.000000000000000000 ) ) ;
#3997 = VECTOR ( 'NONE', #1476, 1000.000000000000000 ) ;
#3998 = CARTESIAN_POINT ( 'NONE',  ( -6.608926729941864586, -2.799166756933606504, 9.567244740516594348 ) ) ;
#3999 = CARTESIAN_POINT ( 'NONE',  ( -10.40021545687399041, 2.830748019924340664, -0.1840552594834037048 ) ) ;
#4000 = DIRECTION ( 'NONE',  ( -1.000000000000000000, 8.685126052486212342E-17, 0.000000000000000000 ) ) ;
#4001 = DIRECTION ( 'NONE',  ( -1.000000000000000000, -0.000000000000000000, -0.000000000000000000 ) ) ;
#4002 = CARTESIAN_POINT ( 'NONE',  ( -7.800215456873957010, 1.170515403646042785, 8.915944740516639655 ) ) ;
#4003 = ORIENTED_EDGE ( 'NONE', *, *, #1592, .T. ) ;
#4004 = CIRCLE ( 'NONE', #4909, 3.999999999999998224 ) ;
#4005 = ORIENTED_EDGE ( 'NONE', *, *, #5073, .F. ) ;
#4006 = LINE ( 'NONE', #4081, #3352 ) ;
#4007 = VERTEX_POINT ( 'NONE', #4309 ) ;
#4008 = FACE_OUTER_BOUND ( 'NONE', #2436, .T. ) ;
#4009 = VERTEX_POINT ( 'NONE', #1989 ) ;
#4010 = AXIS2_PLACEMENT_3D ( 'NONE', #354, #4239, #2545 ) ;
#4011 = CARTESIAN_POINT ( 'NONE',  ( -2.470215456873968041, -37.30948459635396119, -9.935355259483404922 ) ) ;
#4012 = ORIENTED_EDGE ( 'NONE', *, *, #2724, .F. ) ;
#4013 = AXIS2_PLACEMENT_3D ( 'NONE', #1422, #4518, #2557 ) ;
#4014 = FACE_OUTER_BOUND ( 'NONE', #2358, .T. ) ;
#4015 = AXIS2_PLACEMENT_3D ( 'NONE', #1807, #5025, #1118 ) ;
#4016 = EDGE_CURVE ( 'NONE', #1502, #4031, #1552, .T. ) ;
#4017 = DIRECTION ( 'NONE',  ( -1.000000000000000000, -3.469446951953614189E-16, -0.000000000000000000 ) ) ;
#4018 = ORIENTED_EDGE ( 'NONE', *, *, #940, .F. ) ;
#4019 = DIRECTION ( 'NONE',  ( -0.000000000000000000, -0.000000000000000000, -1.000000000000000000 ) ) ;
#4020 = CARTESIAN_POINT ( 'NONE',  ( -0.0002154568739887398245, -67.37055198007574575, -7.334055259483403866 ) ) ;
#4021 = LINE ( 'NONE', #4822, #59 ) ;
#4022 = ADVANCED_FACE ( 'NONE', ( #3969 ), #3871, .T. ) ;
#4023 = EDGE_CURVE ( 'NONE', #4292, #844, #4851, .T. ) ;
#4024 = VECTOR ( 'NONE', #4413, 1000.000000000000000 ) ;
#4025 = CIRCLE ( 'NONE', #4187, 3.999999999999998224 ) ;
#4026 = LINE ( 'NONE', #171, #1114 ) ;
#4027 = DIRECTION ( 'NONE',  ( -0.000000000000000000, 1.000000000000000000, -0.000000000000000000 ) ) ;
#4028 = LINE ( 'NONE', #2089, #250 ) ;
#4029 = CARTESIAN_POINT ( 'NONE',  ( -0.0002154568739887398245, -0.4184513536977433334, 9.567244740516594348 ) ) ;
#4031 = VERTEX_POINT ( 'NONE', #4361 ) ;
#4030 = CARTESIAN_POINT ( 'NONE',  ( -7.800215456873988096, -1.925371433301986901, 8.875159797092589287 ) ) ;
#4032 = ADVANCED_FACE ( 'NONE', ( #5072 ), #39, .T. ) ;
#4033 = ORIENTED_EDGE ( 'NONE', *, *, #1835, .F. ) ;
#4034 = EDGE_CURVE ( 'NONE', #4177, #1400, #829, .T. ) ;
#4035 = ORIENTED_EDGE ( 'NONE', *, *, #3459, .F. ) ;
#4036 = CARTESIAN_POINT ( 'NONE',  ( 2.469784543126031462, -39.88537143330199086, 6.315944740516592049 ) ) ;
#4037 = ADVANCED_FACE ( 'NONE', ( #344 ), #3896, .F. ) ;
#4038 = VERTEX_POINT ( 'NONE', #3132 ) ;
#4039 = CARTESIAN_POINT ( 'NONE',  ( 11.69978454312601102, -55.66925198007567133, -2.134055259483403244 ) ) ;
#4040 = ORIENTED_EDGE ( 'NONE', *, *, #3240, .T. ) ;
#4041 = CARTESIAN_POINT ( 'NONE',  ( 3.249784543126012171, 41.83074801992434999, -7.334055259483403866 ) ) ;
#4042 = EDGE_CURVE ( 'NONE', #1480, #1920, #2735, .T. ) ;
#4043 = DIRECTION ( 'NONE',  ( -0.000000000000000000, -1.000000000000000000, 0.000000000000000000 ) ) ;
#4044 = LINE ( 'NONE', #1698, #3831 ) ;
#4045 = ORIENTED_EDGE ( 'NONE', *, *, #2371, .F. ) ;
#4046 = CARTESIAN_POINT ( 'NONE',  ( 7.149784543126032510, -37.82948459635397143, 6.315944740516609812 ) ) ;
#4047 = DIRECTION ( 'NONE',  ( 0.000000000000000000, 0.000000000000000000, 1.000000000000000000 ) ) ;
#4048 = AXIS2_PLACEMENT_3D ( 'NONE', #3877, #350, #1123 ) ;
#4049 = AXIS2_PLACEMENT_3D ( 'NONE', #3716, #4097, #4946 ) ;
#4050 = CARTESIAN_POINT ( 'NONE',  ( -0.0002154568739821999441, -6.269251980075659425, -6.684055259483403511 ) ) ;
#4051 = CARTESIAN_POINT ( 'NONE',  ( -9.279942485770733995, 7.670565987994965695, -4.058149285906435644 ) ) ;
#4052 = LINE ( 'NONE', #293, #3368 ) ;
#4053 = DIRECTION ( 'NONE',  ( -1.000000000000000000, -2.668805347656619381E-14, -1.334402673828309691E-14 ) ) ;
#4054 = AXIS2_PLACEMENT_3D ( 'NONE', #1603, #2302, #5052 ) ;
#4055 = DIRECTION ( 'NONE',  ( 1.000000000000000000, 0.000000000000000000, 0.000000000000000000 ) ) ;
#4056 = ORIENTED_EDGE ( 'NONE', *, *, #3931, .F. ) ;
#4057 = ORIENTED_EDGE ( 'NONE', *, *, #1224, .T. ) ;
#4058 = LINE ( 'NONE', #2537, #3477 ) ;
#4059 = VECTOR ( 'NONE', #935, 1000.000000000000000 ) ;
#4060 = CIRCLE ( 'NONE', #4133, 6.500000000000000888 ) ;
#4061 = ORIENTED_EDGE ( 'NONE', *, *, #4163, .T. ) ;
#4062 = DIRECTION ( 'NONE',  ( 4.270088556250601108E-14, 0.000000000000000000, 1.000000000000000000 ) ) ;
#4063 = ORIENTED_EDGE ( 'NONE', *, *, #4243, .F. ) ;
#4064 = CARTESIAN_POINT ( 'NONE',  ( -11.70021545687398756, -55.66925198007567133, -8.634055259483403688 ) ) ;
#4065 = DIRECTION ( 'NONE',  ( 0.000000000000000000, 1.000000000000000000, 0.000000000000000000 ) ) ;
#4066 = EDGE_CURVE ( 'NONE', #844, #723, #1600, .T. ) ;
#4067 = CIRCLE ( 'NONE', #4478, 5.200000000000001066 ) ;
#4068 = CARTESIAN_POINT ( 'NONE',  ( -12.76678296665725121, 5.970923899513978839, -2.319108240638735996 ) ) ;
#4069 = VERTEX_POINT ( 'NONE', #4698 ) ;
#4070 = DIRECTION ( 'NONE',  ( -1.000000000000000000, 0.000000000000000000, 0.000000000000000000 ) ) ;
#4071 = LINE ( 'NONE', #4141, #797 ) ;
#4072 = VECTOR ( 'NONE', #4395, 1000.000000000000000 ) ;
#4073 = CARTESIAN_POINT ( 'NONE',  ( 2.599784543126012260, -1.405371433301987327, 9.567244740516594348 ) ) ;
#4074 = CARTESIAN_POINT ( 'NONE',  ( -12.35021545687398792, -36.16925198007566422, -9.284055259483404043 ) ) ;
#4075 = LINE ( 'NONE', #2065, #4355 ) ;
#4076 = FACE_OUTER_BOUND ( 'NONE', #3829, .T. ) ;
#4078 = ORIENTED_EDGE ( 'NONE', *, *, #3397, .T. ) ;
#4077 = CARTESIAN_POINT ( 'NONE',  ( -11.70021545687398756, -42.66925198007565712, -8.634055259483403688 ) ) ;
#4079 = VERTEX_POINT ( 'NONE', #4672 ) ;
#4080 = VERTEX_POINT ( 'NONE', #17 ) ;
#4081 = CARTESIAN_POINT ( 'NONE',  ( -9.750215456873965181, -36.16925198007566422, 3.715944740516637257 ) ) ;
#4082 = AXIS2_PLACEMENT_3D ( 'NONE', #1417, #2990, #4972 ) ;
#4083 = CARTESIAN_POINT ( 'NONE',  ( 12.15899766617622291, 7.747026386893253402, -4.157054262969368530 ) ) ;
#4084 = ORIENTED_EDGE ( 'NONE', *, *, #2934, .F. ) ;
#4085 = PLANE ( 'NONE',  #2563 ) ;
#4086 = AXIS2_PLACEMENT_3D ( 'NONE', #3507, #4279, #1883 ) ;
#4087 = EDGE_CURVE ( 'NONE', #2050, #3620, #573, .T. ) ;
#4088 = ORIENTED_EDGE ( 'NONE', *, *, #3744, .F. ) ;
#4089 = CARTESIAN_POINT ( 'NONE',  ( 9.579807311574468187, -35.66824788722350803, -1.663707543813198297 ) ) ;
#4090 = DIRECTION ( 'NONE',  ( 0.000000000000000000, 1.000000000000000000, 0.000000000000000000 ) ) ;
#4091 = ADVANCED_FACE ( 'NONE', ( #2786, #1624, #4769 ), #1165, .F. ) ;
#4092 = EDGE_CURVE ( 'NONE', #4415, #3317, #1483, .T. ) ;
#4093 = CARTESIAN_POINT ( 'NONE',  ( -6.955930992106709176, 10.50964776423080771, -9.210373414650518953 ) ) ;
#4094 = VERTEX_POINT ( 'NONE', #2036 ) ;
#4095 = CARTESIAN_POINT ( 'NONE',  ( -2.470215456873968041, -36.78948459635396517, -9.935355259483404922 ) ) ;
#4096 = CARTESIAN_POINT ( 'NONE',  ( 11.40699150700137565, -31.16971307383346357, -4.226609842833498831 ) ) ;
#4097 = DIRECTION ( 'NONE',  ( 0.000000000000000000, 1.000000000000000000, 0.000000000000000000 ) ) ;
#4098 = DIRECTION ( 'NONE',  ( 1.000000000000000000, -1.355252715606880543E-16, -3.469446951953614189E-15 ) ) ;
#4099 = DIRECTION ( 'NONE',  ( 1.000000000000000000, 0.000000000000000000, 0.000000000000000000 ) ) ;
#4101 = ORIENTED_EDGE ( 'NONE', *, *, #4439, .T. ) ;
#4100 = DIRECTION ( 'NONE',  ( -0.000000000000000000, -1.000000000000000000, -0.000000000000000000 ) ) ;
#4102 = EDGE_CURVE ( 'NONE', #4631, #3600, #3866, .T. ) ;
#4103 = ORIENTED_EDGE ( 'NONE', *, *, #2416, .F. ) ;
#4104 = ORIENTED_EDGE ( 'NONE', *, *, #496, .T. ) ;
#4105 = PLANE ( 'NONE',  #1545 ) ;
#4106 = AXIS2_PLACEMENT_3D ( 'NONE', #4217, #4726, #1046 ) ;
#4107 = FACE_OUTER_BOUND ( 'NONE', #4775, .T. ) ;
#4108 = EDGE_LOOP ( 'NONE', ( #4684, #3629, #694, #3625 ) ) ;
#4109 = CARTESIAN_POINT ( 'NONE',  ( -7.800215456873957010, 2.830748019924340664, 8.915944740516639655 ) ) ;
#4110 = ADVANCED_FACE ( 'NONE', ( #91 ), #4406, .T. ) ;
#4111 = ORIENTED_EDGE ( 'NONE', *, *, #3676, .F. ) ;
#4112 = CARTESIAN_POINT ( 'NONE',  ( 9.099784543126011371, -42.66925198007565712, -2.134055259483403688 ) ) ;
#4113 = CARTESIAN_POINT ( 'NONE',  ( 13.00108454312600692, 2.830748019924340664, -0.1840552594834037048 ) ) ;
#4114 = DIRECTION ( 'NONE',  ( -0.000000000000000000, -1.000000000000000000, -0.000000000000000000 ) ) ;
#4115 = EDGE_LOOP ( 'NONE', ( #1930, #4762, #2447, #625 ) ) ;
#4116 = EDGE_CURVE ( 'NONE', #2681, #1204, #3611, .T. ) ;
#4117 = CARTESIAN_POINT ( 'NONE',  ( -0.0002154568739821999441, -67.37055198007574575, -3.434055259483403511 ) ) ;
#4118 = LINE ( 'NONE', #2183, #3679 ) ;
#4119 = EDGE_CURVE ( 'NONE', #3242, #4857, #3025, .T. ) ;
#4120 = LINE ( 'NONE', #1830, #212 ) ;
#4121 = AXIS2_PLACEMENT_3D ( 'NONE', #3518, #327, #1897 ) ;
#4122 = CARTESIAN_POINT ( 'NONE',  ( 0.002183553277065063570, -58.32210129024644374, -6.034055259483404043 ) ) ;
#4123 = DIRECTION ( 'NONE',  ( -1.224646799147359370E-16, -0.000000000000000000, 1.000000000000000000 ) ) ;
#4124 = CARTESIAN_POINT ( 'NONE',  ( -3.440310167103199479, -47.04065331551598206, 0.5000000000000004441 ) ) ;
#4125 = DIRECTION ( 'NONE',  ( 1.000000000000000000, 0.000000000000000000, 1.112002228190254296E-16 ) ) ;
#4126 = VERTEX_POINT ( 'NONE', #2641 ) ;
#4127 = VERTEX_POINT ( 'NONE', #4546 ) ;
#4128 = CARTESIAN_POINT ( 'NONE',  ( 10.34372468192950478, 4.831141163210085132, -1.362787304239418518 ) ) ;
#4129 = CARTESIAN_POINT ( 'NONE',  ( 7.318609407432708380, 10.45767572861858064, -9.052459406898993421 ) ) ;
#4130 = ORIENTED_EDGE ( 'NONE', *, *, #3159, .T. ) ;
#4131 = ORIENTED_EDGE ( 'NONE', *, *, #2582, .T. ) ;
#4132 = ORIENTED_EDGE ( 'NONE', *, *, #4368, .T. ) ;
#4133 = AXIS2_PLACEMENT_3D ( 'NONE', #3143, #2391, #3959 ) ;
#4134 = CARTESIAN_POINT ( 'NONE',  ( 8.736551923365622585, -31.76002812505594619, -3.674134223501253960 ) ) ;
#4135 = DIRECTION ( 'NONE',  ( 1.219727444046192488E-16, 1.000000000000000000, -0.000000000000000000 ) ) ;
#4136 = DIRECTION ( 'NONE',  ( -1.000000000000000000, 0.000000000000000000, -1.387778780781427690E-14 ) ) ;
#4137 = VECTOR ( 'NONE', #1064, 1000.000000000000000 ) ;
#4138 = CARTESIAN_POINT ( 'NONE',  ( -9.750215456873954523, -36.16925198007566422, 3.715944740516637701 ) ) ;
#4139 = ORIENTED_EDGE ( 'NONE', *, *, #658, .T. ) ;
#4140 = CARTESIAN_POINT ( 'NONE',  ( 13.00108454312607442, 2.830748019924340664, 8.915944740516568601 ) ) ;
#4141 = CARTESIAN_POINT ( 'NONE',  ( -5.200215456873987563, 41.83204801992434341, -6.034055259483403155 ) ) ;
#4142 = ADVANCED_FACE ( 'NONE', ( #4574 ), #2610, .F. ) ;
#4143 = EDGE_CURVE ( 'NONE', #5056, #4007, #4523, .T. ) ;
#4144 = VECTOR ( 'NONE', #4791, 1000.000000000000000 ) ;
#4145 = CARTESIAN_POINT ( 'NONE',  ( 9.202389452908594336, -29.28160958557015192, -7.075189846731114507 ) ) ;
#4146 = CARTESIAN_POINT ( 'NONE',  ( 7.149784543126013858, -3.669251980075659780, 3.715944740516587963 ) ) ;
#4147 = LINE ( 'NONE', #3381, #1860 ) ;
#4148 = VECTOR ( 'NONE', #2710, 1000.000000000000000 ) ;
#4149 = DIRECTION ( 'NONE',  ( -1.000000000000000000, -1.084202172485504557E-16, 3.469446951953614189E-15 ) ) ;
#4150 = DIRECTION ( 'NONE',  ( -1.000000000000000000, -0.000000000000000000, -1.387778780781427690E-14 ) ) ;
#4151 = ORIENTED_EDGE ( 'NONE', *, *, #12, .T. ) ;
#4152 = EDGE_CURVE ( 'NONE', #2589, #2333, #2787, .T. ) ;
#4153 = EDGE_LOOP ( 'NONE', ( #32, #768, #3839, #2228, #4394, #3030, #2387, #3420, #4658, #2746, #1092, #1014, #796, #2823 ) ) ;
#4154 = CARTESIAN_POINT ( 'NONE',  ( 1.949784543126017677, -6.269251980075658537, -6.684055259483403511 ) ) ;
#4155 = DIRECTION ( 'NONE',  ( 0.000000000000000000, 0.000000000000000000, 1.000000000000000000 ) ) ;
#4156 = CARTESIAN_POINT ( 'NONE',  ( 6.373846951991574805, -2.799166756933607836, 6.965944740516595068 ) ) ;
#4157 = ORIENTED_EDGE ( 'NONE', *, *, #35, .T. ) ;
#4158 = ORIENTED_EDGE ( 'NONE', *, *, #345, .F. ) ;
#4159 = ORIENTED_EDGE ( 'NONE', *, *, #2757, .T. ) ;
#4160 = PRESENTATION_LAYER_ASSIGNMENT (  '', '', ( #3511 ) ) ;
#4161 = DIRECTION ( 'NONE',  ( 0.000000000000000000, -0.000000000000000000, 1.000000000000000000 ) ) ;
#4162 = DIRECTION ( 'NONE',  ( -0.000000000000000000, -0.000000000000000000, 1.000000000000000000 ) ) ;
#4163 = EDGE_CURVE ( 'NONE', #633, #4292, #4956, .T. ) ;
#4164 = FACE_OUTER_BOUND ( 'NONE', #2843, .T. ) ;
#4165 = ORIENTED_EDGE ( 'NONE', *, *, #1349, .F. ) ;
#4166 =( LENGTH_UNIT ( ) NAMED_UNIT ( * ) SI_UNIT ( .MILLI., .METRE. ) );
#4167 = LINE ( 'NONE', #3432, #4986 ) ;
#4168 = VECTOR ( 'NONE', #426, 1000.000000000000000 ) ;
#4169 = DIRECTION ( 'NONE',  ( -0.000000000000000000, -1.000000000000000000, -0.000000000000000000 ) ) ;
#4170 = VECTOR ( 'NONE', #372, 1000.000000000000000 ) ;
#4171 = DIRECTION ( 'NONE',  ( 0.000000000000000000, 0.000000000000000000, -1.000000000000000000 ) ) ;
#4172 = CARTESIAN_POINT ( 'NONE',  ( 3.999999999999998224, -45.00000000000000711, 0.5000000000000004441 ) ) ;
#4173 = DIRECTION ( 'NONE',  ( -0.000000000000000000, 0.000000000000000000, -1.000000000000000000 ) ) ;
#4174 = DIRECTION ( 'NONE',  ( 0.000000000000000000, -1.000000000000000000, 0.000000000000000000 ) ) ;
#4175 = AXIS2_PLACEMENT_3D ( 'NONE', #910, #4899, #3693 ) ;
#4176 = ORIENTED_EDGE ( 'NONE', *, *, #2423, .F. ) ;
#4177 = VERTEX_POINT ( 'NONE', #1070 ) ;
#4178 = CARTESIAN_POINT ( 'NONE',  ( -0.0002154568739895456307, -0.8853714333019864213, 6.965944740516595068 ) ) ;
#4179 = DIRECTION ( 'NONE',  ( 0.000000000000000000, 0.000000000000000000, 1.000000000000000000 ) ) ;
#4180 = CARTESIAN_POINT ( 'NONE',  ( 7.989634055594890150, 10.33846080919287225, -8.712698439816779938 ) ) ;
#4181 = EDGE_CURVE ( 'NONE', #1700, #4982, #980, .T. ) ;
#4182 = ORIENTED_EDGE ( 'NONE', *, *, #4724, .T. ) ;
#4183 = ADVANCED_FACE ( 'NONE', ( #659 ), #1869, .T. ) ;
#4184 = VERTEX_POINT ( 'NONE', #3361 ) ;
#4185 = CIRCLE ( 'NONE', #2623, 2.428357573436369599 ) ;
#4186 = VECTOR ( 'NONE', #2010, 1000.000000000000000 ) ;
#4187 = AXIS2_PLACEMENT_3D ( 'NONE', #2971, #4155, #3773 ) ;
#4188 = VERTEX_POINT ( 'NONE', #2224 ) ;
#4189 = ADVANCED_FACE ( 'NONE', ( #4652 ), #4980, .F. ) ;
#4190 = CLOSED_SHELL ( 'NONE', ( #1208, #4932, #2956, #3689, #4022, #3246, #1323 ) ) ;
#4191 = AXIS2_PLACEMENT_3D ( 'NONE', #1214, #782, #1236 ) ;
#4192 = DIRECTION ( 'NONE',  ( 3.469446951953614189E-15, -0.000000000000000000, 1.000000000000000000 ) ) ;
#4193 = CARTESIAN_POINT ( 'NONE',  ( 2.599784543126012260, 1.690515403646043024, 8.915944740516602351 ) ) ;
#4194 = CARTESIAN_POINT ( 'NONE',  ( 2.599784543126012260, 1.690515403646043024, 8.915944740516602351 ) ) ;
#4195 = LINE ( 'NONE', #4275, #4977 ) ;
#4196 = ORIENTED_EDGE ( 'NONE', *, *, #1953, .T. ) ;
#4197 = EDGE_CURVE ( 'NONE', #4857, #151, #2296, .T. ) ;
#4198 = DIRECTION ( 'NONE',  ( -1.000000000000000000, 0.000000000000000000, -1.387778780781427690E-14 ) ) ;
#4199 = CARTESIAN_POINT ( 'NONE',  ( -2.470215456874004456, -40.40537143330197978, 6.315944740516594713 ) ) ;
#4200 = DIRECTION ( 'NONE',  ( 0.000000000000000000, 0.000000000000000000, 1.000000000000000000 ) ) ;
#4201 = LINE ( 'NONE', #3435, #1305 ) ;
#4202 = FACE_OUTER_BOUND ( 'NONE', #5039, .T. ) ;
#4203 = FACE_OUTER_BOUND ( 'NONE', #296, .T. ) ;
#4204 = CARTESIAN_POINT ( 'NONE',  ( -2.470215456874004456, -39.88537143330199086, 6.315944740516595601 ) ) ;
#4205 = ORIENTED_EDGE ( 'NONE', *, *, #2994, .T. ) ;
#4206 = ORIENTED_EDGE ( 'NONE', *, *, #567, .F. ) ;
#4207 = DIRECTION ( 'NONE',  ( 0.000000000000000000, 0.000000000000000000, 1.000000000000000000 ) ) ;
#4208 = PRODUCT ( 'finger_prototype_v1_scaled', 'finger_prototype_v1_scaled', '', ( #4254 ) ) ;
#4209 = LINE ( 'NONE', #1122, #1802 ) ;
#4210 = CARTESIAN_POINT ( 'NONE',  ( 7.799784543126011549, -3.669251980075659780, 6.965944740516595068 ) ) ;
#4211 = ORIENTED_EDGE ( 'NONE', *, *, #4995, .T. ) ;
#4212 = ORIENTED_EDGE ( 'NONE', *, *, #2656, .F. ) ;
#4213 = ORIENTED_EDGE ( 'NONE', *, *, #814, .T. ) ;
#4214 = VECTOR ( 'NONE', #2742, 1000.000000000000000 ) ;
#4215 = EDGE_CURVE ( 'NONE', #4715, #1636, #3797, .T. ) ;
#4216 = EDGE_LOOP ( 'NONE', ( #2019, #4683, #4686, #2414 ) ) ;
#4217 = CARTESIAN_POINT ( 'NONE',  ( -6.608926729941864586, -2.799166756933606504, 9.567244740516594348 ) ) ;
#4218 = DIRECTION ( 'NONE',  ( 0.000000000000000000, -1.000000000000000000, 0.000000000000000000 ) ) ;
#4219 = LINE ( 'NONE', #4912, #3941 ) ;
#4220 = AXIS2_PLACEMENT_3D ( 'NONE', #4701, #1628, #2788 ) ;
#4221 = ORIENTED_EDGE ( 'NONE', *, *, #281, .F. ) ;
#4222 = LINE ( 'NONE', #1880, #1355 ) ;
#4223 = ORIENTED_EDGE ( 'NONE', *, *, #1825, .F. ) ;
#4224 = EDGE_CURVE ( 'NONE', #2119, #4608, #4209, .T. ) ;
#4225 = LINE ( 'NONE', #1827, #3982 ) ;
#4226 = DIRECTION ( 'NONE',  ( 0.000000000000000000, -0.000000000000000000, -1.000000000000000000 ) ) ;
#4227 = CARTESIAN_POINT ( 'NONE',  ( -13.00021545687399005, 2.830748019924340664, 9.565944740516595601 ) ) ;
#4228 = CYLINDRICAL_SURFACE ( 'NONE', #5065, 6.500000000000000888 ) ;
#4229 = DIRECTION ( 'NONE',  ( -0.000000000000000000, -0.000000000000000000, -1.000000000000000000 ) ) ;
#4230 = DIRECTION ( 'NONE',  ( -1.000000000000000000, 0.000000000000000000, -1.387778780781427690E-14 ) ) ;
#4231 = ORIENTED_EDGE ( 'NONE', *, *, #1703, .T. ) ;
#4232 = AXIS2_PLACEMENT_3D ( 'NONE', #2759, #800, #2373 ) ;
#4233 = ORIENTED_EDGE ( 'NONE', *, *, #1783, .F. ) ;
#4234 = CARTESIAN_POINT ( 'NONE',  ( 8.687459477193847590, 8.290022963560341296, -4.852728617622005913 ) ) ;
#4235 = AXIS2_PLACEMENT_3D ( 'NONE', #3814, #3379, #4970 ) ;
#4236 = DIRECTION ( 'NONE',  ( 0.000000000000000000, 0.000000000000000000, -1.000000000000000000 ) ) ;
#4237 = FACE_OUTER_BOUND ( 'NONE', #2706, .T. ) ;
#4238 = EDGE_LOOP ( 'NONE', ( #3549, #450, #363, #3775 ) ) ;
#4239 = DIRECTION ( 'NONE',  ( 0.000000000000000000, -1.000000000000000000, 0.000000000000000000 ) ) ;
#4240 = ORIENTED_EDGE ( 'NONE', *, *, #1811, .F. ) ;
#4241 = EDGE_LOOP ( 'NONE', ( #5011, #4522, #1809, #3855 ) ) ;
#4242 = ORIENTED_EDGE ( 'NONE', *, *, #2080, .F. ) ;
#4243 = EDGE_CURVE ( 'NONE', #4542, #1133, #1896, .T. ) ;
#4244 = B_SPLINE_CURVE_WITH_KNOTS ( 'NONE', 3,
 ( #3319, #3493, #1899, #3472, #1354, #2695, #2179, #3755, #1508, #3085, #4269, #4503, #739, #2305, #1532, #4476, #949, #974, #3953, #4752, #475, #1174, #2745, #3569 ),
 .UNSPECIFIED., .F., .F.,
 ( 4, 2, 2, 2, 2, 2, 2, 2, 2, 2, 2, 4 ),
 ( 8.673617379884035472E-19, 0.001510084694010200733, 0.002265127041015300557, 0.003020169388020400164, 0.003775211735025499338, 0.004530254082030599379, 0.005285296429035699420, 0.006040338776040800328, 0.007550423470051009084, 0.009060508164061217840, 0.01057059285807142313, 0.01208067755208163188 ),
 .UNSPECIFIED. ) ;
#4245 = CARTESIAN_POINT ( 'NONE',  ( 2.469784543126031462, -40.92537143330197580, -9.935355259483404922 ) ) ;
#4246 = DIRECTION ( 'NONE',  ( -0.000000000000000000, -1.000000000000000000, -0.000000000000000000 ) ) ;
#4247 = CARTESIAN_POINT ( 'NONE',  ( 12.99978454312601173, 2.830748019924340664, 9.565944740516595601 ) ) ;
#4248 = EDGE_LOOP ( 'NONE', ( #3936, #5008, #3473, #3140 ) ) ;
#4249 = CARTESIAN_POINT ( 'NONE',  ( -13.00021545687399005, 2.830748019924340664, -0.1840552594834037048 ) ) ;
#4250 = VECTOR ( 'NONE', #393, 1000.000000000000000 ) ;
#4251 = ORIENTED_EDGE ( 'NONE', *, *, #3291, .F. ) ;
#4252 = CYLINDRICAL_SURFACE ( 'NONE', #2534, 1.950000000000000400 ) ;
#4253 = EDGE_CURVE ( 'NONE', #5075, #3861, #301, .T. ) ;
#4254 = PRODUCT_CONTEXT ( 'NONE', #2264, 'mechanical' ) ;
#4255 = EDGE_CURVE ( 'NONE', #1037, #2874, #1227, .T. ) ;
#4256 = LINE ( 'NONE', #1986, #4148 ) ;
#4257 = CARTESIAN_POINT ( 'NONE',  ( 3.982459901891388654, -45.37418328373568244, 0.000000000000000000 ) ) ;
#4258 = LINE ( 'NONE', #1144, #3101 ) ;
#4259 = DIRECTION ( 'NONE',  ( 0.000000000000000000, -0.000000000000000000, 1.000000000000000000 ) ) ;
#4260 = VECTOR ( 'NONE', #1382, 1000.000000000000000 ) ;
#4261 = ORIENTED_EDGE ( 'NONE', *, *, #3937, .T. ) ;
#4262 = CARTESIAN_POINT ( 'NONE',  ( 6.106605262655629751, -0.4184513536977433334, 8.915944740516591693 ) ) ;
#4263 = AXIS2_PLACEMENT_3D ( 'NONE', #4544, #4600, #4207 ) ;
#4264 = EDGE_CURVE ( 'NONE', #1688, #2366, #1306, .T. ) ;
#4265 = CARTESIAN_POINT ( 'NONE',  ( 3.249784543126012171, 41.83074801992434999, -7.334055259483403866 ) ) ;
#4266 = DIRECTION ( 'NONE',  ( -1.000000000000000000, 0.000000000000000000, 3.154042683594197093E-16 ) ) ;
#4267 = AXIS2_PLACEMENT_3D ( 'NONE', #2244, #1777, #4173 ) ;
#4268 = EDGE_LOOP ( 'NONE', ( #4517, #1924, #379, #4550 ) ) ;
#4269 = CARTESIAN_POINT ( 'NONE',  ( -7.169913153629604352, -30.22493254347356384, -5.374276164562894031 ) ) ;
#4270 = ORIENTED_EDGE ( 'NONE', *, *, #261, .T. ) ;
#4271 = ORIENTED_EDGE ( 'NONE', *, *, #1336, .T. ) ;
#4272 = ORIENTED_EDGE ( 'NONE', *, *, #1792, .F. ) ;
#4273 = CARTESIAN_POINT ( 'NONE',  ( 0.002183553277065063570, -55.66925198007567133, -2.305697686047035067 ) ) ;
#4274 = ORIENTED_EDGE ( 'NONE', *, *, #2199, .F. ) ;
#4275 = CARTESIAN_POINT ( 'NONE',  ( 5.199784543126010128, -55.66925198007567133, -8.634055259483403688 ) ) ;
#4276 = CIRCLE ( 'NONE', #2052, 0.5199999999999995737 ) ;
#4277 = ORIENTED_EDGE ( 'NONE', *, *, #4877, .T. ) ;
#4278 = DIRECTION ( 'NONE',  ( -1.000000000000000000, 0.000000000000000000, 3.469446951953614189E-15 ) ) ;
#4279 = DIRECTION ( 'NONE',  ( 0.000000000000000000, 0.000000000000000000, 1.000000000000000000 ) ) ;
#4280 = PLANE ( 'NONE',  #3581 ) ;
#4281 = LINE ( 'NONE', #1163, #1546 ) ;
#4282 = LINE ( 'NONE', #753, #2601 ) ;
#4283 = CARTESIAN_POINT ( 'NONE',  ( -0.0002154568740612227242, -55.66925198007567133, 5.665944740516613010 ) ) ;
#4284 = EDGE_CURVE ( 'NONE', #188, #4094, #3745, .T. ) ;
#4285 = EDGE_LOOP ( 'NONE', ( #1691, #3778, #1645 ) ) ;
#4286 = CARTESIAN_POINT ( 'NONE',  ( -7.800215456873988096, 41.83074801992434999, 4.365944740516595424 ) ) ;
#4287 = PLANE ( 'NONE',  #1096 ) ;
#4288 = LINE ( 'NONE', #3444, #675 ) ;
#4289 = EDGE_CURVE ( 'NONE', #1998, #4632, #4025, .T. ) ;
#4290 = ORIENTED_EDGE ( 'NONE', *, *, #556, .T. ) ;
#4291 = CARTESIAN_POINT ( 'NONE',  ( -12.06658033168630695, -33.57649655542869738, -2.445004700558167876 ) ) ;
#4292 = VERTEX_POINT ( 'NONE', #3005 ) ;
#4293 = ORIENTED_EDGE ( 'NONE', *, *, #521, .T. ) ;
#4294 = ORIENTED_EDGE ( 'NONE', *, *, #201, .T. ) ;
#4295 = CARTESIAN_POINT ( 'NONE',  ( 7.149784543126029845, -39.88537143330199086, 8.265944740516628642 ) ) ;
#4296 = VECTOR ( 'NONE', #1098, 1000.000000000000000 ) ;
#4297 = CIRCLE ( 'NONE', #2977, 5.200000000000001066 ) ;
#4298 = VERTEX_POINT ( 'NONE', #67 ) ;
#4299 = DIRECTION ( 'NONE',  ( -0.000000000000000000, -0.000000000000000000, -1.000000000000000000 ) ) ;
#4300 = ORIENTED_EDGE ( 'NONE', *, *, #4399, .F. ) ;
#4301 = AXIS2_PLACEMENT_3D ( 'NONE', #413, #386, #1956 ) ;
#4302 = LINE ( 'NONE', #776, #4508 ) ;
#4303 = AXIS2_PLACEMENT_3D ( 'NONE', #2114, #3671, #1241 ) ;
#4304 = AXIS2_PLACEMENT_3D ( 'NONE', #4758, #2309, #1928 ) ;
#4305 = LINE ( 'NONE', #366, #1935 ) ;
#4306 = FACE_OUTER_BOUND ( 'NONE', #4978, .T. ) ;
#4307 = CARTESIAN_POINT ( 'NONE',  ( -7.150215456873968201, -36.78948459635396517, -9.935355259483404922 ) ) ;
#4308 = EDGE_CURVE ( 'NONE', #3169, #1221, #650, .T. ) ;
#4309 = CARTESIAN_POINT ( 'NONE',  ( -1.950215456873990449, 13.65941950360783430, -7.334055259483403866 ) ) ;
#4310 = EDGE_CURVE ( 'NONE', #1450, #3828, #282, .T. ) ;
#4311 = LINE ( 'NONE', #2691, #4506 ) ;
#4312 = ADVANCED_FACE ( 'NONE', ( #809 ), #3158, .F. ) ;
#4313 = DIRECTION ( 'NONE',  ( 1.000000000000000000, 1.927470528863118950E-15, 1.387778780781427690E-14 ) ) ;
#4314 = DIRECTION ( 'NONE',  ( 0.000000000000000000, 0.000000000000000000, 1.000000000000000000 ) ) ;
#4315 = ORIENTED_EDGE ( 'NONE', *, *, #239, .T. ) ;
#4316 = CARTESIAN_POINT ( 'NONE',  ( -13.00021545687399005, 41.83074801992434999, -9.934055259483404399 ) ) ;
#4317 = VECTOR ( 'NONE', #3092, 1000.000000000000000 ) ;
#4318 = ORIENTED_EDGE ( 'NONE', *, *, #1286, .F. ) ;
#4319 = EDGE_LOOP ( 'NONE', ( #112, #1325, #1021, #902 ) ) ;
#4320 = ADVANCED_FACE ( 'NONE', ( #2382 ), #4987, .F. ) ;
#4321 = ORIENTED_EDGE ( 'NONE', *, *, #1569, .T. ) ;
#4322 = VECTOR ( 'NONE', #2424, 1000.000000000000000 ) ;
#4323 = DIRECTION ( 'NONE',  ( 3.469446951953614189E-15, -0.000000000000000000, 1.000000000000000000 ) ) ;
#4324 = AXIS2_PLACEMENT_3D ( 'NONE', #3504, #3008, #4991 ) ;
#4325 = ORIENTED_EDGE ( 'NONE', *, *, #619, .T. ) ;
#4326 = PLANE ( 'NONE',  #2433 ) ;
#4327 = ORIENTED_EDGE ( 'NONE', *, *, #40, .T. ) ;
#4328 = ADVANCED_FACE ( 'NONE', ( #2405 ), #833, .F. ) ;
#4329 = CARTESIAN_POINT ( 'NONE',  ( -7.150215456874085440, -42.66925198007565712, 8.265944740516429690 ) ) ;
#4330 = VECTOR ( 'NONE', #1702, 1000.000000000000000 ) ;
#4331 = FACE_OUTER_BOUND ( 'NONE', #787, .T. ) ;
#4332 = CARTESIAN_POINT ( 'NONE',  ( -7.150215456873968201, -42.66925198007565712, 6.315944740516597378 ) ) ;
#4333 = AXIS2_PLACEMENT_3D ( 'NONE', #4968, #3813, #263 ) ;
#4334 = LINE ( 'NONE', #3131, #4250 ) ;
#4335 = CARTESIAN_POINT ( 'NONE',  ( 5.199784543126008352, 41.83204801992434341, -6.034055259483403155 ) ) ;
#4336 = FACE_BOUND ( 'NONE', #2983, .T. ) ;
#4337 = LINE ( 'NONE', #881, #2561 ) ;
#4338 = DIRECTION ( 'NONE',  ( 0.000000000000000000, -1.000000000000000000, 0.000000000000000000 ) ) ;
#4339 = ORIENTED_EDGE ( 'NONE', *, *, #352, .F. ) ;
#4340 = CARTESIAN_POINT ( 'NONE',  ( -11.97385915117359012, -32.98014340250417575, -2.779863934218024468 ) ) ;
#4341 = ORIENTED_EDGE ( 'NONE', *, *, #3590, .T. ) ;
#4342 = VERTEX_POINT ( 'NONE', #3567 ) ;
#4343 = VERTEX_POINT ( 'NONE', #1460 ) ;
#4344 = VECTOR ( 'NONE', #4001, 1000.000000000000000 ) ;
#4345 = EDGE_CURVE ( 'NONE', #714, #742, #3951, .T. ) ;
#4346 = ORIENTED_EDGE ( 'NONE', *, *, #1905, .F. ) ;
#4347 = LINE ( 'NONE', #383, #4551 ) ;
#4348 = AXIS2_PLACEMENT_3D ( 'NONE', #4700, #490, #5076 ) ;
#4349 = AXIS2_PLACEMENT_3D ( 'NONE', #2658, #1886, #341 ) ;
#4350 = EDGE_CURVE ( 'NONE', #747, #1256, #411, .T. ) ;
#4351 = ORIENTED_EDGE ( 'NONE', *, *, #4563, .F. ) ;
#4352 = CARTESIAN_POINT ( 'NONE',  ( -0.0002154568739887398245, 2.830748019924340664, -0.1840552594834037048 ) ) ;
#4353 = ORIENTED_EDGE ( 'NONE', *, *, #3273, .T. ) ;
#4354 = DIRECTION ( 'NONE',  ( 0.000000000000000000, -1.000000000000000000, 0.000000000000000000 ) ) ;
#4355 = VECTOR ( 'NONE', #4489, 1000.000000000000000 ) ;
#4356 = EDGE_CURVE ( 'NONE', #5063, #1488, #424, .T. ) ;
#4357 = LINE ( 'NONE', #4695, #3172 ) ;
#4358 = CARTESIAN_POINT ( 'NONE',  ( -7.800215456873988096, -3.669251980075659780, 6.965944740516595068 ) ) ;
#4359 = VECTOR ( 'NONE', #2587, 1000.000000000000000 ) ;
#4360 = LINE ( 'NONE', #2318, #3180 ) ;
#4361 = CARTESIAN_POINT ( 'NONE',  ( -11.70021545687398756, -55.66925198007567133, -2.134055259483405464 ) ) ;
#4362 = CARTESIAN_POINT ( 'NONE',  ( 2.079784543126012242, -1.405371433301987327, 6.965944740516595068 ) ) ;
#4363 = CARTESIAN_POINT ( 'NONE',  ( -7.128926729941864160, -2.799166756933606504, 8.915944740516637879 ) ) ;
#4364 = CARTESIAN_POINT ( 'NONE',  ( -6.500215456874023801, -55.66925198007567133, 5.665944740516438038 ) ) ;
#4365 = ORIENTED_EDGE ( 'NONE', *, *, #2498, .T. ) ;
#4366 = DIRECTION ( 'NONE',  ( 0.000000000000000000, -0.000000000000000000, 1.000000000000000000 ) ) ;
#4367 = ORIENTED_EDGE ( 'NONE', *, *, #1537, .T. ) ;
#4368 = EDGE_CURVE ( 'NONE', #1616, #1527, #311, .T. ) ;
#4369 = ORIENTED_EDGE ( 'NONE', *, *, #2986, .F. ) ;
#4370 = ORIENTED_EDGE ( 'NONE', *, *, #2682, .T. ) ;
#4371 = ORIENTED_EDGE ( 'NONE', *, *, #470, .F. ) ;
#4372 = DIRECTION ( 'NONE',  ( -0.000000000000000000, -0.000000000000000000, -1.000000000000000000 ) ) ;
#4373 = ADVANCED_FACE ( 'NONE', ( #3974 ), #43, .F. ) ;
#4374 = VERTEX_POINT ( 'NONE', #446 ) ;
#4375 = DIRECTION ( 'NONE',  ( -0.000000000000000000, 1.000000000000000000, 0.000000000000000000 ) ) ;
#4376 = VERTEX_POINT ( 'NONE', #1848 ) ;
#4377 = AXIS2_PLACEMENT_3D ( 'NONE', #3902, #713, #762 ) ;
#4378 = CARTESIAN_POINT ( 'NONE',  ( -3.250215456873986497, -6.269251980075661201, -6.684055259483403511 ) ) ;
#4379 = DIRECTION ( 'NONE',  ( 0.000000000000000000, 0.000000000000000000, -1.000000000000000000 ) ) ;
#4380 = CYLINDRICAL_SURFACE ( 'NONE', #816, 0.5199999999999926903 ) ;
#4381 = CARTESIAN_POINT ( 'NONE',  ( -6.109507299056266660, -41.79916675693359451, -9.935355259483404922 ) ) ;
#4382 = CYLINDRICAL_SURFACE ( 'NONE', #3824, 0.5200000000000000178 ) ;
#4383 = DIRECTION ( 'NONE',  ( -1.000000000000000000, 0.000000000000000000, 0.000000000000000000 ) ) ;
#4384 = DIRECTION ( 'NONE',  ( 0.000000000000000000, 0.000000000000000000, 1.000000000000000000 ) ) ;
#4385 = CARTESIAN_POINT ( 'NONE',  ( -9.912906682394705626, -29.57710392143007994, -6.413497832893716222 ) ) ;
#4386 = AXIS2_PLACEMENT_3D ( 'NONE', #1778, #2164, #3792 ) ;
#4387 = CARTESIAN_POINT ( 'NONE',  ( -6.109507299056266660, -42.31916675693359053, 8.265944740516442124 ) ) ;
#4388 = ORIENTED_EDGE ( 'NONE', *, *, #761, .T. ) ;
#4389 = ORIENTED_EDGE ( 'NONE', *, *, #2724, .T. ) ;
#4390 = DIRECTION ( 'NONE',  ( -0.000000000000000000, -0.000000000000000000, -1.000000000000000000 ) ) ;
#4391 = ORIENTED_EDGE ( 'NONE', *, *, #4092, .T. ) ;
#4392 = CARTESIAN_POINT ( 'NONE',  ( -0.0002154568739821999441, -6.269251980075659425, -4.734055259483403333 ) ) ;
#4393 =( GEOMETRIC_REPRESENTATION_CONTEXT ( 3 ) GLOBAL_UNCERTAINTY_ASSIGNED_CONTEXT ( ( #1903 ) ) GLOBAL_UNIT_ASSIGNED_CONTEXT ( ( #4166, #2156, #4587 ) ) REPRESENTATION_CONTEXT ( 'NONE', 'WORKASPACE' ) );
#4394 = ORIENTED_EDGE ( 'NONE', *, *, #3159, .F. ) ;
#4395 = DIRECTION ( 'NONE',  ( -0.000000000000000000, -1.000000000000000000, -0.000000000000000000 ) ) ;
#4396 = EDGE_CURVE ( 'NONE', #2366, #1256, #1193, .T. ) ;
#4397 = VERTEX_POINT ( 'NONE', #1994 ) ;
#4398 = DIRECTION ( 'NONE',  ( -0.000000000000000000, -0.000000000000000000, -1.000000000000000000 ) ) ;
#4399 = EDGE_CURVE ( 'NONE', #4608, #1348, #2015, .T. ) ;
#4400 = CARTESIAN_POINT ( 'NONE',  ( -6.608926729941864586, -3.319166756933605633, 6.965944740516595068 ) ) ;
#4401 = ORIENTED_EDGE ( 'NONE', *, *, #1756, .T. ) ;
#4402 = EDGE_CURVE ( 'NONE', #2644, #1739, #1155, .T. ) ;
#4403 = EDGE_CURVE ( 'NONE', #4577, #1616, #1638, .T. ) ;
#4404 = CARTESIAN_POINT ( 'NONE',  ( -2.470215456873968041, -37.30948459635396119, -9.935355259483404922 ) ) ;
#4405 = CARTESIAN_POINT ( 'NONE',  ( 6.023322417162247255, -38.89845135369776585, 6.315944740516592049 ) ) ;
#4406 = CYLINDRICAL_SURFACE ( 'NONE', #3540, 3.250000000000000444 ) ;
#4407 = EDGE_CURVE ( 'NONE', #1455, #1973, #2790, .T. ) ;
#4408 = CIRCLE ( 'NONE', #2184, 0.5200000000000004619 ) ;
#4409 = DIRECTION ( 'NONE',  ( 0.000000000000000000, 0.000000000000000000, -1.000000000000000000 ) ) ;
#4410 = CARTESIAN_POINT ( 'NONE',  ( 7.799784543126011549, 41.83074801992434999, 4.365944740516595424 ) ) ;
#4411 = CARTESIAN_POINT ( 'NONE',  ( 7.799784543126011549, -1.925371433301987567, 9.567244740516594348 ) ) ;
#4412 = CARTESIAN_POINT ( 'NONE',  ( 7.799784543126011549, -0.8853714333019875316, 9.567244740516594348 ) ) ;
#4413 = DIRECTION ( 'NONE',  ( -0.000000000000000000, -1.000000000000000000, -0.000000000000000000 ) ) ;
#4414 = ORIENTED_EDGE ( 'NONE', *, *, #873, .F. ) ;
#4415 = VERTEX_POINT ( 'NONE', #4364 ) ;
#4416 = CARTESIAN_POINT ( 'NONE',  ( -0.0002154568739821999441, -26.86110827738353635, -6.684055259483403511 ) ) ;
#4417 = EDGE_CURVE ( 'NONE', #1735, #2896, #2379, .T. ) ;
#4418 = EDGE_LOOP ( 'NONE', ( #1160, #1815, #2728, #654 ) ) ;
#4419 = DIRECTION ( 'NONE',  ( 3.154042683594197093E-16, -0.000000000000000000, 1.000000000000000000 ) ) ;
#4420 = ORIENTED_EDGE ( 'NONE', *, *, #4459, .T. ) ;
#4421 = CIRCLE ( 'NONE', #2196, 0.5199999999999926903 ) ;
#4422 = DIRECTION ( 'NONE',  ( -0.000000000000000000, -1.000000000000000000, -0.000000000000000000 ) ) ;
#4423 = EDGE_LOOP ( 'NONE', ( #2328, #412, #2969, #3121, #2025, #688, #708, #414, #1166, #4862, #3113, #2968, #2901, #1997, #4507, #886, #1280, #580, #1534, #1947, #2389, #2167, #2797, #798 ) ) ;
#4424 = AXIS2_PLACEMENT_3D ( 'NONE', #4286, #3606, #3105 ) ;
#4425 = VECTOR ( 'NONE', #2216, 1000.000000000000000 ) ;
#4426 = EDGE_CURVE ( 'NONE', #5086, #3089, #4028, .T. ) ;
#4427 = DIRECTION ( 'NONE',  ( 0.000000000000000000, 0.000000000000000000, -1.000000000000000000 ) ) ;
#4428 = AXIS2_PLACEMENT_3D ( 'NONE', #4647, #245, #1009 ) ;
#4429 = CARTESIAN_POINT ( 'NONE',  ( 5.532166811327214440, 9.578483416246438509, -6.966074240629094305 ) ) ;
#4430 = ORIENTED_EDGE ( 'NONE', *, *, #1602, .F. ) ;
#4431 = ADVANCED_FACE ( 'NONE', ( #3205 ), #524, .F. ) ;
#4432 = CYLINDRICAL_SURFACE ( 'NONE', #2586, 9.750000000000000000 ) ;
#4433 = LINE ( 'NONE', #904, #3125 ) ;
#4434 = VECTOR ( 'NONE', #1877, 1000.000000000000000 ) ;
#4435 = PLANE ( 'NONE',  #4578 ) ;
#4436 = AXIS2_PLACEMENT_3D ( 'NONE', #1187, #3634, #2451 ) ;
#4437 = AXIS2_PLACEMENT_3D ( 'NONE', #2999, #2249, #326 ) ;
#4438 = CARTESIAN_POINT ( 'NONE',  ( -0.0002154568739887398245, -1.925371433301987567, 6.965944740516595068 ) ) ;
#4439 = EDGE_CURVE ( 'NONE', #3733, #5063, #4772, .T. ) ;
#4440 = DIRECTION ( 'NONE',  ( -0.000000000000000000, -1.000000000000000000, -0.000000000000000000 ) ) ;
#4441 = CARTESIAN_POINT ( 'NONE',  ( -5.200215456873986675, 41.83204801992434341, -6.034055259483403155 ) ) ;
#4442 = DIRECTION ( 'NONE',  ( 0.000000000000000000, 1.000000000000000000, 0.000000000000000000 ) ) ;
#4443 = CARTESIAN_POINT ( 'NONE',  ( 7.149784543126029845, -42.66925198007565712, 8.265944740516628642 ) ) ;
#4444 = ORIENTED_EDGE ( 'NONE', *, *, #5062, .F. ) ;
#4445 = ORIENTED_EDGE ( 'NONE', *, *, #1513, .F. ) ;
#4446 = DIRECTION ( 'NONE',  ( -1.000000000000000000, 0.000000000000000000, -0.000000000000000000 ) ) ;
#4447 = EDGE_CURVE ( 'NONE', #1518, #1837, #1706, .T. ) ;
#4448 = ORIENTED_EDGE ( 'NONE', *, *, #3665, .F. ) ;
#4449 = CARTESIAN_POINT ( 'NONE',  ( -2.600215456873987918, -0.8853714333019864213, 9.567244740516594348 ) ) ;
#4450 = ORIENTED_EDGE ( 'NONE', *, *, #472, .F. ) ;
#4451 = CARTESIAN_POINT ( 'NONE',  ( 8.829351036476975167, -31.93980218719834951, -3.522711942400376106 ) ) ;
#4452 = CYLINDRICAL_SURFACE ( 'NONE', #1626, 7.150000000000000355 ) ;
#4453 = CARTESIAN_POINT ( 'NONE',  ( -8.913125601411467258, 10.11350777227959163, -8.129642061576513257 ) ) ;
#4454 = VERTEX_POINT ( 'NONE', #3692 ) ;
#4455 = DIRECTION ( 'NONE',  ( -0.000000000000000000, -0.000000000000000000, 1.000000000000000000 ) ) ;
#4456 = DIRECTION ( 'NONE',  ( 0.000000000000000000, 0.000000000000000000, -1.000000000000000000 ) ) ;
#4457 = CIRCLE ( 'NONE', #2235, 2.600000000000000533 ) ;
#4458 = B_SPLINE_CURVE_WITH_KNOTS ( 'NONE', 3,
 ( #1867, #3442, #4128, #1095, #3024, #3414, #4979, #1451, #2665, #4234, #711, #1758, #3333, #2301, #1503, #758, #3875, #4429, #4650, #463, #4817, #1147 ),
 .UNSPECIFIED., .F., .F.,
 ( 4, 2, 2, 2, 2, 2, 2, 2, 2, 2, 4 ),
 ( 0.000000000000000000, 0.003472259725828740536, 0.005208389588743108853, 0.006076454520200293662, 0.006944519451657477603, 0.008680649314571841149, 0.009548714246029025091, 0.01041677917748620903, 0.01128484410894339297, 0.01215290904040057518, 0.01388903890331494306 ),
 .UNSPECIFIED. ) ;
#4459 = EDGE_CURVE ( 'NONE', #4556, #4184, #2814, .T. ) ;
#4460 = CARTESIAN_POINT ( 'NONE',  ( -6.500215456873987385, -55.66925198007567133, 3.065944740516438394 ) ) ;
#4461 = DIRECTION ( 'NONE',  ( 1.000000000000000000, 0.000000000000000000, 0.000000000000000000 ) ) ;
#4462 = DIRECTION ( 'NONE',  ( 0.000000000000000000, 0.000000000000000000, 1.000000000000000000 ) ) ;
#4463 = CARTESIAN_POINT ( 'NONE',  ( 9.099784543126011371, -42.66925198007565712, 3.065944740516614697 ) ) ;
#4464 = VECTOR ( 'NONE', #1287, 1000.000000000000000 ) ;
#4466 = ORIENTED_EDGE ( 'NONE', *, *, #133, .F. ) ;
#4465 = DIRECTION ( 'NONE',  ( 0.000000000000000000, -1.000000000000000000, 0.000000000000000000 ) ) ;
#4467 = ORIENTED_EDGE ( 'NONE', *, *, #3112, .F. ) ;
#4468 = VERTEX_POINT ( 'NONE', #121 ) ;
#4469 = CARTESIAN_POINT ( 'NONE',  ( -0.0002154568739887398245, -1.925371433301987567, 9.567244740516594348 ) ) ;
#4470 = CARTESIAN_POINT ( 'NONE',  ( 8.312377001115589081, 10.26932509161597373, -8.524958887210940972 ) ) ;
#4471 = ORIENTED_EDGE ( 'NONE', *, *, #1984, .T. ) ;
#4472 = EDGE_CURVE ( 'NONE', #4556, #3108, #3669, .T. ) ;
#4473 = DIRECTION ( 'NONE',  ( 1.000000000000000000, 0.000000000000000000, 0.000000000000000000 ) ) ;
#4474 = VERTEX_POINT ( 'NONE', #2139 ) ;
#4475 = DIRECTION ( 'NONE',  ( 3.469446951953614189E-15, -0.000000000000000000, 1.000000000000000000 ) ) ;
#4476 = CARTESIAN_POINT ( 'NONE',  ( -8.532286214511518807, -31.39718213476343323, -3.994188746266113199 ) ) ;
#4477 = CIRCLE ( 'NONE', #1519, 2.428357573436369599 ) ;
#4478 = AXIS2_PLACEMENT_3D ( 'NONE', #4935, #1404, #4611 ) ;
#4479 = DIRECTION ( 'NONE',  ( 1.000000000000000000, -1.084202172485504557E-16, -3.469446951953614189E-15 ) ) ;
#4480 = AXIS2_PLACEMENT_3D ( 'NONE', #2632, #2160, #1006 ) ;
#4481 = ORIENTED_EDGE ( 'NONE', *, *, #4396, .F. ) ;
#4482 = EDGE_CURVE ( 'NONE', #125, #1489, #1475, .T. ) ;
#4483 = LINE ( 'NONE', #492, #4888 ) ;
#4484 = DIRECTION ( 'NONE',  ( -0.000000000000000000, -1.000000000000000000, -0.000000000000000000 ) ) ;
#4485 = AXIS2_PLACEMENT_3D ( 'NONE', #1591, #31, #3961 ) ;
#4486 = EDGE_CURVE ( 'NONE', #1854, #1610, #4075, .T. ) ;
#4487 = CARTESIAN_POINT ( 'NONE',  ( 11.70565575117973545, -31.89592927957342994, -3.555272991820474626 ) ) ;
#4488 = CARTESIAN_POINT ( 'NONE',  ( 3.249784543126012615, -36.16925198007566422, -0.1840552594834037048 ) ) ;
#4489 = DIRECTION ( 'NONE',  ( -0.000000000000000000, -0.000000000000000000, -1.000000000000000000 ) ) ;
#4490 = LINE ( 'NONE', #4855, #3445 ) ;
#4492 = ORIENTED_EDGE ( 'NONE', *, *, #3338, .T. ) ;
#4491 = DIRECTION ( 'NONE',  ( -0.000000000000000000, -0.000000000000000000, -1.000000000000000000 ) ) ;
#4493 = ORIENTED_EDGE ( 'NONE', *, *, #3984, .F. ) ;
#4494 = ORIENTED_EDGE ( 'NONE', *, *, #226, .T. ) ;
#4495 = DIRECTION ( 'NONE',  ( -0.000000000000000000, -0.000000000000000000, -1.000000000000000000 ) ) ;
#4496 =( GEOMETRIC_REPRESENTATION_CONTEXT ( 3 ) GLOBAL_UNCERTAINTY_ASSIGNED_CONTEXT ( ( #2360 ) ) GLOBAL_UNIT_ASSIGNED_CONTEXT ( ( #2888, #3252, #4793 ) ) REPRESENTATION_CONTEXT ( 'NONE', 'WORKASPACE' ) );
#4497 = FACE_OUTER_BOUND ( 'NONE', #4285, .T. ) ;
#4498 = ORIENTED_EDGE ( 'NONE', *, *, #2802, .F. ) ;
#4499 = LINE ( 'NONE', #4883, #3393 ) ;
#4500 = ORIENTED_EDGE ( 'NONE', *, *, #1084, .T. ) ;
#4501 = EDGE_CURVE ( 'NONE', #3849, #1177, #2042, .T. ) ;
#4502 = CARTESIAN_POINT ( 'NONE',  ( 6.589329398720512820, -29.96583556368720735, -5.765660278721978393 ) ) ;
#4503 = CARTESIAN_POINT ( 'NONE',  ( -7.525393542794436286, -30.43552983885086860, -5.085613727067054946 ) ) ;
#4504 = EDGE_CURVE ( 'NONE', #1610, #4731, #4276, .T. ) ;
#4505 = CARTESIAN_POINT ( 'NONE',  ( 6.587708326167273754, -42.05522794283557886, 8.265944740516621536 ) ) ;
#4506 = VECTOR ( 'NONE', #848, 1000.000000000000000 ) ;
#4507 = ORIENTED_EDGE ( 'NONE', *, *, #2899, .F. ) ;
#4508 = VECTOR ( 'NONE', #315, 1000.000000000000000 ) ;
#4509 = DIRECTION ( 'NONE',  ( 1.000000000000000000, 0.000000000000000000, 0.000000000000000000 ) ) ;
#4510 = CARTESIAN_POINT ( 'NONE',  ( -0.0002154568739887398245, 13.65941950360783075, -5.384055259483402800 ) ) ;
#4511 = DIRECTION ( 'NONE',  ( -1.000000000000000000, -0.000000000000000000, -0.000000000000000000 ) ) ;
#4512 = DIRECTION ( 'NONE',  ( -0.000000000000000000, 0.000000000000000000, 1.000000000000000000 ) ) ;
#4513 = DIRECTION ( 'NONE',  ( -0.000000000000000000, -1.000000000000000000, -0.000000000000000000 ) ) ;
#4514 = CARTESIAN_POINT ( 'NONE',  ( 13.00108454312602113, -36.78948459635396517, 8.265944740516710354 ) ) ;
#4515 = LINE ( 'NONE', #3410, #3897 ) ;
#4516 = ORIENTED_EDGE ( 'NONE', *, *, #3088, .T. ) ;
#4517 = ORIENTED_EDGE ( 'NONE', *, *, #2159, .T. ) ;
#4518 = DIRECTION ( 'NONE',  ( 0.000000000000000000, 1.000000000000000000, 0.000000000000000000 ) ) ;
#4519 = VECTOR ( 'NONE', #3469, 1000.000000000000000 ) ;
#4520 = LINE ( 'NONE', #604, #1058 ) ;
#4521 = ORIENTED_EDGE ( 'NONE', *, *, #4116, .F. ) ;
#4522 = ORIENTED_EDGE ( 'NONE', *, *, #4016, .T. ) ;
#4523 = CIRCLE ( 'NONE', #2130, 1.950000000000001288 ) ;
#4524 = ORIENTED_EDGE ( 'NONE', *, *, #2519, .T. ) ;
#4525 = CARTESIAN_POINT ( 'NONE',  ( -6.608926729941864586, -2.799166756933606504, 8.915944740516636102 ) ) ;
#4526 = EDGE_CURVE ( 'NONE', #324, #687, #1721, .T. ) ;
#4527 = CARTESIAN_POINT ( 'NONE',  ( -8.673617379884035472E-16, -45.00000000000000711, 0.5000000000000004441 ) ) ;
#4528 = EDGE_CURVE ( 'NONE', #837, #4809, #549, .T. ) ;
#4529 = FACE_OUTER_BOUND ( 'NONE', #1558, .T. ) ;
#4530 = DIRECTION ( 'NONE',  ( -0.000000000000000000, -0.000000000000000000, -1.000000000000000000 ) ) ;
#4531 = VERTEX_POINT ( 'NONE', #1239 ) ;
#4532 = EDGE_CURVE ( 'NONE', #2696, #2798, #3229, .T. ) ;
#4533 = SURFACE_SIDE_STYLE ('',( #1413 ) ) ;
#4534 = DIRECTION ( 'NONE',  ( 1.000000000000000000, 0.000000000000000000, 0.000000000000000000 ) ) ;
#4535 = CARTESIAN_POINT ( 'NONE',  ( -8.673617379884035472E-16, -45.00000000000000711, 0.000000000000000000 ) ) ;
#4536 = AXIS2_PLACEMENT_3D ( 'NONE', #3923, #1919, #1485 ) ;
#4537 = CARTESIAN_POINT ( 'NONE',  ( -0.0002154568739044012012, -40.92537143330199001, -9.935355259483404922 ) ) ;
#4538 = CARTESIAN_POINT ( 'NONE',  ( -7.150215456873968201, -37.82948459635397143, 6.315944740516597378 ) ) ;
#4539 = LINE ( 'NONE', #3465, #1141 ) ;
#4540 = DIRECTION ( 'NONE',  ( 0.000000000000000000, -1.000000000000000000, 0.000000000000000000 ) ) ;
#4541 = VECTOR ( 'NONE', #1717, 1000.000000000000000 ) ;
#4542 = VERTEX_POINT ( 'NONE', #173 ) ;
#4543 = ORIENTED_EDGE ( 'NONE', *, *, #3433, .T. ) ;
#4544 = CARTESIAN_POINT ( 'NONE',  ( 7.799784543126011549, -3.669251980075659780, -0.1840552594834037048 ) ) ;
#4545 = AXIS2_PLACEMENT_3D ( 'NONE', #2812, #3565, #760 ) ;
#4546 = CARTESIAN_POINT ( 'NONE',  ( 9.099784543126011371, -55.66925198007567133, 3.065944740516614253 ) ) ;
#4547 = CARTESIAN_POINT ( 'NONE',  ( 10.56748406205522350, 9.434449189439598982, -6.663815521213682480 ) ) ;
#4548 = ORIENTED_EDGE ( 'NONE', *, *, #2116, .T. ) ;
#4549 = ORIENTED_EDGE ( 'NONE', *, *, #2924, .F. ) ;
#4550 = ORIENTED_EDGE ( 'NONE', *, *, #417, .T. ) ;
#4551 = VECTOR ( 'NONE', #3526, 1000.000000000000000 ) ;
#4552 = DIRECTION ( 'NONE',  ( -1.000000000000000000, 0.000000000000000000, 3.336006684570782904E-15 ) ) ;
#4553 = CARTESIAN_POINT ( 'NONE',  ( -0.0002154568739888154747, 2.210515403646043264, 9.567244740516594348 ) ) ;
#4554 = CIRCLE ( 'NONE', #3078, 6.500000000000000888 ) ;
#4555 = DIRECTION ( 'NONE',  ( -0.000000000000000000, -0.000000000000000000, -1.000000000000000000 ) ) ;
#4556 = VERTEX_POINT ( 'NONE', #2868 ) ;
#4557 = EDGE_CURVE ( 'NONE', #4959, #1790, #1732, .T. ) ;
#4558 = VECTOR ( 'NONE', #2335, 1000.000000000000000 ) ;
#4559 = CARTESIAN_POINT ( 'NONE',  ( 5.199784543126010128, -55.66925198007567133, -8.634055259483403688 ) ) ;
#4560 = DIRECTION ( 'NONE',  ( -0.000000000000000000, -1.000000000000000000, -0.000000000000000000 ) ) ;
#4561 = VECTOR ( 'NONE', #2599, 1000.000000000000000 ) ;
#4562 = ADVANCED_FACE ( 'NONE', ( #4799, #959, #2530 ), #3640, .F. ) ;
#4563 = EDGE_CURVE ( 'NONE', #1906, #1531, #1263, .T. ) ;
#4564 = DIRECTION ( 'NONE',  ( 0.000000000000000000, -1.000000000000000000, 0.000000000000000000 ) ) ;
#4565 = CARTESIAN_POINT ( 'NONE',  ( -10.40021545687399041, 2.830748019924340664, 4.365944740516595424 ) ) ;
#4566 = FACE_OUTER_BOUND ( 'NONE', #2155, .T. ) ;
#4567 = CARTESIAN_POINT ( 'NONE',  ( 7.799784543126011549, 41.83074801992434999, 4.365944740516595424 ) ) ;
#4568 = CARTESIAN_POINT ( 'NONE',  ( -0.0002154568739052427318, -37.82948459635396432, 6.315944740516594713 ) ) ;
#4569 = EDGE_CURVE ( 'NONE', #3930, #3495, #4052, .T. ) ;
#4570 = ORIENTED_EDGE ( 'NONE', *, *, #5058, .F. ) ;
#4571 = AXIS2_PLACEMENT_3D ( 'NONE', #589, #2131, #541 ) ;
#4572 = ORIENTED_EDGE ( 'NONE', *, *, #1811, .T. ) ;
#4573 = DIRECTION ( 'NONE',  ( -1.000000000000000000, 0.000000000000000000, 3.336006684570779749E-15 ) ) ;
#4574 = FACE_OUTER_BOUND ( 'NONE', #3546, .T. ) ;
#4575 = LINE ( 'NONE', #225, #4846 ) ;
#4576 = EDGE_LOOP ( 'NONE', ( #2778, #2383, #2488, #2597 ) ) ;
#4577 = VERTEX_POINT ( 'NONE', #267 ) ;
#4578 = AXIS2_PLACEMENT_3D ( 'NONE', #2808, #544, #494 ) ;
#4579 = VERTEX_POINT ( 'NONE', #2552 ) ;
#4580 = EDGE_CURVE ( 'NONE', #4031, #2191, #1203, .T. ) ;
#4581 = VECTOR ( 'NONE', #2604, 1000.000000000000000 ) ;
#4582 = CARTESIAN_POINT ( 'NONE',  ( -6.583392298037834323, -41.55073021913785425, 8.265944740516435019 ) ) ;
#4583 = DIRECTION ( 'NONE',  ( -1.000000000000000000, 0.000000000000000000, -1.334402673828309691E-14 ) ) ;
#4584 = DIRECTION ( 'NONE',  ( 1.000000000000000000, 0.000000000000000000, -0.000000000000000000 ) ) ;
#4585 = DIRECTION ( 'NONE',  ( 1.000000000000000000, -0.000000000000000000, 0.000000000000000000 ) ) ;
#4586 = ORIENTED_EDGE ( 'NONE', *, *, #1742, .F. ) ;
#4587 =( NAMED_UNIT ( * ) SI_UNIT ( $, .STERADIAN. ) SOLID_ANGLE_UNIT ( ) );
#4588 = CARTESIAN_POINT ( 'NONE',  ( 6.587651868054589244, -41.54304410939805337, 8.265944740516633971 ) ) ;
#4589 = VECTOR ( 'NONE', #2495, 1000.000000000000000 ) ;
#4590 = CARTESIAN_POINT ( 'NONE',  ( 3.942857974560056711, -28.65756530299503879, -9.284055259483404043 ) ) ;
#4591 = CIRCLE ( 'NONE', #3117, 9.100000000000067146 ) ;
#4592 = DIRECTION ( 'NONE',  ( -1.000000000000000000, -1.084202172485504434E-16, 0.000000000000000000 ) ) ;
#4593 = CARTESIAN_POINT ( 'NONE',  ( -2.600215456873987918, 1.170515403646043451, 6.965944740516595068 ) ) ;
#4594 = VECTOR ( 'NONE', #4461, 1000.000000000000000 ) ;
#4595 = DIRECTION ( 'NONE',  ( -1.000000000000000000, 0.000000000000000000, -1.334402673828309691E-14 ) ) ;
#4596 = CARTESIAN_POINT ( 'NONE',  ( 3.999999999999998224, -45.00000000000000711, 0.5000000000000004441 ) ) ;
#4597 = AXIS2_PLACEMENT_3D ( 'NONE', #4029, #500, #3641 ) ;
#4598 = ORIENTED_EDGE ( 'NONE', *, *, #390, .T. ) ;
#4599 = VERTEX_POINT ( 'NONE', #4593 ) ;
#4600 = DIRECTION ( 'NONE',  ( -1.000000000000000000, 0.000000000000000000, 0.000000000000000000 ) ) ;
#4601 = DIRECTION ( 'NONE',  ( -1.000000000000000000, -0.000000000000000000, -0.000000000000000000 ) ) ;
#4602 = DIRECTION ( 'NONE',  ( -1.000000000000000000, -0.000000000000000000, -1.387778780781427690E-14 ) ) ;
#4603 = VERTEX_POINT ( 'NONE', #4538 ) ;
#4604 = ORIENTED_EDGE ( 'NONE', *, *, #2237, .T. ) ;
#4605 = ORIENTED_EDGE ( 'NONE', *, *, #1592, .F. ) ;
#4606 = AXIS2_PLACEMENT_3D ( 'NONE', #4020, #3994, #780 ) ;
#4607 = VECTOR ( 'NONE', #2916, 1000.000000000000000 ) ;
#4608 = VERTEX_POINT ( 'NONE', #1832 ) ;
#4609 = EDGE_CURVE ( 'NONE', #100, #3861, #3009, .T. ) ;
#4610 = CARTESIAN_POINT ( 'NONE',  ( -6.500215456874058439, -41.45602373221267101, 8.265944740516436795 ) ) ;
#4611 = DIRECTION ( 'NONE',  ( -2.034964077588177189E-14, 0.000000000000000000, 1.000000000000000000 ) ) ;
#4612 = CARTESIAN_POINT ( 'NONE',  ( 7.799784543126011549, 41.83074801992434999, 4.365944740516595424 ) ) ;
#4613 = ORIENTED_EDGE ( 'NONE', *, *, #2853, .F. ) ;
#4614 = DIRECTION ( 'NONE',  ( -1.000000000000000000, 0.000000000000000000, -1.334402673828304011E-14 ) ) ;
#4615 = ORIENTED_EDGE ( 'NONE', *, *, #2341, .F. ) ;
#4616 = DIRECTION ( 'NONE',  ( -0.000000000000000000, 1.000000000000000000, -0.000000000000000000 ) ) ;
#4617 = DIRECTION ( 'NONE',  ( -8.882420874825068438E-16, 0.000000000000000000, 1.000000000000000000 ) ) ;
#4618 = LINE ( 'NONE', #4227, #641 ) ;
#4619 = CARTESIAN_POINT ( 'NONE',  ( 6.543322417162240612, -38.89845135369776585, 8.265944740516619760 ) ) ;
#4620 = DIRECTION ( 'NONE',  ( 0.000000000000000000, -1.000000000000000000, 0.000000000000000000 ) ) ;
#4621 = LINE ( 'NONE', #1479, #3241 ) ;
#4622 = ORIENTED_EDGE ( 'NONE', *, *, #104, .T. ) ;
#4623 = ORIENTED_EDGE ( 'NONE', *, *, #2477, .F. ) ;
#4624 = DIRECTION ( 'NONE',  ( -0.000000000000000000, 1.000000000000000000, -0.000000000000000000 ) ) ;
#4625 = EDGE_CURVE ( 'NONE', #4127, #3317, #2521, .T. ) ;
#4626 = DIRECTION ( 'NONE',  ( -0.000000000000000000, -1.000000000000000000, -0.000000000000000000 ) ) ;
#4627 = CYLINDRICAL_SURFACE ( 'NONE', #1910, 9.263471133997928320 ) ;
#4628 = ORIENTED_EDGE ( 'NONE', *, *, #923, .F. ) ;
#4629 = DIRECTION ( 'NONE',  ( 0.000000000000000000, -0.000000000000000000, -1.000000000000000000 ) ) ;
#4630 = EDGE_LOOP ( 'NONE', ( #3597, #2247, #4806, #4868 ) ) ;
#4631 = VERTEX_POINT ( 'NONE', #2964 ) ;
#4632 = VERTEX_POINT ( 'NONE', #4172 ) ;
#4633 = EDGE_CURVE ( 'NONE', #993, #4985, #4147, .T. ) ;
#4634 = ADVANCED_FACE ( 'NONE', ( #2941 ), #1008, .F. ) ;
#4635 = CARTESIAN_POINT ( 'NONE',  ( -6.583391916319442316, -42.04760372936005552, 8.265944740516436795 ) ) ;
#4636 = LINE ( 'NONE', #3834, #3659 ) ;
#4637 = LINE ( 'NONE', #4247, #1304 ) ;
#4638 = VECTOR ( 'NONE', #1149, 1000.000000000000000 ) ;
#4639 = ORIENTED_EDGE ( 'NONE', *, *, #1967, .T. ) ;
#4640 = LINE ( 'NONE', #2311, #2096 ) ;
#4641 = ORIENTED_EDGE ( 'NONE', *, *, #3498, .F. ) ;
#4642 = DIRECTION ( 'NONE',  ( -9.637352644315594750E-16, 1.000000000000000000, 0.000000000000000000 ) ) ;
#4643 = EDGE_CURVE ( 'NONE', #3596, #1369, #2659, .T. ) ;
#4644 = CARTESIAN_POINT ( 'NONE',  ( -8.673617379884035472E-16, -45.00000000000000711, 0.5000000000000004441 ) ) ;
#4645 = CYLINDRICAL_SURFACE ( 'NONE', #5078, 0.5200000000000000178 ) ;
#4646 = CARTESIAN_POINT ( 'NONE',  ( -7.800215456873988096, -0.8853714333019864213, 6.965944740516595068 ) ) ;
#4647 = CARTESIAN_POINT ( 'NONE',  ( -2.470215456874004456, -40.40537143330197978, 6.315944740516594713 ) ) ;
#4648 = COLOUR_RGB ( '',0.7921568627450980005, 0.8196078431372548767, 0.9333333333333333481 ) ;
#4649 = ORIENTED_EDGE ( 'NONE', *, *, #1865, .F. ) ;
#4650 = CARTESIAN_POINT ( 'NONE',  ( 5.253280866941243410, 9.622508256181715680, -7.053687091828019895 ) ) ;
#4651 = AXIS2_PLACEMENT_3D ( 'NONE', #2241, #982, #2577 ) ;
#4652 = FACE_OUTER_BOUND ( 'NONE', #2017, .T. ) ;
#4653 = CYLINDRICAL_SURFACE ( 'NONE', #3558, 2.428357573436369599 ) ;
#4654 = ORIENTED_EDGE ( 'NONE', *, *, #2881, .T. ) ;
#4655 = FACE_OUTER_BOUND ( 'NONE', #1950, .T. ) ;
#4656 = ORIENTED_EDGE ( 'NONE', *, *, #4426, .T. ) ;
#4657 = ORIENTED_EDGE ( 'NONE', *, *, #1406, .T. ) ;
#4658 = ORIENTED_EDGE ( 'NONE', *, *, #629, .F. ) ;
#4659 = VECTOR ( 'NONE', #1495, 1000.000000000000000 ) ;
#4660 = EDGE_CURVE ( 'NONE', #2304, #1027, #1062, .T. ) ;
#4661 = FACE_OUTER_BOUND ( 'NONE', #3958, .T. ) ;
#4662 = EDGE_LOOP ( 'NONE', ( #1401, #1456, #3991, #1716, #3749, #2417 ) ) ;
#4663 = DIRECTION ( 'NONE',  ( 0.000000000000000000, 0.000000000000000000, 1.000000000000000000 ) ) ;
#4664 = VECTOR ( 'NONE', #4745, 1000.000000000000000 ) ;
#4665 = ORIENTED_EDGE ( 'NONE', *, *, #771, .F. ) ;
#4666 = ADVANCED_FACE ( 'NONE', ( #4566 ), #4228, .T. ) ;
#4667 = PLANE ( 'NONE',  #2830 ) ;
#4668 = ADVANCED_FACE ( 'NONE', ( #1776 ), #217, .F. ) ;
#4669 = CARTESIAN_POINT ( 'NONE',  ( 6.116831702065666398, -42.31916675693361185, 6.315944740516594713 ) ) ;
#4670 = LINE ( 'NONE', #1831, #3032 ) ;
#4671 = DIRECTION ( 'NONE',  ( 0.000000000000000000, 0.000000000000000000, 1.000000000000000000 ) ) ;
#4672 = CARTESIAN_POINT ( 'NONE',  ( -3.726174020159304323, -55.66925198007567133, -6.034055259483404043 ) ) ;
#4673 = AXIS2_PLACEMENT_3D ( 'NONE', #1543, #4642, #389 ) ;
#4674 = EDGE_LOOP ( 'NONE', ( #1274, #2791, #4165, #5041 ) ) ;
#4675 = PLANE ( 'NONE',  #970 ) ;
#4676 = VECTOR ( 'NONE', #200, 1000.000000000000000 ) ;
#4677 = CARTESIAN_POINT ( 'NONE',  ( 9.099784543126011371, -42.66925198007565712, -2.134055259483402800 ) ) ;
#4678 = CARTESIAN_POINT ( 'NONE',  ( -0.0002154568739836140961, -37.82948459635397143, 6.315944740516594713 ) ) ;
#4679 = AXIS2_PLACEMENT_3D ( 'NONE', #4567, #4620, #321 ) ;
#4680 = ORIENTED_EDGE ( 'NONE', *, *, #1412, .F. ) ;
#4681 = CARTESIAN_POINT ( 'NONE',  ( -11.91831700897321511, -32.69439725228354376, -2.961986750625690057 ) ) ;
#4682 = ORIENTED_EDGE ( 'NONE', *, *, #2811, .F. ) ;
#4683 = ORIENTED_EDGE ( 'NONE', *, *, #4850, .F. ) ;
#4684 = ORIENTED_EDGE ( 'NONE', *, *, #539, .T. ) ;
#4685 = LINE ( 'NONE', #4735, #2329 ) ;
#4686 = ORIENTED_EDGE ( 'NONE', *, *, #4181, .F. ) ;
#4687 = AXIS2_PLACEMENT_3D ( 'NONE', #3595, #3308, #1266 ) ;
#4688 = PLANE ( 'NONE',  #457 ) ;
#4689 = VECTOR ( 'NONE', #666, 1000.000000000000000 ) ;
#4690 = ADVANCED_FACE ( 'NONE', ( #4202 ), #2188, .T. ) ;
#4691 = EDGE_LOOP ( 'NONE', ( #2356, #1370, #478, #2721 ) ) ;
#4692 = EDGE_CURVE ( 'NONE', #4188, #3882, #4998, .T. ) ;
#4693 = CARTESIAN_POINT ( 'NONE',  ( 11.69978454312601102, -42.66925198007565712, -2.134055259483405464 ) ) ;
#4694 = EDGE_CURVE ( 'NONE', #4177, #4959, #4898, .T. ) ;
#4695 = CARTESIAN_POINT ( 'NONE',  ( 7.799784543126011549, 41.83074801992434999, 6.965944740516595068 ) ) ;
#4696 = DIRECTION ( 'NONE',  ( -0.000000000000000000, 1.000000000000000000, -0.000000000000000000 ) ) ;
#4697 = CARTESIAN_POINT ( 'NONE',  ( 13.00108454312601047, -29.46110827738353422, -6.684055259483403511 ) ) ;
#4698 = CARTESIAN_POINT ( 'NONE',  ( -7.150215456874093434, -36.16925198007566422, 8.915944740516696498 ) ) ;
#4699 = ORIENTED_EDGE ( 'NONE', *, *, #2386, .T. ) ;
#4700 = CARTESIAN_POINT ( 'NONE',  ( 2.469784543126031462, -37.30948459635397541, 8.265944740516562916 ) ) ;
#4701 = CARTESIAN_POINT ( 'NONE',  ( -7.150215456873985964, -1.925371433301989343, 3.715944740516637257 ) ) ;
#4702 = LINE ( 'NONE', #4981, #2898 ) ;
#4703 = ORIENTED_EDGE ( 'NONE', *, *, #4660, .F. ) ;
#4704 = FACE_OUTER_BOUND ( 'NONE', #338, .T. ) ;
#4705 = EDGE_LOOP ( 'NONE', ( #1449, #4902, #199, #2337, #1561, #3171, #2070, #361 ) ) ;
#4706 = ORIENTED_EDGE ( 'NONE', *, *, #2237, .F. ) ;
#4707 = ORIENTED_EDGE ( 'NONE', *, *, #3215, .T. ) ;
#4708 = EDGE_CURVE ( 'NONE', #4754, #723, #3790, .T. ) ;
#4709 = DIRECTION ( 'NONE',  ( -1.000000000000000000, 0.000000000000000000, 3.336006684570785665E-15 ) ) ;
#4710 = CIRCLE ( 'NONE', #265, 0.5199999999999926903 ) ;
#4711 = CIRCLE ( 'NONE', #1467, 9.099999999999999645 ) ;
#4712 = VERTEX_POINT ( 'NONE', #4619 ) ;
#4713 = FACE_OUTER_BOUND ( 'NONE', #915, .T. ) ;
#4714 = ADVANCED_FACE ( 'NONE', ( #704 ), #143, .T. ) ;
#4715 = VERTEX_POINT ( 'NONE', #1366 ) ;
#4716 = PLANE ( 'NONE',  #4673 ) ;
#4717 = CARTESIAN_POINT ( 'NONE',  ( 7.149784543126013858, -1.925371433301987567, 3.715944740516587963 ) ) ;
#4718 = FACE_OUTER_BOUND ( 'NONE', #534, .T. ) ;
#4719 = DIRECTION ( 'NONE',  ( -0.000000000000000000, -1.000000000000000000, -0.000000000000000000 ) ) ;
#4720 = DIRECTION ( 'NONE',  ( 0.000000000000000000, 0.000000000000000000, -1.000000000000000000 ) ) ;
#4721 = EDGE_CURVE ( 'NONE', #1269, #1764, #984, .T. ) ;
#4722 = ADVANCED_FACE ( 'NONE', ( #1938 ), #956, .F. ) ;
#4723 = DIRECTION ( 'NONE',  ( 1.000000000000000000, 0.000000000000000000, 0.000000000000000000 ) ) ;
#4724 = EDGE_CURVE ( 'NONE', #87, #4531, #2297, .T. ) ;
#4725 = CARTESIAN_POINT ( 'NONE',  ( -7.531057713466961623, 9.009504408749997140, -5.935727788893035317 ) ) ;
#4726 = DIRECTION ( 'NONE',  ( -0.000000000000000000, -0.000000000000000000, -1.000000000000000000 ) ) ;
#4727 = ORIENTED_EDGE ( 'NONE', *, *, #3819, .T. ) ;
#4728 = CARTESIAN_POINT ( 'NONE',  ( -11.70318680908908249, -31.88668486049060746, -3.562774716996042645 ) ) ;
#4729 = CIRCLE ( 'NONE', #530, 3.250000000000002220 ) ;
#4730 = VERTEX_POINT ( 'NONE', #3076 ) ;
#4731 = VERTEX_POINT ( 'NONE', #2734 ) ;
#4732 = ORIENTED_EDGE ( 'NONE', *, *, #821, .F. ) ;
#4733 = AXIS2_PLACEMENT_3D ( 'NONE', #3199, #2032, #4765 ) ;
#4734 = ORIENTED_EDGE ( 'NONE', *, *, #3735, .T. ) ;
#4735 = CARTESIAN_POINT ( 'NONE',  ( -7.150215456873968201, -3.669251980075659780, 8.915944740516637879 ) ) ;
#4736 = EDGE_CURVE ( 'NONE', #125, #238, #4334, .T. ) ;
#4737 = CIRCLE ( 'NONE', #2683, 6.500000000000000888 ) ;
#4738 = ORIENTED_EDGE ( 'NONE', *, *, #417, .F. ) ;
#4739 = CARTESIAN_POINT ( 'NONE',  ( -12.35021545687398792, -36.16925198007566422, -9.284055259483404043 ) ) ;
#4740 = ORIENTED_EDGE ( 'NONE', *, *, #987, .T. ) ;
#4741 = CARTESIAN_POINT ( 'NONE',  ( 13.00108454312607442, -0.4184513536977433334, 8.915944740516568601 ) ) ;
#4742 = EDGE_CURVE ( 'NONE', #2395, #962, #3102, .T. ) ;
#4743 = CARTESIAN_POINT ( 'NONE',  ( -9.600012000162879033, -36.16925198007566422, -1.573329839556188103 ) ) ;
#4744 = CARTESIAN_POINT ( 'NONE',  ( -7.800215456873988096, 41.83074801992434999, 6.965944740516595068 ) ) ;
#4745 = DIRECTION ( 'NONE',  ( -0.000000000000000000, 1.000000000000000000, -0.000000000000000000 ) ) ;
#4746 = DIRECTION ( 'NONE',  ( 1.000000000000000000, 0.000000000000000000, 0.000000000000000000 ) ) ;
#4747 = ADVANCED_FACE ( 'NONE', ( #2347 ), #1599, .F. ) ;
#4748 = FACE_OUTER_BOUND ( 'NONE', #3570, .T. ) ;
#4749 = FACE_OUTER_BOUND ( 'NONE', #3237, .T. ) ;
#4750 = DIRECTION ( 'NONE',  ( -1.000000000000000000, -0.000000000000000000, -0.000000000000000000 ) ) ;
#4751 = ORIENTED_EDGE ( 'NONE', *, *, #2707, .T. ) ;
#4752 = CARTESIAN_POINT ( 'NONE',  ( -9.387734536681836772, -33.77168877548492532, -2.339832425034703345 ) ) ;
#4753 = VERTEX_POINT ( 'NONE', #2375 ) ;
#4754 = VERTEX_POINT ( 'NONE', #3512 ) ;
#4755 = ORIENTED_EDGE ( 'NONE', *, *, #3090, .T. ) ;
#4756 = AXIS2_PLACEMENT_3D ( 'NONE', #3371, #4887, #1407 ) ;
#4757 = VERTEX_POINT ( 'NONE', #342 ) ;
#4758 = CARTESIAN_POINT ( 'NONE',  ( -13.00021545687399005, 41.83074801992434999, -9.934055259483404399 ) ) ;
#4759 = EDGE_CURVE ( 'NONE', #3421, #4753, #1500, .T. ) ;
#4760 = ORIENTED_EDGE ( 'NONE', *, *, #2811, .T. ) ;
#4761 = LINE ( 'NONE', #2803, #951 ) ;
#4762 = ORIENTED_EDGE ( 'NONE', *, *, #4625, .T. ) ;
#4763 = CARTESIAN_POINT ( 'NONE',  ( -6.109507299056266660, -42.31916675693361185, -9.935355259483404922 ) ) ;
#4764 = VECTOR ( 'NONE', #1606, 1000.000000000000000 ) ;
#4765 = DIRECTION ( 'NONE',  ( 0.000000000000000000, 0.000000000000000000, -1.000000000000000000 ) ) ;
#4766 = DIRECTION ( 'NONE',  ( -0.000000000000000000, 1.000000000000000000, -0.000000000000000000 ) ) ;
#4767 = AXIS2_PLACEMENT_3D ( 'NONE', #2605, #2660, #1501 ) ;
#4768 = DIRECTION ( 'NONE',  ( -0.000000000000000000, -1.000000000000000000, -0.000000000000000000 ) ) ;
#4769 = FACE_OUTER_BOUND ( 'NONE', #1175, .T. ) ;
#4770 = FACE_OUTER_BOUND ( 'NONE', #4910, .T. ) ;
#4771 = CARTESIAN_POINT ( 'NONE',  ( -9.896402336208184991, 6.561093200176593143, -2.857298184311704237 ) ) ;
#4772 = LINE ( 'NONE', #3282, #3943 ) ;
#4773 = CARTESIAN_POINT ( 'NONE',  ( -3.250215456873987385, -28.65756530299503879, -9.284055259483404043 ) ) ;
#4774 = CYLINDRICAL_SURFACE ( 'NONE', #4303, 5.200000000000001066 ) ;
#4775 = EDGE_LOOP ( 'NONE', ( #2703, #1102, #491, #726, #1940, #2203, #4005, #2794, #2227, #2535, #4732, #1153 ) ) ;
#4776 = ADVANCED_FACE ( 'NONE', ( #1914 ), #3562, .F. ) ;
#4777 = VERTEX_POINT ( 'NONE', #1551 ) ;
#4778 = LINE ( 'NONE', #1244, #5077 ) ;
#4779 = VERTEX_POINT ( 'NONE', #3463 ) ;
#4780 = DIRECTION ( 'NONE',  ( 0.000000000000000000, 0.000000000000000000, -1.000000000000000000 ) ) ;
#4781 = ORIENTED_EDGE ( 'NONE', *, *, #914, .T. ) ;
#4782 = EDGE_CURVE ( 'NONE', #3111, #2142, #1535, .T. ) ;
#4783 = EDGE_CURVE ( 'NONE', #633, #837, #2785, .T. ) ;
#4784 = CARTESIAN_POINT ( 'NONE',  ( -9.750215456873965181, 41.83204801992433630, 3.715944740516637257 ) ) ;
#4785 = ORIENTED_EDGE ( 'NONE', *, *, #1803, .T. ) ;
#4786 = CIRCLE ( 'NONE', #2487, 0.5199999999999995737 ) ;
#4787 = LINE ( 'NONE', #538, #2612 ) ;
#4788 = VECTOR ( 'NONE', #1273, 1000.000000000000000 ) ;
#4789 = CARTESIAN_POINT ( 'NONE',  ( 6.499784543125974423, -42.66925198007565712, 5.665944740516607681 ) ) ;
#4790 = ORIENTED_EDGE ( 'NONE', *, *, #3654, .F. ) ;
#4791 = DIRECTION ( 'NONE',  ( 0.000000000000000000, 1.000000000000000000, -0.000000000000000000 ) ) ;
#4792 = PLANE ( 'NONE',  #2127 ) ;
#4793 =( NAMED_UNIT ( * ) SI_UNIT ( $, .STERADIAN. ) SOLID_ANGLE_UNIT ( ) );
#4794 = DIRECTION ( 'NONE',  ( -0.000000000000000000, 1.000000000000000000, -0.000000000000000000 ) ) ;
#4795 = EDGE_CURVE ( 'NONE', #151, #270, #1575, .T. ) ;
#4796 = CIRCLE ( 'NONE', #360, 5.200000000000001066 ) ;
#4797 = CARTESIAN_POINT ( 'NONE',  ( 12.34978454312601315, -3.669251980075659780, -0.1840552594834037048 ) ) ;
#4798 = CARTESIAN_POINT ( 'NONE',  ( -10.38543302700582238, 3.851230841421109830, -0.7473371775414586748 ) ) ;
#4799 = FACE_BOUND ( 'NONE', #2022, .T. ) ;
#4800 = DIRECTION ( 'NONE',  ( 0.000000000000000000, 1.000000000000000000, 0.000000000000000000 ) ) ;
#4801 = CIRCLE ( 'NONE', #2334, 3.900000000000000355 ) ;
#4802 = CARTESIAN_POINT ( 'NONE',  ( 3.249784543126012171, 41.83074801992434999, -9.934055259483404399 ) ) ;
#4803 = ORIENTED_EDGE ( 'NONE', *, *, #1412, .T. ) ;
#4804 = ORIENTED_EDGE ( 'NONE', *, *, #3508, .F. ) ;
#4805 = DIRECTION ( 'NONE',  ( 0.000000000000000000, 0.000000000000000000, -1.000000000000000000 ) ) ;
#4806 = ORIENTED_EDGE ( 'NONE', *, *, #2220, .F. ) ;
#4807 = DIRECTION ( 'NONE',  ( -0.000000000000000000, 1.000000000000000000, -0.000000000000000000 ) ) ;
#4808 = VECTOR ( 'NONE', #1771, 1000.000000000000000 ) ;
#4809 = VERTEX_POINT ( 'NONE', #3541 ) ;
#4810 = EDGE_CURVE ( 'NONE', #5066, #163, #4360, .T. ) ;
#4811 = CARTESIAN_POINT ( 'NONE',  ( 3.505781648758170110, -29.46110827738352356, -6.684055259483401734 ) ) ;
#4812 = ORIENTED_EDGE ( 'NONE', *, *, #169, .T. ) ;
#4813 = B_SPLINE_CURVE_WITH_KNOTS ( 'NONE', 3,
 ( #192, #1730, #1680, #497, #3304, #2063, #1337, #957, #4487, #3714, #4096, #2528, #574, #2215, #1389, #3736, #4145, #1087, #648, #291, #2938, #620, #3434, #3788, #4590, #318 ),
 .UNSPECIFIED., .F., .F.,
 ( 4, 2, 2, 2, 2, 2, 2, 2, 2, 2, 2, 2, 4 ),
 ( 2.168404344971008868E-19, 0.002050485250883868696, 0.003075727876325803044, 0.004100970501767737392, 0.005126213127209671740, 0.006151455752651605220, 0.008201941003535478253, 0.009227183628977411733, 0.01025242625441934695, 0.01127766887986128043, 0.01230291150530321391, 0.01435339675618709128, 0.01640388200707096691 ),
 .UNSPECIFIED. ) ;
#4814 = VECTOR ( 'NONE', #1912, 1000.000000000000000 ) ;
#4815 = DIRECTION ( 'NONE',  ( 1.000000000000000000, 1.334402673828313043E-15, -2.485324980005233120E-14 ) ) ;
#4816 = VECTOR ( 'NONE', #236, 1000.000000000000000 ) ;
#4817 = CARTESIAN_POINT ( 'NONE',  ( 3.838489658817154648, 9.759419503607841051, -7.334055259483403866 ) ) ;
#4818 = EDGE_CURVE ( 'NONE', #2003, #1873, #1525, .T. ) ;
#4819 = EDGE_LOOP ( 'NONE', ( #3939, #3704, #2525, #3310 ) ) ;
#4820 = CARTESIAN_POINT ( 'NONE',  ( 6.116831702065666398, -41.27916675693359849, -9.935355259483404922 ) ) ;
#4821 = CARTESIAN_POINT ( 'NONE',  ( 10.39978454312601208, 2.830748019924340664, -0.1840552594834037048 ) ) ;
#4822 = CARTESIAN_POINT ( 'NONE',  ( -7.150215456873968201, -42.66925198007565712, 8.915944740516597022 ) ) ;
#4823 = ADVANCED_FACE ( 'NONE', ( #3151 ), #3895, .F. ) ;
#4824 = LINE ( 'NONE', #1650, #4464 ) ;
#4825 = CARTESIAN_POINT ( 'NONE',  ( -4.410884639278869201, 9.726092483050731374, -7.262820074142262605 ) ) ;
#4826 = CARTESIAN_POINT ( 'NONE',  ( 9.749784543126013503, -36.16925198007566422, -0.1840552594834037048 ) ) ;
#4827 = CARTESIAN_POINT ( 'NONE',  ( -2.470215456874004456, -40.40537143330197978, 8.265944740516493638 ) ) ;
#4828 = CARTESIAN_POINT ( 'NONE',  ( -7.800215456873988096, -3.669251980075659780, -0.1840552594834037048 ) ) ;
#4829 = ORIENTED_EDGE ( 'NONE', *, *, #98, .T. ) ;
#4830 = VERTEX_POINT ( 'NONE', #320 ) ;
#4831 = DIRECTION ( 'NONE',  ( 3.469446951953614189E-15, -0.000000000000000000, 1.000000000000000000 ) ) ;
#4832 = VERTEX_POINT ( 'NONE', #4646 ) ;
#4833 = DIRECTION ( 'NONE',  ( 0.000000000000000000, 0.000000000000000000, 1.000000000000000000 ) ) ;
#4834 = ORIENTED_EDGE ( 'NONE', *, *, #871, .T. ) ;
#4835 = VECTOR ( 'NONE', #122, 1000.000000000000000 ) ;
#4836 = CARTESIAN_POINT ( 'NONE',  ( 9.066392139458235633, -32.51248706674991951, -3.089106311480094735 ) ) ;
#4837 = CIRCLE ( 'NONE', #1960, 3.250000000000000444 ) ;
#4838 = VECTOR ( 'NONE', #4696, 1000.000000000000000 ) ;
#4839 = CARTESIAN_POINT ( 'NONE',  ( 3.730541126713431854, -58.32210129024644374, -6.034055259483403155 ) ) ;
#4840 = AXIS2_PLACEMENT_3D ( 'NONE', #4827, #4973, #4595 ) ;
#4841 = EDGE_CURVE ( 'NONE', #2175, #4376, #4258, .T. ) ;
#4842 = CARTESIAN_POINT ( 'NONE',  ( -11.87483147265452921, 8.203610748274238418, -4.742053699969872582 ) ) ;
#4843 = EDGE_CURVE ( 'NONE', #992, #1568, #4282, .T. ) ;
#4844 = ORIENTED_EDGE ( 'NONE', *, *, #4459, .F. ) ;
#4845 = CYLINDRICAL_SURFACE ( 'NONE', #2912, 0.5200000000000035705 ) ;
#4846 = VECTOR ( 'NONE', #2538, 1000.000000000000000 ) ;
#4847 = LINE ( 'NONE', #1313, #2102 ) ;
#4848 = VECTOR ( 'NONE', #2784, 1000.000000000000000 ) ;
#4849 = AXIS2_PLACEMENT_3D ( 'NONE', #4872, #2891, #474 ) ;
#4850 = EDGE_CURVE ( 'NONE', #4982, #1844, #2834, .T. ) ;
#4851 = CIRCLE ( 'NONE', #4191, 2.600000000000000533 ) ;
#4852 = DIRECTION ( 'NONE',  ( -1.000000000000000000, 0.000000000000000000, 0.000000000000000000 ) ) ;
#4853 = DIRECTION ( 'NONE',  ( 0.000000000000000000, 1.000000000000000000, 0.000000000000000000 ) ) ;
#4854 = CARTESIAN_POINT ( 'NONE',  ( -2.600215456873987918, 1.690515403646043024, 9.567244740516594348 ) ) ;
#4855 = CARTESIAN_POINT ( 'NONE',  ( -3.250215456873989606, 13.65941950360783430, -7.334055259483403866 ) ) ;
#4856 = CARTESIAN_POINT ( 'NONE',  ( -6.608926729941864586, -2.799166756933606504, 6.965944740516595068 ) ) ;
#4857 = VERTEX_POINT ( 'NONE', #2860 ) ;
#4858 = EDGE_LOOP ( 'NONE', ( #3142, #2412, #891, #1779 ) ) ;
#4859 = CARTESIAN_POINT ( 'NONE',  ( 6.106605262655629751, -0.4184513536977433334, 6.965944740516595068 ) ) ;
#4860 = ORIENTED_EDGE ( 'NONE', *, *, #2801, .T. ) ;
#4861 = FACE_OUTER_BOUND ( 'NONE', #3645, .T. ) ;
#4862 = ORIENTED_EDGE ( 'NONE', *, *, #2293, .T. ) ;
#4863 = ADVANCED_FACE ( 'NONE', ( #3224 ), #4435, .F. ) ;
#4864 = CARTESIAN_POINT ( 'NONE',  ( 9.599581086414909592, -36.16925198007566422, -1.573329839556188103 ) ) ;
#4865 = DIRECTION ( 'NONE',  ( 0.000000000000000000, 0.000000000000000000, -1.000000000000000000 ) ) ;
#4866 = EDGE_CURVE ( 'NONE', #1246, #1560, #4408, .T. ) ;
#4867 = DIRECTION ( 'NONE',  ( 1.000000000000000000, -1.355252715606880543E-16, 0.000000000000000000 ) ) ;
#4868 = ORIENTED_EDGE ( 'NONE', *, *, #4034, .F. ) ;
#4869 = LINE ( 'NONE', #3250, #4322 ) ;
#4870 = DIRECTION ( 'NONE',  ( -1.000000000000000000, -1.927470528863118950E-15, -1.387778780781427690E-14 ) ) ;
#4871 = CARTESIAN_POINT ( 'NONE',  ( 9.099784543126011371, 41.83204801992434341, -2.134055259483403688 ) ) ;
#4872 = CARTESIAN_POINT ( 'NONE',  ( -5.200215456873987563, -42.66925198007565712, -2.134055259483403244 ) ) ;
#4873 = LINE ( 'NONE', #2066, #890 ) ;
#4874 = AXIS2_PLACEMENT_3D ( 'NONE', #4064, #1719, #995 ) ;
#4875 = LINE ( 'NONE', #269, #1257 ) ;
#4876 = ORIENTED_EDGE ( 'NONE', *, *, #3658, .F. ) ;
#4877 = EDGE_CURVE ( 'NONE', #664, #5056, #1697, .T. ) ;
#4878 = ORIENTED_EDGE ( 'NONE', *, *, #3948, .T. ) ;
#4879 = DIRECTION ( 'NONE',  ( 0.000000000000000000, 1.000000000000000000, 0.000000000000000000 ) ) ;
#4880 = EDGE_CURVE ( 'NONE', #874, #1973, #718, .T. ) ;
#4881 = LINE ( 'NONE', #3418, #1660 ) ;
#4882 = ORIENTED_EDGE ( 'NONE', *, *, #164, .F. ) ;
#4883 = CARTESIAN_POINT ( 'NONE',  ( -0.0002154568739887398245, -3.669251980075659780, 6.965944740516595068 ) ) ;
#4884 = VERTEX_POINT ( 'NONE', #1648 ) ;
#4885 = CARTESIAN_POINT ( 'NONE',  ( 9.455060245955049680, -34.24464256814037100, -2.126879079760667590 ) ) ;
#4886 = EDGE_CURVE ( 'NONE', #1735, #4415, #166, .T. ) ;
#4887 = DIRECTION ( 'NONE',  ( -0.000000000000000000, -0.000000000000000000, 1.000000000000000000 ) ) ;
#4888 = VECTOR ( 'NONE', #3993, 1000.000000000000000 ) ;
#4889 = DIRECTION ( 'NONE',  ( 0.000000000000000000, 0.000000000000000000, 1.000000000000000000 ) ) ;
#4890 = CIRCLE ( 'NONE', #2677, 3.900000000000000355 ) ;
#4891 = ORIENTED_EDGE ( 'NONE', *, *, #4569, .F. ) ;
#4892 = PRESENTATION_STYLE_ASSIGNMENT (( #1438 ) ) ;
#4893 =( NAMED_UNIT ( * ) PLANE_ANGLE_UNIT ( ) SI_UNIT ( $, .RADIAN. ) );
#4894 = AXIS2_PLACEMENT_3D ( 'NONE', #2365, #3578, #56 ) ;
#4895 = EDGE_CURVE ( 'NONE', #3861, #4376, #929, .T. ) ;
#4896 = CARTESIAN_POINT ( 'NONE',  ( 3.249784543126012171, 41.83074801992434999, -7.334055259483403866 ) ) ;
#4897 = LINE ( 'NONE', #575, #1001 ) ;
#4898 = LINE ( 'NONE', #1034, #4581 ) ;
#4899 = DIRECTION ( 'NONE',  ( -0.000000000000000000, -1.000000000000000000, -0.000000000000000000 ) ) ;
#4900 = CARTESIAN_POINT ( 'NONE',  ( 3.249784543126012615, -36.16925198007566422, -0.1840552594834037048 ) ) ;
#4901 = ORIENTED_EDGE ( 'NONE', *, *, #4042, .T. ) ;
#4902 = ORIENTED_EDGE ( 'NONE', *, *, #1835, .T. ) ;
#4903 = DIRECTION ( 'NONE',  ( -0.000000000000000000, -1.000000000000000000, -0.000000000000000000 ) ) ;
#4904 = VECTOR ( 'NONE', #3920, 1000.000000000000000 ) ;
#4905 = EDGE_CURVE ( 'NONE', #1746, #1757, #2401, .T. ) ;
#4906 = DIRECTION ( 'NONE',  ( -1.000000000000000000, 0.000000000000000000, -0.000000000000000000 ) ) ;
#4907 = VERTEX_POINT ( 'NONE', #90 ) ;
#4908 = CARTESIAN_POINT ( 'NONE',  ( 10.39978454312601208, 41.83074801992434999, 9.565944740516595601 ) ) ;
#4909 = AXIS2_PLACEMENT_3D ( 'NONE', #1828, #1772, #4534 ) ;
#4910 = EDGE_LOOP ( 'NONE', ( #4159, #3039, #371, #1156, #840, #2590 ) ) ;
#4911 = DIRECTION ( 'NONE',  ( 0.000000000000000000, -0.000000000000000000, -1.000000000000000000 ) ) ;
#4912 = CARTESIAN_POINT ( 'NONE',  ( -0.0002154568739887398245, -67.37055198007574575, -5.384055259483402800 ) ) ;
#4913 = CARTESIAN_POINT ( 'NONE',  ( 2.079784543126012242, -1.405371433301987327, 8.915944740516604128 ) ) ;
#4914 = AXIS2_PLACEMENT_3D ( 'NONE', #209, #997, #715 ) ;
#4915 = CARTESIAN_POINT ( 'NONE',  ( 3.440310167103196370, -47.04065331551598206, 0.5000000000000004441 ) ) ;
#4916 = CIRCLE ( 'NONE', #2615, 0.5200000000000004619 ) ;
#4917 = ORIENTED_EDGE ( 'NONE', *, *, #5073, .T. ) ;
#4918 = MANIFOLD_SOLID_BREP ( 'Scale1', #2630 ) ;
#4919 = DIRECTION ( 'NONE',  ( 1.000000000000000000, 0.000000000000000000, 0.000000000000000000 ) ) ;
#4920 = CARTESIAN_POINT ( 'NONE',  ( 3.994149022170481178, -45.24977512649486755, -2.998902339668108485 ) ) ;
#4921 = CARTESIAN_POINT ( 'NONE',  ( 0.002183553277065063570, -67.37055198007574575, -6.034055259483404043 ) ) ;
#4922 = CARTESIAN_POINT ( 'NONE',  ( -0.0002154568740607582791, -55.66925198007567133, -2.134055259483403244 ) ) ;
#4923 = CARTESIAN_POINT ( 'NONE',  ( 13.00108454312602824, -42.31916675693361185, 8.265944740516710354 ) ) ;
#4924 = ORIENTED_EDGE ( 'NONE', *, *, #4942, .T. ) ;
#4925 = EDGE_LOOP ( 'NONE', ( #936, #1618, #2638, #4103, #1879, #810, #3858 ) ) ;
#4926 = CARTESIAN_POINT ( 'NONE',  ( -6.876168419277810528, 0.1015486463022569480, 8.915944740516636102 ) ) ;
#4927 = AXIS2_PLACEMENT_3D ( 'NONE', #5005, #1484, #3056 ) ;
#4928 = CARTESIAN_POINT ( 'NONE',  ( 5.199784543126011016, -42.66925198007565712, -2.134055259483403244 ) ) ;
#4929 = CARTESIAN_POINT ( 'NONE',  ( 12.78589937976852298, 5.952766015829354274, -2.285402954531517317 ) ) ;
#4930 = VERTEX_POINT ( 'NONE', #3635 ) ;
#4931 = ORIENTED_EDGE ( 'NONE', *, *, #3655, .T. ) ;
#4932 = ADVANCED_FACE ( 'NONE', ( #877 ), #3968, .F. ) ;
#4933 = EDGE_LOOP ( 'NONE', ( #2253, #680, #3133, #3070 ) ) ;
#4934 = LINE ( 'NONE', #1402, #2076 ) ;
#4935 = CARTESIAN_POINT ( 'NONE',  ( -7.150215456873985964, -36.16925198007566422, 3.715944740516637257 ) ) ;
#4936 = DIRECTION ( 'NONE',  ( 1.000000000000000000, 0.000000000000000000, 0.000000000000000000 ) ) ;
#4937 = LINE ( 'NONE', #4113, #4260 ) ;
#4938 = EDGE_CURVE ( 'NONE', #3849, #897, #4021, .T. ) ;
#4939 = EDGE_CURVE ( 'NONE', #817, #4094, #3275, .T. ) ;
#4940 = CARTESIAN_POINT ( 'NONE',  ( -8.291195380578411545, 10.27426817860046349, -8.538061624306839903 ) ) ;
#4941 = ORIENTED_EDGE ( 'NONE', *, *, #3459, .T. ) ;
#4942 = EDGE_CURVE ( 'NONE', #1536, #99, #4847, .T. ) ;
#4943 = FILL_AREA_STYLE ('',( #1748 ) ) ;
#4944 = DIRECTION ( 'NONE',  ( 1.000000000000000000, 0.000000000000000000, 0.000000000000000000 ) ) ;
#4945 = DIRECTION ( 'NONE',  ( 0.000000000000000000, 0.000000000000000000, -1.000000000000000000 ) ) ;
#4946 = DIRECTION ( 'NONE',  ( 0.000000000000000000, 0.000000000000000000, 1.000000000000000000 ) ) ;
#4947 = DIRECTION ( 'NONE',  ( 1.000000000000000000, 0.000000000000000000, 0.000000000000000000 ) ) ;
#4948 = LINE ( 'NONE', #1035, #1309 ) ;
#4949 = CARTESIAN_POINT ( 'NONE',  ( -6.086129977830414539, -38.89845135369773033, -9.935355259483404922 ) ) ;
#4950 = EDGE_CURVE ( 'NONE', #1489, #4631, #4071, .T. ) ;
#4951 = AXIS2_PLACEMENT_3D ( 'NONE', #968, #2440, #508 ) ;
#4952 = ORIENTED_EDGE ( 'NONE', *, *, #2967, .T. ) ;
#4953 = EDGE_LOOP ( 'NONE', ( #2826, #2083, #4078, #1327 ) ) ;
#4954 = CARTESIAN_POINT ( 'NONE',  ( 7.149784543126032510, -37.82948459635397143, 8.265944740516628642 ) ) ;
#4955 = AXIS2_PLACEMENT_3D ( 'NONE', #3998, #1261, #2040 ) ;
#4956 = LINE ( 'NONE', #1017, #819 ) ;
#4957 = LINE ( 'NONE', #1760, #1968 ) ;
#4958 = ORIENTED_EDGE ( 'NONE', *, *, #912, .T. ) ;
#4959 = VERTEX_POINT ( 'NONE', #1800 ) ;
#4960 = ORIENTED_EDGE ( 'NONE', *, *, #1286, .T. ) ;
#4961 = AXIS2_PLACEMENT_3D ( 'NONE', #2776, #431, #1637 ) ;
#4962 = LINE ( 'NONE', #1432, #942 ) ;
#4963 = LINE ( 'NONE', #3835, #4434 ) ;
#4964 = CARTESIAN_POINT ( 'NONE',  ( 10.39978454312601208, 41.83074801992434999, 4.365944740516595424 ) ) ;
#4965 = EDGE_LOOP ( 'NONE', ( #3249, #2770, #3696, #4549 ) ) ;
#4966 = VECTOR ( 'NONE', #2286, 1000.000000000000000 ) ;
#4967 = CARTESIAN_POINT ( 'NONE',  ( 6.543322417162240612, -38.89845135369776585, 6.315944740516592049 ) ) ;
#4968 = CARTESIAN_POINT ( 'NONE',  ( -5.200215456873987563, -55.66925198007567133, -2.134055259483403244 ) ) ;
#4969 = B_SPLINE_CURVE_WITH_KNOTS ( 'NONE', 3,
 ( #203, #1814, #2558, #2195, #4929, #1324, #3335, #2900, #4083, #3798, #1398, #1372, #2948, #4547, #3000, #275, #1042, #4470, #4180, #4129, #2515, #2171, #3746, #557, #180, #1018, #1840, #2588 ),
 .UNSPECIFIED., .F., .F.,
 ( 4, 2, 2, 2, 2, 2, 2, 2, 2, 2, 2, 2, 2, 4 ),
 ( 5.944602503245697964E-19, 0.002258257394275700256, 0.004516514788551400511, 0.005645643485689251506, 0.006774772182827101634, 0.007903900879964948292, 0.009033029577102797553, 0.01129128697137849954, 0.01242041566851635054, 0.01354954436565420153, 0.01467867306279205253, 0.01580780175992990005, 0.01693693045706775105, 0.01806605915420560204 ),
 .UNSPECIFIED. ) ;
#4970 = DIRECTION ( 'NONE',  ( 0.000000000000000000, 0.000000000000000000, 1.000000000000000000 ) ) ;
#4971 = CARTESIAN_POINT ( 'NONE',  ( -6.500215456873987385, -40.92537143330197580, 3.065944740516438394 ) ) ;
#4972 = DIRECTION ( 'NONE',  ( 0.000000000000000000, 0.000000000000000000, -1.000000000000000000 ) ) ;
#4973 = DIRECTION ( 'NONE',  ( -1.387778780781427690E-14, -0.000000000000000000, 1.000000000000000000 ) ) ;
#4974 = LINE ( 'NONE', #4923, #1512 ) ;
#4975 = ORIENTED_EDGE ( 'NONE', *, *, #2045, .T. ) ;
#4976 = EDGE_CURVE ( 'NONE', #3799, #2444, #3013, .T. ) ;
#4977 = VECTOR ( 'NONE', #1026, 1000.000000000000000 ) ;
#4978 = EDGE_LOOP ( 'NONE', ( #312, #1394, #4586, #1321, #483 ) ) ;
#4979 = CARTESIAN_POINT ( 'NONE',  ( 9.505014544793008113, 7.315434004014239378, -3.655317159516692005 ) ) ;
#4980 = PLANE ( 'NONE',  #85 ) ;
#4981 = CARTESIAN_POINT ( 'NONE',  ( 2.599784543126012260, -0.8853714333019869764, 9.567244740516594348 ) ) ;
#4982 = VERTEX_POINT ( 'NONE', #1439 ) ;
#4983 = EDGE_LOOP ( 'NONE', ( #1718, #4430, #1665, #2492, #3411, #3023, #2229, #734, #4369, #1655, #3878, #4063, #3556, #3208, #1332, #2020, #1736, #2497 ) ) ;
#4984 = EDGE_LOOP ( 'NONE', ( #5049, #3857, #953, #4790 ) ) ;
#4985 = VERTEX_POINT ( 'NONE', #1857 ) ;
#4986 = VECTOR ( 'NONE', #645, 1000.000000000000000 ) ;
#4987 = CYLINDRICAL_SURFACE ( 'NONE', #1887, 0.5199999999999926903 ) ;
#4988 = DIRECTION ( 'NONE',  ( 0.000000000000000000, 0.000000000000000000, 1.000000000000000000 ) ) ;
#4989 = CARTESIAN_POINT ( 'NONE',  ( 2.469784543126031462, -36.78948459635397228, 6.315944740516592049 ) ) ;
#4990 = EDGE_LOOP ( 'NONE', ( #3141, #3568, #3389, #3058, #1902 ) ) ;
#4991 = DIRECTION ( 'NONE',  ( 0.000000000000000000, -0.000000000000000000, 1.000000000000000000 ) ) ;
#4992 = ORIENTED_EDGE ( 'NONE', *, *, #4016, .F. ) ;
#4993 = CARTESIAN_POINT ( 'NONE',  ( 11.69978454312601102, -42.66925198007565712, 3.065944740516614253 ) ) ;
#4994 = CARTESIAN_POINT ( 'NONE',  ( 6.499784543125938896, -41.44738966625847354, 8.265944740516619760 ) ) ;
#4995 = EDGE_CURVE ( 'NONE', #3836, #1158, #4118, .T. ) ;
#4996 = DIRECTION ( 'NONE',  ( 0.000000000000000000, 0.000000000000000000, -1.000000000000000000 ) ) ;
#4997 = CARTESIAN_POINT ( 'NONE',  ( 2.079784543126012242, 1.690515403646043024, 6.965944740516595068 ) ) ;
#4998 = LINE ( 'NONE', #3050, #3919 ) ;
#4999 = DIRECTION ( 'NONE',  ( 0.000000000000000000, 1.000000000000000000, 0.000000000000000000 ) ) ;
#5000 = FACE_OUTER_BOUND ( 'NONE', #839, .T. ) ;
#5001 = ORIENTED_EDGE ( 'NONE', *, *, #4447, .T. ) ;
#5002 = ADVANCED_FACE ( 'NONE', ( #1029 ), #3786, .T. ) ;
#5003 = ORIENTED_EDGE ( 'NONE', *, *, #390, .F. ) ;
#5004 = CARTESIAN_POINT ( 'NONE',  ( -2.600215456873987918, -0.8853714333019864213, 8.915944740516630773 ) ) ;
#5005 = CARTESIAN_POINT ( 'NONE',  ( -3.250215456873986497, -36.16925198007566422, -0.1840552594834037048 ) ) ;
#5006 = CARTESIAN_POINT ( 'NONE',  ( 13.00108454312601047, -37.81377511272484071, -10.68965810901833002 ) ) ;
#5007 = ORIENTED_EDGE ( 'NONE', *, *, #940, .T. ) ;
#5008 = ORIENTED_EDGE ( 'NONE', *, *, #3260, .F. ) ;
#5009 = VERTEX_POINT ( 'NONE', #3377 ) ;
#5010 = VECTOR ( 'NONE', #4750, 1000.000000000000000 ) ;
#5011 = ORIENTED_EDGE ( 'NONE', *, *, #169, .F. ) ;
#5012 = AXIS2_PLACEMENT_3D ( 'NONE', #443, #3586, #4746 ) ;
#5013 = DIRECTION ( 'NONE',  ( 1.000000000000000000, 0.000000000000000000, 0.000000000000000000 ) ) ;
#5014 = CARTESIAN_POINT ( 'NONE',  ( -0.0002154568739891427412, -0.8853714333019864213, 9.567244740516594348 ) ) ;
#5015 = CARTESIAN_POINT ( 'NONE',  ( -7.396168419277810990, 0.1015486463022569480, 6.965944740516595068 ) ) ;
#5016 = EDGE_CURVE ( 'NONE', #3733, #3596, #1452, .T. ) ;
#5017 = ORIENTED_EDGE ( 'NONE', *, *, #323, .T. ) ;
#5018 = CARTESIAN_POINT ( 'NONE',  ( 12.34978454312601315, -3.669251980075659780, -9.284055259483404043 ) ) ;
#5019 = ORIENTED_EDGE ( 'NONE', *, *, #3239, .F. ) ;
#5020 = CARTESIAN_POINT ( 'NONE',  ( -7.396168419277810990, 0.1015486463022569480, 8.915944740516637879 ) ) ;
#5021 = EDGE_CURVE ( 'NONE', #3487, #4531, #1414, .T. ) ;
#5022 = LINE ( 'NONE', #674, #51 ) ;
#5023 = DIRECTION ( 'NONE',  ( -1.000000000000000000, 0.000000000000000000, 0.000000000000000000 ) ) ;
#5024 = DIRECTION ( 'NONE',  ( -0.000000000000000000, -1.000000000000000000, -0.000000000000000000 ) ) ;
#5025 = DIRECTION ( 'NONE',  ( -1.000000000000000000, 0.000000000000000000, 3.469446951953632727E-15 ) ) ;
#5026 = EDGE_LOOP ( 'NONE', ( #2743, #2284, #448, #4901 ) ) ;
#5027 = DIRECTION ( 'NONE',  ( -0.000000000000000000, -1.000000000000000000, -0.000000000000000000 ) ) ;
#5028 = CIRCLE ( 'NONE', #4536, 1.950000000000000400 ) ;
#5029 = CARTESIAN_POINT ( 'NONE',  ( -3.250215456873989606, 37.93074801992433720, -7.334055259483403866 ) ) ;
#5030 = FACE_OUTER_BOUND ( 'NONE', #1000, .T. ) ;
#5031 = ORIENTED_EDGE ( 'NONE', *, *, #3956, .T. ) ;
#5032 = EDGE_CURVE ( 'NONE', #2265, #247, #2772, .T. ) ;
#5033 = PLANE ( 'NONE',  #3685 ) ;
#5034 = ORIENTED_EDGE ( 'NONE', *, *, #1782, .T. ) ;
#5035 = ORIENTED_EDGE ( 'NONE', *, *, #2986, .T. ) ;
#5036 = ORIENTED_EDGE ( 'NONE', *, *, #1803, .F. ) ;
#5037 = EDGE_CURVE ( 'NONE', #3021, #1798, #4167, .T. ) ;
#5038 = LINE ( 'NONE', #3006, #2256 ) ;
#5039 = EDGE_LOOP ( 'NONE', ( #1780, #503, #3003, #1223 ) ) ;
#5040 = CARTESIAN_POINT ( 'NONE',  ( -0.0002154568739895456307, -0.8853714333019864213, 9.567244740516594348 ) ) ;
#5041 = ORIENTED_EDGE ( 'NONE', *, *, #1406, .F. ) ;
#5042 = VECTOR ( 'NONE', #2044, 1000.000000000000000 ) ;
#5043 = CARTESIAN_POINT ( 'NONE',  ( 6.373846951991574805, -2.279166756933607818, 6.965944740516595068 ) ) ;
#5044 = CARTESIAN_POINT ( 'NONE',  ( 3.249784543126012171, 13.65941950360783430, -7.334055259483403866 ) ) ;
#5045 = DIRECTION ( 'NONE',  ( -0.000000000000000000, -0.000000000000000000, 1.000000000000000000 ) ) ;
#5046 = DIRECTION ( 'NONE',  ( -1.000000000000000000, 5.421010862427522786E-17, 3.469446951953614189E-15 ) ) ;
#5047 = DIRECTION ( 'NONE',  ( -3.469446951953614189E-15, 0.000000000000000000, -1.000000000000000000 ) ) ;
#5048 = CIRCLE ( 'NONE', #4733, 2.600000000000000533 ) ;
#5049 = ORIENTED_EDGE ( 'NONE', *, *, #132, .T. ) ;
#5050 = CARTESIAN_POINT ( 'NONE',  ( -0.0002154568739454306911, -36.78948459635397938, 6.315944740516594713 ) ) ;
#5051 = VECTOR ( 'NONE', #3048, 1000.000000000000000 ) ;
#5052 = DIRECTION ( 'NONE',  ( 0.000000000000000000, 0.000000000000000000, 1.000000000000000000 ) ) ;
#5053 = LINE ( 'NONE', #4210, #4214 ) ;
#5054 = VERTEX_POINT ( 'NONE', #1387 ) ;
#5055 = PLANE ( 'NONE',  #3350 ) ;
#5056 = VERTEX_POINT ( 'NONE', #4510 ) ;
#5057 = ORIENTED_EDGE ( 'NONE', *, *, #756, .F. ) ;
#5058 = EDGE_CURVE ( 'NONE', #1369, #5063, #4004, .T. ) ;
#5059 = ORIENTED_EDGE ( 'NONE', *, *, #1477, .F. ) ;
#5060 = ADVANCED_FACE ( 'NONE', ( #214 ), #3711, .F. ) ;
#5061 = DIRECTION ( 'NONE',  ( -0.000000000000000000, -0.000000000000000000, -1.000000000000000000 ) ) ;
#5062 = EDGE_CURVE ( 'NONE', #4753, #3830, #595, .T. ) ;
#5063 = VERTEX_POINT ( 'NONE', #955 ) ;
#5064 = CARTESIAN_POINT ( 'NONE',  ( -7.150215456873968201, -40.92537143330197580, 6.315944740516597378 ) ) ;
#5065 = AXIS2_PLACEMENT_3D ( 'NONE', #3354, #651, #622 ) ;
#5066 = VERTEX_POINT ( 'NONE', #2239 ) ;
#5067 = DIRECTION ( 'NONE',  ( -1.000000000000000000, 1.084202172485504434E-16, 0.000000000000000000 ) ) ;
#5068 = APPLICATION_PROTOCOL_DEFINITION ( 'draft international standard', 'automotive_design', 1998, #3652 ) ;
#5069 = DIRECTION ( 'NONE',  ( 1.000000000000000000, 1.084202172485504557E-16, 0.000000000000000000 ) ) ;
#5070 = LINE ( 'NONE', #1550, #3535 ) ;
#5071 = CARTESIAN_POINT ( 'NONE',  ( -6.876168419277810528, 0.1015486463022569480, 9.567244740516594348 ) ) ;
#5072 = FACE_OUTER_BOUND ( 'NONE', #3471, .T. ) ;
#5073 = EDGE_CURVE ( 'NONE', #1427, #3430, #2573, .T. ) ;
#5074 = VECTOR ( 'NONE', #1253, 1000.000000000000000 ) ;
#5075 = VERTEX_POINT ( 'NONE', #2549 ) ;
#5076 = DIRECTION ( 'NONE',  ( -1.000000000000000000, 0.000000000000000000, -1.334402673828315055E-14 ) ) ;
#5077 = VECTOR ( 'NONE', #2223, 1000.000000000000000 ) ;
#5078 = AXIS2_PLACEMENT_3D ( 'NONE', #3075, #319, #5023 ) ;
#5079 = CARTESIAN_POINT ( 'NONE',  ( -0.0002154568740620318914, -55.66925198007567133, 8.265944740516607325 ) ) ;
#5080 = FACE_OUTER_BOUND ( 'NONE', #4630, .T. ) ;
#5081 = AXIS2_PLACEMENT_3D ( 'NONE', #4922, #3409, #2189 ) ;
#5082 = ORIENTED_EDGE ( 'NONE', *, *, #976, .F. ) ;
#5083 = CARTESIAN_POINT ( 'NONE',  ( -11.40171989258305096, -31.15874402127827381, -4.238012050511617446 ) ) ;
#5084 = ORIENTED_EDGE ( 'NONE', *, *, #1953, .F. ) ;
#5085 = EDGE_LOOP ( 'NONE', ( #3053, #1553, #2385, #5017 ) ) ;
#5086 = VERTEX_POINT ( 'NONE', #1749 ) ;
ENDSEC;
END-ISO-10303-21;
