ISO-10303-21;
HEADER;
FILE_DESCRIPTION (( 'STEP AP214' ),
    '1' );
FILE_NAME ('palm_and_wrist_v1.STEP',
    '2026-09-02T18:43:23',
    ( '' ),
    ( '' ),
    'SwSTEP 2.0',
    'SolidWorks 2026',
    '' );
FILE_SCHEMA (( 'AUTOMOTIVE_DESIGN' ));
ENDSEC;

DATA;
#1 = CARTESIAN_POINT ( 'NONE',  ( -10.04835707264719957, -67.80806341847907959, 22.77165118949711342 ) ) ;
#2 = ORIENTED_EDGE ( 'NONE', *, *, #2361, .F. ) ;
#3 = LINE ( 'NONE', #1236, #5816 ) ;
#4 = DIRECTION ( 'NONE',  ( -0.000000000000000000, -0.000000000000000000, -1.000000000000000000 ) ) ;
#5 = CARTESIAN_POINT ( 'NONE',  ( -25.44682351704895140, -77.89877571810220047, 16.04233283124336751 ) ) ;
#6 = EDGE_CURVE ( 'NONE', #2905, #2970, #5029, .T. ) ;
#7 = CARTESIAN_POINT ( 'NONE',  ( 2.602216207361173872, -74.53547105990833188, -0.5607739519211587531 ) ) ;
#8 = CARTESIAN_POINT ( 'NONE',  ( -1.082698699461771996, -77.00000000000004263, -4.999993507789653790 ) ) ;
#9 = CARTESIAN_POINT ( 'NONE',  ( 24.98891076837313463, -57.72388461084813827, 23.68205322983632755 ) ) ;
#10 = CARTESIAN_POINT ( 'NONE',  ( -24.39420752376032908, -58.17597901861451959, 21.95082462590691819 ) ) ;
#11 = VERTEX_POINT ( 'NONE', #4342 ) ;
#12 = ORIENTED_EDGE ( 'NONE', *, *, #2653, .F. ) ;
#13 = CARTESIAN_POINT ( 'NONE',  ( -16.87180702193323256, -74.00000000000004263, 10.51135254540286290 ) ) ;
#14 = CARTESIAN_POINT ( 'NONE',  ( 39.06944322142289394, -42.70550039873476322, 1.691763034652702391 ) ) ;
#15 = CARTESIAN_POINT ( 'NONE',  ( -10.11872895088683144, -75.65164016630458832, 0.4585716118607985892 ) ) ;
#16 = CARTESIAN_POINT ( 'NONE',  ( 19.34742661900737914, -69.35742465777762789, 4.980879854052220779 ) ) ;
#17 = CARTESIAN_POINT ( 'NONE',  ( -16.22385422613385231, -74.00000000000005684, 21.71063792225261224 ) ) ;
#18 = CARTESIAN_POINT ( 'NONE',  ( -21.55429423148305901, -72.75642737505836521, 6.952226453951579010 ) ) ;
#19 = FACE_OUTER_BOUND ( 'NONE', #3718, .T. ) ;
#20 = ORIENTED_EDGE ( 'NONE', *, *, #2518, .T. ) ;
#21 = EDGE_LOOP ( 'NONE', ( #5132, #827, #637, #6777 ) ) ;
#22 = CARTESIAN_POINT ( 'NONE',  ( 17.74748603729677043, -74.00000000000004263, 12.49999999999993783 ) ) ;
#23 = CARTESIAN_POINT ( 'NONE',  ( 24.77787623129914962, -77.77967650617952700, 7.589521347693326980 ) ) ;
#24 = CARTESIAN_POINT ( 'NONE',  ( -17.37213960546791469, -61.66124922455632884, 3.703631489777678087 ) ) ;
#25 = CARTESIAN_POINT ( 'NONE',  ( 12.40954253034202281, -62.29188862515742642, 21.65636224252917685 ) ) ;
#26 = VECTOR ( 'NONE', #6176, 999.9999999999998863 ) ;
#27 = ORIENTED_EDGE ( 'NONE', *, *, #816, .T. ) ;
#28 = CARTESIAN_POINT ( 'NONE',  ( -16.66666666666668206, -60.00000000000004974, 25.00000000000000355 ) ) ;
#29 = DIRECTION ( 'NONE',  ( -0.000000000000000000, -0.000000000000000000, -1.000000000000000000 ) ) ;
#30 = CARTESIAN_POINT ( 'NONE',  ( 21.37918666975486559, -58.04902566657506924, 12.49999999999999822 ) ) ;
#31 = DIRECTION ( 'NONE',  ( 0.000000000000000000, -1.000000000000000000, 0.000000000000000000 ) ) ;
#32 = LINE ( 'NONE', #3852, #4308 ) ;
#33 = CARTESIAN_POINT ( 'NONE',  ( -11.09210836080178630, -67.73671542937692891, 22.57213141337529549 ) ) ;
#34 = ORIENTED_EDGE ( 'NONE', *, *, #6100, .T. ) ;
#35 = CARTESIAN_POINT ( 'NONE',  ( -25.05344282515679311, -57.72388461084814537, -1.135629170736737192 ) ) ;
#36 = CARTESIAN_POINT ( 'NONE',  ( 21.74775065650134920, -67.56107566980453782, 17.88007936870130976 ) ) ;
#37 = CARTESIAN_POINT ( 'NONE',  ( -25.44682351704895140, -77.89877571810217205, 8.957667168756641374 ) ) ;
#38 = CARTESIAN_POINT ( 'NONE',  ( 1.299882894431884317, -74.54403182478830558, -0.6294118300352202766 ) ) ;
#39 = CARTESIAN_POINT ( 'NONE',  ( -5.372574769376429416, -77.00000000000008527, -4.637840178250190348 ) ) ;
#40 = DIRECTION ( 'NONE',  ( 1.000000000000000000, 1.330321911110254514E-16, -0.000000000000000000 ) ) ;
#41 = CARTESIAN_POINT ( 'NONE',  ( -21.27786486927696785, -59.81605684644530641, 21.42399861584205922 ) ) ;
#42 = B_SPLINE_SURFACE_WITH_KNOTS ( 'NONE', 3, 1, ( 
 ( #4413, #4377 ),
 ( #4491, #1718 ),
 ( #5579, #4923 ),
 ( #592, #5619 ),
 ( #3868, #3424 ),
 ( #5072, #85 ),
 ( #13, #1791 ),
 ( #162, #2276 ),
 ( #667, #6033 ),
 ( #2852, #6183 ),
 ( #1828, #2351 ),
 ( #1175, #6690 ),
 ( #3939, #6580 ),
 ( #3352, #1678 ),
 ( #3827, #707 ),
 ( #6144, #6728 ),
 ( #1287, #555 ),
 ( #3528, #744 ),
 ( #2925, #2995 ),
 ( #3026, #5106 ),
 ( #1862, #304 ),
 ( #2110, #388 ),
 ( #5971, #3641 ),
 ( #1619, #4790 ),
 ( #1585, #5403 ),
 ( #3772, #5434 ),
 ( #1073, #4724 ),
 ( #5330, #1514 ),
 ( #4309, #3252 ),
 ( #527, #5835 ),
 ( #3180, #456 ),
 ( #2644, #5932 ),
 ( #7052, #7019 ),
 ( #4166, #3703 ),
 ( #6916, #932 ),
 ( #1546, #4822 ),
 ( #5896, #2011 ),
 ( #1003, #6372 ),
 ( #3674, #6517 ),
 ( #1476, #2574 ),
 ( #3110, #5295 ),
 ( #4268, #4756 ),
 ( #5369, #6480 ),
 ( #424, #5867 ),
 ( #6951, #2043 ),
 ( #4204, #6414 ),
 ( #3736, #1040 ),
 ( #969, #4858 ),
 ( #3145, #3218 ),
 ( #2612, #491 ),
 ( #6987, #2076 ),
 ( #2682, #2144 ),
 ( #4237, #6445 ),
 ( #3879, #7088 ),
 ( #5008, #5474 ),
 ( #2251, #2215 ),
 ( #2752, #1219 ),
 ( #22, #4389 ) ),
 .UNSPECIFIED., .F., .F., .F.,
 ( 4, 2, 2, 2, 2, 2, 2, 2, 2, 2, 2, 2, 2, 2, 2, 2, 2, 2, 2, 2, 2, 2, 2, 2, 2, 2, 2, 2, 4 ),
 ( 2, 2 ),
 ( 0.000000000000000000, 0.03125000000000042327, 0.04687500000000058287, 0.05468750000000061756, 0.06250000000000063838, 0.09375000000000056899, 0.1250000000000004163, 0.1875000000000003608, 0.2187500000000004163, 0.2500000000000004441, 0.3125000000000004441, 0.3750000000000004996, 0.4062500000000004996, 0.4375000000000004996, 0.5000000000000004441, 0.6250000000000003331, 0.6562500000000003331, 0.6875000000000003331, 0.7500000000000002220, 0.7812500000000001110, 0.8125000000000000000, 0.8749999999999998890, 0.9062499999999998890, 0.9218749999999997780, 0.9374999999999997780, 0.9453124999999997780, 0.9531249999999997780, 0.9687499999999998890, 1.000000000000000000 ),
 ( 0.000000000000000000, 1.000000000000000000 ),
 .UNSPECIFIED. ) ;
#43 = EDGE_CURVE ( 'NONE', #7050, #312, #4262, .T. ) ;
#44 = ORIENTED_EDGE ( 'NONE', *, *, #3072, .F. ) ;
#45 = EDGE_CURVE ( 'NONE', #5226, #5853, #6311, .T. ) ;
#46 = VERTEX_POINT ( 'NONE', #5996 ) ;
#47 = DIRECTION ( 'NONE',  ( -0.000000000000000000, -0.000000000000000000, -1.000000000000000000 ) ) ;
#48 = CARTESIAN_POINT ( 'NONE',  ( -13.64424412175135437, -31.63661590615784291, 12.50000000000000000 ) ) ;
#49 = CARTESIAN_POINT ( 'NONE',  ( -8.429233349919657670, -71.81944725527557694, 0.9897258344530217578 ) ) ;
#50 = CARTESIAN_POINT ( 'NONE',  ( -0.4795556472148171934, -74.00000000000004263, -0.4695910311196913045 ) ) ;
#51 = CARTESIAN_POINT ( 'NONE',  ( 17.01169957695922008, -69.75792238870094764, 3.952078987501141061 ) ) ;
#52 = CARTESIAN_POINT ( 'NONE',  ( -7.844373268679103006, -74.00000000000001421, 24.68627984868213332 ) ) ;
#53 = CARTESIAN_POINT ( 'NONE',  ( -21.74775065650146999, -67.56107566981631862, 7.119920631298120028 ) ) ;
#54 = DIRECTION ( 'NONE',  ( -0.4999999999999951150, 0.8660254037844414832, 0.000000000000000000 ) ) ;
#55 = CARTESIAN_POINT ( 'NONE',  ( 40.20000000000000284, -44.31902001999193175, 0.000000000000000000 ) ) ;
#56 = EDGE_LOOP ( 'NONE', ( #3601, #6068, #5831 ) ) ;
#57 = EDGE_CURVE ( 'NONE', #2541, #3471, #6034, .T. ) ;
#58 = VERTEX_POINT ( 'NONE', #1064 ) ;
#59 = CARTESIAN_POINT ( 'NONE',  ( -39.57568602117947876, 48.67994325361411256, 2.056705095140153094 ) ) ;
#60 = CARTESIAN_POINT ( 'NONE',  ( 21.20681151644157225, -77.77967650617954121, 2.300147199530596431 ) ) ;
#61 = CARTESIAN_POINT ( 'NONE',  ( -18.58320860325472168, -69.49411159242731628, 4.638925927902996627 ) ) ;
#62 = CARTESIAN_POINT ( 'NONE',  ( 38.50000000000000000, 35.00000000000000711, 0.000000000000000000 ) ) ;
#63 = CARTESIAN_POINT ( 'NONE',  ( 10.72991679975620727, -65.12387115130552218, 22.18223634350430373 ) ) ;
#64 = EDGE_CURVE ( 'NONE', #2707, #2538, #500, .T. ) ;
#65 = EDGE_LOOP ( 'NONE', ( #294, #6356, #3978, #6701 ) ) ;
#66 = CARTESIAN_POINT ( 'NONE',  ( -7.181129364893398481, -59.40752366131756190, 24.87619070880220562 ) ) ;
#67 = CARTESIAN_POINT ( 'NONE',  ( -15.90764138402863459, -74.00000000000002842, 9.054935570461912775 ) ) ;
#68 = DIRECTION ( 'NONE',  ( -0.000000000000000000, -0.000000000000000000, -1.000000000000000000 ) ) ;
#69 = CARTESIAN_POINT ( 'NONE',  ( -39.99999999999997868, -46.31902001999193885, 12.50000000000000000 ) ) ;
#70 = CARTESIAN_POINT ( 'NONE',  ( -35.56594082184663819, 49.80090608293056675, 0.2157325980803709853 ) ) ;
#71 = CARTESIAN_POINT ( 'NONE',  ( -5.031986813495211486, -73.21417747167427592, 24.94479774505311198 ) ) ;
#72 = CIRCLE ( 'NONE', #6371, 2.499999999999995115 ) ;
#73 = ORIENTED_EDGE ( 'NONE', *, *, #2158, .F. ) ;
#74 = CARTESIAN_POINT ( 'NONE',  ( -25.00000000000000000, -60.00000000000003553, -0.1943496976916903873 ) ) ;
#75 = AXIS2_PLACEMENT_3D ( 'NONE', #1526, #6965, #5380 ) ;
#76 = CARTESIAN_POINT ( 'NONE',  ( 21.37334883214526116, -57.94978242721190043, 12.50000000000000000 ) ) ;
#77 = CARTESIAN_POINT ( 'NONE',  ( -24.64196912394495342, -77.00000000000004263, 6.918193014638953642 ) ) ;
#78 = CARTESIAN_POINT ( 'NONE',  ( 4.594442449191466160, -68.06437127110639551, 1.450579692877378202 ) ) ;
#79 = CARTESIAN_POINT ( 'NONE',  ( 19.23227741387912459, -77.00000000000004263, 0.7010731637590731369 ) ) ;
#80 = CARTESIAN_POINT ( 'NONE',  ( 19.06165324956873874, -59.68543449851146931, 3.499999999999997780 ) ) ;
#81 = CARTESIAN_POINT ( 'NONE',  ( -19.28701520035902561, -60.07331372679336567, 21.41889212146338295 ) ) ;
#82 = EDGE_CURVE ( 'NONE', #5993, #6651, #4814, .T. ) ;
#83 = ORIENTED_EDGE ( 'NONE', *, *, #4698, .T. ) ;
#84 = EDGE_LOOP ( 'NONE', ( #742, #1496, #1927, #5978, #755 ) ) ;
#85 = CARTESIAN_POINT ( 'NONE',  ( -16.91644020938782589, -77.00000000000004263, 10.61028577838294318 ) ) ;
#86 = CARTESIAN_POINT ( 'NONE',  ( 25.00000000000000000, -60.00000000000003553, 25.38869939538331622 ) ) ;
#87 = CARTESIAN_POINT ( 'NONE',  ( -7.273716032205705062, -71.85873996787123019, 0.7793092141837719700 ) ) ;
#88 = DIRECTION ( 'NONE',  ( -0.000000000000000000, -0.000000000000000000, -1.000000000000000000 ) ) ;
#89 = CARTESIAN_POINT ( 'NONE',  ( 20.16261887503427630, -66.54152489061728204, 4.895796183093485965 ) ) ;
#90 = CARTESIAN_POINT ( 'NONE',  ( 4.932654410396068556, -74.00000000000001421, 25.17181357731038460 ) ) ;
#91 = EDGE_CURVE ( 'NONE', #5280, #4318, #4686, .T. ) ;
#92 = CARTESIAN_POINT ( 'NONE',  ( -21.53312115140107608, -60.72019528046947556, 8.851315462574097737 ) ) ;
#93 = VECTOR ( 'NONE', #4815, 1000.000000000000000 ) ;
#94 = CARTESIAN_POINT ( 'NONE',  ( 25.86574135804053753, -74.00000000000004263, 14.55223283043428495 ) ) ;
#95 = DIRECTION ( 'NONE',  ( -1.000000000000000000, 0.000000000000000000, 0.000000000000000000 ) ) ;
#96 = ORIENTED_EDGE ( 'NONE', *, *, #2160, .F. ) ;
#97 = ORIENTED_EDGE ( 'NONE', *, *, #6194, .T. ) ;
#98 = CARTESIAN_POINT ( 'NONE',  ( -15.48328148753916444, -77.00000000000005684, -1.589179874563209527 ) ) ;
#99 = AXIS2_PLACEMENT_3D ( 'NONE', #2172, #1097, #4341 ) ;
#100 = CARTESIAN_POINT ( 'NONE',  ( -23.26286136411586014, -59.57110667491998868, 3.558532079857319896 ) ) ;
#101 = EDGE_CURVE ( 'NONE', #2774, #5578, #5939, .T. ) ;
#102 = CARTESIAN_POINT ( 'NONE',  ( 14.99220808539822691, -67.34662041273932687, 21.62530888277409957 ) ) ;
#103 = EDGE_LOOP ( 'NONE', ( #2275, #6268, #5082, #5565 ) ) ;
#104 = CARTESIAN_POINT ( 'NONE',  ( 1.556906051385461343, -77.00000000000007105, 30.00000000000000355 ) ) ;
#105 = CARTESIAN_POINT ( 'NONE',  ( 39.99999999999999289, 40.00000000000000711, 25.00000000000000000 ) ) ;
#106 = FACE_OUTER_BOUND ( 'NONE', #5046, .T. ) ;
#107 = CARTESIAN_POINT ( 'NONE',  ( 15.21300846162359832, -77.00000000000004263, 8.399900304637071713 ) ) ;
#108 = DIRECTION ( 'NONE',  ( 0.000000000000000000, -0.000000000000000000, -1.000000000000000000 ) ) ;
#109 = CARTESIAN_POINT ( 'NONE',  ( -35.95132485674075440, 48.72063883210078217, 0.3046098953979452517 ) ) ;
#110 = CARTESIAN_POINT ( 'NONE',  ( -1.003561322430595926, -60.41263196288621629, 21.47311775300519798 ) ) ;
#111 = AXIS2_PLACEMENT_3D ( 'NONE', #6853, #4928, #5301 ) ;
#112 = ORIENTED_EDGE ( 'NONE', *, *, #5882, .F. ) ;
#113 = CARTESIAN_POINT ( 'NONE',  ( -25.92971761545420861, -77.89877571810215784, 10.70887418831096660 ) ) ;
#114 = CARTESIAN_POINT ( 'NONE',  ( 21.64377600355116371, -63.46104049969343919, 17.41501057208816050 ) ) ;
#115 = CARTESIAN_POINT ( 'NONE',  ( -25.00000000000000000, -60.00000000000003553, 2.083333333333332149 ) ) ;
#116 = CARTESIAN_POINT ( 'NONE',  ( 1.330460493209777884, -75.82870453950668832, -1.007256746128859959 ) ) ;
#117 = CARTESIAN_POINT ( 'NONE',  ( -8.499447118515741195, -77.00000000000005684, -4.054528901248033890 ) ) ;
#118 = DIRECTION ( 'NONE',  ( 0.000000000000000000, -1.000000000000000000, 0.000000000000000000 ) ) ;
#119 = EDGE_CURVE ( 'NONE', #5007, #1887, #3582, .T. ) ;
#120 = CARTESIAN_POINT ( 'NONE',  ( -16.28415423009185048, -60.47400948781522345, 21.45079207908140262 ) ) ;
#121 = B_SPLINE_CURVE_WITH_KNOTS ( 'NONE', 3,
 ( #1170, #3348, #6067, #5538, #623, #3865 ),
 .UNSPECIFIED., .F., .F.,
 ( 4, 2, 4 ),
 ( 0.0008452678299728282269, 0.003325877550671487663, 0.005806487271370147640 ),
 .UNSPECIFIED. ) ;
#122 = VERTEX_POINT ( 'NONE', #6581 ) ;
#123 = EDGE_LOOP ( 'NONE', ( #1173, #3008, #3305, #1839, #6699 ) ) ;
#124 = CARTESIAN_POINT ( 'NONE',  ( 25.42915365049180210, -77.00000000000004263, 8.732415513957795028 ) ) ;
#125 = CARTESIAN_POINT ( 'NONE',  ( -43.50000000000000000, 55.00000000000000711, 10.00000000000000000 ) ) ;
#126 = CARTESIAN_POINT ( 'NONE',  ( -8.779300601199659937, -74.40388009895680455, 0.4123192338163580439 ) ) ;
#127 = DIRECTION ( 'NONE',  ( -1.000000000000000000, 0.000000000000000000, 0.000000000000000000 ) ) ;
#128 = CARTESIAN_POINT ( 'NONE',  ( 19.35926881383682741, -72.03633394692400316, 5.243744489157265321 ) ) ;
#129 = DIRECTION ( 'NONE',  ( -1.000000000000000000, 0.000000000000000000, 0.000000000000000000 ) ) ;
#130 = CARTESIAN_POINT ( 'NONE',  ( -21.86567313722191486, -66.31929561351500979, 12.50000000000000355 ) ) ;
#131 = DIRECTION ( 'NONE',  ( 0.000000000000000000, 0.000000000000000000, 1.000000000000000000 ) ) ;
#132 = CARTESIAN_POINT ( 'NONE',  ( -40.19999999999998863, 50.00000000000000711, 12.50000000000000000 ) ) ;
#133 = ORIENTED_EDGE ( 'NONE', *, *, #4514, .F. ) ;
#134 = ORIENTED_EDGE ( 'NONE', *, *, #2455, .F. ) ;
#135 = CARTESIAN_POINT ( 'NONE',  ( -40.14215378980049564, 49.54594360681640808, 2.524524513437285567 ) ) ;
#136 = CARTESIAN_POINT ( 'NONE',  ( 10.60879064121276905, -77.77967650617955542, -3.715404316147629338 ) ) ;
#137 = VECTOR ( 'NONE', #2246, 1000.000000000000000 ) ;
#138 = B_SPLINE_CURVE_WITH_KNOTS ( 'NONE', 3,
 ( #5780, #912, #2561, #2161, #5951, #7003, #1562, #2092, #5419, #6498 ),
 .UNSPECIFIED., .F., .F.,
 ( 4, 2, 2, 2, 4 ),
 ( -3.580632689901894471E-05, 0.007069103376237676623, 0.01417401307937437259, 0.02127892278251107203, 0.02838383248564776626 ),
 .UNSPECIFIED. ) ;
#139 = CARTESIAN_POINT ( 'NONE',  ( -21.14947223478099048, -71.60845880771118743, 6.470724782154094079 ) ) ;
#140 = CARTESIAN_POINT ( 'NONE',  ( 11.86602652514177692, -72.94807336473694193, 23.37411120133337050 ) ) ;
#141 = ORIENTED_EDGE ( 'NONE', *, *, #3296, .T. ) ;
#142 = EDGE_CURVE ( 'NONE', #2075, #2820, #1679, .T. ) ;
#143 = ADVANCED_FACE ( 'NONE', ( #2776 ), #2069, .F. ) ;
#144 = CARTESIAN_POINT ( 'NONE',  ( -10.60879064121277260, -77.77967650617954121, 28.71540431614763733 ) ) ;
#145 = CARTESIAN_POINT ( 'NONE',  ( -10.38272388411741431, -74.00000000000005684, 5.482429691307141972 ) ) ;
#146 = CARTESIAN_POINT ( 'NONE',  ( 36.00000000000000711, 35.00000000000000711, 3.499999999999999556 ) ) ;
#147 = CARTESIAN_POINT ( 'NONE',  ( -1.791487525089135779, -77.00000000000004263, 3.687517655318183429 ) ) ;
#148 = CARTESIAN_POINT ( 'NONE',  ( 21.64607475027663952, -76.00069313373522562, 22.19513932382975696 ) ) ;
#149 = FACE_OUTER_BOUND ( 'NONE', #4529, .T. ) ;
#150 = CARTESIAN_POINT ( 'NONE',  ( -4.920255503264899133, -71.92701029789076017, 24.59583197452635517 ) ) ;
#151 = B_SPLINE_CURVE_WITH_KNOTS ( 'NONE', 3,
 ( #1748, #4564, #703, #5685 ),
 .UNSPECIFIED., .F., .F.,
 ( 4, 4 ),
 ( 0.5000000000000000000, 0.7506793542257194085 ),
 .UNSPECIFIED. ) ;
#152 = ORIENTED_EDGE ( 'NONE', *, *, #361, .F. ) ;
#153 = CARTESIAN_POINT ( 'NONE',  ( -25.08282398096125831, -77.00000000000005684, 7.799902728671564311 ) ) ;
#154 = CARTESIAN_POINT ( 'NONE',  ( 22.01847730053734864, -71.77498915702992122, 15.61507521449510172 ) ) ;
#155 = CARTESIAN_POINT ( 'NONE',  ( 22.02978123891413276, -69.10913334228271765, 11.25276910082476967 ) ) ;
#156 = CARTESIAN_POINT ( 'NONE',  ( 2.424533570873908417, -70.68004276494271210, 0.5550033624445347424 ) ) ;
#157 = CARTESIAN_POINT ( 'NONE',  ( -25.42915597759230906, -77.00000000000004263, 8.732421813493745688 ) ) ;
#158 = FACE_OUTER_BOUND ( 'NONE', #1205, .T. ) ;
#159 = CARTESIAN_POINT ( 'NONE',  ( -19.35178423752243049, -68.02047447423576898, 20.17360827705184434 ) ) ;
#160 = ORIENTED_EDGE ( 'NONE', *, *, #2170, .T. ) ;
#161 = ORIENTED_EDGE ( 'NONE', *, *, #1876, .F. ) ;
#162 = CARTESIAN_POINT ( 'NONE',  ( -16.77618712260960976, -74.00000000000004263, 10.31722037005673798 ) ) ;
#163 = CARTESIAN_POINT ( 'NONE',  ( 40.20000000000162288, -44.31902001999442575, 2.576389018814377874 ) ) ;
#164 = CARTESIAN_POINT ( 'NONE',  ( -12.90338135548898002, -66.24148277433826593, 3.010922953078939202 ) ) ;
#165 = DIRECTION ( 'NONE',  ( -0.000000000000000000, -0.000000000000000000, -1.000000000000000000 ) ) ;
#166 = CARTESIAN_POINT ( 'NONE',  ( 18.43926551569427374, -64.17068719332664273, 4.106606694777396704 ) ) ;
#167 = CARTESIAN_POINT ( 'NONE',  ( 0.9753408198002931906, -74.00000000000007105, 25.46044385558578327 ) ) ;
#168 = CARTESIAN_POINT ( 'NONE',  ( 12.36694661346228408, -77.00000000000004263, 18.54794120696535487 ) ) ;
#169 = CARTESIAN_POINT ( 'NONE',  ( 25.99999999999999645, -74.00000000000004263, 12.50000000000000000 ) ) ;
#170 = CYLINDRICAL_SURFACE ( 'NONE', #1387, 2.499999999999995115 ) ;
#171 = ORIENTED_EDGE ( 'NONE', *, *, #281, .T. ) ;
#172 = VERTEX_POINT ( 'NONE', #4231 ) ;
#173 = B_SPLINE_CURVE_WITH_KNOTS ( 'NONE', 3,
 ( #2006, #2945, #255, #2371, #5862, #5641, #799, #2982, #927, #1307, #6946, #4590, #6819, #5325, #5829, #1467, #4552, #5290 ),
 .UNSPECIFIED., .F., .F.,
 ( 4, 2, 2, 2, 2, 2, 2, 2, 4 ),
 ( 0.002091149875409824537, 0.002673216412142297247, 0.003255282948874769957, 0.003837349485607242667, 0.004419416022339715810, 0.005001482559072187653, 0.005583549095804661230, 0.006165615632537133073, 0.006747682169269606650 ),
 .UNSPECIFIED. ) ;
#174 = CARTESIAN_POINT ( 'NONE',  ( 3.160864686869990781, -77.77967650617955542, -5.130098925543097543 ) ) ;
#175 = CARTESIAN_POINT ( 'NONE',  ( -22.32770437604475688, -58.39545370422651160, 3.170993191566521485 ) ) ;
#176 = CARTESIAN_POINT ( 'NONE',  ( 14.94454481775691690, -74.02623207156007368, 22.35573330713786078 ) ) ;
#177 = VERTEX_POINT ( 'NONE', #2674 ) ;
#178 = CARTESIAN_POINT ( 'NONE',  ( 11.45833333333332682, -60.00000000000004263, 25.00000000000000000 ) ) ;
#179 = CARTESIAN_POINT ( 'NONE',  ( 0.000000000000000000, 0.000000000000000000, 12.50000000000000000 ) ) ;
#180 = CARTESIAN_POINT ( 'NONE',  ( 43.39985531344413516, 40.07978881468466170, 16.45810924979078749 ) ) ;
#181 = DIRECTION ( 'NONE',  ( 0.000000000000000000, -1.000000000000000000, 0.000000000000000000 ) ) ;
#182 = DIRECTION ( 'NONE',  ( -0.8571673007021104462, 0.000000000000000000, -0.5150380749100574862 ) ) ;
#183 = CARTESIAN_POINT ( 'NONE',  ( -21.52623737368729451, -71.41306206058129646, 18.69503564363328252 ) ) ;
#184 = EDGE_CURVE ( 'NONE', #4887, #2839, #6510, .T. ) ;
#185 = CARTESIAN_POINT ( 'NONE',  ( -3.147311358002185866, -62.93862521537259624, 22.18566940366254769 ) ) ;
#186 = VERTEX_POINT ( 'NONE', #2352 ) ;
#187 = CARTESIAN_POINT ( 'NONE',  ( -25.00000000000000000, -60.00000000000003553, 25.00000000000000000 ) ) ;
#188 = CARTESIAN_POINT ( 'NONE',  ( 21.53548173089495421, -61.94838717082164692, 4.161554236880636637 ) ) ;
#189 = CARTESIAN_POINT ( 'NONE',  ( 21.74775065650147354, -67.56107566981629020, 7.119920631298105818 ) ) ;
#190 = CARTESIAN_POINT ( 'NONE',  ( -3.107179304898982675E-14, -75.82870453950670253, -1.007256746128858627 ) ) ;
#191 = DIRECTION ( 'NONE',  ( 0.000000000000000000, 0.000000000000000000, 1.000000000000000000 ) ) ;
#192 = CARTESIAN_POINT ( 'NONE',  ( 21.40534760126482539, -58.03392164572551337, 6.499659632394512165 ) ) ;
#193 =( BOUNDED_SURFACE ( )  B_SPLINE_SURFACE ( 3, 1, ( 
 ( #3078, #4205 ),
 ( #1547, #4725 ),
 ( #2077, #5260 ),
 ( #970, #2012 ) ),
 .UNSPECIFIED., .F., .F., .F. ) 
 B_SPLINE_SURFACE_WITH_KNOTS ( ( 4, 4 ),
 ( 2, 2 ),
 ( 0.000000000000000000, 1.000000000000000000 ),
 ( 0.000000000000000000, 1.000000000000000000 ),
 .UNSPECIFIED. ) 
 GEOMETRIC_REPRESENTATION_ITEM ( )  RATIONAL_B_SPLINE_SURFACE ( (
 ( 1.000000000000000000, 1.000000000000000000),
 ( 0.9973887364013744872, 0.9973887364013744872),
 ( 0.9973887364013744872, 0.9973887364013744872),
 ( 1.000000000000000000, 1.000000000000000000) ) ) 
 REPRESENTATION_ITEM ( '' )  SURFACE ( )  );
#194 = ADVANCED_FACE ( 'NONE', ( #4019 ), #2892, .T. ) ;
#195 = CARTESIAN_POINT ( 'NONE',  ( -19.35029129958896732, -64.03022320646726939, 20.73488931338651753 ) ) ;
#196 = VERTEX_POINT ( 'NONE', #1754 ) ;
#197 = AXIS2_PLACEMENT_3D ( 'NONE', #752, #6968, #6932 ) ;
#198 = ORIENTED_EDGE ( 'NONE', *, *, #1800, .T. ) ;
#199 = DIRECTION ( 'NONE',  ( 0.000000000000000000, -0.000000000000000000, -1.000000000000000000 ) ) ;
#200 = CARTESIAN_POINT ( 'NONE',  ( -14.57318501755129603, -71.40267043534099400, 2.847133235516893901 ) ) ;
#201 = B_SPLINE_CURVE_WITH_KNOTS ( 'NONE', 3,
 ( #5847, #6998, #5775, #4736, #6424, #3616, #4703, #6314, #870, #2556, #1525, #6896, #6963, #944, #5809, #366, #1450, #2623 ),
 .UNSPECIFIED., .F., .F.,
 ( 4, 2, 2, 2, 2, 2, 2, 2, 4 ),
 ( 0.006747682169269605783, 0.007328860742811981605, 0.007910039316354356559, 0.008491217889896733248, 0.009072396463439108202, 0.009653575036981484891, 0.01023475361052385985, 0.01081593218406623480, 0.01139711075760861149 ),
 .UNSPECIFIED. ) ;
#202 = CARTESIAN_POINT ( 'NONE',  ( 15.14362717295560579, -75.33455881345446414, 2.537462897320568622 ) ) ;
#203 = CARTESIAN_POINT ( 'NONE',  ( 0.4795556472124127834, -74.00000000000004263, 25.46959103111972311 ) ) ;
#204 = CARTESIAN_POINT ( 'NONE',  ( 1.791487525089147104, -77.00000000000004263, 21.31248234468181479 ) ) ;
#205 = CARTESIAN_POINT ( 'NONE',  ( 21.49077775195243944, -59.52946844029276008, 21.50000000000000000 ) ) ;
#206 = CARTESIAN_POINT ( 'NONE',  ( -25.82352941176470296, -74.00000000000004263, 11.47483980139989690 ) ) ;
#207 = AXIS2_PLACEMENT_3D ( 'NONE', #6729, #1321, #628 ) ;
#208 = CARTESIAN_POINT ( 'NONE',  ( 16.44962808176716251, -74.00000000000004263, 15.24184282572427662 ) ) ;
#209 = ORIENTED_EDGE ( 'NONE', *, *, #2604, .T. ) ;
#210 = CARTESIAN_POINT ( 'NONE',  ( -4.097437745281523824, -59.40752366131755480, 0.1580390040907701243 ) ) ;
#211 = CIRCLE ( 'NONE', #1255, 2.499999999999995115 ) ;
#212 = CARTESIAN_POINT ( 'NONE',  ( -22.68280733128543147, -64.77638884399206631, 5.236751705107398180 ) ) ;
#213 = ADVANCED_FACE ( 'NONE', ( #5620 ), #708, .F. ) ;
#214 = CARTESIAN_POINT ( 'NONE',  ( 17.74467285455518351, -68.29924385868304171, 20.77189699976706549 ) ) ;
#215 = VECTOR ( 'NONE', #2765, 1000.000000000000000 ) ;
#216 = ORIENTED_EDGE ( 'NONE', *, *, #3816, .T. ) ;
#217 = AXIS2_PLACEMENT_3D ( 'NONE', #3298, #5484, #1661 ) ;
#218 = CARTESIAN_POINT ( 'NONE',  ( 13.54166666666666430, -60.00000000000004974, 25.00000000000000000 ) ) ;
#219 = FACE_OUTER_BOUND ( 'NONE', #285, .T. ) ;
#220 = CARTESIAN_POINT ( 'NONE',  ( 39.79140596755602388, 42.80958961046245292, 22.79897080921923447 ) ) ;
#221 = CARTESIAN_POINT ( 'NONE',  ( -16.91644020938782589, -77.00000000000004263, 10.61028577838294318 ) ) ;
#222 = DIRECTION ( 'NONE',  ( -0.000000000000000000, 1.000000000000000000, -0.000000000000000000 ) ) ;
#223 = VECTOR ( 'NONE', #6054, 999.9999999999998863 ) ;
#224 = CARTESIAN_POINT ( 'NONE',  ( -3.964278136171652831E-12, -66.83599553647809444, 23.36234233347339284 ) ) ;
#225 = EDGE_LOOP ( 'NONE', ( #1603, #5806, #5931, #1582 ) ) ;
#226 = CARTESIAN_POINT ( 'NONE',  ( -25.00000000000000000, -60.00000000000003553, 20.83333333333332860 ) ) ;
#227 = CARTESIAN_POINT ( 'NONE',  ( 22.35799744229857211, -74.68880879981819021, 12.50000000000003908 ) ) ;
#228 = CARTESIAN_POINT ( 'NONE',  ( 1.075474961041324118, -64.26665010704130054, 2.393347498713896293 ) ) ;
#229 = CARTESIAN_POINT ( 'NONE',  ( -40.19999999999998863, -44.31902001999193175, 12.50000000000000000 ) ) ;
#230 = CARTESIAN_POINT ( 'NONE',  ( -22.31747927760338612, -74.00000000000004263, 12.50000000000001599 ) ) ;
#231 = CARTESIAN_POINT ( 'NONE',  ( -18.67375795249562387, -72.16455450341162248, 20.17600482595060996 ) ) ;
#232 = AXIS2_PLACEMENT_3D ( 'NONE', #3742, #605, #2718 ) ;
#233 = ORIENTED_EDGE ( 'NONE', *, *, #1172, .T. ) ;
#234 = ORIENTED_EDGE ( 'NONE', *, *, #4202, .T. ) ;
#235 = EDGE_CURVE ( 'NONE', #2424, #4318, #745, .T. ) ;
#236 = CARTESIAN_POINT ( 'NONE',  ( 24.64196912394495342, -77.00000000000004263, 18.08180698536104458 ) ) ;
#237 = CARTESIAN_POINT ( 'NONE',  ( -13.26306052945033365, -60.85841037245302942, 3.475356423283398666 ) ) ;
#238 = CARTESIAN_POINT ( 'NONE',  ( 13.41580861795295831, -62.18003986183538245, 3.419260736787344435 ) ) ;
#239 = LINE ( 'NONE', #1393, #1537 ) ;
#240 = CARTESIAN_POINT ( 'NONE',  ( -22.27594339145246138, -73.29388993543435049, 12.50000000000000533 ) ) ;
#241 = CARTESIAN_POINT ( 'NONE',  ( 0.000000000000000000, -74.00000000000004263, 12.50000000000000000 ) ) ;
#242 = CARTESIAN_POINT ( 'NONE',  ( 16.87180702193325033, -74.00000000000004263, 14.48864745459711401 ) ) ;
#243 = ORIENTED_EDGE ( 'NONE', *, *, #5574, .T. ) ;
#244 = CARTESIAN_POINT ( 'NONE',  ( -6.244163685090616589, -77.77967650617952700, -4.742606893536246204 ) ) ;
#245 = CARTESIAN_POINT ( 'NONE',  ( -21.70874116689651601, -74.05934735115856427, 7.754211999203495687 ) ) ;
#246 = CARTESIAN_POINT ( 'NONE',  ( 18.28706623836873746, -60.20645205112490572, 21.42699409807469024 ) ) ;
#247 = CARTESIAN_POINT ( 'NONE',  ( 10.76563052743998838, -74.00000000000004263, 19.30841140871952888 ) ) ;
#248 = VECTOR ( 'NONE', #3359, 1000.000000000000000 ) ;
#249 = ORIENTED_EDGE ( 'NONE', *, *, #3932, .F. ) ;
#250 = EDGE_CURVE ( 'NONE', #1297, #3658, #5702, .T. ) ;
#251 = CARTESIAN_POINT ( 'NONE',  ( 24.31447694444712937, -77.00000000000002842, 18.73679134435669980 ) ) ;
#252 = CARTESIAN_POINT ( 'NONE',  ( -38.49999999999998579, -44.31902001999193175, 17.00000000000000000 ) ) ;
#253 = CARTESIAN_POINT ( 'NONE',  ( 8.499447118482846619, -77.00000000000007105, 29.05452890125533472 ) ) ;
#254 = CARTESIAN_POINT ( 'NONE',  ( 16.89984342426830466, -77.00000000000004263, 10.57354799686075175 ) ) ;
#255 = CARTESIAN_POINT ( 'NONE',  ( 38.39379921371590143, -46.19483071863999868, 1.277342395598095148 ) ) ;
#256 = DIRECTION ( 'NONE',  ( 0.000000000000000000, 0.000000000000000000, 1.000000000000000000 ) ) ;
#257 = CARTESIAN_POINT ( 'NONE',  ( 2.006974279443441311, -60.39582706526284994, 21.47110162797339683 ) ) ;
#258 = ORIENTED_EDGE ( 'NONE', *, *, #2330, .F. ) ;
#259 = CARTESIAN_POINT ( 'NONE',  ( -25.00000000000000000, -60.00000000000003553, 22.91666666666666430 ) ) ;
#260 = CARTESIAN_POINT ( 'NONE',  ( 1.465981454082135871, -74.00000000000004263, -4.117647058823530770 ) ) ;
#261 = CARTESIAN_POINT ( 'NONE',  ( 22.28906030310527697, -74.63620421917225656, 10.86418958826301839 ) ) ;
#262 = CARTESIAN_POINT ( 'NONE',  ( -3.147311357998970660, -62.93862521537267440, 2.814330596337373258 ) ) ;
#263 = DIRECTION ( 'NONE',  ( -0.000000000000000000, -0.000000000000000000, -1.000000000000000000 ) ) ;
#264 = CARTESIAN_POINT ( 'NONE',  ( -21.61464733046746289, -74.00000000000001421, 17.38692913433358100 ) ) ;
#265 = CARTESIAN_POINT ( 'NONE',  ( -15.98730253286915648, -75.24955230858388688, 21.98734483185546651 ) ) ;
#266 = ORIENTED_EDGE ( 'NONE', *, *, #6330, .F. ) ;
#267 = ORIENTED_EDGE ( 'NONE', *, *, #6406, .F. ) ;
#268 = CARTESIAN_POINT ( 'NONE',  ( 25.00000000000000000, -60.00000000000003553, 22.91666666666667496 ) ) ;
#269 = CARTESIAN_POINT ( 'NONE',  ( -13.07810359153830682, -67.55474772314165932, 2.887617424216436302 ) ) ;
#270 = CARTESIAN_POINT ( 'NONE',  ( 14.55592638336457689, -63.37984951570916081, 3.473642082281438448 ) ) ;
#271 = DIRECTION ( 'NONE',  ( 1.330321911110254514E-16, -1.000000000000000000, 0.000000000000000000 ) ) ;
#272 = FACE_OUTER_BOUND ( 'NONE', #5462, .T. ) ;
#273 = CARTESIAN_POINT ( 'NONE',  ( 40.00000000000000711, -31.63661590615783581, 3.500000000000000000 ) ) ;
#274 = EDGE_CURVE ( 'NONE', #966, #7044, #1288, .T. ) ;
#275 = ADVANCED_FACE ( 'NONE', ( #5689 ), #779, .F. ) ;
#276 = CARTESIAN_POINT ( 'NONE',  ( 17.13529237767749791, -77.00000000000004263, 13.89251263448946538 ) ) ;
#277 = ORIENTED_EDGE ( 'NONE', *, *, #3800, .T. ) ;
#278 = CARTESIAN_POINT ( 'NONE',  ( 38.50000000000000000, -44.31902001999193175, 12.50000000000000000 ) ) ;
#279 = CARTESIAN_POINT ( 'NONE',  ( 14.20351202541164604, -60.00000000000036238, 3.500000000000000000 ) ) ;
#281 = EDGE_CURVE ( 'NONE', #3295, #6411, #4161, .T. ) ;
#280 = CARTESIAN_POINT ( 'NONE',  ( 19.35178423751693799, -68.02047447423680637, 20.17360827705392268 ) ) ;
#282 = ORIENTED_EDGE ( 'NONE', *, *, #6009, .F. ) ;
#283 = EDGE_CURVE ( 'NONE', #4936, #5007, #6757, .T. ) ;
#284 = CARTESIAN_POINT ( 'NONE',  ( 11.97183421273592607, -74.00000000000004263, 18.75203154520151827 ) ) ;
#285 = EDGE_LOOP ( 'NONE', ( #5557, #3177, #2386, #2035, #2286 ) ) ;
#286 = CARTESIAN_POINT ( 'NONE',  ( 36.80000000000000426, 35.00000000000000711, 17.00000000000000000 ) ) ;
#287 = CARTESIAN_POINT ( 'NONE',  ( 17.59175272264742063, -59.40752366131756190, 25.07664834569600032 ) ) ;
#288 = CARTESIAN_POINT ( 'NONE',  ( 39.99999999999999289, 33.00000000000000711, 12.50000000000000000 ) ) ;
#289 = CARTESIAN_POINT ( 'NONE',  ( 23.35988815830981125, -58.28158801629650299, 3.111249744411112239 ) ) ;
#290 = CARTESIAN_POINT ( 'NONE',  ( -13.64424412175135437, -31.63661590615784291, 25.00000000000000000 ) ) ;
#291 = DIRECTION ( 'NONE',  ( -0.000000000000000000, -0.000000000000000000, -1.000000000000000000 ) ) ;
#292 = CARTESIAN_POINT ( 'NONE',  ( 4.101851172640889054, -61.61990704827230303, 21.81024635633912112 ) ) ;
#293 = AXIS2_PLACEMENT_3D ( 'NONE', #1721, #6417, #2647 ) ;
#294 = ORIENTED_EDGE ( 'NONE', *, *, #6495, .F. ) ;
#295 = CARTESIAN_POINT ( 'NONE',  ( -25.00000000000000000, -60.00000000000003553, 25.58304909307501518 ) ) ;
#296 = CARTESIAN_POINT ( 'NONE',  ( -11.19532094653785492, -74.00000000000005684, -2.570672061358975746 ) ) ;
#297 = CARTESIAN_POINT ( 'NONE',  ( 22.19388934060635776, -71.89897107105046814, 12.50000000000004796 ) ) ;
#298 = CARTESIAN_POINT ( 'NONE',  ( 1.050078833147595647, -62.98197739232293202, 2.771192414807535531 ) ) ;
#299 = DIRECTION ( 'NONE',  ( -1.000000000000000000, 0.000000000000000000, 0.000000000000000000 ) ) ;
#300 = CARTESIAN_POINT ( 'NONE',  ( -21.86031693758777195, -74.00000000000004263, 16.59371627583232112 ) ) ;
#301 = CARTESIAN_POINT ( 'NONE',  ( -12.28656783120312390, -68.96153483987154686, 22.51058225631803467 ) ) ;
#302 = ORIENTED_EDGE ( 'NONE', *, *, #959, .F. ) ;
#303 = ORIENTED_EDGE ( 'NONE', *, *, #3156, .T. ) ;
#304 = CARTESIAN_POINT ( 'NONE',  ( -8.707446609726076758, -77.00000000000004263, 4.924616934073022811 ) ) ;
#305 = CARTESIAN_POINT ( 'NONE',  ( 26.05286915988835972, -77.89877571810217205, 11.60439249103841064 ) ) ;
#306 = CARTESIAN_POINT ( 'NONE',  ( -14.99220808540341388, -67.34662041273867317, 3.374691117227302417 ) ) ;
#307 = CARTESIAN_POINT ( 'NONE',  ( 16.29582183645255355, -71.19447131960252761, 3.590879489559216875 ) ) ;
#308 = CARTESIAN_POINT ( 'NONE',  ( -39.06944322142285131, -45.93253964124913580, 1.691763034652705500 ) ) ;
#309 = CARTESIAN_POINT ( 'NONE',  ( -17.12334204847208596, -77.00000000000004263, 13.91969518390559735 ) ) ;
#310 = FACE_OUTER_BOUND ( 'NONE', #6461, .T. ) ;
#311 = AXIS2_PLACEMENT_3D ( 'NONE', #6376, #4242, #1480 ) ;
#312 = VERTEX_POINT ( 'NONE', #125 ) ;
#313 = EDGE_CURVE ( 'NONE', #4806, #3295, #5121, .T. ) ;
#314 = VECTOR ( 'NONE', #4906, 1000.000000000000114 ) ;
#315 = DIRECTION ( 'NONE',  ( -0.000000000000000000, -0.000000000000000000, -1.000000000000000000 ) ) ;
#316 = CARTESIAN_POINT ( 'NONE',  ( 14.12704933932278628, -59.41105569123190122, 21.49787030457349601 ) ) ;
#317 = ORIENTED_EDGE ( 'NONE', *, *, #4781, .T. ) ;
#318 = CARTESIAN_POINT ( 'NONE',  ( 14.25240334010246634, -77.00000000000004263, 17.40682367773018768 ) ) ;
#319 = DIRECTION ( 'NONE',  ( -1.000000000000000000, -1.553732654557586955E-16, 0.000000000000000000 ) ) ;
#320 = CARTESIAN_POINT ( 'NONE',  ( 23.96113957846803189, -77.77967650617955542, 19.15036738369988001 ) ) ;
#321 = EDGE_CURVE ( 'NONE', #5367, #3413, #3538, .T. ) ;
#322 = FACE_BOUND ( 'NONE', #6767, .T. ) ;
#323 = CARTESIAN_POINT ( 'NONE',  ( 25.65675877019942064, -77.00000000000004263, 9.665701311037999233 ) ) ;
#324 = CARTESIAN_POINT ( 'NONE',  ( 21.33260991109962390, -74.19553466293243105, 7.318090385201403869 ) ) ;
#325 = CARTESIAN_POINT ( 'NONE',  ( 38.54502926892288173, 33.20846599178155856, 1.364319798932839722 ) ) ;
#326 = CARTESIAN_POINT ( 'NONE',  ( -0.001737809258973430472, -74.00000000000004263, 23.75214960693389088 ) ) ;
#327 = CARTESIAN_POINT ( 'NONE',  ( 1.100871088931030028, -65.55132282175975433, 22.98449741737981356 ) ) ;
#328 = AXIS2_PLACEMENT_3D ( 'NONE', #4093, #5189, #6298 ) ;
#329 = VERTEX_POINT ( 'NONE', #6691 ) ;
#330 = CARTESIAN_POINT ( 'NONE',  ( 7.207149817911429501, -74.00000000000004263, -3.507522307412890061 ) ) ;
#331 = AXIS2_PLACEMENT_3D ( 'NONE', #6006, #638, #6702 ) ;
#332 = CARTESIAN_POINT ( 'NONE',  ( -21.21969041963346214, -74.00000000000001421, 22.60998374979583403 ) ) ;
#333 = CARTESIAN_POINT ( 'NONE',  ( -2.483281994197254594, -71.96520828982323792, 0.1830806995233966727 ) ) ;
#334 = CARTESIAN_POINT ( 'NONE',  ( -25.59344066623611980, -74.00000000000004263, 9.417352158040744214 ) ) ;
#335 = CARTESIAN_POINT ( 'NONE',  ( 21.84978241376881769, -77.00000000000004263, 3.014867397376895131 ) ) ;
#336 = CARTESIAN_POINT ( 'NONE',  ( -14.99220808540475680, -67.34662041273851685, 21.62530888277233387 ) ) ;
#337 = CARTESIAN_POINT ( 'NONE',  ( -25.65897025531874576, -76.52888595210244205, 15.34450015787115973 ) ) ;
#338 = ORIENTED_EDGE ( 'NONE', *, *, #6914, .F. ) ;
#339 = EDGE_LOOP ( 'NONE', ( #6131, #4954, #2492, #1984 ) ) ;
#340 = CARTESIAN_POINT ( 'NONE',  ( 24.49313816524948706, -77.89877571810218626, 7.054973048864316532 ) ) ;
#341 = EDGE_CURVE ( 'NONE', #5245, #7050, #2380, .T. ) ;
#342 = CARTESIAN_POINT ( 'NONE',  ( -16.85400159180974455, -77.00000000000004263, 14.52726686996295413 ) ) ;
#343 = CARTESIAN_POINT ( 'NONE',  ( 16.43676526278724737, -72.51631201209276867, 3.567496703422977866 ) ) ;
#344 = CARTESIAN_POINT ( 'NONE',  ( -38.88401678921307081, -45.98698468682804474, 1.569943680680155218 ) ) ;
#345 = DIRECTION ( 'NONE',  ( -1.000000000000000000, 0.000000000000000000, 0.000000000000000000 ) ) ;
#346 = CIRCLE ( 'NONE', #4330, 10.00000000000000178 ) ;
#347 = ORIENTED_EDGE ( 'NONE', *, *, #2809, .F. ) ;
#348 = DIRECTION ( 'NONE',  ( 1.330321911110254514E-16, -1.000000000000000000, 0.000000000000000000 ) ) ;
#349 = CARTESIAN_POINT ( 'NONE',  ( 18.19431433157883760, -74.95105543725352959, 20.52709593518530795 ) ) ;
#350 = ORIENTED_EDGE ( 'NONE', *, *, #4817, .F. ) ;
#351 = CARTESIAN_POINT ( 'NONE',  ( 8.707446609726103404, -77.00000000000004263, 20.07538306592696387 ) ) ;
#352 = VERTEX_POINT ( 'NONE', #2240 ) ;
#353 = CARTESIAN_POINT ( 'NONE',  ( 43.19034461069463759, 40.24598604707335880, 7.505045504365908116 ) ) ;
#354 = CARTESIAN_POINT ( 'NONE',  ( 22.01694537661048301, -74.00000000000004263, 21.80829409305193778 ) ) ;
#355 = LINE ( 'NONE', #1549, #1131 ) ;
#356 = FACE_OUTER_BOUND ( 'NONE', #1174, .T. ) ;
#357 = CYLINDRICAL_SURFACE ( 'NONE', #1475, 1.700000000000000178 ) ;
#358 = CARTESIAN_POINT ( 'NONE',  ( 24.99999999999999289, -60.00000000000004263, 25.00000000000000000 ) ) ;
#359 = CARTESIAN_POINT ( 'NONE',  ( 17.74748603729677043, -74.00000000000004263, 12.49999999999993783 ) ) ;
#360 = CARTESIAN_POINT ( 'NONE',  ( -4.160222398956871116E-12, -69.40534096591483149, 24.11803216566066510 ) ) ;
#361 = EDGE_CURVE ( 'NONE', #3216, #2721, #4546, .T. ) ;
#362 = ADVANCED_FACE ( 'NONE', ( #6616 ), #3034, .T. ) ;
#363 = ORIENTED_EDGE ( 'NONE', *, *, #4908, .T. ) ;
#364 = CARTESIAN_POINT ( 'NONE',  ( -37.01186502662718425, -42.28463515605041323, 0.6349634440191357365 ) ) ;
#365 = CARTESIAN_POINT ( 'NONE',  ( -13.63000766128985752, -74.00000000000002842, -1.762166160284282856 ) ) ;
#366 = CARTESIAN_POINT ( 'NONE',  ( 38.39100729443523363, -42.44196007233982471, 1.275813185343946721 ) ) ;
#367 = DIRECTION ( 'NONE',  ( -1.000000000000000000, 2.775557561562888984E-15, 0.000000000000000000 ) ) ;
#368 = CYLINDRICAL_SURFACE ( 'NONE', #380, 2.500000000000002220 ) ;
#369 = CARTESIAN_POINT ( 'NONE',  ( -16.02352640557879582, -68.54895059652938016, 21.37199265327939557 ) ) ;
#370 = CARTESIAN_POINT ( 'NONE',  ( -25.82352941176470296, -74.00000000000004263, 12.50000000000002309 ) ) ;
#371 = EDGE_CURVE ( 'NONE', #5245, #1388, #4744, .T. ) ;
#372 = ORIENTED_EDGE ( 'NONE', *, *, #5794, .T. ) ;
#373 = AXIS2_PLACEMENT_3D ( 'NONE', #6366, #4512, #6207 ) ;
#374 = ORIENTED_EDGE ( 'NONE', *, *, #2947, .T. ) ;
#375 = CARTESIAN_POINT ( 'NONE',  ( 25.00000000000000000, -60.00000000000003553, -0.3886993953834450566 ) ) ;
#376 = CARTESIAN_POINT ( 'NONE',  ( -16.75367192968618824, -77.00000000000004263, 14.72483520720676253 ) ) ;
#377 = CARTESIAN_POINT ( 'NONE',  ( 8.089018239127124588, -69.23299569846629709, 1.566009693047227369 ) ) ;
#378 = CARTESIAN_POINT ( 'NONE',  ( -22.31747927760338612, -74.00000000000004263, 12.50000000000001599 ) ) ;
#379 = FACE_OUTER_BOUND ( 'NONE', #5442, .T. ) ;
#380 = AXIS2_PLACEMENT_3D ( 'NONE', #3059, #2558, #2526 ) ;
#381 = CARTESIAN_POINT ( 'NONE',  ( -36.79999999999998295, -44.31902001999193175, 12.50000000000000000 ) ) ;
#382 = VERTEX_POINT ( 'NONE', #6938 ) ;
#383 = CARTESIAN_POINT ( 'NONE',  ( -43.41574427691545424, 55.02899676350025260, 8.662030600928959601 ) ) ;
#384 = CARTESIAN_POINT ( 'NONE',  ( 39.99999999999999289, 42.65715534916777329, 12.50000000000000000 ) ) ;
#385 =( NAMED_UNIT ( * ) SI_UNIT ( $, .STERADIAN. ) SOLID_ANGLE_UNIT ( ) );
#386 = CARTESIAN_POINT ( 'NONE',  ( 20.02769494084166979, -70.55451181559645590, 19.51015081046174870 ) ) ;
#387 = VERTEX_POINT ( 'NONE', #2028 ) ;
#388 = CARTESIAN_POINT ( 'NONE',  ( -7.018082754724052741, -77.00000000000004263, 4.454519683243891137 ) ) ;
#389 = LINE ( 'NONE', #1515, #1214 ) ;
#390 = CARTESIAN_POINT ( 'NONE',  ( 39.99999999999999289, 33.00000000000000711, 12.50000000000000000 ) ) ;
#391 = CARTESIAN_POINT ( 'NONE',  ( 12.61944796579867223, -74.00000000000001421, 1.672837306056621287 ) ) ;
#392 = CARTESIAN_POINT ( 'NONE',  ( 39.99999999999999289, 40.00000000000000711, 25.00000000000000000 ) ) ;
#393 = CARTESIAN_POINT ( 'NONE',  ( -22.16687723080956118, -71.43976520450503642, 12.50000000000000533 ) ) ;
#394 = DIRECTION ( 'NONE',  ( -0.000000000000000000, -0.000000000000000000, -1.000000000000000000 ) ) ;
#395 = CARTESIAN_POINT ( 'NONE',  ( 8.960884128202835086, -75.69482955460435392, 24.87679211543197866 ) ) ;
#396 = CARTESIAN_POINT ( 'NONE',  ( -36.83425657820992427, -42.34168674203075255, 0.5706168860427579537 ) ) ;
#397 = DIRECTION ( 'NONE',  ( 1.553732654557586955E-16, -1.000000000000000000, -0.000000000000000000 ) ) ;
#398 = CARTESIAN_POINT ( 'NONE',  ( 21.50891913036298320, -70.06181992588051344, 5.679648427768546171 ) ) ;
#399 = EDGE_CURVE ( 'NONE', #5712, #4289, #4185, .T. ) ;
#400 = CARTESIAN_POINT ( 'NONE',  ( 40.19999999999999574, 35.00000000000000711, 17.00000000000000000 ) ) ;
#401 = CARTESIAN_POINT ( 'NONE',  ( -22.28906030310528408, -74.63620421917231340, 14.13581041173698694 ) ) ;
#402 = CARTESIAN_POINT ( 'NONE',  ( -15.29805724327783878, -69.98733886552345496, 21.72355443610972969 ) ) ;
#403 = CARTESIAN_POINT ( 'NONE',  ( -25.65675963003176818, -77.00000000000004263, 15.33429889683907810 ) ) ;
#404 = ORIENTED_EDGE ( 'NONE', *, *, #4749, .F. ) ;
#405 = CARTESIAN_POINT ( 'NONE',  ( 21.46532545357937494, -57.81956861129099678, 22.53534804812728964 ) ) ;
#406 = CARTESIAN_POINT ( 'NONE',  ( -16.39801473810179289, -77.00000000000004263, 15.29153128852949450 ) ) ;
#407 = EDGE_CURVE ( 'NONE', #2350, #1802, #5954, .T. ) ;
#408 = CARTESIAN_POINT ( 'NONE',  ( 10.41377303846615732, -70.40973668715808742, 1.769566887509145037 ) ) ;
#409 = CARTESIAN_POINT ( 'NONE',  ( -22.31747927760338612, -74.00000000000004263, 12.50000000000001599 ) ) ;
#410 = EDGE_CURVE ( 'NONE', #6370, #1935, #6031, .T. ) ;
#411 = DIRECTION ( 'NONE',  ( -0.000000000000000000, -0.000000000000000000, -1.000000000000000000 ) ) ;
#412 = ORIENTED_EDGE ( 'NONE', *, *, #6231, .T. ) ;
#413 = CARTESIAN_POINT ( 'NONE',  ( -42.58394968826537053, 55.31038530748907789, 5.805957907652919303 ) ) ;
#414 = ORIENTED_EDGE ( 'NONE', *, *, #4619, .F. ) ;
#415 = FACE_OUTER_BOUND ( 'NONE', #6005, .T. ) ;
#416 = FACE_OUTER_BOUND ( 'NONE', #2680, .T. ) ;
#417 = AXIS2_PLACEMENT_3D ( 'NONE', #676, #1761, #1801 ) ;
#418 =( BOUNDED_CURVE ( )  B_SPLINE_CURVE ( 3, ( #6889, #4762, #4209, #3610 ),
 .UNSPECIFIED., .F., .F. ) 
 B_SPLINE_CURVE_WITH_KNOTS ( ( 4, 4 ),
 ( 0.000000000000000000, 0.1760191253839874237 ),
 .UNSPECIFIED. ) 
 CURVE ( )  GEOMETRIC_REPRESENTATION_ITEM ( )  RATIONAL_B_SPLINE_CURVE ( ( 1.000000000000000000, 0.9974197717393377127, 0.9974197717393377127, 1.000000000000000000 ) ) 
 REPRESENTATION_ITEM ( '' )  );
#419 = CARTESIAN_POINT ( 'NONE',  ( 21.17831476564299464, -62.43326305248259445, 20.76166808103812400 ) ) ;
#420 = VERTEX_POINT ( 'NONE', #474 ) ;
#421 = B_SPLINE_CURVE_WITH_KNOTS ( 'NONE', 3,
 ( #3888, #3923, #6128, #5524 ),
 .UNSPECIFIED., .F., .F.,
 ( 4, 4 ),
 ( 0.000000000000000000, 0.001524608330382739392 ),
 .UNSPECIFIED. ) ;
#422 = EDGE_LOOP ( 'NONE', ( #6020, #6404, #6157, #454, #5817, #3507, #679, #479, #5644, #6612 ) ) ;
#423 = AXIS2_PLACEMENT_3D ( 'NONE', #5113, #5278, #1295 ) ;
#424 = CARTESIAN_POINT ( 'NONE',  ( 15.21300846162359832, -74.00000000000004263, 8.399900304637071713 ) ) ;
#425 = CARTESIAN_POINT ( 'NONE',  ( 25.61808094222640264, -74.52905181747020436, 9.510542914006107296 ) ) ;
#426 = CARTESIAN_POINT ( 'NONE',  ( 38.50000000000000000, -44.31902001999193175, 0.000000000000000000 ) ) ;
#427 = CARTESIAN_POINT ( 'NONE',  ( 20.99164996175310449, -74.00000000000004263, 6.835562559474757549 ) ) ;
#428 = LINE ( 'NONE', #6886, #5453 ) ;
#429 = CARTESIAN_POINT ( 'NONE',  ( -25.65675963003176818, -77.00000000000004263, 15.33429889683907810 ) ) ;
#430 = CARTESIAN_POINT ( 'NONE',  ( -21.76591886413029897, -66.23514270058649345, 8.170005998689243043 ) ) ;
#431 = CARTESIAN_POINT ( 'NONE',  ( 7.765493409421826421, -66.64285785933560646, 22.86080553968053408 ) ) ;
#432 = EDGE_CURVE ( 'NONE', #3062, #2456, #5123, .T. ) ;
#433 = CARTESIAN_POINT ( 'NONE',  ( -25.19621869238765299, -59.40752366131755480, 25.24504229793925703 ) ) ;
#434 = CARTESIAN_POINT ( 'NONE',  ( -33.49999999999998579, -14.00000000000004441, 15.00000000000000178 ) ) ;
#435 = CARTESIAN_POINT ( 'NONE',  ( -16.89247449991619732, -74.00000000000002842, 25.33587235157840567 ) ) ;
#436 = VECTOR ( 'NONE', #4852, 1000.000000000000000 ) ;
#437 = CARTESIAN_POINT ( 'NONE',  ( -22.11183528976024348, -70.50405220666660000, 13.64347582380988300 ) ) ;
#438 = CARTESIAN_POINT ( 'NONE',  ( -9.206939256295864737, -61.28269424094587237, 21.66034899565321936 ) ) ;
#439 = DIRECTION ( 'NONE',  ( -0.000000000000000000, -0.000000000000000000, -1.000000000000000000 ) ) ;
#440 = ORIENTED_EDGE ( 'NONE', *, *, #1336, .T. ) ;
#441 = AXIS2_PLACEMENT_3D ( 'NONE', #4396, #1770, #5016 ) ;
#442 = CARTESIAN_POINT ( 'NONE',  ( -38.49999999999998579, 50.00000000000000711, 17.00000000000000000 ) ) ;
#443 = CARTESIAN_POINT ( 'NONE',  ( -21.49077775195246787, -59.52946844029275297, 3.500000000000001332 ) ) ;
#444 = CARTESIAN_POINT ( 'NONE',  ( 8.342640039374224159, -62.67735802181180560, 3.053901911035197259 ) ) ;
#445 = CARTESIAN_POINT ( 'NONE',  ( 24.57973960995906637, -77.89877571810218626, 17.79237427219956302 ) ) ;
#446 = CARTESIAN_POINT ( 'NONE',  ( -22.18281483921538566, -71.30739972975312924, 17.75620488863788182 ) ) ;
#447 = CARTESIAN_POINT ( 'NONE',  ( -22.01627518401573980, -68.87953040901001600, 12.50000000000000355 ) ) ;
#448 = ADVANCED_FACE ( 'NONE', ( #4367 ), #4095, .F. ) ;
#449 = ORIENTED_EDGE ( 'NONE', *, *, #1115, .F. ) ;
#450 = CYLINDRICAL_SURFACE ( 'NONE', #4680, 1.700000000000000178 ) ;
#451 = CARTESIAN_POINT ( 'NONE',  ( -21.48072207726319505, -59.02136515773305803, 3.500000000000159872 ) ) ;
#452 = CARTESIAN_POINT ( 'NONE',  ( -43.50000000000000000, 55.00000000000000711, 25.00000000000000000 ) ) ;
#453 = CARTESIAN_POINT ( 'NONE',  ( 21.01362485802800961, -72.96805158311914852, 18.32079992438675831 ) ) ;
#454 = ORIENTED_EDGE ( 'NONE', *, *, #5709, .T. ) ;
#455 = ORIENTED_EDGE ( 'NONE', *, *, #901, .T. ) ;
#456 = CARTESIAN_POINT ( 'NONE',  ( 3.447648144306310503, -77.00000000000004263, 3.787756778612224817 ) ) ;
#457 = CARTESIAN_POINT ( 'NONE',  ( 23.95833333333333570, -60.00000000000003553, 0.000000000000000000 ) ) ;
#458 = CARTESIAN_POINT ( 'NONE',  ( -25.65675963003176818, -77.00000000000004263, 15.33429889683907810 ) ) ;
#459 = CYLINDRICAL_SURFACE ( 'NONE', #293, 1.700000000000000178 ) ;
#460 = CARTESIAN_POINT ( 'NONE',  ( 38.50000000000000000, 35.00000000000000711, 12.50000000000000000 ) ) ;
#461 = CARTESIAN_POINT ( 'NONE',  ( 35.68826681315124461, 34.23372913292750042, 0.2422333132646626586 ) ) ;
#462 = CARTESIAN_POINT ( 'NONE',  ( 9.358926424356752705, -70.47417954894810066, 23.49155986443234667 ) ) ;
#463 = CARTESIAN_POINT ( 'NONE',  ( -22.38017953614121325, -77.00000000000004263, 21.44415598567542602 ) ) ;
#464 = DIRECTION ( 'NONE',  ( 1.000000000000000000, 1.330321911110254514E-16, -0.000000000000000000 ) ) ;
#465 = CARTESIAN_POINT ( 'NONE',  ( -11.19532094653784959, -74.00000000000002842, 27.57067206135896598 ) ) ;
#466 = CARTESIAN_POINT ( 'NONE',  ( -25.65639081652327391, -75.58666007263624920, 15.33569234972111772 ) ) ;
#467 = CARTESIAN_POINT ( 'NONE',  ( -21.95376938277124879, -70.39147122821132996, 15.92652482287893889 ) ) ;
#468 = CARTESIAN_POINT ( 'NONE',  ( -8.043871396717520383, -60.06666865850721848, 21.44956342548003647 ) ) ;
#469 = DIRECTION ( 'NONE',  ( -1.000000000000000000, 0.000000000000000000, 0.000000000000000000 ) ) ;
#470 = VECTOR ( 'NONE', #2013, 1000.000000000000000 ) ;
#471 = VERTEX_POINT ( 'NONE', #3236 ) ;
#472 = CARTESIAN_POINT ( 'NONE',  ( -23.95833333333333570, -60.00000000000004263, 0.000000000000000000 ) ) ;
#473 = B_SPLINE_CURVE_WITH_KNOTS ( 'NONE', 3,
 ( #7068, #1598, #2657, #5275, #2122, #4872 ),
 .UNSPECIFIED., .F., .F.,
 ( 4, 2, 4 ),
 ( 0.2493215221284995897, 0.3746607610642498365, 0.5000000000000000000 ),
 .UNSPECIFIED. ) ;
#474 = CARTESIAN_POINT ( 'NONE',  ( -24.64196912394494632, -77.00000000000004263, 6.918193014638940319 ) ) ;
#475 = CARTESIAN_POINT ( 'NONE',  ( -24.55971631608540662, -77.00000000000004263, 6.753687398919851148 ) ) ;
#476 = CARTESIAN_POINT ( 'NONE',  ( 9.922441898049241260, -74.35866658108467675, 0.7216571707270086344 ) ) ;
#477 = CARTESIAN_POINT ( 'NONE',  ( 25.92971761545421217, -77.89877571810217205, 14.29112581168902452 ) ) ;
#478 = CARTESIAN_POINT ( 'NONE',  ( -22.30159721909741677, -67.42099715994548603, 19.03321599017067101 ) ) ;
#479 = ORIENTED_EDGE ( 'NONE', *, *, #6406, .T. ) ;
#480 = CARTESIAN_POINT ( 'NONE',  ( -36.99331725943974192, 56.97594933349660096, 0.6243926106645646401 ) ) ;
#481 = DIRECTION ( 'NONE',  ( 1.330321911110254761E-16, -1.000000000000000000, 0.000000000000000000 ) ) ;
#482 = CARTESIAN_POINT ( 'NONE',  ( -21.40534760126483604, -58.03392164572552758, 6.499659632394490849 ) ) ;
#483 = CYLINDRICAL_SURFACE ( 'NONE', #2841, 1.499999999999997780 ) ;
#484 = AXIS2_PLACEMENT_3D ( 'NONE', #5727, #4089, #3564 ) ;
#485 = ADVANCED_FACE ( 'NONE', ( #1633 ), #3690, .T. ) ;
#486 = EDGE_CURVE ( 'NONE', #1311, #1356, #5454, .T. ) ;
#487 = DIRECTION ( 'NONE',  ( 1.000000000000000000, 0.000000000000000000, 0.000000000000000000 ) ) ;
#488 = CARTESIAN_POINT ( 'NONE',  ( 22.27183264669164942, -59.69048351833902899, 21.42966602064467452 ) ) ;
#489 = VERTEX_POINT ( 'NONE', #3819 ) ;
#490 = ORIENTED_EDGE ( 'NONE', *, *, #7072, .F. ) ;
#491 = CARTESIAN_POINT ( 'NONE',  ( 16.69887295139419336, -77.00000000000004263, 10.17855748225238166 ) ) ;
#492 = CARTESIAN_POINT ( 'NONE',  ( 17.70833333333333925, -60.00000000000004263, 0.000000000000000000 ) ) ;
#493 = CARTESIAN_POINT ( 'NONE',  ( 10.66813238574200540, -74.00000000000004263, 33.96922468514758719 ) ) ;
#494 = CARTESIAN_POINT ( 'NONE',  ( -18.34460436924685922, -61.52486571647881419, 3.762473609837496458 ) ) ;
#495 = CARTESIAN_POINT ( 'NONE',  ( 38.50000000000000000, -44.31902001999193175, 0.000000000000000000 ) ) ;
#496 = EDGE_CURVE ( 'NONE', #1267, #2839, #7007, .T. ) ;
#497 = FACE_OUTER_BOUND ( 'NONE', #3035, .T. ) ;
#498 = EDGE_CURVE ( 'NONE', #4579, #5962, #2868, .T. ) ;
#499 = CARTESIAN_POINT ( 'NONE',  ( 7.460633389133861648, -64.04827799675383915, 22.29252100196587350 ) ) ;
#500 = B_SPLINE_CURVE_WITH_KNOTS ( 'NONE', 3,
 ( #1031, #6546, #6981, #1135, #3795, #1575, #996, #3174, #1540, #5361 ),
 .UNSPECIFIED., .F., .F.,
 ( 4, 2, 2, 2, 4 ),
 ( 0.0001268326591243247895, 0.0008138084444369964943, 0.001500784229749668307, 0.002187760015062339795, 0.002874735800375011717 ),
 .UNSPECIFIED. ) ;
#501 = ORIENTED_EDGE ( 'NONE', *, *, #2729, .T. ) ;
#502 = CARTESIAN_POINT ( 'NONE',  ( -19.79166666666667496, -60.00000000000004263, 25.00000000000000355 ) ) ;
#503 = FACE_OUTER_BOUND ( 'NONE', #3438, .T. ) ;
#504 = CARTESIAN_POINT ( 'NONE',  ( -43.49999999999999289, -14.00000000000004619, 8.500000000000000000 ) ) ;
#505 = FACE_OUTER_BOUND ( 'NONE', #2108, .T. ) ;
#506 = CARTESIAN_POINT ( 'NONE',  ( 43.50000000000001421, -49.31902001999208807, 12.50000000000000000 ) ) ;
#507 = CARTESIAN_POINT ( 'NONE',  ( -21.84127280223651013, -74.27744919116919675, 16.56481704357538121 ) ) ;
#508 = CARTESIAN_POINT ( 'NONE',  ( -10.55913638414298283, -63.81406046024330436, 21.99476308020522097 ) ) ;
#509 = CARTESIAN_POINT ( 'NONE',  ( -40.19999999999998863, 50.00000000000000711, 12.50000000000000000 ) ) ;
#510 = ORIENTED_EDGE ( 'NONE', *, *, #361, .T. ) ;
#511 = CARTESIAN_POINT ( 'NONE',  ( 21.48137684748412823, -63.25936020216248323, 22.31812960338418250 ) ) ;
#512 = CARTESIAN_POINT ( 'NONE',  ( -25.00000000000000000, -60.00000000000003553, 20.83333333333332860 ) ) ;
#513 = CARTESIAN_POINT ( 'NONE',  ( 6.541019888128364101, -65.39804414053534742, 2.325041844618158215 ) ) ;
#514 = CARTESIAN_POINT ( 'NONE',  ( 25.00000000000000000, -60.00000000000003553, 0.000000000000000000 ) ) ;
#515 = CARTESIAN_POINT ( 'NONE',  ( -22.27183264669866958, -59.69048351833819765, 21.42966602064473847 ) ) ;
#516 = CARTESIAN_POINT ( 'NONE',  ( -17.74748603729673491, -77.00000000000004263, 12.50000000000002132 ) ) ;
#517 = AXIS2_PLACEMENT_3D ( 'NONE', #6731, #3464, #630 ) ;
#518 = ORIENTED_EDGE ( 'NONE', *, *, #3032, .F. ) ;
#519 = CARTESIAN_POINT ( 'NONE',  ( -43.49999999999998579, -49.31902001999193175, 25.00000000000000000 ) ) ;
#520 = DIRECTION ( 'NONE',  ( 1.000000000000000000, 1.330321911110254761E-16, 0.000000000000000000 ) ) ;
#521 = CARTESIAN_POINT ( 'NONE',  ( 21.68401558297714615, -71.45786360106576751, 6.864585018465147570 ) ) ;
#522 = CARTESIAN_POINT ( 'NONE',  ( -19.06165276742257930, -59.68543452946848049, 21.50000000000000000 ) ) ;
#523 = CARTESIAN_POINT ( 'NONE',  ( 19.95227071348453407, -74.59342137206530765, 19.07070484564414059 ) ) ;
#524 = ORIENTED_EDGE ( 'NONE', *, *, #6679, .T. ) ;
#525 = ORIENTED_EDGE ( 'NONE', *, *, #790, .F. ) ;
#526 = EDGE_CURVE ( 'NONE', #7087, #3087, #1023, .T. ) ;
#527 = CARTESIAN_POINT ( 'NONE',  ( 1.703936981057081690, -74.00000000000004263, 3.645834505687779004 ) ) ;
#528 = CARTESIAN_POINT ( 'NONE',  ( 24.33081087423602540, -77.77967650617954121, 6.550460222825940981 ) ) ;
#529 = CARTESIAN_POINT ( 'NONE',  ( -18.67375795249501280, -72.16455450341173616, 4.823995174049025003 ) ) ;
#530 = CARTESIAN_POINT ( 'NONE',  ( 36.07178545765707156, 33.56415108735503594, 0.3352923969294573925 ) ) ;
#531 = CARTESIAN_POINT ( 'NONE',  ( 9.869050018726351681, -66.50627848880873216, 22.54362758751866380 ) ) ;
#532 = AXIS2_PLACEMENT_3D ( 'NONE', #948, #6355, #6428 ) ;
#533 = ORIENTED_EDGE ( 'NONE', *, *, #4073, .F. ) ;
#534 = ADVANCED_FACE ( 'NONE', ( #2629 ), #4842, .F. ) ;
#535 = CARTESIAN_POINT ( 'NONE',  ( -13.54166666666668384, -60.00000000000004974, 25.00000000000000000 ) ) ;
#536 = B_SPLINE_CURVE_WITH_KNOTS ( 'NONE', 3,
 ( #3150, #3546, #6992, #2081, #832, #5197, #863 ),
 .UNSPECIFIED., .F., .F.,
 ( 4, 3, 4 ),
 ( 9.941479219552052076E-05, 0.008383980808486653571, 0.01607796213554076037 ),
 .UNSPECIFIED. ) ;
#537 = CARTESIAN_POINT ( 'NONE',  ( 37.54734570113343750, 37.09528895967365969, 0.8536211030020970369 ) ) ;
#538 = CARTESIAN_POINT ( 'NONE',  ( -39.99999999999997868, -47.29829407782823836, 25.00000000000000000 ) ) ;
#539 = CARTESIAN_POINT ( 'NONE',  ( 38.50000000000000000, -44.31902001999193175, 12.50000000000000000 ) ) ;
#540 = CARTESIAN_POINT ( 'NONE',  ( -21.63062619484087890, -67.46956354127415523, 19.21841305075645678 ) ) ;
#541 = CARTESIAN_POINT ( 'NONE',  ( -11.27679019662975080, -69.04206929090233302, 22.76890166214594302 ) ) ;
#542 = ORIENTED_EDGE ( 'NONE', *, *, #1260, .T. ) ;
#543 = CARTESIAN_POINT ( 'NONE',  ( -20.46089445454940048, -77.77967650617952700, 1.596342242834912106 ) ) ;
#544 = DIRECTION ( 'NONE',  ( -0.000000000000000000, -0.000000000000000000, -1.000000000000000000 ) ) ;
#545 = CARTESIAN_POINT ( 'NONE',  ( -24.86611085946165645, -57.72388461084815958, 14.73437165402760662 ) ) ;
#546 = CARTESIAN_POINT ( 'NONE',  ( 2.151706176900874734, -64.25312548112323441, 2.414205467053008647 ) ) ;
#547 = CARTESIAN_POINT ( 'NONE',  ( -11.49281246277212887, -77.00000000000007105, -3.214316825135996147 ) ) ;
#548 = CARTESIAN_POINT ( 'NONE',  ( 24.86611085946165645, -57.72388461084813827, 14.73437165402762616 ) ) ;
#549 = CARTESIAN_POINT ( 'NONE',  ( -21.44041873374034068, -68.91082968810893306, 19.02304469394647768 ) ) ;
#550 = CARTESIAN_POINT ( 'NONE',  ( -38.49999999999998579, -44.31902001999193175, 12.50000000000000000 ) ) ;
#551 = AXIS2_PLACEMENT_3D ( 'NONE', #5238, #868, #4108 ) ;
#552 = VECTOR ( 'NONE', #6342, 1000.000000000000000 ) ;
#553 = ORIENTED_EDGE ( 'NONE', *, *, #5309, .F. ) ;
#554 = VERTEX_POINT ( 'NONE', #5885 ) ;
#555 = CARTESIAN_POINT ( 'NONE',  ( -11.97183421273595627, -77.00000000000004263, 6.247968454798487947 ) ) ;
#556 = CARTESIAN_POINT ( 'NONE',  ( 40.10798435799272710, -43.75658544574309872, 2.494153140872451768 ) ) ;
#557 = CARTESIAN_POINT ( 'NONE',  ( -7.609620385704626067, -65.34645094381134811, 2.424525909978013427 ) ) ;
#558 = CARTESIAN_POINT ( 'NONE',  ( 17.28711727639140250, -60.33959037545466231, 3.564903925314097499 ) ) ;
#559 = CARTESIAN_POINT ( 'NONE',  ( -18.74340474973596926, -74.00000000000008527, 20.10053213868571476 ) ) ;
#560 = VECTOR ( 'NONE', #6490, 1000.000000000000000 ) ;
#561 = CARTESIAN_POINT ( 'NONE',  ( -21.60589344344226959, -63.41561907142654064, 5.948066130799043449 ) ) ;
#562 = DIRECTION ( 'NONE',  ( -1.000000000000000000, -1.734723475976806848E-16, 0.000000000000000000 ) ) ;
#563 = ORIENTED_EDGE ( 'NONE', *, *, #6327, .T. ) ;
#564 = ORIENTED_EDGE ( 'NONE', *, *, #2720, .F. ) ;
#565 = FACE_OUTER_BOUND ( 'NONE', #6220, .T. ) ;
#566 = CARTESIAN_POINT ( 'NONE',  ( -19.37600169300812780, -73.37816383481053606, 5.352322132079616601 ) ) ;
#567 = CARTESIAN_POINT ( 'NONE',  ( 6.548522489967639082, -66.61151362303604628, 21.50000000000000000 ) ) ;
#568 = VECTOR ( 'NONE', #3578, 1000.000000000000000 ) ;
#569 = CARTESIAN_POINT ( 'NONE',  ( 12.28334177505146840, -75.54567998389084948, 23.78371474776905714 ) ) ;
#570 = ORIENTED_EDGE ( 'NONE', *, *, #2170, .F. ) ;
#571 = CARTESIAN_POINT ( 'NONE',  ( -10.28067891613578233, -59.40752366131756190, 24.92542558894318816 ) ) ;
#572 = CARTESIAN_POINT ( 'NONE',  ( -17.30967689267227527, -74.00000000000005684, 11.50552760658877105 ) ) ;
#573 = CIRCLE ( 'NONE', #1962, 10.00000000000000178 ) ;
#574 = CARTESIAN_POINT ( 'NONE',  ( -21.84978241376938257, -77.00000000000004263, 21.98513260262338065 ) ) ;
#575 = DIRECTION ( 'NONE',  ( -1.000000000000000000, 0.000000000000000000, 0.000000000000000000 ) ) ;
#576 = PLANE ( 'NONE',  #4298 ) ;
#577 = CARTESIAN_POINT ( 'NONE',  ( -36.34498842480768843, 51.69888687851735654, 0.4121824174888079062 ) ) ;
#578 = ADVANCED_FACE ( 'NONE', ( #952 ), #861, .F. ) ;
#579 = CARTESIAN_POINT ( 'NONE',  ( -9.054704145855481556, -59.97217993010008286, 21.45051429590823844 ) ) ;
#580 = EDGE_CURVE ( 'NONE', #6746, #3567, #2969, .T. ) ;
#581 = ORIENTED_EDGE ( 'NONE', *, *, #3932, .T. ) ;
#582 = CARTESIAN_POINT ( 'NONE',  ( -24.55971631608540662, -77.00000000000004263, 6.753687398919851148 ) ) ;
#583 = CARTESIAN_POINT ( 'NONE',  ( 21.60589344344221274, -63.41561907141988996, 19.05193386919790299 ) ) ;
#584 = CARTESIAN_POINT ( 'NONE',  ( -25.92971761545421572, -77.89877571810217205, 14.29112581168904050 ) ) ;
#585 = CARTESIAN_POINT ( 'NONE',  ( 4.387663524004376647, -65.48795790200186673, 2.147444570798816788 ) ) ;
#586 = CARTESIAN_POINT ( 'NONE',  ( 4.307310632724094646, -77.00000000000005684, -4.773487482278405025 ) ) ;
#587 = CARTESIAN_POINT ( 'NONE',  ( 25.04793644628120219, -57.72388461084813827, 25.92627091680840579 ) ) ;
#588 = CARTESIAN_POINT ( 'NONE',  ( -19.98704413389324586, -71.89777356980222578, 19.33986497893071643 ) ) ;
#589 = EDGE_CURVE ( 'NONE', #2480, #1285, #1124, .T. ) ;
#590 = EDGE_LOOP ( 'NONE', ( #350, #501, #5751, #4159, #4374 ) ) ;
#591 = ORIENTED_EDGE ( 'NONE', *, *, #4709, .T. ) ;
#592 = CARTESIAN_POINT ( 'NONE',  ( -17.13529237767748370, -74.00000000000004263, 11.10748736551051152 ) ) ;
#593 = CARTESIAN_POINT ( 'NONE',  ( 39.99999999999999289, 40.00000000000000711, 12.50000000000000000 ) ) ;
#594 = CARTESIAN_POINT ( 'NONE',  ( -10.79845439491429104, -73.00638623421656348, 1.305192770639760580 ) ) ;
#595 = CARTESIAN_POINT ( 'NONE',  ( 20.28539599597616316, -74.00000000000005684, 6.145081704379043330 ) ) ;
#596 = CARTESIAN_POINT ( 'NONE',  ( 17.45018966863407428, -62.98620020237110850, 3.825867096359555575 ) ) ;
#597 = CARTESIAN_POINT ( 'NONE',  ( -12.61944796579970784, -74.00000000000001421, 23.32716269394299502 ) ) ;
#598 = CARTESIAN_POINT ( 'NONE',  ( -21.77805212901340681, -72.92856772938364429, 7.863275464407315951 ) ) ;
#599 = FACE_OUTER_BOUND ( 'NONE', #6526, .T. ) ;
#600 = VERTEX_POINT ( 'NONE', #1744 ) ;
#601 = CARTESIAN_POINT ( 'NONE',  ( 0.000000000000000000, -74.00000000000004263, 12.50000000000000000 ) ) ;
#602 = ORIENTED_EDGE ( 'NONE', *, *, #5209, .F. ) ;
#603 = CARTESIAN_POINT ( 'NONE',  ( 20.75962482619188165, -59.40752366131755480, -0.1477511290450775894 ) ) ;
#604 = CARTESIAN_POINT ( 'NONE',  ( -18.72968222534418103, -73.50065001983664104, 4.897581547841399541 ) ) ;
#605 = DIRECTION ( 'NONE',  ( 0.000000000000000000, 0.000000000000000000, 1.000000000000000000 ) ) ;
#606 = CARTESIAN_POINT ( 'NONE',  ( 12.57260239942050539, -63.60899210144818738, 21.76435597102959818 ) ) ;
#607 = VECTOR ( 'NONE', #2384, 1000.000000000000000 ) ;
#608 = ORIENTED_EDGE ( 'NONE', *, *, #3256, .F. ) ;
#609 = CARTESIAN_POINT ( 'NONE',  ( 3.160864686869999662, -77.77967650617955542, 30.13009892554309133 ) ) ;
#610 = DIRECTION ( 'NONE',  ( -1.000000000000000000, -1.553732654557586955E-16, 0.000000000000000000 ) ) ;
#611 = CARTESIAN_POINT ( 'NONE',  ( 34.12690561833093028, 46.56646013370743020, 24.99999999999999645 ) ) ;
#612 = CARTESIAN_POINT ( 'NONE',  ( -38.49999999999998579, 50.00000000000000711, 1.450000000000001732 ) ) ;
#613 = CARTESIAN_POINT ( 'NONE',  ( -35.68657103347307924, 50.76120981834343127, 0.2418563760782453109 ) ) ;
#614 = CARTESIAN_POINT ( 'NONE',  ( -2.483281994201177678, -71.96520828982316687, 24.81691930047635353 ) ) ;
#615 = EDGE_LOOP ( 'NONE', ( #44, #1975, #2202, #6708 ) ) ;
#616 = CARTESIAN_POINT ( 'NONE',  ( 39.99999999999999289, 37.00000000000001421, 32.07106781186548261 ) ) ;
#617 = CARTESIAN_POINT ( 'NONE',  ( 21.79673559039130737, -68.94074578140023846, 17.48011414135987351 ) ) ;
#618 = CARTESIAN_POINT ( 'NONE',  ( -24.57973960995905927, -77.89877571810217205, 17.79237427219958079 ) ) ;
#619 = CARTESIAN_POINT ( 'NONE',  ( 6.392915371071961950, -74.47483203011820763, -0.09501251141608844930 ) ) ;
#620 = CARTESIAN_POINT ( 'NONE',  ( -40.05030334399126701, 56.11336127118791950, 22.56298269957027003 ) ) ;
#621 = CARTESIAN_POINT ( 'NONE',  ( 14.20351202541164604, -60.00000000000036238, 3.500000000000000000 ) ) ;
#622 = CARTESIAN_POINT ( 'NONE',  ( -20.26199969574643234, -62.56918878501224413, 20.85512181819304800 ) ) ;
#623 = CARTESIAN_POINT ( 'NONE',  ( 22.31747927760339323, -74.00000000000007105, 13.31965619281525903 ) ) ;
#624 = VERTEX_POINT ( 'NONE', #3895 ) ;
#625 = ORIENTED_EDGE ( 'NONE', *, *, #5875, .F. ) ;
#626 = CARTESIAN_POINT ( 'NONE',  ( -40.19999999999967599, 50.23049083988325236, 2.576389018812719200 ) ) ;
#627 = ADVANCED_FACE ( 'NONE', ( #6758, #6095, #1197 ), #3307, .T. ) ;
#628 = DIRECTION ( 'NONE',  ( 0.000000000000000000, 0.000000000000000000, 1.000000000000000000 ) ) ;
#629 = CARTESIAN_POINT ( 'NONE',  ( -7.035234356358504471, -60.14793193955501494, 3.547559056847238157 ) ) ;
#630 = DIRECTION ( 'NONE',  ( 1.000000000000000000, 0.000000000000000000, 8.847089727481714604E-15 ) ) ;
#631 = CARTESIAN_POINT ( 'NONE',  ( 17.19020846335552832, -59.02174583776281480, 3.414343488047466568 ) ) ;
#632 = CARTESIAN_POINT ( 'NONE',  ( 12.56950975530703829, -74.00000000000005684, 23.34530654876381917 ) ) ;
#633 = CARTESIAN_POINT ( 'NONE',  ( -25.82352941176470296, -74.00000000000004263, 12.50000000000002309 ) ) ;
#634 = CARTESIAN_POINT ( 'NONE',  ( 17.74748603729677043, -74.00000000000004263, 12.49999999999993783 ) ) ;
#635 = PLANE ( 'NONE',  #5697 ) ;
#636 = ORIENTED_EDGE ( 'NONE', *, *, #3206, .T. ) ;
#637 = ORIENTED_EDGE ( 'NONE', *, *, #6937, .T. ) ;
#638 = DIRECTION ( 'NONE',  ( -1.330321911110254761E-16, 1.000000000000000000, 0.000000000000000000 ) ) ;
#639 = CARTESIAN_POINT ( 'NONE',  ( 2.083333333333328596, -60.00000000000002842, 0.000000000000000000 ) ) ;
#640 = CARTESIAN_POINT ( 'NONE',  ( -15.89699099475420319, -67.22463657686986949, 3.628881381157488040 ) ) ;
#641 = CARTESIAN_POINT ( 'NONE',  ( -43.50000000000000000, 55.00000000000000711, 25.00000000000000000 ) ) ;
#642 = CARTESIAN_POINT ( 'NONE',  ( 13.26306052944483582, -60.85841037245369733, 21.52464357671676254 ) ) ;
#643 = ORIENTED_EDGE ( 'NONE', *, *, #6629, .F. ) ;
#644 = EDGE_CURVE ( 'NONE', #825, #1802, #3753, .T. ) ;
#645 = CARTESIAN_POINT ( 'NONE',  ( -3.160864686869989448, -77.77967650617954121, 30.13009892554309133 ) ) ;
#646 = DIRECTION ( 'NONE',  ( -1.553732654557586955E-16, 1.000000000000000000, 0.000000000000000000 ) ) ;
#647 = CARTESIAN_POINT ( 'NONE',  ( -21.23287851239886237, -74.00000000000004263, 2.400147823057243279 ) ) ;
#648 = AXIS2_PLACEMENT_3D ( 'NONE', #5824, #2498, #2033 ) ;
#649 = DIRECTION ( 'NONE',  ( 0.000000000000000000, 0.000000000000000000, -1.000000000000000000 ) ) ;
#650 = DIRECTION ( 'NONE',  ( 1.000000000000000000, 0.000000000000000000, 0.000000000000000000 ) ) ;
#651 = CARTESIAN_POINT ( 'NONE',  ( -35.76105315054821432, 49.05378329944458926, 0.2584795086143515941 ) ) ;
#652 = CARTESIAN_POINT ( 'NONE',  ( -5.237572862559431996, -62.86618440529679930, 22.11512945473160840 ) ) ;
#653 = AXIS2_PLACEMENT_3D ( 'NONE', #5263, #973, #4794 ) ;
#654 =( BOUNDED_CURVE ( )  B_SPLINE_CURVE ( 3, ( #1324, #4496, #1758, #6695 ),
 .UNSPECIFIED., .F., .F. ) 
 B_SPLINE_CURVE_WITH_KNOTS ( ( 4, 4 ),
 ( 1.570796326794896558, 3.141592653589793116 ),
 .UNSPECIFIED. ) 
 CURVE ( )  GEOMETRIC_REPRESENTATION_ITEM ( )  RATIONAL_B_SPLINE_CURVE ( ( 1.000000000000000000, 0.8047378541243649375, 0.8047378541243649375, 1.000000000000000000 ) ) 
 REPRESENTATION_ITEM ( '' )  );
#655 = EDGE_CURVE ( 'NONE', #2456, #2915, #5272, .T. ) ;
#656 = ORIENTED_EDGE ( 'NONE', *, *, #1151, .F. ) ;
#657 = CARTESIAN_POINT ( 'NONE',  ( -25.00000000000000000, -60.00000000000003553, -0.3886993953833807747 ) ) ;
#658 = VECTOR ( 'NONE', #3410, 1000.000000000000000 ) ;
#659 = CARTESIAN_POINT ( 'NONE',  ( 21.49077775195247497, -59.52946844029276008, 3.500000000000001776 ) ) ;
#660 = CARTESIAN_POINT ( 'NONE',  ( 9.856188008207315221, -74.00000000000004263, -8.435108819099296440 ) ) ;
#661 = CARTESIAN_POINT ( 'NONE',  ( 2.367218916136437645, -69.39480938965219536, 0.9269174498627571479 ) ) ;
#662 = CARTESIAN_POINT ( 'NONE',  ( -39.28295735784791987, 56.34068735548405726, 23.16478214406706471 ) ) ;
#663 = CARTESIAN_POINT ( 'NONE',  ( -0.001737809258973246809, -77.00000000000004263, -0.2478503930661061228 ) ) ;
#664 = CARTESIAN_POINT ( 'NONE',  ( -17.01169957696021839, -69.75792238870080553, 21.04792101249844549 ) ) ;
#665 = ORIENTED_EDGE ( 'NONE', *, *, #2034, .T. ) ;
#666 = ORIENTED_EDGE ( 'NONE', *, *, #3977, .F. ) ;
#667 = CARTESIAN_POINT ( 'NONE',  ( -16.72396339815520960, -74.00000000000004263, 10.22274848313023199 ) ) ;
#668 = CARTESIAN_POINT ( 'NONE',  ( 40.15145231667773373, -44.77817837106496057, 2.532002900328734540 ) ) ;
#669 = CARTESIAN_POINT ( 'NONE',  ( -5.125804643244943115, -61.57340714406434756, 3.213486443915853918 ) ) ;
#670 = CARTESIAN_POINT ( 'NONE',  ( -0.001737809258973246809, -74.00000000000004263, -0.2478503930661063448 ) ) ;
#671 = CARTESIAN_POINT ( 'NONE',  ( 19.35178423752181232, -68.02047447423589688, 4.826391722947923846 ) ) ;
#672 = CARTESIAN_POINT ( 'NONE',  ( 38.50000000000000000, -44.31902001999193175, 12.50000000000000000 ) ) ;
#673 = CARTESIAN_POINT ( 'NONE',  ( -22.02978123891413631, -69.10913334228277449, 11.25276910082473947 ) ) ;
#674 = CIRCLE ( 'NONE', #3415, 2.500000000000002220 ) ;
#675 = LINE ( 'NONE', #4024, #7004 ) ;
#677 = EDGE_CURVE ( 'NONE', #1218, #5930, #3018, .T. ) ;
#676 = CARTESIAN_POINT ( 'NONE',  ( 41.75000000000002842, -46.28793110674654798, 25.00000000000000000 ) ) ;
#678 = EDGE_CURVE ( 'NONE', #3315, #3623, #835, .T. ) ;
#679 = ORIENTED_EDGE ( 'NONE', *, *, #4471, .F. ) ;
#680 = EDGE_LOOP ( 'NONE', ( #7074, #3064, #133, #3137 ) ) ;
#681 = CARTESIAN_POINT ( 'NONE',  ( -39.06944322142286552, 48.38648037874283148, 1.691763034652700615 ) ) ;
#682 = CARTESIAN_POINT ( 'NONE',  ( 7.635467636035307315, -77.00000000000004263, -4.259134230429939549 ) ) ;
#683 = VECTOR ( 'NONE', #4230, 1000.000000000000000 ) ;
#684 = CARTESIAN_POINT ( 'NONE',  ( -21.29494548426056610, -70.25964424791010288, 6.223840044103763347 ) ) ;
#685 = CARTESIAN_POINT ( 'NONE',  ( 11.74353916982063417, -65.03132147460397050, 22.03097900113603558 ) ) ;
#686 = VERTEX_POINT ( 'NONE', #1986 ) ;
#687 = CARTESIAN_POINT ( 'NONE',  ( 5.123743942441826071, -59.40752366131756190, 24.85156257324692319 ) ) ;
#688 = PRODUCT_DEFINITION_SHAPE ( 'NONE', 'NONE',  #4899 ) ;
#689 = CARTESIAN_POINT ( 'NONE',  ( 36.52665371306544273, 45.04862344235820615, 24.55082236913742477 ) ) ;
#690 = CARTESIAN_POINT ( 'NONE',  ( -16.18451032361774011, -77.00000000000004263, 9.413314671481527895 ) ) ;
#691 = CARTESIAN_POINT ( 'NONE',  ( 38.50000000000000000, -44.31902001999193175, 12.50000000000000000 ) ) ;
#692 = CARTESIAN_POINT ( 'NONE',  ( -35.76014154647199916, 50.94444791716043852, 0.2582633358690952785 ) ) ;
#693 = VECTOR ( 'NONE', #3054, 1000.000000000000000 ) ;
#694 = CARTESIAN_POINT ( 'NONE',  ( -5.723047528795070171, -68.03024231983864922, 23.43635243844973459 ) ) ;
#695 = EDGE_CURVE ( 'NONE', #1206, #2133, #2460, .T. ) ;
#696 = AXIS2_PLACEMENT_3D ( 'NONE', #1536, #1462, #345 ) ;
#697 = VERTEX_POINT ( 'NONE', #5681 ) ;
#698 = FACE_OUTER_BOUND ( 'NONE', #4671, .T. ) ;
#699 = CARTESIAN_POINT ( 'NONE',  ( 22.02978123891332984, -69.10913334226891891, 13.74723089917533692 ) ) ;
#700 = CARTESIAN_POINT ( 'NONE',  ( 21.98138733961768310, -69.07516081733770363, 10.00416527883070117 ) ) ;
#701 = CARTESIAN_POINT ( 'NONE',  ( 5.263463060762727075, -75.78760248950158029, -0.6429177832490438060 ) ) ;
#702 = CARTESIAN_POINT ( 'NONE',  ( -43.43278438992837920, 55.02324493625087598, 16.33344399409148195 ) ) ;
#703 = CARTESIAN_POINT ( 'NONE',  ( -25.88487902135364038, -77.00000000000004263, 10.60102098563661599 ) ) ;
#704 = CARTESIAN_POINT ( 'NONE',  ( -17.28711727639248963, -60.33959037545455573, 21.43509607468589095 ) ) ;
#705 = ORIENTED_EDGE ( 'NONE', *, *, #281, .F. ) ;
#706 = ORIENTED_EDGE ( 'NONE', *, *, #6834, .F. ) ;
#707 = CARTESIAN_POINT ( 'NONE',  ( -13.52024464577580609, -77.00000000000004263, 7.104376667777341225 ) ) ;
#708 = CYLINDRICAL_SURFACE ( 'NONE', #1468, 1.499999999999999556 ) ;
#709 = CARTESIAN_POINT ( 'NONE',  ( -7.765493409426714955, -66.64285785933533646, 2.139194460320102298 ) ) ;
#710 = LINE ( 'NONE', #6148, #1446 ) ;
#711 = CARTESIAN_POINT ( 'NONE',  ( 18.58320860325467905, -69.49411159242734470, 4.638925927902976198 ) ) ;
#712 = CARTESIAN_POINT ( 'NONE',  ( -36.79999999999998295, 50.00000000000000711, 12.50000000000000000 ) ) ;
#713 = CARTESIAN_POINT ( 'NONE',  ( 16.72396339815517763, -77.00000000000004263, 14.77725151686981597 ) ) ;
#714 = CARTESIAN_POINT ( 'NONE',  ( 38.50000000000000000, -44.31902001999193175, 12.50000000000000000 ) ) ;
#715 = DIRECTION ( 'NONE',  ( -1.000000000000000000, 0.000000000000000000, 0.000000000000000000 ) ) ;
#716 = ORIENTED_EDGE ( 'NONE', *, *, #4064, .F. ) ;
#717 = ORIENTED_EDGE ( 'NONE', *, *, #6315, .T. ) ;
#718 = CARTESIAN_POINT ( 'NONE',  ( 10.28067891613577167, -59.40752366131755480, 0.07457441105681468507 ) ) ;
#719 = EDGE_CURVE ( 'NONE', #5210, #3325, #3975, .T. ) ;
#720 = CARTESIAN_POINT ( 'NONE',  ( -22.99881989768720203, -62.16581880202668486, 4.417054376407236305 ) ) ;
#721 = CARTESIAN_POINT ( 'NONE',  ( 14.55592638335915545, -63.37984951570986425, 21.52635791771922413 ) ) ;
#722 = VERTEX_POINT ( 'NONE', #1313 ) ;
#723 = CARTESIAN_POINT ( 'NONE',  ( 11.31805765416916998, -59.40752366131756190, 24.94461461920064238 ) ) ;
#724 = EDGE_CURVE ( 'NONE', #1802, #825, #923, .T. ) ;
#725 = CARTESIAN_POINT ( 'NONE',  ( 7.781211056619708799, -74.00000000000002842, 4.620986844612268385 ) ) ;
#726 = EDGE_CURVE ( 'NONE', #3315, #4235, #3215, .T. ) ;
#727 = CARTESIAN_POINT ( 'NONE',  ( 4.306676310670361829, -77.00000000000005684, 29.77355898812897905 ) ) ;
#728 = CARTESIAN_POINT ( 'NONE',  ( 9.457963425667502477, -77.00000000000004263, 5.172551824973597334 ) ) ;
#729 = CARTESIAN_POINT ( 'NONE',  ( 0.000000000000000000, 0.000000000000000000, 0.000000000000000000 ) ) ;
#730 = CARTESIAN_POINT ( 'NONE',  ( -37.00782385202124658, 47.96663759802936511, 0.6334372650678594674 ) ) ;
#731 = AXIS2_PLACEMENT_3D ( 'NONE', #3863, #40, #3458 ) ;
#732 = CARTESIAN_POINT ( 'NONE',  ( -4.015906937575346447, -60.32909102715265703, 21.46450202217196335 ) ) ;
#733 = EDGE_LOOP ( 'NONE', ( #4636, #3207, #2985, #2810, #282, #2993 ) ) ;
#734 = CARTESIAN_POINT ( 'NONE',  ( 2.367140548792512789, -60.50406774492112305, 3.500000000000001776 ) ) ;
#735 = CARTESIAN_POINT ( 'NONE',  ( 22.27594339145134938, -73.29388993541530795, 13.43201868875623539 ) ) ;
#736 = EDGE_CURVE ( 'NONE', #2538, #2041, #3398, .T. ) ;
#737 = CARTESIAN_POINT ( 'NONE',  ( 21.68165856366043798, -63.50646192797379541, 9.221912725020105839 ) ) ;
#738 = CARTESIAN_POINT ( 'NONE',  ( -3.616528881952593366, -70.65994294452501379, 0.6540685792222747930 ) ) ;
#739 = CARTESIAN_POINT ( 'NONE',  ( -37.89670589022460945, 56.73457756958944742, 24.00466210191763494 ) ) ;
#740 = CARTESIAN_POINT ( 'NONE',  ( 39.99999999999999289, 40.00000000000000711, 25.00000000000000000 ) ) ;
#741 = CARTESIAN_POINT ( 'NONE',  ( -17.59943202369595383, -65.63939065778654935, 20.94634241857725243 ) ) ;
#742 = ORIENTED_EDGE ( 'NONE', *, *, #3562, .T. ) ;
#743 = EDGE_LOOP ( 'NONE', ( #2959, #490, #3234, #3502 ) ) ;
#744 = CARTESIAN_POINT ( 'NONE',  ( -11.17054101212912265, -77.00000000000004263, 5.867522945517623434 ) ) ;
#745 = LINE ( 'NONE', #3903, #785 ) ;
#746 = CARTESIAN_POINT ( 'NONE',  ( -10.22432474607250441, -61.19210996539948155, 3.374502953139640216 ) ) ;
#747 =( BOUNDED_CURVE ( )  B_SPLINE_CURVE ( 3, ( #1012, #7030, #1191, #1155 ),
 .UNSPECIFIED., .F., .F. ) 
 B_SPLINE_CURVE_WITH_KNOTS ( ( 4, 4 ),
 ( 6.107166181794576154, 6.283185307179586232 ),
 .UNSPECIFIED. ) 
 CURVE ( )  GEOMETRIC_REPRESENTATION_ITEM ( )  RATIONAL_B_SPLINE_CURVE ( ( 1.000000000000000000, 0.9974197717393076257, 0.9974197717393076257, 1.000000000000000000 ) ) 
 REPRESENTATION_ITEM ( '' )  );
#748 = CARTESIAN_POINT ( 'NONE',  ( 14.27209426941144343, -60.73350431550835538, 3.504411237454816419 ) ) ;
#749 = DIRECTION ( 'NONE',  ( 0.000000000000000000, 0.000000000000000000, 1.000000000000000000 ) ) ;
#750 = CARTESIAN_POINT ( 'NONE',  ( 16.44962808176716251, -77.00000000000004263, 15.24184282572427662 ) ) ;
#751 = CARTESIAN_POINT ( 'NONE',  ( -28.68629150101522640, -22.00000000000004263, 12.50000000000000000 ) ) ;
#752 = CARTESIAN_POINT ( 'NONE',  ( 38.50000000000000000, 35.00000000000000711, 32.07106781186548261 ) ) ;
#753 = ORIENTED_EDGE ( 'NONE', *, *, #57, .F. ) ;
#754 = PRODUCT ( 'palm_and_wrist_v1', 'palm_and_wrist_v1', '', ( #6407 ) ) ;
#755 = ORIENTED_EDGE ( 'NONE', *, *, #790, .T. ) ;
#756 = CARTESIAN_POINT ( 'NONE',  ( 4.097437745281522936, -59.40752366131754769, 0.1580390040907701521 ) ) ;
#757 = CARTESIAN_POINT ( 'NONE',  ( -20.48538726743252170, -73.10683524717808268, 6.241029474111131847 ) ) ;
#758 = B_SPLINE_CURVE_WITH_KNOTS ( 'NONE', 3,
 ( #1713, #2846, #192, #1168 ),
 .UNSPECIFIED., .F., .F.,
 ( 4, 4 ),
 ( 0.06795832094713022409, 0.07695915824664144311 ),
 .UNSPECIFIED. ) ;
#759 = CARTESIAN_POINT ( 'NONE',  ( 16.80177390409979665, -67.10265274100184740, 21.11692835491382780 ) ) ;
#760 = ORIENTED_EDGE ( 'NONE', *, *, #371, .T. ) ;
#761 = CARTESIAN_POINT ( 'NONE',  ( 24.67632450237490005, -77.77967650617954121, 17.64650332302021241 ) ) ;
#762 = CARTESIAN_POINT ( 'NONE',  ( 4.441730753071874815, -74.00000000000005684, 21.12387651130028488 ) ) ;
#763 = CARTESIAN_POINT ( 'NONE',  ( 43.33987916864675327, 40.12750366875599184, 16.81792123407398165 ) ) ;
#764 = CARTESIAN_POINT ( 'NONE',  ( 6.920907836083560305, -77.00000000000004263, 4.442417051582182808 ) ) ;
#765 = CARTESIAN_POINT ( 'NONE',  ( -43.50000000000000000, 55.00000000000000711, 12.50000000000000000 ) ) ;
#766 = CARTESIAN_POINT ( 'NONE',  ( -2.006974279450507659, -60.39582706526270783, 21.47110162797338262 ) ) ;
#767 = EDGE_CURVE ( 'NONE', #5357, #4789, #2277, .T. ) ;
#768 = ORIENTED_EDGE ( 'NONE', *, *, #1376, .T. ) ;
#769 = CARTESIAN_POINT ( 'NONE',  ( -26.05286915988835617, -77.89877571810214363, 13.39560750896158936 ) ) ;
#770 = CARTESIAN_POINT ( 'NONE',  ( 38.50000000000000000, 35.00000000000000711, 12.50000000000000000 ) ) ;
#771 = CARTESIAN_POINT ( 'NONE',  ( 21.37334883214525405, -57.94978242721178674, 10.49389685030507913 ) ) ;
#772 = CARTESIAN_POINT ( 'NONE',  ( -4.699656026350807814, -69.35234317388993475, 1.102003532441486966 ) ) ;
#773 = CARTESIAN_POINT ( 'NONE',  ( 36.00000000000000711, 35.00000000000000711, 32.07106781186548261 ) ) ;
#774 = DIRECTION ( 'NONE',  ( -1.000000000000000000, -1.553732654557586955E-16, 0.000000000000000000 ) ) ;
#775 = CARTESIAN_POINT ( 'NONE',  ( -17.19020846335663677, -59.02174583776272243, 21.58565651195257473 ) ) ;
#776 = EDGE_CURVE ( 'NONE', #2404, #172, #3121, .T. ) ;
#777 = ORIENTED_EDGE ( 'NONE', *, *, #823, .T. ) ;
#778 = EDGE_LOOP ( 'NONE', ( #2074, #5636, #4540, #4183 ) ) ;
#779 = PLANE ( 'NONE',  #4774 ) ;
#780 = CARTESIAN_POINT ( 'NONE',  ( -13.88707766829069179, -66.14005630105648947, 3.209436607803325625 ) ) ;
#781 = CARTESIAN_POINT ( 'NONE',  ( 13.72778536718261755, -64.82086968087327250, 3.286279602076871864 ) ) ;
#782 = CARTESIAN_POINT ( 'NONE',  ( -38.49999999999998579, -44.31902001999193175, 12.50000000000000000 ) ) ;
#783 = CARTESIAN_POINT ( 'NONE',  ( -21.70156503552969696, -63.52945788474725930, 12.50000000000000178 ) ) ;
#784 = LINE ( 'NONE', #751, #6081 ) ;
#785 = VECTOR ( 'NONE', #2389, 1000.000000000000000 ) ;
#786 = CARTESIAN_POINT ( 'NONE',  ( 17.04817713840274251, -74.00000000000004263, 14.09164343266637687 ) ) ;
#787 = ORIENTED_EDGE ( 'NONE', *, *, #644, .F. ) ;
#788 = CARTESIAN_POINT ( 'NONE',  ( -14.31858073156625721, -77.00000000000002842, -2.139773194630915754 ) ) ;
#789 = CARTESIAN_POINT ( 'NONE',  ( -22.44883895174223554, -69.95658613666323333, 6.922311474553570321 ) ) ;
#790 = EDGE_CURVE ( 'NONE', #3733, #1319, #346, .T. ) ;
#791 = CARTESIAN_POINT ( 'NONE',  ( 18.43926551568871375, -64.17068719332748117, 20.89339330522356875 ) ) ;
#792 = VECTOR ( 'NONE', #3894, 1000.000000000000000 ) ;
#793 = ORIENTED_EDGE ( 'NONE', *, *, #2248, .T. ) ;
#794 = VECTOR ( 'NONE', #2511, 1000.000000000000000 ) ;
#795 = CARTESIAN_POINT ( 'NONE',  ( 22.88186145036129560, -59.40752366131756190, 25.19492868241660943 ) ) ;
#796 = CARTESIAN_POINT ( 'NONE',  ( -14.56265212738503578, -74.00000000000002842, 17.20538328278646389 ) ) ;
#797 = CARTESIAN_POINT ( 'NONE',  ( 16.06493252481134704, -77.00000000000002842, 26.27903722655294771 ) ) ;
#798 = LINE ( 'NONE', #2877, #5832 ) ;
#799 = CARTESIAN_POINT ( 'NONE',  ( 37.37142138464160013, -46.41216161580688038, 0.7778033610940230380 ) ) ;
#800 = LINE ( 'NONE', #2983, #6297 ) ;
#801 = CARTESIAN_POINT ( 'NONE',  ( 2.202768498273508513, -65.53871021300938082, 22.95751256132806262 ) ) ;
#802 = EDGE_LOOP ( 'NONE', ( #4424, #5472, #3098 ) ) ;
#803 = CARTESIAN_POINT ( 'NONE',  ( -25.92971761545421572, -77.89877571810217205, 14.29112581168904050 ) ) ;
#804 = DIRECTION ( 'NONE',  ( -0.000000000000000000, -0.000000000000000000, -1.000000000000000000 ) ) ;
#805 = CARTESIAN_POINT ( 'NONE',  ( 21.60589344344228380, -63.41561907142654064, 5.948066130799017692 ) ) ;
#806 = EDGE_CURVE ( 'NONE', #4887, #6970, #3262, .T. ) ;
#807 = ADVANCED_FACE ( 'NONE', ( #503 ), #4279, .T. ) ;
#808 = CARTESIAN_POINT ( 'NONE',  ( -3.372784145518900267, -66.80027103195992311, 1.734907274144600109 ) ) ;
#809 = DIRECTION ( 'NONE',  ( -0.000000000000000000, -0.000000000000000000, -1.000000000000000000 ) ) ;
#810 = DIRECTION ( 'NONE',  ( 0.000000000000000000, 0.000000000000000000, 1.000000000000000000 ) ) ;
#811 = CARTESIAN_POINT ( 'NONE',  ( -15.77045558393201574, -65.90032255721006038, 21.37024458440496488 ) ) ;
#812 = ORIENTED_EDGE ( 'NONE', *, *, #1989, .T. ) ;
#813 = ORIENTED_EDGE ( 'NONE', *, *, #250, .F. ) ;
#814 = CARTESIAN_POINT ( 'NONE',  ( 25.00000000000000000, -60.00000000000003553, 16.66666666666668206 ) ) ;
#815 = CARTESIAN_POINT ( 'NONE',  ( -12.47728117658832048, -70.26858166246452697, 2.323065678520828570 ) ) ;
#816 = EDGE_CURVE ( 'NONE', #5384, #352, #3091, .T. ) ;
#817 = CARTESIAN_POINT ( 'NONE',  ( 12.09388970174421551, -59.65327292268798942, 3.532086152922432998 ) ) ;
#818 = CARTESIAN_POINT ( 'NONE',  ( -39.98008929001269962, -45.18338167869092104, 2.382833848072606564 ) ) ;
#819 = B_SPLINE_CURVE_WITH_KNOTS ( 'NONE', 3,
 ( #2931, #3946, #1868, #205 ),
 .UNSPECIFIED., .F., .F.,
 ( 4, 4 ),
 ( 0.000000000000000000, 0.001524608330382547054 ),
 .UNSPECIFIED. ) ;
#820 = CARTESIAN_POINT ( 'NONE',  ( -21.90622993233807136, -67.68331193224297238, 9.805107936860066431 ) ) ;
#821 = EDGE_LOOP ( 'NONE', ( #5890, #2739, #2178, #4855, #6662, #6934 ) ) ;
#822 = CARTESIAN_POINT ( 'NONE',  ( -39.98079931757265371, -43.45568084753612936, 2.383436548738953498 ) ) ;
#823 = EDGE_CURVE ( 'NONE', #1472, #2041, #4314, .T. ) ;
#824 = CARTESIAN_POINT ( 'NONE',  ( 17.37202824585432381, -73.73557537214303181, 21.01575719131761488 ) ) ;
#825 = VERTEX_POINT ( 'NONE', #4175 ) ;
#826 = AXIS2_PLACEMENT_3D ( 'NONE', #3643, #5837, #2575 ) ;
#827 = ORIENTED_EDGE ( 'NONE', *, *, #3188, .T. ) ;
#828 = CARTESIAN_POINT ( 'NONE',  ( 42.86972123790040001, 40.49840661270882691, 6.488141962212418790 ) ) ;
#829 = CARTESIAN_POINT ( 'NONE',  ( 11.96799147100970728, -77.77967650617955542, 28.26469411817401323 ) ) ;
#830 = DIRECTION ( 'NONE',  ( -0.000000000000000000, -0.000000000000000000, -1.000000000000000000 ) ) ;
#831 = CARTESIAN_POINT ( 'NONE',  ( 42.29982084134490350, 40.94207374746663675, 19.80088493149682449 ) ) ;
#832 = CARTESIAN_POINT ( 'NONE',  ( 22.01627518401573980, -68.87953040901000179, 12.50000000000000178 ) ) ;
#833 = CARTESIAN_POINT ( 'NONE',  ( 0.000000000000000000, -77.00000000000004263, 12.50000000000000000 ) ) ;
#834 = CARTESIAN_POINT ( 'NONE',  ( 3.787008615501159969, -73.23227564318911220, 25.06681985422615355 ) ) ;
#835 = B_SPLINE_CURVE_WITH_KNOTS ( 'NONE', 3,
 ( #5774, #4630, #1889, #2951, #4596, #6247, #6349, #869, #4010, #1956, #5170, #330, #1414, #6927, #260, #2521, #3550, #1449, #837, #5203, #296, #365, #6895, #1349, #4076, #2483, #3585, #6824, #4665, #2554 ),
 .UNSPECIFIED., .F., .F.,
 ( 4, 2, 2, 2, 2, 2, 2, 2, 2, 2, 2, 2, 2, 2, 4 ),
 ( 0.004785657857171230281, 0.004853948916264033686, 0.008620093637365176809, 0.01238623835846631820, 0.01615238307956746999, 0.01991852780066862005, 0.02368467252176977705, 0.02745081724287092018, 0.03121696196397207024, 0.03498310668507322030, 0.03874925140617436342, 0.04251539612727551348, 0.04628154084837666354, 0.05004768556947782054, 0.05011597662861311947 ),
 .UNSPECIFIED. ) ;
#836 = ORIENTED_EDGE ( 'NONE', *, *, #6834, .T. ) ;
#837 = CARTESIAN_POINT ( 'NONE',  ( -7.207149817911434830, -74.00000000000005684, -3.507522307412891394 ) ) ;
#838 = CIRCLE ( 'NONE', #1067, 1.700000000000000178 ) ;
#839 = FACE_OUTER_BOUND ( 'NONE', #6766, .T. ) ;
#840 = CARTESIAN_POINT ( 'NONE',  ( -2.052079450842725361, -61.68180549946139735, 3.157534369188807144 ) ) ;
#841 = CYLINDRICAL_SURFACE ( 'NONE', #4768, 1.700000000000000178 ) ;
#842 = DIRECTION ( 'NONE',  ( -0.000000000000000000, -0.000000000000000000, -1.000000000000000000 ) ) ;
#843 = B_SPLINE_CURVE_WITH_KNOTS ( 'NONE', 3,
 ( #1231, #6601, #6677, #5563, #1703, #3373, #4553, #2762 ),
 .UNSPECIFIED., .F., .F.,
 ( 4, 2, 2, 4 ),
 ( 0.07098969868961621521, 0.07851240355971011997, 0.08227375599475707235, 0.08603510842980402473 ),
 .UNSPECIFIED. ) ;
#844 = CARTESIAN_POINT ( 'NONE',  ( -12.90338135549069953, -66.24148277433808119, 21.98907704692071619 ) ) ;
#845 = ADVANCED_FACE ( 'NONE', ( #6125 ), #4358, .T. ) ;
#846 = ORIENTED_EDGE ( 'NONE', *, *, #6812, .T. ) ;
#847 = ORIENTED_EDGE ( 'NONE', *, *, #5792, .T. ) ;
#848 = CARTESIAN_POINT ( 'NONE',  ( 24.60084272001516581, -77.00000000000004263, 6.835940206779378414 ) ) ;
#849 = CARTESIAN_POINT ( 'NONE',  ( -15.80265010053233432, -73.93702560288537029, 3.084929849236539123 ) ) ;
#850 = CARTESIAN_POINT ( 'NONE',  ( 12.28656783120118412, -68.96153483987173161, 2.489417743681450634 ) ) ;
#851 = CARTESIAN_POINT ( 'NONE',  ( -39.85946955716028128, -45.35917133113186139, 2.280619122225259421 ) ) ;
#852 = EDGE_CURVE ( 'NONE', #5884, #46, #3854, .T. ) ;
#853 = ORIENTED_EDGE ( 'NONE', *, *, #2195, .F. ) ;
#854 = CARTESIAN_POINT ( 'NONE',  ( 38.50000000000000000, 35.00000000000000711, 12.50000000000000000 ) ) ;
#855 = CARTESIAN_POINT ( 'NONE',  ( 15.14727413304476222, -59.28230574989007806, 21.52441126122099746 ) ) ;
#856 = CARTESIAN_POINT ( 'NONE',  ( 15.59439274787384555, -77.00000000000004263, 16.24117459109336892 ) ) ;
#857 = EDGE_LOOP ( 'NONE', ( #968, #5540, #303 ) ) ;
#858 = CARTESIAN_POINT ( 'NONE',  ( 7.291666666666661634, -60.00000000000004263, 25.00000000000000000 ) ) ;
#859 = PLANE ( 'NONE',  #4438 ) ;
#860 = DIRECTION ( 'NONE',  ( -0.000000000000000000, -0.000000000000000000, -1.000000000000000000 ) ) ;
#861 = B_SPLINE_SURFACE_WITH_KNOTS ( 'NONE', 3, 3, ( 
 ( #989, #2095, #3131, #2702, #3165, #7037, #2128, #511, #4292, #6501 ),
 ( #1605, #3755, #4914, #1056, #2164, #4332, #3787, #5315, #6537, #405 ),
 ( #1089, #4775, #2732, #5609, #617, #36, #2231, #583, #4404, #1854 ),
 ( #6717, #6061, #154, #5495, #1279, #3969, #2342, #114, #3454, #1238 ),
 ( #2766, #5025, #1820, #2917, #4948, #5063, #2842, #1780, #6606, #2306 ),
 ( #4558, #735, #5567, #2267, #699, #3378, #5098, #1164, #1709, #2801 ),
 ( #4519, #3858, #3341, #3928, #5646, #4482, #5530, #6682, #4985, #76 ) ),
 .UNSPECIFIED., .F., .F., .F.,
 ( 4, 3, 4 ),
 ( 4, 3, 3, 4 ),
 ( 0.05404265217723078912, 0.2770213260886156270, 0.5000000000000004441 ),
 ( 0.1480422515901628489, 0.3942044041281850264, 0.6403665566662072317, 1.132690861742251531 ),
 .UNSPECIFIED. ) ;
#862 = CARTESIAN_POINT ( 'NONE',  ( 22.44883895174225685, -69.95658613666326175, 6.922311474553579203 ) ) ;
#863 = CARTESIAN_POINT ( 'NONE',  ( 22.31747927760338968, -74.00000000000004263, 12.50000000000002309 ) ) ;
#864 = CARTESIAN_POINT ( 'NONE',  ( -38.40420797058844471, 48.10700460123658928, 1.278900070290822866 ) ) ;
#865 = CARTESIAN_POINT ( 'NONE',  ( 2.052079450838789842, -61.68180549946151814, 21.84246563081125103 ) ) ;
#866 = CIRCLE ( 'NONE', #517, 10.00000000000000178 ) ;
#867 = ORIENTED_EDGE ( 'NONE', *, *, #2297, .F. ) ;
#868 = DIRECTION ( 'NONE',  ( 0.000000000000000000, 0.000000000000000000, 1.000000000000000000 ) ) ;
#869 = CARTESIAN_POINT ( 'NONE',  ( 14.77299651914989731, -74.00000000000005684, -1.308736367287351099 ) ) ;
#870 = CARTESIAN_POINT ( 'NONE',  ( 36.49831714135602567, -42.51085248873235400, 0.4584588234206678492 ) ) ;
#871 = CARTESIAN_POINT ( 'NONE',  ( -1.211309899116242095, -70.69001368063320001, 0.5041229182456989921 ) ) ;
#872 = CARTESIAN_POINT ( 'NONE',  ( -25.99999999999999289, -74.00000000000001421, 11.46570928387687616 ) ) ;
#873 = DIRECTION ( 'NONE',  ( 1.000000000000000000, 1.330321911110254514E-16, -0.000000000000000000 ) ) ;
#874 = CARTESIAN_POINT ( 'NONE',  ( -14.57318501755274553, -71.40267043534080926, 22.15286676448253544 ) ) ;
#875 = CARTESIAN_POINT ( 'NONE',  ( -24.64196912394494987, -77.00000000000004263, 18.08180698536105169 ) ) ;
#876 = EDGE_LOOP ( 'NONE', ( #2067, #1727, #1505, #5482, #3004, #3835, #3867, #2799, #2141, #5607, #6369, #3770, #3836, #2866, #5617, #4033, #3793, #2423, #4085, #5994 ) ) ;
#877 = ORIENTED_EDGE ( 'NONE', *, *, #5634, .F. ) ;
#878 = CARTESIAN_POINT ( 'NONE',  ( 24.98891076837313463, -57.72388461084813827, 23.68205322983632755 ) ) ;
#879 = CARTESIAN_POINT ( 'NONE',  ( -14.05308074613235902, -67.45727340253743876, 3.124321327414862903 ) ) ;
#880 = CARTESIAN_POINT ( 'NONE',  ( 11.91968504268721851, -66.34290924762005659, 2.812409298354542564 ) ) ;
#881 = DIRECTION ( 'NONE',  ( -0.000000000000000000, -0.000000000000000000, -1.000000000000000000 ) ) ;
#882 = VECTOR ( 'NONE', #2670, 1000.000000000000000 ) ;
#883 = CARTESIAN_POINT ( 'NONE',  ( -12.28923492230227588, -77.00000000000004263, 18.58913938628036533 ) ) ;
#884 = DIRECTION ( 'NONE',  ( -1.000000000000000000, 0.000000000000000000, 0.000000000000000000 ) ) ;
#885 = AXIS2_PLACEMENT_3D ( 'NONE', #4951, #5457, #4370 ) ;
#886 = ORIENTED_EDGE ( 'NONE', *, *, #119, .F. ) ;
#887 = VECTOR ( 'NONE', #1629, 999.9999999999998863 ) ;
#888 =( LENGTH_UNIT ( ) NAMED_UNIT ( * ) SI_UNIT ( .MILLI., .METRE. ) );
#889 = ADVANCED_FACE ( 'NONE', ( #1154, #1114, #4509 ), #1699, .T. ) ;
#890 = EDGE_CURVE ( 'NONE', #1861, #2027, #5323, .T. ) ;
#891 = CARTESIAN_POINT ( 'NONE',  ( 17.24518986934483422, -72.41064672805543978, 21.01851297690638276 ) ) ;
#892 = ORIENTED_EDGE ( 'NONE', *, *, #4959, .F. ) ;
#893 = ORIENTED_EDGE ( 'NONE', *, *, #6009, .T. ) ;
#894 = FACE_OUTER_BOUND ( 'NONE', #2977, .T. ) ;
#895 = LINE ( 'NONE', #7021, #470 ) ;
#896 = CARTESIAN_POINT ( 'NONE',  ( 43.50000000000000000, 40.00000000000000711, 25.00000000000000000 ) ) ;
#897 = FACE_OUTER_BOUND ( 'NONE', #3911, .T. ) ;
#898 = CARTESIAN_POINT ( 'NONE',  ( 21.29494548426048084, -70.25964424791010288, 6.223840044103719826 ) ) ;
#899 = CARTESIAN_POINT ( 'NONE',  ( -21.37918666975486204, -58.04902566657506924, 12.50000000000000178 ) ) ;
#900 = PLANE ( 'NONE',  #6878 ) ;
#901 = EDGE_CURVE ( 'NONE', #2350, #1347, #6628, .T. ) ;
#902 = CARTESIAN_POINT ( 'NONE',  ( 3.963494385739506853, -75.80406142101166722, 25.78780762090732992 ) ) ;
#903 = VERTEX_POINT ( 'NONE', #5638 ) ;
#904 = CARTESIAN_POINT ( 'NONE',  ( -24.67632450237490715, -77.77967650617954121, 17.64650332302019109 ) ) ;
#905 = CARTESIAN_POINT ( 'NONE',  ( 25.88487902106119876, -77.00000000000004263, 14.39897901673304048 ) ) ;
#906 = CONICAL_SURFACE ( 'NONE', #2849, 3.149999999999999911, 0.7853981633974477239 ) ;
#907 = CARTESIAN_POINT ( 'NONE',  ( -13.63000766128986285, -74.00000000000001421, 26.76216616028427708 ) ) ;
#908 = CARTESIAN_POINT ( 'NONE',  ( -4.101851172645108790, -61.61990704827209697, 3.189753643660983240 ) ) ;
#909 = CARTESIAN_POINT ( 'NONE',  ( -25.63747721176364180, -75.05793971538125220, 15.41321706173835082 ) ) ;
#910 = FACE_OUTER_BOUND ( 'NONE', #6903, .T. ) ;
#911 = CARTESIAN_POINT ( 'NONE',  ( -11.23915983428449117, -61.08773618665416905, 21.58964989766130671 ) ) ;
#912 = CARTESIAN_POINT ( 'NONE',  ( -11.83966574199074095, -60.14522726440608125, 21.50000000000000355 ) ) ;
#913 = VERTEX_POINT ( 'NONE', #4473 ) ;
#914 = ORIENTED_EDGE ( 'NONE', *, *, #3838, .F. ) ;
#915 = B_SPLINE_CURVE_WITH_KNOTS ( 'NONE', 3,
 ( #2845, #1127, #702, #2270, #6026, #6098, #4407, #6609, #1712, #5570, #6064, #1167, #3344, #5535, #620, #1201, #662, #2920, #739, #4705, #2487, #3588, #5747, #5101, #4146, #3457 ),
 .UNSPECIFIED., .F., .F.,
 ( 4, 2, 2, 2, 2, 2, 2, 2, 2, 2, 2, 2, 4 ),
 ( 0.000000000000000000, 0.001989096577733552064, 0.002983644866600329397, 0.003978193155467106730, 0.005967289733200643181, 0.006961838022067414443, 0.007956386310934183970, 0.008950934599800956099, 0.009945482888667724758, 0.01193457946640126034, 0.01292912775526801859, 0.01392367604413477511, 0.01591277262186828467 ),
 .UNSPECIFIED. ) ;
#916 = CARTESIAN_POINT ( 'NONE',  ( 25.00000000000000000, -60.00000000000003553, -0.5830490930751676126 ) ) ;
#917 = CARTESIAN_POINT ( 'NONE',  ( -10.68616235950701387, -77.00000000000004263, 19.34184003423202469 ) ) ;
#918 = CARTESIAN_POINT ( 'NONE',  ( 7.586107986135774084, -74.43935606453749187, 0.1586533612001254923 ) ) ;
#919 = DIRECTION ( 'NONE',  ( -0.01950348607398090170, 0.9260633242332214632, -0.3768638129896226818 ) ) ;
#920 = AXIS2_PLACEMENT_3D ( 'NONE', #7057, #649, #4624 ) ;
#921 = CARTESIAN_POINT ( 'NONE',  ( -39.99999999999997868, -47.29829407782823836, 3.500000000000000000 ) ) ;
#922 = DIRECTION ( 'NONE',  ( -1.000000000000000000, 0.000000000000000000, 0.000000000000000000 ) ) ;
#923 = CIRCLE ( 'NONE', #4687, 1.700000000000000178 ) ;
#924 = EDGE_LOOP ( 'NONE', ( #317, #1716 ) ) ;
#925 = VECTOR ( 'NONE', #4227, 999.9999999999998863 ) ;
#926 = LINE ( 'NONE', #6440, #4555 ) ;
#927 = CARTESIAN_POINT ( 'NONE',  ( 36.83668373837217302, -46.29738057646765981, 0.5714571035446388558 ) ) ;
#928 = CARTESIAN_POINT ( 'NONE',  ( 20.11894675680073519, -67.87274128861530187, 19.87845177918491757 ) ) ;
#929 = ORIENTED_EDGE ( 'NONE', *, *, #486, .T. ) ;
#930 = ORIENTED_EDGE ( 'NONE', *, *, #2768, .T. ) ;
#931 = EDGE_CURVE ( 'NONE', #2721, #3216, #2395, .T. ) ;
#932 = CARTESIAN_POINT ( 'NONE',  ( 7.349007215372866497, -77.00000000000004263, 4.548393950232755500 ) ) ;
#933 = CARTESIAN_POINT ( 'NONE',  ( 42.74159944749879969, 40.59868549868529186, 6.164452237736457896 ) ) ;
#934 = DIRECTION ( 'NONE',  ( -1.000000000000000000, 0.000000000000000000, 0.000000000000000000 ) ) ;
#935 = CARTESIAN_POINT ( 'NONE',  ( 7.844373268677548694, -74.00000000000002842, 0.3137201513175385537 ) ) ;
#936 = CARTESIAN_POINT ( 'NONE',  ( 25.65675476115116993, -77.00000000000004263, 15.33428754590534737 ) ) ;
#937 = CARTESIAN_POINT ( 'NONE',  ( 43.50000000000000000, 40.00000000000000711, 25.00000000000000000 ) ) ;
#938 = CARTESIAN_POINT ( 'NONE',  ( -21.60374486234518443, -66.09558617792738744, 5.292079432239548353 ) ) ;
#939 = CARTESIAN_POINT ( 'NONE',  ( 2.100643855520137659, -62.96754074923724431, 22.21407650456613325 ) ) ;
#940 = EDGE_CURVE ( 'NONE', #624, #3866, #2222, .T. ) ;
#941 = ADVANCED_FACE ( 'NONE', ( #3332 ), #5598, .T. ) ;
#942 = CARTESIAN_POINT ( 'NONE',  ( -37.36699225009492409, -46.41201431394497945, 0.7759175750682716366 ) ) ;
#943 = CARTESIAN_POINT ( 'NONE',  ( 21.44042580150771826, -75.00066329270610765, 2.600004593438301370 ) ) ;
#944 = CARTESIAN_POINT ( 'NONE',  ( 37.89727436941839045, -42.26658497915767754, 1.016613540986444297 ) ) ;
#945 = DIRECTION ( 'NONE',  ( 0.000000000000000000, 0.000000000000000000, 1.000000000000000000 ) ) ;
#946 = CARTESIAN_POINT ( 'NONE',  ( -21.64377600355136622, -63.46104049970016803, 17.41501057209042358 ) ) ;
#947 = CARTESIAN_POINT ( 'NONE',  ( -12.67548763990951066, -71.57353536121179616, 22.84610571473864482 ) ) ;
#948 = CARTESIAN_POINT ( 'NONE',  ( 38.50000000000000000, -44.31902001999193175, 0.000000000000000000 ) ) ;
#949 = VERTEX_POINT ( 'NONE', #3886 ) ;
#950 = ORIENTED_EDGE ( 'NONE', *, *, #6857, .T. ) ;
#951 = CARTESIAN_POINT ( 'NONE',  ( -23.96113957846803189, -77.77967650617954121, 5.849632616300115551 ) ) ;
#952 = FACE_OUTER_BOUND ( 'NONE', #6652, .T. ) ;
#953 = CARTESIAN_POINT ( 'NONE',  ( -17.39083232939693957, -74.00000000000004263, 13.31125439080320128 ) ) ;
#954 = CARTESIAN_POINT ( 'NONE',  ( 10.04835707264484057, -67.80806341847923591, 2.228348810502441157 ) ) ;
#955 = CARTESIAN_POINT ( 'NONE',  ( -40.10798435799272710, -44.88145459424077188, 2.494153140872462426 ) ) ;
#956 = CARTESIAN_POINT ( 'NONE',  ( 38.50000000000000000, 35.00000000000000711, 0.000000000000000000 ) ) ;
#957 = VECTOR ( 'NONE', #1492, 1000.000000000000000 ) ;
#958 = CARTESIAN_POINT ( 'NONE',  ( -14.20351202541198710, -60.00000000000351719, 3.500000000000000000 ) ) ;
#959 = EDGE_CURVE ( 'NONE', #913, #5006, #6673, .T. ) ;
#960 = VERTEX_POINT ( 'NONE', #4657 ) ;
#961 = CARTESIAN_POINT ( 'NONE',  ( -38.46346274222256767, 56.57670953097218813, 1.294755503795795848 ) ) ;
#962 = CARTESIAN_POINT ( 'NONE',  ( -40.20000000000160867, -44.31902001998943774, 2.576389018814387200 ) ) ;
#963 = CARTESIAN_POINT ( 'NONE',  ( 36.80000000000000426, -44.31902001999193175, 17.00000000000000000 ) ) ;
#964 = CARTESIAN_POINT ( 'NONE',  ( 19.98704413388897905, -71.89777356980320633, 19.33986497893359058 ) ) ;
#965 = CARTESIAN_POINT ( 'NONE',  ( 3.104680774522969866, -77.00000000000004263, 21.19885091066131366 ) ) ;
#966 = VERTEX_POINT ( 'NONE', #4622 ) ;
#967 = EDGE_CURVE ( 'NONE', #6479, #2520, #3575, .T. ) ;
#968 = ORIENTED_EDGE ( 'NONE', *, *, #4611, .F. ) ;
#969 = CARTESIAN_POINT ( 'NONE',  ( 16.39801473810173249, -74.00000000000004263, 9.708468711470445101 ) ) ;
#970 = CARTESIAN_POINT ( 'NONE',  ( -25.99999999999999645, -74.00000000000004263, 12.50000000000000000 ) ) ;
#971 = CARTESIAN_POINT ( 'NONE',  ( -25.99997965869902572, -77.00000000000005684, 12.97463034288265682 ) ) ;
#972 = CARTESIAN_POINT ( 'NONE',  ( 1.994176767725078570, -74.00000000000005684, -0.4686335242863728934 ) ) ;
#973 = DIRECTION ( 'NONE',  ( -1.000000000000000000, -1.553732654557586955E-16, 0.000000000000000000 ) ) ;
#974 =( BOUNDED_CURVE ( )  B_SPLINE_CURVE ( 3, ( #5568, #2703, #660, #2843 ),
 .UNSPECIFIED., .F., .F. ) 
 B_SPLINE_CURVE_WITH_KNOTS ( ( 4, 4 ),
 ( 0.6152153610739187206, 2.526377292514445205 ),
 .UNSPECIFIED. ) 
 CURVE ( )  GEOMETRIC_REPRESENTATION_ITEM ( )  RATIONAL_B_SPLINE_CURVE ( ( 1.000000000000000000, 0.7180896067410081907, 0.7180896067410081907, 1.000000000000000000 ) ) 
 REPRESENTATION_ITEM ( '' )  );
#975 = DIRECTION ( 'NONE',  ( -1.000000000000000000, 0.000000000000000000, 0.000000000000000000 ) ) ;
#976 = CARTESIAN_POINT ( 'NONE',  ( -21.69731558365935697, -70.20483339802852640, 6.803241100279792342 ) ) ;
#977 = CARTESIAN_POINT ( 'NONE',  ( 6.028205923971461822, -60.21351905057267828, 21.45618835811927028 ) ) ;
#978 = CARTESIAN_POINT ( 'NONE',  ( -38.07318701948119610, -46.34993336116474438, 1.098546035830371359 ) ) ;
#979 = B_SPLINE_CURVE_WITH_KNOTS ( 'NONE', 3,
 ( #5358, #2101, #4300, #5322, #6944, #5891, #480, #4783, #961, #3278, #2036, #3696, #2672, #3138, #1029, #7014, #6980, #1539, #413, #5963, #2603, #4849, #383, #6509, #5923, #3727 ),
 .UNSPECIFIED., .F., .F.,
 ( 4, 2, 2, 2, 2, 2, 2, 2, 2, 2, 2, 2, 4 ),
 ( 0.000000000000000000, 0.001989138364060329296, 0.002983707546090493511, 0.003978276728120658592, 0.005967415092180965337, 0.006961984274211126082, 0.007956553456241287695, 0.009945691820301631736, 0.01094026100233180289, 0.01193483018436197404, 0.01392396854842231982, 0.01491853773045249965, 0.01591310691248267947 ),
 .UNSPECIFIED. ) ;
#980 = CARTESIAN_POINT ( 'NONE',  ( 39.65037186325144347, 36.25565227390681144, 2.114516534170174378 ) ) ;
#981 = CARTESIAN_POINT ( 'NONE',  ( 25.65639081652327391, -75.58666007263651920, 9.664307650278887607 ) ) ;
#982 = CARTESIAN_POINT ( 'NONE',  ( -39.99999999999998579, -31.63661590615785002, 21.50000000000000000 ) ) ;
#983 = CARTESIAN_POINT ( 'NONE',  ( -21.68165856366044153, -63.50646192797379541, 15.77808727497989949 ) ) ;
#984 = EDGE_CURVE ( 'NONE', #5087, #722, #1656, .T. ) ;
#985 = CARTESIAN_POINT ( 'NONE',  ( -8.830673512493550703, -66.58119540976485951, 22.71189401043031353 ) ) ;
#986 = CARTESIAN_POINT ( 'NONE',  ( 25.82352941176471006, -74.00000000000009948, 13.52516019860011376 ) ) ;
#987 = ORIENTED_EDGE ( 'NONE', *, *, #5838, .F. ) ;
#988 = CARTESIAN_POINT ( 'NONE',  ( -19.70145298269379808, -59.40752366131755480, -0.1239266730901795732 ) ) ;
#989 = CARTESIAN_POINT ( 'NONE',  ( 21.61036000839367688, -74.08803984921766528, 17.36759788883462718 ) ) ;
#990 = CARTESIAN_POINT ( 'NONE',  ( 24.64196912394495342, -77.00000000000004263, 18.08180698536104458 ) ) ;
#991 = CARTESIAN_POINT ( 'NONE',  ( 8.601804563764760658, -73.11216866621214194, 0.7013051058305377339 ) ) ;
#992 = CARTESIAN_POINT ( 'NONE',  ( 25.00000000000000000, -60.00000000000003553, 22.91666666666667496 ) ) ;
#993 = DIRECTION ( 'NONE',  ( 1.000000000000000000, 0.000000000000000000, 0.000000000000000000 ) ) ;
#994 = ORIENTED_EDGE ( 'NONE', *, *, #4470, .T. ) ;
#995 = FACE_OUTER_BOUND ( 'NONE', #6578, .T. ) ;
#996 = CARTESIAN_POINT ( 'NONE',  ( 39.98079931757266792, 34.13666082754420472, 2.383436548738955274 ) ) ;
#997 = CARTESIAN_POINT ( 'NONE',  ( -43.49999999999999289, -22.00000000000004619, 8.500000000000000000 ) ) ;
#998 = CIRCLE ( 'NONE', #423, 1.499999999999999556 ) ;
#999 = CARTESIAN_POINT ( 'NONE',  ( 23.14364529609797216, -60.86453584255400528, 21.00257832871469077 ) ) ;
#1000 = ORIENTED_EDGE ( 'NONE', *, *, #498, .F. ) ;
#1001 = ORIENTED_EDGE ( 'NONE', *, *, #1108, .F. ) ;
#1002 = CIRCLE ( 'NONE', #3725, 1.700000000000000178 ) ;
#1003 = CARTESIAN_POINT ( 'NONE',  ( 10.68616235950700499, -74.00000000000004263, 5.658159965767950439 ) ) ;
#1004 = CARTESIAN_POINT ( 'NONE',  ( 23.96113957846802478, -77.77967650617952700, 5.849632616300108445 ) ) ;
#1005 = CARTESIAN_POINT ( 'NONE',  ( 39.99999999999999289, 40.00000000000000711, 12.50000000000000000 ) ) ;
#1006 = CARTESIAN_POINT ( 'NONE',  ( 17.50307347795875401, -74.00000000000004263, 4.055634947785787148 ) ) ;
#1007 = CARTESIAN_POINT ( 'NONE',  ( -20.61994711224325272, -77.00000000000004263, 1.815483390381345208 ) ) ;
#1008 = CARTESIAN_POINT ( 'NONE',  ( 25.82352941176470296, -74.00000000000002842, 11.47483980139228343 ) ) ;
#1009 = CARTESIAN_POINT ( 'NONE',  ( 7.311646392567921815, -62.75010504969602465, 22.00956791390924039 ) ) ;
#1010 = CARTESIAN_POINT ( 'NONE',  ( -20.75962482619188521, -59.40752366131756190, 25.14775112904507992 ) ) ;
#1011 = CARTESIAN_POINT ( 'NONE',  ( 35.68750192475066996, 35.76357359788841705, 0.2420648668363754030 ) ) ;
#1012 = CARTESIAN_POINT ( 'NONE',  ( -25.59826332794564507, -74.00000000000004263, 15.56445311930088415 ) ) ;
#1013 = VECTOR ( 'NONE', #6405, 1000.000000000000000 ) ;
#1014 = CARTESIAN_POINT ( 'NONE',  ( -38.49999999999998579, 50.00000000000000711, 32.07106781186548261 ) ) ;
#1015 = CARTESIAN_POINT ( 'NONE',  ( -21.94772718806802914, -67.71421447789884951, 13.84689676124488500 ) ) ;
#1016 = CARTESIAN_POINT ( 'NONE',  ( -8.342640039376693295, -62.67735802181164928, 21.94609808896465708 ) ) ;
#1017 = DIRECTION ( 'NONE',  ( 0.000000000000000000, -1.000000000000000000, 0.000000000000000000 ) ) ;
#1018 = AXIS2_PLACEMENT_3D ( 'NONE', #3781, #5017, #3299 ) ;
#1019 = ORIENTED_EDGE ( 'NONE', *, *, #2381, .F. ) ;
#1020 = CARTESIAN_POINT ( 'NONE',  ( -22.49889734027489396, -77.77967650617954121, 3.718926840066208772 ) ) ;
#1021 = EDGE_CURVE ( 'NONE', #3422, #1827, #1203, .T. ) ;
#1022 = ADVANCED_FACE ( 'NONE', ( #322, #1304 ), #859, .T. ) ;
#1023 = LINE ( 'NONE', #2665, #3996 ) ;
#1024 = CARTESIAN_POINT ( 'NONE',  ( -24.51858991215563321, -77.00000000000004263, 6.671434591060299901 ) ) ;
#1025 = CARTESIAN_POINT ( 'NONE',  ( 10.22766412655834678, -69.10984834815012334, 2.000325208522736986 ) ) ;
#1026 = CARTESIAN_POINT ( 'NONE',  ( 24.53643888760426606, -77.89877571810218626, 7.131299388332356770 ) ) ;
#1027 = CARTESIAN_POINT ( 'NONE',  ( -21.92344880527821616, -72.67768279226744710, 17.48578240176650667 ) ) ;
#1028 = EDGE_LOOP ( 'NONE', ( #1457, #853 ) ) ;
#1029 = CARTESIAN_POINT ( 'NONE',  ( -41.39797326988291815, 55.69694084144734347, 3.831378863563688952 ) ) ;
#1030 = EDGE_CURVE ( 'NONE', #5160, #2905, #2442, .T. ) ;
#1031 = CARTESIAN_POINT ( 'NONE',  ( 38.68627997701627663, 33.31023677097564928, 1.450000000000001066 ) ) ;
#1032 = ADVANCED_FACE ( 'NONE', ( #219 ), #5798, .F. ) ;
#1033 = CARTESIAN_POINT ( 'NONE',  ( 20.91150306046381502, -74.33170794949789695, 6.864757304016944062 ) ) ;
#1034 = CARTESIAN_POINT ( 'NONE',  ( -16.63297576915571341, -59.85057883805802703, 21.50000000000000000 ) ) ;
#1035 = AXIS2_PLACEMENT_3D ( 'NONE', #442, #544, #5987 ) ;
#1036 = CARTESIAN_POINT ( 'NONE',  ( 20.28389709184828149, -59.94163017455335307, 21.41833121103936577 ) ) ;
#1037 = EDGE_LOOP ( 'NONE', ( #847, #243, #1152, #1286, #3397, #705, #3288 ) ) ;
#1038 = VECTOR ( 'NONE', #3799, 1000.000000000000000 ) ;
#1039 = ORIENTED_EDGE ( 'NONE', *, *, #45, .F. ) ;
#1040 = CARTESIAN_POINT ( 'NONE',  ( 16.12763008922663488, -77.00000000000004263, 9.357240089103523673 ) ) ;
#1041 = CARTESIAN_POINT ( 'NONE',  ( 22.49889734027487975, -77.77967650617954121, 3.718926840066204775 ) ) ;
#1042 = DIRECTION ( 'NONE',  ( 0.000000000000000000, 0.000000000000000000, 1.000000000000000000 ) ) ;
#1043 = CARTESIAN_POINT ( 'NONE',  ( -18.80426373807935292, -74.83493977832596045, 4.960217325653767162 ) ) ;
#1044 = DIRECTION ( 'NONE',  ( -1.000000000000000000, 0.000000000000000000, 0.000000000000000000 ) ) ;
#1045 = CARTESIAN_POINT ( 'NONE',  ( 35.35000000000000142, 35.00000000000000711, 0.000000000000000000 ) ) ;
#1046 = CARTESIAN_POINT ( 'NONE',  ( 10.99701315222507070, -74.30314967266382098, 23.92842733375048780 ) ) ;
#1047 = CARTESIAN_POINT ( 'NONE',  ( -23.95833333333333570, -60.00000000000003553, 25.00000000000000000 ) ) ;
#1048 = CARTESIAN_POINT ( 'NONE',  ( -21.62540611165024629, -69.20677310332857246, 18.85633149780914408 ) ) ;
#1049 = FACE_OUTER_BOUND ( 'NONE', #876, .T. ) ;
#1050 = CARTESIAN_POINT ( 'NONE',  ( -33.49999999999998579, -55.09252271188820771, 25.00000000000000000 ) ) ;
#1051 = CARTESIAN_POINT ( 'NONE',  ( -22.19388934060635421, -71.89897107105046814, 13.53972074844453388 ) ) ;
#1052 = CARTESIAN_POINT ( 'NONE',  ( -11.66732308886083658, -71.64668359505228068, 23.17170878094040987 ) ) ;
#1053 = CARTESIAN_POINT ( 'NONE',  ( 36.79999999999999716, -44.31902001999193175, 1.450000000000001732 ) ) ;
#1054 = B_SPLINE_CURVE_WITH_KNOTS ( 'NONE', 3,
 ( #1340, #1913, #2369, #6711, #3482, #6165, #797, #3448, #3409, #3511, #4549, #253, #2443, #6749, #727, #4003, #4067, #1373, #6205, #3545, #5673, #2943, #5705, #5126, #2407, #4588, #6785, #4623, #6817, #3012, #6272, #5738, #5196, #2299 ),
 .UNSPECIFIED., .F., .F.,
 ( 4, 2, 2, 2, 2, 2, 2, 2, 2, 2, 2, 2, 2, 2, 2, 2, 4 ),
 ( 0.09959263859230521598, 0.1496441749690448075, 0.1996957113457843991, 0.2497472477225239629, 0.2997987840992635267, 0.3498503204760031737, 0.3999018568527427098, 0.4499533932294823013, 0.5000049296062218929, 0.5500564659829614289, 0.6001080023597011870, 0.6501595387364405010, 0.7002110751131802591, 0.7502626114899197951, 0.8003141478666593311, 0.8503656842433990892, 0.9004172206201388473 ),
 .UNSPECIFIED. ) ;
#1055 = VERTEX_POINT ( 'NONE', #2368 ) ;
#1056 = CARTESIAN_POINT ( 'NONE',  ( 21.69731558365953816, -70.20483339801370448, 18.19675889972181437 ) ) ;
#1057 = CARTESIAN_POINT ( 'NONE',  ( -12.28923492230227588, -74.00000000000004263, 18.58913938628036533 ) ) ;
#1058 = CARTESIAN_POINT ( 'NONE',  ( 11.40327644274162111, -62.40373738847824114, 3.268014778155105660 ) ) ;
#1059 = CARTESIAN_POINT ( 'NONE',  ( 24.55971631608542083, -77.00000000000004263, 18.24631260108012043 ) ) ;
#1060 = CARTESIAN_POINT ( 'NONE',  ( -21.01362485803143443, -72.96805158311812534, 18.32079992438375626 ) ) ;
#1061 = DIRECTION ( 'NONE',  ( 1.000000000000000000, 0.000000000000000000, 0.000000000000000000 ) ) ;
#1062 = EDGE_CURVE ( 'NONE', #3866, #2520, #2979, .T. ) ;
#1063 = VERTEX_POINT ( 'NONE', #288 ) ;
#1064 = CARTESIAN_POINT ( 'NONE',  ( 14.20351202541158386, -60.00000000000013500, 21.50000000000000000 ) ) ;
#1065 = CARTESIAN_POINT ( 'NONE',  ( 22.32770437604472136, -58.39545370422650450, 3.170993191566521485 ) ) ;
#1066 = CARTESIAN_POINT ( 'NONE',  ( -21.61464733046746289, -74.00000000000001421, 17.38692913433358100 ) ) ;
#1067 = AXIS2_PLACEMENT_3D ( 'NONE', #1354, #4179, #4046 ) ;
#1068 = CARTESIAN_POINT ( 'NONE',  ( -38.49999999999998579, -44.31902001999193175, 12.50000000000000000 ) ) ;
#1070 = EDGE_CURVE ( 'NONE', #2331, #5884, #5737, .T. ) ;
#1069 = CARTESIAN_POINT ( 'NONE',  ( 22.19467755869630565, -60.99001297009114353, 21.03929699607190074 ) ) ;
#1071 = ORIENTED_EDGE ( 'NONE', *, *, #1638, .F. ) ;
#1072 = EDGE_LOOP ( 'NONE', ( #1432, #4945, #1826, #5187, #2713 ) ) ;
#1073 = CARTESIAN_POINT ( 'NONE',  ( -3.104680774522959208, -74.00000000000004263, 3.801149089338675680 ) ) ;
#1074 = CARTESIAN_POINT ( 'NONE',  ( 18.75614490102388032, -77.77967650617949857, 0.2329463050484490705 ) ) ;
#1075 = CARTESIAN_POINT ( 'NONE',  ( -19.31706913302580375, -61.38848220840129954, 3.821315729897314828 ) ) ;
#1076 = CARTESIAN_POINT ( 'NONE',  ( 35.95441060874082240, 33.71572836286380692, 0.3053718818327413875 ) ) ;
#1077 = PLANE ( 'NONE',  #1149 ) ;
#1078 = CARTESIAN_POINT ( 'NONE',  ( 11.20103536296648095, -75.59866007509781127, 24.16257156795494865 ) ) ;
#1079 = ORIENTED_EDGE ( 'NONE', *, *, #1870, .T. ) ;
#1080 = CARTESIAN_POINT ( 'NONE',  ( -1.023709775831187718, -59.40752366131755480, 24.82574225332868423 ) ) ;
#1081 = CARTESIAN_POINT ( 'NONE',  ( 36.83188459651035629, 36.97657493498746817, 0.5697582883552102517 ) ) ;
#1082 = DIRECTION ( 'NONE',  ( 1.330321911110254514E-16, -1.000000000000000000, 0.000000000000000000 ) ) ;
#1083 = LINE ( 'NONE', #1230, #658 ) ;
#1084 = CARTESIAN_POINT ( 'NONE',  ( -21.73432409607679006, -71.56956601858603051, 17.67629897935195515 ) ) ;
#1085 = CARTESIAN_POINT ( 'NONE',  ( -8.601804563767657896, -73.11216866621202826, 24.29869489416879347 ) ) ;
#1086 = ADVANCED_FACE ( 'NONE', ( #2475 ), #1715, .F. ) ;
#1087 = ORIENTED_EDGE ( 'NONE', *, *, #43, .T. ) ;
#1088 = CARTESIAN_POINT ( 'NONE',  ( -18.57315826777937318, -77.00000000000005684, 0.2227311157459636592 ) ) ;
#1089 = CARTESIAN_POINT ( 'NONE',  ( 22.03065280364418754, -74.43074618789295016, 15.75838164972876854 ) ) ;
#1090 = CARTESIAN_POINT ( 'NONE',  ( -24.88177154653316947, -57.72388461084814537, 8.031245347946418534 ) ) ;
#1091 = CARTESIAN_POINT ( 'NONE',  ( 4.290821192239044457, -64.19883379175504956, 2.495091134019806756 ) ) ;
#1092 = CARTESIAN_POINT ( 'NONE',  ( 24.62304033231383116, -77.89877571810218626, 17.71604793273155209 ) ) ;
#1093 = CARTESIAN_POINT ( 'NONE',  ( -23.89205702367452844, -62.04280351276314320, 20.50467309258990767 ) ) ;
#1094 = LINE ( 'NONE', #3313, #5224 ) ;
#1095 = ORIENTED_EDGE ( 'NONE', *, *, #695, .F. ) ;
#1096 = ORIENTED_EDGE ( 'NONE', *, *, #3840, .F. ) ;
#1097 = DIRECTION ( 'NONE',  ( -0.000000000000000000, -0.000000000000000000, -1.000000000000000000 ) ) ;
#1098 = DIRECTION ( 'NONE',  ( -0.000000000000000000, -0.000000000000000000, -1.000000000000000000 ) ) ;
#1099 = CARTESIAN_POINT ( 'NONE',  ( -7.586107986135843362, -74.43935606453752030, 0.1586533612001392035 ) ) ;
#1100 = CARTESIAN_POINT ( 'NONE',  ( 21.73250879638439770, -66.24641289751457407, 5.373069401231773234 ) ) ;
#1101 = CARTESIAN_POINT ( 'NONE',  ( -39.99999999999999289, 55.00000000000000711, 25.00000000000000000 ) ) ;
#1102 = CARTESIAN_POINT ( 'NONE',  ( -21.48565329626486786, -67.35151416443086703, 4.450818509865952066 ) ) ;
#1103 = FACE_OUTER_BOUND ( 'NONE', #2901, .T. ) ;
#1104 = EDGE_LOOP ( 'NONE', ( #3558, #3913, #4060 ) ) ;
#1105 = ORIENTED_EDGE ( 'NONE', *, *, #235, .F. ) ;
#1106 = CARTESIAN_POINT ( 'NONE',  ( 13.39986135547580304, -59.40752366131756190, 0.01421403008056051215 ) ) ;
#1107 = EDGE_CURVE ( 'NONE', #2404, #186, #1487, .T. ) ;
#1108 = EDGE_CURVE ( 'NONE', #554, #5014, #6326, .T. ) ;
#1109 = CARTESIAN_POINT ( 'NONE',  ( -15.64861594070328010, -64.57540417763135565, 3.617700769316719356 ) ) ;
#1110 = LINE ( 'NONE', #4354, #6764 ) ;
#1111 = CARTESIAN_POINT ( 'NONE',  ( 7.927255824271995266, -67.93792677890105836, 23.14739792331708301 ) ) ;
#1112 = EDGE_LOOP ( 'NONE', ( #665, #5723, #6254, #112 ) ) ;
#1113 = CARTESIAN_POINT ( 'NONE',  ( -2.083333333333339255, -60.00000000000002842, 25.00000000000000000 ) ) ;
#1114 = FACE_OUTER_BOUND ( 'NONE', #6195, .T. ) ;
#1115 = EDGE_CURVE ( 'NONE', #3042, #5071, #5490, .T. ) ;
#1116 = CARTESIAN_POINT ( 'NONE',  ( 22.16687723080956474, -71.43976520450500800, 12.50000000000000355 ) ) ;
#1117 = DIRECTION ( 'NONE',  ( 0.000000000000000000, 0.000000000000000000, 1.000000000000000000 ) ) ;
#1118 = CARTESIAN_POINT ( 'NONE',  ( -38.06959150636433264, 52.00658972690372650, 1.103259145183101975 ) ) ;
#1119 = CARTESIAN_POINT ( 'NONE',  ( -9.531031648863491412, -63.89669809471482154, 22.09751724743727763 ) ) ;
#1120 = VECTOR ( 'NONE', #7075, 1000.000000000000000 ) ;
#1121 = ORIENTED_EDGE ( 'NONE', *, *, #4569, .T. ) ;
#1122 = CARTESIAN_POINT ( 'NONE',  ( -39.99999999999999289, 55.00000000000000711, 12.50000000000000000 ) ) ;
#1123 = VECTOR ( 'NONE', #4682, 1000.000000000000000 ) ;
#1124 = LINE ( 'NONE', #2883, #3441 ) ;
#1125 = CARTESIAN_POINT ( 'NONE',  ( -25.04793644628120219, -57.72388461084814537, 25.92627091680840223 ) ) ;
#1126 = CARTESIAN_POINT ( 'NONE',  ( 5.146585803489339916, -74.50101045947508283, -0.2938628769271027785 ) ) ;
#1127 = CARTESIAN_POINT ( 'NONE',  ( -43.50000000000000711, 55.00000000000000711, 15.67287072253106395 ) ) ;
#1128 = CARTESIAN_POINT ( 'NONE',  ( 25.00000000000000000, -60.00000000000004263, 8.333333333333346360 ) ) ;
#1129 = CARTESIAN_POINT ( 'NONE',  ( -21.29784547859717847, -58.51582098852973246, 21.77429746288993684 ) ) ;
#1130 = AXIS2_PLACEMENT_3D ( 'NONE', #6894, #4009, #6212 ) ;
#1131 = VECTOR ( 'NONE', #5372, 1000.000000000000000 ) ;
#1132 = ORIENTED_EDGE ( 'NONE', *, *, #6471, .T. ) ;
#1133 = ORIENTED_EDGE ( 'NONE', *, *, #4551, .F. ) ;
#1134 = CARTESIAN_POINT ( 'NONE',  ( 35.56567687281823709, -44.31902001999193175, 0.2156768728182386907 ) ) ;
#1135 = CARTESIAN_POINT ( 'NONE',  ( 39.42124631347063257, 33.55793528907672396, 1.938675358366729551 ) ) ;
#1136 = CARTESIAN_POINT ( 'NONE',  ( -5.472419390552248686, -65.44963733725934674, 2.225557779258316771 ) ) ;
#1137 = CARTESIAN_POINT ( 'NONE',  ( -39.35786437626902767, -51.71048313737294677, 3.586907429118598721E-16 ) ) ;
#1138 = CARTESIAN_POINT ( 'NONE',  ( 19.98704413389286216, -71.89777356980231104, 5.660135021069024219 ) ) ;
#1139 = CARTESIAN_POINT ( 'NONE',  ( -17.92423157313891835, -74.00000000000011369, 20.67297945116553137 ) ) ;
#1140 = CIRCLE ( 'NONE', #3735, 2.499999999999995115 ) ;
#1141 = CARTESIAN_POINT ( 'NONE',  ( 36.00000000000000000, -44.31902001999193175, 12.50000000000000000 ) ) ;
#1142 = ORIENTED_EDGE ( 'NONE', *, *, #4471, .T. ) ;
#1143 = B_SPLINE_SURFACE_WITH_KNOTS ( 'NONE', 3, 3, ( 
 ( #4729, #6548, #4101, #862, #5232, #2513, #6921, #1577, #5769, #5925, #4137, #3047, #6475 ),
 ( #324, #6344, #521, #2103, #1442, #3245, #2548, #4890, #4263, #3729, #4658, #5965, #289 ),
 ( #1033, #3609, #2676, #898, #6511, #4851, #1100, #3210, #2476, #7082, #3083, #1947, #1065 ),
 ( #7047, #2137, #4302, #1614, #5429, #6305, #1406, #2710, #2174, #4344, #1644, #3577, #1251 ),
 ( #5583, #2857, #1138, #3943, #4999, #2895, #89, #5077, #6694, #4926, #3392, #4456, #2243 ),
 ( #3356, #5039, #128, #3872, #16, #671, #3428, #2208, #2281, #3321, #2319, #4495, #1795 ),
 ( #4380, #6149, #1179, #5623, #711, #6073, #4417, #6583, #166, #4534, #3830, #6732, #1681 ),
 ( #3906, #1211, #6036, #5509, #2355, #1833, #6187, #3984, #1291, #596, #5466, #558, #631 ),
 ( #2815, #2745, #2779, #4962, #51, #1757, #6619, #1722, #5545, #6657, #6109, #6360, #6907 ),
 ( #4120, #4052, #343, #307, #5726, #6835, #4676, #2428, #2928, #4021, #1967, #5109, #4156 ),
 ( #2391, #2534, #1392, #4714, #2000, #3597, #4572, #3465, #6328, #270, #5658, #748, #6770 ),
 ( #202, #3029, #5149, #1865, #6224, #1323, #3498, #5691, #781, #2964, #238, #5215, #6804 ),
 ( #3563, #4606, #2495, #6873, #1899, #6257, #1361, #2461, #1428, #1932, #3531, #4640, #817 ),
 ( #2999, #4088, #5181, #6291, #5756, #850, #5785, #880, #3067, #5250, #1058, #5918, #3722 ),
 ( #2704, #3133, #5317, #1569, #4335, #5388, #7009, #4809, #2596, #3102, #4225, #4777, #3692 ),
 ( #2030, #5283, #3238, #2166, #408, #1025, #954, #6397, #1534, #6975, #7077, #4845, #7039 ),
 ( #2063, #476, #2631, #2667, #4747, #4882, #5856, #5353, #6433, #5887, #444, #6940, #1460 ),
 ( #3628, #3200, #991, #2566, #4188, #377, #1500, #5820, #3662, #3168, #2097, #2130, #4257 ),
 ( #6465, #918, #4294, #6503, #1608, #3757, #5957, #5423, #513, #4987, #4406, #5534, #3272 ),
 ( #4916, #619, #5065, #2344, #2803, #1635, #4369, #3309, #6136, #3897, #1240, #6097, #1746 ),
 ( #701, #1126, #5497, #6647, #6539, #3381, #78, #2269, #585, #1091, #2233, #2769, #1711 ),
 ( #6684, #3861, #6573, #2308, #6063, #3933, #1166, #3343, #3789, #2844, #5989, #2885, #6608 ),
 ( #4444, #7, #5569, #1200, #156, #661, #5456, #3418, #4950, #546, #5027, #2734, #3821 ),
 ( #116, #38, #2197, #1672, #6025, #4484, #5611, #1782, #2382, #228, #298, #5173, #4632 ),
 ( #190, #3020, #4044, #1958, #6249, #4111, #5746, #3971, #2451, #3521, #1315, #6795, #2418 ),
 ( #3456, #3587, #6826, #5776, #871, #4667, #5648, #4522, #5205, #1352, #1417, #5240, #1891 ),
 ( #5100, #1281, #6317, #333, #3491, #1923, #4012, #4562, #4598, #6215, #3057, #840, #2486 ),
 ( #2954, #1382, #5717, #6863, #738, #6721, #1856, #808, #5139, #2989, #262, #1822, #6174 ),
 ( #2919, #4078, #6760, #6283, #5683, #772, #3554, #3092, #2524, #4704, #6897, #908, #1990 ),
 ( #4145, #6351, #5274, #1451, #3618, #5810, #5543, #3390, #1136, #1643, #2743, #669, #3796 ),
 ( #2777, #1099, #1249, #87, #3426, #5621, #2317, #3280, #2173, #2855, #6072, #6147, #2893 ),
 ( #4960, #126, #4493, #49, #6035, #5465, #1793, #709, #557, #5074, #4925, #3354, #629 ),
 ( #15, #2207, #6692, #4997, #4343, #5581, #6107, #4379, #5037, #3870, #6582, #3941, #2241 ),
 ( #6547, #5997, #594, #2279, #1680, #3829, #3318, #5506, #4415, #4453, #6617, #2813, #1720 ),
 ( #1177, #6655, #1755, #3904, #1209, #2390, #4605, #1360, #5657, #5725, #1864, #746, #6256 ),
 ( #3530, #3982, #2998, #2927, #815, #5784, #3066, #5180, #2353, #5108, #4020, #6871, #4639 ),
 ( #6833, #2459, #1289, #1427, #6223, #1322, #269, #164, #4087, #1931, #6290, #3497, #1831 ),
 ( #5690, #2426, #1391, #200, #6185, #1966, #879, #780, #3561, #6769, #4571, #237, #2963 ),
 ( #5755, #849, #6803, #5147, #3028, #5214, #306, #3463, #3596, #1898, #4051, #2494, #4675 ),
 ( #4119, #6325, #4532, #6730, #4273, #6592, #640, #6520, #1109, #3881, #7025, #6484, #5553 ),
 ( #4826, #1185, #3328, #5517, #5438, #1731, #1691, #7090, #3291, #6046, #3775, #1589, #5406 ),
 ( #2717, #4391, #2217, #3254, #3740, #4934, #2787, #5936, #6555, #2687, #24, #3841, #1147 ),
 ( #1043, #604, #529, #4971, #61, #4897, #1622, #3221, #4428, #6082, #494, #3365, #4862 ),
 ( #5478, #566, #7055, #2147, #2254, #2754, #2114, #6631, #4312, #5973, #1075, #1654, #2182 ),
 ( #4353, #3805, #6008, #3915, #2435, #1907, #1221, #4058, #6120, #3997, #1299, #5666, #3403 ),
 ( #2972, #757, #3539, #4030, #6779, #5593, #3505, #4543, #2869, #5157, #3442, #2364, #5698 ),
 ( #1265, #2938, #139, #684, #5733, #4466, #6159, #5118, #5049, #3475, #6743, #2328, #175 ),
 ( #6667, #4505, #6704, #1806, #1842, #6199, #3954, #212, #5633, #720, #2401, #100, #2903 ),
 ( #245, #4582, #5085, #789, #1874, #4617, #6232, #1331, #2292, #6811, #2828, #6266, #1368 ) ),
 .UNSPECIFIED., .F., .F., .F.,
 ( 4, 3, 3, 3, 3, 3, 3, 3, 3, 3, 3, 3, 3, 3, 3, 3, 4 ),
 ( 4, 3, 3, 3, 4 ),
 ( 0.01342630494355898443, 0.07424801682561416039, 0.1350697287076693398, 0.1958914405897245192, 0.2567131524717796709, 0.3175348643538348226, 0.3783565762358900297, 0.4391782881179451814, 0.5000000000000003331, 0.5608217118820555402, 0.6216434237641106364, 0.6824651356461658436, 0.7432868475282210508, 0.8041085594102762579, 0.8649302712923314651, 0.9257519831743865613, 0.9865736950564417684 ),
 ( 0.1269927996743391574, 0.3536997493305227280, 0.5804066989867062709, 0.8071136486428898138, 1.033820598299073357 ),
 .UNSPECIFIED. ) ;
#1144 = ORIENTED_EDGE ( 'NONE', *, *, #2605, .F. ) ;
#1145 = CARTESIAN_POINT ( 'NONE',  ( 21.23287851237424562, -74.00000000000004263, 2.400147823038325079 ) ) ;
#1146 = CARTESIAN_POINT ( 'NONE',  ( 38.50407954664672872, 43.71539533331969096, 1.336516648545506003 ) ) ;
#1147 = CARTESIAN_POINT ( 'NONE',  ( -17.19020846335558517, -59.02174583776280770, 3.414343488047464792 ) ) ;
#1148 = CARTESIAN_POINT ( 'NONE',  ( 40.00000000000000711, -31.63661590615783581, 21.50000000000000000 ) ) ;
#1149 = AXIS2_PLACEMENT_3D ( 'NONE', #641, #3842, #5440 ) ;
#1150 = CARTESIAN_POINT ( 'NONE',  ( 12.28656783119612506, -68.96153483987214372, 22.51058225631988563 ) ) ;
#1151 = EDGE_CURVE ( 'NONE', #6746, #2340, #5677, .T. ) ;
#1152 = ORIENTED_EDGE ( 'NONE', *, *, #5740, .T. ) ;
#1153 = CARTESIAN_POINT ( 'NONE',  ( -15.66787898838768101, -77.77967650617955542, 26.66206494587439835 ) ) ;
#1154 = FACE_BOUND ( 'NONE', #2740, .T. ) ;
#1155 = CARTESIAN_POINT ( 'NONE',  ( -25.99999999999999645, -74.00000000000004263, 12.50000000000000000 ) ) ;
#1156 = CARTESIAN_POINT ( 'NONE',  ( 38.50000000000000000, -44.31902001999193175, 0.000000000000000000 ) ) ;
#1157 = DIRECTION ( 'NONE',  ( -1.000000000000000000, -1.330321911110254761E-16, -0.000000000000000000 ) ) ;
#1158 = CARTESIAN_POINT ( 'NONE',  ( -37.01186502662719136, 52.03438486394151852, 0.6349634440191324058 ) ) ;
#1159 = CARTESIAN_POINT ( 'NONE',  ( -2.663525710730740403, -75.82052035252161204, 25.93269745856414588 ) ) ;
#1160 =( BOUNDED_SURFACE ( )  B_SPLINE_SURFACE ( 3, 1, ( 
 ( #5995, #4888 ),
 ( #3208, #3173 ),
 ( #7045, #2134 ),
 ( #2637, #4813 ) ),
 .UNSPECIFIED., .F., .F., .F. ) 
 B_SPLINE_SURFACE_WITH_KNOTS ( ( 4, 4 ),
 ( 2, 2 ),
 ( 0.000000000000000000, 1.000000000000000000 ),
 ( 0.000000000000000000, 1.000000000000000000 ),
 .UNSPECIFIED. ) 
 GEOMETRIC_REPRESENTATION_ITEM ( )  RATIONAL_B_SPLINE_SURFACE ( (
 ( 1.000000000000000000, 1.000000000000000000),
 ( 0.6879350130686444631, 0.6879350130686444631),
 ( 0.6879350130686444631, 0.6879350130686444631),
 ( 1.000000000000000000, 1.000000000000000000) ) ) 
 REPRESENTATION_ITEM ( '' )  SURFACE ( )  );
#1161 = EDGE_CURVE ( 'NONE', #5962, #6560, #2079, .T. ) ;
#1162 = VERTEX_POINT ( 'NONE', #6448 ) ;
#1163 = CARTESIAN_POINT ( 'NONE',  ( 43.50000000000001421, -49.31902001999208807, 25.00000000000000000 ) ) ;
#1164 = CARTESIAN_POINT ( 'NONE',  ( 21.70156503552929195, -63.52945788474041677, 14.13885338516177015 ) ) ;
#1165 = CARTESIAN_POINT ( 'NONE',  ( -25.05344282515679311, -57.72388461084814537, -1.135629170736737192 ) ) ;
#1166 = CARTESIAN_POINT ( 'NONE',  ( 3.453110808381211871, -68.08692365686549408, 1.374683882648357391 ) ) ;
#1167 = CARTESIAN_POINT ( 'NONE',  ( -40.97357187890165875, 55.83009476493438683, 21.65228310859712479 ) ) ;
#1168 = CARTESIAN_POINT ( 'NONE',  ( 21.45495460367103391, -58.00528102953262533, 3.500000000000000000 ) ) ;
#1169 = CARTESIAN_POINT ( 'NONE',  ( -18.21531999292702864, -58.89237089803682323, 21.62783680073928494 ) ) ;
#1170 = CARTESIAN_POINT ( 'NONE',  ( 21.61464733046765119, -73.99999999998109956, 17.38692913434001497 ) ) ;
#1171 = AXIS2_PLACEMENT_3D ( 'NONE', #4422, #6621, #487 ) ;
#1172 = EDGE_CURVE ( 'NONE', #2250, #554, #1588, .T. ) ;
#1173 = ORIENTED_EDGE ( 'NONE', *, *, #321, .F. ) ;
#1174 = EDGE_LOOP ( 'NONE', ( #3640, #760, #2171, #1133 ) ) ;
#1175 = CARTESIAN_POINT ( 'NONE',  ( -15.59439274787388641, -74.00000000000004263, 8.758825408906686150 ) ) ;
#1176 = DIRECTION ( 'NONE',  ( 0.8660254037844380415, -0.5000000000000012212, 0.000000000000000000 ) ) ;
#1177 = CARTESIAN_POINT ( 'NONE',  ( -12.28334177505663938, -75.54567998389053685, 1.216285252232975012 ) ) ;
#1178 = PLANE ( 'NONE',  #3037 ) ;
#1179 = CARTESIAN_POINT ( 'NONE',  ( 18.67375795249497017, -72.16455450341176459, 4.823995174048997470 ) ) ;
#1180 = CARTESIAN_POINT ( 'NONE',  ( -21.63062619484087534, -67.46956354127415523, 5.781586949243489926 ) ) ;
#1181 = CARTESIAN_POINT ( 'NONE',  ( -25.99999999999999645, -74.00000000000004263, 12.50000000000000000 ) ) ;
#1182 = VERTEX_POINT ( 'NONE', #5298 ) ;
#1183 = ORIENTED_EDGE ( 'NONE', *, *, #589, .T. ) ;
#1184 = CARTESIAN_POINT ( 'NONE',  ( 5.208333333333336590, -60.00000000000004263, 0.000000000000000000 ) ) ;
#1185 = CARTESIAN_POINT ( 'NONE',  ( -17.37202824585862970, -73.73557537214242075, 3.984242808685050985 ) ) ;
#1186 = EDGE_CURVE ( 'NONE', #2773, #1668, #355, .T. ) ;
#1187 = CARTESIAN_POINT ( 'NONE',  ( 13.72778536717734355, -64.82086968087391199, 21.71372039792401054 ) ) ;
#1188 = ORIENTED_EDGE ( 'NONE', *, *, #2040, .F. ) ;
#1189 = CARTESIAN_POINT ( 'NONE',  ( 4.166666666666660745, -60.00000000000003553, 25.00000000000000000 ) ) ;
#1190 = CARTESIAN_POINT ( 'NONE',  ( 17.05861669619498500, -74.00000000000004263, 10.93352756300556727 ) ) ;
#1191 = CARTESIAN_POINT ( 'NONE',  ( -25.99999999999999645, -74.00000000000004263, 13.52810597629436096 ) ) ;
#1192 = PLANE ( 'NONE',  #5585 ) ;
#1193 = CARTESIAN_POINT ( 'NONE',  ( -36.83425657820991717, 51.97733327796119340, 0.5706168860427576206 ) ) ;
#1194 = CARTESIAN_POINT ( 'NONE',  ( -1.127535234491762628, -66.83599553647806601, 23.36234233347331468 ) ) ;
#1195 = ORIENTED_EDGE ( 'NONE', *, *, #184, .F. ) ;
#1196 = LINE ( 'NONE', #3340, #3853 ) ;
#1197 = FACE_BOUND ( 'NONE', #1872, .T. ) ;
#1198 = ADVANCED_FACE ( 'NONE', ( #1518 ), #459, .F. ) ;
#1199 = ADVANCED_FACE ( 'NONE', ( #5076 ), #4494, .T. ) ;
#1200 = CARTESIAN_POINT ( 'NONE',  ( 2.483281994197172882, -71.96520828982323792, 0.1830806995233908163 ) ) ;
#1201 = CARTESIAN_POINT ( 'NONE',  ( -39.54649381734559199, 56.26339500954247796, 22.97151765532160184 ) ) ;
#1202 = CARTESIAN_POINT ( 'NONE',  ( 38.50000000000000000, 35.00000000000000711, 21.50000000000000000 ) ) ;
#1203 =( BOUNDED_CURVE ( )  B_SPLINE_CURVE ( 3, ( #4135, #6816, #6271, #1372 ),
 .UNSPECIFIED., .F., .F. ) 
 B_SPLINE_CURVE_WITH_KNOTS ( ( 4, 4 ),
 ( 3.466225044388945964, 3.714414039258189693 ),
 .UNSPECIFIED. ) 
 CURVE ( )  GEOMETRIC_REPRESENTATION_ITEM ( )  RATIONAL_B_SPLINE_CURVE ( ( 1.000000000000000000, 0.9948734358240678421, 0.9948734358240678421, 1.000000000000000000 ) ) 
 REPRESENTATION_ITEM ( '' )  );
#1204 = CARTESIAN_POINT ( 'NONE',  ( -17.45018966863509036, -62.98620020237097350, 21.17413290364032363 ) ) ;
#1205 = EDGE_LOOP ( 'NONE', ( #6042, #2900, #5312, #3856, #4710, #4932, #2257, #3276 ) ) ;
#1206 = VERTEX_POINT ( 'NONE', #2856 ) ;
#1207 = CARTESIAN_POINT ( 'NONE',  ( -39.98079931757265371, 50.86333917245581659, 2.383436548738945060 ) ) ;
#1208 = CARTESIAN_POINT ( 'NONE',  ( 39.06973116712227778, -45.93260354673697776, 1.691919138057193406 ) ) ;
#1209 = CARTESIAN_POINT ( 'NONE',  ( -11.46861965257058458, -70.34529382536825892, 2.030693639449542953 ) ) ;
#1210 = CARTESIAN_POINT ( 'NONE',  ( 41.75000000000002842, -46.28793110674654798, 25.00000000000000000 ) ) ;
#1211 = CARTESIAN_POINT ( 'NONE',  ( 18.08336275768019519, -73.62313620486278865, 4.442840963603154059 ) ) ;
#1212 = CARTESIAN_POINT ( 'NONE',  ( 1.969000188617564540, -74.00000000000005684, 25.42336745757373251 ) ) ;
#1213 = CARTESIAN_POINT ( 'NONE',  ( -22.27594339145246138, -73.29388993543436470, 11.56798131124455331 ) ) ;
#1214 = VECTOR ( 'NONE', #1477, 1000.000000000000000 ) ;
#1215 = DIRECTION ( 'NONE',  ( -0.000000000000000000, -0.000000000000000000, -1.000000000000000000 ) ) ;
#1216 = DIRECTION ( 'NONE',  ( -1.000000000000000000, -1.330321911110254761E-16, 0.000000000000000000 ) ) ;
#1217 = ORIENTED_EDGE ( 'NONE', *, *, #2072, .F. ) ;
#1218 = VERTEX_POINT ( 'NONE', #2318 ) ;
#1219 = CARTESIAN_POINT ( 'NONE',  ( 17.56915918334685145, -77.00000000000004263, 12.09437280459833453 ) ) ;
#1220 = CARTESIAN_POINT ( 'NONE',  ( 7.746784082691721807, -77.77967650617952700, -4.454472283143531719 ) ) ;
#1221 = CARTESIAN_POINT ( 'NONE',  ( -20.16261887503432959, -66.54152489061726783, 4.895796183093499288 ) ) ;
#1222 = EDGE_CURVE ( 'NONE', #2707, #4723, #2467, .T. ) ;
#1223 = CARTESIAN_POINT ( 'NONE',  ( 14.39181443284875250, -70.08973688627537513, 22.05412076729684046 ) ) ;
#1224 = ORIENTED_EDGE ( 'NONE', *, *, #5437, .T. ) ;
#1225 = CARTESIAN_POINT ( 'NONE',  ( -1.556906051385454237, -77.00000000000005684, 30.00000000000001066 ) ) ;
#1226 = CARTESIAN_POINT ( 'NONE',  ( 17.32645425311710241, -74.00000000000007105, 11.54184182557752614 ) ) ;
#1227 = CARTESIAN_POINT ( 'NONE',  ( 25.86574135803857288, -74.00000000000005684, 10.44776716955071194 ) ) ;
#1228 = AXIS2_PLACEMENT_3D ( 'NONE', #550, #6542, #5992 ) ;
#1229 = CARTESIAN_POINT ( 'NONE',  ( -16.87180702193323256, -77.00000000000004263, 10.51135254540286290 ) ) ;
#1230 = CARTESIAN_POINT ( 'NONE',  ( -43.38685996664258226, 55.00000000000000711, 8.500000000000000000 ) ) ;
#1231 = CARTESIAN_POINT ( 'NONE',  ( 21.49077775195243944, -59.52946844029276008, 21.50000000000000000 ) ) ;
#1232 = CARTESIAN_POINT ( 'NONE',  ( -3.221263684573307362, -64.22597963643906382, 22.54535169946347040 ) ) ;
#1233 = AXIS2_PLACEMENT_3D ( 'NONE', #2525, #1857, #6898 ) ;
#1234 = B_SPLINE_CURVE_WITH_KNOTS ( 'NONE', 3,
 ( #4451, #2741, #3316, #4530, #1753, #2775, #1207, #1247, #626, #2891 ),
 .UNSPECIFIED., .F., .F.,
 ( 4, 2, 2, 2, 4 ),
 ( 0.0001268326591243405647, 0.0008138084444370080953, 0.001500784229749675680, 0.002187760015062343265, 0.002874735800375010850 ),
 .UNSPECIFIED. ) ;
#1235 = ORIENTED_EDGE ( 'NONE', *, *, #5917, .F. ) ;
#1236 = CARTESIAN_POINT ( 'NONE',  ( -43.49999999999998579, -49.31902001999193175, 10.00000000000000000 ) ) ;
#1237 = AXIS2_PLACEMENT_3D ( 'NONE', #6929, #4178, #4248 ) ;
#1238 = CARTESIAN_POINT ( 'NONE',  ( 21.40767530291814325, -57.90076832468152901, 18.51933683875509118 ) ) ;
#1239 = CARTESIAN_POINT ( 'NONE',  ( 21.64377600355135911, -63.46104049970016803, 7.584989427909561321 ) ) ;
#1240 = CARTESIAN_POINT ( 'NONE',  ( 5.237572862556474362, -62.86618440529691298, 2.884870545268270359 ) ) ;
#1241 = CARTESIAN_POINT ( 'NONE',  ( -40.19999999999998153, 50.00000000000000711, 17.00000000000000000 ) ) ;
#1242 = CARTESIAN_POINT ( 'NONE',  ( -25.74755384765307653, -74.00000000000005684, 14.55026536344075261 ) ) ;
#1243 = CARTESIAN_POINT ( 'NONE',  ( -16.69858866667774677, -65.77514961386361847, 21.15913751880254168 ) ) ;
#1244 = ADVANCED_FACE ( 'NONE', ( #1794 ), #2814, .F. ) ;
#1245 = ORIENTED_EDGE ( 'NONE', *, *, #4334, .T. ) ;
#1246 = ORIENTED_EDGE ( 'NONE', *, *, #4569, .F. ) ;
#1247 = CARTESIAN_POINT ( 'NONE',  ( -40.15145231667771952, 50.45915835107302883, 2.532002900328734984 ) ) ;
#1248 = DIRECTION ( 'NONE',  ( 0.000000000000000000, 0.000000000000000000, 1.000000000000000000 ) ) ;
#1249 = CARTESIAN_POINT ( 'NONE',  ( -7.427791005011626702, -73.14943294762100834, 0.4691667365534076817 ) ) ;
#1250 = CARTESIAN_POINT ( 'NONE',  ( -39.99999999999997868, -47.29829407782823836, 12.50000000000000000 ) ) ;
#1251 = CARTESIAN_POINT ( 'NONE',  ( 21.29784547859669530, -58.51582098852973246, 3.225702537110075152 ) ) ;
#1252 = CARTESIAN_POINT ( 'NONE',  ( 20.26068141299691305, -74.00000000000005684, 18.84908452299292847 ) ) ;
#1253 = B_SPLINE_CURVE_WITH_KNOTS ( 'NONE', 3,
 ( #4037, #5091, #5602, #1273, #2370, #221, #1229, #2835, #1813, #3483, #690, #1772, #6273, #5018, #6712, #5674, #3922, #6786, #5561, #2981, #3449, #6818, #2409, #4550, #4589, #6675, #1914, #147, #6750, #3962, #2335, #6166, #1849, #764, #5640, #2300, #728, #1341, #2910, #2444, #5127, #5164, #1882, #107, #1306, #4511, #6241, #2944, #4475, #4004, #3512, #6206, #254, #4068, #6127, #2549, #3013, #1981 ),
 .UNSPECIFIED., .F., .F.,
 ( 4, 2, 2, 2, 2, 2, 2, 2, 2, 2, 2, 2, 2, 2, 2, 2, 2, 2, 2, 2, 2, 2, 2, 2, 2, 2, 2, 2, 4 ),
 ( 0.000000000000000000, 0.03125000000000042327, 0.04687500000000058287, 0.05468750000000061756, 0.06250000000000063838, 0.09375000000000056899, 0.1250000000000004163, 0.1875000000000003608, 0.2187500000000004163, 0.2500000000000004441, 0.3125000000000004441, 0.3750000000000004996, 0.4062500000000004996, 0.4375000000000004996, 0.5000000000000004441, 0.6250000000000003331, 0.6562500000000003331, 0.6875000000000003331, 0.7500000000000002220, 0.7812500000000001110, 0.8125000000000000000, 0.8749999999999998890, 0.9062499999999998890, 0.9218749999999997780, 0.9374999999999997780, 0.9453124999999997780, 0.9531249999999997780, 0.9687499999999998890, 1.000000000000000000 ),
 .UNSPECIFIED. ) ;
#1254 = CARTESIAN_POINT ( 'NONE',  ( 17.13529237767749791, -77.00000000000004263, 13.89251263448946538 ) ) ;
#1255 = AXIS2_PLACEMENT_3D ( 'NONE', #854, #3632, #3036 ) ;
#1256 = DIRECTION ( 'NONE',  ( -0.000000000000000000, -0.000000000000000000, -1.000000000000000000 ) ) ;
#1257 = DIRECTION ( 'NONE',  ( -0.000000000000000000, -0.000000000000000000, -1.000000000000000000 ) ) ;
#1258 = EDGE_LOOP ( 'NONE', ( #1000, #1632, #1277, #6740, #3938 ) ) ;
#1259 = DIRECTION ( 'NONE',  ( 0.000000000000000000, -1.000000000000000000, 0.000000000000000000 ) ) ;
#1260 = EDGE_CURVE ( 'NONE', #6337, #3817, #710, .T. ) ;
#1261 = EDGE_CURVE ( 'NONE', #4568, #2238, #1290, .T. ) ;
#1262 = ORIENTED_EDGE ( 'NONE', *, *, #3840, .T. ) ;
#1263 = CARTESIAN_POINT ( 'NONE',  ( 7.291666666666672292, -60.00000000000004263, 0.000000000000000000 ) ) ;
#1264 = VECTOR ( 'NONE', #4483, 1000.000000000000000 ) ;
#1265 = CARTESIAN_POINT ( 'NONE',  ( -20.91150306046382212, -74.33170794949789695, 6.864757304016949391 ) ) ;
#1266 = CARTESIAN_POINT ( 'NONE',  ( 14.84232250117961982, -66.02549550055736916, 21.58135165000886246 ) ) ;
#1267 = VERTEX_POINT ( 'NONE', #4998 ) ;
#1268 = CARTESIAN_POINT ( 'NONE',  ( 25.19621869238762457, -59.40752366131755480, 25.24504229793925703 ) ) ;
#1269 = AXIS2_PLACEMENT_3D ( 'NONE', #4301, #481, #520 ) ;
#1270 = DIRECTION ( 'NONE',  ( -0.000000000000000000, 1.000000000000000000, -0.000000000000000000 ) ) ;
#1271 = CARTESIAN_POINT ( 'NONE',  ( 42.73533484846484498, 40.60358242758673697, 18.85096429197173151 ) ) ;
#1272 = VECTOR ( 'NONE', #1408, 1000.000000000000000 ) ;
#1273 = CARTESIAN_POINT ( 'NONE',  ( -17.13529237767748370, -77.00000000000004263, 11.10748736551051152 ) ) ;
#1274 = CARTESIAN_POINT ( 'NONE',  ( 40.20000000000162288, -44.31902001999442575, 2.576389018814377874 ) ) ;
#1275 = VECTOR ( 'NONE', #4799, 1000.000000000000000 ) ;
#1276 = CARTESIAN_POINT ( 'NONE',  ( -3.011440608512927497, -60.36245904620768243, 21.46780182507267298 ) ) ;
#1277 = ORIENTED_EDGE ( 'NONE', *, *, #6846, .T. ) ;
#1278 = CARTESIAN_POINT ( 'NONE',  ( 9.472007856055459030, -60.27463599579036213, 3.500000000000013323 ) ) ;
#1279 = CARTESIAN_POINT ( 'NONE',  ( 21.88906146500415772, -69.00795329936210010, 16.23797443126465723 ) ) ;
#1280 = CARTESIAN_POINT ( 'NONE',  ( 21.90362439758046165, -71.69271259769323024, 8.351315935854637829 ) ) ;
#1281 = CARTESIAN_POINT ( 'NONE',  ( -2.602216207361254252, -74.53547105990834609, -0.5607739519211512036 ) ) ;
#1282 = CARTESIAN_POINT ( 'NONE',  ( -7.465891482338396834, -77.00000000000004263, -4.278809612441709653 ) ) ;
#1283 = CARTESIAN_POINT ( 'NONE',  ( -25.82352941176470296, -74.00000000000002842, 13.52516019860615337 ) ) ;
#1284 = CARTESIAN_POINT ( 'NONE',  ( -19.35334771642267171, -70.69687930235070894, 19.88768782839495586 ) ) ;
#1285 = VERTEX_POINT ( 'NONE', #2894 ) ;
#1286 = ORIENTED_EDGE ( 'NONE', *, *, #4375, .F. ) ;
#1287 = CARTESIAN_POINT ( 'NONE',  ( -11.97183421273595627, -74.00000000000004263, 6.247968454798487947 ) ) ;
#1288 = LINE ( 'NONE', #5107, #2607 ) ;
#1289 = CARTESIAN_POINT ( 'NONE',  ( -13.81412485273789059, -72.79704652218326544, 2.366555065164741567 ) ) ;
#1290 = LINE ( 'NONE', #670, #7043 ) ;
#1291 = CARTESIAN_POINT ( 'NONE',  ( 17.52823973180028005, -64.31115118018587395, 3.948102702941436171 ) ) ;
#1292 = CARTESIAN_POINT ( 'NONE',  ( 21.61464733046744868, -74.00000000000001421, 7.613070865666371034 ) ) ;
#1293 = CARTESIAN_POINT ( 'NONE',  ( 4.419071297124347097, -77.00000000000004263, 21.03651454970157886 ) ) ;
#1294 = DIRECTION ( 'NONE',  ( -1.330321911110254514E-16, 1.000000000000000000, 0.000000000000000000 ) ) ;
#1295 = DIRECTION ( 'NONE',  ( 0.000000000000000000, 0.000000000000000000, 1.000000000000000000 ) ) ;
#1296 = ORIENTED_EDGE ( 'NONE', *, *, #5960, .T. ) ;
#1297 = VERTEX_POINT ( 'NONE', #3355 ) ;
#1298 = CARTESIAN_POINT ( 'NONE',  ( 1.041666666666657859, -60.00000000000002842, 0.000000000000000000 ) ) ;
#1299 = CARTESIAN_POINT ( 'NONE',  ( -20.28134915540998406, -61.25205026237711081, 3.872686045210427697 ) ) ;
#1300 = ADVANCED_FACE ( 'NONE', ( #6693 ), #1178, .T. ) ;
#1301 = CARTESIAN_POINT ( 'NONE',  ( 16.29582183644781779, -71.19447131960313868, 21.40912051044291431 ) ) ;
#1302 = ORIENTED_EDGE ( 'NONE', *, *, #5882, .T. ) ;
#1303 = CARTESIAN_POINT ( 'NONE',  ( 23.91533722709289123, -77.00000000000005684, 19.40688617464218524 ) ) ;
#1304 = FACE_OUTER_BOUND ( 'NONE', #821, .T. ) ;
#1305 = CARTESIAN_POINT ( 'NONE',  ( 43.08943246881282363, 40.32573319587416449, 17.85770449126808401 ) ) ;
#1306 = CARTESIAN_POINT ( 'NONE',  ( 15.53663826102321543, -77.00000000000004263, 8.701548597921380690 ) ) ;
#1307 = CARTESIAN_POINT ( 'NONE',  ( 36.50335851129432996, -46.13035153148447876, 0.4600462698788723159 ) ) ;
#1308 = CARTESIAN_POINT ( 'NONE',  ( 39.99999999999999289, 33.00000000000001421, 3.499999999999999556 ) ) ;
#1309 = CONICAL_SURFACE ( 'NONE', #4488, 1.699999999999993072, 1.029744258676650759 ) ;
#1310 = CARTESIAN_POINT ( 'NONE',  ( -5.595498240631496145, -66.74030889557465684, 23.10515446569010578 ) ) ;
#1311 = VERTEX_POINT ( 'NONE', #1250 ) ;
#1312 =( NAMED_UNIT ( * ) PLANE_ANGLE_UNIT ( ) SI_UNIT ( $, .RADIAN. ) );
#1313 = CARTESIAN_POINT ( 'NONE',  ( -17.74748603729673491, -74.00000000000004263, 12.50000000000002132 ) ) ;
#1314 = CARTESIAN_POINT ( 'NONE',  ( 22.19388934060635421, -71.89897107105045393, 11.46027925155546967 ) ) ;
#1315 = CARTESIAN_POINT ( 'NONE',  ( -2.495302675653926534E-14, -62.98197739232294623, 2.771192414807535531 ) ) ;
#1316 = FACE_OUTER_BOUND ( 'NONE', #4107, .T. ) ;
#1317 = EDGE_CURVE ( 'NONE', #196, #2250, #866, .T. ) ;
#1318 = CARTESIAN_POINT ( 'NONE',  ( -20.24265023608232283, -63.88632730764744139, 20.58292968159655345 ) ) ;
#1319 = VERTEX_POINT ( 'NONE', #1832 ) ;
#1320 = ORIENTED_EDGE ( 'NONE', *, *, #6670, .F. ) ;
#1321 = DIRECTION ( 'NONE',  ( -0.000000000000000000, 1.000000000000000000, -0.000000000000000000 ) ) ;
#1322 = CARTESIAN_POINT ( 'NONE',  ( -13.25282582758763361, -68.86801267194505272, 2.764311895353932957 ) ) ;
#1323 = CARTESIAN_POINT ( 'NONE',  ( 14.21908382397396409, -68.77449050401835962, 3.039206047026380197 ) ) ;
#1324 = CARTESIAN_POINT ( 'NONE',  ( 33.50000000000000711, -55.09252271188827876, 0.000000000000000000 ) ) ;
#1325 = CARTESIAN_POINT ( 'NONE',  ( -22.02978123891413631, -69.10913334228276028, 12.50000000000000711 ) ) ;
#1326 = CARTESIAN_POINT ( 'NONE',  ( 25.59826332794827053, -74.00000000000004263, 15.56445311928302644 ) ) ;
#1327 = CARTESIAN_POINT ( 'NONE',  ( 17.13529237767749791, -74.00000000000004263, 13.89251263448946538 ) ) ;
#1328 = VERTEX_POINT ( 'NONE', #3427 ) ;
#1329 = B_SPLINE_CURVE_WITH_KNOTS ( 'NONE', 3,
 ( #1662, #5485, #4870, #2760 ),
 .UNSPECIFIED., .F., .F.,
 ( 4, 4 ),
 ( 0.000000000000000000, 0.001524608330382753053 ),
 .UNSPECIFIED. ) ;
#1330 = CARTESIAN_POINT ( 'NONE',  ( -8.333333333333335702, -60.00000000000004974, 0.000000000000000000 ) ) ;
#1331 = CARTESIAN_POINT ( 'NONE',  ( -23.47651897361855333, -64.64033660111556401, 5.409134992954705012 ) ) ;
#1332 = CARTESIAN_POINT ( 'NONE',  ( 18.54822854603606075, -68.15985916645992404, 20.47275263841049409 ) ) ;
#1333 = ORIENTED_EDGE ( 'NONE', *, *, #1591, .T. ) ;
#1334 = CARTESIAN_POINT ( 'NONE',  ( 13.52024464577579188, -77.00000000000004263, 17.89562333222268364 ) ) ;
#1335 = ORIENTED_EDGE ( 'NONE', *, *, #589, .F. ) ;
#1336 = EDGE_CURVE ( 'NONE', #2264, #686, #6041, .T. ) ;
#1337 = EDGE_CURVE ( 'NONE', #6093, #1887, #6122, .T. ) ;
#1338 = CARTESIAN_POINT ( 'NONE',  ( 25.01247793074002601, -59.40752366131755480, 25.24110974515364703 ) ) ;
#1339 = DIRECTION ( 'NONE',  ( -0.000000000000000000, -0.000000000000000000, -1.000000000000000000 ) ) ;
#1340 = CARTESIAN_POINT ( 'NONE',  ( 21.84978653842347640, -77.00000000000004263, 21.98512355680450625 ) ) ;
#1341 = CARTESIAN_POINT ( 'NONE',  ( 10.68616235950700499, -77.00000000000004263, 5.658159965767950439 ) ) ;
#1342 =( NAMED_UNIT ( * ) PLANE_ANGLE_UNIT ( ) SI_UNIT ( $, .RADIAN. ) );
#1343 = CARTESIAN_POINT ( 'NONE',  ( -21.74677367782379989, -76.50113924001983889, 2.907439064976399923 ) ) ;
#1344 = CARTESIAN_POINT ( 'NONE',  ( 2.542030417515670937, -73.25037381470377795, 25.18884196339804404 ) ) ;
#1345 = EDGE_CURVE ( 'NONE', #4340, #2027, #6108, .T. ) ;
#1346 = EDGE_CURVE ( 'NONE', #3536, #4994, #6994, .T. ) ;
#1347 = VERTEX_POINT ( 'NONE', #286 ) ;
#1348 = CARTESIAN_POINT ( 'NONE',  ( -25.44682351704895140, -77.89877571810220047, 16.04233283124336751 ) ) ;
#1349 = CARTESIAN_POINT ( 'NONE',  ( -16.89247449991620798, -74.00000000000007105, -0.3358723515783972879 ) ) ;
#1350 = CARTESIAN_POINT ( 'NONE',  ( 21.50708717007978521, -60.58629182715908712, 3.379504332695292934 ) ) ;
#1351 = VECTOR ( 'NONE', #4181, 1000.000000000000000 ) ;
#1352 = CARTESIAN_POINT ( 'NONE',  ( -1.075474961041376298, -64.26665010704132897, 2.393347498713896293 ) ) ;
#1353 = LINE ( 'NONE', #6318, #6950 ) ;
#1354 = CARTESIAN_POINT ( 'NONE',  ( -38.49999999999998579, -44.31902001999193175, 12.50000000000000000 ) ) ;
#1355 = CARTESIAN_POINT ( 'NONE',  ( -13.72778536718423048, -64.82086968087311618, 21.71372039792285946 ) ) ;
#1356 = VERTEX_POINT ( 'NONE', #6446 ) ;
#1357 = VECTOR ( 'NONE', #6493, 1000.000000000000000 ) ;
#1358 = EDGE_LOOP ( 'NONE', ( #5575, #2949 ) ) ;
#1359 = CARTESIAN_POINT ( 'NONE',  ( 25.42438655634696687, -77.00000000000004263, 16.28290989553600454 ) ) ;
#1360 = CARTESIAN_POINT ( 'NONE',  ( -10.90742652497168841, -66.43136156785172375, 2.624638835394984770 ) ) ;
#1361 = CARTESIAN_POINT ( 'NONE',  ( 13.07810359153824820, -67.55474772314165932, 2.887617424216420758 ) ) ;
#1362 = DIRECTION ( 'NONE',  ( 1.000000000000000000, 0.000000000000000000, 0.000000000000000000 ) ) ;
#1363 = CARTESIAN_POINT ( 'NONE',  ( -21.38470200533177845, -57.93327921616327814, 8.488036030442446034 ) ) ;
#1364 = CARTESIAN_POINT ( 'NONE',  ( 24.99999999999999289, -60.00000000000004263, 25.00000000000000000 ) ) ;
#1365 = CARTESIAN_POINT ( 'NONE',  ( 16.72396339815517763, -77.00000000000004263, 14.77725151686981597 ) ) ;
#1366 = ORIENTED_EDGE ( 'NONE', *, *, #2809, .T. ) ;
#1367 = CIRCLE ( 'NONE', #2500, 1.700000000000000178 ) ;
#1368 = CARTESIAN_POINT ( 'NONE',  ( -24.39420752376030777, -58.17597901861446985, 3.049175374093065383 ) ) ;
#1369 = CARTESIAN_POINT ( 'NONE',  ( 18.21531999291980597, -58.89237089803774694, 21.62783680073897585 ) ) ;
#1370 = ORIENTED_EDGE ( 'NONE', *, *, #235, .T. ) ;
#1371 = CARTESIAN_POINT ( 'NONE',  ( 25.37995945403522668, -59.40752366131755480, 25.24897485072486347 ) ) ;
#1372 = CARTESIAN_POINT ( 'NONE',  ( 21.84978653842347640, -77.00000000000004263, 21.98512355680450625 ) ) ;
#1373 = CARTESIAN_POINT ( 'NONE',  ( -1.083338702728575242, -77.00000000000005684, 30.00000649868549374 ) ) ;
#1374 = CARTESIAN_POINT ( 'NONE',  ( 38.50000000000000000, -44.31902001999193175, 0.000000000000000000 ) ) ;
#1375 = DIRECTION ( 'NONE',  ( 0.000000000000000000, 0.000000000000000000, 1.000000000000000000 ) ) ;
#1376 = EDGE_CURVE ( 'NONE', #5761, #3422, #6373, .T. ) ;
#1377 = CARTESIAN_POINT ( 'NONE',  ( 4.808524193026357807, -70.63984312410740074, 24.24686620400052206 ) ) ;
#1378 = ORIENTED_EDGE ( 'NONE', *, *, #5937, .F. ) ;
#1379 =( LENGTH_UNIT ( ) NAMED_UNIT ( * ) SI_UNIT ( .MILLI., .METRE. ) );
#1380 = CARTESIAN_POINT ( 'NONE',  ( 26.00004068274418145, -77.00000000000004263, 13.44926400458494697 ) ) ;
#1381 = CARTESIAN_POINT ( 'NONE',  ( 21.54998219735380616, -63.34763145123385897, 4.313064398231693630 ) ) ;
#1382 = CARTESIAN_POINT ( 'NONE',  ( -3.874401005425345268, -74.51824075969170735, -0.4273184144241208293 ) ) ;
#1383 = CARTESIAN_POINT ( 'NONE',  ( -25.86412541772804019, -77.00000000000002842, 10.43546977629981853 ) ) ;
#1384 = DIRECTION ( 'NONE',  ( 1.000000000000000000, 0.000000000000000000, 0.000000000000000000 ) ) ;
#1385 = ADVANCED_FACE ( 'NONE', ( #4097 ), #6707, .F. ) ;
#1386 = CARTESIAN_POINT ( 'NONE',  ( -14.39181443285525930, -70.08973688627467880, 22.05412076729456317 ) ) ;
#1387 = AXIS2_PLACEMENT_3D ( 'NONE', #2285, #4348, #715 ) ;
#1388 = VERTEX_POINT ( 'NONE', #5331 ) ;
#1389 = EDGE_LOOP ( 'NONE', ( #5668, #3452, #1195, #1954 ) ) ;
#1390 = CARTESIAN_POINT ( 'NONE',  ( 25.05344282515679666, -57.72388461084813827, -1.135629170736771831 ) ) ;
#1391 = CARTESIAN_POINT ( 'NONE',  ( -14.75455560224880891, -72.71560398440712447, 2.748387238328863003 ) ) ;
#1392 = CARTESIAN_POINT ( 'NONE',  ( 15.62834065622518231, -72.62197729613072283, 3.153506383749895559 ) ) ;
#1393 = CARTESIAN_POINT ( 'NONE',  ( 36.79999999999999716, 35.00000000000000711, 0.000000000000000000 ) ) ;
#1394 = CARTESIAN_POINT ( 'NONE',  ( -15.98458317706133158, -77.00000000000004263, 15.81106025938971271 ) ) ;
#1395 =( BOUNDED_CURVE ( )  B_SPLINE_CURVE ( 3, ( #3387, #5035, #124, #6070 ),
 .UNSPECIFIED., .F., .F. ) 
 B_SPLINE_CURVE_WITH_KNOTS ( ( 4, 4 ),
 ( 2.816960262790639380, 2.978916549008439052 ),
 .UNSPECIFIED. ) 
 CURVE ( )  GEOMETRIC_REPRESENTATION_ITEM ( )  RATIONAL_B_SPLINE_CURVE ( ( 1.000000000000000000, 0.9978153743039677170, 0.9978153743039677170, 1.000000000000000000 ) ) 
 REPRESENTATION_ITEM ( '' )  );
#1396 = ORIENTED_EDGE ( 'NONE', *, *, #1425, .F. ) ;
#1397 = DIRECTION ( 'NONE',  ( -0.000000000000000000, -0.000000000000000000, -1.000000000000000000 ) ) ;
#1398 = ADVANCED_FACE ( 'NONE', ( #4654 ), #5228, .F. ) ;
#1399 = CARTESIAN_POINT ( 'NONE',  ( 15.27812424974532846, -60.60375690166262785, 21.47319042081343454 ) ) ;
#1400 = AXIS2_PLACEMENT_3D ( 'NONE', #4965, #54, #6002 ) ;
#1401 = ORIENTED_EDGE ( 'NONE', *, *, #959, .T. ) ;
#1402 = CARTESIAN_POINT ( 'NONE',  ( -33.49999999999998579, -55.09252271188820771, 25.00000000000000000 ) ) ;
#1403 = CARTESIAN_POINT ( 'NONE',  ( 20.46089445454940403, -77.77967650617952700, 23.40365775716508168 ) ) ;
#1404 = CARTESIAN_POINT ( 'NONE',  ( -17.32645425316606946, -74.00000000000004263, 13.45815817430352190 ) ) ;
#1405 = CARTESIAN_POINT ( 'NONE',  ( 25.09016021780469075, -77.00000000000004263, 17.18542479764157704 ) ) ;
#1406 = CARTESIAN_POINT ( 'NONE',  ( 20.94756383570933878, -66.39396889406593516, 5.134432792162629156 ) ) ;
#1407 = CARTESIAN_POINT ( 'NONE',  ( -9.457963425667509583, -74.00000000000004263, 19.82744817502639378 ) ) ;
#1408 = DIRECTION ( 'NONE',  ( -0.000000000000000000, -0.000000000000000000, -1.000000000000000000 ) ) ;
#1409 = EDGE_CURVE ( 'NONE', #6725, #4887, #1939, .T. ) ;
#1410 = FACE_OUTER_BOUND ( 'NONE', #2507, .T. ) ;
#1411 = CARTESIAN_POINT ( 'NONE',  ( -3.529492921376868755E-12, -60.41263196288625181, 21.47311775300519798 ) ) ;
#1412 = EDGE_LOOP ( 'NONE', ( #525, #3400, #867, #3406, #3144, #3786, #267, #1378 ) ) ;
#1413 = CARTESIAN_POINT ( 'NONE',  ( -25.00000000000000000, -60.00000000000003553, 10.41666666666666252 ) ) ;
#1414 = CARTESIAN_POINT ( 'NONE',  ( 5.802520853767682674, -74.00000000000004263, -3.734404081335830572 ) ) ;
#1415 = VECTOR ( 'NONE', #4748, 1000.000000000000000 ) ;
#1416 = CARTESIAN_POINT ( 'NONE',  ( 21.48137684748378007, -63.25936020216882127, 2.681870396611285567 ) ) ;
#1417 = CARTESIAN_POINT ( 'NONE',  ( -1.050078833147646717, -62.98197739232296044, 2.771192414807535531 ) ) ;
#1418 = CARTESIAN_POINT ( 'NONE',  ( -40.00000000000000000, 48.00000000000001421, 21.50000000000000000 ) ) ;
#1419 = CARTESIAN_POINT ( 'NONE',  ( -39.99999999999997868, -22.00000000000004263, 8.500000000000000000 ) ) ;
#1420 = CARTESIAN_POINT ( 'NONE',  ( -11.07851632400393704, -59.76995109059048872, 21.45633126423687287 ) ) ;
#1421 = DIRECTION ( 'NONE',  ( -1.553732654557586955E-16, 1.000000000000000000, 0.000000000000000000 ) ) ;
#1422 = ORIENTED_EDGE ( 'NONE', *, *, #6092, .T. ) ;
#1423 = ORIENTED_EDGE ( 'NONE', *, *, #283, .F. ) ;
#1424 = ADVANCED_FACE ( 'NONE', ( #6883 ), #2544, .F. ) ;
#1425 = EDGE_CURVE ( 'NONE', #4723, #2041, #3379, .T. ) ;
#1426 = CARTESIAN_POINT ( 'NONE',  ( 25.00000000000000000, -60.00000000000003553, 20.83333333333334991 ) ) ;
#1427 = CARTESIAN_POINT ( 'NONE',  ( -13.62433632872947165, -71.48810289827648035, 2.500513760388809015 ) ) ;
#1428 = CARTESIAN_POINT ( 'NONE',  ( 12.73566226850417848, -64.92609557773837992, 3.127650300470807387 ) ) ;
#1429 = CARTESIAN_POINT ( 'NONE',  ( -24.82098456197247316, -68.50000000000002842, 3.459096507319470160 ) ) ;
#1430 = CARTESIAN_POINT ( 'NONE',  ( -17.03494416879686213, -77.00000000000004263, 14.12286839206759304 ) ) ;
#1431 = DIRECTION ( 'NONE',  ( 0.000000000000000000, 0.000000000000000000, 1.000000000000000000 ) ) ;
#1432 = ORIENTED_EDGE ( 'NONE', *, *, #6705, .F. ) ;
#1433 = SURFACE_STYLE_USAGE ( .BOTH. , #4784 ) ;
#1434 =( BOUNDED_CURVE ( )  B_SPLINE_CURVE ( 3, ( #3606, #3220, #2078, #6953 ),
 .UNSPECIFIED., .F., .F. ) 
 B_SPLINE_CURVE_WITH_KNOTS ( ( 4, 4 ),
 ( 0.000000000000000000, 1.570796326794897890 ),
 .UNSPECIFIED. ) 
 CURVE ( )  GEOMETRIC_REPRESENTATION_ITEM ( )  RATIONAL_B_SPLINE_CURVE ( ( 1.000000000000000000, 0.8047378541243646044, 0.8047378541243646044, 1.000000000000000000 ) ) 
 REPRESENTATION_ITEM ( '' )  );
#1435 = CARTESIAN_POINT ( 'NONE',  ( 17.81899058749725384, -69.63079852707781470, 20.70302799824831297 ) ) ;
#1436 = VERTEX_POINT ( 'NONE', #5796 ) ;
#1437 = CARTESIAN_POINT ( 'NONE',  ( 14.25240334010246634, -74.00000000000004263, 17.40682367773018768 ) ) ;
#1438 = ORIENTED_EDGE ( 'NONE', *, *, #5792, .F. ) ;
#1439 = DIRECTION ( 'NONE',  ( -1.000000000000000000, 0.000000000000000000, 0.000000000000000000 ) ) ;
#1440 = CARTESIAN_POINT ( 'NONE',  ( 12.77889160815129976, -74.00000000000004263, 18.39090439883661787 ) ) ;
#1441 = CARTESIAN_POINT ( 'NONE',  ( -38.49999999999998579, -44.31902001999193175, 17.00000000000000000 ) ) ;
#1442 = CARTESIAN_POINT ( 'NONE',  ( 22.09143249191681235, -68.75679921450117149, 6.295393559980641207 ) ) ;
#1443 = LINE ( 'NONE', #5265, #2408 ) ;
#1444 = LINE ( 'NONE', #765, #2634 ) ;
#1445 = CARTESIAN_POINT ( 'NONE',  ( 1.240591896466642696, -71.97468639535161117, 24.87372199784806526 ) ) ;
#1446 = VECTOR ( 'NONE', #6186, 1000.000000000000000 ) ;
#1447 = ORIENTED_EDGE ( 'NONE', *, *, #7022, .F. ) ;
#1448 = CARTESIAN_POINT ( 'NONE',  ( -26.00000000000000000, -77.00000000000004263, 11.54475158891635189 ) ) ;
#1449 = CARTESIAN_POINT ( 'NONE',  ( -5.802520853767684450, -74.00000000000004263, -3.734404081335829684 ) ) ;
#1450 = CARTESIAN_POINT ( 'NONE',  ( 38.54487747513906726, -42.52737664473480095, 1.364227723487035693 ) ) ;
#1451 = CARTESIAN_POINT ( 'NONE',  ( -6.118198714491754231, -71.89803268046689766, 0.5688925939145226263 ) ) ;
#1452 = CYLINDRICAL_SURFACE ( 'NONE', #6840, 2.500000000000002220 ) ;
#1453 = CARTESIAN_POINT ( 'NONE',  ( 23.95412642242829193, -77.00000000000002842, 5.542507611605644868 ) ) ;
#1454 = CARTESIAN_POINT ( 'NONE',  ( -13.62433632873112899, -71.48810289827629560, 22.49948623961059013 ) ) ;
#1455 = CARTESIAN_POINT ( 'NONE',  ( -21.45495460367103391, -58.00528102953262533, 21.50000000000000000 ) ) ;
#1456 = ORIENTED_EDGE ( 'NONE', *, *, #3681, .T. ) ;
#1457 = ORIENTED_EDGE ( 'NONE', *, *, #6, .F. ) ;
#1458 = CARTESIAN_POINT ( 'NONE',  ( 25.00000000000000000, -60.00000000000003553, 25.19434969769165988 ) ) ;
#1459 = CARTESIAN_POINT ( 'NONE',  ( 41.75000000000002842, -46.28793110674654798, 12.50000000000000000 ) ) ;
#1460 = CARTESIAN_POINT ( 'NONE',  ( 8.043871396715104538, -60.06666865850733927, 3.550436574519972410 ) ) ;
#1461 = CARTESIAN_POINT ( 'NONE',  ( 36.00000000000000711, 35.00000000000000711, 12.50000000000000000 ) ) ;
#1462 = DIRECTION ( 'NONE',  ( -0.000000000000000000, -0.000000000000000000, -1.000000000000000000 ) ) ;
#1463 = EDGE_CURVE ( 'NONE', #4539, #913, #4791, .T. ) ;
#1464 = VECTOR ( 'NONE', #3716, 1000.000000000000000 ) ;
#1465 = ORIENTED_EDGE ( 'NONE', *, *, #6984, .T. ) ;
#1466 = CARTESIAN_POINT ( 'NONE',  ( -39.86244973789825963, -43.28221353080594724, 2.283019160456126517 ) ) ;
#1467 = CARTESIAN_POINT ( 'NONE',  ( 35.59014586644732248, -44.70784711921071874, 0.2207458047520695077 ) ) ;
#1468 = AXIS2_PLACEMENT_3D ( 'NONE', #3353, #6146, #3496 ) ;
#1470 = ADVANCED_FACE ( 'NONE', ( #894 ), #193, .T. ) ;
#1469 = CARTESIAN_POINT ( 'NONE',  ( 21.59393509400490530, -67.57287903013745733, 19.30814663416451893 ) ) ;
#1471 = CARTESIAN_POINT ( 'NONE',  ( -5.622376121350066036, -77.00000000000004263, 20.83506243202796071 ) ) ;
#1472 = VERTEX_POINT ( 'NONE', #6415 ) ;
#1473 = CARTESIAN_POINT ( 'NONE',  ( 15.26720647818633658, -74.00000000000004263, 16.55106062549155865 ) ) ;
#1474 = ORIENTED_EDGE ( 'NONE', *, *, #6936, .F. ) ;
#1475 = AXIS2_PLACEMENT_3D ( 'NONE', #6887, #5998, #3767 ) ;
#1476 = CARTESIAN_POINT ( 'NONE',  ( 11.89271580238532522, -74.00000000000004263, 6.208465292192525631 ) ) ;
#1477 = DIRECTION ( 'NONE',  ( -1.000000000000000000, 0.000000000000000000, 0.000000000000000000 ) ) ;
#1478 = PLANE ( 'NONE',  #826 ) ;
#1479 = CARTESIAN_POINT ( 'NONE',  ( 6.875679120869317096, -74.00000000000001421, 0.1263386046535457663 ) ) ;
#1480 = DIRECTION ( 'NONE',  ( -1.000000000000000000, 0.000000000000000000, 0.000000000000000000 ) ) ;
#1481 =( BOUNDED_CURVE ( )  B_SPLINE_CURVE ( 3, ( #936, #5373, #1405, #3114 ),
 .UNSPECIFIED., .F., .F. ) 
 B_SPLINE_CURVE_WITH_KNOTS ( ( 4, 4 ),
 ( 3.304268202553542366, 3.466225044388945964 ),
 .UNSPECIFIED. ) 
 CURVE ( )  GEOMETRIC_REPRESENTATION_ITEM ( )  RATIONAL_B_SPLINE_CURVE ( ( 1.000000000000000000, 0.9978153593227006013, 0.9978153593227006013, 1.000000000000000000 ) ) 
 REPRESENTATION_ITEM ( '' )  );
#1482 = CARTESIAN_POINT ( 'NONE',  ( -39.99999999999998579, -31.63661590615785002, 3.500000000000000000 ) ) ;
#1483 = CARTESIAN_POINT ( 'NONE',  ( -21.84127280223650303, -74.27744919116919675, 8.435182956424601031 ) ) ;
#1484 = CARTESIAN_POINT ( 'NONE',  ( -4.370694651077703739E-12, -71.97468639535158275, 24.87372199784793736 ) ) ;
#1485 = CARTESIAN_POINT ( 'NONE',  ( -8.622716828144305623, -77.00000000000004263, 20.10202683288562042 ) ) ;
#1486 = VECTOR ( 'NONE', #4913, 1000.000000000000000 ) ;
#1487 = CIRCLE ( 'NONE', #4197, 91.63661590615784291 ) ;
#1488 = CARTESIAN_POINT ( 'NONE',  ( -35.56541705630792904, -44.12611191040287650, 0.2156220200182548397 ) ) ;
#1489 = CARTESIAN_POINT ( 'NONE',  ( -21.53548173089492579, -61.94838717082161850, 20.83844576311936692 ) ) ;
#1490 = CARTESIAN_POINT ( 'NONE',  ( 14.77299651914990086, -74.00000000000004263, 26.30873636728735221 ) ) ;
#1491 = DIRECTION ( 'NONE',  ( 0.000000000000000000, 0.000000000000000000, 1.000000000000000000 ) ) ;
#1492 = DIRECTION ( 'NONE',  ( -0.000000000000000000, 1.000000000000000000, -0.000000000000000000 ) ) ;
#1493 = CARTESIAN_POINT ( 'NONE',  ( -14.27209426941295156, -60.73350431550820616, 21.49558876254514672 ) ) ;
#1494 = EDGE_CURVE ( 'NONE', #122, #5722, #389, .T. ) ;
#1495 = CARTESIAN_POINT ( 'NONE',  ( 25.82352941176471006, -74.00000000000004263, 12.49999999999998401 ) ) ;
#1496 = ORIENTED_EDGE ( 'NONE', *, *, #5209, .T. ) ;
#1497 = ORIENTED_EDGE ( 'NONE', *, *, #5151, .F. ) ;
#1498 = CARTESIAN_POINT ( 'NONE',  ( 25.00000000000000000, -60.00000000000003553, 4.166666666666674956 ) ) ;
#1499 = CARTESIAN_POINT ( 'NONE',  ( -16.39801473810179289, -74.00000000000004263, 15.29153128852949450 ) ) ;
#1500 = CARTESIAN_POINT ( 'NONE',  ( 7.927255824276896234, -67.93792677890081677, 1.852602076683661725 ) ) ;
#1501 = LINE ( 'NONE', #3532, #3570 ) ;
#1502 = VECTOR ( 'NONE', #3371, 1000.000000000000000 ) ;
#1503 = EDGE_CURVE ( 'NONE', #2520, #2404, #4518, .T. ) ;
#1504 = CARTESIAN_POINT ( 'NONE',  ( -17.74748603729673491, -77.00000000000004263, 12.50000000000002132 ) ) ;
#1505 = ORIENTED_EDGE ( 'NONE', *, *, #1463, .F. ) ;
#1506 = CARTESIAN_POINT ( 'NONE',  ( 36.00000000000000000, -44.31902001999193175, 32.07106781186548261 ) ) ;
#1507 = CIRCLE ( 'NONE', #2872, 2.500000000000002220 ) ;
#1508 = CARTESIAN_POINT ( 'NONE',  ( -43.50000000000000000, 55.00000000000000711, 12.50000000000000000 ) ) ;
#1509 = APPLICATION_PROTOCOL_DEFINITION ( 'draft international standard', 'automotive_design', 1998, #6888 ) ;
#1510 = CARTESIAN_POINT ( 'NONE',  ( 20.91150306046088048, -74.33170794949876381, 18.13524269598612193 ) ) ;
#1511 = CARTESIAN_POINT ( 'NONE',  ( -6.057925242327311999, -77.00000000000004263, 20.74926023434026234 ) ) ;
#1512 = ORIENTED_EDGE ( 'NONE', *, *, #5943, .T. ) ;
#1513 = ORIENTED_EDGE ( 'NONE', *, *, #1554, .F. ) ;
#1514 = CARTESIAN_POINT ( 'NONE',  ( -1.791487525089135779, -77.00000000000004263, 3.687517655318183429 ) ) ;
#1515 = CARTESIAN_POINT ( 'NONE',  ( 0.000000000000000000, -74.00000000000004263, 12.50000000000000000 ) ) ;
#1516 = CARTESIAN_POINT ( 'NONE',  ( -25.77095710534896611, -77.00000000000005684, 14.86617388146677854 ) ) ;
#1517 = EDGE_CURVE ( 'NONE', #1935, #5712, #1730, .T. ) ;
#1518 = FACE_OUTER_BOUND ( 'NONE', #6444, .T. ) ;
#1519 = CARTESIAN_POINT ( 'NONE',  ( 43.50000000000000000, 40.00000000000000711, 12.50000000000000000 ) ) ;
#1520 = CARTESIAN_POINT ( 'NONE',  ( 40.00000000000000711, -42.31902001999193885, 12.50000000000000000 ) ) ;
#1521 = FACE_OUTER_BOUND ( 'NONE', #1995, .T. ) ;
#1522 = CARTESIAN_POINT ( 'NONE',  ( 5.723047528787190252, -68.03024231983889081, 23.43635243845060145 ) ) ;
#1523 = CARTESIAN_POINT ( 'NONE',  ( -35.95130894416576695, -43.03951488199183473, 0.3046012199799623676 ) ) ;
#1524 = CARTESIAN_POINT ( 'NONE',  ( 38.88401678921308502, 36.66796466683612721, 1.569943680680155218 ) ) ;
#1525 = CARTESIAN_POINT ( 'NONE',  ( 37.00875979902978230, -42.28549995714217147, 0.6338080546297224505 ) ) ;
#1526 = CARTESIAN_POINT ( 'NONE',  ( -13.64424412175135437, -31.63661590615784291, 25.00000000000000000 ) ) ;
#1527 = CARTESIAN_POINT ( 'NONE',  ( -21.53745693383747550, -60.73962015597951591, 12.49999999999993783 ) ) ;
#1528 = CARTESIAN_POINT ( 'NONE',  ( -11.46861965257267002, -70.34529382536810260, 22.96930636054987929 ) ) ;
#1529 = DIRECTION ( 'NONE',  ( -1.330321911110254514E-16, 1.000000000000000000, -0.000000000000000000 ) ) ;
#1530 = EDGE_LOOP ( 'NONE', ( #3172, #3487, #1905, #3375, #6245 ) ) ;
#1531 = CARTESIAN_POINT ( 'NONE',  ( -25.19621869238764589, -59.40752366131754769, -0.2450422979392550826 ) ) ;
#1532 = DIRECTION ( 'NONE',  ( 0.8660254037844380415, -0.5000000000000012212, 0.000000000000000000 ) ) ;
#1533 = CARTESIAN_POINT ( 'NONE',  ( -25.00000000000000000, -60.00000000000003553, 12.50000000000000000 ) ) ;
#1534 = CARTESIAN_POINT ( 'NONE',  ( 9.696565293775035954, -65.20259229393313660, 2.681659458061060430 ) ) ;
#1535 = CARTESIAN_POINT ( 'NONE',  ( 24.60084272001516581, -77.00000000000004263, 6.835940206779378414 ) ) ;
#1536 = CARTESIAN_POINT ( 'NONE',  ( -38.49999999999998579, -44.31902001999193175, 17.00000000000000000 ) ) ;
#1537 = VECTOR ( 'NONE', #4778, 1000.000000000000000 ) ;
#1538 = ORIENTED_EDGE ( 'NONE', *, *, #4611, .T. ) ;
#1539 = CARTESIAN_POINT ( 'NONE',  ( -42.44103566460003663, 55.35787754979198638, 5.509199056878683720 ) ) ;
#1540 = CARTESIAN_POINT ( 'NONE',  ( 40.19999999999968310, 34.76950916011676895, 2.576389018812732079 ) ) ;
#1541 = CARTESIAN_POINT ( 'NONE',  ( -39.57990233007743797, -42.99046895141741231, 2.058504699876249511 ) ) ;
#1542 = CARTESIAN_POINT ( 'NONE',  ( 22.30159721909247850, -67.42099715994655185, 19.03321599017257171 ) ) ;
#1543 = CARTESIAN_POINT ( 'NONE',  ( -3.447648144306344697, -77.00000000000004263, 21.21224322138776586 ) ) ;
#1544 = ORIENTED_EDGE ( 'NONE', *, *, #82, .T. ) ;
#1545 = ORIENTED_EDGE ( 'NONE', *, *, #321, .T. ) ;
#1546 = CARTESIAN_POINT ( 'NONE',  ( 8.622716828144255885, -74.00000000000004263, 4.897973167114376913 ) ) ;
#1547 = CARTESIAN_POINT ( 'NONE',  ( -25.86412541772647344, -74.00000000000004263, 14.56453022371207773 ) ) ;
#1548 = CARTESIAN_POINT ( 'NONE',  ( -10.66813238574217948, -77.01806331675076933, 33.96922468514754456 ) ) ;
#1549 = CARTESIAN_POINT ( 'NONE',  ( 33.50000000000000711, -31.63661590615783581, 25.00000000000000000 ) ) ;
#1550 = CARTESIAN_POINT ( 'NONE',  ( -39.99999999999998579, -14.00000000000004619, 12.50000000000000000 ) ) ;
#1551 = CARTESIAN_POINT ( 'NONE',  ( 36.50335851129432996, 33.18866848850745299, 0.4600462698788735927 ) ) ;
#1552 = CARTESIAN_POINT ( 'NONE',  ( 7.747895389467111649, -75.72870601436474658, 25.15192032001975520 ) ) ;
#1553 = ADVANCED_FACE ( 'NONE', ( #565 ), #6117, .T. ) ;
#1554 = EDGE_CURVE ( 'NONE', #5969, #5006, #2840, .T. ) ;
#1555 = CARTESIAN_POINT ( 'NONE',  ( -22.94826103524159322, -77.00000000000004263, 20.76055779822051761 ) ) ;
#1556 = CARTESIAN_POINT ( 'NONE',  ( 40.20000000000015916, 35.11541018007795145, 2.576389018813157072 ) ) ;
#1557 = CARTESIAN_POINT ( 'NONE',  ( -39.99999999999997868, -46.31902001999193885, 12.50000000000000000 ) ) ;
#1558 = CARTESIAN_POINT ( 'NONE',  ( 0.000000000000000000, -77.00000000000004263, 12.50000000000000000 ) ) ;
#1559 = CARTESIAN_POINT ( 'NONE',  ( -21.37334883214525760, -57.94978242721179384, 14.50610314969492975 ) ) ;
#1560 = VECTOR ( 'NONE', #2044, 1000.000000000000000 ) ;
#1561 = CARTESIAN_POINT ( 'NONE',  ( -10.38835596852257481, -62.50424976918170472, 21.80728981690717205 ) ) ;
#1562 = CARTESIAN_POINT ( 'NONE',  ( 4.735963003152996009, -60.45436733241212579, 21.49999999999996803 ) ) ;
#1563 = EDGE_CURVE ( 'NONE', #6269, #966, #1196, .T. ) ;
#1564 = EDGE_CURVE ( 'NONE', #5761, #2773, #6570, .T. ) ;
#1565 = ORIENTED_EDGE ( 'NONE', *, *, #2205, .T. ) ;
#1566 = CARTESIAN_POINT ( 'NONE',  ( -22.94826103524159677, -77.00000000000004263, 4.239442201779484165 ) ) ;
#1567 = DIRECTION ( 'NONE',  ( -0.000000000000000000, -0.000000000000000000, -1.000000000000000000 ) ) ;
#1568 = CARTESIAN_POINT ( 'NONE',  ( -16.85400159180974455, -74.00000000000004263, 14.52726686996295413 ) ) ;
#1569 = CARTESIAN_POINT ( 'NONE',  ( 11.66732308885868008, -71.64668359505247963, 1.828291219058924222 ) ) ;
#1570 = CARTESIAN_POINT ( 'NONE',  ( 24.94317924871467795, -57.72388461084813827, 3.557414383494446497 ) ) ;
#1571 = DIRECTION ( 'NONE',  ( -1.000000000000000000, 0.000000000000000000, 0.000000000000000000 ) ) ;
#1572 = CARTESIAN_POINT ( 'NONE',  ( -21.54134882557721298, -60.80578231555504942, 12.50000000000000000 ) ) ;
#1573 = EDGE_LOOP ( 'NONE', ( #5321, #5663 ) ) ;
#1574 = DIRECTION ( 'NONE',  ( -0.000000000000000000, -0.000000000000000000, -1.000000000000000000 ) ) ;
#1575 = CARTESIAN_POINT ( 'NONE',  ( 39.86244973789826673, 33.96319351081402260, 2.283019160456126073 ) ) ;
#1576 = AXIS2_PLACEMENT_3D ( 'NONE', #4780, #6294, #4191 ) ;
#1577 = CARTESIAN_POINT ( 'NONE',  ( 23.47651897361856399, -64.64033660111557822, 5.409134992954704124 ) ) ;
#1578 = CARTESIAN_POINT ( 'NONE',  ( -21.84978653842432195, -77.00000000000004263, 3.014876443194892897 ) ) ;
#1579 = VECTOR ( 'NONE', #2577, 1000.000000000000000 ) ;
#1580 = LINE ( 'NONE', #4304, #5171 ) ;
#1581 = CARTESIAN_POINT ( 'NONE',  ( 22.32770437603783265, -58.39545370422731452, 21.82900680843308550 ) ) ;
#1582 = ORIENTED_EDGE ( 'NONE', *, *, #2422, .T. ) ;
#1583 = ORIENTED_EDGE ( 'NONE', *, *, #3931, .T. ) ;
#1584 = AXIS2_PLACEMENT_3D ( 'NONE', #2336, #31, #5448 ) ;
#1585 = CARTESIAN_POINT ( 'NONE',  ( -4.419071297124348874, -74.00000000000004263, 3.963485450298413149 ) ) ;
#1586 = CARTESIAN_POINT ( 'NONE',  ( 34.73943932095659193, 46.18878874283858949, 0.05831135941994013139 ) ) ;
#1587 = CARTESIAN_POINT ( 'NONE',  ( 40.00000000000000711, -47.29829407782838757, 25.00000000000000000 ) ) ;
#1588 = LINE ( 'NONE', #5262, #4786 ) ;
#1589 = CARTESIAN_POINT ( 'NONE',  ( -16.28415423009066032, -60.47400948781530161, 3.549207920918575176 ) ) ;
#1590 = CARTESIAN_POINT ( 'NONE',  ( 37.55362533867279495, 32.90504516024404325, 0.8564355096969239467 ) ) ;
#1591 = EDGE_CURVE ( 'NONE', #2414, #3926, #4126, .T. ) ;
#1592 = CARTESIAN_POINT ( 'NONE',  ( 8.043871396710397192, -60.06666865850782955, 21.44956342548004358 ) ) ;
#1593 = CARTESIAN_POINT ( 'NONE',  ( -36.07132244613151784, -42.88398915495048414, 0.3351923965957495088 ) ) ;
#1594 = CARTESIAN_POINT ( 'NONE',  ( 37.89727436941838334, 37.05243504083424000, 1.016613540986447850 ) ) ;
#1595 = CARTESIAN_POINT ( 'NONE',  ( 22.01627518401573980, -68.87953040901000179, 12.50000000000000178 ) ) ;
#1596 = EDGE_CURVE ( 'NONE', #6323, #471, #5529, .T. ) ;
#1597 = CIRCLE ( 'NONE', #5246, 2.500000000000002220 ) ;
#1598 = CARTESIAN_POINT ( 'NONE',  ( 25.77095710580043786, -77.00000000000005684, 10.13382612085851520 ) ) ;
#1599 = CARTESIAN_POINT ( 'NONE',  ( -21.40767530291819654, -57.90076832468133006, 18.51933683875953918 ) ) ;
#1600 = CARTESIAN_POINT ( 'NONE',  ( -6.825151676537354994, -67.98408454936966905, 23.29187518088283326 ) ) ;
#1601 = CARTESIAN_POINT ( 'NONE',  ( -17.74748603729673491, -74.00000000000004263, 12.50000000000002132 ) ) ;
#1602 = AXIS2_PLACEMENT_3D ( 'NONE', #519, #2708, #7081 ) ;
#1603 = ORIENTED_EDGE ( 'NONE', *, *, #486, .F. ) ;
#1604 = CARTESIAN_POINT ( 'NONE',  ( -21.05339583163972250, -77.00000000000004263, 2.199280868717143900 ) ) ;
#1605 = CARTESIAN_POINT ( 'NONE',  ( 21.84127280223629697, -74.27744919114964262, 16.56481704358091278 ) ) ;
#1606 = CARTESIAN_POINT ( 'NONE',  ( -17.12334204847208596, -74.00000000000004263, 13.91969518390559735 ) ) ;
#1607 = EDGE_CURVE ( 'NONE', #312, #3471, #3, .T. ) ;
#1608 = CARTESIAN_POINT ( 'NONE',  ( 7.119641059399706151, -70.56804698812145205, 1.089451691814125045 ) ) ;
#1609 = LINE ( 'NONE', #1674, #6910 ) ;
#1610 = CARTESIAN_POINT ( 'NONE',  ( -22.49220227519149518, -66.09869300196875486, 19.39823214253162220 ) ) ;
#1611 = ORIENTED_EDGE ( 'NONE', *, *, #1871, .F. ) ;
#1612 = LINE ( 'NONE', #5393, #5364 ) ;
#1613 = DIRECTION ( 'NONE',  ( -0.000000000000000000, -0.000000000000000000, -1.000000000000000000 ) ) ;
#1614 = CARTESIAN_POINT ( 'NONE',  ( 20.66132021255317497, -70.40707803175281754, 5.856844616822171723 ) ) ;
#1615 = DIRECTION ( 'NONE',  ( 1.000000000000000000, 1.330321911110254514E-16, -0.000000000000000000 ) ) ;
#1616 = CARTESIAN_POINT ( 'NONE',  ( 23.47651897361301110, -64.64033660111653035, 19.59086500704649580 ) ) ;
#1617 = ORIENTED_EDGE ( 'NONE', *, *, #4646, .T. ) ;
#1618 = ORIENTED_EDGE ( 'NONE', *, *, #2297, .T. ) ;
#1619 = CARTESIAN_POINT ( 'NONE',  ( -4.857460020034812587, -74.00000000000004263, 4.030823476627420021 ) ) ;
#1620 = CARTESIAN_POINT ( 'NONE',  ( 23.94592117670051934, -59.40752366131754769, -0.2182825254529403292 ) ) ;
#1621 = CARTESIAN_POINT ( 'NONE',  ( 0.000000000000000000, -74.00000000000004263, 12.50000000000000000 ) ) ;
#1622 = CARTESIAN_POINT ( 'NONE',  ( -18.51232292992938255, -66.82899421502679616, 4.394127797851905548 ) ) ;
#1623 = FACE_OUTER_BOUND ( 'NONE', #5155, .T. ) ;
#1624 = CARTESIAN_POINT ( 'NONE',  ( 10.41377303846111246, -70.40973668715835743, 23.23043311249210419 ) ) ;
#1625 = EDGE_LOOP ( 'NONE', ( #6508, #5655, #3979, #4061, #216, #2562, #1296, #6534, #3339, #3435 ) ) ;
#1626 = CARTESIAN_POINT ( 'NONE',  ( -35.95132485674076150, -45.59838118789114958, 0.3046098953979484714 ) ) ;
#1627 = CARTESIAN_POINT ( 'NONE',  ( 40.20000000000162288, 34.99999999999752021, 2.576389018814386755 ) ) ;
#1628 = CARTESIAN_POINT ( 'NONE',  ( 21.54134882557721298, -60.80578231555503521, 12.50000000000000000 ) ) ;
#1629 = DIRECTION ( 'NONE',  ( 0.8660254037844380415, -0.5000000000000012212, 0.000000000000000000 ) ) ;
#1630 = CARTESIAN_POINT ( 'NONE',  ( -21.70046491881508999, -66.17925680368638552, 18.27069753553490017 ) ) ;
#1631 = CARTESIAN_POINT ( 'NONE',  ( -6.407814757849267906, -64.10309443401571627, 22.36865341985090083 ) ) ;
#1632 = ORIENTED_EDGE ( 'NONE', *, *, #6705, .T. ) ;
#1633 = FACE_OUTER_BOUND ( 'NONE', #21, .T. ) ;
#1634 = CARTESIAN_POINT ( 'NONE',  ( -25.00000000000000000, -60.00000000000003553, 4.166666666666664298 ) ) ;
#1635 = CARTESIAN_POINT ( 'NONE',  ( 5.850596816955410340, -69.32017574410275529, 1.232449588790233586 ) ) ;
#1636 = CARTESIAN_POINT ( 'NONE',  ( 25.08720281525328843, -77.89877571810221468, 8.102132950046607718 ) ) ;
#1637 = CARTESIAN_POINT ( 'NONE',  ( -20.48538726743273486, -73.10683524717799742, 18.75897052588868874 ) ) ;
#1638 = EDGE_CURVE ( 'NONE', #329, #3792, #6745, .T. ) ;
#1639 = ADVANCED_FACE ( 'NONE', ( #698 ), #5031, .T. ) ;
#1640 = ORIENTED_EDGE ( 'NONE', *, *, #498, .T. ) ;
#1641 = LINE ( 'NONE', #3763, #683 ) ;
#1642 = CARTESIAN_POINT ( 'NONE',  ( -21.46863767636524045, -58.51329956842961622, 3.499999999999988454 ) ) ;
#1643 = CARTESIAN_POINT ( 'NONE',  ( -5.354996126554390834, -64.15791087127814762, 2.555214162263295119 ) ) ;
#1644 = CARTESIAN_POINT ( 'NONE',  ( 21.23801335705629256, -61.12103161623366532, 3.916694524569390712 ) ) ;
#1645 = PLANE ( 'NONE',  #4083 ) ;
#1646 = AXIS2_PLACEMENT_3D ( 'NONE', #2496, #2031, #1362 ) ;
#1647 = CARTESIAN_POINT ( 'NONE',  ( -21.70046491881507222, -66.17925680368638552, 6.729302464465094502 ) ) ;
#1648 = DIRECTION ( 'NONE',  ( 0.000000000000000000, 0.000000000000000000, 1.000000000000000000 ) ) ;
#1649 = EDGE_LOOP ( 'NONE', ( #1895, #813 ) ) ;
#1650 = EDGE_CURVE ( 'NONE', #6543, #3771, #4896, .T. ) ;
#1651 = ORIENTED_EDGE ( 'NONE', *, *, #3883, .T. ) ;
#1652 = CARTESIAN_POINT ( 'NONE',  ( -39.65037186325143637, 48.74434772609320987, 2.114516534170171269 ) ) ;
#1653 = CARTESIAN_POINT ( 'NONE',  ( 13.54166666666667673, -60.00000000000004974, 0.000000000000000000 ) ) ;
#1654 = CARTESIAN_POINT ( 'NONE',  ( -19.28701520035829020, -60.07331372679340831, 3.581107878536620159 ) ) ;
#1655 = B_SPLINE_CURVE_WITH_KNOTS ( 'NONE', 3,
 ( #2639, #522, #1034, #5999 ),
 .UNSPECIFIED., .F., .F.,
 ( 4, 4 ),
 ( 0.01395072205043928343, 0.02125288521570188605 ),
 .UNSPECIFIED. ) ;
#1656 = B_SPLINE_CURVE_WITH_KNOTS ( 'NONE', 3,
 ( #5162, #2406, #3544, #5672, #4099, #3011, #3607, #1912, #1440, #6885, #1880, #762, #5230, #4066, #6849, #1945, #6304, #796, #2942, #4002, #6204, #5195, #6784, #1404, #3045, #4587 ),
 .UNSPECIFIED., .F., .F.,
 ( 4, 1, 1, 1, 1, 1, 1, 1, 1, 1, 1, 1, 1, 1, 1, 1, 1, 1, 1, 1, 1, 1, 1, 4 ),
 ( 0.000000000000000000, 0.03087873511634255455, 0.04631801475396884332, 0.05402238461541707115, 0.06169324662917850810, 0.09254739011791746073, 0.1240856223315622148, 0.1866300689897069653, 0.2494491308974300936, 0.3117691226534090587, 0.3741943677961442338, 0.4989718173905525189, 0.6232916540513812054, 0.6860371091361608942, 0.7485041827910278167, 0.8113109658034511895, 0.8741274355311062783, 0.9055457400640206655, 0.9370222143904141099, 0.9449099059107430865, 0.9527778338882415543, 0.9571219776905230958, 0.9685184963899176047, 1.000000000000000000 ),
 .UNSPECIFIED. ) ;
#1657 = PLANE ( 'NONE',  #7093 ) ;
#1658 = CARTESIAN_POINT ( 'NONE',  ( 6.534906650731389099, -75.76258247412515345, 25.42704852460753173 ) ) ;
#1659 = ORIENTED_EDGE ( 'NONE', *, *, #250, .T. ) ;
#1660 = CARTESIAN_POINT ( 'NONE',  ( -15.48328148753916444, -77.00000000000005684, 26.58917987456321086 ) ) ;
#1661 = DIRECTION ( 'NONE',  ( 1.000000000000000000, 0.000000000000000000, -0.000000000000000000 ) ) ;
#1662 = CARTESIAN_POINT ( 'NONE',  ( 21.45495460367103391, -58.00528102953262533, 3.500000000000000000 ) ) ;
#1663 = LINE ( 'NONE', #3813, #3171 ) ;
#1664 = CARTESIAN_POINT ( 'NONE',  ( -22.35799744229856856, -74.68880879981819021, 13.31647633643721917 ) ) ;
#1665 = CARTESIAN_POINT ( 'NONE',  ( -7.609620385707226653, -65.34645094381123442, 22.57547409002171435 ) ) ;
#1666 =( BOUNDED_SURFACE ( )  B_SPLINE_SURFACE ( 3, 1, ( 
 ( #354, #3147 ),
 ( #493, #3738 ),
 ( #5297, #1548 ),
 ( #4758, #6341 ) ),
 .UNSPECIFIED., .F., .F., .F. ) 
 B_SPLINE_SURFACE_WITH_KNOTS ( ( 4, 4 ),
 ( 2, 2 ),
 ( 0.000000000000000000, 1.000000000000000000 ),
 ( 0.000000000000000000, 1.000000000000000000 ),
 .UNSPECIFIED. ) 
 GEOMETRIC_REPRESENTATION_ITEM ( )  RATIONAL_B_SPLINE_SURFACE ( (
 ( 1.000000000000000000, 1.000000000000000000),
 ( 0.6879350130686435749, 0.6879350130686435749),
 ( 0.6879350130686435749, 0.6879350130686435749),
 ( 1.000000000000000000, 1.000000000000000000) ) ) 
 REPRESENTATION_ITEM ( '' )  SURFACE ( )  );
#1667 = MANIFOLD_SOLID_BREP ( 'Split5[2]', #5614 ) ;
#1668 = VERTEX_POINT ( 'NONE', #2916 ) ;
#1669 = CARTESIAN_POINT ( 'NONE',  ( -25.05894920403238046, -57.72388461084814537, -1.344987424665074593 ) ) ;
#1670 = CARTESIAN_POINT ( 'NONE',  ( -43.49999999999998579, -49.31902001999193175, 25.00000000000000000 ) ) ;
#1671 = CARTESIAN_POINT ( 'NONE',  ( -24.98891076837313463, -57.72388461084814537, 23.68205322983631333 ) ) ;
#1672 = CARTESIAN_POINT ( 'NONE',  ( 1.240591896471147537, -71.97468639535158275, 0.1262780021520583384 ) ) ;
#1673 = CARTESIAN_POINT ( 'NONE',  ( -25.65675389976340881, -77.00000000000004263, 9.665712661770610836 ) ) ;
#1674 = CARTESIAN_POINT ( 'NONE',  ( -39.99999999999997868, -42.31902001999192464, 32.07106781186548261 ) ) ;
#1675 = FACE_OUTER_BOUND ( 'NONE', #857, .T. ) ;
#1676 = ORIENTED_EDGE ( 'NONE', *, *, #1107, .F. ) ;
#1677 = ORIENTED_EDGE ( 'NONE', *, *, #3764, .T. ) ;
#1678 = CARTESIAN_POINT ( 'NONE',  ( -14.25240334010242726, -77.00000000000004263, 7.593176322269783007 ) ) ;
#1679 = LINE ( 'NONE', #593, #3436 ) ;
#1680 = CARTESIAN_POINT ( 'NONE',  ( -10.41377303846622482, -70.40973668715805900, 1.769566887509161912 ) ) ;
#1681 = CARTESIAN_POINT ( 'NONE',  ( 18.21531999292609072, -58.89237089803690139, 3.372163199260753697 ) ) ;
#1682 = CARTESIAN_POINT ( 'NONE',  ( -15.34428339347362602, -74.00000000000002842, 22.16235171842975049 ) ) ;
#1683 = ADVANCED_FACE ( 'NONE', ( #5097 ), #4196, .F. ) ;
#1684 = CARTESIAN_POINT ( 'NONE',  ( -21.63134072365711802, -71.61342197330148451, 6.847561695579219787 ) ) ;
#1685 = CARTESIAN_POINT ( 'NONE',  ( 40.00000000000000711, -31.63661590615783581, 3.500000000000000000 ) ) ;
#1686 = FACE_BOUND ( 'NONE', #924, .T. ) ;
#1687 = ORIENTED_EDGE ( 'NONE', *, *, #931, .F. ) ;
#1688 = ORIENTED_EDGE ( 'NONE', *, *, #3206, .F. ) ;
#1689 = CARTESIAN_POINT ( 'NONE',  ( -39.85946955716028128, 48.95984868886007746, 2.280619122225254092 ) ) ;
#1690 = CARTESIAN_POINT ( 'NONE',  ( 25.17945282892011605, -60.00000000000003553, 0.000000000000000000 ) ) ;
#1691 = CARTESIAN_POINT ( 'NONE',  ( -16.80177390410499072, -67.10265274100108002, 3.883071645087673662 ) ) ;
#1692 = EDGE_CURVE ( 'NONE', #5258, #46, #6625, .T. ) ;
#1693 = ADVANCED_FACE ( 'NONE', ( #3779 ), #3920, .T. ) ;
#1694 = CARTESIAN_POINT ( 'NONE',  ( 10.55913638413581168, -63.81406046024394385, 21.99476308020599191 ) ) ;
#1695 = AXIS2_PLACEMENT_3D ( 'NONE', #2547, #4728, #6920 ) ;
#1696 = ORIENTED_EDGE ( 'NONE', *, *, #2870, .T. ) ;
#1697 = B_SPLINE_CURVE_WITH_KNOTS ( 'NONE', 3,
 ( #6243, #1343, #3514, #3611, #5741, #5708 ),
 .UNSPECIFIED., .F., .F.,
 ( 4, 2, 4 ),
 ( -3.974920090262563271E-05, 0.001522209076495632156, 0.003084167353893889959 ),
 .UNSPECIFIED. ) ;
#1698 = CARTESIAN_POINT ( 'NONE',  ( -17.59175272264742773, -59.40752366131756190, 25.07664834569600387 ) ) ;
#1699 = PLANE ( 'NONE',  #217 ) ;
#1700 = LINE ( 'NONE', #3849, #223 ) ;
#1701 = DIRECTION ( 'NONE',  ( 0.000000000000000000, -1.000000000000000000, 0.000000000000000000 ) ) ;
#1702 = LINE ( 'NONE', #6056, #6265 ) ;
#1703 = CARTESIAN_POINT ( 'NONE',  ( 21.62539844586165572, -69.20551745361306928, 18.85668695518584315 ) ) ;
#1704 = CARTESIAN_POINT ( 'NONE',  ( -3.076965311747039689, -61.65085627386668676, 21.82635599357507061 ) ) ;
#1705 = VECTOR ( 'NONE', #1176, 999.9999999999998863 ) ;
#1706 = ORIENTED_EDGE ( 'NONE', *, *, #1261, .T. ) ;
#1707 = CARTESIAN_POINT ( 'NONE',  ( 14.20351202541164604, -60.00000000000036238, 3.500000000000000000 ) ) ;
#1708 = VECTOR ( 'NONE', #3175, 1000.000000000000000 ) ;
#1709 = CARTESIAN_POINT ( 'NONE',  ( 21.53745693383727655, -60.73962015597615505, 14.32432318592347187 ) ) ;
#1710 = CARTESIAN_POINT ( 'NONE',  ( -25.88303243258905795, -77.00000000000004263, 14.41041209536788159 ) ) ;
#1711 = CARTESIAN_POINT ( 'NONE',  ( 4.015906937572335522, -60.32909102715276362, 3.535497977828035765 ) ) ;
#1712 = CARTESIAN_POINT ( 'NONE',  ( -42.14524163432066217, 55.45593656684170725, 20.06868982312417771 ) ) ;
#1713 = CARTESIAN_POINT ( 'NONE',  ( 21.37918666975486559, -58.04902566657506924, 12.49999999999999822 ) ) ;
#1714 = CARTESIAN_POINT ( 'NONE',  ( -23.26286136411605554, -59.57110667492010236, 21.44146792014265301 ) ) ;
#1715 = CONICAL_SURFACE ( 'NONE', #2620, 1.699999999999993072, 1.029744258676650759 ) ;
#1716 = ORIENTED_EDGE ( 'NONE', *, *, #1952, .T. ) ;
#1717 = ORIENTED_EDGE ( 'NONE', *, *, #3474, .T. ) ;
#1718 = CARTESIAN_POINT ( 'NONE',  ( -17.57257356311980701, -77.00000000000004263, 12.10213924728873103 ) ) ;
#1719 = CARTESIAN_POINT ( 'NONE',  ( 39.42124631347063968, -45.76108473091520068, 1.938675358366727774 ) ) ;
#1720 = CARTESIAN_POINT ( 'NONE',  ( -9.054704145853254005, -59.97217993010024628, 3.549485704091776217 ) ) ;
#1721 = CARTESIAN_POINT ( 'NONE',  ( 38.50000000000000000, 35.00000000000000711, 0.000000000000000000 ) ) ;
#1722 = CARTESIAN_POINT ( 'NONE',  ( 16.69858866667659925, -65.77514961386376058, 3.840862481197202527 ) ) ;
#1723 = FACE_OUTER_BOUND ( 'NONE', #1389, .T. ) ;
#1724 = CARTESIAN_POINT ( 'NONE',  ( -21.62809653433946977, -72.81224509333220851, 7.213303143060006306 ) ) ;
#1725 = CARTESIAN_POINT ( 'NONE',  ( 17.74748603729677043, -77.00000000000004263, 12.49999999999993783 ) ) ;
#1726 = CARTESIAN_POINT ( 'NONE',  ( 21.23287851239905422, -74.00000000000004263, 22.59985217694260839 ) ) ;
#1727 = ORIENTED_EDGE ( 'NONE', *, *, #5138, .T. ) ;
#1728 = ORIENTED_EDGE ( 'NONE', *, *, #4031, .T. ) ;
#1729 = CARTESIAN_POINT ( 'NONE',  ( -39.33135196241464371, 48.51397116372483964, 1.875548688822299859 ) ) ;
#1730 = LINE ( 'NONE', #5475, #4559 ) ;
#1731 = CARTESIAN_POINT ( 'NONE',  ( -16.90495914153333956, -68.43015586813838524, 3.925280808978131475 ) ) ;
#1732 = CARTESIAN_POINT ( 'NONE',  ( 12.90338135548376641, -66.24148277433882015, 21.98907704692211240 ) ) ;
#1733 = AXIS2_PLACEMENT_3D ( 'NONE', #956, #411, #4779 ) ;
#1734 = ORIENTED_EDGE ( 'NONE', *, *, #1222, .T. ) ;
#1735 = EDGE_CURVE ( 'NONE', #3087, #2915, #5898, .T. ) ;
#1736 = CARTESIAN_POINT ( 'NONE',  ( 6.244163685090621918, -77.77967650617955542, 29.74260689353624088 ) ) ;
#1737 = CARTESIAN_POINT ( 'NONE',  ( 25.59344066623610559, -77.00000000000004263, 15.58264784195930908 ) ) ;
#1738 = CARTESIAN_POINT ( 'NONE',  ( 19.06165324956870322, -59.68543449851146931, 21.50000000000000000 ) ) ;
#1739 = CARTESIAN_POINT ( 'NONE',  ( -43.50000000000000000, 55.00000000000000711, 15.00000000000000178 ) ) ;
#1740 = CARTESIAN_POINT ( 'NONE',  ( -41.74999999999997868, -46.28793110674639166, 25.00000000000000000 ) ) ;
#1741 = CARTESIAN_POINT ( 'NONE',  ( -1.075474961044958322, -64.26665010704132897, 22.60665250128606729 ) ) ;
#1742 = ORIENTED_EDGE ( 'NONE', *, *, #1596, .F. ) ;
#1743 = CARTESIAN_POINT ( 'NONE',  ( -25.37995945403526932, -59.40752366131754769, -0.2489748507248617515 ) ) ;
#1744 = CARTESIAN_POINT ( 'NONE',  ( -24.99999999999999645, -60.00000000000004263, 1.084202172485504434E-15 ) ) ;
#1745 = CARTESIAN_POINT ( 'NONE',  ( -24.49313816524951903, -77.89877571810217205, 17.94502695113562396 ) ) ;
#1746 = CARTESIAN_POINT ( 'NONE',  ( 5.021177491593262765, -60.27910616158966661, 3.540064226914275913 ) ) ;
#1747 = CARTESIAN_POINT ( 'NONE',  ( -4.306676310681125663, -77.00000000000004263, -4.773558988127743596 ) ) ;
#1748 = CARTESIAN_POINT ( 'NONE',  ( -25.99999999999999645, -77.00000000000004263, 12.50000000000000000 ) ) ;
#1749 = CARTESIAN_POINT ( 'NONE',  ( -18.28706623837575762, -60.20645205112396070, 21.42699409807463695 ) ) ;
#1750 = AXIS2_PLACEMENT_3D ( 'NONE', #2967, #5153, #3431 ) ;
#1751 = VERTEX_POINT ( 'NONE', #5797 ) ;
#1752 = ORIENTED_EDGE ( 'NONE', *, *, #7023, .F. ) ;
#1753 = CARTESIAN_POINT ( 'NONE',  ( -39.57990233007744507, 51.32855106857452654, 2.058504699876240629 ) ) ;
#1754 = CARTESIAN_POINT ( 'NONE',  ( -43.38685996664258226, -22.00000000000004619, 8.500000000000000000 ) ) ;
#1755 = CARTESIAN_POINT ( 'NONE',  ( -11.86602652514690703, -72.94807336473661508, 1.625888798668348123 ) ) ;
#1756 = CARTESIAN_POINT ( 'NONE',  ( -28.68629150101522640, -22.00000000000004263, 16.50000000000000000 ) ) ;
#1757 = CARTESIAN_POINT ( 'NONE',  ( 16.90495914153329338, -68.43015586813839946, 3.925280808978113267 ) ) ;
#1758 = CARTESIAN_POINT ( 'NONE',  ( 43.50000000000001421, -49.31902001999207386, 4.142135623730947458 ) ) ;
#1759 = CARTESIAN_POINT ( 'NONE',  ( -22.11183528976024704, -70.50405220666664263, 11.35652417619009746 ) ) ;
#1760 = LINE ( 'NONE', #3501, #6140 ) ;
#1761 = DIRECTION ( 'NONE',  ( -0.4999999999999951150, 0.8660254037844414832, 0.000000000000000000 ) ) ;
#1762 = ORIENTED_EDGE ( 'NONE', *, *, #1999, .F. ) ;
#1763 = ORIENTED_EDGE ( 'NONE', *, *, #5752, .T. ) ;
#1764 = CARTESIAN_POINT ( 'NONE',  ( 11.45833333333334458, -60.00000000000004263, 0.000000000000000000 ) ) ;
#1765 = AXIS2_PLACEMENT_3D ( 'NONE', #3429, #5624, #749 ) ;
#1766 = CARTESIAN_POINT ( 'NONE',  ( -27.01488867259494597, -54.79525159816282098, 21.50000000000000000 ) ) ;
#1767 = CARTESIAN_POINT ( 'NONE',  ( 13.25282582758251237, -68.86801267194555010, 22.23568810464751877 ) ) ;
#1768 = EDGE_LOOP ( 'NONE', ( #1019, #6170, #3494, #4516 ) ) ;
#1769 = CARTESIAN_POINT ( 'NONE',  ( 4.097437745281516719, -59.40752366131755480, 24.84196099590923268 ) ) ;
#1770 = DIRECTION ( 'NONE',  ( -0.000000000000000000, -0.000000000000000000, -1.000000000000000000 ) ) ;
#1771 = CARTESIAN_POINT ( 'NONE',  ( 40.73009148067327345, 42.12677504141625917, 21.93768779297171889 ) ) ;
#1772 = CARTESIAN_POINT ( 'NONE',  ( -15.59439274787388641, -77.00000000000004263, 8.758825408906686150 ) ) ;
#1773 = PLANE ( 'NONE',  #1584 ) ;
#1774 = CARTESIAN_POINT ( 'NONE',  ( -36.06990799082086596, 48.56651939965050246, 0.3348096118532729037 ) ) ;
#1775 = ADVANCED_FACE ( 'NONE', ( #3182 ), #1666, .T. ) ;
#1776 = CARTESIAN_POINT ( 'NONE',  ( -1.211309899120298628, -70.69001368063318580, 24.49587708175418754 ) ) ;
#1777 = EDGE_CURVE ( 'NONE', #2714, #3242, #6456, .T. ) ;
#1778 = ORIENTED_EDGE ( 'NONE', *, *, #6000, .F. ) ;
#1779 = CARTESIAN_POINT ( 'NONE',  ( 38.50000000000000000, 35.00000000000000711, 3.499999999999999556 ) ) ;
#1780 = CARTESIAN_POINT ( 'NONE',  ( 21.68165856366011468, -63.50646192796698131, 15.77808727497841446 ) ) ;
#1781 = CARTESIAN_POINT ( 'NONE',  ( -25.00000000000000000, -60.00000000000003553, 0.000000000000000000 ) ) ;
#1782 = CARTESIAN_POINT ( 'NONE',  ( 1.127535234487935023, -66.83599553647810865, 1.637657666526614930 ) ) ;
#1783 = CARTESIAN_POINT ( 'NONE',  ( 0.000000000000000000, -77.00000000000004263, 12.50000000000000000 ) ) ;
#1784 = CARTESIAN_POINT ( 'NONE',  ( -36.79999999999998295, 50.00000000000000711, 0.000000000000000000 ) ) ;
#1785 = ADVANCED_FACE ( 'NONE', ( #2684 ), #2545, .F. ) ;
#1786 = CARTESIAN_POINT ( 'NONE',  ( -20.20629099326351863, -65.21030849262010065, 20.32995585462985133 ) ) ;
#1787 = B_SPLINE_SURFACE_WITH_KNOTS ( 'NONE', 3, 1, ( 
 ( #7008, #1024, #3627, #3199 ),
 ( #5387, #475, #2666, #2129 ),
 ( #3756, #6572, #3271, #1165 ),
 ( #4986, #77, #1781, #2196 ),
 ( #2232, #3896, #115, #2165 ),
 ( #37, #6062, #1634, #4405 ),
 ( #6135, #6607, #5422, #1090 ),
 ( #3788, #3860, #2767, #2733 ),
 ( #5455, #6646, #5988, #545 ),
 ( #584, #1710, #4915, #3342 ),
 ( #5, #5531, #512, #4368 ),
 ( #7076, #5026, #3930, #1671 ),
 ( #3820, #6024, #3308, #1125 ),
 ( #618, #2268, #2307, #6683 ),
 ( #2802, #4443, #6538, #3237 ),
 ( #1745, #5496, #4949, #6096 ) ),
 .UNSPECIFIED., .F., .F., .F.,
 ( 4, 3, 2, 2, 2, 3, 4 ),
 ( 2, 1, 1, 2 ),
 ( -0.02332196372300286008, 0.000000000000000000, 0.2500000000000000000, 0.5000000000000000000, 0.7500000000000000000, 1.000000000000000000, 1.023321963723000660 ),
 ( -0.05286915988836125846, 0.000000000000000000, 1.000000000000000000, 1.133889140538346219 ),
 .UNSPECIFIED. ) ;
#1788 = EDGE_CURVE ( 'NONE', #1935, #6370, #6969, .T. ) ;
#1789 = VERTEX_POINT ( 'NONE', #4726 ) ;
#1790 = ORIENTED_EDGE ( 'NONE', *, *, #6330, .T. ) ;
#1791 = CARTESIAN_POINT ( 'NONE',  ( -16.87180702193323256, -77.00000000000004263, 10.51135254540286290 ) ) ;
#1792 = DIRECTION ( 'NONE',  ( 1.000000000000000000, 0.000000000000000000, 0.000000000000000000 ) ) ;
#1793 = CARTESIAN_POINT ( 'NONE',  ( -7.927255824276949525, -67.93792677890081677, 1.852602076683670163 ) ) ;
#1794 = FACE_OUTER_BOUND ( 'NONE', #743, .T. ) ;
#1795 = CARTESIAN_POINT ( 'NONE',  ( 19.24043152249664956, -58.76299595831098799, 3.329982910474041269 ) ) ;
#1796 = CYLINDRICAL_SURFACE ( 'NONE', #1765, 1.499999999999999556 ) ;
#1797 = CARTESIAN_POINT ( 'NONE',  ( -22.35799744229856856, -74.68880879981823284, 11.68352366356277017 ) ) ;
#1798 = AXIS2_PLACEMENT_3D ( 'NONE', #5038, #165, #127 ) ;
#1799 = DIRECTION ( 'NONE',  ( -1.000000000000000000, -1.330321911110254761E-16, -0.000000000000000000 ) ) ;
#1800 = EDGE_CURVE ( 'NONE', #3817, #2773, #1434, .T. ) ;
#1801 = DIRECTION ( 'NONE',  ( -0.8660254037844414832, -0.4999999999999951150, 0.000000000000000000 ) ) ;
#1802 = VERTEX_POINT ( 'NONE', #4239 ) ;
#1803 = ORIENTED_EDGE ( 'NONE', *, *, #4817, .T. ) ;
#1804 = CARTESIAN_POINT ( 'NONE',  ( -38.68627997701627663, 48.31023677097565638, 1.450000000000001732 ) ) ;
#1805 = CARTESIAN_POINT ( 'NONE',  ( 10.41666666666667673, -60.00000000000004263, 0.000000000000000000 ) ) ;
#1806 = CARTESIAN_POINT ( 'NONE',  ( -21.88772403744695794, -70.10733140778344819, 6.579989289222882398 ) ) ;
#1807 = CARTESIAN_POINT ( 'NONE',  ( 15.62834065622046431, -72.62197729613126285, 21.84649361625235997 ) ) ;
#1808 = VERTEX_POINT ( 'NONE', #390 ) ;
#1809 = CARTESIAN_POINT ( 'NONE',  ( -7.635467636035317085, -77.00000000000007105, 29.25913423042995376 ) ) ;
#1810 = CARTESIAN_POINT ( 'NONE',  ( -0.04993461369905574654, -74.00000000000004263, 3.501031059926802413 ) ) ;
#1811 = CARTESIAN_POINT ( 'NONE',  ( 37.38797151291325349, 44.47580902787854029, 24.21837228968228217 ) ) ;
#1812 = VECTOR ( 'NONE', #1215, 1000.000000000000000 ) ;
#1813 = CARTESIAN_POINT ( 'NONE',  ( -16.72396339815520960, -77.00000000000004263, 10.22274848313023199 ) ) ;
#1814 = DIRECTION ( 'NONE',  ( -0.000000000000000000, -0.000000000000000000, -1.000000000000000000 ) ) ;
#1815 = CARTESIAN_POINT ( 'NONE',  ( -2.100643855527527748, -62.96754074923708089, 22.21407650456598759 ) ) ;
#1816 = VECTOR ( 'NONE', #809, 1000.000000000000000 ) ;
#1817 = ORIENTED_EDGE ( 'NONE', *, *, #4277, .T. ) ;
#1818 = CARTESIAN_POINT ( 'NONE',  ( -24.72710036683703194, -77.77967650617952700, 7.471509012336584377 ) ) ;
#1819 = EDGE_CURVE ( 'NONE', #2075, #4307, #5261, .T. ) ;
#1820 = CARTESIAN_POINT ( 'NONE',  ( 22.13333020349452340, -71.85726571638335258, 14.58146636484264569 ) ) ;
#1821 = CARTESIAN_POINT ( 'NONE',  ( 21.88906146500457695, -69.00795329937567146, 8.762025568735566594 ) ) ;
#1822 = CARTESIAN_POINT ( 'NONE',  ( -3.076965311743917741, -61.65085627386674361, 3.173644006424895192 ) ) ;
#1823 = CARTESIAN_POINT ( 'NONE',  ( 21.84978241376881769, -77.00000000000004263, 3.014867397376895131 ) ) ;
#1824 = LINE ( 'NONE', #5536, #26 ) ;
#1825 = CARTESIAN_POINT ( 'NONE',  ( -17.67205243912848545, -66.96931725823432657, 20.85911970917110381 ) ) ;
#1826 = ORIENTED_EDGE ( 'NONE', *, *, #1161, .T. ) ;
#1827 = VERTEX_POINT ( 'NONE', #6447 ) ;
#1828 = CARTESIAN_POINT ( 'NONE',  ( -16.18451032361774011, -74.00000000000004263, 9.413314671481527895 ) ) ;
#1829 = ADVANCED_FACE ( 'NONE', ( #4134 ), #3705, .F. ) ;
#1830 = CARTESIAN_POINT ( 'NONE',  ( 25.00000000000000000, -60.00000000000003553, 25.58304909307497610 ) ) ;
#1831 = CARTESIAN_POINT ( 'NONE',  ( -12.09388970174426881, -59.65327292268800363, 3.532086152922431666 ) ) ;
#1832 = CARTESIAN_POINT ( 'NONE',  ( -43.49999999999999289, -14.00000000000004619, 15.00000000000000178 ) ) ;
#1833 = CARTESIAN_POINT ( 'NONE',  ( 17.74467285456013244, -68.29924385868224590, 4.228103000234730402 ) ) ;
#1834 = CARTESIAN_POINT ( 'NONE',  ( 21.84978241376881769, -77.00000000000004263, 3.014867397376895131 ) ) ;
#1835 = CARTESIAN_POINT ( 'NONE',  ( -21.53745693383747550, -60.73962015597953013, 12.50000000000000178 ) ) ;
#1836 = LINE ( 'NONE', #5043, #1918 ) ;
#1837 = CARTESIAN_POINT ( 'NONE',  ( -36.79999999999998295, -44.31902001999193175, 1.450000000000001732 ) ) ;
#1838 = VERTEX_POINT ( 'NONE', #5371 ) ;
#1839 = ORIENTED_EDGE ( 'NONE', *, *, #3167, .T. ) ;
#1840 = CARTESIAN_POINT ( 'NONE',  ( -10.60879064121277082, -77.77967650617954121, -3.715404316147628894 ) ) ;
#1841 = CIRCLE ( 'NONE', #5605, 1.700000000000000178 ) ;
#1842 = CARTESIAN_POINT ( 'NONE',  ( -22.09143249191679104, -68.75679921450115728, 6.295393559980630549 ) ) ;
#1843 = CARTESIAN_POINT ( 'NONE',  ( 11.66732308885362457, -71.64668359505277806, 23.17170878094261610 ) ) ;
#1844 = ORIENTED_EDGE ( 'NONE', *, *, #2519, .T. ) ;
#1845 = CARTESIAN_POINT ( 'NONE',  ( 16.54023072239564840, -59.40752366131756190, 25.05319528772023929 ) ) ;
#1846 = DIRECTION ( 'NONE',  ( -1.000000000000000000, 0.000000000000000000, 0.000000000000000000 ) ) ;
#1847 = CARTESIAN_POINT ( 'NONE',  ( 43.47981116034467419, 40.01611812810067192, 15.73252099991293740 ) ) ;
#1848 = CIRCLE ( 'NONE', #232, 91.63661590615784291 ) ;
#1849 = CARTESIAN_POINT ( 'NONE',  ( 6.057925242327286242, -77.00000000000004263, 4.250739765659747427 ) ) ;
#1850 = PLANE ( 'NONE',  #4800 ) ;
#1851 = CARTESIAN_POINT ( 'NONE',  ( -1.182753083669289662, -69.40534096591480306, 24.11803216566056207 ) ) ;
#1852 = AXIS2_PLACEMENT_3D ( 'NONE', #3694, #2536, #993 ) ;
#1853 = ORIENTED_EDGE ( 'NONE', *, *, #6868, .T. ) ;
#1854 = CARTESIAN_POINT ( 'NONE',  ( 21.43064860050452225, -57.86825743319963067, 20.52670970795563932 ) ) ;
#1855 = CARTESIAN_POINT ( 'NONE',  ( 22.27594339145246138, -73.29388993543432207, 11.56798131124458706 ) ) ;
#1856 = CARTESIAN_POINT ( 'NONE',  ( -3.453110808381281593, -68.08692365686549408, 1.374683882648362276 ) ) ;
#1857 = DIRECTION ( 'NONE',  ( -1.000000000000000000, -1.553732654557586955E-16, 0.000000000000000000 ) ) ;
#1858 = CARTESIAN_POINT ( 'NONE',  ( -39.99999999999998579, -31.63661590615785002, 3.500000000000000000 ) ) ;
#1859 = CARTESIAN_POINT ( 'NONE',  ( -17.37213960546890945, -61.66124922455622226, 21.29636851022225486 ) ) ;
#1860 = EDGE_LOOP ( 'NONE', ( #6893, #1438, #347 ) ) ;
#1861 = VERTEX_POINT ( 'NONE', #2646 ) ;
#1862 = CARTESIAN_POINT ( 'NONE',  ( -8.707446609726076758, -74.00000000000004263, 4.924616934073022811 ) ) ;
#1863 = CARTESIAN_POINT ( 'NONE',  ( 25.06445558290797138, -57.72388461084813827, 26.55434567859331096 ) ) ;
#1864 = CARTESIAN_POINT ( 'NONE',  ( -10.38835596852054621, -62.50424976918186815, 3.192710183092685838 ) ) ;
#1865 = CARTESIAN_POINT ( 'NONE',  ( 14.57318501755122853, -71.40267043534097979, 2.847133235516868588 ) ) ;
#1866 = FACE_OUTER_BOUND ( 'NONE', #802, .T. ) ;
#1867 = DIRECTION ( 'NONE',  ( -0.000000000000000000, 0.000000000000000000, -1.000000000000000000 ) ) ;
#1868 = CARTESIAN_POINT ( 'NONE',  ( 21.48072207726319505, -59.02136515773311487, 21.49999999999969091 ) ) ;
#1870 = EDGE_CURVE ( 'NONE', #6595, #5007, #895, .T. ) ;
#1869 = CARTESIAN_POINT ( 'NONE',  ( 0.000000000000000000, -74.00000000000004263, 12.50000000000000000 ) ) ;
#1871 = EDGE_CURVE ( 'NONE', #3778, #1055, #6416, .T. ) ;
#1872 = EDGE_LOOP ( 'NONE', ( #6516, #2457, #6012, #7005 ) ) ;
#1873 = CARTESIAN_POINT ( 'NONE',  ( -7.181129364893381606, -59.40752366131755480, 0.1238092911977994454 ) ) ;
#1874 = CARTESIAN_POINT ( 'NONE',  ( -22.71486306426911028, -68.60577254357336585, 6.600827837745026017 ) ) ;
#1875 = CARTESIAN_POINT ( 'NONE',  ( 16.39162555192029558, -61.79737176387271802, 21.36267265781864566 ) ) ;
#1876 = EDGE_CURVE ( 'NONE', #6478, #6196, #5744, .T. ) ;
#1877 = AXIS2_PLACEMENT_3D ( 'NONE', #729, #2911, #6751 ) ;
#1878 = VERTEX_POINT ( 'NONE', #5405 ) ;
#1879 = CARTESIAN_POINT ( 'NONE',  ( 24.64196912394494987, -77.00000000000004263, 18.08180698536105169 ) ) ;
#1880 = CARTESIAN_POINT ( 'NONE',  ( 7.872856649912138849, -74.00000000000002842, 20.35354813716790545 ) ) ;
#1881 = CARTESIAN_POINT ( 'NONE',  ( 38.22983108605005498, 43.90451934729533434, 23.81619556279546757 ) ) ;
#1882 = CARTESIAN_POINT ( 'NONE',  ( 14.18721143106725080, -77.00000000000004263, 7.546083808394898895 ) ) ;
#1883 = CARTESIAN_POINT ( 'NONE',  ( -43.50000000000000000, 55.00000000000000711, 12.50000000000000000 ) ) ;
#1884 = DIRECTION ( 'NONE',  ( 0.000000000000000000, 0.000000000000000000, 1.000000000000000000 ) ) ;
#1885 = AXIS2_PLACEMENT_3D ( 'NONE', #1202, #3383, #2921 ) ;
#1886 = CARTESIAN_POINT ( 'NONE',  ( 2.602216207356290667, -74.53547105990834609, 25.56077395192149027 ) ) ;
#1887 = VERTEX_POINT ( 'NONE', #3112 ) ;
#1888 = FILL_AREA_STYLE_COLOUR ( '', #5476 ) ;
#1889 = CARTESIAN_POINT ( 'NONE',  ( 21.20647657184561297, -74.00000000000005684, 2.379886057682849998 ) ) ;
#1890 = CARTESIAN_POINT ( 'NONE',  ( 21.63062619484087534, -67.46956354127415523, 5.781586949243496143 ) ) ;
#1891 = CARTESIAN_POINT ( 'NONE',  ( -1.003561322427250824, -60.41263196288620918, 3.526882246994814452 ) ) ;
#1892 = CARTESIAN_POINT ( 'NONE',  ( -36.79999999999998295, -44.31902001999193175, 12.50000000000000000 ) ) ;
#1893 = DIRECTION ( 'NONE',  ( -1.000000000000000000, 0.000000000000000000, 0.000000000000000000 ) ) ;
#1894 = CARTESIAN_POINT ( 'NONE',  ( -18.54822854604172377, -68.15985916645892928, 20.47275263840839798 ) ) ;
#1895 = ORIENTED_EDGE ( 'NONE', *, *, #6471, .F. ) ;
#1896 = EDGE_LOOP ( 'NONE', ( #570, #4260, #374, #3702, #97, #608, #1544 ) ) ;
#1897 = CARTESIAN_POINT ( 'NONE',  ( 25.08282398096125831, -77.00000000000004263, 17.20009727132843125 ) ) ;
#1898 = CARTESIAN_POINT ( 'NONE',  ( -14.55592638336463374, -63.37984951570916081, 3.473642082281447774 ) ) ;
#1899 = CARTESIAN_POINT ( 'NONE',  ( 13.43454780472099053, -70.17915927436968104, 2.634472455612856034 ) ) ;
#1900 = CARTESIAN_POINT ( 'NONE',  ( -33.49999999999999289, -31.63661590615784291, 25.00000000000000000 ) ) ;
#1901 = ADVANCED_FACE ( 'NONE', ( #3079 ), #1478, .F. ) ;
#1902 = CARTESIAN_POINT ( 'NONE',  ( -1.703936981057110556, -77.00000000000004263, 21.35416549431220901 ) ) ;
#1903 = CARTESIAN_POINT ( 'NONE',  ( -21.23287851237419233, -74.00000000000004263, 22.59985217696171844 ) ) ;
#1904 = CARTESIAN_POINT ( 'NONE',  ( 16.91644020938783299, -74.00000000000004263, 14.38971422161703195 ) ) ;
#1905 = ORIENTED_EDGE ( 'NONE', *, *, #2720, .T. ) ;
#1906 = ADVANCED_FACE ( 'NONE', ( #2045 ), #2146, .F. ) ;
#1907 = CARTESIAN_POINT ( 'NONE',  ( -20.11894675680563083, -67.87274128861434974, 5.121548220816963592 ) ) ;
#1908 = CARTESIAN_POINT ( 'NONE',  ( 15.89699099474901267, -67.22463657687058003, 21.37111861884396191 ) ) ;
#1909 = ORIENTED_EDGE ( 'NONE', *, *, #6984, .F. ) ;
#1910 = CARTESIAN_POINT ( 'NONE',  ( 24.77787623129915318, -77.77967650617954121, 17.41047865230665792 ) ) ;
#1911 = ADVANCED_FACE ( 'NONE', ( #6519 ), #7054, .F. ) ;
#1912 = CARTESIAN_POINT ( 'NONE',  ( 14.62745759572199233, -74.00000000000005684, 17.15616632746579384 ) ) ;
#1913 = CARTESIAN_POINT ( 'NONE',  ( 21.26428838748267580, -77.00000000000004263, 22.59614119614844086 ) ) ;
#1914 = CARTESIAN_POINT ( 'NONE',  ( -3.104680774522959208, -77.00000000000004263, 3.801149089338675680 ) ) ;
#1915 = DIRECTION ( 'NONE',  ( -1.000000000000000000, 0.000000000000000000, 0.000000000000000000 ) ) ;
#1916 = CARTESIAN_POINT ( 'NONE',  ( 2.367218916131986983, -69.39480938965223800, 24.07308255013746390 ) ) ;
#1917 = EDGE_LOOP ( 'NONE', ( #5201, #4449, #2219, #4812 ) ) ;
#1918 = VECTOR ( 'NONE', #131, 1000.000000000000000 ) ;
#1919 = SURFACE_SIDE_STYLE ('',( #2449 ) ) ;
#1920 = DIRECTION ( 'NONE',  ( -0.000000000000000000, -0.000000000000000000, -1.000000000000000000 ) ) ;
#1921 = CARTESIAN_POINT ( 'NONE',  ( 21.77805212901340326, -72.92856772938363008, 7.863275464407288418 ) ) ;
#1922 = AXIS2_PLACEMENT_3D ( 'NONE', #5383, #3233, #469 ) ;
#1923 = CARTESIAN_POINT ( 'NONE',  ( -2.367218916136517581, -69.39480938965219536, 0.9269174498627612557 ) ) ;
#1924 = CARTESIAN_POINT ( 'NONE',  ( 43.50000000000001421, -49.31902001999208807, 10.00000000000000000 ) ) ;
#1925 = CARTESIAN_POINT ( 'NONE',  ( -39.99999999999998579, -31.63661590615785002, 3.500000000000000000 ) ) ;
#1926 = CARTESIAN_POINT ( 'NONE',  ( -14.41339608956024421, -62.05684481836769351, 21.50491304847341922 ) ) ;
#1927 = ORIENTED_EDGE ( 'NONE', *, *, #3553, .F. ) ;
#1928 = AXIS2_PLACEMENT_3D ( 'NONE', #2022, #945, #3124 ) ;
#1929 = ORIENTED_EDGE ( 'NONE', *, *, #4761, .F. ) ;
#1930 = CARTESIAN_POINT ( 'NONE',  ( 25.08720281525328843, -77.89877571810221468, 8.102132950046607718 ) ) ;
#1931 = CARTESIAN_POINT ( 'NONE',  ( -12.57260239942579183, -63.60899210144759053, 3.235644028971023989 ) ) ;
#1932 = CARTESIAN_POINT ( 'NONE',  ( 12.57260239942573499, -63.60899210144759053, 3.235644028971016439 ) ) ;
#1933 = CARTESIAN_POINT ( 'NONE',  ( -21.61464733046745224, -74.00000000000004263, 7.613070865666376363 ) ) ;
#1934 = CARTESIAN_POINT ( 'NONE',  ( -11.09144526588905499, -77.00000000000004263, 19.16766594912089872 ) ) ;
#1935 = VERTEX_POINT ( 'NONE', #2105 ) ;
#1936 = DIRECTION ( 'NONE',  ( -0.000000000000000000, -0.000000000000000000, -1.000000000000000000 ) ) ;
#1937 = AXIS2_PLACEMENT_3D ( 'NONE', #672, #5000, #3499 ) ;
#1938 = DIRECTION ( 'NONE',  ( -1.000000000000000000, 0.000000000000000000, 0.000000000000000000 ) ) ;
#1939 =( BOUNDED_CURVE ( )  B_SPLINE_CURVE ( 3, ( #1402, #3043, #2509, #3146 ),
 .UNSPECIFIED., .F., .F. ) 
 B_SPLINE_CURVE_WITH_KNOTS ( ( 4, 4 ),
 ( 1.570796326794896558, 3.141592653589793116 ),
 .UNSPECIFIED. ) 
 CURVE ( )  GEOMETRIC_REPRESENTATION_ITEM ( )  RATIONAL_B_SPLINE_CURVE ( ( 1.000000000000000000, 0.8047378541243649375, 0.8047378541243649375, 1.000000000000000000 ) ) 
 REPRESENTATION_ITEM ( '' )  );
#1940 = CARTESIAN_POINT ( 'NONE',  ( 15.40251082073676336, -61.92710829112064630, 21.43379285314629357 ) ) ;
#1941 = AXIS2_PLACEMENT_3D ( 'NONE', #495, #5374, #1044 ) ;
#1942 = ORIENTED_EDGE ( 'NONE', *, *, #1062, .F. ) ;
#1943 = CARTESIAN_POINT ( 'NONE',  ( 25.63747721176364180, -75.05793971538143694, 9.586782938261656284 ) ) ;
#1944 = CARTESIAN_POINT ( 'NONE',  ( 14.58333333333333393, -60.00000000000004263, 25.00000000000000000 ) ) ;
#1945 = CARTESIAN_POINT ( 'NONE',  ( -10.30015253808766040, -74.00000000000004263, 19.55017425003165243 ) ) ;
#1946 = FACE_OUTER_BOUND ( 'NONE', #4057, .T. ) ;
#1947 = CARTESIAN_POINT ( 'NONE',  ( 22.27183264669828944, -59.69048351833816213, 3.570333979355247767 ) ) ;
#1948 = DIRECTION ( 'NONE',  ( 0.000000000000000000, 0.000000000000000000, 1.000000000000000000 ) ) ;
#1949 = CARTESIAN_POINT ( 'NONE',  ( 39.99999999999999289, 42.65715534916777329, 21.50000000000000000 ) ) ;
#1950 = CARTESIAN_POINT ( 'NONE',  ( 3.221263684565757845, -64.22597963643926278, 22.54535169946375461 ) ) ;
#1951 = EDGE_CURVE ( 'NONE', #1388, #6633, #5470, .T. ) ;
#1952 = EDGE_CURVE ( 'NONE', #2331, #3631, #3566, .T. ) ;
#1953 = VECTOR ( 'NONE', #6474, 1000.000000000000114 ) ;
#1954 = ORIENTED_EDGE ( 'NONE', *, *, #806, .T. ) ;
#1955 = CARTESIAN_POINT ( 'NONE',  ( -25.05344282515679311, -57.72388461084814537, 26.13562917073672054 ) ) ;
#1956 = CARTESIAN_POINT ( 'NONE',  ( 11.19532094653784604, -74.00000000000002842, -2.570672061358975302 ) ) ;
#1957 = CARTESIAN_POINT ( 'NONE',  ( 21.90622993233806781, -67.68331193224294395, 9.805107936860103734 ) ) ;
#1958 = CARTESIAN_POINT ( 'NONE',  ( -3.997283866427661294E-14, -71.97468639535158275, 0.1262780021520589768 ) ) ;
#1959 = CARTESIAN_POINT ( 'NONE',  ( -25.59344066623611980, -77.00000000000004263, 9.417352158040744214 ) ) ;
#1960 = DIRECTION ( 'NONE',  ( -1.330321911110254514E-16, 1.000000000000000000, 0.000000000000000000 ) ) ;
#1961 = CARTESIAN_POINT ( 'NONE',  ( -15.52556338072412778, -63.25125623437548228, 21.40804604191443161 ) ) ;
#1962 = AXIS2_PLACEMENT_3D ( 'NONE', #5629, #6551, #562 ) ;
#1963 = ORIENTED_EDGE ( 'NONE', *, *, #5137, .F. ) ;
#1964 = ORIENTED_EDGE ( 'NONE', *, *, #3247, .F. ) ;
#1965 = CARTESIAN_POINT ( 'NONE',  ( 25.92971761545421217, -77.89877571810217205, 14.29112581168902452 ) ) ;
#1966 = CARTESIAN_POINT ( 'NONE',  ( -14.21908382397402804, -68.77449050401837383, 3.039206047026400181 ) ) ;
#1967 = CARTESIAN_POINT ( 'NONE',  ( 15.40251082074237310, -61.92710829111990023, 3.566207146854107890 ) ) ;
#1968 = CARTESIAN_POINT ( 'NONE',  ( -38.68627997701626242, -46.00878324901628247, 1.450000000000001732 ) ) ;
#1969 = CARTESIAN_POINT ( 'NONE',  ( -16.85400159180974455, -77.00000000000004263, 14.52726686996295413 ) ) ;
#1970 = DIRECTION ( 'NONE',  ( -0.000000000000000000, -0.000000000000000000, -1.000000000000000000 ) ) ;
#1971 = ORIENTED_EDGE ( 'NONE', *, *, #6316, .T. ) ;
#1972 = CARTESIAN_POINT ( 'NONE',  ( -39.42124631347061836, -42.87695530906865571, 1.938675358366731105 ) ) ;
#1973 = CARTESIAN_POINT ( 'NONE',  ( 17.59943202368966908, -65.63939065778750148, 20.94634241857874102 ) ) ;
#1974 = ORIENTED_EDGE ( 'NONE', *, *, #4276, .F. ) ;
#1975 = ORIENTED_EDGE ( 'NONE', *, *, #4031, .F. ) ;
#1976 = CARTESIAN_POINT ( 'NONE',  ( 24.82098456197248026, -68.50000000000002842, 21.54090349268052051 ) ) ;
#1977 = DIRECTION ( 'NONE',  ( -1.000000000000000000, 0.000000000000000000, 0.000000000000000000 ) ) ;
#1978 = DIRECTION ( 'NONE',  ( 1.000000000000000000, 0.000000000000000000, -0.000000000000000000 ) ) ;
#1979 = LINE ( 'NONE', #5840, #3402 ) ;
#1980 = DIRECTION ( 'NONE',  ( 0.000000000000000000, 0.000000000000000000, 1.000000000000000000 ) ) ;
#1981 = CARTESIAN_POINT ( 'NONE',  ( 17.74748603729677043, -77.00000000000004263, 12.49999999999993783 ) ) ;
#1982 = LINE ( 'NONE', #5266, #6189 ) ;
#1983 = CARTESIAN_POINT ( 'NONE',  ( 2.483281994192513498, -71.96520828982328055, 24.81691930047687578 ) ) ;
#1984 = ORIENTED_EDGE ( 'NONE', *, *, #399, .T. ) ;
#1985 = CARTESIAN_POINT ( 'NONE',  ( -25.06445558290797138, -57.72388461084814537, 26.55434567859335715 ) ) ;
#1986 = CARTESIAN_POINT ( 'NONE',  ( 25.82352941176471006, -74.00000000000004263, 12.49999999999998401 ) ) ;
#1987 = VECTOR ( 'NONE', #6361, 1000.000000000000000 ) ;
#1988 = CARTESIAN_POINT ( 'NONE',  ( -14.77299651914990086, -74.00000000000004263, 26.30873636728734866 ) ) ;
#1989 = EDGE_CURVE ( 'NONE', #329, #6543, #4383, .T. ) ;
#1990 = CARTESIAN_POINT ( 'NONE',  ( -4.015906937572382596, -60.32909102715277783, 3.535497977828036209 ) ) ;
#1991 = CARTESIAN_POINT ( 'NONE',  ( -39.99999999999997868, -22.00000000000004263, 16.50000000000000000 ) ) ;
#1992 = CARTESIAN_POINT ( 'NONE',  ( -43.49999999999998579, -49.31902001999193175, 15.00000000000000178 ) ) ;
#1993 = CARTESIAN_POINT ( 'NONE',  ( -14.69845667717187254, -64.70285421305031548, 21.54780278696333795 ) ) ;
#1994 = LINE ( 'NONE', #5662, #3516 ) ;
#1995 = EDGE_LOOP ( 'NONE', ( #134, #4252, #5070, #1039, #914 ) ) ;
#1996 = VERTEX_POINT ( 'NONE', #4818 ) ;
#1997 = CARTESIAN_POINT ( 'NONE',  ( 25.44682351704894430, -77.89877571810220047, 8.957667168756634268 ) ) ;
#1998 = CARTESIAN_POINT ( 'NONE',  ( -16.52603377690036979, -77.00000000000004263, 15.10729876666240123 ) ) ;
#1999 = EDGE_CURVE ( 'NONE', #1328, #5210, #6476, .T. ) ;
#2000 = CARTESIAN_POINT ( 'NONE',  ( 15.29805724327650651, -69.98733886552365391, 3.276445563889770707 ) ) ;
#2001 = LINE ( 'NONE', #1900, #3122 ) ;
#2002 = EDGE_CURVE ( 'NONE', #6323, #1182, #4233, .T. ) ;
#2003 = DIRECTION ( 'NONE',  ( 1.553732654557586955E-16, -1.000000000000000000, 0.000000000000000000 ) ) ;
#2004 = ORIENTED_EDGE ( 'NONE', *, *, #6050, .F. ) ;
#2005 = DIRECTION ( 'NONE',  ( -1.000000000000000000, 0.000000000000000000, 0.000000000000000000 ) ) ;
#2006 = CARTESIAN_POINT ( 'NONE',  ( 38.68627997701629084, -46.00878324901628247, 1.450000000000001732 ) ) ;
#2007 = CARTESIAN_POINT ( 'NONE',  ( 16.43676526278265015, -72.51631201209335131, 21.43250329657936959 ) ) ;
#2008 = CARTESIAN_POINT ( 'NONE',  ( -1.703936981057110556, -77.00000000000004263, 21.35416549431220901 ) ) ;
#2009 = B_SPLINE_CURVE_WITH_KNOTS ( 'NONE', 3,
 ( #5770, #325, #4694, #5407, #6521, #1590, #5974, #3741, #5938, #1551, #2148, #530, #1076, #6485, #461, #3222, #3185, #4313 ),
 .UNSPECIFIED., .F., .F.,
 ( 4, 2, 2, 2, 2, 2, 2, 2, 4 ),
 ( 0.002091149875409832777, 0.002673216412142301150, 0.003255282948874769523, 0.003837349485607238330, 0.004419416022339707137, 0.005001482559072175510, 0.005583549095804643883, 0.006165615632537112256, 0.006747682169269580629 ),
 .UNSPECIFIED. ) ;
#2010 = ORIENTED_EDGE ( 'NONE', *, *, #931, .T. ) ;
#2011 = CARTESIAN_POINT ( 'NONE',  ( 9.457963425667502477, -77.00000000000004263, 5.172551824973597334 ) ) ;
#2012 = CARTESIAN_POINT ( 'NONE',  ( -25.99999999999999645, -77.00000000000004263, 12.50000000000000000 ) ) ;
#2013 = DIRECTION ( 'NONE',  ( -0.000000000000000000, -0.000000000000000000, -1.000000000000000000 ) ) ;
#2014 = CARTESIAN_POINT ( 'NONE',  ( 25.63747721176363825, -75.05793971538155063, 15.41321706173836148 ) ) ;
#2015 = CARTESIAN_POINT ( 'NONE',  ( -40.00000000000000000, 48.00000000000001421, 3.499999999999999556 ) ) ;
#2016 = DIRECTION ( 'NONE',  ( -1.000000000000000000, 0.000000000000000000, 0.000000000000000000 ) ) ;
#2017 = CARTESIAN_POINT ( 'NONE',  ( -21.48137684748377296, -63.25936020216883549, 2.681870396611291785 ) ) ;
#2018 = CARTESIAN_POINT ( 'NONE',  ( 4.015906937568241020, -60.32909102715300520, 21.46450202217199177 ) ) ;
#2019 = CARTESIAN_POINT ( 'NONE',  ( -36.34498842480767422, -42.62013314147461074, 0.4121824174888125691 ) ) ;
#2020 = CARTESIAN_POINT ( 'NONE',  ( 38.68627997701627663, 36.68976322902436493, 1.450000000000001732 ) ) ;
#2021 = CARTESIAN_POINT ( 'NONE',  ( -2.931798655200697823, -74.00000000000002842, 29.03952146894466679 ) ) ;
#2022 = CARTESIAN_POINT ( 'NONE',  ( 38.50000000000000000, 35.00000000000000711, 21.50000000000000000 ) ) ;
#2023 = LINE ( 'NONE', #6388, #957 ) ;
#2024 = CARTESIAN_POINT ( 'NONE',  ( -12.47728117659019276, -70.26858166246435644, 22.67693432147860477 ) ) ;
#2025 = LINE ( 'NONE', #3096, #3056 ) ;
#2026 = VERTEX_POINT ( 'NONE', #1725 ) ;
#2027 = VERTEX_POINT ( 'NONE', #634 ) ;
#2028 = CARTESIAN_POINT ( 'NONE',  ( 39.99999999999999289, 37.00000000000001421, 12.50000000000000000 ) ) ;
#2029 = CARTESIAN_POINT ( 'NONE',  ( -13.44849748091329289, -74.00000000000004263, 17.94099004258841390 ) ) ;
#2030 = CARTESIAN_POINT ( 'NONE',  ( 11.20103536297166080, -75.59866007509759811, 0.8374284320468625697 ) ) ;
#2031 = DIRECTION ( 'NONE',  ( 0.000000000000000000, 0.000000000000000000, 1.000000000000000000 ) ) ;
#2032 = CARTESIAN_POINT ( 'NONE',  ( -11.89271580238536252, -77.00000000000004263, 18.79153470780746460 ) ) ;
#2033 = DIRECTION ( 'NONE',  ( 1.000000000000000000, 0.000000000000000000, 0.000000000000000000 ) ) ;
#2034 = EDGE_CURVE ( 'NONE', #3367, #2940, #1580, .T. ) ;
#2035 = ORIENTED_EDGE ( 'NONE', *, *, #4016, .F. ) ;
#2036 = CARTESIAN_POINT ( 'NONE',  ( -39.53457226455689977, 56.26691449618728313, 2.019343595641183153 ) ) ;
#2037 = CARTESIAN_POINT ( 'NONE',  ( -38.49999999999998579, 50.00000000000000711, 32.07106781186548261 ) ) ;
#2038 = VECTOR ( 'NONE', #6802, 1000.000000000000000 ) ;
#2039 = CARTESIAN_POINT ( 'NONE',  ( 20.24265023607609848, -63.88632730764842904, 20.58292968159759440 ) ) ;
#2040 = EDGE_CURVE ( 'NONE', #697, #2075, #2678, .T. ) ;
#2041 = VERTEX_POINT ( 'NONE', #3534 ) ;
#2042 = PRESENTATION_LAYER_ASSIGNMENT (  '', '', ( #6386 ) ) ;
#2043 = CARTESIAN_POINT ( 'NONE',  ( 15.53663826102321543, -77.00000000000004263, 8.701548597921380690 ) ) ;
#2044 = DIRECTION ( 'NONE',  ( 1.330321911110254514E-16, -1.000000000000000000, 0.000000000000000000 ) ) ;
#2045 = FACE_OUTER_BOUND ( 'NONE', #2193, .T. ) ;
#2046 = CARTESIAN_POINT ( 'NONE',  ( -9.762098573921612399, -74.00000000000000000, 0.7222408591671785061 ) ) ;
#2047 = DIRECTION ( 'NONE',  ( 1.000000000000000000, 0.000000000000000000, 0.000000000000000000 ) ) ;
#2048 = LINE ( 'NONE', #358, #1272 ) ;
#2049 = CARTESIAN_POINT ( 'NONE',  ( -22.08557058925519456, -73.15632792968908404, 9.708022813253643690 ) ) ;
#2050 = CARTESIAN_POINT ( 'NONE',  ( 6.541019888123722481, -65.39804414053558901, 22.67495815538227788 ) ) ;
#2051 = PRESENTATION_LAYER_ASSIGNMENT (  '', '', ( #4785 ) ) ;
#2052 = CARTESIAN_POINT ( 'NONE',  ( -24.33081087423603606, -77.77967650617955542, 18.44953977717405280 ) ) ;
#2053 = CARTESIAN_POINT ( 'NONE',  ( 38.50000000000000000, 35.00000000000000711, 12.50000000000000000 ) ) ;
#2054 = CARTESIAN_POINT ( 'NONE',  ( -21.23287851237419233, -74.00000000000004263, 22.59985217696171844 ) ) ;
#2055 = CARTESIAN_POINT ( 'NONE',  ( 24.99999999999998579, -60.00000000000004263, 2.168404344971008868E-16 ) ) ;
#2056 = FACE_OUTER_BOUND ( 'NONE', #590, .T. ) ;
#2057 = CARTESIAN_POINT ( 'NONE',  ( -14.21784297905860228, -75.40849349614406094, 22.91150449516134202 ) ) ;
#2058 = DIRECTION ( 'NONE',  ( -1.000000000000000000, 0.000000000000000000, 0.000000000000000000 ) ) ;
#2059 = ORIENTED_EDGE ( 'NONE', *, *, #1607, .F. ) ;
#2060 = CARTESIAN_POINT ( 'NONE',  ( -22.38017953614121325, -77.00000000000005684, 3.555844014324573088 ) ) ;
#2061 = CARTESIAN_POINT ( 'NONE',  ( -38.49999999999998579, 50.00000000000000711, 17.00000000000000000 ) ) ;
#2062 = CARTESIAN_POINT ( 'NONE',  ( -11.89271580238536252, -74.00000000000004263, 18.79153470780746460 ) ) ;
#2063 = CARTESIAN_POINT ( 'NONE',  ( 10.11872895088673907, -75.65164016630460253, 0.4585716118607726099 ) ) ;
#2064 = CARTESIAN_POINT ( 'NONE',  ( 25.00000000000000000, -60.00000000000003553, 2.083333333333338366 ) ) ;
#2065 = CARTESIAN_POINT ( 'NONE',  ( -36.79999999999999005, -44.31902001999193175, 17.00000000000000000 ) ) ;
#2066 = CARTESIAN_POINT ( 'NONE',  ( -21.40534784611497088, -58.03392150436121710, 18.50035517331977530 ) ) ;
#2067 = ORIENTED_EDGE ( 'NONE', *, *, #4387, .F. ) ;
#2068 = CARTESIAN_POINT ( 'NONE',  ( -38.49999999999998579, 50.00000000000000711, 0.000000000000000000 ) ) ;
#2069 = PLANE ( 'NONE',  #1269 ) ;
#2070 = LINE ( 'NONE', #4647, #1123 ) ;
#2071 = ADVANCED_FACE ( 'NONE', ( #4498 ), #3395, .T. ) ;
#2072 = EDGE_CURVE ( 'NONE', #5513, #1838, #675, .T. ) ;
#2073 = CARTESIAN_POINT ( 'NONE',  ( 21.48885533175335993, -72.82317054941208312, 17.89535718487056570 ) ) ;
#2074 = ORIENTED_EDGE ( 'NONE', *, *, #5481, .F. ) ;
#2075 = VERTEX_POINT ( 'NONE', #3468 ) ;
#2076 = CARTESIAN_POINT ( 'NONE',  ( 16.75367192968610297, -77.00000000000004263, 10.27516479279313977 ) ) ;
#2077 = CARTESIAN_POINT ( 'NONE',  ( -25.99999999999999289, -74.00000000000004263, 13.53429071612910484 ) ) ;
#2078 = CARTESIAN_POINT ( 'NONE',  ( 39.35786437626905609, -51.71048313737307467, 25.00000000000001066 ) ) ;
#2079 = LINE ( 'NONE', #4416, #5477 ) ;
#2080 = FACE_OUTER_BOUND ( 'NONE', #56, .T. ) ;
#2081 = CARTESIAN_POINT ( 'NONE',  ( 21.86567313722191130, -66.31929561351498137, 12.50000000000000178 ) ) ;
#2082 = EDGE_CURVE ( 'NONE', #2785, #4821, #2439, .T. ) ;
#2083 = CARTESIAN_POINT ( 'NONE',  ( -21.61464733046746289, -74.00000000000001421, 17.38692913433358100 ) ) ;
#2084 = CARTESIAN_POINT ( 'NONE',  ( 5.021177491589014608, -60.27910616158995794, 21.45993577308575695 ) ) ;
#2085 = VECTOR ( 'NONE', #5628, 1000.000000000000114 ) ;
#2086 = CARTESIAN_POINT ( 'NONE',  ( -22.88186145036129560, -59.40752366131755480, 25.19492868241660943 ) ) ;
#2087 = DIRECTION ( 'NONE',  ( -0.000000000000000000, -0.000000000000000000, -1.000000000000000000 ) ) ;
#2088 = CARTESIAN_POINT ( 'NONE',  ( -21.20647657184559520, -74.00000000000001421, 22.62011394231716466 ) ) ;
#2089 = CARTESIAN_POINT ( 'NONE',  ( 24.99999999999999289, -60.00000000000004263, 12.49999999999999289 ) ) ;
#2090 = CARTESIAN_POINT ( 'NONE',  ( -22.19388934060635421, -71.89897107105046814, 12.49999999999996625 ) ) ;
#2091 = CARTESIAN_POINT ( 'NONE',  ( -8.663213787791304910, -65.28131343656102104, 22.45444474037400440 ) ) ;
#2092 = CARTESIAN_POINT ( 'NONE',  ( 9.472007856055441266, -60.27463599579033371, 21.49999999999997513 ) ) ;
#2093 = EDGE_LOOP ( 'NONE', ( #6069, #7018, #4132, #6182, #4507, #6141 ) ) ;
#2094 = CARTESIAN_POINT ( 'NONE',  ( -14.58333333333333748, -60.00000000000005684, 0.000000000000000000 ) ) ;
#2095 = CARTESIAN_POINT ( 'NONE',  ( 21.55429423148358481, -72.75642737504081481, 18.04777354605332107 ) ) ;
#2096 = CARTESIAN_POINT ( 'NONE',  ( -10.68616235950701387, -74.00000000000004263, 19.34184003423202469 ) ) ;
#2097 = CARTESIAN_POINT ( 'NONE',  ( 7.311646392572536790, -62.75010504969573333, 2.990432086091035391 ) ) ;
#2098 = CARTESIAN_POINT ( 'NONE',  ( 24.88177154653316592, -57.72388461084815248, 8.031245347946439850 ) ) ;
#2099 = CARTESIAN_POINT ( 'NONE',  ( -21.48885533175663909, -72.82317054941105994, 17.89535718486759208 ) ) ;
#2100 = EDGE_LOOP ( 'NONE', ( #2010, #510 ) ) ;
#2101 = CARTESIAN_POINT ( 'NONE',  ( -34.15671185586138137, 57.67721593549605075, -3.049318610115481221E-17 ) ) ;
#2102 = DIRECTION ( 'NONE',  ( 1.000000000000000000, 0.000000000000000000, 0.000000000000000000 ) ) ;
#2103 = CARTESIAN_POINT ( 'NONE',  ( 21.88772403744697925, -70.10733140778346240, 6.579989289222894833 ) ) ;
#2104 = LINE ( 'NONE', #4963, #436 ) ;
#2105 = CARTESIAN_POINT ( 'NONE',  ( -40.19999999999998153, 50.00000000000000711, 17.00000000000000000 ) ) ;
#2106 = CARTESIAN_POINT ( 'NONE',  ( 21.70874116689390831, -74.05934735115948797, 17.24578800079953922 ) ) ;
#2107 = ORIENTED_EDGE ( 'NONE', *, *, #719, .F. ) ;
#2108 = EDGE_LOOP ( 'NONE', ( #1963, #6103, #1790, #6858 ) ) ;
#2109 = EDGE_CURVE ( 'NONE', #1436, #3162, #784, .T. ) ;
#2110 = CARTESIAN_POINT ( 'NONE',  ( -7.018082754724052741, -74.00000000000004263, 4.454519683243891137 ) ) ;
#2111 = CARTESIAN_POINT ( 'NONE',  ( 39.29723566908835863, 43.16234551972978295, 1.828153075501285585 ) ) ;
#2112 = CARTESIAN_POINT ( 'NONE',  ( -0.001737809258973430472, -74.00000000000004263, 2.752149606933892656 ) ) ;
#2113 = CARTESIAN_POINT ( 'NONE',  ( 15.34428339347288350, -74.00000000000002842, 2.837648281569891129 ) ) ;
#2114 = CARTESIAN_POINT ( 'NONE',  ( -19.35259342073115718, -66.68867117181913784, 4.647375304875173363 ) ) ;
#2115 = CARTESIAN_POINT ( 'NONE',  ( 25.74755384765283495, -74.00000000000002842, 10.44973463655611923 ) ) ;
#2116 = CARTESIAN_POINT ( 'NONE',  ( 9.004605784485139708, -67.87941140758165659, 22.97117096562022098 ) ) ;
#2117 = EDGE_CURVE ( 'NONE', #2751, #5294, #3890, .T. ) ;
#2118 = CARTESIAN_POINT ( 'NONE',  ( -35.58967077396387424, -43.93351561412045214, 0.2206474689809099499 ) ) ;
#2119 = CARTESIAN_POINT ( 'NONE',  ( -21.62809653433949109, -72.81224509333218009, 17.78669685694000080 ) ) ;
#2120 = CARTESIAN_POINT ( 'NONE',  ( 21.48565329626487497, -67.35151416443085282, 4.450818509865938744 ) ) ;
#2121 = CARTESIAN_POINT ( 'NONE',  ( -13.64424412175135437, -31.63661590615784291, 12.50000000000000000 ) ) ;
#2122 = CARTESIAN_POINT ( 'NONE',  ( 25.99997965869904704, -77.00000000000005684, 12.02536965757063214 ) ) ;
#2123 = CARTESIAN_POINT ( 'NONE',  ( -22.13333020349537961, -71.85726571640057614, 14.58146636484155145 ) ) ;
#2124 = AXIS2_PLACEMENT_3D ( 'NONE', #1756, #3942, #4533 ) ;
#2125 = CARTESIAN_POINT ( 'NONE',  ( -7.427791005014705128, -73.14943294762090886, 24.53083326344598802 ) ) ;
#2126 = CARTESIAN_POINT ( 'NONE',  ( -39.99999999999999289, 55.00000000000000711, 12.50000000000000000 ) ) ;
#2127 = ORIENTED_EDGE ( 'NONE', *, *, #2040, .T. ) ;
#2128 = CARTESIAN_POINT ( 'NONE',  ( 21.48422781333836440, -65.98746284366723103, 21.13883086121691690 ) ) ;
#2129 = CARTESIAN_POINT ( 'NONE',  ( -25.05894920403238046, -57.72388461084814537, -1.344987424665074593 ) ) ;
#2130 = CARTESIAN_POINT ( 'NONE',  ( 7.169563502621071116, -61.45016505245081362, 3.271016832822194242 ) ) ;
#2131 = CARTESIAN_POINT ( 'NONE',  ( 24.49313816524948706, -77.89877571810218626, 7.054973048864316532 ) ) ;
#2132 = CARTESIAN_POINT ( 'NONE',  ( -21.33260991109970561, -74.19553466293238841, 17.68190961479852419 ) ) ;
#2133 = VERTEX_POINT ( 'NONE', #4537 ) ;
#2134 = CARTESIAN_POINT ( 'NONE',  ( 10.66813238574188105, -77.01806331675074091, -8.969224685147585419 ) ) ;
#2135 = CARTESIAN_POINT ( 'NONE',  ( -38.49999999999998579, 50.00000000000000711, 1.450000000000001732 ) ) ;
#2136 = VECTOR ( 'NONE', #6260, 1000.000000000000000 ) ;
#2137 = CARTESIAN_POINT ( 'NONE',  ( 20.48538726743249327, -73.10683524717808268, 6.241029474111113196 ) ) ;
#2138 = DIRECTION ( 'NONE',  ( -1.330321911110254514E-16, 1.000000000000000000, 0.000000000000000000 ) ) ;
#2139 = VECTOR ( 'NONE', #2345, 999.9999999999998863 ) ;
#2140 = CARTESIAN_POINT ( 'NONE',  ( 22.71486306426476887, -68.60577254357443167, 18.39917216225709851 ) ) ;
#2141 = ORIENTED_EDGE ( 'NONE', *, *, #2361, .T. ) ;
#2142 = ORIENTED_EDGE ( 'NONE', *, *, #4551, .T. ) ;
#2143 = VECTOR ( 'NONE', #182, 999.9999999999998863 ) ;
#2144 = CARTESIAN_POINT ( 'NONE',  ( 16.85400159180968416, -77.00000000000004263, 10.47273313003693751 ) ) ;
#2145 = DIRECTION ( 'NONE',  ( -0.000000000000000000, -0.000000000000000000, -1.000000000000000000 ) ) ;
#2146 = PLANE ( 'NONE',  #2312 ) ;
#2147 = CARTESIAN_POINT ( 'NONE',  ( -19.35334771642214591, -70.69687930235079421, 5.112312171604770583 ) ) ;
#2148 = CARTESIAN_POINT ( 'NONE',  ( 36.34845526186748543, 33.29814751154912500, 0.4131884281474784704 ) ) ;
#2149 = CARTESIAN_POINT ( 'NONE',  ( 6.969807528036391808, -69.27658572128470382, 23.60077035908199861 ) ) ;
#2150 = ORIENTED_EDGE ( 'NONE', *, *, #1337, .F. ) ;
#2151 = CARTESIAN_POINT ( 'NONE',  ( -35.59059575455636093, -44.70915315745011753, 0.2208459582820032907 ) ) ;
#2152 = DIRECTION ( 'NONE',  ( -1.000000000000000000, -1.734723475976806848E-16, -1.769417945496342921E-14 ) ) ;
#2153 = LINE ( 'NONE', #3747, #4091 ) ;
#2154 = CYLINDRICAL_SURFACE ( 'NONE', #3744, 2.500000000000002220 ) ;
#2155 = VECTOR ( 'NONE', #3668, 999.9999999999998863 ) ;
#2156 = LINE ( 'NONE', #1558, #5001 ) ;
#2157 = CARTESIAN_POINT ( 'NONE',  ( -22.05735877155652958, -70.46621326686914699, 14.78865054300541892 ) ) ;
#2158 = EDGE_CURVE ( 'NONE', #1206, #6155, #819, .T. ) ;
#2159 = CARTESIAN_POINT ( 'NONE',  ( -8.960884128211089816, -75.69482955460408391, 24.87679211542978308 ) ) ;
#2160 = EDGE_CURVE ( 'NONE', #7051, #5087, #6153, .T. ) ;
#2161 = CARTESIAN_POINT ( 'NONE',  ( -4.740459527603331225, -60.45423018416924066, 21.50000000000000355 ) ) ;
#2162 = VECTOR ( 'NONE', #6455, 1000.000000000000000 ) ;
#2163 = ORIENTED_EDGE ( 'NONE', *, *, #526, .F. ) ;
#2164 = CARTESIAN_POINT ( 'NONE',  ( 21.66030707124215482, -68.84010077745779199, 18.71721882008886695 ) ) ;
#2165 = CARTESIAN_POINT ( 'NONE',  ( -24.98891076837313463, -57.72388461084814537, 1.317946770163682668 ) ) ;
#2166 = CARTESIAN_POINT ( 'NONE',  ( 10.60611371669018865, -71.70806146068733256, 1.537379829074442483 ) ) ;
#2167 = CARTESIAN_POINT ( 'NONE',  ( 24.94317924871467795, -57.72388461084813827, 21.44258561650558192 ) ) ;
#2168 = CARTESIAN_POINT ( 'NONE',  ( -21.68401558297727050, -71.45786360106573909, 18.13541498153477249 ) ) ;
#2169 = CARTESIAN_POINT ( 'NONE',  ( -33.49999999999998579, -31.63661590615784291, 15.00000000000000178 ) ) ;
#2170 = EDGE_CURVE ( 'NONE', #2470, #6651, #5112, .T. ) ;
#2171 = ORIENTED_EDGE ( 'NONE', *, *, #1951, .T. ) ;
#2172 = CARTESIAN_POINT ( 'NONE',  ( 38.50000000000000000, -44.31902001999193175, 17.00000000000000000 ) ) ;
#2173 = CARTESIAN_POINT ( 'NONE',  ( -6.541019888128436932, -65.39804414053534742, 2.325041844618164877 ) ) ;
#2174 = CARTESIAN_POINT ( 'NONE',  ( 21.11861617424166226, -63.74549448872966906, 4.559969313355566989 ) ) ;
#2175 = LINE ( 'NONE', #4345, #93 ) ;
#2176 = AXIS2_PLACEMENT_3D ( 'NONE', #5945, #464, #5377 ) ;
#2177 = CARTESIAN_POINT ( 'NONE',  ( 21.14947223477723526, -71.60845880771216798, 18.52927521784861753 ) ) ;
#2178 = ORIENTED_EDGE ( 'NONE', *, *, #3878, .T. ) ;
#2179 = VECTOR ( 'NONE', #2946, 1000.000000000000000 ) ;
#2180 = ORIENTED_EDGE ( 'NONE', *, *, #1871, .T. ) ;
#2181 = CARTESIAN_POINT ( 'NONE',  ( 14.44428175279542081, -59.40752366131756901, -0.007762524468696041860 ) ) ;
#2182 = CARTESIAN_POINT ( 'NONE',  ( -19.24043152249668864, -58.76299595831096667, 3.329982910474039492 ) ) ;
#2183 = DIRECTION ( 'NONE',  ( 1.000000000000000000, 0.000000000000000000, -0.000000000000000000 ) ) ;
#2184 = CARTESIAN_POINT ( 'NONE',  ( 9.206939256288720230, -61.28269424094653317, 21.66034899565346450 ) ) ;
#2185 = ORIENTED_EDGE ( 'NONE', *, *, #4514, .T. ) ;
#2186 = CARTESIAN_POINT ( 'NONE',  ( -21.20681151644157580, -77.77967650617952700, 22.69985280046940446 ) ) ;
#2187 = CARTESIAN_POINT ( 'NONE',  ( 25.99999999999999289, -74.00000000000004263, 13.53429071612314161 ) ) ;
#2188 = CARTESIAN_POINT ( 'NONE',  ( 38.49999999999999289, -44.31902001999193175, 18.02146305234685286 ) ) ;
#2189 = LINE ( 'NONE', #3229, #7084 ) ;
#2190 = CARTESIAN_POINT ( 'NONE',  ( 21.23287851239905422, -74.00000000000004263, 22.59985217694260839 ) ) ;
#2191 = CARTESIAN_POINT ( 'NONE',  ( -21.50708717007978521, -60.58629182715908001, 21.62049566730467021 ) ) ;
#2192 = CARTESIAN_POINT ( 'NONE',  ( -9.869050018733686258, -66.50627848880819215, 22.54362758751748075 ) ) ;
#2193 = EDGE_LOOP ( 'NONE', ( #987, #6715, #6782 ) ) ;
#2194 = DIRECTION ( 'NONE',  ( 1.330321911110254514E-16, -1.000000000000000000, 0.000000000000000000 ) ) ;
#2195 = EDGE_CURVE ( 'NONE', #2970, #2905, #4876, .T. ) ;
#2196 = CARTESIAN_POINT ( 'NONE',  ( -25.04793644628120219, -57.72388461084814537, -0.9262709168084000133 ) ) ;
#2197 = CARTESIAN_POINT ( 'NONE',  ( 1.269873893826132027, -73.25935911006996548, -0.2515669139415812605 ) ) ;
#2198 = CARTESIAN_POINT ( 'NONE',  ( 1.083338702749261584, -77.00000000000007105, -5.000006498685813483 ) ) ;
#2199 = CARTESIAN_POINT ( 'NONE',  ( 26.05286915988835972, -77.89877571810217205, 11.60439249103841064 ) ) ;
#2200 =( BOUNDED_CURVE ( )  B_SPLINE_CURVE ( 3, ( #4802, #6999, #5562, #7103 ),
 .UNSPECIFIED., .F., .T. ) 
 B_SPLINE_CURVE_WITH_KNOTS ( ( 4, 4 ),
 ( 0.3246323907991540691, 0.5728213856683893601 ),
 .UNSPECIFIED. ) 
 CURVE ( )  GEOMETRIC_REPRESENTATION_ITEM ( )  RATIONAL_B_SPLINE_CURVE ( ( 1.000000000000000000, 0.9948734358240682862, 0.9948734358240682862, 1.000000000000000000 ) ) 
 REPRESENTATION_ITEM ( '' )  );
#2201 = CARTESIAN_POINT ( 'NONE',  ( -21.73250879638466060, -66.24641289751454565, 19.62693059876815127 ) ) ;
#2202 = ORIENTED_EDGE ( 'NONE', *, *, #2034, .F. ) ;
#2203 = ORIENTED_EDGE ( 'NONE', *, *, #1115, .T. ) ;
#2204 = DIRECTION ( 'NONE',  ( -1.000000000000000000, 0.000000000000000000, 0.000000000000000000 ) ) ;
#2205 = EDGE_CURVE ( 'NONE', #1328, #3042, #4386, .T. ) ;
#2206 = CARTESIAN_POINT ( 'NONE',  ( 40.18788463193159544, -44.08689559896696153, 2.565409233351550355 ) ) ;
#2207 = CARTESIAN_POINT ( 'NONE',  ( -9.922441898049330078, -74.35866658108466254, 0.7216571707270323932 ) ) ;
#2208 = CARTESIAN_POINT ( 'NONE',  ( 19.35340260394034217, -65.35686786940239301, 4.468358886802379359 ) ) ;
#2209 = CARTESIAN_POINT ( 'NONE',  ( -13.54216473939368903, -73.99999999999997158, 22.97080079519004059 ) ) ;
#2210 = VECTOR ( 'NONE', #4486, 1000.000000000000000 ) ;
#2211 = CARTESIAN_POINT ( 'NONE',  ( -21.50891913036297609, -70.06181992588055607, 5.679648427768551500 ) ) ;
#2212 = LINE ( 'NONE', #1181, #2529 ) ;
#2213 = ORIENTED_EDGE ( 'NONE', *, *, #4844, .F. ) ;
#2214 = VERTEX_POINT ( 'NONE', #6697 ) ;
#2215 = CARTESIAN_POINT ( 'NONE',  ( 17.39083232939695023, -77.00000000000004263, 11.68874560919673122 ) ) ;
#2216 = CARTESIAN_POINT ( 'NONE',  ( 24.81122499035803131, -77.00000000000004263, 7.256704747465111183 ) ) ;
#2217 = CARTESIAN_POINT ( 'NONE',  ( -17.98824709115315201, -72.29277505989949759, 4.404245858940752711 ) ) ;
#2218 = CARTESIAN_POINT ( 'NONE',  ( 12.25111018186109568, -60.97307327955430623, 21.55714673718915719 ) ) ;
#2219 = ORIENTED_EDGE ( 'NONE', *, *, #6845, .T. ) ;
#2220 = EDGE_CURVE ( 'NONE', #3549, #177, #1836, .T. ) ;
#2221 = CARTESIAN_POINT ( 'NONE',  ( -17.61050474989824011, -77.00000000000004263, 25.40784499834520460 ) ) ;
#2222 = LINE ( 'NONE', #2909, #5716 ) ;
#2223 = B_SPLINE_SURFACE_WITH_KNOTS ( 'NONE', 3, 3, ( 
 ( #227, #2988, #297, #4666, #5172, #2417, #2450, #4521, #6862, #5647 ),
 ( #6759, #1855, #1314, #3455, #155, #3490, #2343, #5682, #6282, #771 ),
 ( #261, #6248, #2484, #3417, #700, #1957, #2884, #737, #3970, #6718 ),
 ( #4011, #5204, #4631, #6825, #1821, #2918, #4110, #1239, #5064, #2952 ),
 ( #5715, #6173, #1280, #5610, #5099, #189, #2378, #805, #4560, #6214 ),
 ( #5135, #1921, #4077, #4597, #6794, #1890, #4043, #1381, #1350, #3520 ),
 ( #3551, #5745, #3019, #398, #4834, #2120, #2585, #1416, #4144, #3090 ) ),
 .UNSPECIFIED., .F., .F., .F.,
 ( 4, 3, 4 ),
 ( 4, 3, 3, 4 ),
 ( 0.4999999999999975020, 0.7229786739115492411, 0.9459573478231010357 ),
 ( 0.1480422515889407431, 0.3942044041272703137, 0.6403665566655999397, 1.132690861742259081 ),
 .UNSPECIFIED. ) ;
#2224 = CARTESIAN_POINT ( 'NONE',  ( 21.86567313722191130, -66.31929561351498137, 12.50000000000000178 ) ) ;
#2225 = DIRECTION ( 'NONE',  ( 1.000000000000000000, 1.330321911110254514E-16, -0.000000000000000000 ) ) ;
#2226 = CARTESIAN_POINT ( 'NONE',  ( -36.50279024607642242, 51.81085606929898546, 0.4598855574376681243 ) ) ;
#2227 = CARTESIAN_POINT ( 'NONE',  ( -5.850596816958644197, -69.32017574410264160, 23.76755041120936340 ) ) ;
#2228 = ADVANCED_FACE ( 'NONE', ( #3987 ), #5080, .F. ) ;
#2229 = ORIENTED_EDGE ( 'NONE', *, *, #6700, .F. ) ;
#2230 = CARTESIAN_POINT ( 'NONE',  ( -14.20351202541198710, -60.00000000000351719, 3.500000000000000000 ) ) ;
#2231 = CARTESIAN_POINT ( 'NONE',  ( 21.70046491881497275, -66.17925680367632424, 18.27069753553350751 ) ) ;
#2232 = CARTESIAN_POINT ( 'NONE',  ( -25.08720281525328843, -77.89877571810218626, 8.102132950046614823 ) ) ;
#2233 = CARTESIAN_POINT ( 'NONE',  ( 4.193978860473712267, -62.90970968150823239, 2.842737697240796280 ) ) ;
#2234 = CARTESIAN_POINT ( 'NONE',  ( -36.79999999999999005, 50.00000000000000711, 17.00000000000000000 ) ) ;
#2235 = FACE_OUTER_BOUND ( 'NONE', #5539, .T. ) ;
#2236 = CARTESIAN_POINT ( 'NONE',  ( -20.56825818433719988, -71.75311618875666397, 18.93457009838825300 ) ) ;
#2237 = VERTEX_POINT ( 'NONE', #2818 ) ;
#2238 = VERTEX_POINT ( 'NONE', #5661 ) ;
#2239 = FACE_OUTER_BOUND ( 'NONE', #4788, .T. ) ;
#2240 = CARTESIAN_POINT ( 'NONE',  ( 36.79999999999999716, 35.00000000000000711, 12.50000000000000000 ) ) ;
#2241 = CARTESIAN_POINT ( 'NONE',  ( -8.043871396715156052, -60.06666865850736059, 3.550436574519970634 ) ) ;
#2242 = CARTESIAN_POINT ( 'NONE',  ( 18.74340474973561399, -74.00000000000007105, 4.899467861314033001 ) ) ;
#2243 = CARTESIAN_POINT ( 'NONE',  ( 20.26798658114867280, -58.63618827283296042, 3.280411882653628819 ) ) ;
#2244 = DIRECTION ( 'NONE',  ( 1.000000000000000000, 1.330321911110254514E-16, -0.000000000000000000 ) ) ;
#2245 = CARTESIAN_POINT ( 'NONE',  ( -21.51792626048056079, -60.64360858655023634, 5.203247769568253744 ) ) ;
#2246 = DIRECTION ( 'NONE',  ( 0.000000000000000000, -1.000000000000000000, 0.000000000000000000 ) ) ;
#2248 = EDGE_CURVE ( 'NONE', #3762, #1311, #5003, .T. ) ;
#2247 = CARTESIAN_POINT ( 'NONE',  ( -25.00000000000000000, -60.00000000000003553, 25.00000000000000000 ) ) ;
#2249 = ORIENTED_EDGE ( 'NONE', *, *, #6114, .T. ) ;
#2250 = VERTEX_POINT ( 'NONE', #2394 ) ;
#2251 = CARTESIAN_POINT ( 'NONE',  ( 17.39083232939695023, -74.00000000000004263, 11.68874560919673122 ) ) ;
#2252 = CARTESIAN_POINT ( 'NONE',  ( 20.46089445454939693, -77.77967650617952700, 1.596342242834909220 ) ) ;
#2253 = AXIS2_PLACEMENT_3D ( 'NONE', #3688, #2396, #3622 ) ;
#2254 = CARTESIAN_POINT ( 'NONE',  ( -19.34742661900742178, -69.35742465777759946, 4.980879854052243871 ) ) ;
#2255 = DIRECTION ( 'NONE',  ( -1.000000000000000000, 0.000000000000000000, 0.000000000000000000 ) ) ;
#2256 = CARTESIAN_POINT ( 'NONE',  ( 11.46861965256547222, -70.34529382536861419, 22.96930636055186170 ) ) ;
#2257 = ORIENTED_EDGE ( 'NONE', *, *, #4527, .T. ) ;
#2258 = CARTESIAN_POINT ( 'NONE',  ( -17.79711518877730114, -77.77967650617954121, 25.42655012560241445 ) ) ;
#2259 = CARTESIAN_POINT ( 'NONE',  ( -4.441730753071876592, -74.00000000000004263, 3.876123488699721786 ) ) ;
#2260 = CARTESIAN_POINT ( 'NONE',  ( 39.99999999999999289, 37.00000000000001421, 32.07106781186548261 ) ) ;
#2261 = CARTESIAN_POINT ( 'NONE',  ( 21.74677367781562864, -76.50113924002333476, 22.09256093503212526 ) ) ;
#2262 = CARTESIAN_POINT ( 'NONE',  ( -35.59059575455634672, 49.60986686254182132, 0.2208459582819976286 ) ) ;
#2263 = CARTESIAN_POINT ( 'NONE',  ( -4.594442449194803935, -68.06437127110626761, 23.54942030712232182 ) ) ;
#2264 = VERTEX_POINT ( 'NONE', #4575 ) ;
#2265 = CARTESIAN_POINT ( 'NONE',  ( -25.08720281525328843, -77.89877571810218626, 8.102132950046614823 ) ) ;
#2266 =( GEOMETRIC_REPRESENTATION_CONTEXT ( 3 ) GLOBAL_UNCERTAINTY_ASSIGNED_CONTEXT ( ( #5303 ) ) GLOBAL_UNIT_ASSIGNED_CONTEXT ( ( #888, #5828, #5396 ) ) REPRESENTATION_CONTEXT ( 'NONE', 'WORKASPACE' ) );
#2267 = CARTESIAN_POINT ( 'NONE',  ( 22.11183528975933399, -70.50405220665105333, 13.64347582381022228 ) ) ;
#2268 = CARTESIAN_POINT ( 'NONE',  ( -24.60084272001518002, -77.00000000000004263, 18.16405979322059494 ) ) ;
#2269 = CARTESIAN_POINT ( 'NONE',  ( 4.489228872032184015, -66.77639936832282785, 1.799155853313276099 ) ) ;
#2270 = CARTESIAN_POINT ( 'NONE',  ( -43.23593103138183125, 55.09057850266378153, 17.30677623702908718 ) ) ;
#2271 = CARTESIAN_POINT ( 'NONE',  ( -25.59826332794564507, -74.00000000000004263, 15.56445311930088415 ) ) ;
#2272 = CARTESIAN_POINT ( 'NONE',  ( -18.58320860325540025, -69.49411159242720259, 20.36107407209670939 ) ) ;
#2273 = CIRCLE ( 'NONE', #4566, 91.63661590615784291 ) ;
#2274 = ORIENTED_EDGE ( 'NONE', *, *, #1070, .T. ) ;
#2275 = ORIENTED_EDGE ( 'NONE', *, *, #7073, .F. ) ;
#2276 = CARTESIAN_POINT ( 'NONE',  ( -16.77618712260960976, -77.00000000000004263, 10.31722037005673798 ) ) ;
#2277 = B_SPLINE_CURVE_WITH_KNOTS ( 'NONE', 3,
 ( #3746, #2119, #3683, #1048, #7064, #3154, #1489, #5340 ),
 .UNSPECIFIED., .F., .F.,
 ( 4, 2, 2, 4 ),
 ( 0.002438961037046809537, 0.006198550360019402031, 0.009958139682991994091, 0.01747731832893718168 ),
 .UNSPECIFIED. ) ;
#2278 = DIRECTION ( 'NONE',  ( 0.000000000000000000, 0.000000000000000000, 1.000000000000000000 ) ) ;
#2279 = CARTESIAN_POINT ( 'NONE',  ( -10.60611371669025793, -71.70806146068730413, 1.537379829074461135 ) ) ;
#2280 = DIRECTION ( 'NONE',  ( -1.000000000000000000, 0.000000000000000000, 0.000000000000000000 ) ) ;
#2281 = CARTESIAN_POINT ( 'NONE',  ( 19.35029129958827099, -64.03022320646739729, 4.265110686613357238 ) ) ;
#2282 = DIRECTION ( 'NONE',  ( 1.000000000000000000, 0.000000000000000000, 0.000000000000000000 ) ) ;
#2283 = CARTESIAN_POINT ( 'NONE',  ( 17.39766108894290397, -77.00000000000004263, 13.29572150542252551 ) ) ;
#2284 = DIRECTION ( 'NONE',  ( -1.000000000000000000, -1.330321911110254761E-16, 0.000000000000000000 ) ) ;
#2285 = CARTESIAN_POINT ( 'NONE',  ( 38.50000000000000000, 35.00000000000000711, 32.07106781186548261 ) ) ;
#2286 = ORIENTED_EDGE ( 'NONE', *, *, #3247, .T. ) ;
#2287 = ORIENTED_EDGE ( 'NONE', *, *, #580, .T. ) ;
#2288 = DIRECTION ( 'NONE',  ( 0.000000000000000000, 0.000000000000000000, 1.000000000000000000 ) ) ;
#2289 = CARTESIAN_POINT ( 'NONE',  ( -11.45833333333333393, -60.00000000000005684, 0.000000000000000000 ) ) ;
#2290 = EDGE_CURVE ( 'NONE', #5503, #6370, #1760, .T. ) ;
#2291 = ADVANCED_FACE ( 'NONE', ( #4610 ), #3909, .F. ) ;
#2292 = CARTESIAN_POINT ( 'NONE',  ( -23.69861271698939476, -63.33778920024085579, 4.961925035345085000 ) ) ;
#2293 = CARTESIAN_POINT ( 'NONE',  ( 11.09210836079452633, -67.73671542937751155, 22.57213141337680895 ) ) ;
#2294 = CIRCLE ( 'NONE', #5378, 2.500000000000002220 ) ;
#2295 = ORIENTED_EDGE ( 'NONE', *, *, #2579, .T. ) ;
#2296 = CARTESIAN_POINT ( 'NONE',  ( 2.083333333333329040, -60.00000000000003553, 25.00000000000000000 ) ) ;
#2297 = EDGE_CURVE ( 'NONE', #6970, #5930, #7058, .T. ) ;
#2298 = CARTESIAN_POINT ( 'NONE',  ( 10.30015253808763909, -74.00000000000007105, 5.449825749968307598 ) ) ;
#2299 = CARTESIAN_POINT ( 'NONE',  ( -21.84978241376938257, -77.00000000000004263, 21.98513260262338065 ) ) ;
#2300 = CARTESIAN_POINT ( 'NONE',  ( 8.622716828144255885, -77.00000000000004263, 4.897973167114376913 ) ) ;
#2301 = CARTESIAN_POINT ( 'NONE',  ( 21.44042580150801314, -75.00066329270745769, 22.39999540656141264 ) ) ;
#2302 = CARTESIAN_POINT ( 'NONE',  ( -36.83342733230674071, 48.02268169209519755, 0.5702784642519991287 ) ) ;
#2303 = CARTESIAN_POINT ( 'NONE',  ( -4.677568720730743852E-12, -75.82870453950670253, 26.00725674612885996 ) ) ;
#2304 = ORIENTED_EDGE ( 'NONE', *, *, #5838, .T. ) ;
#2305 = CARTESIAN_POINT ( 'NONE',  ( -24.53643888760428737, -77.89877571810217205, 7.131299388332387856 ) ) ;
#2306 = CARTESIAN_POINT ( 'NONE',  ( 21.38470200533176424, -57.93327921616343446, 16.51196396955454304 ) ) ;
#2307 = CARTESIAN_POINT ( 'NONE',  ( -25.00000000000000000, -60.00000000000003553, 25.19434969769167409 ) ) ;
#2308 = CARTESIAN_POINT ( 'NONE',  ( 3.701768748729275416, -71.94610929385703457, 0.2936243624982932676 ) ) ;
#2309 = CARTESIAN_POINT ( 'NONE',  ( 10.51036262540703525, -77.00000000000004263, -3.523003368531050228 ) ) ;
#2310 = CARTESIAN_POINT ( 'NONE',  ( 21.49077775195247497, -59.52946844029276008, 3.500000000000001776 ) ) ;
#2311 = CARTESIAN_POINT ( 'NONE',  ( -16.16749892677394129, -59.15355580854731699, 21.55095221786872983 ) ) ;
#2312 = AXIS2_PLACEMENT_3D ( 'NONE', #1621, #4311, #3774 ) ;
#2313 = ORIENTED_EDGE ( 'NONE', *, *, #1030, .T. ) ;
#2314 = ORIENTED_EDGE ( 'NONE', *, *, #3648, .T. ) ;
#2315 = LINE ( 'NONE', #6653, #2506 ) ;
#2316 = CARTESIAN_POINT ( 'NONE',  ( -25.63747721176364536, -75.05793971538153642, 9.586782938261686482 ) ) ;
#2317 = CARTESIAN_POINT ( 'NONE',  ( -6.825151676534458645, -67.98408454936976852, 1.708124819116797699 ) ) ;
#2318 = CARTESIAN_POINT ( 'NONE',  ( -39.99999999999997868, -22.00000000000004263, 16.50000000000000000 ) ) ;
#2319 = CARTESIAN_POINT ( 'NONE',  ( 19.31706913302575046, -61.38848220840132086, 3.821315729897311275 ) ) ;
#2320 = FACE_OUTER_BOUND ( 'NONE', #6553, .T. ) ;
#2321 = CARTESIAN_POINT ( 'NONE',  ( -21.37334883214525405, -57.94978242721178674, 12.50000000000000178 ) ) ;
#2322 = CARTESIAN_POINT ( 'NONE',  ( -21.74677367781198711, -76.50113924002452848, 22.09256093503643825 ) ) ;
#2323 = DIRECTION ( 'NONE',  ( 0.000000000000000000, 0.000000000000000000, 1.000000000000000000 ) ) ;
#2324 = VERTEX_POINT ( 'NONE', #3105 ) ;
#2325 = ORIENTED_EDGE ( 'NONE', *, *, #1800, .F. ) ;
#2326 = CARTESIAN_POINT ( 'NONE',  ( 8.333333333333341031, -60.00000000000004263, 0.000000000000000000 ) ) ;
#2327 = VECTOR ( 'NONE', #3973, 1000.000000000000000 ) ;
#2328 = CARTESIAN_POINT ( 'NONE',  ( -22.27183264669838181, -59.69048351833818344, 3.570333979355248655 ) ) ;
#2329 = CARTESIAN_POINT ( 'NONE',  ( 12.09388970173889710, -59.65327292268865733, 21.46791384707751149 ) ) ;
#2330 = EDGE_CURVE ( 'NONE', #6869, #2701, #5286, .T. ) ;
#2331 = VERTEX_POINT ( 'NONE', #381 ) ;
#2332 = CARTESIAN_POINT ( 'NONE',  ( -10.46332772291167501, -77.00000000000004263, 28.55247596054727310 ) ) ;
#2333 = CARTESIAN_POINT ( 'NONE',  ( 14.56265212738511394, -74.00000000000004263, 7.794616717213469492 ) ) ;
#2334 = CARTESIAN_POINT ( 'NONE',  ( 39.29227826858651440, 43.16584190551422040, 23.17524666387509669 ) ) ;
#2335 = CARTESIAN_POINT ( 'NONE',  ( 3.447648144306310503, -77.00000000000004263, 3.787756778612224817 ) ) ;
#2336 = CARTESIAN_POINT ( 'NONE',  ( 0.000000000000000000, -74.00000000000004263, 12.50000000000000000 ) ) ;
#2337 = CARTESIAN_POINT ( 'NONE',  ( -41.74999999999997868, -46.28793110674639166, 25.00000000000000000 ) ) ;
#2338 = CARTESIAN_POINT ( 'NONE',  ( -6.118198714495038715, -71.89803268046679818, 24.43110740608497622 ) ) ;
#2339 = ADVANCED_FACE ( 'NONE', ( #310 ), #3665, .F. ) ;
#2340 = VERTEX_POINT ( 'NONE', #2464 ) ;
#2341 = CARTESIAN_POINT ( 'NONE',  ( 11.83966574198538702, -60.14522726431891897, 3.500000000000000888 ) ) ;
#2342 = CARTESIAN_POINT ( 'NONE',  ( 21.76591886413000054, -66.23514270057630426, 16.82999400130970002 ) ) ;
#2343 = CARTESIAN_POINT ( 'NONE',  ( 21.86567313722192196, -66.31929561351499558, 11.05578436411592769 ) ) ;
#2344 = CARTESIAN_POINT ( 'NONE',  ( 6.118198714491682288, -71.89803268046688345, 0.5688925939145136335 ) ) ;
#2345 = DIRECTION ( 'NONE',  ( -0.8571673007021104462, 0.000000000000000000, -0.5150380749100574862 ) ) ;
#2346 = LINE ( 'NONE', #6065, #4616 ) ;
#2347 = CARTESIAN_POINT ( 'NONE',  ( -20.28389709185526613, -59.94163017455242226, 21.41833121103937643 ) ) ;
#2348 = B_SPLINE_SURFACE_WITH_KNOTS ( 'NONE', 3, 3, ( 
 ( #6494, #4283, #2090, #2587, #3713, #4249, #3193, #7069, #1527, #6966 ),
 ( #1664, #7000, #1051, #437, #5880, #1015, #2625, #6566, #4218, #1559 ),
 ( #401, #4873, #2123, #2157, #6426, #3686, #5949, #983, #3231, #5381 ),
 ( #4325, #3814, #6532, #467, #3125, #3158, #2697, #946, #4803, #1599 ),
 ( #5308, #5344, #6458, #5416, #2658, #4362, #1630, #3783, #4836, #4907 ),
 ( #507, #5983, #1084, #3266, #5449, #540, #2726, #7104, #2191, #6640 ),
 ( #5093, #3924, #183, #2372, #6167, #4942, #6018, #4513, #2837, #6713 ) ),
 .UNSPECIFIED., .F., .F., .F.,
 ( 4, 3, 4 ),
 ( 4, 3, 3, 4 ),
 ( 0.4999999999999977240, 0.7229786739115484639, 0.9459573478230991483 ),
 ( 0.1480422515889392165, 0.3942044041272692034, 0.6403665566655991626, 1.132690861742259081 ),
 .UNSPECIFIED. ) ;
#2349 = ORIENTED_EDGE ( 'NONE', *, *, #967, .T. ) ;
#2350 = VERTEX_POINT ( 'NONE', #4124 ) ;
#2351 = CARTESIAN_POINT ( 'NONE',  ( -16.18451032361774011, -77.00000000000004263, 9.413314671481527895 ) ) ;
#2352 = CARTESIAN_POINT ( 'NONE',  ( -33.49999999999999289, 57.82297459836043885, 0.000000000000000000 ) ) ;
#2353 = CARTESIAN_POINT ( 'NONE',  ( -11.74353916982579804, -65.03132147460347312, 2.969020998864753569 ) ) ;
#2354 = DIRECTION ( 'NONE',  ( -1.000000000000000000, -1.553732654557586955E-16, 0.000000000000000000 ) ) ;
#2355 = CARTESIAN_POINT ( 'NONE',  ( 17.81899058750198250, -69.63079852707706152, 4.296972001753731618 ) ) ;
#2356 = CARTESIAN_POINT ( 'NONE',  ( 22.31747927760338968, -74.00000000000004263, 12.50000000000002309 ) ) ;
#2357 = CARTESIAN_POINT ( 'NONE',  ( 11.17054101212911021, -77.00000000000004263, 19.13247705448238634 ) ) ;
#2358 = DIRECTION ( 'NONE',  ( 1.000000000000000000, 1.330321911110254514E-16, -0.000000000000000000 ) ) ;
#2359 = CYLINDRICAL_SURFACE ( 'NONE', #532, 1.700000000000000178 ) ;
#2360 = ORIENTED_EDGE ( 'NONE', *, *, #1870, .F. ) ;
#2361 = EDGE_CURVE ( 'NONE', #1878, #3062, #3949, .T. ) ;
#2362 = EDGE_LOOP ( 'NONE', ( #1396, #6301, #777 ) ) ;
#2363 = CARTESIAN_POINT ( 'NONE',  ( -7.635467636035314420, -77.00000000000005684, -4.259134230429941326 ) ) ;
#2364 = CARTESIAN_POINT ( 'NONE',  ( -21.27786486927653442, -59.81605684644531351, 3.576001384157933671 ) ) ;
#2365 = CARTESIAN_POINT ( 'NONE',  ( 13.07810359153313939, -67.55474772314218512, 22.11238257578481381 ) ) ;
#2366 = ORIENTED_EDGE ( 'NONE', *, *, #852, .T. ) ;
#2367 = CARTESIAN_POINT ( 'NONE',  ( 20.29450952261449004, -77.00000000000002842, 23.47366074862151564 ) ) ;
#2368 = CARTESIAN_POINT ( 'NONE',  ( -0.001737809258973430472, -74.00000000000004263, 2.752149606933892656 ) ) ;
#2369 = CARTESIAN_POINT ( 'NONE',  ( 20.61994711225096211, -77.00000000000004263, 23.18451660961399341 ) ) ;
#2370 = CARTESIAN_POINT ( 'NONE',  ( -17.04817713840273896, -77.00000000000004263, 10.90835656733359116 ) ) ;
#2371 = CARTESIAN_POINT ( 'NONE',  ( 38.06877872511235239, -46.32605799684224479, 1.102793281666576641 ) ) ;
#2372 = CARTESIAN_POINT ( 'NONE',  ( -21.50891913036299030, -70.06181992588052765, 19.32035157223140587 ) ) ;
#2373 = CARTESIAN_POINT ( 'NONE',  ( -5.263463060766526702, -75.78760248950152345, 25.64291778324846405 ) ) ;
#2374 = CIRCLE ( 'NONE', #6605, 1.499999999999999112 ) ;
#2375 = ORIENTED_EDGE ( 'NONE', *, *, #1517, .F. ) ;
#2376 = CARTESIAN_POINT ( 'NONE',  ( -24.86611085946165645, -57.72388461084814537, 10.26562834597238449 ) ) ;
#2377 = DIRECTION ( 'NONE',  ( -1.000000000000000000, 0.000000000000000000, 0.000000000000000000 ) ) ;
#2378 = CARTESIAN_POINT ( 'NONE',  ( 21.70046491881507933, -66.17925680368635710, 6.729302464465076739 ) ) ;
#2379 = EDGE_CURVE ( 'NONE', #2424, #5761, #5788, .T. ) ;
#2380 = CIRCLE ( 'NONE', #4427, 91.63661590615784291 ) ;
#2381 = EDGE_CURVE ( 'NONE', #6882, #5160, #4649, .T. ) ;
#2382 = CARTESIAN_POINT ( 'NONE',  ( 1.100871088935052367, -65.55132282175966907, 2.015502582620257055 ) ) ;
#2383 = FACE_OUTER_BOUND ( 'NONE', #2398, .T. ) ;
#2384 = DIRECTION ( 'NONE',  ( -1.000000000000000000, -1.330321911110254761E-16, 0.000000000000000000 ) ) ;
#2385 = CARTESIAN_POINT ( 'NONE',  ( -20.26798658114931584, -58.63618827283293911, 21.71958811734639383 ) ) ;
#2386 = ORIENTED_EDGE ( 'NONE', *, *, #5418, .T. ) ;
#2387 = CIRCLE ( 'NONE', #328, 1.700000000000000178 ) ;
#2388 = ORIENTED_EDGE ( 'NONE', *, *, #4419, .F. ) ;
#2389 = DIRECTION ( 'NONE',  ( -0.000000000000000000, -0.000000000000000000, -1.000000000000000000 ) ) ;
#2390 = CARTESIAN_POINT ( 'NONE',  ( -11.27679019662762272, -69.04206929090248934, 2.231098337853543168 ) ) ;
#2391 = CARTESIAN_POINT ( 'NONE',  ( 15.98730253286796632, -75.24955230858401478, 3.012655168143834494 ) ) ;
#2392 = CARTESIAN_POINT ( 'NONE',  ( 17.90935789858801996, -74.00000000000005684, 20.70208482004995787 ) ) ;
#2393 = CARTESIAN_POINT ( 'NONE',  ( 0.9169528873831194193, -77.00000000000004263, 21.35050488399558688 ) ) ;
#2394 = CARTESIAN_POINT ( 'NONE',  ( -43.49999999999999289, -22.00000000000004619, 10.00000000000000000 ) ) ;
#2395 = CIRCLE ( 'NONE', #6045, 1.499999999999997780 ) ;
#2396 = DIRECTION ( 'NONE',  ( 0.000000000000000000, -1.000000000000000000, 0.000000000000000000 ) ) ;
#2397 = CARTESIAN_POINT ( 'NONE',  ( 16.77618712260962042, -74.00000000000004263, 14.68277962994324604 ) ) ;
#2398 = EDGE_LOOP ( 'NONE', ( #4968, #4594, #1366, #6123, #171 ) ) ;
#2399 = CARTESIAN_POINT ( 'NONE',  ( 15.48328148753915734, -77.00000000000005684, -1.589179874563212636 ) ) ;
#2400 = AXIS2_PLACEMENT_3D ( 'NONE', #3263, #5446, #6087 ) ;
#2401 = CARTESIAN_POINT ( 'NONE',  ( -23.14364529610446652, -60.86453584255313132, 3.997421671285538380 ) ) ;
#2402 = CARTESIAN_POINT ( 'NONE',  ( 18.80426373807560836, -74.83493977832665678, 20.03978267434922955 ) ) ;
#2403 = CARTESIAN_POINT ( 'NONE',  ( 15.59439274787384555, -74.00000000000004263, 16.24117459109336892 ) ) ;
#2404 = VERTEX_POINT ( 'NONE', #2537 ) ;
#2405 = CARTESIAN_POINT ( 'NONE',  ( 21.05339583163972961, -77.00000000000004263, 22.80071913128284677 ) ) ;
#2406 = CARTESIAN_POINT ( 'NONE',  ( 17.57236217999600925, -74.00000000000005684, 12.89778941041230098 ) ) ;
#2407 = CARTESIAN_POINT ( 'NONE',  ( -11.49338024487490806, -77.00000000000004263, 28.21412921790201978 ) ) ;
#2408 = VECTOR ( 'NONE', #2578, 1000.000000000000000 ) ;
#2409 = CARTESIAN_POINT ( 'NONE',  ( -6.160766860776644371, -77.00000000000004263, 4.261807846291829627 ) ) ;
#2410 = DIRECTION ( 'NONE',  ( -1.000000000000000000, -1.330321911110254761E-16, -0.000000000000000000 ) ) ;
#2411 = CARTESIAN_POINT ( 'NONE',  ( 39.99999999999999289, 33.00000000000000711, 32.07106781186548261 ) ) ;
#2412 = CARTESIAN_POINT ( 'NONE',  ( 1.003561322423536906, -60.41263196288628734, 21.47311775300520154 ) ) ;
#2413 = CIRCLE ( 'NONE', #1852, 2.500000000000002220 ) ;
#2414 = VERTEX_POINT ( 'NONE', #958 ) ;
#2415 = CARTESIAN_POINT ( 'NONE',  ( -24.51858991215564032, -77.00000000000004263, 18.32856540893968500 ) ) ;
#2416 = CARTESIAN_POINT ( 'NONE',  ( 33.49999999999999289, 40.00000000000000711, 10.00000000000000000 ) ) ;
#2417 = CARTESIAN_POINT ( 'NONE',  ( 21.94772718806802558, -67.71421447789884951, 12.50000000000003730 ) ) ;
#2418 = CARTESIAN_POINT ( 'NONE',  ( -2.989594595881346654E-14, -60.41263196288620207, 3.526882246994814452 ) ) ;
#2419 = CARTESIAN_POINT ( 'NONE',  ( 39.99999999999999289, 42.65715534916777329, 3.500000000000000000 ) ) ;
#2420 = CARTESIAN_POINT ( 'NONE',  ( -21.49077775195247497, -59.52946844029274587, 21.50000000000000000 ) ) ;
#2421 = CARTESIAN_POINT ( 'NONE',  ( -16.59877520423719233, -64.44795414221212582, 21.21679567440279257 ) ) ;
#2422 = EDGE_CURVE ( 'NONE', #5834, #1356, #6111, .T. ) ;
#2423 = ORIENTED_EDGE ( 'NONE', *, *, #3859, .F. ) ;
#2424 = VERTEX_POINT ( 'NONE', #5184 ) ;
#2425 = CARTESIAN_POINT ( 'NONE',  ( 25.88303243258905439, -77.00000000000002842, 14.41041209536786916 ) ) ;
#2426 = CARTESIAN_POINT ( 'NONE',  ( -14.94454481776171129, -74.02623207155961893, 2.644266692864494672 ) ) ;
#2427 = B_SPLINE_CURVE_WITH_KNOTS ( 'NONE', 3,
 ( #3439, #6626, #4351, #135, #6590, #4969, #1689, #1652, #59, #3803, #1729, #681, #6079, #1804 ),
 .UNSPECIFIED., .F., .F.,
 ( 4, 2, 2, 2, 2, 2, 4 ),
 ( 0.002874735800375010850, 0.003218714759081866498, 0.003562693717788722580, 0.004250651635202426504, 0.004594630593909290392, 0.004938609552616154280, 0.005626567470029890730 ),
 .UNSPECIFIED. ) ;
#2428 = CARTESIAN_POINT ( 'NONE',  ( 15.77045558393072966, -65.90032255721021670, 3.629755415594747348 ) ) ;
#2429 = DIRECTION ( 'NONE',  ( -0.000000000000000000, 0.000000000000000000, -1.000000000000000000 ) ) ;
#2430 = CARTESIAN_POINT ( 'NONE',  ( 9.539679826134513263, -77.00000000000004263, 19.79861844812033311 ) ) ;
#2431 = DIRECTION ( 'NONE',  ( 0.8571673007021104462, 1.049727191138616354E-16, -0.5150380749100574862 ) ) ;
#2432 = EDGE_CURVE ( 'NONE', #4307, #6196, #5320, .T. ) ;
#2433 = ORIENTED_EDGE ( 'NONE', *, *, #5220, .T. ) ;
#2434 = CARTESIAN_POINT ( 'NONE',  ( -7.746784082691729800, -77.77967650617954121, -4.454472283143532607 ) ) ;
#2435 = CARTESIAN_POINT ( 'NONE',  ( -20.06834574779891156, -69.21125006138875335, 5.319563358012241672 ) ) ;
#2436 =( BOUNDED_CURVE ( )  B_SPLINE_CURVE ( 3, ( #1726, #5588, #2819, #4500 ),
 .UNSPECIFIED., .F., .F. ) 
 B_SPLINE_CURVE_WITH_KNOTS ( ( 4, 4 ),
 ( 3.756808014663700845, 5.667969946104235213 ),
 .UNSPECIFIED. ) 
 CURVE ( )  GEOMETRIC_REPRESENTATION_ITEM ( )  RATIONAL_B_SPLINE_CURVE ( ( 1.000000000000000000, 0.7180896067410060812, 0.7180896067410060812, 1.000000000000000000 ) ) 
 REPRESENTATION_ITEM ( '' )  );
#2437 = CARTESIAN_POINT ( 'NONE',  ( 19.41421314457238267, -74.71882411939978397, 19.55246941351315115 ) ) ;
#2438 = CARTESIAN_POINT ( 'NONE',  ( 10.76563052743998838, -77.00000000000004263, 19.30841140871952888 ) ) ;
#2439 = B_SPLINE_CURVE_WITH_KNOTS ( 'NONE', 3,
 ( #1903, #6774, #6227, #5587, #2322, #4055 ),
 .UNSPECIFIED., .F., .F.,
 ( 4, 2, 4 ),
 ( 0.000000000000000000, 0.001561958277399211033, 0.003123916554798422066 ),
 .UNSPECIFIED. ) ;
#2440 = EDGE_LOOP ( 'NONE', ( #7017, #5782, #5023, #1618, #4092 ) ) ;
#2441 = CARTESIAN_POINT ( 'NONE',  ( 25.35890565784024275, -60.00000000000003553, 25.00000000000000000 ) ) ;
#2442 = LINE ( 'NONE', #5125, #552 ) ;
#2443 = CARTESIAN_POINT ( 'NONE',  ( 7.465891482306839855, -77.00000000000004263, 29.27880961244840208 ) ) ;
#2444 = CARTESIAN_POINT ( 'NONE',  ( 11.89271580238532522, -77.00000000000004263, 6.208465292192525631 ) ) ;
#2445 = DIRECTION ( 'NONE',  ( -0.8571673007021104462, 0.000000000000000000, -0.5150380749100574862 ) ) ;
#2446 = CARTESIAN_POINT ( 'NONE',  ( -21.45495460367103391, -58.00528102953264664, 3.499999999999988454 ) ) ;
#2447 = CARTESIAN_POINT ( 'NONE',  ( 3.147311357994788672, -62.93862521537283072, 22.18566940366274665 ) ) ;
#2448 = ORIENTED_EDGE ( 'NONE', *, *, #1503, .T. ) ;
#2449 = SURFACE_STYLE_FILL_AREA ( #3519 ) ;
#2450 = CARTESIAN_POINT ( 'NONE',  ( 21.86567313722191486, -66.31929561351499558, 12.50000000000003908 ) ) ;
#2451 = CARTESIAN_POINT ( 'NONE',  ( -2.628195565100204504E-14, -65.55132282175968328, 2.015502582620257055 ) ) ;
#2452 = DIRECTION ( 'NONE',  ( -1.000000000000000000, 0.000000000000000000, 0.000000000000000000 ) ) ;
#2453 = LINE ( 'NONE', #1419, #6559 ) ;
#2454 = CARTESIAN_POINT ( 'NONE',  ( -15.14209366962322711, -68.66774532492051719, 21.66926611553727611 ) ) ;
#2455 = EDGE_CURVE ( 'NONE', #4502, #2602, #4651, .T. ) ;
#2456 = VERTEX_POINT ( 'NONE', #5921 ) ;
#2457 = ORIENTED_EDGE ( 'NONE', *, *, #64, .T. ) ;
#2458 = CARTESIAN_POINT ( 'NONE',  ( 25.00000000000000000, -60.00000000000003553, 25.00000000000000000 ) ) ;
#2459 = CARTESIAN_POINT ( 'NONE',  ( -14.01195604400236228, -74.10379467004642606, 2.228503352483103050 ) ) ;
#2460 = B_SPLINE_CURVE_WITH_KNOTS ( 'NONE', 3,
 ( #6213, #3615, #6860, #5808 ),
 .UNSPECIFIED., .F., .F.,
 ( 4, 4 ),
 ( 0.05895780229589790700, 0.06795832094713022409 ),
 .UNSPECIFIED. ) ;
#2461 = CARTESIAN_POINT ( 'NONE',  ( 12.90338135548892140, -66.24148277433826593, 3.010922953078926767 ) ) ;
#2462 = DIRECTION ( 'NONE',  ( 0.000000000000000000, 0.000000000000000000, 1.000000000000000000 ) ) ;
#2463 = CARTESIAN_POINT ( 'NONE',  ( -16.52603377690036979, -77.00000000000004263, 15.10729876666240123 ) ) ;
#2464 = CARTESIAN_POINT ( 'NONE',  ( -21.61464733046745224, -74.00000000000004263, 7.613070865666376363 ) ) ;
#2465 = VERTEX_POINT ( 'NONE', #6506 ) ;
#2466 = CARTESIAN_POINT ( 'NONE',  ( -39.06973116712224225, -42.70543649324689284, 1.691919138057193628 ) ) ;
#2467 = CIRCLE ( 'NONE', #1798, 1.700000000000000178 ) ;
#2468 = ADVANCED_FACE ( 'NONE', ( #3204 ), #7042, .T. ) ;
#2469 = CARTESIAN_POINT ( 'NONE',  ( 19.35259342072593469, -66.68867117182006155, 20.35262469512640848 ) ) ;
#2470 = VERTEX_POINT ( 'NONE', #3241 ) ;
#2471 = CARTESIAN_POINT ( 'NONE',  ( 9.539679826134513263, -77.00000000000004263, 19.79861844812033311 ) ) ;
#2472 = ORIENTED_EDGE ( 'NONE', *, *, #2379, .T. ) ;
#2473 = DIRECTION ( 'NONE',  ( -1.000000000000000000, 0.000000000000000000, 0.000000000000000000 ) ) ;
#2474 = CARTESIAN_POINT ( 'NONE',  ( 19.79166666666666785, -60.00000000000004263, 25.00000000000000000 ) ) ;
#2475 = FACE_OUTER_BOUND ( 'NONE', #5401, .T. ) ;
#2476 = CARTESIAN_POINT ( 'NONE',  ( 21.99458211240155237, -63.60466166981182567, 4.702868308307781575 ) ) ;
#2477 = DIRECTION ( 'NONE',  ( 1.330321911110254514E-16, -1.000000000000000000, 0.000000000000000000 ) ) ;
#2478 = CARTESIAN_POINT ( 'NONE',  ( -39.99999999999999289, 56.12808945322262133, 12.50000000000000000 ) ) ;
#2479 = CARTESIAN_POINT ( 'NONE',  ( 1.075474961037393262, -64.26665010704138581, 22.60665250128616321 ) ) ;
#2480 = VERTEX_POINT ( 'NONE', #516 ) ;
#2481 = AXIS2_PLACEMENT_3D ( 'NONE', #3003, #2600, #884 ) ;
#2482 = CARTESIAN_POINT ( 'NONE',  ( -25.08282398096126187, -77.00000000000005684, 17.20009727132844191 ) ) ;
#2483 = CARTESIAN_POINT ( 'NONE',  ( -19.65430195980016492, -74.00000000000004263, 1.256985265841099153 ) ) ;
#2484 = CARTESIAN_POINT ( 'NONE',  ( 22.13333020349538316, -71.85726571640053351, 10.41853363515843256 ) ) ;
#2485 = VECTOR ( 'NONE', #5334, 1000.000000000000000 ) ;
#2486 = CARTESIAN_POINT ( 'NONE',  ( -2.006974279447300002, -60.39582706526271494, 3.528898372026625818 ) ) ;
#2487 = CARTESIAN_POINT ( 'NONE',  ( -36.69859538476072913, 57.05312050061739626, 24.48021721918000182 ) ) ;
#2488 = CARTESIAN_POINT ( 'NONE',  ( 24.64196912394494632, -77.00000000000004263, 6.918193014638942984 ) ) ;
#2489 = CARTESIAN_POINT ( 'NONE',  ( -13.81412485273953017, -72.79704652218308070, 22.63344493483459630 ) ) ;
#2490 = EDGE_LOOP ( 'NONE', ( #581, #4782, #6881, #542 ) ) ;
#2491 = AXIS2_PLACEMENT_3D ( 'NONE', #4835, #1491, #367 ) ;
#2492 = ORIENTED_EDGE ( 'NONE', *, *, #1517, .T. ) ;
#2493 = CARTESIAN_POINT ( 'NONE',  ( 25.88303243258905795, -77.00000000000004263, 10.58958790463211663 ) ) ;
#2494 = CARTESIAN_POINT ( 'NONE',  ( -14.27209426941150383, -60.73350431550835538, 3.504411237454817751 ) ) ;
#2495 = CARTESIAN_POINT ( 'NONE',  ( 13.81412485273783020, -72.79704652218325123, 2.366555065164717586 ) ) ;
#2496 = CARTESIAN_POINT ( 'NONE',  ( -13.64424412175135437, -31.63661590615784291, 12.50000000000000000 ) ) ;
#2497 = CARTESIAN_POINT ( 'NONE',  ( 25.59344066623021163, -77.00000000000004263, 9.417352158018534425 ) ) ;
#2498 = DIRECTION ( 'NONE',  ( -1.330321911110254761E-16, 1.000000000000000000, -0.000000000000000000 ) ) ;
#2499 = ORIENTED_EDGE ( 'NONE', *, *, #816, .F. ) ;
#2500 = AXIS2_PLACEMENT_3D ( 'NONE', #4535, #5040, #2816 ) ;
#2501 = DIRECTION ( 'NONE',  ( 0.8660254037844414832, 0.4999999999999951150, 0.000000000000000000 ) ) ;
#2502 = CARTESIAN_POINT ( 'NONE',  ( 16.90495914152830537, -68.43015586813913842, 21.07471919102362889 ) ) ;
#2503 = CARTESIAN_POINT ( 'NONE',  ( 4.419071297124347097, -77.00000000000004263, 21.03651454970157886 ) ) ;
#2504 = ORIENTED_EDGE ( 'NONE', *, *, #4199, .F. ) ;
#2505 = CARTESIAN_POINT ( 'NONE',  ( 7.018082754724074057, -74.00000000000004263, 20.54548031675608755 ) ) ;
#2506 = VECTOR ( 'NONE', #5463, 1000.000000000000000 ) ;
#2507 = EDGE_LOOP ( 'NONE', ( #152, #3330, #1659, #4480 ) ) ;
#2508 = EDGE_CURVE ( 'NONE', #6515, #6443, #4288, .T. ) ;
#2509 = CARTESIAN_POINT ( 'NONE',  ( -43.49999999999998579, -49.31902001999193885, 20.85786437626905254 ) ) ;
#2510 = CARTESIAN_POINT ( 'NONE',  ( 23.95833333333333570, -60.00000000000004263, 25.00000000000000000 ) ) ;
#2511 = DIRECTION ( 'NONE',  ( -0.000000000000000000, -0.000000000000000000, -1.000000000000000000 ) ) ;
#2512 = DIRECTION ( 'NONE',  ( -0.01950348607398070741, 0.9260633242332213522, 0.3768638129896231259 ) ) ;
#2513 = CARTESIAN_POINT ( 'NONE',  ( 22.98493214369457505, -67.27401745650605847, 6.229395952356497901 ) ) ;
#2514 = CARTESIAN_POINT ( 'NONE',  ( -22.31747927760338612, -74.00000000000004263, 12.50000000000001599 ) ) ;
#2515 = B_SPLINE_CURVE_WITH_KNOTS ( 'NONE', 3,
 ( #2514, #393, #5841, #4243, #5233, #6956, #899 ),
 .UNSPECIFIED., .F., .F.,
 ( 4, 3, 4 ),
 ( 0.0006899994814325816853, 0.008383980808486662245, 0.01666854682477782526 ),
 .UNSPECIFIED. ) ;
#2516 = LINE ( 'NONE', #2411, #6642 ) ;
#2517 = CARTESIAN_POINT ( 'NONE',  ( 3.453110808376733232, -68.08692365686557935, 23.62531611735193948 ) ) ;
#2518 = EDGE_CURVE ( 'NONE', #387, #489, #1094, .T. ) ;
#2519 = EDGE_CURVE ( 'NONE', #960, #7051, #121, .T. ) ;
#2520 = VERTEX_POINT ( 'NONE', #4864 ) ;
#2521 = CARTESIAN_POINT ( 'NONE',  ( -1.465981454082145197, -74.00000000000005684, -4.117647058823530770 ) ) ;
#2522 = CARTESIAN_POINT ( 'NONE',  ( 21.20647657185391921, -74.00000000000001421, 22.62011394231079109 ) ) ;
#2523 = AXIS2_PLACEMENT_3D ( 'NONE', #5421, #4, #6431 ) ;
#2524 = CARTESIAN_POINT ( 'NONE',  ( -4.387663524004434379, -65.48795790200185252, 2.147444570798821228 ) ) ;
#2525 = CARTESIAN_POINT ( 'NONE',  ( 39.99999999999999289, 40.00000000000000711, 25.00000000000000000 ) ) ;
#2526 = DIRECTION ( 'NONE',  ( -1.000000000000000000, 0.000000000000000000, 0.000000000000000000 ) ) ;
#2527 = CARTESIAN_POINT ( 'NONE',  ( -12.10312643694614820, -67.65222204374570936, 22.34908647898155820 ) ) ;
#2528 = CARTESIAN_POINT ( 'NONE',  ( -25.42915365090138380, -77.00000000000004263, 16.26758448493345810 ) ) ;
#2529 = VECTOR ( 'NONE', #6661, 1000.000000000000000 ) ;
#2530 = EDGE_LOOP ( 'NONE', ( #7062, #524, #302, #5122 ) ) ;
#2531 = ORIENTED_EDGE ( 'NONE', *, *, #3257, .T. ) ;
#2532 = CARTESIAN_POINT ( 'NONE',  ( 25.06445558290798203, -57.72388461084813827, -1.554345678593515467 ) ) ;
#2533 = CARTESIAN_POINT ( 'NONE',  ( -15.21300846162363740, -74.00000000000004263, 16.60009969536291052 ) ) ;
#2534 = CARTESIAN_POINT ( 'NONE',  ( 15.80265010053229524, -73.93702560288535608, 3.084929849236517363 ) ) ;
#2535 = CARTESIAN_POINT ( 'NONE',  ( -40.20000000000160867, -44.31902001998943774, 2.576389018814387200 ) ) ;
#2536 = DIRECTION ( 'NONE',  ( 0.000000000000000000, 0.000000000000000000, 1.000000000000000000 ) ) ;
#2537 = CARTESIAN_POINT ( 'NONE',  ( 33.49999999999999289, 46.94257740174915483, 0.000000000000000000 ) ) ;
#2538 = VERTEX_POINT ( 'NONE', #3292 ) ;
#2539 = CARTESIAN_POINT ( 'NONE',  ( 17.98824709114880704, -72.29277505990022235, 20.59575414106177149 ) ) ;
#2540 = CARTESIAN_POINT ( 'NONE',  ( 0.9169528873831194193, -77.00000000000004263, 21.35050488399558688 ) ) ;
#2541 = VERTEX_POINT ( 'NONE', #5011 ) ;
#2542 = ADVANCED_FACE ( 'NONE', ( #6557 ), #3993, .F. ) ;
#2543 = ORIENTED_EDGE ( 'NONE', *, *, #678, .T. ) ;
#2544 = CYLINDRICAL_SURFACE ( 'NONE', #2698, 1.700000000000000178 ) ;
#2545 = CYLINDRICAL_SURFACE ( 'NONE', #5134, 1.700000000000000178 ) ;
#2546 = CARTESIAN_POINT ( 'NONE',  ( 10.73596026948014170, -74.00000000000002842, 1.044212620678621972 ) ) ;
#2547 = CARTESIAN_POINT ( 'NONE',  ( -39.99999999999999289, 55.00000000000000711, 25.00000000000000000 ) ) ;
#2548 = CARTESIAN_POINT ( 'NONE',  ( 22.49220227519137083, -66.09869300196878328, 5.601767857468341383 ) ) ;
#2549 = CARTESIAN_POINT ( 'NONE',  ( 17.39083232939695023, -77.00000000000004263, 11.68874560919673122 ) ) ;
#2550 = CARTESIAN_POINT ( 'NONE',  ( 36.79999999999999716, -44.31902001999193175, 0.000000000000000000 ) ) ;
#2551 = CARTESIAN_POINT ( 'NONE',  ( 3.011440608505841610, -60.36245904620792402, 21.46780182507269430 ) ) ;
#2552 = ORIENTED_EDGE ( 'NONE', *, *, #3188, .F. ) ;
#2553 = CARTESIAN_POINT ( 'NONE',  ( -24.77787623129917449, -77.77967650617954121, 17.41047865230659397 ) ) ;
#2554 = CARTESIAN_POINT ( 'NONE',  ( -21.23287851239886237, -74.00000000000004263, 2.400147823057243279 ) ) ;
#2555 = CIRCLE ( 'NONE', #4364, 1.499999999999999112 ) ;
#2556 = CARTESIAN_POINT ( 'NONE',  ( 36.83188459651035629, -42.34244508500447779, 0.5697582883552075872 ) ) ;
#2557 = LINE ( 'NONE', #4217, #4885 ) ;
#2558 = DIRECTION ( 'NONE',  ( -0.000000000000000000, -0.000000000000000000, -1.000000000000000000 ) ) ;
#2559 = EDGE_CURVE ( 'NONE', #1206, #7087, #6668, .T. ) ;
#2560 = CARTESIAN_POINT ( 'NONE',  ( -15.14362717295705352, -75.33455881345429361, 22.46253710267865600 ) ) ;
#2561 = CARTESIAN_POINT ( 'NONE',  ( -9.473671620594176446, -60.27453931948107169, 21.50000000000001421 ) ) ;
#2562 = ORIENTED_EDGE ( 'NONE', *, *, #3714, .T. ) ;
#2563 = EDGE_LOOP ( 'NONE', ( #4637, #3362, #768, #6202, #1688, #449, #372 ) ) ;
#2564 = CARTESIAN_POINT ( 'NONE',  ( 25.92971761545421572, -77.89877571810218626, 10.70887418831095950 ) ) ;
#2565 = CARTESIAN_POINT ( 'NONE',  ( -16.89984342426829755, -77.00000000000004263, 14.42645200313927845 ) ) ;
#2566 = CARTESIAN_POINT ( 'NONE',  ( 8.429233349919572404, -71.81944725527559115, 0.9897258344530055485 ) ) ;
#2567 = CARTESIAN_POINT ( 'NONE',  ( -39.99999999999997868, -42.31902001999192464, 32.07106781186548261 ) ) ;
#2568 = CARTESIAN_POINT ( 'NONE',  ( 25.99999999999999645, -74.00000000000004263, 12.49999999999999822 ) ) ;
#2569 = CARTESIAN_POINT ( 'NONE',  ( -13.64424412175135437, -60.00000000000003553, 25.00000000000000000 ) ) ;
#2570 = ORIENTED_EDGE ( 'NONE', *, *, #407, .F. ) ;
#2571 = LINE ( 'NONE', #4752, #6513 ) ;
#2572 = CARTESIAN_POINT ( 'NONE',  ( 19.28701520035204098, -60.07331372679431070, 21.41889212146340071 ) ) ;
#2573 = ORIENTED_EDGE ( 'NONE', *, *, #3912, .F. ) ;
#2574 = CARTESIAN_POINT ( 'NONE',  ( 11.89271580238532522, -77.00000000000004263, 6.208465292192525631 ) ) ;
#2575 = DIRECTION ( 'NONE',  ( 0.000000000000000000, -0.000000000000000000, -1.000000000000000000 ) ) ;
#2576 = CARTESIAN_POINT ( 'NONE',  ( 9.772465470676472421, -74.00000000000001421, 0.7720627998266285097 ) ) ;
#2577 = DIRECTION ( 'NONE',  ( 0.000000000000000000, 0.000000000000000000, -1.000000000000000000 ) ) ;
#2578 = DIRECTION ( 'NONE',  ( -1.000000000000000000, 0.000000000000000000, 0.000000000000000000 ) ) ;
#2579 = EDGE_CURVE ( 'NONE', #4289, #5712, #4911, .T. ) ;
#2580 = CARTESIAN_POINT ( 'NONE',  ( -21.54998219735380616, -63.34763145123387318, 4.313064398231665209 ) ) ;
#2581 = CARTESIAN_POINT ( 'NONE',  ( 5.354996126549864677, -64.15791087127834658, 22.44478583773698688 ) ) ;
#2582 = PRODUCT_DEFINITION_CONTEXT ( 'detailed design', #6888, 'design' ) ;
#2583 = CARTESIAN_POINT ( 'NONE',  ( -38.06959150636431843, -42.31243029308821235, 1.103259145183100864 ) ) ;
#2584 = CARTESIAN_POINT ( 'NONE',  ( 35.59054722914289925, 35.39012506701541128, 0.2208346462215987349 ) ) ;
#2585 = CARTESIAN_POINT ( 'NONE',  ( 21.48422781333784215, -65.98746284367685178, 3.861169138781054500 ) ) ;
#2586 = FACE_OUTER_BOUND ( 'NONE', #2530, .T. ) ;
#2587 = CARTESIAN_POINT ( 'NONE',  ( -22.11183528976024348, -70.50405220666660000, 12.49999999999996270 ) ) ;
#2588 = CARTESIAN_POINT ( 'NONE',  ( -12.57260239942753799, -63.60899210144742000, 21.76435597102877750 ) ) ;
#2589 = CARTESIAN_POINT ( 'NONE',  ( -25.59826332794827053, -74.00000000000004263, 9.435546880716984219 ) ) ;
#2590 = EDGE_LOOP ( 'NONE', ( #3051, #5914, #4450, #6689, #5514, #3734, #5392, #4528 ) ) ;
#2591 = CARTESIAN_POINT ( 'NONE',  ( -16.66666666666667496, -60.00000000000004974, 0.000000000000000000 ) ) ;
#2592 = ADVANCED_FACE ( 'NONE', ( #5554 ), #1077, .F. ) ;
#2593 = EDGE_CURVE ( 'NONE', #4151, #3937, #1848, .T. ) ;
#2594 = DIRECTION ( 'NONE',  ( -1.000000000000000000, 0.000000000000000000, 0.000000000000000000 ) ) ;
#2595 = CARTESIAN_POINT ( 'NONE',  ( -17.56915918334683013, -74.00000000000004263, 12.90562719540161396 ) ) ;
#2596 = CARTESIAN_POINT ( 'NONE',  ( 10.72991679976126989, -65.12387115130509585, 2.817763656496420577 ) ) ;
#2597 = CARTESIAN_POINT ( 'NONE',  ( -43.50000000000000000, 55.00000000000000711, 25.00000000000000000 ) ) ;
#2598 = B_SPLINE_CURVE_WITH_KNOTS ( 'NONE', 3,
 ( #5901, #1008, #2115, #4871 ),
 .UNSPECIFIED., .F., .F.,
 ( 4, 4 ),
 ( 0.006938441802050250053, 0.01003869270295034560 ),
 .UNSPECIFIED. ) ;
#2599 = CARTESIAN_POINT ( 'NONE',  ( 25.99999999999999645, -77.00000000000004263, 12.49999999999999822 ) ) ;
#2600 = DIRECTION ( 'NONE',  ( -0.000000000000000000, -0.000000000000000000, -1.000000000000000000 ) ) ;
#2601 = VECTOR ( 'NONE', #4772, 1000.000000000000000 ) ;
#2602 = VERTEX_POINT ( 'NONE', #2829 ) ;
#2603 = CARTESIAN_POINT ( 'NONE',  ( -43.16434274845354224, 55.11505940661010072, 7.344990069310060932 ) ) ;
#2604 = EDGE_CURVE ( 'NONE', #7087, #2456, #4898, .T. ) ;
#2605 = EDGE_CURVE ( 'NONE', #4723, #1472, #3806, .T. ) ;
#2606 = FILL_AREA_STYLE ('',( #3139 ) ) ;
#2607 = VECTOR ( 'NONE', #3462, 1000.000000000000000 ) ;
#2608 = CARTESIAN_POINT ( 'NONE',  ( 20.26798658114208251, -58.63618827283382728, 21.71958811734602435 ) ) ;
#2609 = EDGE_LOOP ( 'NONE', ( #2573, #625 ) ) ;
#2610 = ORIENTED_EDGE ( 'NONE', *, *, #2974, .F. ) ;
#2611 = VECTOR ( 'NONE', #3005, 999.9999999999998863 ) ;
#2612 = CARTESIAN_POINT ( 'NONE',  ( 16.69887295139419336, -74.00000000000004263, 10.17855748225238166 ) ) ;
#2613 = CARTESIAN_POINT ( 'NONE',  ( -39.99999999999998579, -31.63661590615785002, 21.50000000000000000 ) ) ;
#2614 = CARTESIAN_POINT ( 'NONE',  ( -38.49999999999998579, 50.00000000000000711, 17.00000000000000000 ) ) ;
#2615 = CARTESIAN_POINT ( 'NONE',  ( 19.13994069063507553, -74.00000000000008527, 5.199333254285536832 ) ) ;
#2616 = CARTESIAN_POINT ( 'NONE',  ( 40.00000000000000711, -46.31902001999192464, 3.499999999999999556 ) ) ;
#2617 = LINE ( 'NONE', #6852, #3650 ) ;
#2618 = CARTESIAN_POINT ( 'NONE',  ( -21.85017999398596800, -70.31672918955351292, 7.935600897247490515 ) ) ;
#2619 = CARTESIAN_POINT ( 'NONE',  ( 8.256662136069403246, -70.52672584433923930, 23.72185343692548898 ) ) ;
#2620 = AXIS2_PLACEMENT_3D ( 'NONE', #252, #6748, #1846 ) ;
#2621 = CARTESIAN_POINT ( 'NONE',  ( -23.91533722709288767, -77.00000000000004263, 19.40688617464219590 ) ) ;
#2622 = CARTESIAN_POINT ( 'NONE',  ( 39.98008929001272094, 35.86436165869900350, 2.382833848072607008 ) ) ;
#2623 = CARTESIAN_POINT ( 'NONE',  ( 38.68627997701629084, -42.62925679096758103, 1.450000000000001510 ) ) ;
#2624 = CARTESIAN_POINT ( 'NONE',  ( -38.49999999999998579, -44.31902001999193175, 12.50000000000000000 ) ) ;
#2625 = CARTESIAN_POINT ( 'NONE',  ( -21.86567313722191841, -66.31929561351499558, 13.94421563588408475 ) ) ;
#2626 = CARTESIAN_POINT ( 'NONE',  ( -9.358926424364375052, -70.47417954894770276, 23.49155986443065913 ) ) ;
#2627 = CARTESIAN_POINT ( 'NONE',  ( 0.000000000000000000, -74.00000000000004263, 12.50000000000000000 ) ) ;
#2628 = ORIENTED_EDGE ( 'NONE', *, *, #890, .F. ) ;
#2629 = FACE_OUTER_BOUND ( 'NONE', #123, .T. ) ;
#2630 = FACE_OUTER_BOUND ( 'NONE', #1037, .T. ) ;
#2631 = CARTESIAN_POINT ( 'NONE',  ( 9.730882264681600446, -73.06469910369654031, 0.9844967426111549402 ) ) ;
#2632 = CARTESIAN_POINT ( 'NONE',  ( 25.00000000000000000, -60.00000000000003553, 14.58333333333334814 ) ) ;
#2633 = CARTESIAN_POINT ( 'NONE',  ( -24.08550133035964436, -60.74781782528541640, 20.97127122052491188 ) ) ;
#2634 = VECTOR ( 'NONE', #5128, 1000.000000000000000 ) ;
#2635 = ADVANCED_FACE ( 'NONE', ( #6523, #4972 ), #1657, .F. ) ;
#2636 = ORIENTED_EDGE ( 'NONE', *, *, #1650, .F. ) ;
#2637 = CARTESIAN_POINT ( 'NONE',  ( 22.01694537661041551, -74.00000000000004263, 3.191705906947995608 ) ) ;
#2638 = CARTESIAN_POINT ( 'NONE',  ( -21.45495460367103391, -58.00528102953264664, 3.499999999999988454 ) ) ;
#2639 = CARTESIAN_POINT ( 'NONE',  ( -21.49077775195247497, -59.52946844029274587, 21.50000000000000000 ) ) ;
#2641 = EDGE_CURVE ( 'NONE', #2237, #6443, #1110, .T. ) ;
#2640 = CARTESIAN_POINT ( 'NONE',  ( 21.44041873373562979, -68.91082968811004150, 19.02304469394875497 ) ) ;
#2642 = ORIENTED_EDGE ( 'NONE', *, *, #91, .T. ) ;
#2643 = VERTEX_POINT ( 'NONE', #5408 ) ;
#2644 = CARTESIAN_POINT ( 'NONE',  ( 5.622376121350016298, -74.00000000000004263, 4.164937567972038401 ) ) ;
#2645 = CARTESIAN_POINT ( 'NONE',  ( 22.94826103524158611, -77.00000000000004263, 4.239442201779479724 ) ) ;
#2646 = CARTESIAN_POINT ( 'NONE',  ( -17.74748603729673491, -74.00000000000004263, 12.50000000000002132 ) ) ;
#2647 = DIRECTION ( 'NONE',  ( -1.000000000000000000, 0.000000000000000000, 0.000000000000000000 ) ) ;
#2648 = DIRECTION ( 'NONE',  ( -0.8571673007021104462, 0.000000000000000000, -0.5150380749100574862 ) ) ;
#2649 = ADVANCED_FACE ( 'NONE', ( #497 ), #2689, .F. ) ;
#2650 = CARTESIAN_POINT ( 'NONE',  ( -24.64196912394494987, -77.00000000000004263, 18.08180698536105169 ) ) ;
#2651 = CARTESIAN_POINT ( 'NONE',  ( 10.11872895088149349, -75.65164016630478727, 24.54142838814084016 ) ) ;
#2652 = VECTOR ( 'NONE', #5967, 1000.000000000000000 ) ;
#2653 = EDGE_CURVE ( 'NONE', #722, #5852, #798, .T. ) ;
#2654 = CARTESIAN_POINT ( 'NONE',  ( -38.54484822896141338, -42.52735557293751611, 1.364209983268853899 ) ) ;
#2655 = CARTESIAN_POINT ( 'NONE',  ( 39.41647320253005660, 36.43517493668340990, 1.937417323383777923 ) ) ;
#2656 = CARTESIAN_POINT ( 'NONE',  ( 5.802520853767684450, -74.00000000000004263, 28.73440408133582125 ) ) ;
#2657 = CARTESIAN_POINT ( 'NONE',  ( 25.85653253340102253, -77.00000000000004263, 10.60372020098051848 ) ) ;
#2658 = CARTESIAN_POINT ( 'NONE',  ( -21.79673559039147790, -68.94074578141371035, 17.48011414135955732 ) ) ;
#2659 = CARTESIAN_POINT ( 'NONE',  ( -7.169563502623666373, -61.45016505245066440, 21.72898316717773071 ) ) ;
#2660 = EDGE_CURVE ( 'NONE', #3583, #2324, #5706, .T. ) ;
#2661 = CARTESIAN_POINT ( 'NONE',  ( -39.99999999999999289, 56.12808945322262133, 12.50000000000000000 ) ) ;
#2662 = AXIS2_PLACEMENT_3D ( 'NONE', #4121, #881, #4715 ) ;
#2663 = EDGE_LOOP ( 'NONE', ( #5034, #5254, #6472, #6985 ) ) ;
#2664 = CARTESIAN_POINT ( 'NONE',  ( -25.01247793074002601, -59.40752366131754769, -0.2411097451536483860 ) ) ;
#2665 = CARTESIAN_POINT ( 'NONE',  ( 40.00000000000000711, -47.29829407782838757, 25.00000000000000000 ) ) ;
#2666 = CARTESIAN_POINT ( 'NONE',  ( -25.00000000000000000, -60.00000000000003553, -0.3886993953833807747 ) ) ;
#2667 = CARTESIAN_POINT ( 'NONE',  ( 9.544904344521697226, -71.76943932632219969, 1.246468439089960745 ) ) ;
#2668 = CARTESIAN_POINT ( 'NONE',  ( 25.00000000000000000, -60.00000000000003553, 16.66666666666668206 ) ) ;
#2669 = CARTESIAN_POINT ( 'NONE',  ( -25.00000000000000000, -60.00000000000003553, 12.50000000000000000 ) ) ;
#2670 = DIRECTION ( 'NONE',  ( -1.553732654557586955E-16, 1.000000000000000000, 0.000000000000000000 ) ) ;
#2671 = ORIENTED_EDGE ( 'NONE', *, *, #3167, .F. ) ;
#2672 = CARTESIAN_POINT ( 'NONE',  ( -40.28715172583351745, 56.04167941654107921, 2.648798046072913692 ) ) ;
#2673 = B_SPLINE_CURVE_WITH_KNOTS ( 'NONE', 3,
 ( #2356, #5546, #6110, #2858, #5692, #1292 ),
 .UNSPECIFIED., .F., .F.,
 ( 4, 2, 4 ),
 ( 0.005806487271370147640, 0.008289726156624483214, 0.01077296504187881879 ),
 .UNSPECIFIED. ) ;
#2674 = CARTESIAN_POINT ( 'NONE',  ( -39.99999999999998579, -46.31902001999193175, 21.50000000000000000 ) ) ;
#2675 = PRODUCT_RELATED_PRODUCT_CATEGORY ( 'part', '', ( #754 ) ) ;
#2676 = CARTESIAN_POINT ( 'NONE',  ( 21.14947223478090876, -71.60845880771118743, 6.470724782154044341 ) ) ;
#2677 = DIRECTION ( 'NONE',  ( 0.000000000000000000, 0.000000000000000000, 1.000000000000000000 ) ) ;
#2678 = LINE ( 'NONE', #4853, #2085 ) ;
#2679 = CARTESIAN_POINT ( 'NONE',  ( 21.92344880527518214, -72.67768279226847028, 17.48578240176936305 ) ) ;
#2680 = EDGE_LOOP ( 'NONE', ( #563, #6830, #2863, #2642, #5115, #6253, #3689, #6844, #2504, #3461, #929, #3077, #3445, #5177 ) ) ;
#2681 = EDGE_LOOP ( 'NONE', ( #1144, #6727, #1696 ) ) ;
#2682 = CARTESIAN_POINT ( 'NONE',  ( 16.85400159180968416, -74.00000000000004263, 10.47273313003693751 ) ) ;
#2683 = CARTESIAN_POINT ( 'NONE',  ( 24.62554863791277171, -77.77967650617952700, 7.235484341623002358 ) ) ;
#2684 = FACE_OUTER_BOUND ( 'NONE', #1768, .T. ) ;
#2685 = EDGE_CURVE ( 'NONE', #2480, #2026, #1253, .T. ) ;
#2686 = EDGE_CURVE ( 'NONE', #6337, #4151, #6922, .T. ) ;
#2687 = CARTESIAN_POINT ( 'NONE',  ( -17.45018966863411691, -62.98620020237108719, 3.825867096359561792 ) ) ;
#2688 = DIRECTION ( 'NONE',  ( -0.000000000000000000, -0.000000000000000000, -1.000000000000000000 ) ) ;
#2689 = PLANE ( 'NONE',  #920 ) ;
#2690 = CARTESIAN_POINT ( 'NONE',  ( 10.60611371668511360, -71.70806146068760256, 23.46262017092694663 ) ) ;
#2691 = EDGE_LOOP ( 'NONE', ( #533, #1687, #3844, #1132 ) ) ;
#2692 = CARTESIAN_POINT ( 'NONE',  ( -25.17945282892014802, -60.00000000000003553, 25.00000000000000000 ) ) ;
#2693 = CARTESIAN_POINT ( 'NONE',  ( 39.57568602117950718, 36.32005674638592296, 2.056705095140158868 ) ) ;
#2694 = EDGE_CURVE ( 'NONE', #177, #2214, #3319, .T. ) ;
#2695 = LINE ( 'NONE', #5414, #3639 ) ;
#2696 = CARTESIAN_POINT ( 'NONE',  ( -25.59826332794564507, -74.00000000000004263, 15.56445311930088415 ) ) ;
#2697 = CARTESIAN_POINT ( 'NONE',  ( -21.76591886413030608, -66.23514270058647924, 16.82999400131073386 ) ) ;
#2698 = AXIS2_PLACEMENT_3D ( 'NONE', #4757, #6340, #1439 ) ;
#2699 = CARTESIAN_POINT ( 'NONE',  ( -7.765493409429374161, -66.64285785933522277, 22.86080553967956419 ) ) ;
#2700 = FACE_OUTER_BOUND ( 'NONE', #5589, .T. ) ;
#2701 = VERTEX_POINT ( 'NONE', #5335 ) ;
#2702 = CARTESIAN_POINT ( 'NONE',  ( 21.50891913036362624, -70.06181992586608942, 19.32035157223340605 ) ) ;
#2703 = CARTESIAN_POINT ( 'NONE',  ( -9.856188008251770327, -74.00000000000004263, -8.435108819089814247 ) ) ;
#2704 = CARTESIAN_POINT ( 'NONE',  ( 12.28334177505658253, -75.54567998389057948, 1.216285252232952141 ) ) ;
#2705 = CARTESIAN_POINT ( 'NONE',  ( 25.42438655634696687, -77.00000000000005684, 8.717090104463979472 ) ) ;
#2706 = CARTESIAN_POINT ( 'NONE',  ( -20.66132021255351248, -70.40707803175273227, 19.14315538317763910 ) ) ;
#2707 = VERTEX_POINT ( 'NONE', #6345 ) ;
#2708 = DIRECTION ( 'NONE',  ( 0.5000000000000012212, 0.8660254037844380415, -0.000000000000000000 ) ) ;
#2709 = DIRECTION ( 'NONE',  ( -0.000000000000000000, -0.000000000000000000, -1.000000000000000000 ) ) ;
#2710 = CARTESIAN_POINT ( 'NONE',  ( 21.03868674601103805, -65.06512762875645706, 4.862164790998111386 ) ) ;
#2711 = CARTESIAN_POINT ( 'NONE',  ( -19.13994069063537751, -74.00000000000000000, 19.80066674571423135 ) ) ;
#2712 = CARTESIAN_POINT ( 'NONE',  ( 19.24043152249019073, -58.76299595831185485, 21.67001708952564343 ) ) ;
#2713 = ORIENTED_EDGE ( 'NONE', *, *, #101, .T. ) ;
#2714 = VERTEX_POINT ( 'NONE', #429 ) ;
#2715 = CIRCLE ( 'NONE', #1928, 2.499999999999995115 ) ;
#2716 = CARTESIAN_POINT ( 'NONE',  ( 20.83333333333333925, -60.00000000000004263, 0.000000000000000000 ) ) ;
#2717 = CARTESIAN_POINT ( 'NONE',  ( -18.19431433158280242, -74.95105543725286168, 4.472904064817647907 ) ) ;
#2718 = DIRECTION ( 'NONE',  ( 1.000000000000000000, 0.000000000000000000, 0.000000000000000000 ) ) ;
#2719 = CARTESIAN_POINT ( 'NONE',  ( 9.696565293770069260, -65.20259229393352030, 22.31834054193959815 ) ) ;
#2720 = EDGE_CURVE ( 'NONE', #352, #4723, #2617, .T. ) ;
#2721 = VERTEX_POINT ( 'NONE', #6306 ) ;
#2722 = CARTESIAN_POINT ( 'NONE',  ( 6.153061036717906163, -77.00000000000005684, 29.53463352733636071 ) ) ;
#2723 = CARTESIAN_POINT ( 'NONE',  ( 38.06902573842865678, 37.00681526736261162, 1.102956011527568059 ) ) ;
#2724 = CARTESIAN_POINT ( 'NONE',  ( -24.64196912394494987, -77.00000000000004263, 18.08180698536105169 ) ) ;
#2725 = LINE ( 'NONE', #6565, #314 ) ;
#2726 = CARTESIAN_POINT ( 'NONE',  ( -21.60374486234518798, -66.09558617792738744, 19.70792056776039303 ) ) ;
#2727 = AXIS2_PLACEMENT_3D ( 'NONE', #1779, #5608, #4366 ) ;
#2728 = CARTESIAN_POINT ( 'NONE',  ( -10.72991679976339086, -65.12387115130491111, 22.18223634350327345 ) ) ;
#2729 = EDGE_CURVE ( 'NONE', #6663, #1356, #2515, .T. ) ;
#2730 = ORIENTED_EDGE ( 'NONE', *, *, #5670, .T. ) ;
#2731 = CARTESIAN_POINT ( 'NONE',  ( -24.62554863791277171, -77.77967650617952700, 7.235484341622999693 ) ) ;
#2732 = CARTESIAN_POINT ( 'NONE',  ( 21.90362439758017743, -71.69271259767650406, 16.64868406414755952 ) ) ;
#2733 = CARTESIAN_POINT ( 'NONE',  ( -24.86611085946165645, -57.72388461084814537, 10.26562834597238449 ) ) ;
#2734 = CARTESIAN_POINT ( 'NONE',  ( 2.052079450842660968, -61.68180549946139735, 3.157534369188805812 ) ) ;
#2735 = CARTESIAN_POINT ( 'NONE',  ( -16.90074604261724645, -77.00000000000008527, -0.8184484895928881842 ) ) ;
#2736 = CARTESIAN_POINT ( 'NONE',  ( 24.88177154653316592, -57.72388461084814537, 16.96875465205359745 ) ) ;
#2737 = CARTESIAN_POINT ( 'NONE',  ( -23.23072555865660505, -65.95717702881080413, 19.18073452734438789 ) ) ;
#2738 = DIRECTION ( 'NONE',  ( -1.553732654557586955E-16, 1.000000000000000000, 0.000000000000000000 ) ) ;
#2739 = ORIENTED_EDGE ( 'NONE', *, *, #341, .T. ) ;
#2740 = EDGE_LOOP ( 'NONE', ( #234, #1651 ) ) ;
#2741 = CARTESIAN_POINT ( 'NONE',  ( -38.88236239064617195, 51.66814704820282600, 1.568940151538428918 ) ) ;
#2742 = CARTESIAN_POINT ( 'NONE',  ( 39.65037186325145768, -43.06336774608512741, 2.114516534170169049 ) ) ;
#2743 = CARTESIAN_POINT ( 'NONE',  ( -5.237572862556532982, -62.86618440529694141, 2.884870545268273023 ) ) ;
#2744 = VECTOR ( 'NONE', #4659, 1000.000000000000000 ) ;
#2745 = CARTESIAN_POINT ( 'NONE',  ( 17.37202824585859062, -73.73557537214237811, 3.984242808685020787 ) ) ;
#2746 = CARTESIAN_POINT ( 'NONE',  ( -17.50307347795924073, -74.00000000000008527, 20.94436505221391442 ) ) ;
#2747 = CARTESIAN_POINT ( 'NONE',  ( -21.46532545357950639, -57.81956861129071257, 2.464651951865179047 ) ) ;
#2748 = DIRECTION ( 'NONE',  ( 0.000000000000000000, 0.000000000000000000, 1.000000000000000000 ) ) ;
#2749 = EDGE_LOOP ( 'NONE', ( #3752, #3143, #3217, #4700 ) ) ;
#2750 = AXIS2_PLACEMENT_3D ( 'NONE', #6659, #1867, #6226 ) ;
#2751 = VERTEX_POINT ( 'NONE', #1520 ) ;
#2752 = CARTESIAN_POINT ( 'NONE',  ( 17.56915918334685145, -74.00000000000004263, 12.09437280459833453 ) ) ;
#2753 = CARTESIAN_POINT ( 'NONE',  ( 38.23313183190629871, 43.90224853907936620, 1.185603785184826453 ) ) ;
#2754 = CARTESIAN_POINT ( 'NONE',  ( -19.35178423752188692, -68.02047447423588267, 4.826391722947950491 ) ) ;
#2755 = DIRECTION ( 'NONE',  ( 0.8660254037844414832, 0.4999999999999951150, 0.000000000000000000 ) ) ;
#2756 = CARTESIAN_POINT ( 'NONE',  ( 11.27679019662249083, -69.04206929090288725, 22.76890166214769451 ) ) ;
#2757 = ORIENTED_EDGE ( 'NONE', *, *, #2579, .F. ) ;
#2758 = CARTESIAN_POINT ( 'NONE',  ( -11.80860400651024555, -77.00000000000004263, 28.12153036022160890 ) ) ;
#2759 = CARTESIAN_POINT ( 'NONE',  ( 17.56923431409021674, -74.00000000000004263, 12.09434571898642119 ) ) ;
#2760 = CARTESIAN_POINT ( 'NONE',  ( 21.49077775195247497, -59.52946844029276008, 3.500000000000001776 ) ) ;
#2761 = CARTESIAN_POINT ( 'NONE',  ( -43.50000000000000000, 55.00000000000000711, 25.00000000000000000 ) ) ;
#2762 = CARTESIAN_POINT ( 'NONE',  ( 21.61464733046765119, -73.99999999998109956, 17.38692913434001497 ) ) ;
#2763 = CARTESIAN_POINT ( 'NONE',  ( -11.20103536297409086, -75.59866007509745600, 24.16257156795228767 ) ) ;
#2764 = ORIENTED_EDGE ( 'NONE', *, *, #5221, .T. ) ;
#2765 = DIRECTION ( 'NONE',  ( 0.8660254037844414832, 0.4999999999999951705, -0.000000000000000000 ) ) ;
#2766 = CARTESIAN_POINT ( 'NONE',  ( 22.28906030310420405, -74.63620421915165082, 14.13581041173918607 ) ) ;
#2767 = CARTESIAN_POINT ( 'NONE',  ( -25.00000000000000000, -60.00000000000003553, 10.41666666666666252 ) ) ;
#2768 = EDGE_CURVE ( 'NONE', #5761, #2264, #2048, .T. ) ;
#2769 = CARTESIAN_POINT ( 'NONE',  ( 4.101851172645055499, -61.61990704827208276, 3.189753643660981908 ) ) ;
#2770 = CARTESIAN_POINT ( 'NONE',  ( 20.62003650863891835, -77.00000000000005684, 1.815592449411322473 ) ) ;
#2771 = CARTESIAN_POINT ( 'NONE',  ( 25.42438655634696687, -77.00000000000004263, 16.28290989553600454 ) ) ;
#2772 = CARTESIAN_POINT ( 'NONE',  ( -21.29494548426074729, -70.25964424791001761, 18.77615995589613362 ) ) ;
#2773 = VERTEX_POINT ( 'NONE', #3084 ) ;
#2774 = VERTEX_POINT ( 'NONE', #4795 ) ;
#2775 = CARTESIAN_POINT ( 'NONE',  ( -39.86244973789825963, 51.03680648918597740, 2.283019160456116747 ) ) ;
#2776 = FACE_OUTER_BOUND ( 'NONE', #2440, .T. ) ;
#2777 = CARTESIAN_POINT ( 'NONE',  ( -7.747895389472475358, -75.72870601436463289, -0.1519203200185440528 ) ) ;
#2778 = CARTESIAN_POINT ( 'NONE',  ( 13.54216473939276000, -74.00000000000005684, 2.029199204809569945 ) ) ;
#2779 = CARTESIAN_POINT ( 'NONE',  ( 17.24518986934931064, -72.41064672805481450, 3.981487023096060174 ) ) ;
#2780 = CARTESIAN_POINT ( 'NONE',  ( -9.772465470677829558, -74.00000000000001421, 24.22793720017300600 ) ) ;
#2781 = CIRCLE ( 'NONE', #5527, 2.499999999999995115 ) ;
#2782 = CARTESIAN_POINT ( 'NONE',  ( -21.96112556548719752, -73.06509426449423472, 8.782482931179169228 ) ) ;
#2783 = LINE ( 'NONE', #2247, #4993 ) ;
#2784 = EDGE_LOOP ( 'NONE', ( #1844, #5432, #4385, #1512, #1803, #4556 ) ) ;
#2785 = VERTEX_POINT ( 'NONE', #4171 ) ;
#2786 = CARTESIAN_POINT ( 'NONE',  ( 22.38017953614120614, -77.00000000000005684, 3.555844014324569091 ) ) ;
#2787 = CARTESIAN_POINT ( 'NONE',  ( -17.67205243912760793, -66.96931725823445447, 4.140880290828637733 ) ) ;
#2788 = EDGE_CURVE ( 'NONE', #6269, #2465, #6377, .T. ) ;
#2789 = DIRECTION ( 'NONE',  ( -1.553732654557586955E-16, 1.000000000000000000, 0.000000000000000000 ) ) ;
#2790 = CARTESIAN_POINT ( 'NONE',  ( 10.22432474606739561, -61.19210996540003578, 21.62549704686054497 ) ) ;
#2791 = ORIENTED_EDGE ( 'NONE', *, *, #4072, .F. ) ;
#2792 = CARTESIAN_POINT ( 'NONE',  ( -5.123743942441844723, -59.40752366131756190, 24.85156257324692319 ) ) ;
#2793 = CARTESIAN_POINT ( 'NONE',  ( 25.86412541772803664, -77.00000000000004263, 14.56453022370021522 ) ) ;
#2794 = B_SPLINE_SURFACE_WITH_KNOTS ( 'NONE', 3, 3, ( 
 ( #7012, #1027, #446, #3202, #4847, #7041, #2737, #6505, #5390, #1093, #2633, #4919, #10 ),
 ( #2132, #2099, #2168, #3824, #4296, #478, #1610, #3759, #5991, #5959, #4337, #1714, #6066 ),
 ( #5355, #1060, #3240, #2772, #549, #4953, #2201, #5459, #4259, #4409, #5425, #515, #3274 ),
 ( #3170, #1637, #2236, #2706, #4884, #7079, #6541, #3791, #4372, #6576, #6029, #41, #1129 ),
 ( #3312, #5500, #588, #6611, #3864, #6798, #2806, #1786, #1318, #622, #5103, #2347, #2385 ),
 ( #3900, #3974, #4990, #1284, #3421, #159, #4565, #4047, #195, #5615, #3347, #81, #2922 ),
 ( #2847, #4526, #231, #5537, #2272, #1894, #4448, #5572, #6650, #3493, #3459, #1749, #1169 ),
 ( #5652, #5686, #3936, #6101, #6139, #4015, #1825, #741, #6763, #1204, #1859, #704, #775 ),
 ( #2958, #6218, #3384, #6178, #664, #5142, #5030, #1243, #2421, #4601, #6687, #120, #2311 ),
 ( #4487, #2888, #5068, #6724, #5277, #369, #6286, #811, #3095, #1961, #4180, #6389, #6866 ),
 ( #265, #5850, #5310, #4635, #402, #2454, #336, #4707, #1993, #6829, #1926, #1493, #4148 ),
 ( #2560, #4081, #6931, #874, #1386, #3621, #3656, #3060, #1355, #5721, #4670, #6354, #3557 ),
 ( #2057, #2992, #2489, #1454, #5749, #6901, #5779, #844, #3590, #2588, #5176, #3023, #5208 ),
 ( #5243, #4740, #5813, #947, #2024, #301, #2527, #3524, #4115, #6320, #3126, #911, #1420 ),
 ( #4771, #6967, #6252, #1052, #1528, #541, #33, #5417, #2728, #508, #1561, #4804, #3267 ),
 ( #2763, #4363, #5450, #3687, #4909, #4943, #1, #2192, #3232, #1119, #4219, #438, #579 ),
 ( #5489, #3784, #5912, #5345, #2626, #5881, #7001, #985, #2091, #3715, #1016, #5984, #468 ),
 ( #2159, #3159, #1085, #6567, #6427, #3194, #4250, #2699, #1665, #5382, #6459, #2659, #4838 ),
 ( #7033, #4874, #2125, #4284, #7070, #6496, #1600, #3750, #3815, #1631, #6019, #3303, #6533 ),
 ( #5950, #4326, #6091, #2338, #5129, #2227, #694, #1310, #3374, #3855, #652, #3451, #2913 ),
 ( #2373, #6678, #71, #150, #3486, #6714, #2263, #6130, #6602, #5643, #4401, #3412, #732 ),
 ( #6169, #5606, #5094, #5526, #4981, #5060, #6058, #4515, #4479, #1232, #185, #1704, #1276 ),
 ( #1159, #3337, #3965, #614, #3891, #2880, #5676, #2798, #4439, #2948, #1815, #6641, #766 ),
 ( #4554, #2838, #6210, #6754, #1776, #1851, #4007, #1194, #3925, #1741, #5564, #5021, #110 ),
 ( #2303, #6379, #5235, #1484, #3649, #360, #6244, #224, #4106, #4592, #3612, #3117, #1411 ),
 ( #6789, #4140, #3581, #1445, #3515, #2984, #3050, #4040, #327, #2479, #6308, #5803, #2412 ),
 ( #4661, #1886, #1344, #1983, #5710, #1916, #5772, #5844, #801, #5167, #939, #865, #257 ),
 ( #902, #3086, #834, #4173, #6347, #6854, #2517, #5268, #6275, #1950, #2447, #4627, #2551 ),
 ( #3015, #6821, #4070, #4697, #1377, #3548, #4732, #5742, #5199, #6924, #6892, #292, #2018 ),
 ( #1658, #5302, #6558, #4865, #6995, #6421, #1522, #6958, #3680, #2581, #5873, #4797, #2084 ),
 ( #1552, #5337, #3224, #4764, #7059, #2149, #3807, #4244, #2050, #4275, #5976, #6451, #977 ),
 ( #395, #4211, #3709, #5409, #2619, #3152, #1111, #431, #5903, #499, #1009, #5941, #4830 ),
 ( #2651, #4355, #3186, #5375, #462, #7027, #2116, #6524, #3743, #3258, #4316, #6486, #1592 ),
 ( #1078, #1046, #5441, #2690, #1624, #3777, #6011, #531, #2719, #4900, #7095, #2184, #3329 ),
 ( #569, #5050, #140, #1843, #2256, #2756, #2293, #3956, #63, #1694, #6047, #2790, #6121 ),
 ( #4468, #3998, #6200, #6669, #5479, #1150, #4430, #2904, #685, #5086, #2871, #5594, #4393 ),
 ( #4973, #6632, #3404, #3293, #4935, #1767, #2365, #1732, #5518, #606, #25, #2218, #2329 ),
 ( #6593, #176, #3916, #4544, #1223, #3882, #6083, #3366, #1187, #3843, #5555, #642, #3443 ),
 ( #4506, #6706, #1807, #2830, #5012, #6160, #102, #1266, #5635, #721, #6744, #4163, #316 ),
 ( #3569, #5667, #2007, #1301, #5763, #5791, #1908, #6233, #4059, #4128, #1940, #1399, #855 ),
 ( #6880, #824, #891, #3006, #3074, #2502, #759, #6300, #3476, #6336, #1875, #6267, #3038 ),
 ( #349, #5222, #2539, #4719, #1435, #214, #2939, #1973, #5190, #5255, #5120, #4583, #6915 ),
 ( #2402, #4683, #2975, #6780, #4032, #1332, #3506, #5699, #791, #5159, #3603, #246, #1369 ),
 ( #2437, #4618, #6813, #3540, #5735, #280, #2469, #4648, #6842, #4094, #7085, #2572, #2712 ),
 ( #523, #5929, #964, #386, #4754, #928, #6947, #3637, #2039, #5863, #3141, #1036, #2608 ),
 ( #4265, #5830, #3213, #5398, #4892, #5326, #3107, #5366, #7049, #419, #4198, #6409, #4787 ),
 ( #1510, #453, #2177, #6367, #2640, #1469, #3669, #6983, #5968, #3732, #1069, #488, #1581 ),
 ( #5291, #2073, #4234, #6477, #6441, #1542, #4819, #5431, #3699, #5893, #999, #3176, #7016 ),
 ( #2106, #2679, #3249, #4854, #2140, #4305, #6514, #1616, #3769, #3834, #2899, #6003, #4966 ) ),
 .UNSPECIFIED., .F., .F., .F.,
 ( 4, 3, 3, 3, 3, 3, 3, 3, 3, 3, 3, 3, 3, 3, 3, 3, 4 ),
 ( 4, 3, 3, 3, 4 ),
 ( 0.01342630494355805289, 0.07424801682560437655, 0.1350697287076506881, 0.1958914405896969857, 0.2567131524717433111, 0.3175348643537896365, 0.3783565762358359619, 0.4391782881178822873, 0.4999999999999286127, 0.5608217118819749381, 0.6216434237640212634, 0.6824651356460675888, 0.7432868475281139142, 0.8041085594101602396, 0.8649302712922065650, 0.9257519831742528904, 0.9865736950562992158 ),
 ( 0.1269927996743403509, 0.3536997493305229501, 0.5804066989867056048, 0.8071136486428882595, 1.033820598299070914 ),
 .UNSPECIFIED. ) ;
#2795 = CARTESIAN_POINT ( 'NONE',  ( 14.20351202541158386, -60.00000000000013500, 21.50000000000000000 ) ) ;
#2796 = DIRECTION ( 'NONE',  ( -0.000000000000000000, -0.000000000000000000, -1.000000000000000000 ) ) ;
#2797 = CARTESIAN_POINT ( 'NONE',  ( -35.58967077396386003, 50.38550440587150803, 0.2206474689809055367 ) ) ;
#2798 = CARTESIAN_POINT ( 'NONE',  ( -2.256339419009158576, -66.82414269559693309, 23.32934130502394154 ) ) ;
#2799 = ORIENTED_EDGE ( 'NONE', *, *, #2914, .F. ) ;
#2800 = CARTESIAN_POINT ( 'NONE',  ( -24.51858991215563321, -77.00000000000004263, 6.671434591060299901 ) ) ;
#2801 = CARTESIAN_POINT ( 'NONE',  ( 21.37334883214526116, -57.94978242721189332, 14.50610314969349979 ) ) ;
#2802 = CARTESIAN_POINT ( 'NONE',  ( -24.53643888760429093, -77.89877571810217205, 17.86870061166760237 ) ) ;
#2803 = CARTESIAN_POINT ( 'NONE',  ( 5.982619982725029928, -70.60936813190387795, 0.9007568205527770600 ) ) ;
#2804 = CARTESIAN_POINT ( 'NONE',  ( -13.39192060796728256, -77.00000000000007105, -2.517809811595384417 ) ) ;
#2805 = CARTESIAN_POINT ( 'NONE',  ( 16.63307363107859871, -59.85057281903092274, 3.499999999999995559 ) ) ;
#2806 = CARTESIAN_POINT ( 'NONE',  ( -20.16261887503479144, -66.54152489061718256, 20.10420381690635949 ) ) ;
#2807 = EDGE_CURVE ( 'NONE', #4425, #4165, #3115, .T. ) ;
#2808 = VERTEX_POINT ( 'NONE', #3646 ) ;
#2809 = EDGE_CURVE ( 'NONE', #5722, #4806, #418, .T. ) ;
#2810 = ORIENTED_EDGE ( 'NONE', *, *, #4346, .T. ) ;
#2811 = DIRECTION ( 'NONE',  ( -0.000000000000000000, -0.000000000000000000, -1.000000000000000000 ) ) ;
#2812 = CARTESIAN_POINT ( 'NONE',  ( -25.65639081652328457, -75.58666007263670394, 9.664307650278930240 ) ) ;
#2813 = CARTESIAN_POINT ( 'NONE',  ( -9.206939256293665608, -61.28269424094603579, 3.339651004346717134 ) ) ;
#2814 = PLANE ( 'NONE',  #2124 ) ;
#2815 = CARTESIAN_POINT ( 'NONE',  ( 17.51257824588241263, -75.05791336648101719, 3.980369144127104519 ) ) ;
#2816 = DIRECTION ( 'NONE',  ( -1.000000000000000000, 0.000000000000000000, 0.000000000000000000 ) ) ;
#2817 = CARTESIAN_POINT ( 'NONE',  ( -21.50708717007978521, -60.58629182715910844, 3.379504332695262292 ) ) ;
#2818 = CARTESIAN_POINT ( 'NONE',  ( -36.79999999999999005, -44.31902001999193175, 17.00000000000000000 ) ) ;
#2819 = CARTESIAN_POINT ( 'NONE',  ( -9.856188008207146467, -74.00000000000004263, 33.43510881909938348 ) ) ;
#2820 = VERTEX_POINT ( 'NONE', #5801 ) ;
#2821 = EDGE_CURVE ( 'NONE', #5280, #1162, #1443, .T. ) ;
#2822 = ADVANCED_FACE ( 'NONE', ( #6419 ), #906, .F. ) ;
#2824 = ORIENTED_EDGE ( 'NONE', *, *, #6857, .F. ) ;
#2823 = AXIS2_PLACEMENT_3D ( 'NONE', #6333, #1431, #6400 ) ;
#2825 = CARTESIAN_POINT ( 'NONE',  ( -39.99999999999997868, -46.31902001999193885, 32.07106781186548261 ) ) ;
#2826 = CARTESIAN_POINT ( 'NONE',  ( -3.160864686869996110, -77.77967650617954121, -5.130098925543094879 ) ) ;
#2827 = AXIS2_PLACEMENT_3D ( 'NONE', #1441, #3608, #6955 ) ;
#2828 = CARTESIAN_POINT ( 'NONE',  ( -24.08550133035961238, -60.74781782528538798, 4.028728779475078348 ) ) ;
#2829 = CARTESIAN_POINT ( 'NONE',  ( -21.37918666975486204, -58.04902566657506924, 12.50000000000000178 ) ) ;
#2830 = CARTESIAN_POINT ( 'NONE',  ( 15.46319894974602249, -71.30465808082774970, 21.78502402618221367 ) ) ;
#2831 = ORIENTED_EDGE ( 'NONE', *, *, #3481, .T. ) ;
#2832 = CARTESIAN_POINT ( 'NONE',  ( -7.291666666666682062, -60.00000000000004263, 25.00000000000000000 ) ) ;
#2833 = CARTESIAN_POINT ( 'NONE',  ( 25.59344066623610559, -74.00000000000004263, 15.58264784195930908 ) ) ;
#2834 = CARTESIAN_POINT ( 'NONE',  ( 25.99999999999999645, -74.00000000000004263, 12.50000000000000000 ) ) ;
#2835 = CARTESIAN_POINT ( 'NONE',  ( -16.77618712260960976, -77.00000000000004263, 10.31722037005673798 ) ) ;
#2836 = DIRECTION ( 'NONE',  ( -1.000000000000000000, 0.000000000000000000, 0.000000000000000000 ) ) ;
#2837 = CARTESIAN_POINT ( 'NONE',  ( -21.49593815408837116, -60.51190505575803513, 23.44363480188728488 ) ) ;
#2838 = CARTESIAN_POINT ( 'NONE',  ( -1.299882894436290570, -74.54403182478831980, 25.62941183003506396 ) ) ;
#2839 = VERTEX_POINT ( 'NONE', #5739 ) ;
#2840 = LINE ( 'NONE', #1122, #792 ) ;
#2841 = AXIS2_PLACEMENT_3D ( 'NONE', #3730, #5966, #2677 ) ;
#2842 = CARTESIAN_POINT ( 'NONE',  ( 21.83137280944502834, -66.29102859747628429, 15.38929046708588899 ) ) ;
#2843 = CARTESIAN_POINT ( 'NONE',  ( 21.23287851237424562, -74.00000000000004263, 2.400147823038325079 ) ) ;
#2844 = CARTESIAN_POINT ( 'NONE',  ( 3.221263684569959374, -64.22597963643913488, 2.454648300536407479 ) ) ;
#2845 = CARTESIAN_POINT ( 'NONE',  ( -43.50000000000000000, 55.00000000000000711, 15.00000000000000178 ) ) ;
#2846 = CARTESIAN_POINT ( 'NONE',  ( 21.37918666975486559, -58.04902566657506924, 9.499646983363263075 ) ) ;
#2847 = CARTESIAN_POINT ( 'NONE',  ( -18.80426373807987162, -74.83493977832584676, 20.03978267434582961 ) ) ;
#2848 = EDGE_CURVE ( 'NONE', #697, #4340, #536, .T. ) ;
#2849 = AXIS2_PLACEMENT_3D ( 'NONE', #1374, #3678, #975 ) ;
#2850 = EDGE_LOOP ( 'NONE', ( #4922, #4394, #5426 ) ) ;
#2851 = ORIENTED_EDGE ( 'NONE', *, *, #5670, .F. ) ;
#2852 = CARTESIAN_POINT ( 'NONE',  ( -16.44962808176718383, -74.00000000000004263, 9.758157174275796208 ) ) ;
#2853 =( BOUNDED_CURVE ( )  B_SPLINE_CURVE ( 3, ( #574, #3228, #4397, #2724 ),
 .UNSPECIFIED., .F., .F. ) 
 B_SPLINE_CURVE_WITH_KNOTS ( ( 4, 4 ),
 ( 5.710363460747670317, 5.958552916380432940 ),
 .UNSPECIFIED. ) 
 CURVE ( )  GEOMETRIC_REPRESENTATION_ITEM ( )  RATIONAL_B_SPLINE_CURVE ( ( 1.000000000000000000, 0.9948734168135243694, 0.9948734168135243694, 1.000000000000000000 ) ) 
 REPRESENTATION_ITEM ( '' )  );
#2854 = CARTESIAN_POINT ( 'NONE',  ( -25.59826332794827053, -74.00000000000004263, 9.435546880716984219 ) ) ;
#2855 = CARTESIAN_POINT ( 'NONE',  ( -6.407814757846506559, -64.10309443401582996, 2.631346580148910874 ) ) ;
#2856 = CARTESIAN_POINT ( 'NONE',  ( 21.45495460367063600, -58.00528102953283849, 21.49999999997596589 ) ) ;
#2857 = CARTESIAN_POINT ( 'NONE',  ( 19.95714967683369068, -73.24561891123794055, 5.802858872606107887 ) ) ;
#2858 = CARTESIAN_POINT ( 'NONE',  ( 22.03502580760325102, -74.00000000000000000, 9.224881099502123760 ) ) ;
#2859 = EDGE_CURVE ( 'NONE', #1668, #1751, #2273, .T. ) ;
#2860 = CARTESIAN_POINT ( 'NONE',  ( -21.86567313722191486, -66.31929561351500979, 11.05578436411587262 ) ) ;
#2861 = DIRECTION ( 'NONE',  ( -1.000000000000000000, 0.000000000000000000, 0.000000000000000000 ) ) ;
#2862 = CARTESIAN_POINT ( 'NONE',  ( -36.79999999999998295, 50.00000000000000711, 1.450000000000001732 ) ) ;
#2863 = ORIENTED_EDGE ( 'NONE', *, *, #2821, .F. ) ;
#2864 = VECTOR ( 'NONE', #1613, 1000.000000000000000 ) ;
#2865 = B_SPLINE_SURFACE_WITH_KNOTS ( 'NONE', 3, 1, ( 
 ( #2934, #4577 ),
 ( #5185, #6228 ),
 ( #4613, #5694 ),
 ( #1327, #276 ),
 ( #786, #2968 ),
 ( #1904, #5154 ),
 ( #242, #6808 ),
 ( #2397, #6262 ),
 ( #4644, #1365 ),
 ( #208, #4650 ),
 ( #6843, #5764 ),
 ( #2403, #856 ),
 ( #1473, #5833 ),
 ( #1437, #318 ),
 ( #3041, #1334 ),
 ( #3541, #2976 ),
 ( #284, #3007 ),
 ( #4130, #5191 ),
 ( #247, #2438 ),
 ( #4721, #2471 ),
 ( #5225, #351 ),
 ( #2505, #4685 ),
 ( #6338, #3638 ),
 ( #3214, #3075 ),
 ( #5400, #2503 ),
 ( #6948, #3108 ),
 ( #5256, #965 ),
 ( #4200, #6442 ),
 ( #6410, #2540 ),
 ( #4720, #2008 ),
 ( #4164, #1543 ),
 ( #6368, #1471 ),
 ( #5292, #1511 ),
 ( #3670, #3142 ),
 ( #5327, #3259 ),
 ( #3966, #1485 ),
 ( #1407, #5955 ),
 ( #2096, #917 ),
 ( #6974, #5282 ),
 ( #2062, #4256 ),
 ( #1057, #6432 ),
 ( #2029, #4843 ),
 ( #7038, #3101 ),
 ( #2533, #6502 ),
 ( #4187, #5352 ),
 ( #6464, #3691 ),
 ( #6396, #6906 ),
 ( #1499, #406 ),
 ( #5819, #1998 ),
 ( #5249, #3661 ),
 ( #4745, #376 ),
 ( #1568, #342 ),
 ( #5316, #2565 ),
 ( #6939, #3721 ),
 ( #1606, #5855 ),
 ( #953, #3132 ),
 ( #2595, #4155 ),
 ( #6359, #4776 ) ),
 .UNSPECIFIED., .F., .F., .F.,
 ( 4, 2, 2, 2, 2, 2, 2, 2, 2, 2, 2, 2, 2, 2, 2, 2, 2, 2, 2, 2, 2, 2, 2, 2, 2, 2, 2, 2, 4 ),
 ( 2, 2 ),
 ( 0.000000000000000000, 0.03125000000000034694, 0.04687500000000051348, 0.05468750000000048572, 0.06250000000000045797, 0.09375000000000034694, 0.1250000000000003053, 0.1875000000000002498, 0.2187500000000002776, 0.2500000000000003331, 0.3125000000000003886, 0.3750000000000003886, 0.4062500000000003886, 0.4375000000000003331, 0.5000000000000002220, 0.6250000000000000000, 0.6562500000000001110, 0.6875000000000001110, 0.7500000000000000000, 0.7812499999999998890, 0.8124999999999997780, 0.8749999999999994449, 0.9062499999999994449, 0.9218749999999992228, 0.9374999999999992228, 0.9453124999999993339, 0.9531249999999993339, 0.9687499999999995559, 1.000000000000000000 ),
 ( 0.000000000000000000, 1.000000000000000000 ),
 .UNSPECIFIED. ) ;
#2866 = ORIENTED_EDGE ( 'NONE', *, *, #3754, .F. ) ;
#2867 = CARTESIAN_POINT ( 'NONE',  ( -1.556906051385460232, -77.00000000000005684, -5.000000000000002665 ) ) ;
#2868 = CIRCLE ( 'NONE', #6876, 1.700000000000000178 ) ;
#2869 = CARTESIAN_POINT ( 'NONE',  ( -21.11861617424174042, -63.74549448872968327, 4.559969313355579423 ) ) ;
#2870 = EDGE_CURVE ( 'NONE', #2707, #1472, #2009, .T. ) ;
#2871 = CARTESIAN_POINT ( 'NONE',  ( 11.40327644273648033, -62.40373738847878826, 21.73198522184528159 ) ) ;
#2872 = AXIS2_PLACEMENT_3D ( 'NONE', #6208, #3485, #4006 ) ;
#2873 = EDGE_LOOP ( 'NONE', ( #3917, #3666, #2180, #5597 ) ) ;
#2874 = CARTESIAN_POINT ( 'NONE',  ( 3.113612652743713127, -77.00000000000005684, 29.90513321228996091 ) ) ;
#2875 = CARTESIAN_POINT ( 'NONE',  ( -7.872856649912140625, -74.00000000000002842, 4.646451862832062574 ) ) ;
#2876 = CARTESIAN_POINT ( 'NONE',  ( -39.99999999999999289, 56.12808945322262133, 3.500000000000000000 ) ) ;
#2877 = CARTESIAN_POINT ( 'NONE',  ( -17.74748603729673491, -74.00000000000004263, 12.50000000000002132 ) ) ;
#2878 = CARTESIAN_POINT ( 'NONE',  ( -38.49999999999998579, 50.00000000000000711, 0.000000000000000000 ) ) ;
#2879 = CARTESIAN_POINT ( 'NONE',  ( -36.34444182210037866, 48.30145494491377889, 0.4120136086300604239 ) ) ;
#2880 = CARTESIAN_POINT ( 'NONE',  ( -2.367218916140281681, -69.39480938965211010, 24.07308255013704112 ) ) ;
#2881 = ORIENTED_EDGE ( 'NONE', *, *, #3434, .T. ) ;
#2882 = CARTESIAN_POINT ( 'NONE',  ( -24.62304033231383116, -77.89877571810217205, 7.283952067268444353 ) ) ;
#2883 = CARTESIAN_POINT ( 'NONE',  ( 0.000000000000000000, -77.00000000000004263, 12.50000000000000000 ) ) ;
#2884 = CARTESIAN_POINT ( 'NONE',  ( 21.83137280944552217, -66.29102859748655874, 9.610709532913437769 ) ) ;
#2885 = CARTESIAN_POINT ( 'NONE',  ( 3.076965311743858233, -61.65085627386673650, 3.173644006424893860 ) ) ;
#2886 = LINE ( 'NONE', #1241, #2139 ) ;
#2887 = DIRECTION ( 'NONE',  ( 1.000000000000000000, 0.000000000000000000, -0.000000000000000000 ) ) ;
#2888 = CARTESIAN_POINT ( 'NONE',  ( -16.58733917319650786, -73.83630048751376762, 21.46541367103862186 ) ) ;
#2889 = ORIENTED_EDGE ( 'NONE', *, *, #1409, .T. ) ;
#2890 = VERTEX_POINT ( 'NONE', #2650 ) ;
#2891 = CARTESIAN_POINT ( 'NONE',  ( -40.20000000000160867, 50.00000000000250111, 2.576389018814377430 ) ) ;
#2892 = CYLINDRICAL_SURFACE ( 'NONE', #6613, 2.500000000000002220 ) ;
#2893 = CARTESIAN_POINT ( 'NONE',  ( -6.028205923975911595, -60.21351905057234433, 3.543811641880755925 ) ) ;
#2894 = CARTESIAN_POINT ( 'NONE',  ( -25.99999999999999645, -77.00000000000004263, 12.50000000000000000 ) ) ;
#2895 = CARTESIAN_POINT ( 'NONE',  ( 20.11894675680558109, -67.87274128861436395, 5.121548220816947605 ) ) ;
#2896 = CARTESIAN_POINT ( 'NONE',  ( 16.20679900776545068, -74.00000000000005684, 21.71973952067652291 ) ) ;
#2897 = CARTESIAN_POINT ( 'NONE',  ( 16.18451032361770814, -77.00000000000004263, 15.58668532851851118 ) ) ;
#2898 = DIRECTION ( 'NONE',  ( -1.553732654557586955E-16, 1.000000000000000000, 0.000000000000000000 ) ) ;
#2899 = CARTESIAN_POINT ( 'NONE',  ( 24.08550133035300078, -60.74781782528624774, 20.97127122052513215 ) ) ;
#2900 = ORIENTED_EDGE ( 'NONE', *, *, #274, .T. ) ;
#2901 = EDGE_LOOP ( 'NONE', ( #1335, #2004, #893, #3902, #7080, #258, #4931, #6181, #4236, #4306, #1545, #6801, #4567, #6059 ) ) ;
#2902 = CARTESIAN_POINT ( 'NONE',  ( -2.083333333333338810, -60.00000000000003553, 0.000000000000000000 ) ) ;
#2903 = CARTESIAN_POINT ( 'NONE',  ( -23.35988815830984677, -58.28158801629647456, 3.111249744411098028 ) ) ;
#2904 = CARTESIAN_POINT ( 'NONE',  ( 11.91968504268211504, -66.34290924762052555, 22.18759070164643177 ) ) ;
#2905 = VERTEX_POINT ( 'NONE', #7056 ) ;
#2906 = ADVANCED_FACE ( 'NONE', ( #1623 ), #5253, .F. ) ;
#2907 = ADVANCED_FACE ( 'NONE', ( #4863 ), #5143, .F. ) ;
#2908 = CARTESIAN_POINT ( 'NONE',  ( 10.60879064121277793, -77.77967650617955542, 28.71540431614762312 ) ) ;
#2909 = CARTESIAN_POINT ( 'NONE',  ( 43.50000000000000000, 40.00000000000000711, 12.50000000000000000 ) ) ;
#2910 = CARTESIAN_POINT ( 'NONE',  ( 11.09144526588902480, -77.00000000000004263, 5.832334050879087073 ) ) ;
#2911 = DIRECTION ( 'NONE',  ( 0.000000000000000000, 0.000000000000000000, 1.000000000000000000 ) ) ;
#2912 = CARTESIAN_POINT ( 'NONE',  ( -37.36699225009491698, 47.90700570604693809, 0.7759175750682660855 ) ) ;
#2913 = CARTESIAN_POINT ( 'NONE',  ( -5.021177491596115594, -60.27910616158954582, 21.45993577308572497 ) ) ;
#2914 = EDGE_CURVE ( 'NONE', #1878, #4688, #6450, .T. ) ;
#2915 = VERTEX_POINT ( 'NONE', #4827 ) ;
#2916 = CARTESIAN_POINT ( 'NONE',  ( 33.49999999999999289, 46.94257740174915483, 25.00000000000000000 ) ) ;
#2917 = CARTESIAN_POINT ( 'NONE',  ( 22.05735877155576574, -70.46621326685365716, 14.78865054300604243 ) ) ;
#2918 = CARTESIAN_POINT ( 'NONE',  ( 21.82699029441977245, -67.62219380102960997, 8.462514284079105664 ) ) ;
#2919 = CARTESIAN_POINT ( 'NONE',  ( -5.263463060762824774, -75.78760248950156608, -0.6429177832490303723 ) ) ;
#2920 = CARTESIAN_POINT ( 'NONE',  ( -38.46692118600579136, 56.57576758698010622, 23.70372029554381399 ) ) ;
#2921 = DIRECTION ( 'NONE',  ( -1.000000000000000000, 0.000000000000000000, 0.000000000000000000 ) ) ;
#2922 = CARTESIAN_POINT ( 'NONE',  ( -19.24043152249742406, -58.76299595831093114, 21.67001708952599515 ) ) ;
#2923 = ORIENTED_EDGE ( 'NONE', *, *, #3503, .T. ) ;
#2924 = EDGE_LOOP ( 'NONE', ( #4116, #994, #6161, #2472, #5687, #3625 ) ) ;
#2925 = CARTESIAN_POINT ( 'NONE',  ( -10.76563052743995819, -74.00000000000004263, 5.691588591280465792 ) ) ;
#2926 = DIRECTION ( 'NONE',  ( -1.000000000000000000, 0.000000000000000000, 0.000000000000000000 ) ) ;
#2927 = CARTESIAN_POINT ( 'NONE',  ( -12.67548763990764726, -71.57353536121195248, 2.153894285260724129 ) ) ;
#2928 = CARTESIAN_POINT ( 'NONE',  ( 15.64861594070323214, -64.57540417763136986, 3.617700769316708254 ) ) ;
#2929 = CARTESIAN_POINT ( 'NONE',  ( 19.88701745121722553, -74.00000000000000000, 19.18484861719395695 ) ) ;
#2930 = CARTESIAN_POINT ( 'NONE',  ( -22.19388934060635776, -71.89897107105049656, 12.50000000000001066 ) ) ;
#2931 = CARTESIAN_POINT ( 'NONE',  ( 21.45495460367063600, -58.00528102953283849, 21.49999999997596589 ) ) ;
#2932 = PLANE ( 'NONE',  #2253 ) ;
#2933 = EDGE_LOOP ( 'NONE', ( #6078, #5328, #2730, #1217, #3613 ) ) ;
#2934 = CARTESIAN_POINT ( 'NONE',  ( 17.74748603729677399, -74.00000000000004263, 12.49999999999993960 ) ) ;
#2935 = B_SPLINE_CURVE_WITH_KNOTS ( 'NONE', 3,
 ( #1066, #4891, #3246, #2711, #559, #1139, #2746, #17, #1682, #2209, #597, #3831, #2780, #52, #4418, #6805, #5078, #203, #167, #1212, #4457, #5110, #90, #6658, #6733, #632, #3985, #6150, #2896, #2392, #3873, #2929, #1252, #6074, #3357, #5659 ),
 .UNSPECIFIED., .F., .F.,
 ( 4, 2, 2, 2, 2, 2, 2, 2, 2, 2, 2, 2, 2, 2, 2, 2, 2, 4 ),
 ( 0.0009032307561716082771, 0.003866167305732534122, 0.005347635580513000406, 0.006829103855293467557, 0.009792040404854398389, 0.01275497695441533269, 0.01571791350397626699, 0.01868085005353719782, 0.02460672315265905949, 0.02608819142743952837, 0.02756965970221999726, 0.03053259625178093156, 0.03645846935090279323, 0.03942140590046372406, 0.04238434245002466183, 0.04534727899958559266, 0.04682874727436606155, 0.04831021554914652349 ),
 .UNSPECIFIED. ) ;
#2936 = EDGE_LOOP ( 'NONE', ( #643, #160, #5700, #5793, #4684 ) ) ;
#2937 = CARTESIAN_POINT ( 'NONE',  ( -2.047426502804836623, -59.40752366131754769, 0.1709514921392597253 ) ) ;
#2938 = CARTESIAN_POINT ( 'NONE',  ( -21.01362485803131008, -72.96805158311821060, 6.679200075616130050 ) ) ;
#2939 = CARTESIAN_POINT ( 'NONE',  ( 17.67205243912242807, -66.96931725823526449, 20.85911970917290503 ) ) ;
#2940 = VERTEX_POINT ( 'NONE', #7026 ) ;
#2941 = CARTESIAN_POINT ( 'NONE',  ( 22.94826103524159677, -77.00000000000004263, 20.76055779822051051 ) ) ;
#2942 = CARTESIAN_POINT ( 'NONE',  ( -15.86034109330888420, -74.00000000000004263, 15.99713264379114896 ) ) ;
#2943 = CARTESIAN_POINT ( 'NONE',  ( -7.466105873685668470, -77.00000000000004263, 29.27874986315205064 ) ) ;
#2944 = CARTESIAN_POINT ( 'NONE',  ( 16.39801473810173249, -77.00000000000004263, 9.708468711470445101 ) ) ;
#2945 = CARTESIAN_POINT ( 'NONE',  ( 38.54502926892288173, -46.11055402821038030, 1.364319798932843053 ) ) ;
#2946 = DIRECTION ( 'NONE',  ( 1.000000000000000000, -0.000000000000000000, -0.000000000000000000 ) ) ;
#2947 = EDGE_CURVE ( 'NONE', #382, #4994, #2598, .T. ) ;
#2948 = CARTESIAN_POINT ( 'NONE',  ( -2.151706176904383483, -64.25312548112317756, 22.58579453294690254 ) ) ;
#2949 = ORIENTED_EDGE ( 'NONE', *, *, #5651, .F. ) ;
#2950 = CARTESIAN_POINT ( 'NONE',  ( -24.88177154653316592, -57.72388461084815248, 16.96875465205357258 ) ) ;
#2951 = CARTESIAN_POINT ( 'NONE',  ( 20.46309068487976646, -74.00000000000005684, 1.811172480119997097 ) ) ;
#2952 = CARTESIAN_POINT ( 'NONE',  ( 21.40767530291818588, -57.90076832468133006, 6.480663161240460823 ) ) ;
#2953 = AXIS2_PLACEMENT_3D ( 'NONE', #2061, #4223, #2594 ) ;
#2954 = CARTESIAN_POINT ( 'NONE',  ( -3.963494385744685822, -75.80406142101162459, -0.7878076209067532698 ) ) ;
#2955 = CARTESIAN_POINT ( 'NONE',  ( -25.99999999999999289, -77.00000000000002842, 11.46570928387687616 ) ) ;
#2956 = CARTESIAN_POINT ( 'NONE',  ( 38.68627997701629084, -46.00878324901628247, 1.450000000000001732 ) ) ;
#2957 = EDGE_CURVE ( 'NONE', #5087, #2994, #3708, .T. ) ;
#2958 = CARTESIAN_POINT ( 'NONE',  ( -17.51257824588329015, -75.05791336648094614, 21.01963085587228619 ) ) ;
#2959 = ORIENTED_EDGE ( 'NONE', *, *, #6568, .T. ) ;
#2960 = AXIS2_PLACEMENT_3D ( 'NONE', #3322, #5430, #5510 ) ;
#2961 = ORIENTED_EDGE ( 'NONE', *, *, #1999, .T. ) ;
#2962 = CARTESIAN_POINT ( 'NONE',  ( 25.00000000000000000, -60.00000000000003553, -0.1943496976917225283 ) ) ;
#2963 = CARTESIAN_POINT ( 'NONE',  ( -13.10926307948653324, -59.53659475478534091, 3.520503570081719324 ) ) ;
#2964 = CARTESIAN_POINT ( 'NONE',  ( 13.57179699256778704, -63.50045477135432748, 3.352770169432108371 ) ) ;
#2965 = DIRECTION ( 'NONE',  ( -0.000000000000000000, -0.000000000000000000, -1.000000000000000000 ) ) ;
#2966 = CARTESIAN_POINT ( 'NONE',  ( 14.25240334010246634, -77.00000000000004263, 17.40682367773018768 ) ) ;
#2967 = CARTESIAN_POINT ( 'NONE',  ( 38.50000000000000000, -44.31902001999193175, 12.50000000000000000 ) ) ;
#2968 = CARTESIAN_POINT ( 'NONE',  ( 17.04817713840274251, -77.00000000000004263, 14.09164343266637687 ) ) ;
#2969 = B_SPLINE_CURVE_WITH_KNOTS ( 'NONE', 3,
 ( #6134, #4442, #6172, #3416, #6023, #6645, #188, #659 ),
 .UNSPECIFIED., .F., .F.,
 ( 4, 2, 2, 4 ),
 ( 0.002438961037046914054, 0.006198550360019487032, 0.009958139682992060010, 0.01747731832893724760 ),
 .UNSPECIFIED. ) ;
#2970 = VERTEX_POINT ( 'NONE', #6055 ) ;
#2971 = CARTESIAN_POINT ( 'NONE',  ( 1.023709775831174840, -59.40752366131754059, 0.1742577466713191858 ) ) ;
#2972 = CARTESIAN_POINT ( 'NONE',  ( -20.43188688697585675, -74.46256466078118308, 6.397026229187942725 ) ) ;
#2973 = B_SPLINE_CURVE_WITH_KNOTS ( 'NONE', 3,
 ( #6585, #1724, #1684, #6038, #3116, #3358, #3679, #5872 ),
 .UNSPECIFIED., .F., .F.,
 ( 4, 2, 2, 4 ),
 ( 0.002438961037046857242, 0.006198550360019437593, 0.009958139682992018377, 0.01747731832893717821 ),
 .UNSPECIFIED. ) ;
#2974 = EDGE_CURVE ( 'NONE', #6323, #3937, #2189, .T. ) ;
#2975 = CARTESIAN_POINT ( 'NONE',  ( 18.67375795249080284, -72.16455450341251776, 20.17600482595355160 ) ) ;
#2976 = CARTESIAN_POINT ( 'NONE',  ( 12.36694661346228408, -77.00000000000004263, 18.54794120696535487 ) ) ;
#2977 = EDGE_LOOP ( 'NONE', ( #5279, #3350, #1235, #6809, #5826 ) ) ;
#2978 = CARTESIAN_POINT ( 'NONE',  ( 20.75962482619187810, -59.40752366131756190, 25.14775112904507637 ) ) ;
#2979 = LINE ( 'NONE', #896, #4561 ) ;
#2980 = CARTESIAN_POINT ( 'NONE',  ( 43.18476580405030063, 40.25039819507576055, 17.51661895954935133 ) ) ;
#2981 = CARTESIAN_POINT ( 'NONE',  ( -9.539679826134481289, -77.00000000000004263, 5.201381551879643794 ) ) ;
#2982 = CARTESIAN_POINT ( 'NONE',  ( 37.01480823541493237, -46.35411154960947755, 0.6360832205551754104 ) ) ;
#2983 = CARTESIAN_POINT ( 'NONE',  ( -39.99999999999999289, 48.00000000000001421, 32.07106781186548261 ) ) ;
#2984 = CARTESIAN_POINT ( 'NONE',  ( 1.182753083660969207, -69.40534096591485991, 24.11803216566077168 ) ) ;
#2985 = ORIENTED_EDGE ( 'NONE', *, *, #1151, .T. ) ;
#2986 = CARTESIAN_POINT ( 'NONE',  ( -25.05894920403238046, -57.72388461084814537, 26.34498742466503884 ) ) ;
#2987 = DIRECTION ( 'NONE',  ( 1.000000000000000000, 0.000000000000000000, 0.000000000000000000 ) ) ;
#2988 = CARTESIAN_POINT ( 'NONE',  ( 22.27594339145246494, -73.29388993543432207, 12.50000000000004086 ) ) ;
#2989 = CARTESIAN_POINT ( 'NONE',  ( -3.221263684570027319, -64.22597963643912067, 2.454648300536410144 ) ) ;
#2990 = CYLINDRICAL_SURFACE ( 'NONE', #3832, 1.700000000000000178 ) ;
#2991 = CARTESIAN_POINT ( 'NONE',  ( -22.31747927760338968, -74.00000000000005684, 13.32052493528286341 ) ) ;
#2992 = CARTESIAN_POINT ( 'NONE',  ( -14.01195604400398587, -74.10379467004625553, 22.77149664751617308 ) ) ;
#2993 = ORIENTED_EDGE ( 'NONE', *, *, #890, .T. ) ;
#2994 = VERTEX_POINT ( 'NONE', #6564 ) ;
#2995 = CARTESIAN_POINT ( 'NONE',  ( -10.76563052743995819, -77.00000000000004263, 5.691588591280465792 ) ) ;
#2996 = EDGE_CURVE ( 'NONE', #3866, #489, #5927, .T. ) ;
#2997 = CARTESIAN_POINT ( 'NONE',  ( 24.55971631608538530, -77.00000000000004263, 6.753687398919813845 ) ) ;
#2998 = CARTESIAN_POINT ( 'NONE',  ( -12.87369410322697405, -72.87848905995939219, 1.984722892000620131 ) ) ;
#2999 = CARTESIAN_POINT ( 'NONE',  ( 13.29205878515824146, -75.48242817883399880, 1.639528112355120415 ) ) ;
#3000 = DIRECTION ( 'NONE',  ( 1.330321911110254514E-16, -1.000000000000000000, 0.000000000000000000 ) ) ;
#3001 = CARTESIAN_POINT ( 'NONE',  ( -22.11183528976024704, -70.50405220666662842, 12.50000000000000888 ) ) ;
#3002 = AXIS2_PLACEMENT_3D ( 'NONE', #6807, #2898, #2861 ) ;
#3003 = CARTESIAN_POINT ( 'NONE',  ( 38.50000000000000000, -44.31902001999193175, 17.00000000000000000 ) ) ;
#3004 = ORIENTED_EDGE ( 'NONE', *, *, #3257, .F. ) ;
#3005 = DIRECTION ( 'NONE',  ( 0.8660254037844380415, -0.5000000000000012212, 0.000000000000000000 ) ) ;
#3006 = CARTESIAN_POINT ( 'NONE',  ( 17.12844472314961664, -71.08428455837854187, 21.03321699470361494 ) ) ;
#3007 = CARTESIAN_POINT ( 'NONE',  ( 11.97183421273592607, -77.00000000000004263, 18.75203154520151827 ) ) ;
#3008 = ORIENTED_EDGE ( 'NONE', *, *, #4152, .T. ) ;
#3009 = CARTESIAN_POINT ( 'NONE',  ( 41.95447024468767694, 41.20636080408162627, 4.648608582171506853 ) ) ;
#3010 = CARTESIAN_POINT ( 'NONE',  ( 22.91666666666666785, -60.00000000000004263, 25.00000000000000000 ) ) ;
#3011 = CARTESIAN_POINT ( 'NONE',  ( 16.51480617177315580, -74.00000000000005684, 15.15820317393248295 ) ) ;
#3012 = CARTESIAN_POINT ( 'NONE',  ( -18.48537151917524568, -77.00000000000007105, 24.82774036579550625 ) ) ;
#3013 = CARTESIAN_POINT ( 'NONE',  ( 17.56915918334685145, -77.00000000000004263, 12.09437280459833453 ) ) ;
#3014 = DIRECTION ( 'NONE',  ( 0.000000000000000000, -1.000000000000000000, 0.000000000000000000 ) ) ;
#3015 = CARTESIAN_POINT ( 'NONE',  ( 5.263463060757546330, -75.78760248950163714, 25.64291778324981408 ) ) ;
#3016 = ORIENTED_EDGE ( 'NONE', *, *, #5875, .T. ) ;
#3017 = CARTESIAN_POINT ( 'NONE',  ( -25.42438655634697042, -77.00000000000007105, 16.28290989553602230 ) ) ;
#3018 = LINE ( 'NONE', #4702, #693 ) ;
#3019 = CARTESIAN_POINT ( 'NONE',  ( 21.52623737368728740, -71.41306206058129646, 6.304964356366674849 ) ) ;
#3020 = CARTESIAN_POINT ( 'NONE',  ( -3.082100398195889365E-14, -74.54403182478831980, -0.6294118300352191664 ) ) ;
#3021 = CARTESIAN_POINT ( 'NONE',  ( -39.99999999999999289, 56.12808945322262133, 21.50000000000000000 ) ) ;
#3022 = CARTESIAN_POINT ( 'NONE',  ( -33.49999999999999289, 55.00000000000000711, 10.00000000000000000 ) ) ;
#3023 = CARTESIAN_POINT ( 'NONE',  ( -12.25111018186823841, -60.97307327955351752, 21.55714673718893337 ) ) ;
#3024 = ORIENTED_EDGE ( 'NONE', *, *, #1735, .T. ) ;
#3025 = EDGE_LOOP ( 'NONE', ( #4410, #5347 ) ) ;
#3026 = CARTESIAN_POINT ( 'NONE',  ( -9.539679826134481289, -74.00000000000004263, 5.201381551879643794 ) ) ;
#3027 = CARTESIAN_POINT ( 'NONE',  ( 24.88177154653316592, -57.72388461084814537, 16.96875465205359745 ) ) ;
#3028 = CARTESIAN_POINT ( 'NONE',  ( -15.29805724327655625, -69.98733886552366812, 3.276445563889790691 ) ) ;
#3029 = CARTESIAN_POINT ( 'NONE',  ( 14.94454481776163490, -74.02623207155961893, 2.644266692864459589 ) ) ;
#3030 = CARTESIAN_POINT ( 'NONE',  ( -39.65037186325142926, -45.57467229389872188, 2.114516534170173490 ) ) ;
#3031 = CARTESIAN_POINT ( 'NONE',  ( -6.920907836083582509, -77.00000000000004263, 20.55758294841782785 ) ) ;
#3032 = EDGE_CURVE ( 'NONE', #6725, #2424, #5447, .T. ) ;
#3033 = EDGE_CURVE ( 'NONE', #2701, #5528, #5947, .T. ) ;
#3034 = B_SPLINE_SURFACE_WITH_KNOTS ( 'NONE', 3, 1, ( 
 ( #4996, #3425, #1830, #1863 ),
 ( #3869, #5542, #86, #4452 ),
 ( #5146, #6255, #1458, #3529 ),
 ( #5754, #236, #2458, #4086 ),
 ( #6358, #1897, #268, #878 ),
 ( #4118, #1359, #1426, #4638 ),
 ( #1965, #2425, #814, #3027 ),
 ( #3626, #3100, #5818, #5213 ),
 ( #305, #3660, #3065, #4604 ),
 ( #2564, #2493, #6832, #3595 ),
 ( #1997, #5248, #1498, #6870 ),
 ( #1930, #5854, #6324, #6395 ),
 ( #6289, #5724, #5281, #5783 ),
 ( #4154, #848, #2962, #1390 ),
 ( #4050, #2997, #375, #6905 ),
 ( #340, #3560, #916, #2532 ) ),
 .UNSPECIFIED., .F., .F., .F.,
 ( 4, 3, 2, 2, 2, 3, 4 ),
 ( 2, 1, 1, 2 ),
 ( -0.02332196372299883552, 0.000000000000000000, 0.2499999999999996669, 0.4999999999999997780, 0.7499999999999998890, 1.000000000000000000, 1.023321963723006656 ),
 ( -0.05286915988836178582, 0.000000000000000000, 1.000000000000000000, 1.133889140538346441 ),
 .UNSPECIFIED. ) ;
#3035 = EDGE_LOOP ( 'NONE', ( #3594, #1447, #4663, #3700 ) ) ;
#3036 = DIRECTION ( 'NONE',  ( 1.000000000000000000, 0.000000000000000000, 0.000000000000000000 ) ) ;
#3037 = AXIS2_PLACEMENT_3D ( 'NONE', #4455, #2354, #6656 ) ;
#3039 = ADVANCED_FACE ( 'NONE', ( #505 ), #2154, .T. ) ;
#3038 = CARTESIAN_POINT ( 'NONE',  ( 16.16749892676673639, -59.15355580854826201, 21.55095221786849535 ) ) ;
#3040 = ADVANCED_FACE ( 'NONE', ( #4940 ), #3850, .F. ) ;
#3041 = CARTESIAN_POINT ( 'NONE',  ( 13.52024464577579188, -74.00000000000004263, 17.89562333222268364 ) ) ;
#3042 = VERTEX_POINT ( 'NONE', #3667 ) ;
#3043 = CARTESIAN_POINT ( 'NONE',  ( -39.35786437626903478, -51.71048313737294677, 25.00000000000000000 ) ) ;
#3044 = CARTESIAN_POINT ( 'NONE',  ( 17.79711518877731180, -77.77967650617955542, 25.42655012560240380 ) ) ;
#3045 = CARTESIAN_POINT ( 'NONE',  ( -17.56923431408904079, -74.00000000000004263, 12.90565428101301393 ) ) ;
#3046 = CARTESIAN_POINT ( 'NONE',  ( 25.65897025554846067, -76.52888597498086654, 9.655499843195441301 ) ) ;
#3047 = CARTESIAN_POINT ( 'NONE',  ( 24.25119273388979124, -59.46031157595079009, 3.542945132950662934 ) ) ;
#3048 = CARTESIAN_POINT ( 'NONE',  ( -38.49999999999998579, -44.31902001999193175, 21.50000000000000000 ) ) ;
#3049 = LINE ( 'NONE', #4695, #4920 ) ;
#3050 = CARTESIAN_POINT ( 'NONE',  ( 1.155144159072401644, -68.12066825119649138, 23.74018724956712134 ) ) ;
#3051 = ORIENTED_EDGE ( 'NONE', *, *, #2082, .F. ) ;
#3052 = AXIS2_PLACEMENT_3D ( 'NONE', #6113, #1970, #922 ) ;
#3053 =( NAMED_UNIT ( * ) SI_UNIT ( $, .STERADIAN. ) SOLID_ANGLE_UNIT ( ) );
#3054 = DIRECTION ( 'NONE',  ( -1.000000000000000000, -1.330321911110254761E-16, -0.000000000000000000 ) ) ;
#3055 = CARTESIAN_POINT ( 'NONE',  ( -7.207149817911437495, -74.00000000000005684, 28.50752230741289850 ) ) ;
#3056 = VECTOR ( 'NONE', #1529, 1000.000000000000000 ) ;
#3057 = CARTESIAN_POINT ( 'NONE',  ( -2.100643855524173986, -62.96754074923713063, 2.785923495433948904 ) ) ;
#3058 = PLANE ( 'NONE',  #1233 ) ;
#3059 = CARTESIAN_POINT ( 'NONE',  ( 38.50000000000000000, -44.31902001999193175, 32.07106781186548261 ) ) ;
#3060 = CARTESIAN_POINT ( 'NONE',  ( -13.88707766829222656, -66.14005630105629052, 21.79056339219634708 ) ) ;
#3061 = DIRECTION ( 'NONE',  ( -1.000000000000000000, 0.000000000000000000, 0.000000000000000000 ) ) ;
#3062 = VERTEX_POINT ( 'NONE', #5860 ) ;
#3063 = CIRCLE ( 'NONE', #2491, 2.500000000000002220 ) ;
#3064 = ORIENTED_EDGE ( 'NONE', *, *, #4199, .T. ) ;
#3065 = CARTESIAN_POINT ( 'NONE',  ( 25.00000000000000000, -60.00000000000004263, 10.41666666666668029 ) ) ;
#3066 = CARTESIAN_POINT ( 'NONE',  ( -12.10312643694425461, -67.65222204374587989, 2.650913521018009700 ) ) ;
#3067 = CARTESIAN_POINT ( 'NONE',  ( 11.74353916982574120, -65.03132147460347312, 2.969020998864743355 ) ) ;
#3068 = CARTESIAN_POINT ( 'NONE',  ( -39.33135196241462950, -45.80504885626707789, 1.875548688822305410 ) ) ;
#3069 = EDGE_CURVE ( 'NONE', #5384, #2538, #1641, .T. ) ;
#3070 = CYLINDRICAL_SURFACE ( 'NONE', #1733, 1.700000000000000178 ) ;
#3071 = ORIENTED_EDGE ( 'NONE', *, *, #3205, .T. ) ;
#3072 = EDGE_CURVE ( 'NONE', #903, #6478, #1612, .T. ) ;
#3073 = CYLINDRICAL_SURFACE ( 'NONE', #5130, 2.500000000000002220 ) ;
#3074 = CARTESIAN_POINT ( 'NONE',  ( 17.01169957695439905, -69.75792238870162976, 21.04792101250084713 ) ) ;
#3075 = CARTESIAN_POINT ( 'NONE',  ( 4.857460020034782389, -77.00000000000004263, 20.96917652337257110 ) ) ;
#3076 = AXIS2_PLACEMENT_3D ( 'NONE', #3776, #2688, #3255 ) ;
#3077 = ORIENTED_EDGE ( 'NONE', *, *, #2729, .F. ) ;
#3078 = CARTESIAN_POINT ( 'NONE',  ( -25.59344066623144087, -74.00000000000004263, 15.58264784197685593 ) ) ;
#3079 = FACE_OUTER_BOUND ( 'NONE', #4376, .T. ) ;
#3080 = EDGE_CURVE ( 'NONE', #186, #312, #979, .T. ) ;
#3081 = CARTESIAN_POINT ( 'NONE',  ( -13.64424412175135437, -31.63661590615784291, 0.000000000000000000 ) ) ;
#3082 = DIRECTION ( 'NONE',  ( 1.553732654557586955E-16, -1.000000000000000000, 0.000000000000000000 ) ) ;
#3083 = CARTESIAN_POINT ( 'NONE',  ( 22.19467755870264369, -60.99001297009021982, 3.960703003928356392 ) ) ;
#3084 = CARTESIAN_POINT ( 'NONE',  ( 33.50000000000000711, -55.09252271188827876, 25.00000000000000000 ) ) ;
#3085 = CYLINDRICAL_SURFACE ( 'NONE', #5843, 2.500000000000002220 ) ;
#3086 = CARTESIAN_POINT ( 'NONE',  ( 3.874401005420276878, -74.51824075969174999, 25.42731841442465068 ) ) ;
#3087 = VERTEX_POINT ( 'NONE', #6473 ) ;
#3088 = AXIS2_PLACEMENT_3D ( 'NONE', #4315, #4392, #5975 ) ;
#3089 = CARTESIAN_POINT ( 'NONE',  ( -24.69838774608265553, -77.00000000000004263, 17.96896974108564038 ) ) ;
#3090 = CARTESIAN_POINT ( 'NONE',  ( 21.51242442404263855, -57.75626797387772626, 0.4535268025472865561 ) ) ;
#3091 = CIRCLE ( 'NONE', #3290, 1.700000000000000178 ) ;
#3092 = CARTESIAN_POINT ( 'NONE',  ( -4.489228872032239970, -66.77639936832282785, 1.799155853313280984 ) ) ;
#3093 = LINE ( 'NONE', #506, #3617 ) ;
#3094 = CARTESIAN_POINT ( 'NONE',  ( -22.03502580760325102, -73.99999999999997158, 15.77511890049785848 ) ) ;
#3095 = CARTESIAN_POINT ( 'NONE',  ( -15.64861594070453243, -64.57540417763121354, 21.38229923068306704 ) ) ;
#3096 = CARTESIAN_POINT ( 'NONE',  ( -43.50000000000000000, 55.00000000000000711, 15.00000000000000178 ) ) ;
#3097 = VECTOR ( 'NONE', #6820, 1000.000000000000000 ) ;
#3098 = ORIENTED_EDGE ( 'NONE', *, *, #5269, .T. ) ;
#3099 = EDGE_LOOP ( 'NONE', ( #4893, #1079, #1423, #1817, #1497 ) ) ;
#3100 = CARTESIAN_POINT ( 'NONE',  ( 26.00000000000000711, -77.00000000000005684, 13.45524841108364811 ) ) ;
#3101 = CARTESIAN_POINT ( 'NONE',  ( -14.18721143106730587, -77.00000000000004263, 17.45391619160506735 ) ) ;
#3102 = CARTESIAN_POINT ( 'NONE',  ( 10.55913638414087252, -63.81406046024348910, 3.005236919794549877 ) ) ;
#3103 = CARTESIAN_POINT ( 'NONE',  ( -38.49999999999998579, 50.00000000000000711, 3.499999999999999556 ) ) ;
#3104 = CARTESIAN_POINT ( 'NONE',  ( -17.39083232939693957, -77.00000000000004263, 13.31125439080320128 ) ) ;
#3105 = CARTESIAN_POINT ( 'NONE',  ( 25.99999999999999645, -77.00000000000004263, 12.49999999999999289 ) ) ;
#3106 = ORIENTED_EDGE ( 'NONE', *, *, #2432, .F. ) ;
#3107 = CARTESIAN_POINT ( 'NONE',  ( 20.94756383570421576, -66.39396889406688729, 19.86556720783893226 ) ) ;
#3108 = CARTESIAN_POINT ( 'NONE',  ( 3.542648928176296064, -77.00000000000004263, 21.15132976650652807 ) ) ;
#3109 = ORIENTED_EDGE ( 'NONE', *, *, #5960, .F. ) ;
#3110 = CARTESIAN_POINT ( 'NONE',  ( 12.28923492230222969, -74.00000000000004263, 6.410860613719626677 ) ) ;
#3111 = CARTESIAN_POINT ( 'NONE',  ( 41.76863451228491897, 41.34791918578549996, 4.366208646456300357 ) ) ;
#3112 = CARTESIAN_POINT ( 'NONE',  ( 38.68627997701629084, -42.62925679096758103, 1.450000000000001510 ) ) ;
#3113 = CARTESIAN_POINT ( 'NONE',  ( -21.61464733046745224, -74.00000000000004263, 7.613070865666376363 ) ) ;
#3114 = CARTESIAN_POINT ( 'NONE',  ( 24.64196912394495342, -77.00000000000004263, 18.08180698536104458 ) ) ;
#3115 = LINE ( 'NONE', #4138, #4578 ) ;
#3116 = CARTESIAN_POINT ( 'NONE',  ( -21.61611948207464806, -67.99871098418267934, 5.806203609789504227 ) ) ;
#3117 = CARTESIAN_POINT ( 'NONE',  ( -3.610455500439835694E-12, -61.69730467760462034, 21.85096266909884122 ) ) ;
#3118 = ADVANCED_FACE ( 'NONE', ( #4261 ), #450, .F. ) ;
#3119 = ADVANCED_FACE ( 'NONE', ( #995 ), #1160, .T. ) ;
#3120 = CARTESIAN_POINT ( 'NONE',  ( -38.40420797058843050, -46.21201541875536378, 1.278900070290821978 ) ) ;
#3121 = LINE ( 'NONE', #5305, #5032 ) ;
#3122 = VECTOR ( 'NONE', #3000, 1000.000000000000000 ) ;
#3123 = CARTESIAN_POINT ( 'NONE',  ( 17.86907151464183841, -74.00000000000004263, 24.81657437526802568 ) ) ;
#3124 = DIRECTION ( 'NONE',  ( -1.000000000000000000, -2.775557561562896873E-15, 0.000000000000000000 ) ) ;
#3125 = CARTESIAN_POINT ( 'NONE',  ( -21.88906146500457695, -69.00795329937571410, 16.23797443126442275 ) ) ;
#3126 = CARTESIAN_POINT ( 'NONE',  ( -11.40327644274360175, -62.40373738847805640, 21.73198522184475223 ) ) ;
#3127 = CARTESIAN_POINT ( 'NONE',  ( -17.74748603729673491, -77.00000000000004263, 12.50000000000002132 ) ) ;
#3128 = ORIENTED_EDGE ( 'NONE', *, *, #6, .T. ) ;
#3129 = ORIENTED_EDGE ( 'NONE', *, *, #3072, .T. ) ;
#3130 = CARTESIAN_POINT ( 'NONE',  ( -23.91533722709289123, -77.00000000000005684, 5.593113825357812985 ) ) ;
#3131 = CARTESIAN_POINT ( 'NONE',  ( 21.52623737368790557, -71.41306206056529504, 18.69503564363668957 ) ) ;
#3132 = CARTESIAN_POINT ( 'NONE',  ( -17.39083232939693957, -77.00000000000004263, 13.31125439080320128 ) ) ;
#3133 = CARTESIAN_POINT ( 'NONE',  ( 12.07158440641119057, -74.24763276424248204, 1.421488161775359416 ) ) ;
#3134 = CARTESIAN_POINT ( 'NONE',  ( 25.06445558290797138, -57.72388461084813827, 26.55434567859331096 ) ) ;
#3135 = CARTESIAN_POINT ( 'NONE',  ( -3.447648144306344697, -77.00000000000004263, 21.21224322138776586 ) ) ;
#3136 = ADVANCED_FACE ( 'NONE', ( #3243 ), #5427, .F. ) ;
#3137 = ORIENTED_EDGE ( 'NONE', *, *, #2694, .F. ) ;
#3138 = CARTESIAN_POINT ( 'NONE',  ( -40.98157000366994396, 55.82865991575879860, 3.333028787536896687 ) ) ;
#3139 = FILL_AREA_STYLE_COLOUR ( '', #6276 ) ;
#3140 = CARTESIAN_POINT ( 'NONE',  ( -39.99999999999998579, -14.00000000000004619, 12.50000000000000000 ) ) ;
#3141 = CARTESIAN_POINT ( 'NONE',  ( 20.28134915540379168, -61.25205026237800610, 21.12731395478987650 ) ) ;
#3142 = CARTESIAN_POINT ( 'NONE',  ( -6.920907836083582509, -77.00000000000004263, 20.55758294841782785 ) ) ;
#3143 = ORIENTED_EDGE ( 'NONE', *, *, #776, .F. ) ;
#3144 = ORIENTED_EDGE ( 'NONE', *, *, #1409, .F. ) ;
#3145 = CARTESIAN_POINT ( 'NONE',  ( 16.52603377690025610, -74.00000000000004263, 9.892701233337398037 ) ) ;
#3146 = CARTESIAN_POINT ( 'NONE',  ( -43.49999999999998579, -49.31902001999193175, 15.00000000000000178 ) ) ;
#3147 = CARTESIAN_POINT ( 'NONE',  ( 22.01694537661048301, -77.01806331675075512, 21.80829409305193778 ) ) ;
#3148 = CARTESIAN_POINT ( 'NONE',  ( -4.932654410398864542, -74.00000000000002842, -0.1718135773100413766 ) ) ;
#3149 = DIRECTION ( 'NONE',  ( -1.000000000000000000, -1.553732654557586955E-16, 0.000000000000000000 ) ) ;
#3150 = CARTESIAN_POINT ( 'NONE',  ( 21.37918666975486559, -58.04902566657506924, 12.49999999999999822 ) ) ;
#3151 = CARTESIAN_POINT ( 'NONE',  ( -21.43064860050461107, -57.86825743319938198, 4.473290292038329063 ) ) ;
#3152 = CARTESIAN_POINT ( 'NONE',  ( 8.089018239122166776, -69.23299569846652446, 23.43399030695363194 ) ) ;
#3153 = CARTESIAN_POINT ( 'NONE',  ( -25.00000000000000000, -60.00000000000003553, 25.00000000000000000 ) ) ;
#3154 = CARTESIAN_POINT ( 'NONE',  ( -21.57671080201685854, -64.37132879575969469, 20.19134698492810642 ) ) ;
#3155 = CARTESIAN_POINT ( 'NONE',  ( -17.86907151464184196, -74.00000000000001421, 24.81657437526802212 ) ) ;
#3156 = EDGE_CURVE ( 'NONE', #5160, #6882, #3187, .T. ) ;
#3157 = CARTESIAN_POINT ( 'NONE',  ( 25.82352941176471006, -74.00000000000004263, 12.49999999999998401 ) ) ;
#3158 = CARTESIAN_POINT ( 'NONE',  ( -21.82699029441977601, -67.62219380102962418, 16.53748571592088723 ) ) ;
#3159 = CARTESIAN_POINT ( 'NONE',  ( -8.779300601202493226, -74.40388009895670507, 24.58768076618293108 ) ) ;
#3160 = LINE ( 'NONE', #1869, #4879 ) ;
#3161 =( BOUNDED_SURFACE ( )  B_SPLINE_SURFACE ( 3, 1, ( 
 ( #3492, #5684 ),
 ( #872, #2955 ),
 ( #6864, #1383 ),
 ( #334, #1959 ) ),
 .UNSPECIFIED., .F., .F., .F. ) 
 B_SPLINE_SURFACE_WITH_KNOTS ( ( 4, 4 ),
 ( 2, 2 ),
 ( 0.000000000000000000, 1.000000000000000000 ),
 ( 0.000000000000000000, 1.000000000000000000 ),
 .UNSPECIFIED. ) 
 GEOMETRIC_REPRESENTATION_ITEM ( )  RATIONAL_B_SPLINE_SURFACE ( (
 ( 1.000000000000000000, 1.000000000000000000),
 ( 0.9973887364014044632, 0.9973887364014044632),
 ( 0.9973887364014044632, 0.9973887364014044632),
 ( 1.000000000000000000, 1.000000000000000000) ) ) 
 REPRESENTATION_ITEM ( '' )  SURFACE ( )  );
#3162 = VERTEX_POINT ( 'NONE', #6544 ) ;
#3163 = CARTESIAN_POINT ( 'NONE',  ( -24.31447694444713292, -77.00000000000004263, 6.263208655643293987 ) ) ;
#3164 = VECTOR ( 'NONE', #3751, 1000.000000000000000 ) ;
#3165 = CARTESIAN_POINT ( 'NONE',  ( 21.49160088703934690, -68.71057779116688380, 19.94566750083011897 ) ) ;
#3166 = CARTESIAN_POINT ( 'NONE',  ( 40.00000000000000711, -42.31902001999193885, 3.499999999999999556 ) ) ;
#3167 = EDGE_CURVE ( 'NONE', #5014, #600, #2571, .T. ) ;
#3168 = CARTESIAN_POINT ( 'NONE',  ( 7.460633389138537908, -64.04827799675355493, 2.707478998034519968 ) ) ;
#3169 = CARTESIAN_POINT ( 'NONE',  ( 25.08720281525328843, -77.89877571810218626, 16.89786704995337629 ) ) ;
#3170 = CARTESIAN_POINT ( 'NONE',  ( -20.43188688697605215, -74.46256466078111202, 18.60297377081186809 ) ) ;
#3171 = VECTOR ( 'NONE', #6017, 1000.000000000000000 ) ;
#3172 = ORIENTED_EDGE ( 'NONE', *, *, #3069, .F. ) ;
#3173 = CARTESIAN_POINT ( 'NONE',  ( -10.66813238574225586, -77.01806331675074091, -8.969224685147501930 ) ) ;
#3174 = CARTESIAN_POINT ( 'NONE',  ( 40.15145231667773373, 34.54084164892700670, 2.532002900328746087 ) ) ;
#3175 = DIRECTION ( 'NONE',  ( 0.000000000000000000, 0.000000000000000000, 1.000000000000000000 ) ) ;
#3176 = CARTESIAN_POINT ( 'NONE',  ( 23.26286136410905314, -59.57110667492089107, 21.44146792014256775 ) ) ;
#3177 = ORIENTED_EDGE ( 'NONE', *, *, #4781, .F. ) ;
#3178 = ORIENTED_EDGE ( 'NONE', *, *, #678, .F. ) ;
#3179 = AXIS2_PLACEMENT_3D ( 'NONE', #452, #1615, #2138 ) ;
#3180 = CARTESIAN_POINT ( 'NONE',  ( 3.447648144306310503, -74.00000000000004263, 3.787756778612224817 ) ) ;
#3181 = CARTESIAN_POINT ( 'NONE',  ( 19.70145298269380163, -59.40752366131755480, -0.1239266730901794344 ) ) ;
#3182 = FACE_OUTER_BOUND ( 'NONE', #4049, .T. ) ;
#3183 = CARTESIAN_POINT ( 'NONE',  ( -43.49999999999998579, -49.31902001999193175, 10.00000000000000000 ) ) ;
#3184 = CARTESIAN_POINT ( 'NONE',  ( -19.23233396767528092, -77.00000000000002842, 0.7011312133683125225 ) ) ;
#3185 = CARTESIAN_POINT ( 'NONE',  ( 35.56567687281824419, 34.80584490421008326, 0.2156768728182415773 ) ) ;
#3186 = CARTESIAN_POINT ( 'NONE',  ( 9.730882264676456117, -73.06469910369675347, 24.01550325739020764 ) ) ;
#3187 = CIRCLE ( 'NONE', #99, 1.699999999999993072 ) ;
#3188 = EDGE_CURVE ( 'NONE', #3062, #5294, #6403, .T. ) ;
#3189 = CARTESIAN_POINT ( 'NONE',  ( -22.49889734027489396, -77.77967650617954121, 21.28107315993378990 ) ) ;
#3190 = CARTESIAN_POINT ( 'NONE',  ( 40.14215378980050986, 35.45405639318361324, 2.524524513437294004 ) ) ;
#3191 = CARTESIAN_POINT ( 'NONE',  ( -19.65430195980016492, -74.00000000000002842, 23.74301473415890840 ) ) ;
#3192 = FACE_OUTER_BOUND ( 'NONE', #422, .T. ) ;
#3193 = CARTESIAN_POINT ( 'NONE',  ( -21.86567313722191130, -66.31929561351500979, 12.49999999999997335 ) ) ;
#3194 = CARTESIAN_POINT ( 'NONE',  ( -8.089018239129902810, -69.23299569846618340, 23.43399030695229968 ) ) ;
#3195 = PLANE ( 'NONE',  #1922 ) ;
#3196 = ORIENTED_EDGE ( 'NONE', *, *, #6637, .T. ) ;
#3197 = CARTESIAN_POINT ( 'NONE',  ( -24.33081087423603606, -77.77967650617952700, 6.550460222825944534 ) ) ;
#3198 = DIRECTION ( 'NONE',  ( -1.000000000000000000, 0.000000000000000000, 0.000000000000000000 ) ) ;
#3199 = CARTESIAN_POINT ( 'NONE',  ( -25.06445558290797138, -57.72388461084814537, -1.554345678593411773 ) ) ;
#3200 = CARTESIAN_POINT ( 'NONE',  ( 8.779300601199587106, -74.40388009895679033, 0.4123192338163396142 ) ) ;
#3201 = CARTESIAN_POINT ( 'NONE',  ( 25.05894920403238757, -57.72388461084813827, -1.344987424665143649 ) ) ;
#3202 = CARTESIAN_POINT ( 'NONE',  ( -22.44883895174225685, -69.95658613666324754, 18.07768852544642613 ) ) ;
#3203 = CONICAL_SURFACE ( 'NONE', #4104, 1.699999999999993072, 1.029744258676650759 ) ;
#3204 = FACE_OUTER_BOUND ( 'NONE', #1412, .T. ) ;
#3205 = EDGE_CURVE ( 'NONE', #2774, #6560, #1234, .T. ) ;
#3206 = EDGE_CURVE ( 'NONE', #5071, #3325, #5412, .T. ) ;
#3207 = ORIENTED_EDGE ( 'NONE', *, *, #4255, .T. ) ;
#3208 = CARTESIAN_POINT ( 'NONE',  ( -10.66813238574225586, -74.00000000000004263, -8.969224685147501930 ) ) ;
#3209 = CARTESIAN_POINT ( 'NONE',  ( 38.68627997701629084, -42.62925679096758103, 1.450000000000001510 ) ) ;
#3210 = CARTESIAN_POINT ( 'NONE',  ( 21.87108249875910460, -64.91994676489271399, 5.054285436626198447 ) ) ;
#3211 = CARTESIAN_POINT ( 'NONE',  ( 43.50000000000000000, 40.00000000000000711, 12.50000000000000000 ) ) ;
#3212 = CARTESIAN_POINT ( 'NONE',  ( -39.99999999999999289, 52.00000000000000711, 32.07106781186548261 ) ) ;
#3213 = CARTESIAN_POINT ( 'NONE',  ( 20.56825818433310715, -71.75311618875768715, 18.93457009839110583 ) ) ;
#3214 = CARTESIAN_POINT ( 'NONE',  ( 4.857460020034782389, -74.00000000000004263, 20.96917652337257110 ) ) ;
#3215 = B_SPLINE_CURVE_WITH_KNOTS ( 'NONE', 3,
 ( #6962, #5413, #943, #6423, #7029, #6528 ),
 .UNSPECIFIED., .F., .F.,
 ( 4, 2, 4 ),
 ( 0.000000000000000000, 0.001561958277399147499, 0.003123916554798294998 ),
 .UNSPECIFIED. ) ;
#3216 = VERTEX_POINT ( 'NONE', #4995 ) ;
#3217 = ORIENTED_EDGE ( 'NONE', *, *, #1503, .F. ) ;
#3218 = CARTESIAN_POINT ( 'NONE',  ( 16.52603377690025610, -77.00000000000004263, 9.892701233337398037 ) ) ;
#3219 = CARTESIAN_POINT ( 'NONE',  ( 21.05339583163971895, -77.00000000000005684, 2.199280868717139903 ) ) ;
#3220 = CARTESIAN_POINT ( 'NONE',  ( 43.50000000000001421, -49.31902001999208807, 20.85786437626905609 ) ) ;
#3221 = CARTESIAN_POINT ( 'NONE',  ( -18.47641731381773411, -65.49812926359452092, 4.261008234112463100 ) ) ;
#3222 = CARTESIAN_POINT ( 'NONE',  ( 35.59014586644732958, 34.61117290078123432, 0.2207458047520720335 ) ) ;
#3223 = DIRECTION ( 'NONE',  ( 0.000000000000000000, 0.000000000000000000, 1.000000000000000000 ) ) ;
#3224 = CARTESIAN_POINT ( 'NONE',  ( 7.427791005006455727, -73.14943294762116466, 24.53083326344760806 ) ) ;
#3225 = VECTOR ( 'NONE', #6918, 1000.000000000000000 ) ;
#3226 = CARTESIAN_POINT ( 'NONE',  ( -22.91666666666666785, -60.00000000000003553, 25.00000000000000000 ) ) ;
#3227 = DIRECTION ( 'NONE',  ( 1.330321911110254761E-16, -1.000000000000000000, -0.000000000000000000 ) ) ;
#3228 = CARTESIAN_POINT ( 'NONE',  ( -23.01858944900176951, -77.00000000000004263, 20.76529401916474171 ) ) ;
#3229 = CARTESIAN_POINT ( 'NONE',  ( 39.99999999999999289, 40.00000000000000711, 12.50000000000000000 ) ) ;
#3230 = LINE ( 'NONE', #400, #5236 ) ;
#3231 = CARTESIAN_POINT ( 'NONE',  ( -21.53312115140107608, -60.72019528046946135, 16.14868453742584720 ) ) ;
#3232 = CARTESIAN_POINT ( 'NONE',  ( -9.696565293777348771, -65.20259229393296607, 22.31834054193863892 ) ) ;
#3233 = DIRECTION ( 'NONE',  ( -0.000000000000000000, 0.000000000000000000, -1.000000000000000000 ) ) ;
#3234 = ORIENTED_EDGE ( 'NONE', *, *, #6452, .F. ) ;
#3235 = CARTESIAN_POINT ( 'NONE',  ( -13.39986135547579060, -59.40752366131756901, 0.01421403008056037164 ) ) ;
#3236 = CARTESIAN_POINT ( 'NONE',  ( 39.99999999999999289, 37.00000000000000711, 21.50000000000000000 ) ) ;
#3237 = CARTESIAN_POINT ( 'NONE',  ( -25.05894920403238046, -57.72388461084814537, 26.34498742466503884 ) ) ;
#3238 = CARTESIAN_POINT ( 'NONE',  ( 10.79845439491421999, -73.00638623421659190, 1.305192770639739708 ) ) ;
#3239 = CARTESIAN_POINT ( 'NONE',  ( 25.05894920403238046, -57.72388461084813827, 26.34498742466500687 ) ) ;
#3240 = CARTESIAN_POINT ( 'NONE',  ( -21.14947223478115390, -71.60845880771110217, 18.52927521784578957 ) ) ;
#3241 = CARTESIAN_POINT ( 'NONE',  ( 24.99999999999999289, -60.00000000000004263, 12.49999999999999289 ) ) ;
#3242 = VERTEX_POINT ( 'NONE', #6615 ) ;
#3243 = FACE_OUTER_BOUND ( 'NONE', #4299, .T. ) ;
#3244 = CARTESIAN_POINT ( 'NONE',  ( 39.98008929001270673, -43.45465836129294956, 2.382833848072597682 ) ) ;
#3245 = CARTESIAN_POINT ( 'NONE',  ( 22.30159721909730663, -67.42099715994551445, 5.966784009829287250 ) ) ;
#3246 = CARTESIAN_POINT ( 'NONE',  ( -20.28539599597634790, -74.00000000000000000, 18.85491829562079147 ) ) ;
#3247 = EDGE_CURVE ( 'NONE', #5258, #5884, #1841, .T. ) ;
#3248 = CARTESIAN_POINT ( 'NONE',  ( 25.99999999999999645, -74.00000000000004263, 12.50000000000000000 ) ) ;
#3249 = CARTESIAN_POINT ( 'NONE',  ( 22.18281483921191111, -71.30739972975418084, 17.75620488864051794 ) ) ;
#3250 = ORIENTED_EDGE ( 'NONE', *, *, #3977, .T. ) ;
#3251 = ORIENTED_EDGE ( 'NONE', *, *, #1186, .F. ) ;
#3252 = CARTESIAN_POINT ( 'NONE',  ( -0.9169528873831418458, -77.00000000000004263, 3.649495116004414452 ) ) ;
#3253 = CARTESIAN_POINT ( 'NONE',  ( 22.88186145036129560, -59.40752366131754769, -0.1949286824166106269 ) ) ;
#3254 = CARTESIAN_POINT ( 'NONE',  ( -17.90361883932758502, -70.96178679348825824, 4.350608930347251047 ) ) ;
#3255 = DIRECTION ( 'NONE',  ( -1.000000000000000000, 0.000000000000000000, 0.000000000000000000 ) ) ;
#3256 = EDGE_CURVE ( 'NONE', #5993, #4603, #1395, .T. ) ;
#3257 = EDGE_CURVE ( 'NONE', #471, #5145, #2315, .T. ) ;
#3258 = CARTESIAN_POINT ( 'NONE',  ( 8.502926913576684953, -63.97933572918686451, 22.20027141467000220 ) ) ;
#3259 = CARTESIAN_POINT ( 'NONE',  ( -7.349007215372918900, -77.00000000000004263, 20.45160604976723917 ) ) ;
#3260 = ORIENTED_EDGE ( 'NONE', *, *, #2848, .F. ) ;
#3261 = CARTESIAN_POINT ( 'NONE',  ( -20.46089445454940048, -77.77967650617954121, 23.40365775716509233 ) ) ;
#3262 = LINE ( 'NONE', #4320, #1275 ) ;
#3263 = CARTESIAN_POINT ( 'NONE',  ( -13.64424412175135437, -31.63661590615784291, 21.50000000000000000 ) ) ;
#3264 = DIRECTION ( 'NONE',  ( 0.000000000000000000, 0.000000000000000000, 1.000000000000000000 ) ) ;
#3265 = CARTESIAN_POINT ( 'NONE',  ( -27.01488867259494597, -54.79525159816282098, 3.500000000000000000 ) ) ;
#3266 = CARTESIAN_POINT ( 'NONE',  ( -21.69731558365936408, -70.20483339802851219, 18.19675889972018723 ) ) ;
#3267 = CARTESIAN_POINT ( 'NONE',  ( -10.06553689499344095, -59.87769120169294723, 21.45146516633644040 ) ) ;
#3268 = VERTEX_POINT ( 'NONE', #1134 ) ;
#3269 = CARTESIAN_POINT ( 'NONE',  ( -20.75962482619187455, -59.40752366131755480, -0.1477511290450777004 ) ) ;
#3270 = CARTESIAN_POINT ( 'NONE',  ( -43.50000000000000000, 55.00000000000000711, 12.50000000000000000 ) ) ;
#3271 = CARTESIAN_POINT ( 'NONE',  ( -25.00000000000000000, -60.00000000000003553, -0.1943496976916903873 ) ) ;
#3272 = CARTESIAN_POINT ( 'NONE',  ( 6.028205923975854752, -60.21351905057233012, 3.543811641880757701 ) ) ;
#3273 = CARTESIAN_POINT ( 'NONE',  ( 25.00000000000000000, -60.00000000000003553, 25.38869939538331622 ) ) ;
#3274 = CARTESIAN_POINT ( 'NONE',  ( -22.32770437604504110, -58.39545370422652582, 21.82900680843347629 ) ) ;
#3275 = CARTESIAN_POINT ( 'NONE',  ( -21.70351098139956747, -63.56253896453502250, 12.50000000000000355 ) ) ;
#3276 = ORIENTED_EDGE ( 'NONE', *, *, #2788, .F. ) ;
#3277 = EDGE_LOOP ( 'NONE', ( #3825, #2757 ) ) ;
#3278 = CARTESIAN_POINT ( 'NONE',  ( -39.27248804982811237, 56.34372987410417011, 1.827932162076544520 ) ) ;
#3279 = CARTESIAN_POINT ( 'NONE',  ( 24.82098456197247316, -68.50000000000002842, 3.459096507319471492 ) ) ;
#3280 = CARTESIAN_POINT ( 'NONE',  ( -6.680495825027583656, -66.69158337745503218, 2.017019997314855040 ) ) ;
#3281 = ADVANCED_FACE ( 'NONE', ( #2239 ), #42, .F. ) ;
#3282 = FACE_OUTER_BOUND ( 'NONE', #3994, .T. ) ;
#3283 = DIRECTION ( 'NONE',  ( 1.000000000000000000, 1.330321911110254514E-16, -0.000000000000000000 ) ) ;
#3284 = AXIS2_PLACEMENT_3D ( 'NONE', #4423, #6622, #6076 ) ;
#3285 = CARTESIAN_POINT ( 'NONE',  ( -22.21001561302319516, -73.24756159488393337, 10.63356269532811638 ) ) ;
#3286 = PLANE ( 'NONE',  #6772 ) ;
#3287 = EDGE_LOOP ( 'NONE', ( #5051, #4463, #4193 ) ) ;
#3288 = ORIENTED_EDGE ( 'NONE', *, *, #313, .F. ) ;
#3289 = CARTESIAN_POINT ( 'NONE',  ( 25.19621869238761747, -59.40752366131754769, -0.2450422979392545830 ) ) ;
#3290 = AXIS2_PLACEMENT_3D ( 'NONE', #2053, #2087, #3780 ) ;
#3291 = CARTESIAN_POINT ( 'NONE',  ( -16.59877520423609099, -64.44795414221223950, 3.783204325597017803 ) ) ;
#3292 = CARTESIAN_POINT ( 'NONE',  ( 40.20000000000162288, 34.99999999999752021, 2.576389018814386755 ) ) ;
#3293 = CARTESIAN_POINT ( 'NONE',  ( 13.62433632872445699, -71.48810289827690667, 22.49948623961302374 ) ) ;
#3294 = B_SPLINE_CURVE_WITH_KNOTS ( 'NONE', 3,
 ( #466, #909, #7031, #2696 ),
 .UNSPECIFIED., .F., .F.,
 ( 4, 4 ),
 ( 0.000000000000000000, 0.001604119846120098452 ),
 .UNSPECIFIED. ) ;
#3295 = VERTEX_POINT ( 'NONE', #4503 ) ;
#3296 = EDGE_CURVE ( 'NONE', #6560, #2643, #2427, .T. ) ;
#3297 = CARTESIAN_POINT ( 'NONE',  ( -18.57315826777938028, -77.00000000000002842, 24.77726888425402407 ) ) ;
#3298 = CARTESIAN_POINT ( 'NONE',  ( 0.000000000000000000, 0.000000000000000000, 12.50000000000000000 ) ) ;
#3299 = DIRECTION ( 'NONE',  ( -1.000000000000000000, 0.000000000000000000, 0.000000000000000000 ) ) ;
#3300 = DIRECTION ( 'NONE',  ( 1.000000000000000000, 0.000000000000000000, 0.000000000000000000 ) ) ;
#3301 = CARTESIAN_POINT ( 'NONE',  ( -38.54484822896143470, 51.79166444705442274, 1.364209983268855453 ) ) ;
#3302 = VECTOR ( 'NONE', #830, 1000.000000000000000 ) ;
#3303 = CARTESIAN_POINT ( 'NONE',  ( -6.147684072935711619, -61.51178609825744559, 21.75774836163090242 ) ) ;
#3304 = AXIS2_PLACEMENT_3D ( 'NONE', #601, #1259, #3437 ) ;
#3305 = ORIENTED_EDGE ( 'NONE', *, *, #1108, .T. ) ;
#3306 = CARTESIAN_POINT ( 'NONE',  ( -24.77787623129916028, -77.77967650617952700, 7.589521347693376718 ) ) ;
#3307 = CYLINDRICAL_SURFACE ( 'NONE', #6180, 10.00000000000000178 ) ;
#3308 = CARTESIAN_POINT ( 'NONE',  ( -25.00000000000000000, -60.00000000000003553, 25.00000000000000000 ) ) ;
#3309 = CARTESIAN_POINT ( 'NONE',  ( 5.595498240628378639, -66.74030889557477053, 1.894845534309599122 ) ) ;
#3310 = CARTESIAN_POINT ( 'NONE',  ( 2.161340569186436689, -77.00000000000005684, -4.954705293583562487 ) ) ;
#3311 = LINE ( 'NONE', #1858, #2210 ) ;
#3312 = CARTESIAN_POINT ( 'NONE',  ( -19.95227071348816850, -74.59342137206439816, 19.07070484564080459 ) ) ;
#3313 = CARTESIAN_POINT ( 'NONE',  ( 39.99999999999999289, 40.00000000000000711, 12.50000000000000000 ) ) ;
#3314 = ORIENTED_EDGE ( 'NONE', *, *, #45, .T. ) ;
#3315 = VERTEX_POINT ( 'NONE', #1145 ) ;
#3316 = CARTESIAN_POINT ( 'NONE',  ( -39.06973116712226357, 51.61358352674506023, 1.691919138057192074 ) ) ;
#3317 = CARTESIAN_POINT ( 'NONE',  ( 38.88401678921311344, -42.65105535315584007, 1.569943680680156328 ) ) ;
#3318 = CARTESIAN_POINT ( 'NONE',  ( -10.04835707264490630, -67.80806341847923591, 2.228348810502453592 ) ) ;
#3319 = CIRCLE ( 'NONE', #4328, 2.500000000000002220 ) ;
#3320 = DIRECTION ( 'NONE',  ( -1.000000000000000000, 0.000000000000000000, 0.000000000000000000 ) ) ;
#3321 = CARTESIAN_POINT ( 'NONE',  ( 19.33368021630700895, -62.70935270743435552, 4.043213208255334479 ) ) ;
#3322 = CARTESIAN_POINT ( 'NONE',  ( -38.49999999999998579, -44.31902001999193175, 17.00000000000000000 ) ) ;
#3323 = CARTESIAN_POINT ( 'NONE',  ( -21.49593815408837116, -60.51190505575805645, 1.556365198112642956 ) ) ;
#3324 = DIRECTION ( 'NONE',  ( 0.000000000000000000, 0.000000000000000000, 1.000000000000000000 ) ) ;
#3325 = VERTEX_POINT ( 'NONE', #3363 ) ;
#3326 = ORIENTED_EDGE ( 'NONE', *, *, #142, .T. ) ;
#3327 = CARTESIAN_POINT ( 'NONE',  ( 25.35890565784022854, -60.00000000000003553, 0.000000000000000000 ) ) ;
#3328 = CARTESIAN_POINT ( 'NONE',  ( -17.24518986934935327, -72.41064672805480029, 3.981487023096088151 ) ) ;
#3329 = CARTESIAN_POINT ( 'NONE',  ( 9.054704145848353036, -59.97217993010076498, 21.45051429590822423 ) ) ;
#3330 = ORIENTED_EDGE ( 'NONE', *, *, #4073, .T. ) ;
#3331 = CARTESIAN_POINT ( 'NONE',  ( -1.580536642169195982, -77.77967650617955542, 30.22931661946456572 ) ) ;
#3332 = FACE_OUTER_BOUND ( 'NONE', #5866, .T. ) ;
#3333 = CARTESIAN_POINT ( 'NONE',  ( 21.70351098139956036, -63.56253896453500829, 12.50000000000000178 ) ) ;
#3334 = DIRECTION ( 'NONE',  ( 1.000000000000000000, 0.000000000000000000, 0.000000000000000000 ) ) ;
#3335 = CARTESIAN_POINT ( 'NONE',  ( -35.95130894416575984, 51.27950513800011123, 0.3046012199799572051 ) ) ;
#3336 = ADVANCED_FACE ( 'NONE', ( #5551 ), #5515, .F. ) ;
#3337 = CARTESIAN_POINT ( 'NONE',  ( -2.602216207365357636, -74.53547105990827504, 25.56077395192084722 ) ) ;
#3338 = EDGE_CURVE ( 'NONE', #4921, #6869, #3951, .T. ) ;
#3339 = ORIENTED_EDGE ( 'NONE', *, *, #6327, .F. ) ;
#3340 = CARTESIAN_POINT ( 'NONE',  ( -39.99999999999999289, 48.00000000000001421, 32.07106781186548261 ) ) ;
#3341 = CARTESIAN_POINT ( 'NONE',  ( 22.19388934060533813, -71.89897107103317353, 12.49999999999999822 ) ) ;
#3342 = CARTESIAN_POINT ( 'NONE',  ( -24.88177154653316592, -57.72388461084815248, 16.96875465205357258 ) ) ;
#3343 = CARTESIAN_POINT ( 'NONE',  ( 3.372784145518830989, -66.80027103195990890, 1.734907274144596334 ) ) ;
#3344 = CARTESIAN_POINT ( 'NONE',  ( -40.75327099722085222, 55.89868170538843373, 21.89167412890922293 ) ) ;
#3345 = PLANE ( 'NONE',  #6332 ) ;
#3346 = ADVANCED_FACE ( 'NONE', ( #4464, #6664 ), #6156, .F. ) ;
#3347 = CARTESIAN_POINT ( 'NONE',  ( -19.31706913302650364, -61.38848220840122138, 21.17868427010264654 ) ) ;
#3348 = CARTESIAN_POINT ( 'NONE',  ( 21.85960433696812899, -74.00000000000002842, 16.59601710572094291 ) ) ;
#3349 = ADVANCED_FACE ( 'NONE', ( #4026 ), #2865, .F. ) ;
#3350 = ORIENTED_EDGE ( 'NONE', *, *, #1777, .F. ) ;
#3351 = ORIENTED_EDGE ( 'NONE', *, *, #6092, .F. ) ;
#3352 = CARTESIAN_POINT ( 'NONE',  ( -14.25240334010242726, -74.00000000000004263, 7.593176322269783007 ) ) ;
#3353 = CARTESIAN_POINT ( 'NONE',  ( -0.001737809258973430472, -74.00000000000004263, 1.252149606933893100 ) ) ;
#3354 = CARTESIAN_POINT ( 'NONE',  ( -7.169563502621117301, -61.45016505245081362, 3.271016832822194242 ) ) ;
#3355 = CARTESIAN_POINT ( 'NONE',  ( -0.001737809258973246809, -74.00000000000004263, 22.25214960693389088 ) ) ;
#3356 = CARTESIAN_POINT ( 'NONE',  ( 19.41421314457585012, -74.71882411939908764, 5.447530586489845561 ) ) ;
#3357 = CARTESIAN_POINT ( 'NONE',  ( 21.30246791586958466, -74.00000000000005684, 17.77653284706292425 ) ) ;
#3358 = CARTESIAN_POINT ( 'NONE',  ( -21.57671080201686564, -64.37132879575972311, 4.808653015071890913 ) ) ;
#3359 = DIRECTION ( 'NONE',  ( -1.553732654557586955E-16, 1.000000000000000000, 0.000000000000000000 ) ) ;
#3360 = FACE_OUTER_BOUND ( 'NONE', #2933, .T. ) ;
#3361 = ORIENTED_EDGE ( 'NONE', *, *, #6765, .F. ) ;
#3362 = ORIENTED_EDGE ( 'NONE', *, *, #2768, .F. ) ;
#3363 = CARTESIAN_POINT ( 'NONE',  ( 25.65675476115116993, -77.00000000000004263, 15.33428754590534737 ) ) ;
#3364 = CARTESIAN_POINT ( 'NONE',  ( 15.66787898838767390, -77.77967650617954121, -1.662064945874400568 ) ) ;
#3365 = CARTESIAN_POINT ( 'NONE',  ( -18.28706623837487655, -60.20645205112403175, 3.573005901925359495 ) ) ;
#3366 = CARTESIAN_POINT ( 'NONE',  ( 13.88707766828541601, -66.14005630105711475, 21.79056339219778948 ) ) ;
#3367 = VERTEX_POINT ( 'NONE', #3166 ) ;
#3368 = CARTESIAN_POINT ( 'NONE',  ( -11.45833333333335169, -60.00000000000004263, 25.00000000000000000 ) ) ;
#3369 = DIRECTION ( 'NONE',  ( -1.000000000000000000, 0.000000000000000000, 0.000000000000000000 ) ) ;
#3370 = LINE ( 'NONE', #504, #6168 ) ;
#3371 = DIRECTION ( 'NONE',  ( 0.000000000000000000, -1.000000000000000000, 0.000000000000000000 ) ) ;
#3372 = DIRECTION ( 'NONE',  ( 0.000000000000000000, -1.000000000000000000, 0.000000000000000000 ) ) ;
#3373 = CARTESIAN_POINT ( 'NONE',  ( 21.63134202110796167, -71.61209707238575106, 18.15283759013433240 ) ) ;
#3374 = CARTESIAN_POINT ( 'NONE',  ( -5.472419390555253393, -65.44963733725923305, 22.77444222074145586 ) ) ;
#3375 = ORIENTED_EDGE ( 'NONE', *, *, #1425, .T. ) ;
#3376 = CARTESIAN_POINT ( 'NONE',  ( -11.83966574198730903, -60.14522726435053812, 3.500000000000000000 ) ) ;
#3377 = EDGE_CURVE ( 'NONE', #5853, #2414, #3537, .T. ) ;
#3378 = CARTESIAN_POINT ( 'NONE',  ( 21.94772718806731149, -67.71421447788679870, 13.84689676124478197 ) ) ;
#3379 = CIRCLE ( 'NONE', #4520, 1.700000000000000178 ) ;
#3380 = LINE ( 'NONE', #4333, #1264 ) ;
#3381 = CARTESIAN_POINT ( 'NONE',  ( 4.699656026350748306, -69.35234317388996317, 1.102003532441480083 ) ) ;
#3382 = CARTESIAN_POINT ( 'NONE',  ( 21.26438105746104412, -77.00000000000000000, 2.403914964135572152 ) ) ;
#3383 = DIRECTION ( 'NONE',  ( 0.000000000000000000, 0.000000000000000000, 1.000000000000000000 ) ) ;
#3384 = CARTESIAN_POINT ( 'NONE',  ( -17.24518986935022724, -72.41064672805468660, 21.01851297690343756 ) ) ;
#3385 = ORIENTED_EDGE ( 'NONE', *, *, #2002, .F. ) ;
#3386 = VERTEX_POINT ( 'NONE', #4293 ) ;
#3387 = CARTESIAN_POINT ( 'NONE',  ( 24.64196912394494632, -77.00000000000004263, 6.918193014638942984 ) ) ;
#3388 = EDGE_CURVE ( 'NONE', #2133, #3087, #4224, .T. ) ;
#3389 = CARTESIAN_POINT ( 'NONE',  ( 39.98079931757266792, -45.18235919244774124, 2.383436548738945060 ) ) ;
#3390 = CARTESIAN_POINT ( 'NONE',  ( -5.595498240628455022, -66.74030889557474211, 1.894845534309607560 ) ) ;
#3391 = DIRECTION ( 'NONE',  ( -0.000000000000000000, 1.000000000000000000, -0.000000000000000000 ) ) ;
#3392 = CARTESIAN_POINT ( 'NONE',  ( 20.28134915540994498, -61.25205026237712502, 3.872686045210425032 ) ) ;
#3393 = DIRECTION ( 'NONE',  ( 1.330321911110254514E-16, -1.000000000000000000, 0.000000000000000000 ) ) ;
#3394 = CARTESIAN_POINT ( 'NONE',  ( -21.83137280944552927, -66.29102859748658716, 9.610709532913393360 ) ) ;
#3395 = CYLINDRICAL_SURFACE ( 'NONE', #3002, 10.00000000000000178 ) ;
#3396 = FACE_OUTER_BOUND ( 'NONE', #5631, .T. ) ;
#3397 = ORIENTED_EDGE ( 'NONE', *, *, #6316, .F. ) ;
#3398 = B_SPLINE_CURVE_WITH_KNOTS ( 'NONE', 3,
 ( #1627, #1556, #3711, #3190, #3652, #2622, #5877, #980, #2693, #2655, #6454, #4833, #1524, #5846 ),
 .UNSPECIFIED., .F., .F.,
 ( 4, 2, 2, 2, 2, 2, 4 ),
 ( 0.002874735800375011717, 0.003218714759081873870, 0.003562693717788736458, 0.004250651635202469004, 0.004594630593909335495, 0.004938609552616201118, 0.005626567470029908945 ),
 .UNSPECIFIED. ) ;
#3400 = ORIENTED_EDGE ( 'NONE', *, *, #6568, .F. ) ;
#3399 = AXIS2_PLACEMENT_3D ( 'NONE', #2169, #6577, #1061 ) ;
#3401 = CARTESIAN_POINT ( 'NONE',  ( 1.556906051385452905, -77.00000000000004263, -5.000000000000002665 ) ) ;
#3402 = VECTOR ( 'NONE', #2648, 999.9999999999998863 ) ;
#3403 = CARTESIAN_POINT ( 'NONE',  ( -20.26798658114872609, -58.63618827283295332, 3.280411882653622602 ) ) ;
#3404 = CARTESIAN_POINT ( 'NONE',  ( 13.81412485273292212, -72.79704652218366334, 22.63344493483727504 ) ) ;
#3405 = AXIS2_PLACEMENT_3D ( 'NONE', #539, #5603, #3334 ) ;
#3406 = ORIENTED_EDGE ( 'NONE', *, *, #806, .F. ) ;
#3407 = CARTESIAN_POINT ( 'NONE',  ( -14.44428175279543147, -59.40752366131757611, 25.00776252446869563 ) ) ;
#3408 = CARTESIAN_POINT ( 'NONE',  ( -12.77889160815128911, -74.00000000000004263, 6.609095601163369693 ) ) ;
#3409 = CARTESIAN_POINT ( 'NONE',  ( 13.39192060792208849, -77.00000000000004263, 27.51780981161608253 ) ) ;
#3410 = DIRECTION ( 'NONE',  ( 1.330321911110254514E-16, -1.000000000000000000, -0.000000000000000000 ) ) ;
#3411 = CARTESIAN_POINT ( 'NONE',  ( -38.68627997701627663, 51.68976322902436493, 1.450000000000001954 ) ) ;
#3412 = CARTESIAN_POINT ( 'NONE',  ( -4.101851172648061095, -61.61990704827198329, 21.81024635633896125 ) ) ;
#3413 = VERTEX_POINT ( 'NONE', #1533 ) ;
#3414 = DIRECTION ( 'NONE',  ( 0.000000000000000000, 0.000000000000000000, 1.000000000000000000 ) ) ;
#3415 = AXIS2_PLACEMENT_3D ( 'NONE', #6335, #4927, #5926 ) ;
#3416 = CARTESIAN_POINT ( 'NONE',  ( 21.62540611165023563, -69.20677310332858667, 6.143668502190836378 ) ) ;
#3417 = CARTESIAN_POINT ( 'NONE',  ( 22.05735877155653313, -70.46621326686911857, 10.21134945699456686 ) ) ;
#3418 = CARTESIAN_POINT ( 'NONE',  ( 2.256339419005478408, -66.82414269559700415, 1.670658694975916347 ) ) ;
#3419 = CARTESIAN_POINT ( 'NONE',  ( 8.499666697460590115, -77.00000000000005684, -4.054494665191809233 ) ) ;
#3420 = DIRECTION ( 'NONE',  ( 1.553732654557586955E-16, -1.000000000000000000, 0.000000000000000000 ) ) ;
#3421 = CARTESIAN_POINT ( 'NONE',  ( -19.34742661900797600, -69.35742465777751420, 20.01912014594751099 ) ) ;
#3422 = VERTEX_POINT ( 'NONE', #990 ) ;
#3423 = ORIENTED_EDGE ( 'NONE', *, *, #2109, .F. ) ;
#3424 = CARTESIAN_POINT ( 'NONE',  ( -17.04817713840273896, -77.00000000000004263, 10.90835656733359116 ) ) ;
#3425 = CARTESIAN_POINT ( 'NONE',  ( 24.51858991215565453, -77.00000000000004263, 18.32856540893965658 ) ) ;
#3426 = CARTESIAN_POINT ( 'NONE',  ( -7.119641059399782534, -70.56804698812145205, 1.089451691814136369 ) ) ;
#3427 = CARTESIAN_POINT ( 'NONE',  ( 25.99999999999999645, -74.00000000000004263, 12.50000000000000000 ) ) ;
#3428 = CARTESIAN_POINT ( 'NONE',  ( 19.35259342073107547, -66.68867117181915205, 4.647375304875152047 ) ) ;
#3429 = CARTESIAN_POINT ( 'NONE',  ( -0.001737809258973430472, -74.00000000000004263, 1.252149606933893100 ) ) ;
#3430 = CARTESIAN_POINT ( 'NONE',  ( 16.87180702193325033, -77.00000000000004263, 14.48864745459711401 ) ) ;
#3431 = DIRECTION ( 'NONE',  ( 1.000000000000000000, 0.000000000000000000, 0.000000000000000000 ) ) ;
#3433 = ADVANCED_FACE ( 'NONE', ( #2630 ), #1787, .T. ) ;
#3432 = LINE ( 'NONE', #55, #1038 ) ;
#3434 = EDGE_CURVE ( 'NONE', #3623, #3315, #974, .T. ) ;
#3435 = ORIENTED_EDGE ( 'NONE', *, *, #5391, .F. ) ;
#3436 = VECTOR ( 'NONE', #5394, 1000.000000000000000 ) ;
#3437 = DIRECTION ( 'NONE',  ( 0.000000000000000000, -0.000000000000000000, -1.000000000000000000 ) ) ;
#3438 = EDGE_LOOP ( 'NONE', ( #1513, #892, #5033, #1401 ) ) ;
#3439 = CARTESIAN_POINT ( 'NONE',  ( -40.20000000000160867, 50.00000000000250111, 2.576389018814377430 ) ) ;
#3440 = CARTESIAN_POINT ( 'NONE',  ( -3.113612652743710463, -77.00000000000005684, -4.905133212289967126 ) ) ;
#3441 = VECTOR ( 'NONE', #2377, 1000.000000000000000 ) ;
#3442 = CARTESIAN_POINT ( 'NONE',  ( -21.23801335705637783, -61.12103161623368663, 3.916694524569392488 ) ) ;
#3443 = CARTESIAN_POINT ( 'NONE',  ( 13.10926307948100522, -59.53659475478605145, 21.47949642991819630 ) ) ;
#3444 = CIRCLE ( 'NONE', #5625, 91.63661590615784291 ) ;
#3445 = ORIENTED_EDGE ( 'NONE', *, *, #5943, .F. ) ;
#3446 = CARTESIAN_POINT ( 'NONE',  ( 18.75614490102389453, -77.77967650617955542, 24.76705369495154585 ) ) ;
#3447 = CARTESIAN_POINT ( 'NONE',  ( 17.74748603729677043, -74.00000000000004263, 12.49999999999993783 ) ) ;
#3448 = CARTESIAN_POINT ( 'NONE',  ( 14.30584225319161362, -77.00000000000002842, 27.13099647796975589 ) ) ;
#3449 = CARTESIAN_POINT ( 'NONE',  ( -8.707446609726076758, -77.00000000000004263, 4.924616934073022811 ) ) ;
#3450 = PLANE ( 'NONE',  #4584 ) ;
#3451 = CARTESIAN_POINT ( 'NONE',  ( -5.125804643247757753, -61.57340714406421966, 21.78651355608407414 ) ) ;
#3452 = ORIENTED_EDGE ( 'NONE', *, *, #496, .T. ) ;
#3453 = CARTESIAN_POINT ( 'NONE',  ( -25.53835848676042275, -60.00000000000003553, 0.000000000000000000 ) ) ;
#3454 = CARTESIAN_POINT ( 'NONE',  ( 21.52552370594068876, -60.68190193350658035, 17.97271838392540033 ) ) ;
#3455 = CARTESIAN_POINT ( 'NONE',  ( 22.11183528976024348, -70.50405220666658579, 11.35652417619011878 ) ) ;
#3456 = CARTESIAN_POINT ( 'NONE',  ( -1.330460493209840944, -75.82870453950671674, -1.007256746128857294 ) ) ;
#3457 = CARTESIAN_POINT ( 'NONE',  ( -33.50000000000000000, 57.82297459836042464, 25.00000000000000000 ) ) ;
#3458 = DIRECTION ( 'NONE',  ( -1.330321911110254514E-16, 1.000000000000000000, 0.000000000000000000 ) ) ;
#3459 = CARTESIAN_POINT ( 'NONE',  ( -18.34460436924770477, -61.52486571647872182, 21.23752639016245070 ) ) ;
#3460 = ORIENTED_EDGE ( 'NONE', *, *, #1819, .F. ) ;
#3461 = ORIENTED_EDGE ( 'NONE', *, *, #4276, .T. ) ;
#3462 = DIRECTION ( 'NONE',  ( 1.330321911110254514E-16, -1.000000000000000000, 0.000000000000000000 ) ) ;
#3463 = CARTESIAN_POINT ( 'NONE',  ( -14.84232250118491159, -66.02549550055667282, 3.418648349992305935 ) ) ;
#3464 = DIRECTION ( 'NONE',  ( -1.330321911110254761E-16, 1.000000000000000000, -0.000000000000000000 ) ) ;
#3465 = CARTESIAN_POINT ( 'NONE',  ( 14.84232250118485474, -66.02549550055668703, 3.418648349992292612 ) ) ;
#3466 = FACE_OUTER_BOUND ( 'NONE', #4017, .T. ) ;
#3467 = CARTESIAN_POINT ( 'NONE',  ( 17.04817713840274251, -77.00000000000004263, 14.09164343266637687 ) ) ;
#3468 = CARTESIAN_POINT ( 'NONE',  ( 40.00000000000000711, -47.29829407782838757, 12.50000000000000000 ) ) ;
#3469 = CARTESIAN_POINT ( 'NONE',  ( 0.000000000000000000, -74.00000000000004263, 12.50000000000000000 ) ) ;
#3470 = EDGE_LOOP ( 'NONE', ( #4056, #1095, #6867, #5664 ) ) ;
#3471 = VERTEX_POINT ( 'NONE', #4881 ) ;
#3472 = CARTESIAN_POINT ( 'NONE',  ( 10.46332772291167323, -77.00000000000007105, -3.552475960547270439 ) ) ;
#3473 = AXIS2_PLACEMENT_3D ( 'NONE', #6865, #873, #6319 ) ;
#3474 = EDGE_CURVE ( 'NONE', #6093, #3268, #3380, .T. ) ;
#3475 = CARTESIAN_POINT ( 'NONE',  ( -22.09462983555221882, -62.29733731995106893, 4.331785656118078975 ) ) ;
#3476 = CARTESIAN_POINT ( 'NONE',  ( 16.59877520423060204, -64.44795414221304952, 21.21679567440394720 ) ) ;
#3477 = ORIENTED_EDGE ( 'NONE', *, *, #2508, .T. ) ;
#3478 = CARTESIAN_POINT ( 'NONE',  ( 24.33081087423603250, -77.77967650617952700, 18.44953977717404570 ) ) ;
#3479 = ADVANCED_FACE ( 'NONE', ( #839 ), #2223, .F. ) ;
#3480 = DIRECTION ( 'NONE',  ( 0.000000000000000000, 0.000000000000000000, 1.000000000000000000 ) ) ;
#3481 = EDGE_CURVE ( 'NONE', #4425, #1218, #6350, .T. ) ;
#3482 = CARTESIAN_POINT ( 'NONE',  ( 18.48490984220461897, -77.00000000000002842, 24.82805279318311875 ) ) ;
#3483 = CARTESIAN_POINT ( 'NONE',  ( -16.44962808176718383, -77.00000000000004263, 9.758157174275796208 ) ) ;
#3484 = SHAPE_DEFINITION_REPRESENTATION ( #688, #5119 ) ;
#3485 = DIRECTION ( 'NONE',  ( 0.000000000000000000, 0.000000000000000000, 1.000000000000000000 ) ) ;
#3486 = CARTESIAN_POINT ( 'NONE',  ( -4.808524193034587668, -70.63984312410723021, 24.24686620399959480 ) ) ;
#3487 = ORIENTED_EDGE ( 'NONE', *, *, #4816, .F. ) ;
#3488 = CARTESIAN_POINT ( 'NONE',  ( -38.68627997701626242, -42.62925679096758103, 1.450000000000001288 ) ) ;
#3489 = CARTESIAN_POINT ( 'NONE',  ( 38.50000000000000000, 35.00000000000000711, 12.50000000000000000 ) ) ;
#3490 = CARTESIAN_POINT ( 'NONE',  ( 21.94772718806803269, -67.71421447789884951, 11.15310323875512566 ) ) ;
#3491 = CARTESIAN_POINT ( 'NONE',  ( -2.424533570873987909, -70.68004276494271210, 0.5550033624445399605 ) ) ;
#3492 = CARTESIAN_POINT ( 'NONE',  ( -25.99999999999999645, -74.00000000000004263, 12.50000000000000000 ) ) ;
#3493 = CARTESIAN_POINT ( 'NONE',  ( -18.39193494247141203, -62.84777645490260767, 21.06545984769245194 ) ) ;
#3494 = ORIENTED_EDGE ( 'NONE', *, *, #2195, .T. ) ;
#3495 = ORIENTED_EDGE ( 'NONE', *, *, #5186, .F. ) ;
#3496 = DIRECTION ( 'NONE',  ( 0.000000000000000000, 0.000000000000000000, 1.000000000000000000 ) ) ;
#3497 = CARTESIAN_POINT ( 'NONE',  ( -12.25111018186645673, -60.97307327955368095, 3.442853262811018222 ) ) ;
#3498 = CARTESIAN_POINT ( 'NONE',  ( 14.05308074613229330, -67.45727340253742454, 3.124321327414845584 ) ) ;
#3499 = DIRECTION ( 'NONE',  ( 1.000000000000000000, 0.000000000000000000, 0.000000000000000000 ) ) ;
#3500 = CARTESIAN_POINT ( 'NONE',  ( 17.57257356311983898, -77.00000000000004263, 12.89786075271123345 ) ) ;
#3501 = CARTESIAN_POINT ( 'NONE',  ( -36.79999999999999005, 50.00000000000000711, 17.00000000000000000 ) ) ;
#3502 = ORIENTED_EDGE ( 'NONE', *, *, #677, .T. ) ;
#3503 = EDGE_CURVE ( 'NONE', #3268, #1887, #201, .T. ) ;
#3504 = CARTESIAN_POINT ( 'NONE',  ( -14.49753548012705018, -77.77967650617951278, -2.237910305713641801 ) ) ;
#3505 = CARTESIAN_POINT ( 'NONE',  ( -20.94756383570937786, -66.39396889406592095, 5.134432792162640702 ) ) ;
#3506 = CARTESIAN_POINT ( 'NONE',  ( 18.51232292992418138, -66.82899421502766302, 20.60587220214965498 ) ) ;
#3507 = ORIENTED_EDGE ( 'NONE', *, *, #4373, .T. ) ;
#3508 = ORIENTED_EDGE ( 'NONE', *, *, #2220, .T. ) ;
#3509 = CARTESIAN_POINT ( 'NONE',  ( 24.62554863791277526, -77.77967650617954121, 17.76451565837698965 ) ) ;
#3510 = DIRECTION ( 'NONE',  ( -1.000000000000000000, 0.000000000000000000, 0.000000000000000000 ) ) ;
#3511 = CARTESIAN_POINT ( 'NONE',  ( 11.49281246276260404, -77.00000000000005684, 28.21431682513920691 ) ) ;
#3512 = CARTESIAN_POINT ( 'NONE',  ( 16.75367192968610297, -77.00000000000004263, 10.27516479279313977 ) ) ;
#3513 = CARTESIAN_POINT ( 'NONE',  ( 40.00000000000000711, -47.29829407782839468, 21.50000000000000000 ) ) ;
#3514 = CARTESIAN_POINT ( 'NONE',  ( -21.64607475027661820, -76.00069313373523983, 2.804860676170231493 ) ) ;
#3515 = CARTESIAN_POINT ( 'NONE',  ( 1.211309899111764343, -70.69001368063324264, 24.49587708175441492 ) ) ;
#3516 = VECTOR ( 'NONE', #6192, 1000.000000000000000 ) ;
#3517 = EDGE_CURVE ( 'NONE', #2785, #3893, #3614, .T. ) ;
#3518 = ORIENTED_EDGE ( 'NONE', *, *, #3999, .T. ) ;
#3519 = FILL_AREA_STYLE ('',( #1888 ) ) ;
#3520 = CARTESIAN_POINT ( 'NONE',  ( 21.46532545357950994, -57.81956861129069836, 2.464651951865220347 ) ) ;
#3521 = CARTESIAN_POINT ( 'NONE',  ( -2.561749120377065361E-14, -64.26665010704131475, 2.393347498713896293 ) ) ;
#3522 = DIRECTION ( 'NONE',  ( -1.330321911110254514E-16, 1.000000000000000000, -0.000000000000000000 ) ) ;
#3523 = DIRECTION ( 'NONE',  ( -1.000000000000000000, 0.000000000000000000, 0.000000000000000000 ) ) ;
#3524 = CARTESIAN_POINT ( 'NONE',  ( -11.91968504268917250, -66.34290924761987185, 22.18759070164508529 ) ) ;
#3525 = ORIENTED_EDGE ( 'NONE', *, *, #6194, .F. ) ;
#3526 = VECTOR ( 'NONE', #7015, 1000.000000000000000 ) ;
#3527 = EDGE_LOOP ( 'NONE', ( #7035, #4041, #455 ) ) ;
#3528 = CARTESIAN_POINT ( 'NONE',  ( -11.17054101212912265, -74.00000000000004263, 5.867522945517623434 ) ) ;
#3529 = CARTESIAN_POINT ( 'NONE',  ( 25.05344282515679311, -57.72388461084813827, 26.13562917073670633 ) ) ;
#3530 = CARTESIAN_POINT ( 'NONE',  ( -13.29205878515830541, -75.48242817883399880, 1.639528112355148615 ) ) ;
#3531 = CARTESIAN_POINT ( 'NONE',  ( 12.40954253034728971, -62.29188862515681535, 3.343637757471225047 ) ) ;
#3532 = CARTESIAN_POINT ( 'NONE',  ( -39.99999999999998579, -31.63661590615785002, 21.50000000000000000 ) ) ;
#3533 = CARTESIAN_POINT ( 'NONE',  ( -21.68165856366044508, -63.50646192797382383, 9.221912725020048995 ) ) ;
#3534 = CARTESIAN_POINT ( 'NONE',  ( 38.68627997701627663, 36.68976322902436493, 1.450000000000001732 ) ) ;
#3535 = VECTOR ( 'NONE', #4691, 1000.000000000000000 ) ;
#3536 = VERTEX_POINT ( 'NONE', #981 ) ;
#3537 = B_SPLINE_CURVE_WITH_KNOTS ( 'NONE', 3,
 ( #443, #4713, #5916, #5886 ),
 .UNSPECIFIED., .F., .F.,
 ( 4, 4 ),
 ( 0.01395072205044173286, 0.02125288521570437711 ),
 .UNSPECIFIED. ) ;
#3538 = LINE ( 'NONE', #4958, #1705 ) ;
#3539 = CARTESIAN_POINT ( 'NONE',  ( -20.56825818433694764, -71.75311618875674924, 6.065429901611573804 ) ) ;
#3540 = CARTESIAN_POINT ( 'NONE',  ( 19.35334771641780094, -70.69687930235163265, 19.88768782839761684 ) ) ;
#3541 = CARTESIAN_POINT ( 'NONE',  ( 12.36694661346228408, -74.00000000000004263, 18.54794120696535487 ) ) ;
#3542 = EDGE_LOOP ( 'NONE', ( #2325, #4412, #6287, #3251 ) ) ;
#3543 = CARTESIAN_POINT ( 'NONE',  ( 25.00000000000000000, -60.00000000000003553, 25.00000000000000000 ) ) ;
#3544 = CARTESIAN_POINT ( 'NONE',  ( 17.30967689267230725, -74.00000000000005684, 13.49447239341120941 ) ) ;
#3545 = CARTESIAN_POINT ( 'NONE',  ( -4.307310632736108147, -77.00000000000004263, 29.77348748227708342 ) ) ;
#3546 = CARTESIAN_POINT ( 'NONE',  ( 21.54134882557721298, -60.80578231555503521, 12.50000000000000000 ) ) ;
#3547 = CARTESIAN_POINT ( 'NONE',  ( 36.80000000000000426, -44.31902001999193175, 17.00000000000000000 ) ) ;
#3548 = CARTESIAN_POINT ( 'NONE',  ( 4.699656026346051618, -69.35234317389006264, 23.89799646755898621 ) ) ;
#3549 = VERTEX_POINT ( 'NONE', #1557 ) ;
#3550 = CARTESIAN_POINT ( 'NONE',  ( -2.931798655200703596, -74.00000000000005684, -4.039521468944677451 ) ) ;
#3551 = CARTESIAN_POINT ( 'NONE',  ( 21.61036000839348858, -74.08803984923665098, 7.632402111171920467 ) ) ;
#3552 = EDGE_CURVE ( 'NONE', #4614, #1162, #747, .T. ) ;
#3553 = EDGE_CURVE ( 'NONE', #1996, #6309, #5907, .T. ) ;
#3554 = CARTESIAN_POINT ( 'NONE',  ( -4.594442449191523892, -68.06437127110638130, 1.450579692877383975 ) ) ;
#3555 = DIRECTION ( 'NONE',  ( -0.000000000000000000, -0.000000000000000000, -1.000000000000000000 ) ) ;
#3556 = CARTESIAN_POINT ( 'NONE',  ( 38.50000000000000000, 35.00000000000000711, 12.50000000000000000 ) ) ;
#3557 = CARTESIAN_POINT ( 'NONE',  ( -13.10926307948815328, -59.53659475478522722, 21.47949642991830643 ) ) ;
#3558 = ORIENTED_EDGE ( 'NONE', *, *, #3474, .F. ) ;
#3559 = VERTEX_POINT ( 'NONE', #4977 ) ;
#3560 = CARTESIAN_POINT ( 'NONE',  ( 24.51858991215560479, -77.00000000000004263, 6.671434591060250163 ) ) ;
#3561 = CARTESIAN_POINT ( 'NONE',  ( -13.72778536718267439, -64.82086968087327250, 3.286279602076882078 ) ) ;
#3562 = EDGE_CURVE ( 'NONE', #1319, #5952, #3370, .T. ) ;
#3563 = CARTESIAN_POINT ( 'NONE',  ( 14.21784297905692362, -75.40849349614423147, 2.088495504837844408 ) ) ;
#3564 = DIRECTION ( 'NONE',  ( -1.000000000000000000, 0.000000000000000000, 0.000000000000000000 ) ) ;
#3565 = CARTESIAN_POINT ( 'NONE',  ( -16.39801473810179289, -77.00000000000004263, 15.29153128852949450 ) ) ;
#3566 = CIRCLE ( 'NONE', #6313, 1.700000000000000178 ) ;
#3567 = VERTEX_POINT ( 'NONE', #4435 ) ;
#3568 = LINE ( 'NONE', #1508, #5711 ) ;
#3569 = CARTESIAN_POINT ( 'NONE',  ( 16.74994038937087026, -75.15373283753305600, 21.50348784386726564 ) ) ;
#3570 = VECTOR ( 'NONE', #271, 1000.000000000000000 ) ;
#3571 = ORIENTED_EDGE ( 'NONE', *, *, #6635, .T. ) ;
#3572 = DIRECTION ( 'NONE',  ( 1.553732654557586955E-16, -1.000000000000000000, 0.000000000000000000 ) ) ;
#3573 =( BOUNDED_CURVE ( )  B_SPLINE_CURVE ( 3, ( #335, #5719, #1453, #2488 ),
 .UNSPECIFIED., .F., .T. ) 
 B_SPLINE_CURVE_WITH_KNOTS ( ( 4, 4 ),
 ( 2.568770807157867875, 2.816960262790639380 ),
 .UNSPECIFIED. ) 
 CURVE ( )  GEOMETRIC_REPRESENTATION_ITEM ( )  RATIONAL_B_SPLINE_CURVE ( ( 1.000000000000000000, 0.9948734168135239253, 0.9948734168135239253, 1.000000000000000000 ) ) 
 REPRESENTATION_ITEM ( '' )  );
#3574 = CARTESIAN_POINT ( 'NONE',  ( 22.49889734027490462, -77.77967650617952700, 21.28107315993378634 ) ) ;
#3575 = LINE ( 'NONE', #5704, #3535 ) ;
#3576 = LINE ( 'NONE', #5768, #4653 ) ;
#3577 = CARTESIAN_POINT ( 'NONE',  ( 21.27786486927647402, -59.81605684644531351, 3.576001384157934559 ) ) ;
#3578 = DIRECTION ( 'NONE',  ( 1.330321911110254514E-16, -1.000000000000000000, 0.000000000000000000 ) ) ;
#3579 = B_SPLINE_CURVE_WITH_KNOTS ( 'NONE', 3,
 ( #4398, #2261, #148, #2301, #4476, #2190 ),
 .UNSPECIFIED., .F., .F.,
 ( 4, 2, 4 ),
 ( -3.974920090265656635E-05, 0.001522209076495593125, 0.003084167353893843121 ),
 .UNSPECIFIED. ) ;
#3580 = CARTESIAN_POINT ( 'NONE',  ( -13.64424412175135437, -60.00000000000003553, 0.000000000000000000 ) ) ;
#3581 = CARTESIAN_POINT ( 'NONE',  ( 1.269873893821521271, -73.25935911006997969, 25.25156691394171560 ) ) ;
#3582 = B_SPLINE_CURVE_WITH_KNOTS ( 'NONE', 3,
 ( #5464, #6439, #2206, #4924, #556, #3244, #4378, #2742, #5924, #3697, #5964, #14, #3317, #3209 ),
 .UNSPECIFIED., .F., .F.,
 ( 4, 2, 2, 2, 2, 2, 4 ),
 ( 0.002874735800375039906, 0.003218714759081895988, 0.003562693717788752070, 0.004250651635202471607, 0.004594630593909331158, 0.004938609552616190709, 0.005626567470029918486 ),
 .UNSPECIFIED. ) ;
#3583 = VERTEX_POINT ( 'NONE', #2834 ) ;
#3584 = CARTESIAN_POINT ( 'NONE',  ( -25.00000000000000000, -60.00000000000004263, 14.58333333333333037 ) ) ;
#3585 = CARTESIAN_POINT ( 'NONE',  ( -20.46309068487977001, -74.00000000000004263, 1.811172480120000206 ) ) ;
#3586 = CARTESIAN_POINT ( 'NONE',  ( -9.903622830633144858, -74.00000000000002842, 27.92556843809775202 ) ) ;
#3587 = CARTESIAN_POINT ( 'NONE',  ( -1.299882894431946934, -74.54403182478833401, -0.6294118300352179451 ) ) ;
#3588 = CARTESIAN_POINT ( 'NONE',  ( -36.07656106749474390, 57.21248995601282417, 24.66782623052980483 ) ) ;
#3589 = CYLINDRICAL_SURFACE ( 'NONE', #6799, 10.00000000000000178 ) ;
#3590 = CARTESIAN_POINT ( 'NONE',  ( -12.73566226850596905, -64.92609557773819517, 21.87234969952891106 ) ) ;
#3591 = FACE_OUTER_BOUND ( 'NONE', #3287, .T. ) ;
#3592 = ADVANCED_FACE ( 'NONE', ( #106 ), #4359, .T. ) ;
#3593 = ORIENTED_EDGE ( 'NONE', *, *, #6000, .T. ) ;
#3594 = ORIENTED_EDGE ( 'NONE', *, *, #6914, .T. ) ;
#3595 = CARTESIAN_POINT ( 'NONE',  ( 24.88177154653316592, -57.72388461084815248, 8.031245347946439850 ) ) ;
#3596 = CARTESIAN_POINT ( 'NONE',  ( -14.69845667717047277, -64.70285421305047180, 3.452197213036421353 ) ) ;
#3597 = CARTESIAN_POINT ( 'NONE',  ( 15.14209366962186287, -68.66774532492065930, 3.330733884462281136 ) ) ;
#3598 = CARTESIAN_POINT ( 'NONE',  ( -40.20000000000013785, -44.43443020006989030, 2.576389018813157072 ) ) ;
#3599 = LINE ( 'NONE', #5858, #3760 ) ;
#3600 = EDGE_CURVE ( 'NONE', #5145, #3937, #2153, .T. ) ;
#3601 = ORIENTED_EDGE ( 'NONE', *, *, #2290, .F. ) ;
#3602 = PRESENTATION_STYLE_ASSIGNMENT (( #1433 ) ) ;
#3603 = CARTESIAN_POINT ( 'NONE',  ( 18.34460436924086579, -61.52486571647968105, 21.23752639016286281 ) ) ;
#3604 = ORIENTED_EDGE ( 'NONE', *, *, #5200, .T. ) ;
#3605 = DIRECTION ( 'NONE',  ( -1.000000000000000000, 0.000000000000000000, 0.000000000000000000 ) ) ;
#3606 = CARTESIAN_POINT ( 'NONE',  ( 43.50000000000001421, -49.31902001999208807, 15.00000000000000178 ) ) ;
#3607 = CARTESIAN_POINT ( 'NONE',  ( 15.90764138402862571, -74.00000000000005684, 15.94506442953812275 ) ) ;
#3608 = DIRECTION ( 'NONE',  ( -0.000000000000000000, -0.000000000000000000, -1.000000000000000000 ) ) ;
#3609 = CARTESIAN_POINT ( 'NONE',  ( 21.01362485803129587, -72.96805158311821060, 6.679200075616119392 ) ) ;
#3610 = CARTESIAN_POINT ( 'NONE',  ( -25.59826332794827053, -74.00000000000004263, 9.435546880716984219 ) ) ;
#3611 = CARTESIAN_POINT ( 'NONE',  ( -21.44042580150799893, -75.00066329270748611, 2.600004593438578482 ) ) ;
#3612 = CARTESIAN_POINT ( 'NONE',  ( -3.692438212349108750E-12, -62.98197739232298886, 22.22880758519247735 ) ) ;
#3613 = ORIENTED_EDGE ( 'NONE', *, *, #6237, .F. ) ;
#3614 = B_SPLINE_CURVE_WITH_KNOTS ( 'NONE', 3,
 ( #2054, #332, #2088, #6928, #3191, #3155, #435, #1988, #907, #465, #3586, #3055, #3653, #2021, #3684, #5273, #4767, #2656, #5239, #4176, #5379, #6385, #1490, #5306, #3123, #4801, #4215, #2522, #4247, #5878 ),
 .UNSPECIFIED., .F., .F.,
 ( 4, 2, 2, 2, 2, 2, 2, 2, 2, 2, 2, 2, 2, 2, 4 ),
 ( 0.004785657857171235485, 0.004853948916263940878, 0.008620093637365072725, 0.01238623835846620370, 0.01615238307956734509, 0.01991852780066848821, 0.02368467252176963134, 0.02745081724287077099, 0.03121696196397190370, 0.03498310668507303989, 0.03874925140617418301, 0.04251539612727531919, 0.04628154084837645538, 0.05004768556947759156, 0.05011597662861320274 ),
 .UNSPECIFIED. ) ;
#3615 = CARTESIAN_POINT ( 'NONE',  ( 21.40534784611482877, -58.03392150436131658, 18.50035517330377033 ) ) ;
#3616 = CARTESIAN_POINT ( 'NONE',  ( 35.95213502554262419, -43.03838703064634785, 0.3048104378467183517 ) ) ;
#3617 = VECTOR ( 'NONE', #5811, 1000.000000000000114 ) ;
#3618 = CARTESIAN_POINT ( 'NONE',  ( -5.982619982725101870, -70.60936813190389216, 0.9007568205527852756 ) ) ;
#3619 = DIRECTION ( 'NONE',  ( -0.000000000000000000, -0.000000000000000000, -1.000000000000000000 ) ) ;
#3620 = FACE_OUTER_BOUND ( 'NONE', #4681, .T. ) ;
#3621 = CARTESIAN_POINT ( 'NONE',  ( -14.21908382397551129, -68.77449050401818909, 21.96079395297314818 ) ) ;
#3622 = DIRECTION ( 'NONE',  ( 0.000000000000000000, -0.000000000000000000, -1.000000000000000000 ) ) ;
#3623 = VERTEX_POINT ( 'NONE', #647 ) ;
#3624 = AXIS2_PLACEMENT_3D ( 'NONE', #691, #1117, #3300 ) ;
#3625 = ORIENTED_EDGE ( 'NONE', *, *, #1186, .T. ) ;
#3626 = CARTESIAN_POINT ( 'NONE',  ( 26.05286915988837038, -77.89877571810220047, 13.39560750896157870 ) ) ;
#3627 = CARTESIAN_POINT ( 'NONE',  ( -25.00000000000000000, -60.00000000000003553, -0.5830490930750711343 ) ) ;
#3628 = CARTESIAN_POINT ( 'NONE',  ( 8.960884128208148169, -75.69482955460415496, 0.1232078845694265096 ) ) ;
#3629 = CARTESIAN_POINT ( 'NONE',  ( -22.26297994216955445, -74.00000000000002842, 10.85934066269387444 ) ) ;
#3630 = DIRECTION ( 'NONE',  ( -1.000000000000000000, -1.553732654557586955E-16, 0.000000000000000000 ) ) ;
#3631 = VERTEX_POINT ( 'NONE', #6530 ) ;
#3632 = DIRECTION ( 'NONE',  ( 0.000000000000000000, 0.000000000000000000, 1.000000000000000000 ) ) ;
#3633 = MECHANICAL_DESIGN_GEOMETRIC_PRESENTATION_REPRESENTATION (  '', ( #4785 ), #6044 ) ;
#3634 = EDGE_CURVE ( 'NONE', #2541, #7044, #2695, .T. ) ;
#3635 =( LENGTH_UNIT ( ) NAMED_UNIT ( * ) SI_UNIT ( .MILLI., .METRE. ) );
#3636 = EDGE_CURVE ( 'NONE', #5513, #1789, #4939, .T. ) ;
#3637 = CARTESIAN_POINT ( 'NONE',  ( 20.20629099325755718, -65.21030849262112383, 20.32995585463124399 ) ) ;
#3638 = CARTESIAN_POINT ( 'NONE',  ( 6.160766860776627496, -77.00000000000004263, 20.73819215370817304 ) ) ;
#3639 = VECTOR ( 'NONE', #5981, 1000.000000000000000 ) ;
#3640 = ORIENTED_EDGE ( 'NONE', *, *, #6545, .F. ) ;
#3641 = CARTESIAN_POINT ( 'NONE',  ( -6.160766860776644371, -77.00000000000004263, 4.261807846291829627 ) ) ;
#3642 = CARTESIAN_POINT ( 'NONE',  ( 43.50000000000000000, 40.00000000000000711, 10.00000000000000000 ) ) ;
#3643 = CARTESIAN_POINT ( 'NONE',  ( 0.000000000000000000, -74.00000000000004263, 12.50000000000000000 ) ) ;
#3644 = CARTESIAN_POINT ( 'NONE',  ( -2.467004117297476373, -74.00000000000004263, -0.3953793150384130040 ) ) ;
#3645 = CARTESIAN_POINT ( 'NONE',  ( -39.99999999999998579, -14.00000000000004619, 8.500000000000000000 ) ) ;
#3646 = CARTESIAN_POINT ( 'NONE',  ( -39.99999999999999289, 48.00000000000001421, 12.50000000000000000 ) ) ;
#3647 = FACE_OUTER_BOUND ( 'NONE', #2681, .T. ) ;
#3648 = EDGE_CURVE ( 'NONE', #4602, #3567, #1329, .T. ) ;
#3649 = CARTESIAN_POINT ( 'NONE',  ( -4.267257420772829454E-12, -70.69001368063321422, 24.49587708175430123 ) ) ;
#3650 = VECTOR ( 'NONE', #4730, 1000.000000000000000 ) ;
#3651 = CARTESIAN_POINT ( 'NONE',  ( -36.50279024607642242, -42.50816395069297471, 0.4598855574376689570 ) ) ;
#3652 = CARTESIAN_POINT ( 'NONE',  ( 40.10798435799273420, 35.56243457424884724, 2.494153140872462426 ) ) ;
#3653 = CARTESIAN_POINT ( 'NONE',  ( -5.802520853767680897, -74.00000000000005684, 28.73440408133582480 ) ) ;
#3654 = LINE ( 'NONE', #5307, #4071 ) ;
#3655 = CARTESIAN_POINT ( 'NONE',  ( -39.99999999999998579, -46.31902001999193175, 3.499999999999999556 ) ) ;
#3656 = CARTESIAN_POINT ( 'NONE',  ( -14.05308074613386893, -67.45727340253723980, 21.87567867258474763 ) ) ;
#3657 = CARTESIAN_POINT ( 'NONE',  ( 40.00000000000000711, -31.63661590615783581, 3.500000000000000000 ) ) ;
#3658 = VERTEX_POINT ( 'NONE', #7065 ) ;
#3659 = ORIENTED_EDGE ( 'NONE', *, *, #6734, .F. ) ;
#3660 = CARTESIAN_POINT ( 'NONE',  ( 26.00000000000000000, -77.00000000000002842, 11.54475158891634301 ) ) ;
#3661 = CARTESIAN_POINT ( 'NONE',  ( -16.69887295139431416, -77.00000000000004263, 14.82144251774741939 ) ) ;
#3662 = CARTESIAN_POINT ( 'NONE',  ( 7.609620385704539025, -65.34645094381137653, 2.424525909978004101 ) ) ;
#3663 = CARTESIAN_POINT ( 'NONE',  ( 25.00000000000000000, -60.00000000000003553, 25.58304909307497610 ) ) ;
#3664 = CARTESIAN_POINT ( 'NONE',  ( 25.59344066623021163, -74.00000000000004263, 9.417352158018534425 ) ) ;
#3665 = PLANE ( 'NONE',  #1576 ) ;
#3666 = ORIENTED_EDGE ( 'NONE', *, *, #4886, .F. ) ;
#3667 = CARTESIAN_POINT ( 'NONE',  ( 25.59826332794827053, -74.00000000000004263, 15.56445311928302644 ) ) ;
#3668 = DIRECTION ( 'NONE',  ( 0.8660254037844380415, -0.5000000000000012212, 0.000000000000000000 ) ) ;
#3669 = CARTESIAN_POINT ( 'NONE',  ( 21.73250879637928534, -66.24641289751556883, 19.62693059876978197 ) ) ;
#3670 = CARTESIAN_POINT ( 'NONE',  ( -6.920907836083582509, -74.00000000000004263, 20.55758294841782785 ) ) ;
#3671 = EDGE_LOOP ( 'NONE', ( #5493, #5985, #2313, #3128 ) ) ;
#3672 = ORIENTED_EDGE ( 'NONE', *, *, #724, .F. ) ;
#3673 = EDGE_CURVE ( 'NONE', #329, #387, #4280, .T. ) ;
#3674 = CARTESIAN_POINT ( 'NONE',  ( 11.09144526588902480, -74.00000000000004263, 5.832334050879087073 ) ) ;
#3675 = CARTESIAN_POINT ( 'NONE',  ( 42.45585425402565249, 40.82082737120757798, 5.537796333058522258 ) ) ;
#3676 = CARTESIAN_POINT ( 'NONE',  ( -43.49999999999998579, -49.31902001999193885, 4.142135623730950122 ) ) ;
#3677 = PLANE ( 'NONE',  #5576 ) ;
#3678 = DIRECTION ( 'NONE',  ( -0.000000000000000000, -0.000000000000000000, -1.000000000000000000 ) ) ;
#3679 = CARTESIAN_POINT ( 'NONE',  ( -21.53548173089494000, -61.94838717082164692, 4.161554236880635749 ) ) ;
#3680 = CARTESIAN_POINT ( 'NONE',  ( 5.472419390547642593, -65.44963733725953148, 22.77444222074204916 ) ) ;
#3681 = EDGE_CURVE ( 'NONE', #2133, #7051, #6197, .T. ) ;
#3682 = CARTESIAN_POINT ( 'NONE',  ( -35.68718878999241895, -45.08156584040668236, 0.2419956150066234768 ) ) ;
#3683 = CARTESIAN_POINT ( 'NONE',  ( -21.63134072365712157, -71.61342197330149872, 18.15243830442079798 ) ) ;
#3684 = CARTESIAN_POINT ( 'NONE',  ( -1.465981454082138979, -74.00000000000004263, 29.11764705882353255 ) ) ;
#3685 = LINE ( 'NONE', #5879, #5804 ) ;
#3686 = CARTESIAN_POINT ( 'NONE',  ( -21.90622993233807136, -67.68331193224294395, 15.19489206313989982 ) ) ;
#3687 = CARTESIAN_POINT ( 'NONE',  ( -10.60611371669256897, -71.70806146068716203, 23.46262017092490382 ) ) ;
#3688 = CARTESIAN_POINT ( 'NONE',  ( 0.000000000000000000, -74.00000000000004263, 12.50000000000000000 ) ) ;
#3689 = ORIENTED_EDGE ( 'NONE', *, *, #4612, .F. ) ;
#3690 = CYLINDRICAL_SURFACE ( 'NONE', #2523, 2.500000000000002220 ) ;
#3691 = CARTESIAN_POINT ( 'NONE',  ( -15.98458317706133158, -77.00000000000004263, 15.81106025938971271 ) ) ;
#3692 = CARTESIAN_POINT ( 'NONE',  ( 10.06553689499128801, -59.87769120169315329, 3.548534833663581356 ) ) ;
#3693 = CARTESIAN_POINT ( 'NONE',  ( 24.55971631608538530, -77.00000000000004263, 6.753687398919813845 ) ) ;
#3694 = CARTESIAN_POINT ( 'NONE',  ( -38.49999999999998579, 50.00000000000000711, 12.50000000000000000 ) ) ;
#3695 = ORIENTED_EDGE ( 'NONE', *, *, #2117, .F. ) ;
#3696 = CARTESIAN_POINT ( 'NONE',  ( -40.04308132179236424, 56.11554157742708071, 2.430652215877211475 ) ) ;
#3697 = CARTESIAN_POINT ( 'NONE',  ( 39.41647320253005660, -42.88384508330852896, 1.937417323383773260 ) ) ;
#3698 = DIRECTION ( 'NONE',  ( -0.000000000000000000, 1.000000000000000000, -0.000000000000000000 ) ) ;
#3699 = CARTESIAN_POINT ( 'NONE',  ( 22.85399449926406490, -63.46710176150117633, 20.16331291847195573 ) ) ;
#3700 = ORIENTED_EDGE ( 'NONE', *, *, #2072, .T. ) ;
#3701 = ADVANCED_FACE ( 'NONE', ( #1049 ), #7101, .T. ) ;
#3702 = ORIENTED_EDGE ( 'NONE', *, *, #1346, .F. ) ;
#3703 = CARTESIAN_POINT ( 'NONE',  ( 6.920907836083560305, -77.00000000000004263, 4.442417051582182808 ) ) ;
#3704 = CARTESIAN_POINT ( 'NONE',  ( 43.42030675940347351, 40.06376532257624490, 8.551614610489503221 ) ) ;
#3705 = PLANE ( 'NONE',  #4123 ) ;
#3706 = CARTESIAN_POINT ( 'NONE',  ( -13.49570766492085205, -74.00000000000007105, 2.009880583546795663 ) ) ;
#3707 = CARTESIAN_POINT ( 'NONE',  ( -21.84978653842432195, -77.00000000000004263, 3.014876443194892897 ) ) ;
#3708 = LINE ( 'NONE', #7102, #6401 ) ;
#3709 = CARTESIAN_POINT ( 'NONE',  ( 8.601804563759657185, -73.11216866621232668, 24.29869489417064443 ) ) ;
#3710 = CARTESIAN_POINT ( 'NONE',  ( -25.35890565784029604, -60.00000000000003553, 25.00000000000000000 ) ) ;
#3711 = CARTESIAN_POINT ( 'NONE',  ( 40.18788463193158833, 35.23212442102497732, 2.565409233351560570 ) ) ;
#3712 = DIRECTION ( 'NONE',  ( -0.000000000000000000, -0.000000000000000000, -1.000000000000000000 ) ) ;
#3713 = CARTESIAN_POINT ( 'NONE',  ( -22.02978123891413276, -69.10913334228273186, 12.49999999999995914 ) ) ;
#3714 = EDGE_CURVE ( 'NONE', #4821, #2890, #2853, .T. ) ;
#3715 = CARTESIAN_POINT ( 'NONE',  ( -8.502926913583999990, -63.97933572918633160, 22.20027141466933074 ) ) ;
#3716 = DIRECTION ( 'NONE',  ( -1.000000000000000000, 0.000000000000000000, 0.000000000000000000 ) ) ;
#3717 = VECTOR ( 'NONE', #4679, 1000.000000000000000 ) ;
#3718 = EDGE_LOOP ( 'NONE', ( #4201, #5550, #2448, #5654, #5313, #6143, #6814, #6877, #2636, #1778 ) ) ;
#3719 = CONICAL_SURFACE ( 'NONE', #4411, 1.699999999999993072, 1.029744258676650759 ) ;
#3720 = CARTESIAN_POINT ( 'NONE',  ( 38.50000000000000000, -44.31902001999193175, 21.50000000000000000 ) ) ;
#3721 = CARTESIAN_POINT ( 'NONE',  ( -17.03494416879686213, -77.00000000000004263, 14.12286839206759304 ) ) ;
#3722 = CARTESIAN_POINT ( 'NONE',  ( 11.07851632400195108, -59.76995109059064504, 3.543668735763145339 ) ) ;
#3723 = CARTESIAN_POINT ( 'NONE',  ( 25.00000000000000000, -60.00000000000004263, 10.41666666666668029 ) ) ;
#3724 = CARTESIAN_POINT ( 'NONE',  ( -25.82352941176470296, -74.00000000000004263, 12.50000000000002309 ) ) ;
#3725 = AXIS2_PLACEMENT_3D ( 'NONE', #612, #4979, #2836 ) ;
#3726 = VERTEX_POINT ( 'NONE', #2188 ) ;
#3727 = CARTESIAN_POINT ( 'NONE',  ( -43.50000000000000000, 55.00000000000000711, 10.00000000000000000 ) ) ;
#3728 = DIRECTION ( 'NONE',  ( -0.000000000000000000, -0.000000000000000000, -1.000000000000000000 ) ) ;
#3729 = CARTESIAN_POINT ( 'NONE',  ( 22.99881989768718782, -62.16581880202669907, 4.417054376407235416 ) ) ;
#3730 = CARTESIAN_POINT ( 'NONE',  ( -0.001737809258973430472, -74.00000000000004263, 23.75214960693389088 ) ) ;
#3731 = DIRECTION ( 'NONE',  ( 1.000000000000000000, 0.000000000000000000, 0.000000000000000000 ) ) ;
#3732 = CARTESIAN_POINT ( 'NONE',  ( 22.09462983554604421, -62.29733731995197132, 20.66821434388251433 ) ) ;
#3733 = VERTEX_POINT ( 'NONE', #6563 ) ;
#3734 = ORIENTED_EDGE ( 'NONE', *, *, #2379, .F. ) ;
#3735 = AXIS2_PLACEMENT_3D ( 'NONE', #5264, #1980, #5395 ) ;
#3736 = CARTESIAN_POINT ( 'NONE',  ( 16.12763008922663488, -74.00000000000004263, 9.357240089103523673 ) ) ;
#3737 = CARTESIAN_POINT ( 'NONE',  ( 25.56370021568280748, -59.40752366131754769, -0.2529074035104668661 ) ) ;
#3738 = CARTESIAN_POINT ( 'NONE',  ( 10.66813238574200540, -77.01806331675076933, 33.96922468514758719 ) ) ;
#3739 = CARTESIAN_POINT ( 'NONE',  ( 3.956876714949695728, -74.00000000000005684, -0.3214430726837714802 ) ) ;
#3740 = CARTESIAN_POINT ( 'NONE',  ( -17.81899058750201803, -69.63079852707703310, 4.296972001753749382 ) ) ;
#3741 = CARTESIAN_POINT ( 'NONE',  ( 37.01480823541492526, 32.96490847038246841, 0.6360832205551782970 ) ) ;
#3742 = CARTESIAN_POINT ( 'NONE',  ( -13.64424412175135437, -31.63661590615784291, 12.50000000000000000 ) ) ;
#3743 = CARTESIAN_POINT ( 'NONE',  ( 8.663213787783933029, -65.28131343656151842, 22.45444474037488902 ) ) ;
#3744 = AXIS2_PLACEMENT_3D ( 'NONE', #6016, #4322, #575 ) ;
#3745 = CARTESIAN_POINT ( 'NONE',  ( -25.53835848676044407, -60.00000000000003553, 25.00000000000000000 ) ) ;
#3746 = CARTESIAN_POINT ( 'NONE',  ( -21.61464733046746289, -74.00000000000001421, 17.38692913433358100 ) ) ;
#3747 = CARTESIAN_POINT ( 'NONE',  ( 39.99999999999999289, 42.65715534916777329, 21.50000000000000000 ) ) ;
#3748 = DIRECTION ( 'NONE',  ( -0.000000000000000000, -0.000000000000000000, -1.000000000000000000 ) ) ;
#3749 = DIRECTION ( 'NONE',  ( -0.8660254037844414832, -0.4999999999999951150, 0.000000000000000000 ) ) ;
#3750 = CARTESIAN_POINT ( 'NONE',  ( -6.680495825030435597, -66.69158337745494691, 22.98298000268483676 ) ) ;
#3751 = DIRECTION ( 'NONE',  ( 1.330321911110254514E-16, -1.000000000000000000, 0.000000000000000000 ) ) ;
#3752 = ORIENTED_EDGE ( 'NONE', *, *, #4240, .F. ) ;
#3753 = CIRCLE ( 'NONE', #5616, 1.700000000000000178 ) ;
#3754 = EDGE_CURVE ( 'NONE', #58, #6155, #5507, .T. ) ;
#3755 = CARTESIAN_POINT ( 'NONE',  ( 21.77805212901346721, -72.92856772936562493, 17.13672453559674125 ) ) ;
#3756 = CARTESIAN_POINT ( 'NONE',  ( -24.57973960995905927, -77.89877571810217205, 7.207625727800415660 ) ) ;
#3757 = CARTESIAN_POINT ( 'NONE',  ( 6.969807528041267020, -69.27658572128451908, 1.399229640918730588 ) ) ;
#3758 = CARTESIAN_POINT ( 'NONE',  ( -39.99999999999999289, 56.12808945322262133, 21.50000000000000000 ) ) ;
#3759 = CARTESIAN_POINT ( 'NONE',  ( -22.68280733128557003, -64.77638884399203789, 19.76324829489257695 ) ) ;
#3760 = VECTOR ( 'NONE', #5183, 1000.000000000000000 ) ;
#3761 = CARTESIAN_POINT ( 'NONE',  ( -22.31747927760338612, -74.00000000000004263, 12.50000000000001599 ) ) ;
#3762 = VERTEX_POINT ( 'NONE', #6599 ) ;
#3763 = CARTESIAN_POINT ( 'NONE',  ( 40.20000000000000284, 35.00000000000000711, 0.000000000000000000 ) ) ;
#3764 = EDGE_CURVE ( 'NONE', #2839, #4318, #1700, .T. ) ;
#3765 = CARTESIAN_POINT ( 'NONE',  ( -43.49999999999998579, -49.31902001999193175, 25.00000000000000000 ) ) ;
#3766 = EDGE_CURVE ( 'NONE', #1668, #6337, #5075, .T. ) ;
#3767 = DIRECTION ( 'NONE',  ( -1.000000000000000000, 0.000000000000000000, 0.000000000000000000 ) ) ;
#3768 = DIRECTION ( 'NONE',  ( -1.330321911110254514E-16, 1.000000000000000000, 0.000000000000000000 ) ) ;
#3769 = CARTESIAN_POINT ( 'NONE',  ( 23.69861271698346883, -63.33778920024178660, 20.03807496465578808 ) ) ;
#3770 = ORIENTED_EDGE ( 'NONE', *, *, #2559, .F. ) ;
#3771 = VERTEX_POINT ( 'NONE', #2876 ) ;
#3772 = CARTESIAN_POINT ( 'NONE',  ( -3.542648928176295176, -74.00000000000004263, 3.848670233493463044 ) ) ;
#3773 = CARTESIAN_POINT ( 'NONE',  ( 16.66666666666667496, -60.00000000000004974, 0.000000000000000000 ) ) ;
#3774 = DIRECTION ( 'NONE',  ( 0.000000000000000000, -0.000000000000000000, -1.000000000000000000 ) ) ;
#3775 = CARTESIAN_POINT ( 'NONE',  ( -16.39162555192604742, -61.79737176387192932, 3.637327342181752243 ) ) ;
#3776 = CARTESIAN_POINT ( 'NONE',  ( -38.49999999999998579, 50.00000000000000711, 0.000000000000000000 ) ) ;
#3777 = CARTESIAN_POINT ( 'NONE',  ( 10.22766412655331436, -69.10984834815043598, 22.99967479147836613 ) ) ;
#3778 = VERTEX_POINT ( 'NONE', #5090 ) ;
#3779 = FACE_OUTER_BOUND ( 'NONE', #2590, .T. ) ;
#3780 = DIRECTION ( 'NONE',  ( 1.000000000000000000, 0.000000000000000000, 0.000000000000000000 ) ) ;
#3781 = CARTESIAN_POINT ( 'NONE',  ( 38.50000000000000000, 35.00000000000000711, 32.07106781186548261 ) ) ;
#3782 = CARTESIAN_POINT ( 'NONE',  ( 0.000000000000000000, -77.00000000000004263, 12.50000000000000000 ) ) ;
#3783 = CARTESIAN_POINT ( 'NONE',  ( -21.60589344344229445, -63.41561907142654064, 19.05193386920095122 ) ) ;
#3784 = CARTESIAN_POINT ( 'NONE',  ( -9.922441898051889808, -74.35866658108454885, 24.27834282927221921 ) ) ;
#3785 = CIRCLE ( 'NONE', #1885, 2.499999999999995115 ) ;
#3786 = ORIENTED_EDGE ( 'NONE', *, *, #4470, .F. ) ;
#3787 = CARTESIAN_POINT ( 'NONE',  ( 21.60374486234536207, -66.09558617791752511, 19.70792056775870549 ) ) ;
#3788 = CARTESIAN_POINT ( 'NONE',  ( -26.05286915988835972, -77.89877571810217205, 11.60439249103841952 ) ) ;
#3789 = CARTESIAN_POINT ( 'NONE',  ( 3.295216011141015144, -65.51333405750558825, 2.094966004735443033 ) ) ;
#3790 = CARTESIAN_POINT ( 'NONE',  ( 25.08282398096125831, -77.00000000000007105, 7.799902728671555430 ) ) ;
#3791 = CARTESIAN_POINT ( 'NONE',  ( -21.03868674601145372, -65.06512762875640021, 20.13783520900179624 ) ) ;
#3792 = VERTEX_POINT ( 'NONE', #146 ) ;
#3793 = ORIENTED_EDGE ( 'NONE', *, *, #6911, .F. ) ;
#3794 = DIRECTION ( 'NONE',  ( -0.000000000000000000, -0.000000000000000000, -1.000000000000000000 ) ) ;
#3795 = CARTESIAN_POINT ( 'NONE',  ( 39.57990233007745218, 33.67144893142549478, 2.058504699876248623 ) ) ;
#3796 = CARTESIAN_POINT ( 'NONE',  ( -5.021177491593319608, -60.27910616158968082, 3.540064226914273693 ) ) ;
#3797 = FACE_OUTER_BOUND ( 'NONE', #4182, .T. ) ;
#3798 = CARTESIAN_POINT ( 'NONE',  ( -21.40767530291819654, -57.90076832468133006, 6.480663161240387993 ) ) ;
#3800 = EDGE_CURVE ( 'NONE', #4994, #3583, #6596, .T. ) ;
#3799 = DIRECTION ( 'NONE',  ( -0.000000000000000000, -0.000000000000000000, -1.000000000000000000 ) ) ;
#3801 = ORIENTED_EDGE ( 'NONE', *, *, #3892, .T. ) ;
#3802 = EDGE_LOOP ( 'NONE', ( #1142, #34, #5922, #5630 ) ) ;
#3803 = CARTESIAN_POINT ( 'NONE',  ( -39.41647320253002817, 48.56482506331660431, 1.937417323383772594 ) ) ;
#3804 = CARTESIAN_POINT ( 'NONE',  ( 37.39270350409295673, 44.47264068907988133, 0.7835933291979256810 ) ) ;
#3805 = CARTESIAN_POINT ( 'NONE',  ( -19.95714967683373331, -73.24561891123794055, 5.802858872606134533 ) ) ;
#3806 = LINE ( 'NONE', #1045, #5492 ) ;
#3807 = CARTESIAN_POINT ( 'NONE',  ( 6.825151676529593203, -67.98408454936998169, 23.29187518088384223 ) ) ;
#3808 = ORIENTED_EDGE ( 'NONE', *, *, #6050, .T. ) ;
#3809 = CARTESIAN_POINT ( 'NONE',  ( -16.54023072239565906, -59.40752366131756901, 25.05319528772024285 ) ) ;
#3810 = CARTESIAN_POINT ( 'NONE',  ( 12.70628939253077228, -74.00000000000004263, 6.568595452355054043 ) ) ;
#3811 = CARTESIAN_POINT ( 'NONE',  ( 16.63307363107482573, -59.85057281897006476, 21.50000000000000355 ) ) ;
#3812 = DIRECTION ( 'NONE',  ( 0.8660254037844380415, -0.5000000000000013323, 0.000000000000000000 ) ) ;
#3813 = CARTESIAN_POINT ( 'NONE',  ( 43.50000000000001421, -49.31902001999208807, 0.000000000000000000 ) ) ;
#3814 = CARTESIAN_POINT ( 'NONE',  ( -22.08557058925520522, -73.15632792968908404, 15.29197718674634210 ) ) ;
#3815 = CARTESIAN_POINT ( 'NONE',  ( -6.541019888131240023, -65.39804414053523374, 22.67495815538158510 ) ) ;
#3816 = EDGE_CURVE ( 'NONE', #1827, #4821, #1054, .T. ) ;
#3817 = VERTEX_POINT ( 'NONE', #4474 ) ;
#3818 = CARTESIAN_POINT ( 'NONE',  ( -24.75480636822035052, -77.00000000000004263, 7.143867503189752277 ) ) ;
#3819 = CARTESIAN_POINT ( 'NONE',  ( 39.99999999999999289, 42.65715534916777329, 12.50000000000000000 ) ) ;
#3820 = CARTESIAN_POINT ( 'NONE',  ( -24.62304033231382761, -77.89877571810217205, 17.71604793273155920 ) ) ;
#3821 = CARTESIAN_POINT ( 'NONE',  ( 2.006974279447234277, -60.39582706526271494, 3.528898372026625374 ) ) ;
#3822 = CARTESIAN_POINT ( 'NONE',  ( -24.64196912394494632, -77.00000000000004263, 6.918193014638940319 ) ) ;
#3823 = DIRECTION ( 'NONE',  ( -0.000000000000000000, -0.000000000000000000, -1.000000000000000000 ) ) ;
#3824 = CARTESIAN_POINT ( 'NONE',  ( -21.88772403744710715, -70.10733140778343397, 18.42001071077703500 ) ) ;
#3825 = ORIENTED_EDGE ( 'NONE', *, *, #399, .F. ) ;
#3826 = ORIENTED_EDGE ( 'NONE', *, *, #2290, .T. ) ;
#3827 = CARTESIAN_POINT ( 'NONE',  ( -13.52024464577580609, -74.00000000000004263, 7.104376667777341225 ) ) ;
#3828 = CARTESIAN_POINT ( 'NONE',  ( -43.50000000000000000, 55.00000000000000711, 25.00000000000000000 ) ) ;
#3829 = CARTESIAN_POINT ( 'NONE',  ( -10.22766412655841251, -69.10984834815010913, 2.000325208522751641 ) ) ;
#3830 = CARTESIAN_POINT ( 'NONE',  ( 18.34460436924680593, -61.52486571647884261, 3.762473609837492905 ) ) ;
#3831 = CARTESIAN_POINT ( 'NONE',  ( -10.73596026948138693, -74.00000000000002842, 23.95578737932099500 ) ) ;
#3832 = AXIS2_PLACEMENT_3D ( 'NONE', #5174, #263, #2452 ) ;
#3833 = DIRECTION ( 'NONE',  ( -1.000000000000000000, 0.000000000000000000, 0.000000000000000000 ) ) ;
#3834 = CARTESIAN_POINT ( 'NONE',  ( 23.89205702366823658, -62.04280351276401007, 20.50467309259046189 ) ) ;
#3835 = ORIENTED_EDGE ( 'NONE', *, *, #6765, .T. ) ;
#3836 = ORIENTED_EDGE ( 'NONE', *, *, #2158, .T. ) ;
#3837 = CARTESIAN_POINT ( 'NONE',  ( 24.64196912394494632, -77.00000000000004263, 6.918193014638942984 ) ) ;
#3838 = EDGE_CURVE ( 'NONE', #2602, #5226, #6522, .T. ) ;
#3839 = AXIS2_PLACEMENT_3D ( 'NONE', #4674, #4186, #5179 ) ;
#3840 = EDGE_CURVE ( 'NONE', #3792, #5168, #1140, .T. ) ;
#3841 = CARTESIAN_POINT ( 'NONE',  ( -17.28711727639146289, -60.33959037545465520, 3.564903925314098831 ) ) ;
#3842 = DIRECTION ( 'NONE',  ( 1.000000000000000000, 1.330321911110254514E-16, -0.000000000000000000 ) ) ;
#3843 = CARTESIAN_POINT ( 'NONE',  ( 13.57179699256245442, -63.50045477135498828, 21.64722983056854133 ) ) ;
#3844 = ORIENTED_EDGE ( 'NONE', *, *, #5805, .T. ) ;
#3845 = CARTESIAN_POINT ( 'NONE',  ( -13.39986135547581014, -59.40752366131756901, 24.98578596991944067 ) ) ;
#3846 = ADVANCED_FACE ( 'NONE', ( #3282 ), #357, .F. ) ;
#3847 = CARTESIAN_POINT ( 'NONE',  ( -17.57236217999597017, -74.00000000000004263, 12.10221058958766704 ) ) ;
#3848 = ADVANCED_FACE ( 'NONE', ( #3797 ), #1143, .F. ) ;
#3849 = CARTESIAN_POINT ( 'NONE',  ( -43.49999999999998579, -49.31902001999193175, 12.50000000000000000 ) ) ;
#3850 = CYLINDRICAL_SURFACE ( 'NONE', #6281, 1.700000000000000178 ) ;
#3851 = DIRECTION ( 'NONE',  ( -1.000000000000000000, 0.000000000000000000, 0.000000000000000000 ) ) ;
#3852 = CARTESIAN_POINT ( 'NONE',  ( -39.99999999999999289, 56.12808945322262133, 21.50000000000000000 ) ) ;
#3853 = VECTOR ( 'NONE', #3414, 1000.000000000000000 ) ;
#3854 = CIRCLE ( 'NONE', #441, 1.700000000000000178 ) ;
#3855 = CARTESIAN_POINT ( 'NONE',  ( -5.354996126557342251, -64.15791087127801973, 22.44478583773653213 ) ) ;
#3856 = ORIENTED_EDGE ( 'NONE', *, *, #3636, .T. ) ;
#3857 = CARTESIAN_POINT ( 'NONE',  ( -25.44682351704895140, -77.89877571810217205, 8.957667168756641374 ) ) ;
#3858 = CARTESIAN_POINT ( 'NONE',  ( 22.27594339145134583, -73.29388993541529373, 12.49999999999999467 ) ) ;
#3859 = EDGE_CURVE ( 'NONE', #3762, #5834, #5010, .T. ) ;
#3860 = CARTESIAN_POINT ( 'NONE',  ( -26.00000000000000000, -77.00000000000004263, 11.54475158891635189 ) ) ;
#3861 = CARTESIAN_POINT ( 'NONE',  ( 3.874401005425256894, -74.51824075969170735, -0.4273184144241307658 ) ) ;
#3862 = CARTESIAN_POINT ( 'NONE',  ( 13.39183460698081163, -77.00000000000005684, -2.517845279536457870 ) ) ;
#3863 = CARTESIAN_POINT ( 'NONE',  ( -39.99999999999999289, 55.00000000000000711, 25.00000000000000000 ) ) ;
#3864 = CARTESIAN_POINT ( 'NONE',  ( -20.06834574779930946, -69.21125006138866809, 19.68043664198756559 ) ) ;
#3865 = CARTESIAN_POINT ( 'NONE',  ( 22.31747927760338968, -74.00000000000004263, 12.50000000000002309 ) ) ;
#3866 = VERTEX_POINT ( 'NONE', #5289 ) ;
#3867 = ORIENTED_EDGE ( 'NONE', *, *, #4737, .T. ) ;
#3868 = CARTESIAN_POINT ( 'NONE',  ( -17.04817713840273896, -74.00000000000004263, 10.90835656733359116 ) ) ;
#3869 = CARTESIAN_POINT ( 'NONE',  ( 24.53643888760429803, -77.89877571810218626, 17.86870061166757750 ) ) ;
#3870 = CARTESIAN_POINT ( 'NONE',  ( -8.502926913581569934, -63.97933572918650214, 2.799728585330453434 ) ) ;
#3871 = DIRECTION ( 'NONE',  ( 0.000000000000000000, 0.000000000000000000, 1.000000000000000000 ) ) ;
#3872 = CARTESIAN_POINT ( 'NONE',  ( 19.35334771642210328, -70.69687930235080842, 5.112312171604743050 ) ) ;
#3873 = CARTESIAN_POINT ( 'NONE',  ( 18.72742178150473080, -74.00000000000001421, 20.13916262396603329 ) ) ;
#3874 = CARTESIAN_POINT ( 'NONE',  ( -22.13333020349537605, -71.85726571640059035, 10.41853363515842190 ) ) ;
#3875 = PLANE ( 'NONE',  #417 ) ;
#3876 = ORIENTED_EDGE ( 'NONE', *, *, #2381, .T. ) ;
#3877 = ORIENTED_EDGE ( 'NONE', *, *, #6719, .F. ) ;
#3878 = EDGE_CURVE ( 'NONE', #7050, #2541, #3568, .T. ) ;
#3879 = CARTESIAN_POINT ( 'NONE',  ( 17.03494416879689410, -74.00000000000004263, 10.87713160793242828 ) ) ;
#3880 = CARTESIAN_POINT ( 'NONE',  ( -10.41666666666666785, -60.00000000000004974, 0.000000000000000000 ) ) ;
#3881 = CARTESIAN_POINT ( 'NONE',  ( -15.52556338072285058, -63.25125623437562439, 3.591953958085416065 ) ) ;
#3882 = CARTESIAN_POINT ( 'NONE',  ( 14.21908382396889792, -68.77449050401894226, 21.96079395297515191 ) ) ;
#3883 = EDGE_CURVE ( 'NONE', #6595, #949, #2387, .T. ) ;
#3884 = ORIENTED_EDGE ( 'NONE', *, *, #5418, .F. ) ;
#3885 = CARTESIAN_POINT ( 'NONE',  ( -14.58333333333335169, -60.00000000000005684, 25.00000000000000000 ) ) ;
#3886 = CARTESIAN_POINT ( 'NONE',  ( 36.79999999999999716, -44.31902001999193175, 12.50000000000000000 ) ) ;
#3887 = CARTESIAN_POINT ( 'NONE',  ( -39.99999999999997868, -22.00000000000004263, 8.500000000000000000 ) ) ;
#3888 = CARTESIAN_POINT ( 'NONE',  ( -21.45495460367103391, -58.00528102953262533, 21.50000000000000000 ) ) ;
#3889 = DIRECTION ( 'NONE',  ( -0.8660254037844380415, 0.5000000000000012212, 0.000000000000000000 ) ) ;
#3890 = CIRCLE ( 'NONE', #1750, 2.500000000000002220 ) ;
#3891 = CARTESIAN_POINT ( 'NONE',  ( -2.424533570877823507, -70.68004276494266946, 24.44499663755523500 ) ) ;
#3892 = EDGE_CURVE ( 'NONE', #624, #6479, #2070, .T. ) ;
#3893 = VERTEX_POINT ( 'NONE', #6879 ) ;
#3894 = DIRECTION ( 'NONE',  ( 1.330321911110254514E-16, -1.000000000000000000, 0.000000000000000000 ) ) ;
#3895 = CARTESIAN_POINT ( 'NONE',  ( 43.50000000000001421, -49.31902001999208807, 12.50000000000000000 ) ) ;
#3896 = CARTESIAN_POINT ( 'NONE',  ( -25.08282398096125831, -77.00000000000005684, 7.799902728671564311 ) ) ;
#3897 = CARTESIAN_POINT ( 'NONE',  ( 5.354996126554332214, -64.15791087127811920, 2.555214162263291566 ) ) ;
#3898 = CARTESIAN_POINT ( 'NONE',  ( 7.466105873695172868, -77.00000000000005684, -4.278749863149824861 ) ) ;
#3899 = CARTESIAN_POINT ( 'NONE',  ( 0.000000000000000000, 0.000000000000000000, 12.50000000000000000 ) ) ;
#3900 = CARTESIAN_POINT ( 'NONE',  ( -19.41421314457627290, -74.71882411939895974, 19.55246941350979384 ) ) ;
#3901 = EDGE_LOOP ( 'NONE', ( #5178, #4266, #3024, #4490, #3695, #5731, #1929, #3385, #5895, #5096, #6800, #1909, #440, #553, #2961, #363, #5368, #96 ) ) ;
#3902 = ORIENTED_EDGE ( 'NONE', *, *, #2455, .T. ) ;
#3903 = CARTESIAN_POINT ( 'NONE',  ( -25.00000000000000000, -60.00000000000003553, 25.00000000000000000 ) ) ;
#3904 = CARTESIAN_POINT ( 'NONE',  ( -11.66732308885874581, -71.64668359505243700, 1.828291219058945316 ) ) ;
#3905 = CARTESIAN_POINT ( 'NONE',  ( 38.50000000000000000, -44.31902001999193175, 1.450000000000001732 ) ) ;
#3906 = CARTESIAN_POINT ( 'NONE',  ( 18.19431433158276334, -74.95105543725289010, 4.472904064817615932 ) ) ;
#3907 = CARTESIAN_POINT ( 'NONE',  ( -40.19999999999998153, -44.31902001999193175, 17.00000000000000000 ) ) ;
#3908 = CARTESIAN_POINT ( 'NONE',  ( -43.49999999999998579, -49.31902001999193175, 12.50000000000000000 ) ) ;
#3909 = CYLINDRICAL_SURFACE ( 'NONE', #3052, 1.700000000000000178 ) ;
#3910 = CARTESIAN_POINT ( 'NONE',  ( -28.68629150101522640, -14.00000000000004441, 8.500000000000000000 ) ) ;
#3911 = EDGE_LOOP ( 'NONE', ( #4356, #3801, #2349, #1942 ) ) ;
#3912 = EDGE_CURVE ( 'NONE', #1055, #2238, #5356, .T. ) ;
#3913 = ORIENTED_EDGE ( 'NONE', *, *, #4277, .F. ) ;
#3914 = CARTESIAN_POINT ( 'NONE',  ( 14.31858073156625366, -77.00000000000004263, -2.139773194630916198 ) ) ;
#3915 = CARTESIAN_POINT ( 'NONE',  ( -20.02769494084591173, -70.55451181559553220, 5.489849189540647600 ) ) ;
#3916 = CARTESIAN_POINT ( 'NONE',  ( 14.75455560224392393, -72.71560398440757922, 22.25161276167329660 ) ) ;
#3917 = ORIENTED_EDGE ( 'NONE', *, *, #1261, .F. ) ;
#3918 = CARTESIAN_POINT ( 'NONE',  ( 7.746784082691736906, -77.77967650617955542, 29.45447228314353438 ) ) ;
#3919 = CARTESIAN_POINT ( 'NONE',  ( 16.92525316622575460, -74.00000000000004263, 10.62921497023549122 ) ) ;
#3920 = B_SPLINE_SURFACE_WITH_KNOTS ( 'NONE', 3, 1, ( 
 ( #2553, #6996, #3745, #6527 ),
 ( #6488, #4798, #3710, #6383 ),
 ( #904, #3089, #2692, #433 ),
 ( #6961, #5876, #3153, #5271 ),
 ( #2052, #4213, #1047, #4174 ),
 ( #5339, #2621, #3226, #2086 ),
 ( #4245, #1555, #5411, #1010 ),
 ( #3189, #463, #502, #4734 ),
 ( #2186, #4472, #6561, #1698 ),
 ( #3261, #5483, #28, #3809 ),
 ( #4903, #3297, #3885, #3407 ),
 ( #2258, #2221, #535, #3845 ),
 ( #1153, #1660, #3368, #5052 ),
 ( #6709, #4937, #6085, #571 ),
 ( #6051, #2758, #4508, #4975 ),
 ( #144, #2332, #2832, #66 ),
 ( #4357, #1809, #4395, #2792 ),
 ( #4433, #6013, #5979, #6634 ),
 ( #645, #6597, #1113, #7098 ),
 ( #3331, #1225, #5015, #1080 ),
 ( #5520, #104, #5558, #5443 ),
 ( #609, #2874, #2296, #6672 ),
 ( #1736, #2722, #1189, #1769 ),
 ( #3918, #6124, #5599, #687 ),
 ( #2908, #4547, #858, #4034 ),
 ( #829, #4655, #3959, #4690 ),
 ( #4001, #5637, #6163, #5229 ),
 ( #5671, #5088, #178, #723 ),
 ( #3044, #4586, #218, #4621 ),
 ( #3446, #6303, #1944, #5194 ),
 ( #1403, #2367, #6747, #1845 ),
 ( #6783, #2405, #6815, #287 ),
 ( #3574, #4098, #2474, #5161 ),
 ( #6270, #2941, #6203, #2978 ),
 ( #320, #1303, #3010, #795 ),
 ( #3478, #251, #2510, #6884 ),
 ( #3509, #1879, #3543, #1338 ),
 ( #761, #5124, #6236, #1268 ),
 ( #4065, #5703, #2441, #1371 ),
 ( #1910, #5736, #6848, #5767 ) ),
 .UNSPECIFIED., .F., .F., .F.,
 ( 4, 3, 2, 2, 2, 2, 2, 2, 2, 2, 2, 2, 2, 2, 2, 2, 2, 3, 4 ),
 ( 2, 1, 1, 2 ),
 ( -0.01076716973520890075, 0.000000000000000000, 0.06249999999999990286, 0.1249999999999998057, 0.1874999999999997224, 0.2499999999999996114, 0.3124999999999996669, 0.3749999999999997224, 0.4374999999999998335, 0.4999999999999998890, 0.5624999999999998890, 0.6249999999999998890, 0.6874999999999998890, 0.7499999999999998890, 0.8125000000000000000, 0.8750000000000000000, 0.9375000000000000000, 1.000000000000000000, 1.010767169735207194 ),
 ( -0.04586332389291108286, 0.000000000000000000, 1.000000000000000000, 1.034851549334263376 ),
 .UNSPECIFIED. ) ;
#3921 = CARTESIAN_POINT ( 'NONE',  ( 42.86497913803086135, 40.50212149852332288, 18.52432344962578625 ) ) ;
#3922 = CARTESIAN_POINT ( 'NONE',  ( -11.97183421273595627, -77.00000000000004263, 6.247968454798487947 ) ) ;
#3923 = CARTESIAN_POINT ( 'NONE',  ( -21.46863767636524400, -58.51329956842960200, 21.50000000000000000 ) ) ;
#3924 = CARTESIAN_POINT ( 'NONE',  ( -21.55429423148307322, -72.75642737505835100, 18.04777354604837925 ) ) ;
#3925 = CARTESIAN_POINT ( 'NONE',  ( -1.100871088938775166, -65.55132282175969749, 22.98449741737968921 ) ) ;
#3926 = VERTEX_POINT ( 'NONE', #279 ) ;
#3927 = CARTESIAN_POINT ( 'NONE',  ( -25.35890565784028183, -60.00000000000003553, 0.000000000000000000 ) ) ;
#3928 = CARTESIAN_POINT ( 'NONE',  ( 22.11183528975933044, -70.50405220665103911, 12.49999999999999822 ) ) ;
#3929 = AXIS2_PLACEMENT_3D ( 'NONE', #1210, #5544, #5582 ) ;
#3930 = CARTESIAN_POINT ( 'NONE',  ( -25.00000000000000000, -60.00000000000003553, 22.91666666666666430 ) ) ;
#3931 = EDGE_CURVE ( 'NONE', #2701, #2602, #4162, .T. ) ;
#3932 = EDGE_CURVE ( 'NONE', #3817, #3559, #6841, .T. ) ;
#3933 = CARTESIAN_POINT ( 'NONE',  ( 3.533437471243592753, -69.37357628177107927, 1.014460491152118449 ) ) ;
#3934 = DIRECTION ( 'NONE',  ( -1.000000000000000000, 0.000000000000000000, 0.000000000000000000 ) ) ;
#3935 = DIRECTION ( 'NONE',  ( 0.000000000000000000, -0.000000000000000000, -1.000000000000000000 ) ) ;
#3936 = CARTESIAN_POINT ( 'NONE',  ( -17.98824709115388032, -72.29277505989935548, 20.59575414105882629 ) ) ;
#3937 = VERTEX_POINT ( 'NONE', #384 ) ;
#3938 = ORIENTED_EDGE ( 'NONE', *, *, #1161, .F. ) ;
#3939 = CARTESIAN_POINT ( 'NONE',  ( -15.26720647818630283, -74.00000000000004263, 8.448939374508418254 ) ) ;
#3940 = DIRECTION ( 'NONE',  ( -0.000000000000000000, 1.000000000000000000, -0.000000000000000000 ) ) ;
#3941 = CARTESIAN_POINT ( 'NONE',  ( -8.189553766514828581, -61.37327851649258292, 3.304799055553794496 ) ) ;
#3942 = DIRECTION ( 'NONE',  ( 0.000000000000000000, 0.000000000000000000, 1.000000000000000000 ) ) ;
#3943 = CARTESIAN_POINT ( 'NONE',  ( 20.02769494084586555, -70.55451181559553220, 5.489849189540622731 ) ) ;
#3944 = PLANE ( 'NONE',  #6507 ) ;
#3945 = CARTESIAN_POINT ( 'NONE',  ( -21.53745693383747550, -60.73962015597953013, 10.67567681407537528 ) ) ;
#3946 = CARTESIAN_POINT ( 'NONE',  ( 21.46863767636492781, -58.51329956842974411, 21.49999999997596589 ) ) ;
#3947 = CARTESIAN_POINT ( 'NONE',  ( 24.99999999999998579, -60.00000000000004263, 25.00000000000000000 ) ) ;
#3948 = ORIENTED_EDGE ( 'NONE', *, *, #940, .T. ) ;
#3950 = ORIENTED_EDGE ( 'NONE', *, *, #4447, .F. ) ;
#3949 = CIRCLE ( 'NONE', #2823, 2.500000000000002220 ) ;
#3951 = LINE ( 'NONE', #2825, #4317 ) ;
#3952 = CARTESIAN_POINT ( 'NONE',  ( 2.047426502804825965, -59.40752366131754059, 0.1709514921392598086 ) ) ;
#3953 = CIRCLE ( 'NONE', #3284, 1.700000000000000178 ) ;
#3954 = CARTESIAN_POINT ( 'NONE',  ( -22.49220227519136373, -66.09869300196878328, 5.601767857468341383 ) ) ;
#3955 = ADVANCED_FACE ( 'NONE', ( #6913 ), #3073, .T. ) ;
#3956 = CARTESIAN_POINT ( 'NONE',  ( 10.90742652496656184, -66.43136156785213586, 22.37536116460591984 ) ) ;
#3957 = CIRCLE ( 'NONE', #6492, 1.700000000000000178 ) ;
#3958 = ORIENTED_EDGE ( 'NONE', *, *, #580, .F. ) ;
#3959 = CARTESIAN_POINT ( 'NONE',  ( 8.333333333333328596, -60.00000000000004263, 25.00000000000000000 ) ) ;
#3960 = CARTESIAN_POINT ( 'NONE',  ( 15.86034109330859287, -74.00000000000007105, 9.002867356208859917 ) ) ;
#3961 = CARTESIAN_POINT ( 'NONE',  ( 37.67318807970879391, 44.28376308587355226, 24.09291523964654402 ) ) ;
#3962 = CARTESIAN_POINT ( 'NONE',  ( 1.703936981057081690, -77.00000000000004263, 3.645834505687779004 ) ) ;
#3963 = PLANE ( 'NONE',  #373 ) ;
#3964 = DIRECTION ( 'NONE',  ( -0.8660254037844380415, 0.5000000000000012212, 0.000000000000000000 ) ) ;
#3965 = CARTESIAN_POINT ( 'NONE',  ( -2.542030417524531849, -73.25037381470367848, 25.18884196339746495 ) ) ;
#3966 = CARTESIAN_POINT ( 'NONE',  ( -8.622716828144305623, -74.00000000000004263, 20.10202683288562042 ) ) ;
#3967 = ORIENTED_EDGE ( 'NONE', *, *, #1564, .F. ) ;
#3968 = CARTESIAN_POINT ( 'NONE',  ( -25.06445558290797138, -57.72388461084814537, -1.554345678593411773 ) ) ;
#3969 = CARTESIAN_POINT ( 'NONE',  ( 21.82699029441941718, -67.62219380101772970, 16.53748571592047156 ) ) ;
#3970 = CARTESIAN_POINT ( 'NONE',  ( 21.53312115140107608, -60.72019528046945425, 8.851315462574149251 ) ) ;
#3971 = CARTESIAN_POINT ( 'NONE',  ( -3.903967880617593324E-14, -66.83599553647810865, 1.637657666526616262 ) ) ;
#3972 = CARTESIAN_POINT ( 'NONE',  ( -25.09016021744565705, -77.00000000000004263, 7.814575201640360902 ) ) ;
#3973 = DIRECTION ( 'NONE',  ( -0.000000000000000000, -0.000000000000000000, -1.000000000000000000 ) ) ;
#3974 = CARTESIAN_POINT ( 'NONE',  ( -19.37600169300853636, -73.37816383481043658, 19.64767786792008053 ) ) ;
#3975 = B_SPLINE_CURVE_WITH_KNOTS ( 'NONE', 3,
 ( #6280, #1380, #905, #4109 ),
 .UNSPECIFIED., .F., .F.,
 ( 4, 4 ),
 ( 0.5000000000000000000, 0.7506793545368183329 ),
 .UNSPECIFIED. ) ;
#3976 = AXIS2_PLACEMENT_3D ( 'NONE', #2121, #3264, #5486 ) ;
#3977 = EDGE_CURVE ( 'NONE', #4501, #1808, #211, .T. ) ;
#3978 = ORIENTED_EDGE ( 'NONE', *, *, #3673, .F. ) ;
#3979 = ORIENTED_EDGE ( 'NONE', *, *, #6193, .T. ) ;
#3980 = CARTESIAN_POINT ( 'NONE',  ( 25.65675476115116993, -77.00000000000004263, 15.33428754590534737 ) ) ;
#3981 = DIRECTION ( 'NONE',  ( -0.000000000000000000, -0.000000000000000000, -1.000000000000000000 ) ) ;
#3982 = CARTESIAN_POINT ( 'NONE',  ( -13.07936727024301149, -74.18135726853323320, 1.812740012101711873 ) ) ;
#3983 = CARTESIAN_POINT ( 'NONE',  ( 25.82352941176471006, -74.00000000000004263, 12.49999999999998401 ) ) ;
#3984 = CARTESIAN_POINT ( 'NONE',  ( 17.59943202369500170, -65.63939065778667725, 4.053657581422519307 ) ) ;
#3985 = CARTESIAN_POINT ( 'NONE',  ( 13.49570766491741125, -74.00000000000007105, 22.99011941645460411 ) ) ;
#3986 = CARTESIAN_POINT ( 'NONE',  ( -22.05735877155652602, -70.46621326686916120, 10.21134945699454910 ) ) ;
#3987 = FACE_OUTER_BOUND ( 'NONE', #3802, .T. ) ;
#3988 = CARTESIAN_POINT ( 'NONE',  ( -25.65639081652327391, -75.58666007263624920, 15.33569234972111772 ) ) ;
#3989 = ORIENTED_EDGE ( 'NONE', *, *, #6495, .T. ) ;
#3990 = AXIS2_PLACEMENT_3D ( 'NONE', #278, #1936, #2102 ) ;
#3991 = ADVANCED_FACE ( 'NONE', ( #415 ), #5219, .F. ) ;
#3992 = B_SPLINE_SURFACE_WITH_KNOTS ( 'NONE', 3, 3, ( 
 ( #4763, #18, #5842, #2211, #4347, #1102, #5511, #2017, #3323, #6550 ),
 ( #1483, #598, #6378, #976, #5468, #1180, #938, #2580, #2817, #2747 ),
 ( #5547, #2782, #4964, #2618, #6075, #53, #1647, #561, #2245, #3151 ),
 ( #6957, #2049, #4421, #4210, #4796, #5336, #430, #6620, #6993, #3798 ),
 ( #6001, #3285, #3874, #3986, #4054, #820, #3394, #3533, #92, #1363 ),
 ( #1797, #1213, #5586, #1759, #673, #4459, #2860, #6696, #3945, #6773 ),
 ( #5042, #240, #2930, #3001, #1325, #4023, #130, #783, #1835, #2321 ) ),
 .UNSPECIFIED., .F., .F., .F.,
 ( 4, 3, 4 ),
 ( 4, 3, 3, 4 ),
 ( 0.05404265217689767364, 0.2770213260884489825, 0.5000000000000003331 ),
 ( 0.1480422515889380231, 0.3942044041272681487, 0.6403665566655982744, 1.132690861742258637 ),
 .UNSPECIFIED. ) ;
#3994 = EDGE_LOOP ( 'NONE', ( #5192, #2791, #6263, #3477 ) ) ;
#3993 = CONICAL_SURFACE ( 'NONE', #6412, 3.149999999999999911, 0.7853981633974477239 ) ;
#3995 = CARTESIAN_POINT ( 'NONE',  ( 8.212214766017194023, -59.40752366131755480, 0.1087901693476658882 ) ) ;
#3996 = VECTOR ( 'NONE', #4880, 1000.000000000000000 ) ;
#3997 = CARTESIAN_POINT ( 'NONE',  ( -20.26199969574589943, -62.56918878501230097, 4.144878181806893380 ) ) ;
#3998 = CARTESIAN_POINT ( 'NONE',  ( 13.07936727023795953, -74.18135726853354583, 23.18725998790033316 ) ) ;
#3999 = EDGE_CURVE ( 'NONE', #4602, #4307, #926, .T. ) ;
#4000 = ORIENTED_EDGE ( 'NONE', *, *, #1337, .T. ) ;
#4001 = CARTESIAN_POINT ( 'NONE',  ( 14.49753548012706084, -77.77967650617955542, 27.23791030571363692 ) ) ;
#4002 = CARTESIAN_POINT ( 'NONE',  ( -16.48064247470866661, -74.00000000000005684, 15.20782373636454921 ) ) ;
#4003 = CARTESIAN_POINT ( 'NONE',  ( 2.161408771552186359, -77.00000000000007105, 29.95470398980764060 ) ) ;
#4004 = CARTESIAN_POINT ( 'NONE',  ( 16.69887295139419336, -77.00000000000004263, 10.17855748225238166 ) ) ;
#4005 = APPLICATION_PROTOCOL_DEFINITION ( 'draft international standard', 'automotive_design', 1998, #5188 ) ;
#4006 = DIRECTION ( 'NONE',  ( -1.000000000000000000, 0.000000000000000000, 0.000000000000000000 ) ) ;
#4007 = CARTESIAN_POINT ( 'NONE',  ( -1.155144159080526256, -68.12066825119643454, 23.74018724956694015 ) ) ;
#4008 = ORIENTED_EDGE ( 'NONE', *, *, #4619, .T. ) ;
#4009 = DIRECTION ( 'NONE',  ( -0.000000000000000000, -0.000000000000000000, -1.000000000000000000 ) ) ;
#4010 = CARTESIAN_POINT ( 'NONE',  ( 13.63000766128985752, -74.00000000000004263, -1.762166160284283301 ) ) ;
#4011 = CARTESIAN_POINT ( 'NONE',  ( 22.15985655337501470, -74.53347520354260780, 10.05290396926934449 ) ) ;
#4012 = CARTESIAN_POINT ( 'NONE',  ( -2.311779167571037519, -68.10947604262462107, 1.298788072419340356 ) ) ;
#4013 = DIRECTION ( 'NONE',  ( -1.000000000000000000, 0.000000000000000000, 0.000000000000000000 ) ) ;
#4014 = LINE ( 'NONE', #1784, #2327 ) ;
#4015 = CARTESIAN_POINT ( 'NONE',  ( -17.74467285456101351, -68.29924385868208958, 20.77189699976495163 ) ) ;
#4016 = EDGE_CURVE ( 'NONE', #5258, #5218, #6177, .T. ) ;
#4017 = EDGE_LOOP ( 'NONE', ( #2388, #5549, #266, #5212, #4129, #3314, #6688, #1333, #4008, #4388, #3518, #4652, #161, #2229, #1302, #1096, #1071, #812, #6296, #2142 ) ) ;
#4018 = EDGE_LOOP ( 'NONE', ( #4096, #3071, #141 ) ) ;
#4019 = FACE_OUTER_BOUND ( 'NONE', #680, .T. ) ;
#4020 = CARTESIAN_POINT ( 'NONE',  ( -11.40327644274167795, -62.40373738847824114, 3.268014778155110545 ) ) ;
#4021 = CARTESIAN_POINT ( 'NONE',  ( 15.52556338072280262, -63.25125623437563860, 3.591953958085408072 ) ) ;
#4022 = CARTESIAN_POINT ( 'NONE',  ( 40.00000000000000711, -47.29829407782839468, 3.500000000000000000 ) ) ;
#4023 = CARTESIAN_POINT ( 'NONE',  ( -21.94772718806802558, -67.71421447789886372, 12.50000000000000355 ) ) ;
#4024 = CARTESIAN_POINT ( 'NONE',  ( -28.68629150101522640, -14.00000000000004441, 8.500000000000000000 ) ) ;
#4025 = CARTESIAN_POINT ( 'NONE',  ( -43.49999999999999289, -14.00000000000004619, 12.50000000000000000 ) ) ;
#4026 = FACE_OUTER_BOUND ( 'NONE', #6364, .T. ) ;
#4027 = MANIFOLD_SOLID_BREP ( 'Split5[1]', #7091 ) ;
#4028 = ORIENTED_EDGE ( 'NONE', *, *, #1952, .F. ) ;
#4029 = CARTESIAN_POINT ( 'NONE',  ( -11.96799147100969662, -77.77967650617954121, -3.264694118174012338 ) ) ;
#4030 = CARTESIAN_POINT ( 'NONE',  ( -20.66132021255323536, -70.40707803175281754, 5.856844616822205474 ) ) ;
#4031 = EDGE_CURVE ( 'NONE', #2940, #903, #674, .T. ) ;
#4032 = CARTESIAN_POINT ( 'NONE',  ( 18.58320860325002499, -69.49411159242814051, 20.36107407209910392 ) ) ;
#4033 = ORIENTED_EDGE ( 'NONE', *, *, #4114, .F. ) ;
#4034 = CARTESIAN_POINT ( 'NONE',  ( 7.181129364893376277, -59.40752366131756190, 24.87619070880220562 ) ) ;
#4035 = CARTESIAN_POINT ( 'NONE',  ( -39.99999999999999289, 52.00000000000000711, 32.07106781186548261 ) ) ;
#4036 = CARTESIAN_POINT ( 'NONE',  ( 41.17282362259897610, 41.79770053586582179, 21.44714312827707658 ) ) ;
#4037 = CARTESIAN_POINT ( 'NONE',  ( -17.74748603729673491, -77.00000000000004263, 12.50000000000002132 ) ) ;
#4038 = LINE ( 'NONE', #6787, #5288 ) ;
#4039 = DIRECTION ( 'NONE',  ( 1.000000000000000000, 0.000000000000000000, 0.000000000000000000 ) ) ;
#4040 = CARTESIAN_POINT ( 'NONE',  ( 1.127535234483834081, -66.83599553647812286, 23.36234233347346745 ) ) ;
#4041 = ORIENTED_EDGE ( 'NONE', *, *, #6776, .T. ) ;
#4042 = CARTESIAN_POINT ( 'NONE',  ( -24.55971631608541017, -77.00000000000004263, 18.24631260108014175 ) ) ;
#4043 = CARTESIAN_POINT ( 'NONE',  ( 21.60374486234518443, -66.09558617792738744, 5.292079432239561676 ) ) ;
#4044 = CARTESIAN_POINT ( 'NONE',  ( -4.099625899887020631E-14, -73.25935911006996548, -0.2515669139415804834 ) ) ;
#4045 = CARTESIAN_POINT ( 'NONE',  ( 36.00000000000000000, -44.31902001999193175, 3.499999999999999556 ) ) ;
#4046 = DIRECTION ( 'NONE',  ( 1.000000000000000000, 0.000000000000000000, 0.000000000000000000 ) ) ;
#4047 = CARTESIAN_POINT ( 'NONE',  ( -19.35340260394102785, -65.35686786940229354, 20.53164111319746610 ) ) ;
#4048 = ORIENTED_EDGE ( 'NONE', *, *, #1345, .T. ) ;
#4049 = EDGE_LOOP ( 'NONE', ( #6339, #5144, #6235, #1853 ) ) ;
#4050 = CARTESIAN_POINT ( 'NONE',  ( 24.53643888760426606, -77.89877571810218626, 7.131299388332356770 ) ) ;
#4051 = CARTESIAN_POINT ( 'NONE',  ( -14.41339608955879470, -62.05684481836784272, 3.495086951526474195 ) ) ;
#4052 = CARTESIAN_POINT ( 'NONE',  ( 16.58733917319544204, -73.83630048751386710, 3.534586328960768853 ) ) ;
#4053 = LINE ( 'NONE', #2567, #1415 ) ;
#4054 = CARTESIAN_POINT ( 'NONE',  ( -21.98138733961767599, -69.07516081733773206, 10.00416527883067808 ) ) ;
#4055 = CARTESIAN_POINT ( 'NONE',  ( -21.84978241376938257, -77.00000000000004263, 21.98513260262338065 ) ) ;
#4056 = ORIENTED_EDGE ( 'NONE', *, *, #3388, .F. ) ;
#4057 = EDGE_LOOP ( 'NONE', ( #1752, #1538, #3876 ) ) ;
#4058 = CARTESIAN_POINT ( 'NONE',  ( -20.20629099326302835, -65.21030849262017171, 4.670044145370034983 ) ) ;
#4059 = CARTESIAN_POINT ( 'NONE',  ( 15.64861594069784090, -64.57540417763210883, 21.38229923068422522 ) ) ;
#4060 = ORIENTED_EDGE ( 'NONE', *, *, #7073, .T. ) ;
#4061 = ORIENTED_EDGE ( 'NONE', *, *, #1021, .T. ) ;
#4062 = ADVANCED_FACE ( 'NONE', ( #7083 ), #483, .F. ) ;
#4063 = VECTOR ( 'NONE', #2058, 1000.000000000000000 ) ;
#4064 = EDGE_CURVE ( 'NONE', #2250, #3162, #6037, .T. ) ;
#4065 = CARTESIAN_POINT ( 'NONE',  ( 24.72710036683702839, -77.77967650617954121, 17.52849098766343516 ) ) ;
#4066 = CARTESIAN_POINT ( 'NONE',  ( -4.347175699743141664, -74.00000000000004263, 21.13706630210235105 ) ) ;
#4067 = CARTESIAN_POINT ( 'NONE',  ( 1.082698699418026544, -77.00000000000004263, 29.99999350778998064 ) ) ;
#4068 = CARTESIAN_POINT ( 'NONE',  ( 17.03494416879689410, -77.00000000000004263, 10.87713160793242828 ) ) ;
#4069 = CARTESIAN_POINT ( 'NONE',  ( -38.68627997701626242, -42.62925679096758103, 1.450000000000001288 ) ) ;
#4070 = CARTESIAN_POINT ( 'NONE',  ( 5.031986813486650334, -73.21417747167444645, 24.94479774505425951 ) ) ;
#4071 = VECTOR ( 'NONE', #3748, 1000.000000000000000 ) ;
#4072 = EDGE_CURVE ( 'NONE', #4221, #2237, #4672, .T. ) ;
#4073 = EDGE_CURVE ( 'NONE', #3216, #1297, #4264, .T. ) ;
#4074 = ORIENTED_EDGE ( 'NONE', *, *, #5437, .F. ) ;
#4075 = PRESENTATION_STYLE_ASSIGNMENT (( #6756 ) ) ;
#4076 = CARTESIAN_POINT ( 'NONE',  ( -17.86907151464183841, -74.00000000000005684, 0.1834256247319700217 ) ) ;
#4077 = CARTESIAN_POINT ( 'NONE',  ( 21.73432409607678295, -71.56956601858600209, 7.323701020648011095 ) ) ;
#4078 = CARTESIAN_POINT ( 'NONE',  ( -5.146585803489434063, -74.50101045947506861, -0.2938628769270906771 ) ) ;
#4079 = FACE_OUTER_BOUND ( 'NONE', #1530, .T. ) ;
#4080 = FACE_OUTER_BOUND ( 'NONE', #7097, .T. ) ;
#4081 = CARTESIAN_POINT ( 'NONE',  ( -14.94454481776310395, -74.02623207155944840, 22.35573330713481965 ) ) ;
#4082 = VERTEX_POINT ( 'NONE', #4303 ) ;
#4083 = AXIS2_PLACEMENT_3D ( 'NONE', #1101, #3283, #3768 ) ;
#4084 = EDGE_CURVE ( 'NONE', #4221, #6515, #2104, .T. ) ;
#4085 = ORIENTED_EDGE ( 'NONE', *, *, #6637, .F. ) ;
#4086 = CARTESIAN_POINT ( 'NONE',  ( 25.04793644628120219, -57.72388461084813827, 25.92627091680840579 ) ) ;
#4087 = CARTESIAN_POINT ( 'NONE',  ( -12.73566226850423710, -64.92609557773837992, 3.127650300470818046 ) ) ;
#4088 = CARTESIAN_POINT ( 'NONE',  ( 13.07936727024294932, -74.18135726853323320, 1.812740012101685894 ) ) ;
#4089 = DIRECTION ( 'NONE',  ( -0.000000000000000000, -0.000000000000000000, -1.000000000000000000 ) ) ;
#4090 = CARTESIAN_POINT ( 'NONE',  ( -16.12763008922668817, -77.00000000000004263, 15.64275991089641948 ) ) ;
#4091 = VECTOR ( 'NONE', #68, 1000.000000000000000 ) ;
#4092 = ORIENTED_EDGE ( 'NONE', *, *, #677, .F. ) ;
#4093 = CARTESIAN_POINT ( 'NONE',  ( 38.50000000000000000, -44.31902001999193175, 12.50000000000000000 ) ) ;
#4094 = CARTESIAN_POINT ( 'NONE',  ( 19.33368021630117184, -62.70935270743522949, 20.95678679174531212 ) ) ;
#4096 = ORIENTED_EDGE ( 'NONE', *, *, #5053, .F. ) ;
#4095 = CONICAL_SURFACE ( 'NONE', #1035, 1.699999999999993072, 1.029744258676650759 ) ;
#4097 = FACE_OUTER_BOUND ( 'NONE', #5781, .T. ) ;
#4098 = CARTESIAN_POINT ( 'NONE',  ( 22.38017953614122391, -77.00000000000002842, 21.44415598567542247 ) ) ;
#4099 = CARTESIAN_POINT ( 'NONE',  ( 16.82821902380749535, -74.00000000000004263, 14.58725107535741117 ) ) ;
#4100 = CARTESIAN_POINT ( 'NONE',  ( 21.49077775195243944, -59.52946844029276008, 21.50000000000000000 ) ) ;
#4101 = CARTESIAN_POINT ( 'NONE',  ( 22.18281483921538566, -71.30739972975314345, 7.243795111362127948 ) ) ;
#4102 = DIRECTION ( 'NONE',  ( -1.000000000000000000, 0.000000000000000000, 0.000000000000000000 ) ) ;
#4103 = CARTESIAN_POINT ( 'NONE',  ( 25.99999999999999645, -77.00000000000004263, 12.49999999999999289 ) ) ;
#4104 = AXIS2_PLACEMENT_3D ( 'NONE', #6467, #4811, #1571 ) ;
#4105 = ADVANCED_FACE ( 'NONE', ( #1723 ), #7048, .F. ) ;
#4106 = CARTESIAN_POINT ( 'NONE',  ( -3.872542752036496402E-12, -65.55132282175972591, 22.98449741737975316 ) ) ;
#4107 = EDGE_LOOP ( 'NONE', ( #3178, #6986 ) ) ;
#4108 = DIRECTION ( 'NONE',  ( -1.000000000000000000, 0.000000000000000000, 0.000000000000000000 ) ) ;
#4109 = CARTESIAN_POINT ( 'NONE',  ( 25.65675476115116993, -77.00000000000004263, 15.33428754590534737 ) ) ;
#4110 = CARTESIAN_POINT ( 'NONE',  ( 21.76591886413029897, -66.23514270058646503, 8.170005998689257254 ) ) ;
#4111 = CARTESIAN_POINT ( 'NONE',  ( -3.701316915942902449E-14, -69.40534096591484570, 0.8819678343393375641 ) ) ;
#4112 = CARTESIAN_POINT ( 'NONE',  ( 40.20000000000000284, -44.31902001999193175, 12.50000000000000000 ) ) ;
#4113 = CARTESIAN_POINT ( 'NONE',  ( -25.59826332794827053, -74.00000000000004263, 9.435546880716984219 ) ) ;
#4114 = EDGE_CURVE ( 'NONE', #4789, #4349, #1655, .T. ) ;
#4115 = CARTESIAN_POINT ( 'NONE',  ( -11.74353916982770762, -65.03132147460327417, 22.03097900113495911 ) ) ;
#4116 = ORIENTED_EDGE ( 'NONE', *, *, #2859, .T. ) ;
#4117 = VERTEX_POINT ( 'NONE', #1578 ) ;
#4118 = CARTESIAN_POINT ( 'NONE',  ( 25.44682351704894430, -77.89877571810218626, 16.04233283124334619 ) ) ;
#4119 = CARTESIAN_POINT ( 'NONE',  ( -16.74994038937522944, -75.15373283753254441, 3.496512156135496152 ) ) ;
#4120 = CARTESIAN_POINT ( 'NONE',  ( 16.74994038937519036, -75.15373283753251599, 3.496512156135469507 ) ) ;
#4121 = CARTESIAN_POINT ( 'NONE',  ( -38.49999999999998579, 50.00000000000000711, 0.000000000000000000 ) ) ;
#4122 = CARTESIAN_POINT ( 'NONE',  ( 25.86412541772606133, -74.00000000000004263, 10.43546977628480654 ) ) ;
#4123 = AXIS2_PLACEMENT_3D ( 'NONE', #4824, #4206, #5934 ) ;
#4124 = CARTESIAN_POINT ( 'NONE',  ( 40.19999999999999574, 35.00000000000000711, 17.00000000000000000 ) ) ;
#4125 = ORIENTED_EDGE ( 'NONE', *, *, #1596, .T. ) ;
#4126 = B_SPLINE_CURVE_WITH_KNOTS ( 'NONE', 3,
 ( #2230, #3376, #5494, #6132, #5024, #734, #5566, #1278, #2341, #1707 ),
 .UNSPECIFIED., .F., .F.,
 ( 4, 2, 2, 2, 4 ),
 ( -3.580632689902113345E-05, 0.007069103376237664479, 0.01417401307937435004, 0.02127892278251103386, 0.02838383248564772116 ),
 .UNSPECIFIED. ) ;
#4127 = CARTESIAN_POINT ( 'NONE',  ( -40.15145231667771952, -43.85986166891891713, 2.532002900328743866 ) ) ;
#4128 = CARTESIAN_POINT ( 'NONE',  ( 15.52556338071730124, -63.25125623437637046, 21.40804604191525939 ) ) ;
#4129 = ORIENTED_EDGE ( 'NONE', *, *, #6936, .T. ) ;
#4130 = CARTESIAN_POINT ( 'NONE',  ( 11.17054101212911021, -74.00000000000004263, 19.13247705448238634 ) ) ;
#4131 = AXIS2_PLACEMENT_3D ( 'NONE', #5067, #118, #3935 ) ;
#4132 = ORIENTED_EDGE ( 'NONE', *, *, #4114, .T. ) ;
#4133 = DIRECTION ( 'NONE',  ( -0.000000000000000000, -0.000000000000000000, -1.000000000000000000 ) ) ;
#4134 = FACE_OUTER_BOUND ( 'NONE', #1358, .T. ) ;
#4135 = CARTESIAN_POINT ( 'NONE',  ( 24.64196912394495342, -77.00000000000004263, 18.08180698536104458 ) ) ;
#4136 = CARTESIAN_POINT ( 'NONE',  ( -38.49999999999998579, 50.00000000000000711, 17.00000000000000000 ) ) ;
#4137 = CARTESIAN_POINT ( 'NONE',  ( 24.08550133035958396, -60.74781782528539509, 4.028728779475078348 ) ) ;
#4138 = CARTESIAN_POINT ( 'NONE',  ( -39.99999999999999289, 55.00000000000000711, 12.50000000000000000 ) ) ;
#4139 = CARTESIAN_POINT ( 'NONE',  ( -38.49999999999998579, -44.31902001999193175, 12.50000000000000000 ) ) ;
#4140 = CARTESIAN_POINT ( 'NONE',  ( 1.299882894427149882, -74.54403182478834822, 25.62941183003538370 ) ) ;
#4141 = ORIENTED_EDGE ( 'NONE', *, *, #2660, .F. ) ;
#4142 = CARTESIAN_POINT ( 'NONE',  ( -25.04793644628120219, -57.72388461084814537, 25.92627091680840223 ) ) ;
#4143 = CARTESIAN_POINT ( 'NONE',  ( 40.00000000000000711, -46.31902001999192464, 32.07106781186548261 ) ) ;
#4144 = CARTESIAN_POINT ( 'NONE',  ( 21.49593815408837472, -60.51190505575804934, 1.556365198112663828 ) ) ;
#4145 = CARTESIAN_POINT ( 'NONE',  ( -6.534906650736730604, -75.76258247412506819, -0.4270485246065340856 ) ) ;
#4146 = CARTESIAN_POINT ( 'NONE',  ( -34.15625850168694200, 57.67731655846738903, 25.00000000000000000 ) ) ;
#4147 = LINE ( 'NONE', #6353, #5293 ) ;
#4148 = CARTESIAN_POINT ( 'NONE',  ( -14.12704933932998053, -59.41105569123101304, 21.49787030457364523 ) ) ;
#4149 = CARTESIAN_POINT ( 'NONE',  ( -25.09015867712126635, -77.00000000000004263, 17.18542787900842228 ) ) ;
#4150 = ORIENTED_EDGE ( 'NONE', *, *, #7002, .F. ) ;
#4151 = VERTEX_POINT ( 'NONE', #3211 ) ;
#4152 = EDGE_CURVE ( 'NONE', #5367, #554, #2175, .T. ) ;
#4153 = ADVANCED_FACE ( 'NONE', ( #5892 ), #6549, .T. ) ;
#4154 = CARTESIAN_POINT ( 'NONE',  ( 24.57973960995904505, -77.89877571810218626, 7.207625727800397009 ) ) ;
#4155 = CARTESIAN_POINT ( 'NONE',  ( -17.56915918334683013, -77.00000000000004263, 12.90562719540161396 ) ) ;
#4156 = CARTESIAN_POINT ( 'NONE',  ( 15.14727413305056380, -59.28230574988929646, 3.475588738778847997 ) ) ;
#4157 = LINE ( 'NONE', #2597, #1987 ) ;
#4158 = CARTESIAN_POINT ( 'NONE',  ( -38.49999999999999289, 50.00000000000000711, 18.02146305234685286 ) ) ;
#4159 = ORIENTED_EDGE ( 'NONE', *, *, #6911, .T. ) ;
#4160 = ADVANCED_FACE ( 'NONE', ( #6584 ), #1645, .T. ) ;
#4161 = B_SPLINE_CURVE_WITH_KNOTS ( 'NONE', 3,
 ( #5580, #6106, #6071, #4570 ),
 .UNSPECIFIED., .F., .F.,
 ( 4, 4 ),
 ( 0.000000000000000000, 1.000000000000000000 ),
 .UNSPECIFIED. ) ;
#4162 = LINE ( 'NONE', #5324, #2611 ) ;
#4163 = CARTESIAN_POINT ( 'NONE',  ( 14.27209426940584258, -60.73350431550908723, 21.49558876254533502 ) ) ;
#4164 = CARTESIAN_POINT ( 'NONE',  ( -3.447648144306344697, -74.00000000000004263, 21.21224322138776586 ) ) ;
#4165 = VERTEX_POINT ( 'NONE', #5467 ) ;
#4166 = CARTESIAN_POINT ( 'NONE',  ( 6.920907836083560305, -74.00000000000004263, 4.442417051582182808 ) ) ;
#4167 = CARTESIAN_POINT ( 'NONE',  ( -38.49999999999998579, -44.31902001999193175, 0.000000000000000000 ) ) ;
#4168 = CARTESIAN_POINT ( 'NONE',  ( 38.50000000000000000, -44.31902001999193175, 3.499999999999999556 ) ) ;
#4169 = CARTESIAN_POINT ( 'NONE',  ( 25.65639081652326325, -75.58666007263673237, 15.33569234972115325 ) ) ;
#4170 = LINE ( 'NONE', #4760, #5117 ) ;
#4171 = CARTESIAN_POINT ( 'NONE',  ( -21.23287851237419233, -74.00000000000004263, 22.59985217696171844 ) ) ;
#4172 = LINE ( 'NONE', #4382, #5732 ) ;
#4173 = CARTESIAN_POINT ( 'NONE',  ( 3.701768748724508562, -71.94610929385710563, 24.70637563750213417 ) ) ;
#4174 = CARTESIAN_POINT ( 'NONE',  ( -23.94592117670051934, -59.40752366131755480, 25.21828252545293836 ) ) ;
#4175 = CARTESIAN_POINT ( 'NONE',  ( 36.79999999999999716, 35.00000000000000711, 12.50000000000000000 ) ) ;
#4176 = CARTESIAN_POINT ( 'NONE',  ( 9.903622830633143082, -74.00000000000004263, 27.92556843809774492 ) ) ;
#4177 = VECTOR ( 'NONE', #6796, 1000.000000000000000 ) ;
#4178 = DIRECTION ( 'NONE',  ( 0.000000000000000000, 0.000000000000000000, 1.000000000000000000 ) ) ;
#4179 = DIRECTION ( 'NONE',  ( -0.000000000000000000, -0.000000000000000000, -1.000000000000000000 ) ) ;
#4180 = CARTESIAN_POINT ( 'NONE',  ( -15.40251082074372668, -61.92710829111975102, 21.43379285314579263 ) ) ;
#4181 = DIRECTION ( 'NONE',  ( -0.000000000000000000, 1.000000000000000000, -0.000000000000000000 ) ) ;
#4182 = EDGE_LOOP ( 'NONE', ( #656, #2287, #414, #5105, #6211, #4469 ) ) ;
#4183 = ORIENTED_EDGE ( 'NONE', *, *, #1951, .F. ) ;
#4184 = CARTESIAN_POINT ( 'NONE',  ( -25.00000000000000000, -60.00000000000003553, 0.000000000000000000 ) ) ;
#4185 = CIRCLE ( 'NONE', #3839, 1.700000000000000178 ) ;
#4186 = DIRECTION ( 'NONE',  ( -0.000000000000000000, -0.000000000000000000, -1.000000000000000000 ) ) ;
#4187 = CARTESIAN_POINT ( 'NONE',  ( -15.53663826102322254, -74.00000000000004263, 16.29845140207862286 ) ) ;
#4188 = CARTESIAN_POINT ( 'NONE',  ( 8.256662136074384151, -70.52672584433902614, 1.278146563075473141 ) ) ;
#4189 = CARTESIAN_POINT ( 'NONE',  ( 24.51858991215565453, -77.00000000000004263, 18.32856540893965658 ) ) ;
#4190 = CARTESIAN_POINT ( 'NONE',  ( -8.622716828144305623, -77.00000000000004263, 20.10202683288562042 ) ) ;
#4191 = DIRECTION ( 'NONE',  ( 1.000000000000000000, 1.330321911110254761E-16, 0.000000000000000000 ) ) ;
#4192 = EDGE_CURVE ( 'NONE', #5357, #960, #2935, .T. ) ;
#4193 = ORIENTED_EDGE ( 'NONE', *, *, #5794, .F. ) ;
#4194 = DIRECTION ( 'NONE',  ( 0.8660254037844380415, -0.5000000000000013323, 0.000000000000000000 ) ) ;
#4195 = CARTESIAN_POINT ( 'NONE',  ( -0.001737809258973430472, -74.00000000000004263, 1.252149606933893100 ) ) ;
#4196 = CONICAL_SURFACE ( 'NONE', #1130, 1.699999999999993072, 1.029744258676650759 ) ;
#4197 = AXIS2_PLACEMENT_3D ( 'NONE', #3081, #3871, #3320 ) ;
#4199 = EDGE_CURVE ( 'NONE', #3549, #4165, #1597, .T. ) ;
#4198 = CARTESIAN_POINT ( 'NONE',  ( 21.23801335705005044, -61.12103161623457481, 21.08330547543089040 ) ) ;
#4200 = CARTESIAN_POINT ( 'NONE',  ( 1.791487525089147104, -74.00000000000004263, 21.31248234468181479 ) ) ;
#4201 = ORIENTED_EDGE ( 'NONE', *, *, #2996, .F. ) ;
#4202 = EDGE_CURVE ( 'NONE', #949, #6595, #5013, .T. ) ;
#4203 = VECTOR ( 'NONE', #1082, 1000.000000000000000 ) ;
#4204 = CARTESIAN_POINT ( 'NONE',  ( 15.98458317706132448, -74.00000000000004263, 9.188939740610280182 ) ) ;
#4205 = CARTESIAN_POINT ( 'NONE',  ( -25.59344066623144087, -77.00000000000004263, 15.58264784197685593 ) ) ;
#4206 = DIRECTION ( 'NONE',  ( 0.000000000000000000, -1.000000000000000000, 0.000000000000000000 ) ) ;
#4207 = CARTESIAN_POINT ( 'NONE',  ( -17.90935789859145189, -74.00000000000002842, 4.297915179952287446 ) ) ;
#4208 = DIRECTION ( 'NONE',  ( -0.000000000000000000, -0.000000000000000000, -1.000000000000000000 ) ) ;
#4209 = CARTESIAN_POINT ( 'NONE',  ( -25.86574135804053753, -74.00000000000004263, 10.44776716956571505 ) ) ;
#4210 = CARTESIAN_POINT ( 'NONE',  ( -21.95376938277124523, -70.39147122821132996, 9.073475177121020252 ) ) ;
#4211 = CARTESIAN_POINT ( 'NONE',  ( 8.779300601194348630, -74.40388009895698929, 24.58768076618495613 ) ) ;
#4212 = VECTOR ( 'NONE', #2755, 1000.000000000000114 ) ;
#4213 = CARTESIAN_POINT ( 'NONE',  ( -24.31447694444713292, -77.00000000000005684, 18.73679134435670690 ) ) ;
#4214 = CARTESIAN_POINT ( 'NONE',  ( 35.95213502554261709, 36.28063298934558389, 0.3048104378467222375 ) ) ;
#4215 = CARTESIAN_POINT ( 'NONE',  ( 20.46309068487977356, -74.00000000000002842, 23.18882751987999313 ) ) ;
#4216 = B_SPLINE_CURVE_WITH_KNOTS ( 'NONE', 1,
 ( #2089, #3157 ),
 .UNSPECIFIED., .F., .F.,
 ( 2, 2 ),
 ( 0.000000000000000000, 0.01402420053665700411 ),
 .UNSPECIFIED. ) ;
#4217 = CARTESIAN_POINT ( 'NONE',  ( 36.00000000000000711, 35.00000000000000711, 32.07106781186548261 ) ) ;
#4218 = CARTESIAN_POINT ( 'NONE',  ( -21.53745693383747550, -60.73962015597951591, 14.32432318592456610 ) ) ;
#4219 = CARTESIAN_POINT ( 'NONE',  ( -9.365498003949634054, -62.59080389549667700, 21.87669395293591279 ) ) ;
#4220 = CARTESIAN_POINT ( 'NONE',  ( -43.38685996664258226, -22.00000000000004619, 16.50000000000000000 ) ) ;
#4221 = VERTEX_POINT ( 'NONE', #3907 ) ;
#4222 = CARTESIAN_POINT ( 'NONE',  ( -25.17945282892014092, -60.00000000000003553, 0.000000000000000000 ) ) ;
#4223 = DIRECTION ( 'NONE',  ( -0.000000000000000000, -0.000000000000000000, -1.000000000000000000 ) ) ;
#4224 = LINE ( 'NONE', #1459, #5825 ) ;
#4225 = CARTESIAN_POINT ( 'NONE',  ( 10.38835596852047338, -62.50424976918188236, 3.192710183092679621 ) ) ;
#4226 = CARTESIAN_POINT ( 'NONE',  ( 25.44682351704894430, -77.89877571810218626, 16.04233283124334619 ) ) ;
#4227 = DIRECTION ( 'NONE',  ( 0.8571673007021104462, 1.049727191138616354E-16, -0.5150380749100574862 ) ) ;
#4228 = CARTESIAN_POINT ( 'NONE',  ( -21.37918666975486204, -58.04902566657506924, 15.50024679793497384 ) ) ;
#4229 = ORIENTED_EDGE ( 'NONE', *, *, #3600, .T. ) ;
#4230 = DIRECTION ( 'NONE',  ( -0.000000000000000000, -0.000000000000000000, -1.000000000000000000 ) ) ;
#4231 = CARTESIAN_POINT ( 'NONE',  ( 33.50000000000000711, -55.09252271188827876, 0.000000000000000000 ) ) ;
#4232 = CARTESIAN_POINT ( 'NONE',  ( -38.49999999999998579, 50.00000000000000711, 0.000000000000000000 ) ) ;
#4233 = CIRCLE ( 'NONE', #1171, 2.499999999999995115 ) ;
#4234 = CARTESIAN_POINT ( 'NONE',  ( 21.68401558297351883, -71.45786360106680490, 18.13541498153755072 ) ) ;
#4235 = VERTEX_POINT ( 'NONE', #1834 ) ;
#4236 = ORIENTED_EDGE ( 'NONE', *, *, #2109, .T. ) ;
#4237 = CARTESIAN_POINT ( 'NONE',  ( 16.89984342426830466, -74.00000000000004263, 10.57354799686075175 ) ) ;
#4238 = CARTESIAN_POINT ( 'NONE',  ( 43.50000000000001421, 40.00000000000000711, 9.266460358550128618 ) ) ;
#4239 = CARTESIAN_POINT ( 'NONE',  ( 40.20000000000000284, 35.00000000000000711, 12.50000000000000000 ) ) ;
#4240 = EDGE_CURVE ( 'NONE', #172, #6479, #654, .T. ) ;
#4241 = DIRECTION ( 'NONE',  ( -0.000000000000000000, -0.000000000000000000, -1.000000000000000000 ) ) ;
#4242 = DIRECTION ( 'NONE',  ( -0.000000000000000000, -0.000000000000000000, -1.000000000000000000 ) ) ;
#4243 = CARTESIAN_POINT ( 'NONE',  ( -21.86567313722191486, -66.31929561351500979, 12.50000000000000355 ) ) ;
#4244 = CARTESIAN_POINT ( 'NONE',  ( 6.680495825022794598, -66.69158337745525955, 22.98298000268568941 ) ) ;
#4245 = CARTESIAN_POINT ( 'NONE',  ( -23.04525864944429969, -77.77967650617954121, 20.56612288739502858 ) ) ;
#4246 = CARTESIAN_POINT ( 'NONE',  ( 36.06865231768978219, 36.43223181620862050, 0.3344594468102082274 ) ) ;
#4247 = CARTESIAN_POINT ( 'NONE',  ( 21.21969041965007108, -74.00000000000001421, 22.60998374978309400 ) ) ;
#4248 = DIRECTION ( 'NONE',  ( 1.000000000000000000, 0.000000000000000000, 0.000000000000000000 ) ) ;
#4249 = CARTESIAN_POINT ( 'NONE',  ( -21.94772718806802203, -67.71421447789886372, 12.49999999999997513 ) ) ;
#4250 = CARTESIAN_POINT ( 'NONE',  ( -7.927255824279638929, -67.93792677890070308, 23.14739792331593193 ) ) ;
#4251 = CARTESIAN_POINT ( 'NONE',  ( 39.99999999999999289, 42.65715534916777329, 21.50000000000000000 ) ) ;
#4252 = ORIENTED_EDGE ( 'NONE', *, *, #4346, .F. ) ;
#4253 = CARTESIAN_POINT ( 'NONE',  ( -21.20681151644157580, -77.77967650617952700, 2.300147199530600428 ) ) ;
#4254 = DIRECTION ( 'NONE',  ( 0.000000000000000000, 0.000000000000000000, 1.000000000000000000 ) ) ;
#4255 = EDGE_CURVE ( 'NONE', #4340, #6746, #2673, .T. ) ;
#4256 = CARTESIAN_POINT ( 'NONE',  ( -11.89271580238536252, -77.00000000000004263, 18.79153470780746460 ) ) ;
#4257 = CARTESIAN_POINT ( 'NONE',  ( 7.035234356358448515, -60.14793193955500072, 3.547559056847239489 ) ) ;
#4258 = CARTESIAN_POINT ( 'NONE',  ( 25.08282398096125831, -77.00000000000004263, 17.20009727132843125 ) ) ;
#4259 = CARTESIAN_POINT ( 'NONE',  ( -21.99458211240185790, -63.60466166981182567, 20.29713169169216158 ) ) ;
#4260 = ORIENTED_EDGE ( 'NONE', *, *, #6670, .T. ) ;
#4261 = FACE_OUTER_BOUND ( 'NONE', #1072, .T. ) ;
#4262 = LINE ( 'NONE', #3828, #2864 ) ;
#4263 = CARTESIAN_POINT ( 'NONE',  ( 22.85399449926992332, -63.46710176150025262, 4.836687081528932453 ) ) ;
#4264 = LINE ( 'NONE', #5363, #3526 ) ;
#4265 = CARTESIAN_POINT ( 'NONE',  ( 20.43188688697270550, -74.46256466078203573, 18.60297377081513304 ) ) ;
#4266 = ORIENTED_EDGE ( 'NONE', *, *, #3388, .T. ) ;
#4267 = ORIENTED_EDGE ( 'NONE', *, *, #3338, .T. ) ;
#4268 = CARTESIAN_POINT ( 'NONE',  ( 13.44849748091324493, -74.00000000000004263, 7.059009957411558567 ) ) ;
#4269 = CARTESIAN_POINT ( 'NONE',  ( 34.12641975484876866, 46.56675163156648267, -2.151463686025923108E-16 ) ) ;
#4270 = AXIS2_PLACEMENT_3D ( 'NONE', #3905, #88, #2280 ) ;
#4271 = DIRECTION ( 'NONE',  ( -0.000000000000000000, 1.000000000000000000, -0.000000000000000000 ) ) ;
#4272 = CARTESIAN_POINT ( 'NONE',  ( -1.969000188620102954, -74.00000000000004263, -0.4233674575736178225 ) ) ;
#4273 = CARTESIAN_POINT ( 'NONE',  ( -16.15487841011790948, -69.87263062711230077, 3.614262275695476756 ) ) ;
#4274 = DIRECTION ( 'NONE',  ( -1.553732654557586955E-16, 1.000000000000000000, 0.000000000000000000 ) ) ;
#4275 = CARTESIAN_POINT ( 'NONE',  ( 6.407814757841863162, -64.10309443401608576, 22.36865341985143019 ) ) ;
#4276 = EDGE_CURVE ( 'NONE', #3549, #1311, #4573, .T. ) ;
#4277 = EDGE_CURVE ( 'NONE', #4936, #6093, #1367, .T. ) ;
#4278 = CARTESIAN_POINT ( 'NONE',  ( -38.68627997701626242, -46.00878324901628247, 1.450000000000001732 ) ) ;
#4279 = PLANE ( 'NONE',  #2176 ) ;
#4280 = LINE ( 'NONE', #2260, #560 ) ;
#4281 = CARTESIAN_POINT ( 'NONE',  ( -43.49999999999998579, -49.31902001999193175, 25.00000000000000000 ) ) ;
#4282 = CARTESIAN_POINT ( 'NONE',  ( 21.61464733046744868, -74.00000000000001421, 7.613070865666371034 ) ) ;
#4283 = CARTESIAN_POINT ( 'NONE',  ( -22.27594339145246138, -73.29388993543433628, 12.49999999999997513 ) ) ;
#4284 = CARTESIAN_POINT ( 'NONE',  ( -7.273716032208735527, -71.85873996787113072, 24.22069078581568391 ) ) ;
#4285 = LINE ( 'NONE', #2627, #1464 ) ;
#4286 = ADVANCED_FACE ( 'NONE', ( #3466 ), #3944, .F. ) ;
#4287 = ADVANCED_FACE ( 'NONE', ( #2320 ), #1796, .F. ) ;
#4288 = CIRCLE ( 'NONE', #1228, 1.700000000000000178 ) ;
#4289 = VERTEX_POINT ( 'NONE', #712 ) ;
#4290 = CARTESIAN_POINT ( 'NONE',  ( -20.29450952261448649, -77.00000000000004263, 1.526339251378477924 ) ) ;
#4291 = CIRCLE ( 'NONE', #885, 2.500000000000002220 ) ;
#4292 = CARTESIAN_POINT ( 'NONE',  ( 21.49593815408843867, -60.51190505575505085, 23.44363480188051341 ) ) ;
#4293 = CARTESIAN_POINT ( 'NONE',  ( -39.99999999999997868, -42.31902001999192464, 12.50000000000000000 ) ) ;
#4294 = CARTESIAN_POINT ( 'NONE',  ( 7.427791005011546766, -73.14943294762100834, 0.4691667365533936929 ) ) ;
#4295 = CARTESIAN_POINT ( 'NONE',  ( 25.06445558290798203, -57.72388461084813827, -1.554345678593515467 ) ) ;
#4296 = CARTESIAN_POINT ( 'NONE',  ( -22.09143249191694736, -68.75679921450114307, 18.70460644001929751 ) ) ;
#4297 = CARTESIAN_POINT ( 'NONE',  ( -22.16687723080956118, -71.43976520450503642, 12.50000000000000533 ) ) ;
#4298 = AXIS2_PLACEMENT_3D ( 'NONE', #2761, #2225, #6600 ) ;
#4299 = EDGE_LOOP ( 'NONE', ( #6234, #1677, #1105, #518, #2889 ) ) ;
#4300 = CARTESIAN_POINT ( 'NONE',  ( -34.80104410353495581, 57.52662461804862204, 0.06404928466979327439 ) ) ;
#4301 = CARTESIAN_POINT ( 'NONE',  ( -28.68629150101522640, -22.00000000000004263, 8.500000000000000000 ) ) ;
#4302 = CARTESIAN_POINT ( 'NONE',  ( 20.56825818433688369, -71.75311618875674924, 6.065429901611534724 ) ) ;
#4303 = CARTESIAN_POINT ( 'NONE',  ( -43.50000000000000000, 55.00000000000000711, 12.50000000000000000 ) ) ;
#4304 = CARTESIAN_POINT ( 'NONE',  ( 40.00000000000000711, -42.31902001999193885, 32.07106781186548261 ) ) ;
#4305 = CARTESIAN_POINT ( 'NONE',  ( 22.98493214368981086, -67.27401745650708165, 18.77060404764532819 ) ) ;
#4306 = ORIENTED_EDGE ( 'NONE', *, *, #5186, .T. ) ;
#4307 = VERTEX_POINT ( 'NONE', #4022 ) ;
#4308 = VECTOR ( 'NONE', #1814, 1000.000000000000000 ) ;
#4309 = CARTESIAN_POINT ( 'NONE',  ( -0.9169528873831418458, -74.00000000000004263, 3.649495116004414452 ) ) ;
#4310 = CARTESIAN_POINT ( 'NONE',  ( 24.69838774608264131, -77.00000000000004263, 7.031030258914332975 ) ) ;
#4311 = DIRECTION ( 'NONE',  ( 0.000000000000000000, -1.000000000000000000, 0.000000000000000000 ) ) ;
#4312 = CARTESIAN_POINT ( 'NONE',  ( -19.35029129958831717, -64.03022320646736887, 4.265110686613367896 ) ) ;
#4313 = CARTESIAN_POINT ( 'NONE',  ( 35.56567687281823709, 35.00000000000000711, 0.2156768728182414108 ) ) ;
#4314 = B_SPLINE_CURVE_WITH_KNOTS ( 'NONE', 3,
 ( #6489, #6997, #2584, #1011, #6384, #4214, #4246, #5980, #4869, #1081, #5444, #5906, #537, #1594, #2723, #4904, #4766, #2020 ),
 .UNSPECIFIED., .F., .F.,
 ( 4, 2, 2, 2, 2, 2, 2, 2, 4 ),
 ( 0.006747682169269580629, 0.007328860742811952982, 0.007910039316354325334, 0.008491217889896696819, 0.009072396463439070038, 0.009653575036981443258, 0.01023475361052381474, 0.01081593218406618623, 0.01139711075760855945 ),
 .UNSPECIFIED. ) ;
#4315 = CARTESIAN_POINT ( 'NONE',  ( -38.49999999999998579, 50.00000000000000711, 12.50000000000000000 ) ) ;
#4316 = CARTESIAN_POINT ( 'NONE',  ( 8.342640039369438654, -62.67735802181221061, 21.94609808896511893 ) ) ;
#4317 = VECTOR ( 'NONE', #2288, 1000.000000000000000 ) ;
#4318 = VERTEX_POINT ( 'NONE', #6771 ) ;
#4319 = CARTESIAN_POINT ( 'NONE',  ( -36.83342733230673360, -46.29633832789673420, 0.5702784642520014602 ) ) ;
#4320 = CARTESIAN_POINT ( 'NONE',  ( -43.50000000000000000, 55.00000000000000711, 15.00000000000000178 ) ) ;
#4321 = CARTESIAN_POINT ( 'NONE',  ( -39.99999999999998579, -14.00000000000004619, 8.500000000000000000 ) ) ;
#4322 = DIRECTION ( 'NONE',  ( -0.000000000000000000, -0.000000000000000000, -1.000000000000000000 ) ) ;
#4323 = ADVANCED_FACE ( 'NONE', ( #1866 ), #1309, .F. ) ;
#4324 = CARTESIAN_POINT ( 'NONE',  ( -33.49999999999999289, 55.00000000000000711, 0.000000000000000000 ) ) ;
#4325 = CARTESIAN_POINT ( 'NONE',  ( -22.15985655337502536, -74.53347520354266464, 14.94709603073064841 ) ) ;
#4326 = CARTESIAN_POINT ( 'NONE',  ( -6.392915371075429398, -74.47483203011815078, 25.09501251141547229 ) ) ;
#4327 = VECTOR ( 'NONE', #1098, 1000.000000000000000 ) ;
#4328 = AXIS2_PLACEMENT_3D ( 'NONE', #3048, #5300, #2016 ) ;
#4329 = ORIENTED_EDGE ( 'NONE', *, *, #6102, .F. ) ;
#4330 = AXIS2_PLACEMENT_3D ( 'NONE', #434, #3227, #2152 ) ;
#4331 = CARTESIAN_POINT ( 'NONE',  ( -20.83333333333333215, -60.00000000000004263, 0.000000000000000000 ) ) ;
#4332 = CARTESIAN_POINT ( 'NONE',  ( 21.63062619484108495, -67.46956354126261601, 19.21841305075581019 ) ) ;
#4333 = CARTESIAN_POINT ( 'NONE',  ( 35.35000000000000142, -44.31902001999193175, 0.000000000000000000 ) ) ;
#4334 = EDGE_CURVE ( 'NONE', #1347, #825, #239, .T. ) ;
#4335 = CARTESIAN_POINT ( 'NONE',  ( 11.46861965257051885, -70.34529382536830155, 2.030693639449523857 ) ) ;
#4336 = CARTESIAN_POINT ( 'NONE',  ( 26.00000000000000711, -77.00000000000005684, 13.45524841108364811 ) ) ;
#4337 = CARTESIAN_POINT ( 'NONE',  ( -23.14364529610461574, -60.86453584255314553, 21.00257832871444208 ) ) ;
#4338 = CONICAL_SURFACE ( 'NONE', #696, 1.699999999999993072, 1.029744258676650759 ) ;
#4339 = CARTESIAN_POINT ( 'NONE',  ( -21.37918666975486204, -58.04902566657506924, 12.50000000000000178 ) ) ;
#4340 = VERTEX_POINT ( 'NONE', #5182 ) ;
#4341 = DIRECTION ( 'NONE',  ( -1.000000000000000000, 0.000000000000000000, 0.000000000000000000 ) ) ;
#4342 = CARTESIAN_POINT ( 'NONE',  ( 38.49999999999999289, 35.00000000000000711, 18.02146305234685286 ) ) ;
#4343 = CARTESIAN_POINT ( 'NONE',  ( -9.358926424361865060, -70.47417954894784486, 1.508440135568781093 ) ) ;
#4344 = CARTESIAN_POINT ( 'NONE',  ( 21.17831476564897741, -62.43326305248167074, 4.238331918962479072 ) ) ;
#4345 = CARTESIAN_POINT ( 'NONE',  ( -43.49999999999998579, -49.31902001999193175, 25.00000000000000000 ) ) ;
#4346 = EDGE_CURVE ( 'NONE', #2340, #4502, #5022, .T. ) ;
#4347 = CARTESIAN_POINT ( 'NONE',  ( -21.49160088703867189, -68.71057779117977304, 5.054332499170418380 ) ) ;
#4348 = DIRECTION ( 'NONE',  ( -0.000000000000000000, -0.000000000000000000, -1.000000000000000000 ) ) ;
#4349 = VERTEX_POINT ( 'NONE', #5757 ) ;
#4350 = ORIENTED_EDGE ( 'NONE', *, *, #3673, .T. ) ;
#4351 = CARTESIAN_POINT ( 'NONE',  ( -40.18788463193158833, 49.76787557897505110, 2.565409233351551688 ) ) ;
#4352 = CARTESIAN_POINT ( 'NONE',  ( 17.79711518877729048, -77.77967650617955542, -0.4265501256024104015 ) ) ;
#4353 = CARTESIAN_POINT ( 'NONE',  ( -19.95227071348789138, -74.59342137206448342, 5.929295154358936948 ) ) ;
#4354 = CARTESIAN_POINT ( 'NONE',  ( -36.79999999999998295, -44.31902001999193175, 0.000000000000000000 ) ) ;
#4355 = CARTESIAN_POINT ( 'NONE',  ( 9.922441898044048969, -74.35866658108487570, 24.27834282927447873 ) ) ;
#4356 = ORIENTED_EDGE ( 'NONE', *, *, #940, .F. ) ;
#4357 = CARTESIAN_POINT ( 'NONE',  ( -7.746784082691732465, -77.77967650617955542, 29.45447228314354504 ) ) ;
#4358 = PLANE ( 'NONE',  #6394 ) ;
#4359 = CYLINDRICAL_SURFACE ( 'NONE', #1018, 2.499999999999995115 ) ;
#4360 =( GEOMETRIC_REPRESENTATION_CONTEXT ( 3 ) GLOBAL_UNCERTAINTY_ASSIGNED_CONTEXT ( ( #6380 ) ) GLOBAL_UNIT_ASSIGNED_CONTEXT ( ( #3635, #1342, #385 ) ) REPRESENTATION_CONTEXT ( 'NONE', 'WORKASPACE' ) );
#4361 = FACE_OUTER_BOUND ( 'NONE', #733, .T. ) ;
#4362 = CARTESIAN_POINT ( 'NONE',  ( -21.74775065650148420, -67.56107566981631862, 17.88007936870187109 ) ) ;
#4363 = CARTESIAN_POINT ( 'NONE',  ( -10.99701315223262910, -74.30314967266343729, 23.92842733374803288 ) ) ;
#4364 = AXIS2_PLACEMENT_3D ( 'NONE', #4739, #4706, #6899 ) ;
#4365 = EDGE_LOOP ( 'NONE', ( #2824, #3129, #5287, #5701 ) ) ;
#4366 = DIRECTION ( 'NONE',  ( -1.000000000000000000, -2.775557561562896873E-15, 0.000000000000000000 ) ) ;
#4367 = FACE_OUTER_BOUND ( 'NONE', #5790, .T. ) ;
#4368 = CARTESIAN_POINT ( 'NONE',  ( -24.94317924871467795, -57.72388461084813827, 21.44258561650555706 ) ) ;
#4369 = CARTESIAN_POINT ( 'NONE',  ( 5.723047528791894045, -68.03024231983876291, 1.563647561549916354 ) ) ;
#4370 = DIRECTION ( 'NONE',  ( -1.000000000000000000, 0.000000000000000000, 0.000000000000000000 ) ) ;
#4371 = CARTESIAN_POINT ( 'NONE',  ( 24.57973960995904505, -77.89877571810218626, 7.207625727800397009 ) ) ;
#4372 = CARTESIAN_POINT ( 'NONE',  ( -21.11861617424208859, -63.74549448872964064, 20.44003068664435574 ) ) ;
#4373 = EDGE_CURVE ( 'NONE', #5969, #4082, #5759, .T. ) ;
#4374 = ORIENTED_EDGE ( 'NONE', *, *, #767, .F. ) ;
#4375 = EDGE_CURVE ( 'NONE', #420, #600, #4677, .T. ) ;
#4376 = EDGE_LOOP ( 'NONE', ( #1246, #4628, #4840 ) ) ;
#4377 = CARTESIAN_POINT ( 'NONE',  ( -17.74748603729673491, -77.00000000000004263, 12.50000000000002132 ) ) ;
#4378 = CARTESIAN_POINT ( 'NONE',  ( 39.85946955716030260, -43.27886870885199500, 2.280619122225251871 ) ) ;
#4379 = CARTESIAN_POINT ( 'NONE',  ( -8.830673512491113542, -66.58119540976503004, 2.288105989569326759 ) ) ;
#4380 = CARTESIAN_POINT ( 'NONE',  ( 18.80426373807930673, -74.83493977832598887, 4.960217325653730747 ) ) ;
#4381 = DIRECTION ( 'NONE',  ( -1.330321911110254514E-16, 1.000000000000000000, 0.000000000000000000 ) ) ;
#4382 = CARTESIAN_POINT ( 'NONE',  ( 0.000000000000000000, -74.00000000000004263, 12.50000000000000000 ) ) ;
#4383 = LINE ( 'NONE', #1685, #248 ) ;
#4384 = LINE ( 'NONE', #4930, #4458 ) ;
#4385 = ORIENTED_EDGE ( 'NONE', *, *, #984, .T. ) ;
#4386 =( BOUNDED_CURVE ( )  B_SPLINE_CURVE ( 3, ( #169, #6737, #94, #1326 ),
 .UNSPECIFIED., .F., .F. ) 
 B_SPLINE_CURVE_WITH_KNOTS ( ( 4, 4 ),
 ( 3.141592653589793116, 3.317611778973780901 ),
 .UNSPECIFIED. ) 
 CURVE ( )  GEOMETRIC_REPRESENTATION_ITEM ( )  RATIONAL_B_SPLINE_CURVE ( ( 1.000000000000000000, 0.9974197717393376017, 0.9974197717393376017, 1.000000000000000000 ) ) 
 REPRESENTATION_ITEM ( '' )  );
#4387 = EDGE_CURVE ( 'NONE', #6614, #2214, #1501, .T. ) ;
#4388 = ORIENTED_EDGE ( 'NONE', *, *, #3648, .F. ) ;
#4389 = CARTESIAN_POINT ( 'NONE',  ( 17.74748603729677043, -77.00000000000004263, 12.49999999999993783 ) ) ;
#4390 = CARTESIAN_POINT ( 'NONE',  ( 25.37995945403521247, -59.40752366131754769, -0.2489748507248607245 ) ) ;
#4391 = CARTESIAN_POINT ( 'NONE',  ( -18.08336275768023071, -73.62313620486276022, 4.442840963603181592 ) ) ;
#4392 = DIRECTION ( 'NONE',  ( -0.000000000000000000, -0.000000000000000000, -1.000000000000000000 ) ) ;
#4393 = CARTESIAN_POINT ( 'NONE',  ( 11.07851632399679076, -59.76995109059125610, 21.45633126423682668 ) ) ;
#4394 = ORIENTED_EDGE ( 'NONE', *, *, #4016, .T. ) ;
#4395 = CARTESIAN_POINT ( 'NONE',  ( -5.208333333333346360, -60.00000000000004263, 25.00000000000000000 ) ) ;
#4396 = CARTESIAN_POINT ( 'NONE',  ( -38.49999999999998579, -44.31902001999193175, 1.450000000000001732 ) ) ;
#4397 = CARTESIAN_POINT ( 'NONE',  ( -23.95412642242832391, -77.00000000000004263, 19.45749238839430006 ) ) ;
#4398 = CARTESIAN_POINT ( 'NONE',  ( 21.84978653842347640, -77.00000000000004263, 21.98512355680450625 ) ) ;
#4399 = CARTESIAN_POINT ( 'NONE',  ( -36.07132244613152494, 51.43503086504147603, 0.3351923965957446794 ) ) ;
#4400 = B_SPLINE_CURVE_WITH_KNOTS ( 'NONE', 3,
 ( #2589, #6902, #206, #370 ),
 .UNSPECIFIED., .F., .F.,
 ( 4, 4 ),
 ( 0.003843656857879273678, 0.006938441802050251787 ),
 .UNSPECIFIED. ) ;
#4401 = CARTESIAN_POINT ( 'NONE',  ( -4.193978860476843984, -62.90970968150810450, 22.15726230275910424 ) ) ;
#4402 = ORIENTED_EDGE ( 'NONE', *, *, #6363, .F. ) ;
#4403 = CARTESIAN_POINT ( 'NONE',  ( -24.64196912394495342, -77.00000000000004263, 6.918193014638953642 ) ) ;
#4404 = CARTESIAN_POINT ( 'NONE',  ( 21.51792626048047907, -60.64360858654701758, 19.79675223042718102 ) ) ;
#4405 = CARTESIAN_POINT ( 'NONE',  ( -24.94317924871467795, -57.72388461084814537, 3.557414383494433174 ) ) ;
#4406 = CARTESIAN_POINT ( 'NONE',  ( 6.274609627564505132, -62.80814472749632671, 2.937651315679652875 ) ) ;
#4407 = CARTESIAN_POINT ( 'NONE',  ( -42.84317248123636546, 55.22367569404384824, 18.57969579795138060 ) ) ;
#4408 = DIRECTION ( 'NONE',  ( 1.330321911110254514E-16, -1.000000000000000000, 0.000000000000000000 ) ) ;
#4409 = CARTESIAN_POINT ( 'NONE',  ( -22.09462983555242133, -62.29733731995104051, 20.66821434388188905 ) ) ;
#4410 = ORIENTED_EDGE ( 'NONE', *, *, #4886, .T. ) ;
#4411 = AXIS2_PLACEMENT_3D ( 'NONE', #4136, #860, #6991 ) ;
#4412 = ORIENTED_EDGE ( 'NONE', *, *, #1260, .F. ) ;
#4413 = CARTESIAN_POINT ( 'NONE',  ( -17.74748603729673491, -74.00000000000004263, 12.50000000000002132 ) ) ;
#4414 = DIRECTION ( 'NONE',  ( 0.000000000000000000, -1.000000000000000000, 0.000000000000000000 ) ) ;
#4415 = CARTESIAN_POINT ( 'NONE',  ( -9.696565293775099903, -65.20259229393313660, 2.681659458061069312 ) ) ;
#4416 = CARTESIAN_POINT ( 'NONE',  ( -40.19999999999998863, 50.00000000000000711, 0.000000000000000000 ) ) ;
#4417 = CARTESIAN_POINT ( 'NONE',  ( 18.51232292992932216, -66.82899421502681037, 4.394127797851887784 ) ) ;
#4418 = CARTESIAN_POINT ( 'NONE',  ( -6.875679120870943350, -74.00000000000011369, 24.87366139534617915 ) ) ;
#4419 = EDGE_CURVE ( 'NONE', #6269, #6633, #5653, .T. ) ;
#4420 = CIRCLE ( 'NONE', #2827, 1.699999999999993072 ) ;
#4421 = CARTESIAN_POINT ( 'NONE',  ( -22.01847730053792063, -71.77498915704696003, 9.384924785506505884 ) ) ;
#4422 = CARTESIAN_POINT ( 'NONE',  ( 38.50000000000000000, 35.00000000000000711, 12.50000000000000000 ) ) ;
#4423 = CARTESIAN_POINT ( 'NONE',  ( -38.49999999999998579, 50.00000000000000711, 12.50000000000000000 ) ) ;
#4424 = ORIENTED_EDGE ( 'NONE', *, *, #6776, .F. ) ;
#4425 = VERTEX_POINT ( 'NONE', #6874 ) ;
#4426 = CARTESIAN_POINT ( 'NONE',  ( 22.91666666666666785, -60.00000000000003553, 0.000000000000000000 ) ) ;
#4427 = AXIS2_PLACEMENT_3D ( 'NONE', #48, #2278, #1792 ) ;
#4428 = CARTESIAN_POINT ( 'NONE',  ( -18.43926551569431993, -64.17068719332661431, 4.106606694777407363 ) ) ;
#4429 = ADVANCED_FACE ( 'NONE', ( #5857 ), #6836, .T. ) ;
#4430 = CARTESIAN_POINT ( 'NONE',  ( 12.10312643693912094, -67.65222204374633463, 22.34908647898316048 ) ) ;
#4431 = MECHANICAL_DESIGN_GEOMETRIC_PRESENTATION_REPRESENTATION (  '', ( #6386 ), #2266 ) ;
#4432 = ORIENTED_EDGE ( 'NONE', *, *, #4749, .T. ) ;
#4433 = CARTESIAN_POINT ( 'NONE',  ( -6.244163685090612148, -77.77967650617955542, 29.74260689353624798 ) ) ;
#4434 = CARTESIAN_POINT ( 'NONE',  ( 4.347175699743096366, -74.00000000000007105, 3.862933697897648511 ) ) ;
#4435 = CARTESIAN_POINT ( 'NONE',  ( 21.49077775195247497, -59.52946844029276008, 3.500000000000001776 ) ) ;
#4436 = FACE_OUTER_BOUND ( 'NONE', #339, .T. ) ;
#4437 = CARTESIAN_POINT ( 'NONE',  ( -35.68718878999241184, 49.23745417958524939, 0.2419956150066177036 ) ) ;
#4438 = AXIS2_PLACEMENT_3D ( 'NONE', #179, #3480, #1978 ) ;
#4439 = CARTESIAN_POINT ( 'NONE',  ( -2.202768498281239662, -65.53871021300928135, 22.95751256132781393 ) ) ;
#4440 = ORIENTED_EDGE ( 'NONE', *, *, #6635, .F. ) ;
#4441 = CARTESIAN_POINT ( 'NONE',  ( -24.98891076837313463, -57.72388461084814537, 1.317946770163682668 ) ) ;
#4442 = CARTESIAN_POINT ( 'NONE',  ( 21.62809653433948398, -72.81224509333216588, 7.213303143059999201 ) ) ;
#4443 = CARTESIAN_POINT ( 'NONE',  ( -24.55971631608541017, -77.00000000000004263, 18.24631260108014175 ) ) ;
#4444 = CARTESIAN_POINT ( 'NONE',  ( 2.663525710726462936, -75.82052035252166888, -0.9326974585644844939 ) ) ;
#4445 = CARTESIAN_POINT ( 'NONE',  ( 11.49338024486404741, -77.00000000000004263, -3.214129217905541402 ) ) ;
#4446 = CARTESIAN_POINT ( 'NONE',  ( 25.65675877019942064, -77.00000000000004263, 9.665701311037999233 ) ) ;
#4447 = EDGE_CURVE ( 'NONE', #5218, #46, #5365, .T. ) ;
#4448 = CARTESIAN_POINT ( 'NONE',  ( -18.51232292993010731, -66.82899421502668247, 20.60587220214787862 ) ) ;
#4449 = ORIENTED_EDGE ( 'NONE', *, *, #2641, .T. ) ;
#4450 = ORIENTED_EDGE ( 'NONE', *, *, #6868, .F. ) ;
#4451 = CARTESIAN_POINT ( 'NONE',  ( -38.68627997701627663, 51.68976322902436493, 1.450000000000001954 ) ) ;
#4452 = CARTESIAN_POINT ( 'NONE',  ( 25.05894920403238046, -57.72388461084813827, 26.34498742466500687 ) ) ;
#4453 = CARTESIAN_POINT ( 'NONE',  ( -9.531031648861256755, -63.89669809471498496, 2.902482752562506096 ) ) ;
#4454 = ADVANCED_FACE ( 'NONE', ( #5251 ), #5284, .F. ) ;
#4455 = CARTESIAN_POINT ( 'NONE',  ( 39.99999999999999289, 40.00000000000000711, 25.00000000000000000 ) ) ;
#4456 = CARTESIAN_POINT ( 'NONE',  ( 20.28389709185465861, -59.94163017455247200, 3.581668788960621796 ) ) ;
#4457 = CARTESIAN_POINT ( 'NONE',  ( 2.467004117294872678, -74.00000000000001421, 25.39537931503856782 ) ) ;
#4458 = VECTOR ( 'NONE', #1648, 1000.000000000000000 ) ;
#4459 = CARTESIAN_POINT ( 'NONE',  ( -21.94772718806802558, -67.71421447789886372, 11.15310323875507414 ) ) ;
#4460 = CARTESIAN_POINT ( 'NONE',  ( -39.99999999999997868, -47.29829407782823836, 25.00000000000000000 ) ) ;
#4461 = CARTESIAN_POINT ( 'NONE',  ( 0.000000000000000000, 0.000000000000000000, 12.50000000000000000 ) ) ;
#4462 = ORIENTED_EDGE ( 'NONE', *, *, #695, .T. ) ;
#4463 = ORIENTED_EDGE ( 'NONE', *, *, #5309, .T. ) ;
#4464 = FACE_OUTER_BOUND ( 'NONE', #2784, .T. ) ;
#4465 = CARTESIAN_POINT ( 'NONE',  ( -11.31805765416917531, -59.40752366131756901, 0.05538538079935888953 ) ) ;
#4466 = CARTESIAN_POINT ( 'NONE',  ( -21.59393509400971922, -67.57287903013643415, 5.691853365837356904 ) ) ;
#4467 = DIRECTION ( 'NONE',  ( -0.000000000000000000, -0.000000000000000000, -1.000000000000000000 ) ) ;
#4468 = CARTESIAN_POINT ( 'NONE',  ( 13.29205878515326056, -75.48242817883429723, 23.36047188764706206 ) ) ;
#4469 = ORIENTED_EDGE ( 'NONE', *, *, #5350, .F. ) ;
#4470 = EDGE_CURVE ( 'NONE', #1751, #6725, #2001, .T. ) ;
#4471 = EDGE_CURVE ( 'NONE', #6912, #4082, #4157, .T. ) ;
#4472 = CARTESIAN_POINT ( 'NONE',  ( -21.05339583163972250, -77.00000000000002842, 22.80071913128286454 ) ) ;
#4473 = CARTESIAN_POINT ( 'NONE',  ( -40.00000000000000000, 52.00000000000000711, 21.50000000000000000 ) ) ;
#4474 = CARTESIAN_POINT ( 'NONE',  ( 43.50000000000001421, -49.31902001999208807, 15.00000000000000178 ) ) ;
#4475 = CARTESIAN_POINT ( 'NONE',  ( 16.52603377690025610, -77.00000000000004263, 9.892701233337398037 ) ) ;
#4476 = CARTESIAN_POINT ( 'NONE',  ( 21.33695582988899631, -74.50043390703613966, 22.50072805598076897 ) ) ;
#4477 = DIRECTION ( 'NONE',  ( 0.5000000000000012212, 0.8660254037844380415, -0.000000000000000000 ) ) ;
#4478 = VECTOR ( 'NONE', #4271, 1000.000000000000000 ) ;
#4479 = CARTESIAN_POINT ( 'NONE',  ( -3.295216011144428414, -65.51333405750551719, 22.90503399526439665 ) ) ;
#4480 = ORIENTED_EDGE ( 'NONE', *, *, #5805, .F. ) ;
#4481 = CARTESIAN_POINT ( 'NONE',  ( -25.88303243258905084, -77.00000000000002842, 10.58958790463212374 ) ) ;
#4482 = CARTESIAN_POINT ( 'NONE',  ( 21.94772718806731149, -67.71421447788679870, 12.49999999999999467 ) ) ;
#4483 = DIRECTION ( 'NONE',  ( -0.7071067811865471286, 0.000000000000000000, -0.7071067811865479058 ) ) ;
#4484 = CARTESIAN_POINT ( 'NONE',  ( 1.182753083665274652, -69.40534096591484570, 0.8819678343393361208 ) ) ;
#4485 = CARTESIAN_POINT ( 'NONE',  ( -14.30584225320293434, -77.00000000000004263, -2.130996477965010794 ) ) ;
#4486 = DIRECTION ( 'NONE',  ( 1.330321911110254514E-16, -1.000000000000000000, 0.000000000000000000 ) ) ;
#4487 = CARTESIAN_POINT ( 'NONE',  ( -16.74994038937622420, -75.15373283753241651, 21.50348784386387635 ) ) ;
#4488 = AXIS2_PLACEMENT_3D ( 'NONE', #6225, #2965, #5150 ) ;
#4489 = ORIENTED_EDGE ( 'NONE', *, *, #2807, .F. ) ;
#4490 = ORIENTED_EDGE ( 'NONE', *, *, #6937, .F. ) ;
#4491 = CARTESIAN_POINT ( 'NONE',  ( -17.57257356311980701, -74.00000000000004263, 12.10213924728873103 ) ) ;
#4492 = CARTESIAN_POINT ( 'NONE',  ( 38.88236239064618616, -45.98716706819476485, 1.568940151538429584 ) ) ;
#4493 = CARTESIAN_POINT ( 'NONE',  ( -8.601804563764849476, -73.11216866621212773, 0.7013051058305560526 ) ) ;
#4494 = PLANE ( 'NONE',  #3929 ) ;
#4495 = CARTESIAN_POINT ( 'NONE',  ( 19.28701520035826533, -60.07331372679342962, 3.581107878536620159 ) ) ;
#4496 = CARTESIAN_POINT ( 'NONE',  ( 39.35786437626905609, -51.71048313737304625, -2.093414218888667213E-15 ) ) ;
#4497 = FACE_OUTER_BOUND ( 'NONE', #2924, .T. ) ;
#4498 = FACE_OUTER_BOUND ( 'NONE', #3542, .T. ) ;
#4499 = B_SPLINE_CURVE_WITH_KNOTS ( 'NONE', 1,
 ( #3724, #2669 ),
 .UNSPECIFIED., .F., .F.,
 ( 2, 2 ),
 ( 0.003005185829281188485, 0.01702938636592646326 ),
 .UNSPECIFIED. ) ;
#4500 = CARTESIAN_POINT ( 'NONE',  ( -21.23287851237419233, -74.00000000000004263, 22.59985217696171844 ) ) ;
#4501 = VERTEX_POINT ( 'NONE', #1461 ) ;
#4502 = VERTEX_POINT ( 'NONE', #378 ) ;
#4503 = CARTESIAN_POINT ( 'NONE',  ( -25.65639081652328457, -75.58666007263670394, 9.664307650278930240 ) ) ;
#4504 = CARTESIAN_POINT ( 'NONE',  ( -1.023709775831193269, -59.40752366131754769, 0.1742577466713191858 ) ) ;
#4505 = CARTESIAN_POINT ( 'NONE',  ( -21.48885533175655382, -72.82317054941108836, 7.104642815132339528 ) ) ;
#4506 = CARTESIAN_POINT ( 'NONE',  ( 15.98730253286343661, -75.24955230858446953, 21.98734483185880606 ) ) ;
#4507 = ORIENTED_EDGE ( 'NONE', *, *, #3754, .T. ) ;
#4508 = CARTESIAN_POINT ( 'NONE',  ( -8.333333333333348136, -60.00000000000004263, 25.00000000000000000 ) ) ;
#4509 = FACE_BOUND ( 'NONE', #4912, .T. ) ;
#4510 = CARTESIAN_POINT ( 'NONE',  ( 25.99999999999999645, -74.00000000000004263, 12.50000000000000000 ) ) ;
#4511 = CARTESIAN_POINT ( 'NONE',  ( 15.98458317706132448, -77.00000000000004263, 9.188939740610280182 ) ) ;
#4512 = DIRECTION ( 'NONE',  ( 0.000000000000000000, 0.000000000000000000, 1.000000000000000000 ) ) ;
#4513 = CARTESIAN_POINT ( 'NONE',  ( -21.48137684748377652, -63.25936020216883549, 22.31812960338865537 ) ) ;
#4514 = EDGE_CURVE ( 'NONE', #2214, #4165, #4053, .T. ) ;
#4515 = CARTESIAN_POINT ( 'NONE',  ( -3.372784145522307764, -66.80027103195980942, 23.26509272585520804 ) ) ;
#4516 = ORIENTED_EDGE ( 'NONE', *, *, #1030, .F. ) ;
#4517 = CARTESIAN_POINT ( 'NONE',  ( -25.00000000000000000, -60.00000000000003553, 2.083333333333332149 ) ) ;
#4518 = B_SPLINE_CURVE_WITH_KNOTS ( 'NONE', 3,
 ( #3642, #4238, #3704, #353, #5836, #828, #933, #3675, #5868, #3009, #3111, #5296, #4823, #7020, #2111, #1146, #2753, #5897, #3804, #7053, #4933, #1586, #4269, #6591 ),
 .UNSPECIFIED., .F., .F.,
 ( 4, 2, 2, 2, 2, 2, 2, 2, 2, 2, 2, 4 ),
 ( 0.000000000000000000, 0.002164609528706026940, 0.003246914293059039325, 0.004329219057412052145, 0.005411523821765064531, 0.006493828586118077784, 0.008658438114824112963, 0.01082304764353014641, 0.01190535240788316400, 0.01298765717223618332, 0.01515226670094218901, 0.01731687622964819470 ),
 .UNSPECIFIED. ) ;
#4519 = CARTESIAN_POINT ( 'NONE',  ( 22.35799744229735708, -74.68880879979741394, 12.49999999999999467 ) ) ;
#4520 = AXIS2_PLACEMENT_3D ( 'NONE', #6917, #5193, #3605 ) ;
#4521 = CARTESIAN_POINT ( 'NONE',  ( 21.70156503552969696, -63.52945788474725930, 12.50000000000004441 ) ) ;
#4522 = CARTESIAN_POINT ( 'NONE',  ( -1.127535234488013849, -66.83599553647810865, 1.637657666526617595 ) ) ;
#4523 = CARTESIAN_POINT ( 'NONE',  ( -2.161408771602171708, -77.00000000000005684, -4.954703989807011766 ) ) ;
#4524 = FACE_OUTER_BOUND ( 'NONE', #3901, .T. ) ;
#4525 = ADVANCED_FACE ( 'NONE', ( #6941 ), #6053, .T. ) ;
#4526 = CARTESIAN_POINT ( 'NONE',  ( -18.72968222534473526, -73.50065001983654156, 20.10241845215822210 ) ) ;
#4527 = EDGE_CURVE ( 'NONE', #3386, #2465, #1609, .T. ) ;
#4528 = ORIENTED_EDGE ( 'NONE', *, *, #3714, .F. ) ;
#4529 = EDGE_LOOP ( 'NONE', ( #6116, #1583, #5591, #1474 ) ) ;
#4530 = CARTESIAN_POINT ( 'NONE',  ( -39.42124631347062547, 51.44206471092328314, 1.938675358366726886 ) ) ;
#4531 = CARTESIAN_POINT ( 'NONE',  ( -0.001737809258973430472, -77.00000000000004263, 23.75214960693389088 ) ) ;
#4532 = CARTESIAN_POINT ( 'NONE',  ( -16.43676526278729000, -72.51631201209276867, 3.567496703423002735 ) ) ;
#4533 = DIRECTION ( 'NONE',  ( 1.000000000000000000, 0.000000000000000000, -0.000000000000000000 ) ) ;
#4534 = CARTESIAN_POINT ( 'NONE',  ( 18.39193494247054161, -62.84777645490273557, 3.934540152307444583 ) ) ;
#4535 = CARTESIAN_POINT ( 'NONE',  ( 38.50000000000000000, -44.31902001999193175, 1.450000000000001732 ) ) ;
#4536 = CARTESIAN_POINT ( 'NONE',  ( 8.707446609726103404, -77.00000000000004263, 20.07538306592696387 ) ) ;
#4537 = CARTESIAN_POINT ( 'NONE',  ( 21.37918666975486559, -58.04902566657506924, 12.49999999999999822 ) ) ;
#4538 = LINE ( 'NONE', #4741, #1351 ) ;
#4539 = VERTEX_POINT ( 'NONE', #3758 ) ;
#4540 = ORIENTED_EDGE ( 'NONE', *, *, #4419, .T. ) ;
#4541 = CARTESIAN_POINT ( 'NONE',  ( -5.208333333333334814, -60.00000000000004263, 0.000000000000000000 ) ) ;
#4542 = VECTOR ( 'NONE', #1017, 1000.000000000000000 ) ;
#4543 = CARTESIAN_POINT ( 'NONE',  ( -21.03868674601108424, -65.06512762875644285, 4.862164790998121155 ) ) ;
#4544 = CARTESIAN_POINT ( 'NONE',  ( 14.57318501754633822, -71.40267043534147717, 22.15286676448506853 ) ) ;
#4545 = ORIENTED_EDGE ( 'NONE', *, *, #5874, .F. ) ;
#4546 = CIRCLE ( 'NONE', #6382, 1.499999999999997780 ) ;
#4547 = CARTESIAN_POINT ( 'NONE',  ( 10.46332772291168034, -77.00000000000005684, 28.55247596054726245 ) ) ;
#4548 = CARTESIAN_POINT ( 'NONE',  ( -36.79999999999998295, -44.31902001999193175, 0.000000000000000000 ) ) ;
#4549 = CARTESIAN_POINT ( 'NONE',  ( 10.51037582741697385, -77.00000000000004263, 28.52301200084031407 ) ) ;
#4550 = CARTESIAN_POINT ( 'NONE',  ( -4.857460020034812587, -77.00000000000004263, 4.030823476627420021 ) ) ;
#4551 = EDGE_CURVE ( 'NONE', #3771, #6633, #3311, .T. ) ;
#4552 = CARTESIAN_POINT ( 'NONE',  ( 35.56567687281823709, -44.51317511578186270, 0.2156768728182385242 ) ) ;
#4553 = CARTESIAN_POINT ( 'NONE',  ( 21.62810822051588744, -72.81121303867456618, 17.78704421996689078 ) ) ;
#4554 = CARTESIAN_POINT ( 'NONE',  ( -1.330460493214286499, -75.82870453950668832, 26.00725674612868588 ) ) ;
#4555 = VECTOR ( 'NONE', #2501, 1000.000000000000114 ) ;
#4556 = ORIENTED_EDGE ( 'NONE', *, *, #4192, .T. ) ;
#4557 = CARTESIAN_POINT ( 'NONE',  ( -25.00000000000000000, -60.00000000000003553, 25.38869939538334464 ) ) ;
#4558 = CARTESIAN_POINT ( 'NONE',  ( 22.35799744229736064, -74.68880879979742815, 13.31647633643832762 ) ) ;
#4559 = VECTOR ( 'NONE', #2145, 1000.000000000000000 ) ;
#4560 = CARTESIAN_POINT ( 'NONE',  ( 21.51792626048056789, -60.64360858655025766, 5.203247769568299930 ) ) ;
#4561 = VECTOR ( 'NONE', #5089, 1000.000000000000000 ) ;
#4562 = CARTESIAN_POINT ( 'NONE',  ( -2.256339419005557900, -66.82414269559703257, 1.670658694975919456 ) ) ;
#4563 = LINE ( 'NONE', #1991, #5227 ) ;
#4564 = CARTESIAN_POINT ( 'NONE',  ( -26.00004068274413527, -77.00000000000004263, 11.55073599662177664 ) ) ;
#4565 = CARTESIAN_POINT ( 'NONE',  ( -19.35259342073172917, -66.68867117181903836, 20.35262469512465699 ) ) ;
#4566 = AXIS2_PLACEMENT_3D ( 'NONE', #290, #1948, #4102 ) ;
#4567 = ORIENTED_EDGE ( 'NONE', *, *, #1494, .T. ) ;
#4568 = VERTEX_POINT ( 'NONE', #663 ) ;
#4569 = EDGE_CURVE ( 'NONE', #5280, #4614, #5956, .T. ) ;
#4570 = CARTESIAN_POINT ( 'NONE',  ( -25.65675389976340881, -77.00000000000004263, 9.665712661770610836 ) ) ;
#4571 = CARTESIAN_POINT ( 'NONE',  ( -13.41580861795301516, -62.18003986183538245, 3.419260736787349764 ) ) ;
#4572 = CARTESIAN_POINT ( 'NONE',  ( 14.99220808540335881, -67.34662041273867317, 3.374691117227286874 ) ) ;
#4573 = LINE ( 'NONE', #6188, #6964 ) ;
#4574 = CARTESIAN_POINT ( 'NONE',  ( 3.104680774522969866, -77.00000000000004263, 21.19885091066131366 ) ) ;
#4575 = CARTESIAN_POINT ( 'NONE',  ( 24.99999999999999289, -60.00000000000004263, 12.49999999999999289 ) ) ;
#4576 = CARTESIAN_POINT ( 'NONE',  ( 25.59826332794827053, -74.00000000000004263, 15.56445311928302644 ) ) ;
#4577 = CARTESIAN_POINT ( 'NONE',  ( 17.74748603729677399, -77.00000000000004263, 12.49999999999993960 ) ) ;
#4579 = VERTEX_POINT ( 'NONE', #4952 ) ;
#4578 = VECTOR ( 'NONE', #2477, 1000.000000000000000 ) ;
#4580 = CARTESIAN_POINT ( 'NONE',  ( -10.46332772291167501, -77.00000000000005684, -3.552475960547269995 ) ) ;
#4581 = ADVANCED_FACE ( 'NONE', ( #158 ), #5102, .T. ) ;
#4582 = CARTESIAN_POINT ( 'NONE',  ( -21.92344880527819839, -72.67768279226744710, 7.514217598233489781 ) ) ;
#4583 = CARTESIAN_POINT ( 'NONE',  ( 17.28711727638543394, -60.33959037545550075, 21.43509607468597622 ) ) ;
#4584 = AXIS2_PLACEMENT_3D ( 'NONE', #1740, #6057, #3889 ) ;
#4585 = ORIENTED_EDGE ( 'NONE', *, *, #4072, .T. ) ;
#4586 = CARTESIAN_POINT ( 'NONE',  ( 17.61050474989825076, -77.00000000000005684, 25.40784499834519394 ) ) ;
#4587 = CARTESIAN_POINT ( 'NONE',  ( -17.74748603729673491, -74.00000000000004263, 12.50000000000002132 ) ) ;
#4588 = CARTESIAN_POINT ( 'NONE',  ( -13.39183460692807692, -77.00000000000005684, 27.51784527955910065 ) ) ;
#4589 = CARTESIAN_POINT ( 'NONE',  ( -4.419071297124348874, -77.00000000000004263, 3.963485450298413149 ) ) ;
#4590 = CARTESIAN_POINT ( 'NONE',  ( 36.07178545765707156, -45.75486893263691712, 0.3352923969294546169 ) ) ;
#4591 = CARTESIAN_POINT ( 'NONE',  ( -40.20000000000160867, -44.31902001998943774, 2.576389018814387200 ) ) ;
#4592 = CARTESIAN_POINT ( 'NONE',  ( -3.782490482192802576E-12, -64.26665010704135739, 22.60665250128611348 ) ) ;
#4593 = B_SPLINE_CURVE_WITH_KNOTS ( 'NONE', 3,
 ( #230, #2991, #5175, #3094, #300, #264 ),
 .UNSPECIFIED., .F., .F.,
 ( 4, 2, 4 ),
 ( 0.005806487271370229172, 0.008289726156624516173, 0.01077296504187880838 ),
 .UNSPECIFIED. ) ;
#4594 = ORIENTED_EDGE ( 'NONE', *, *, #5678, .T. ) ;
#4595 = CARTESIAN_POINT ( 'NONE',  ( -24.60084272001518002, -77.00000000000004263, 18.16405979322059494 ) ) ;
#4596 = CARTESIAN_POINT ( 'NONE',  ( 19.65430195980016137, -74.00000000000004263, 1.256985265841096933 ) ) ;
#4597 = CARTESIAN_POINT ( 'NONE',  ( 21.69731558365935697, -70.20483339802848377, 6.803241100279777243 ) ) ;
#4598 = CARTESIAN_POINT ( 'NONE',  ( -2.202768498277731801, -65.53871021300930977, 2.042487438672072830 ) ) ;
#4599 = LINE ( 'NONE', #3021, #4177 ) ;
#4600 = CARTESIAN_POINT ( 'NONE',  ( 38.50000000000000000, 35.00000000000000711, 12.50000000000000000 ) ) ;
#4601 = CARTESIAN_POINT ( 'NONE',  ( -16.49520037808219897, -63.12266295304196007, 21.28973416611048108 ) ) ;
#4602 = VERTEX_POINT ( 'NONE', #6217 ) ;
#4603 = VERTEX_POINT ( 'NONE', #4446 ) ;
#4604 = CARTESIAN_POINT ( 'NONE',  ( 24.86611085946165645, -57.72388461084815248, 10.26562834597240581 ) ) ;
#4605 = CARTESIAN_POINT ( 'NONE',  ( -11.09210836079965645, -67.73671542937709944, 2.427868586624263969 ) ) ;
#4606 = CARTESIAN_POINT ( 'NONE',  ( 14.01195604400229300, -74.10379467004642606, 2.228503352483072852 ) ) ;
#4607 = DIRECTION ( 'NONE',  ( 0.000000000000000000, 0.000000000000000000, 1.000000000000000000 ) ) ;
#4608 = PRODUCT_DEFINITION_FORMATION_WITH_SPECIFIED_SOURCE ( 'ANY', '', #754, .NOT_KNOWN. ) ;
#4609 = CARTESIAN_POINT ( 'NONE',  ( 6.160766860776627496, -77.00000000000004263, 20.73819215370817304 ) ) ;
#4610 = FACE_OUTER_BOUND ( 'NONE', #1917, .T. ) ;
#4611 = EDGE_CURVE ( 'NONE', #3726, #6882, #1824, .T. ) ;
#4612 = EDGE_CURVE ( 'NONE', #4425, #1267, #5650, .T. ) ;
#4613 = CARTESIAN_POINT ( 'NONE',  ( 17.39766108894290397, -74.00000000000004263, 13.29572150542252551 ) ) ;
#4614 = VERTEX_POINT ( 'NONE', #6610 ) ;
#4615 = CARTESIAN_POINT ( 'NONE',  ( -1.580536642169201977, -77.77967650617954121, -5.229316619464555949 ) ) ;
#4616 = VECTOR ( 'NONE', #4408, 1000.000000000000000 ) ;
#4617 = CARTESIAN_POINT ( 'NONE',  ( -22.98493214369457149, -67.27401745650604425, 6.229395952356500565 ) ) ;
#4619 = EDGE_CURVE ( 'NONE', #3926, #3567, #5532, .T. ) ;
#4618 = CARTESIAN_POINT ( 'NONE',  ( 19.37600169300435482, -73.37816383481131766, 19.64767786792322113 ) ) ;
#4620 = EDGE_CURVE ( 'NONE', #1436, #3386, #2346, .T. ) ;
#4621 = CARTESIAN_POINT ( 'NONE',  ( 13.39986135547578883, -59.40752366131756901, 24.98578596991944067 ) ) ;
#4622 = CARTESIAN_POINT ( 'NONE',  ( -39.99999999999999289, 48.00000000000001421, 12.50000000000000000 ) ) ;
#4623 = CARTESIAN_POINT ( 'NONE',  ( -16.06494038919041145, -77.00000000000004263, 26.27905284588012691 ) ) ;
#4624 = DIRECTION ( 'NONE',  ( -1.000000000000000000, 0.000000000000000000, -0.000000000000000000 ) ) ;
#4625 = LINE ( 'NONE', #963, #2143 ) ;
#4626 = DIRECTION ( 'NONE',  ( -0.000000000000000000, -0.000000000000000000, -1.000000000000000000 ) ) ;
#4627 = CARTESIAN_POINT ( 'NONE',  ( 3.076965311739839670, -61.65085627386691414, 21.82635599357518430 ) ) ;
#4628 = ORIENTED_EDGE ( 'NONE', *, *, #2821, .T. ) ;
#4629 = CARTESIAN_POINT ( 'NONE',  ( -24.86611085946165645, -57.72388461084815958, 14.73437165402760662 ) ) ;
#4630 = CARTESIAN_POINT ( 'NONE',  ( 21.21969041963350122, -74.00000000000005684, 2.390016250204196613 ) ) ;
#4631 = CARTESIAN_POINT ( 'NONE',  ( 22.01847730053792418, -71.77498915704688898, 9.384924785506536082 ) ) ;
#4632 = CARTESIAN_POINT ( 'NONE',  ( 1.003561322427189983, -60.41263196288619497, 3.526882246994814452 ) ) ;
#4633 = FACE_OUTER_BOUND ( 'NONE', #3099, .T. ) ;
#4634 = FACE_OUTER_BOUND ( 'NONE', #6755, .T. ) ;
#4635 = CARTESIAN_POINT ( 'NONE',  ( -15.46319894975214737, -71.30465808082699652, 21.78502402617961309 ) ) ;
#4636 = ORIENTED_EDGE ( 'NONE', *, *, #1345, .F. ) ;
#4637 = ORIENTED_EDGE ( 'NONE', *, *, #1336, .F. ) ;
#4638 = CARTESIAN_POINT ( 'NONE',  ( 24.94317924871467795, -57.72388461084813827, 21.44258561650558192 ) ) ;
#4639 = CARTESIAN_POINT ( 'NONE',  ( -11.07851632400200437, -59.76995109059065925, 3.543668735763144007 ) ) ;
#4640 = CARTESIAN_POINT ( 'NONE',  ( 12.25111018186639988, -60.97307327955368095, 3.442853262811016890 ) ) ;
#4641 = DIRECTION ( 'NONE',  ( -1.000000000000000000, 0.000000000000000000, 0.000000000000000000 ) ) ;
#4642 = CARTESIAN_POINT ( 'NONE',  ( -17.56915918334683013, -77.00000000000004263, 12.90562719540161396 ) ) ;
#4643 = DIRECTION ( 'NONE',  ( 1.000000000000000000, -0.000000000000000000, -0.000000000000000000 ) ) ;
#4644 = CARTESIAN_POINT ( 'NONE',  ( 16.72396339815517763, -74.00000000000004263, 14.77725151686981597 ) ) ;
#4645 = VERTEX_POINT ( 'NONE', #4989 ) ;
#4646 = EDGE_CURVE ( 'NONE', #697, #4602, #758, .T. ) ;
#4647 = CARTESIAN_POINT ( 'NONE',  ( 43.50000000000001421, -49.31902001999208807, 25.00000000000000000 ) ) ;
#4648 = CARTESIAN_POINT ( 'NONE',  ( 19.35340260393493139, -65.35686786940333093, 20.53164111319889074 ) ) ;
#4649 = CIRCLE ( 'NONE', #2481, 1.699999999999993072 ) ;
#4650 = CARTESIAN_POINT ( 'NONE',  ( 16.44962808176716251, -77.00000000000004263, 15.24184282572427662 ) ) ;
#4651 = B_SPLINE_CURVE_WITH_KNOTS ( 'NONE', 3,
 ( #3761, #4297, #447, #6468, #3275, #1572, #4339 ),
 .UNSPECIFIED., .F., .F.,
 ( 4, 3, 4 ),
 ( 0.0006899994814325816853, 0.008383980808486662245, 0.01666854682477782526 ),
 .UNSPECIFIED. ) ;
#4652 = ORIENTED_EDGE ( 'NONE', *, *, #2432, .T. ) ;
#4653 = VECTOR ( 'NONE', #2512, 999.9999999999998863 ) ;
#4654 = FACE_OUTER_BOUND ( 'NONE', #2490, .T. ) ;
#4655 = CARTESIAN_POINT ( 'NONE',  ( 11.80860400651025977, -77.00000000000005684, 28.12153036022161245 ) ) ;
#4656 = ADVANCED_FACE ( 'NONE', ( #2235 ), #3345, .T. ) ;
#4657 = CARTESIAN_POINT ( 'NONE',  ( 21.61464733046765119, -73.99999999998109956, 17.38692913434001497 ) ) ;
#4658 = CARTESIAN_POINT ( 'NONE',  ( 23.14364529610445587, -60.86453584255313842, 3.997421671285538380 ) ) ;
#4659 = DIRECTION ( 'NONE',  ( -0.000000000000000000, -0.000000000000000000, -1.000000000000000000 ) ) ;
#4660 = DIRECTION ( 'NONE',  ( 0.000000000000000000, -0.000000000000000000, -1.000000000000000000 ) ) ;
#4661 = CARTESIAN_POINT ( 'NONE',  ( 2.663525710721467377, -75.82052035252168309, 25.93269745856484221 ) ) ;
#4662 = CIRCLE ( 'NONE', #3405, 2.500000000000002220 ) ;
#4663 = ORIENTED_EDGE ( 'NONE', *, *, #3636, .F. ) ;
#4664 = CARTESIAN_POINT ( 'NONE',  ( -24.94317924871467795, -57.72388461084813827, 21.44258561650555706 ) ) ;
#4665 = CARTESIAN_POINT ( 'NONE',  ( -21.21969041964995029, -74.00000000000004263, 2.390016250216808746 ) ) ;
#4666 = CARTESIAN_POINT ( 'NONE',  ( 22.11183528976024704, -70.50405220666660000, 12.50000000000004974 ) ) ;
#4667 = CARTESIAN_POINT ( 'NONE',  ( -1.182753083665349481, -69.40534096591484570, 0.8819678343393387854 ) ) ;
#4668 = DIRECTION ( 'NONE',  ( -0.000000000000000000, 1.000000000000000000, -0.000000000000000000 ) ) ;
#4669 = PLANE ( 'NONE',  #3473 ) ;
#4670 = CARTESIAN_POINT ( 'NONE',  ( -13.41580861795461210, -62.18003986183523324, 21.58073926321253566 ) ) ;
#4671 = EDGE_LOOP ( 'NONE', ( #6030, #1121, #4856, #6831, #3109, #412, #1370 ) ) ;
#4672 = CIRCLE ( 'NONE', #2960, 1.699999999999993072 ) ;
#4673 = EDGE_LOOP ( 'NONE', ( #6288, #6791, #6603 ) ) ;
#4674 = CARTESIAN_POINT ( 'NONE',  ( -38.49999999999998579, 50.00000000000000711, 12.50000000000000000 ) ) ;
#4675 = CARTESIAN_POINT ( 'NONE',  ( -14.12704933932846885, -59.41105569123116936, 3.502129695426388079 ) ) ;
#4676 = CARTESIAN_POINT ( 'NONE',  ( 15.89699099475415345, -67.22463657686986949, 3.628881381157472497 ) ) ;
#4677 = LINE ( 'NONE', #1429, #5865 ) ;
#4678 = CARTESIAN_POINT ( 'NONE',  ( -16.75367192968618824, -77.00000000000004263, 14.72483520720676253 ) ) ;
#4679 = DIRECTION ( 'NONE',  ( 1.330321911110254514E-16, -1.000000000000000000, 0.000000000000000000 ) ) ;
#4680 = AXIS2_PLACEMENT_3D ( 'NONE', #2068, #1574, #6438 ) ;
#4681 = EDGE_LOOP ( 'NONE', ( #2851, #2059, #6741, #6589, #1001, #4974, #5765, #338 ) ) ;
#4682 = DIRECTION ( 'NONE',  ( -0.000000000000000000, -0.000000000000000000, -1.000000000000000000 ) ) ;
#4683 = CARTESIAN_POINT ( 'NONE',  ( 18.72968222534021621, -73.50065001983739421, 20.10241845216139467 ) ) ;
#4684 = ORIENTED_EDGE ( 'NONE', *, *, #3892, .F. ) ;
#4685 = CARTESIAN_POINT ( 'NONE',  ( 7.018082754724074057, -77.00000000000004263, 20.54548031675608755 ) ) ;
#4686 = B_SPLINE_CURVE_WITH_KNOTS ( 'NONE', 1,
 ( #4889, #5505 ),
 .UNSPECIFIED., .F., .F.,
 ( 2, 2 ),
 ( 0.003005185829281188485, 0.01702938636592646326 ),
 .UNSPECIFIED. ) ;
#4688 = VERTEX_POINT ( 'NONE', #6686 ) ;
#4687 = AXIS2_PLACEMENT_3D ( 'NONE', #770, #1920, #6312 ) ;
#4689 = CARTESIAN_POINT ( 'NONE',  ( 25.65639081652327391, -75.58666007263651920, 9.664307650278887607 ) ) ;
#4690 = CARTESIAN_POINT ( 'NONE',  ( 8.212214766017183365, -59.40752366131756190, 24.89120983065233617 ) ) ;
#4691 = DIRECTION ( 'NONE',  ( -1.553732654557586955E-16, 1.000000000000000000, 0.000000000000000000 ) ) ;
#4692 = LINE ( 'NONE', #3645, #1579 ) ;
#4693 = CARTESIAN_POINT ( 'NONE',  ( -21.45495460367103391, -58.00528102953264664, 3.499999999999988454 ) ) ;
#4694 = CARTESIAN_POINT ( 'NONE',  ( 38.39379921371588722, 33.12418930135195438, 1.277342395598092928 ) ) ;
#4695 = CARTESIAN_POINT ( 'NONE',  ( -28.68629150101522640, -14.00000000000004441, 12.50000000000000000 ) ) ;
#4696 = AXIS2_PLACEMENT_3D ( 'NONE', #4716, #3630, #2003 ) ;
#4697 = CARTESIAN_POINT ( 'NONE',  ( 4.920255503256503182, -71.92701029789091649, 24.59583197452739256 ) ) ;
#4698 = EDGE_CURVE ( 'NONE', #1285, #6411, #151, .T. ) ;
#4699 = ADVANCED_FACE ( 'NONE', ( #5613, #4524, #6723 ), #6649, .F. ) ;
#4700 = ORIENTED_EDGE ( 'NONE', *, *, #967, .F. ) ;
#4701 = CARTESIAN_POINT ( 'NONE',  ( -24.98891076837313463, -57.72388461084814537, 23.68205322983631333 ) ) ;
#4702 = CARTESIAN_POINT ( 'NONE',  ( -28.68629150101522640, -22.00000000000004263, 16.50000000000000000 ) ) ;
#4703 = CARTESIAN_POINT ( 'NONE',  ( 36.06865231768978219, -42.88678820378332546, 0.3344594468102028428 ) ) ;
#4704 = CARTESIAN_POINT ( 'NONE',  ( -4.290821192239099524, -64.19883379175503535, 2.495091134019809420 ) ) ;
#4705 = CARTESIAN_POINT ( 'NONE',  ( -37.00295999794461466, 56.97339965757292646, 24.37192679316863320 ) ) ;
#4706 = DIRECTION ( 'NONE',  ( -0.000000000000000000, 1.000000000000000000, -0.000000000000000000 ) ) ;
#4707 = CARTESIAN_POINT ( 'NONE',  ( -14.84232250118628293, -66.02549550055651650, 21.58135165000739164 ) ) ;
#4708 = CARTESIAN_POINT ( 'NONE',  ( -25.65675963003176818, -77.00000000000004263, 15.33429889683907810 ) ) ;
#4709 = EDGE_CURVE ( 'NONE', #6370, #4289, #4014, .T. ) ;
#4710 = ORIENTED_EDGE ( 'NONE', *, *, #4753, .T. ) ;
#4711 = EDGE_LOOP ( 'NONE', ( #6118, #2163, #209, #6334 ) ) ;
#4712 = CARTESIAN_POINT ( 'NONE',  ( -39.99999999999999289, 55.00000000000000711, 12.50000000000000000 ) ) ;
#4713 = CARTESIAN_POINT ( 'NONE',  ( -19.06165276742258641, -59.68543452946847339, 3.500000000000000000 ) ) ;
#4714 = CARTESIAN_POINT ( 'NONE',  ( 15.46319894975084530, -71.30465808082718127, 3.214975973819833133 ) ) ;
#4715 = DIRECTION ( 'NONE',  ( -1.000000000000000000, 0.000000000000000000, 0.000000000000000000 ) ) ;
#4716 = CARTESIAN_POINT ( 'NONE',  ( 39.99999999999999289, 40.00000000000000711, 25.00000000000000000 ) ) ;
#4717 = ORIENTED_EDGE ( 'NONE', *, *, #407, .T. ) ;
#4718 = SURFACE_STYLE_FILL_AREA ( #2606 ) ;
#4719 = CARTESIAN_POINT ( 'NONE',  ( 17.90361883932303044, -70.96178679348902563, 20.64939106965504223 ) ) ;
#4720 = CARTESIAN_POINT ( 'NONE',  ( -1.703936981057110556, -74.00000000000004263, 21.35416549431220901 ) ) ;
#4721 = CARTESIAN_POINT ( 'NONE',  ( 9.539679826134513263, -74.00000000000004263, 19.79861844812033311 ) ) ;
#4722 = AXIS2_PLACEMENT_3D ( 'NONE', #5207, #5276, #3523 ) ;
#4723 = VERTEX_POINT ( 'NONE', #6099 ) ;
#4724 = CARTESIAN_POINT ( 'NONE',  ( -3.104680774522959208, -77.00000000000004263, 3.801149089338675680 ) ) ;
#4725 = CARTESIAN_POINT ( 'NONE',  ( -25.86412541772647344, -77.00000000000005684, 14.56453022371207773 ) ) ;
#4726 = CARTESIAN_POINT ( 'NONE',  ( -39.99999999999997868, -22.00000000000004619, 8.500000000000000000 ) ) ;
#4727 = CARTESIAN_POINT ( 'NONE',  ( -3.951497889051514889, -74.00000000000002842, -0.2836332976604467593 ) ) ;
#4728 = DIRECTION ( 'NONE',  ( 1.000000000000000000, 1.330321911110254514E-16, -0.000000000000000000 ) ) ;
#4729 = CARTESIAN_POINT ( 'NONE',  ( 21.70874116689650890, -74.05934735115857848, 7.754211999203484140 ) ) ;
#4730 = DIRECTION ( 'NONE',  ( -0.000000000000000000, -0.000000000000000000, -1.000000000000000000 ) ) ;
#4731 = CARTESIAN_POINT ( 'NONE',  ( -37.54669840576467976, 47.90464247225774841, 0.8533223211579614720 ) ) ;
#4732 = CARTESIAN_POINT ( 'NONE',  ( 4.594442449186858290, -68.06437127110650920, 23.54942030712302525 ) ) ;
#4733 = ORIENTED_EDGE ( 'NONE', *, *, #1346, .T. ) ;
#4734 = CARTESIAN_POINT ( 'NONE',  ( -19.70145298269380874, -59.40752366131756190, 25.12392667309018179 ) ) ;
#4735 = DIRECTION ( 'NONE',  ( 1.553732654557586955E-16, -1.000000000000000000, 0.000000000000000000 ) ) ;
#4736 = CARTESIAN_POINT ( 'NONE',  ( 35.68750192475067706, -43.55544642210350759, 0.2420648668363688250 ) ) ;
#4737 = EDGE_CURVE ( 'NONE', #4645, #4688, #3785, .T. ) ;
#4738 = CARTESIAN_POINT ( 'NONE',  ( -22.31747927760338612, -74.00000000000004263, 12.50000000000001599 ) ) ;
#4739 = CARTESIAN_POINT ( 'NONE',  ( -0.001737809258973430472, -77.00000000000004263, 1.252149606933893100 ) ) ;
#4740 = CARTESIAN_POINT ( 'NONE',  ( -13.07936727024486601, -74.18135726853306267, 23.18725998789753007 ) ) ;
#4741 = CARTESIAN_POINT ( 'NONE',  ( -0.001737809258973430472, -74.00000000000004263, 25.25214960693389088 ) ) ;
#4742 = ORIENTED_EDGE ( 'NONE', *, *, #6812, .F. ) ;
#4743 = ORIENTED_EDGE ( 'NONE', *, *, #1607, .T. ) ;
#4744 = LINE ( 'NONE', #4712, #2038 ) ;
#4745 = CARTESIAN_POINT ( 'NONE',  ( -16.75367192968618824, -74.00000000000004263, 14.72483520720676253 ) ) ;
#4746 = ADVANCED_FACE ( 'NONE', ( #1316 ), #5028, .F. ) ;
#4747 = CARTESIAN_POINT ( 'NONE',  ( 9.358926424361794005, -70.47417954894785908, 1.508440135568766216 ) ) ;
#4748 = DIRECTION ( 'NONE',  ( -0.000000000000000000, -0.000000000000000000, -1.000000000000000000 ) ) ;
#4749 = EDGE_CURVE ( 'NONE', #4235, #5993, #3573, .T. ) ;
#4750 = CARTESIAN_POINT ( 'NONE',  ( -14.18721143106730587, -77.00000000000004263, 17.45391619160506735 ) ) ;
#4751 = ORIENTED_EDGE ( 'NONE', *, *, #2685, .F. ) ;
#4752 = CARTESIAN_POINT ( 'NONE',  ( -43.49999999999998579, -49.31902001999193175, 0.000000000000000000 ) ) ;
#4753 = EDGE_CURVE ( 'NONE', #1789, #1436, #2453, .T. ) ;
#4754 = CARTESIAN_POINT ( 'NONE',  ( 20.06834574779436409, -69.21125006138970548, 19.68043664198990683 ) ) ;
#4755 = ORIENTED_EDGE ( 'NONE', *, *, #2848, .T. ) ;
#4756 = CARTESIAN_POINT ( 'NONE',  ( 13.44849748091324493, -77.00000000000004263, 7.059009957411558567 ) ) ;
#4757 = CARTESIAN_POINT ( 'NONE',  ( 38.50000000000000000, 35.00000000000000711, 0.000000000000000000 ) ) ;
#4758 = CARTESIAN_POINT ( 'NONE',  ( -22.01694537661055406, -74.00000000000004263, 21.80829409305185607 ) ) ;
#4759 = CARTESIAN_POINT ( 'NONE',  ( 16.22385422613323414, -74.00000000000005684, 3.289362077747052915 ) ) ;
#4760 = CARTESIAN_POINT ( 'NONE',  ( 40.00000000000000711, -46.31902001999192464, 32.07106781186548261 ) ) ;
#4761 = EDGE_CURVE ( 'NONE', #1182, #1063, #2781, .T. ) ;
#4762 = CARTESIAN_POINT ( 'NONE',  ( -25.99999999999999645, -74.00000000000004263, 11.47189402371162714 ) ) ;
#4763 = CARTESIAN_POINT ( 'NONE',  ( -21.61036000839348503, -74.08803984923669361, 7.632402111171939119 ) ) ;
#4764 = CARTESIAN_POINT ( 'NONE',  ( 7.273716032200613135, -71.85873996787140072, 24.22069078581715118 ) ) ;
#4765 = CARTESIAN_POINT ( 'NONE',  ( -35.56594082184663819, -44.51811393706134368, 0.2157325980803743160 ) ) ;
#4766 = CARTESIAN_POINT ( 'NONE',  ( 38.54487747513906726, 36.79164337525715212, 1.364227723487035693 ) ) ;
#4767 = CARTESIAN_POINT ( 'NONE',  ( 2.931798655200703152, -74.00000000000004263, 29.03952146894466679 ) ) ;
#4768 = AXIS2_PLACEMENT_3D ( 'NONE', #6284, #3555, #299 ) ;
#4769 = CYLINDRICAL_SURFACE ( 'NONE', #75, 91.63661590615784291 ) ;
#4770 = DIRECTION ( 'NONE',  ( -0.4999999999999951150, 0.8660254037844414832, 0.000000000000000000 ) ) ;
#4771 = CARTESIAN_POINT ( 'NONE',  ( -12.28334177505876923, -75.54567998389043737, 23.78371474776618300 ) ) ;
#4772 = DIRECTION ( 'NONE',  ( 0.000000000000000000, 0.000000000000000000, 1.000000000000000000 ) ) ;
#4773 = ORIENTED_EDGE ( 'NONE', *, *, #852, .F. ) ;
#4774 = AXIS2_PLACEMENT_3D ( 'NONE', #5073, #4414, #199 ) ;
#4775 = CARTESIAN_POINT ( 'NONE',  ( 21.96112556548683159, -73.06509426447574640, 16.21751706882407618 ) ) ;
#4776 = CARTESIAN_POINT ( 'NONE',  ( -17.74748603729673491, -77.00000000000004263, 12.50000000000002132 ) ) ;
#4777 = CARTESIAN_POINT ( 'NONE',  ( 10.22432474607246888, -61.19210996539949576, 3.374502953139637551 ) ) ;
#4778 = DIRECTION ( 'NONE',  ( -0.000000000000000000, -0.000000000000000000, -1.000000000000000000 ) ) ;
#4779 = DIRECTION ( 'NONE',  ( -1.000000000000000000, 0.000000000000000000, 0.000000000000000000 ) ) ;
#4780 = CARTESIAN_POINT ( 'NONE',  ( -28.68629150101522640, -22.00000000000004263, 8.500000000000000000 ) ) ;
#4781 = EDGE_CURVE ( 'NONE', #3631, #2331, #838, .T. ) ;
#4782 = ORIENTED_EDGE ( 'NONE', *, *, #6299, .T. ) ;
#4783 = CARTESIAN_POINT ( 'NONE',  ( -37.89396082554878120, 56.73536412457370659, 0.9936563556687261212 ) ) ;
#4784 = SURFACE_SIDE_STYLE ('',( #4718 ) ) ;
#4785 = STYLED_ITEM ( 'NONE', ( #4075 ), #1667 ) ;
#4786 = VECTOR ( 'NONE', #6618, 1000.000000000000000 ) ;
#4787 = CARTESIAN_POINT ( 'NONE',  ( 21.29784547858995936, -58.51582098853057090, 21.77429746288955315 ) ) ;
#4788 = EDGE_LOOP ( 'NONE', ( #6084, #4742, #2628, #3808 ) ) ;
#4789 = VERTEX_POINT ( 'NONE', #2420 ) ;
#4790 = CARTESIAN_POINT ( 'NONE',  ( -4.857460020034812587, -77.00000000000004263, 4.030823476627420021 ) ) ;
#4791 = LINE ( 'NONE', #2613, #1560 ) ;
#4792 = DIRECTION ( 'NONE',  ( -1.000000000000000000, 0.000000000000000000, 0.000000000000000000 ) ) ;
#4793 = CARTESIAN_POINT ( 'NONE',  ( -15.32192177163625679, -74.00000000000005684, 2.826150471450538326 ) ) ;
#4794 = DIRECTION ( 'NONE',  ( 1.553732654557586955E-16, -1.000000000000000000, 0.000000000000000000 ) ) ;
#4795 = CARTESIAN_POINT ( 'NONE',  ( -38.68627997701627663, 51.68976322902436493, 1.450000000000001954 ) ) ;
#4796 = CARTESIAN_POINT ( 'NONE',  ( -21.88906146500457339, -69.00795329937571410, 8.762025568735534620 ) ) ;
#4797 = CARTESIAN_POINT ( 'NONE',  ( 5.125804643240570613, -61.57340714406460336, 21.78651355608426599 ) ) ;
#4798 = CARTESIAN_POINT ( 'NONE',  ( -24.75480636822036118, -77.00000000000004263, 17.85613249681023262 ) ) ;
#4799 = DIRECTION ( 'NONE',  ( -1.330321911110254514E-16, 1.000000000000000000, -0.000000000000000000 ) ) ;
#4800 = AXIS2_PLACEMENT_3D ( 'NONE', #2337, #4477, #3964 ) ;
#4801 = CARTESIAN_POINT ( 'NONE',  ( 19.65430195980016137, -74.00000000000001421, 23.74301473415889774 ) ) ;
#4802 = CARTESIAN_POINT ( 'NONE',  ( -24.64196912394494632, -77.00000000000004263, 6.918193014638940319 ) ) ;
#4803 = CARTESIAN_POINT ( 'NONE',  ( -21.52552370594081665, -60.68190193350985595, 17.97271838392875765 ) ) ;
#4804 = CARTESIAN_POINT ( 'NONE',  ( -10.22432474607449571, -61.19210996539929681, 21.62549704686028917 ) ) ;
#4805 = LINE ( 'NONE', #6460, #5904 ) ;
#4806 = VERTEX_POINT ( 'NONE', #4113 ) ;
#4807 = DIRECTION ( 'NONE',  ( 0.5000000000000012212, 0.8660254037844380415, -0.000000000000000000 ) ) ;
#4808 = DIRECTION ( 'NONE',  ( 0.8660254037844414832, 0.4999999999999951150, -0.000000000000000000 ) ) ;
#4809 = CARTESIAN_POINT ( 'NONE',  ( 10.90742652497161558, -66.43136156785173796, 2.624638835394970560 ) ) ;
#4810 = CARTESIAN_POINT ( 'NONE',  ( 25.88303243258905439, -77.00000000000002842, 14.41041209536786916 ) ) ;
#4811 = DIRECTION ( 'NONE',  ( -0.000000000000000000, -0.000000000000000000, -1.000000000000000000 ) ) ;
#4812 = ORIENTED_EDGE ( 'NONE', *, *, #4084, .F. ) ;
#4813 = CARTESIAN_POINT ( 'NONE',  ( 22.01694537661041551, -77.01806331675074091, 3.191705906947995608 ) ) ;
#4814 = LINE ( 'NONE', #3279, #1953 ) ;
#4815 = DIRECTION ( 'NONE',  ( -0.000000000000000000, -0.000000000000000000, -1.000000000000000000 ) ) ;
#4816 = EDGE_CURVE ( 'NONE', #352, #5384, #5069, .T. ) ;
#4817 = EDGE_CURVE ( 'NONE', #6663, #5357, #4593, .T. ) ;
#4818 = CARTESIAN_POINT ( 'NONE',  ( -39.99999999999998579, -14.00000000000005329, 16.50000000000000000 ) ) ;
#4819 = CARTESIAN_POINT ( 'NONE',  ( 22.49220227518618742, -66.09869300196979225, 19.39823214253319961 ) ) ;
#4820 = ORIENTED_EDGE ( 'NONE', *, *, #724, .T. ) ;
#4821 = VERTEX_POINT ( 'NONE', #6797 ) ;
#4822 = CARTESIAN_POINT ( 'NONE',  ( 8.622716828144255885, -77.00000000000004263, 4.897973167114376913 ) ) ;
#4823 = CARTESIAN_POINT ( 'NONE',  ( 40.74795712998730579, 42.11364180441951532, 3.080374151484658540 ) ) ;
#4824 = CARTESIAN_POINT ( 'NONE',  ( 0.000000000000000000, -74.00000000000004263, 12.50000000000000000 ) ) ;
#4825 = CARTESIAN_POINT ( 'NONE',  ( 17.92423157313846716, -74.00000000000008527, 4.327020548834187963 ) ) ;
#4826 = CARTESIAN_POINT ( 'NONE',  ( -17.51257824588245526, -75.05791336648105982, 3.980369144127136494 ) ) ;
#4827 = CARTESIAN_POINT ( 'NONE',  ( 40.00000000000000711, -46.31902001999192464, 12.50000000000000000 ) ) ;
#4828 = ADVANCED_FACE ( 'NONE', ( #3620, #5849, #5242 ), #3589, .T. ) ;
#4829 = ADVANCED_FACE ( 'NONE', ( #4634 ), #6251, .T. ) ;
#4830 = CARTESIAN_POINT ( 'NONE',  ( 7.035234356353909924, -60.14793193955539863, 21.45244094315278360 ) ) ;
#4831 = VECTOR ( 'NONE', #5812, 1000.000000000000000 ) ;
#4832 = CARTESIAN_POINT ( 'NONE',  ( -35.68657103347308635, -43.55781020164850759, 0.2418563760782497241 ) ) ;
#4833 = CARTESIAN_POINT ( 'NONE',  ( 39.06944322142286552, 36.61351962125721116, 1.691763034652705722 ) ) ;
#4834 = CARTESIAN_POINT ( 'NONE',  ( 21.49160088703867899, -68.71057779117973041, 5.054332499170416604 ) ) ;
#4835 = CARTESIAN_POINT ( 'NONE',  ( 38.50000000000000000, -44.31902001999193175, 3.499999999999999556 ) ) ;
#4836 = CARTESIAN_POINT ( 'NONE',  ( -21.51792626048056079, -60.64360858655025055, 19.79675223043167165 ) ) ;
#4837 = B_SPLINE_CURVE_WITH_KNOTS ( 'NONE', 3,
 ( #6112, #3500, #2283, #1254, #3467, #6259, #3430, #5627, #713, #750, #2897, #5728, #5693, #2966, #5079, #168, #5152, #2357, #5660, #2430, #4536, #6736, #4609, #6190, #1293, #6806, #4574, #204, #2393, #1902, #3135, #6838, #6909, #3031, #5285, #4190, #6399, #5217, #1934, #2032, #883, #6435, #4750, #6875, #6293, #1394, #4090, #3565, #2463, #5758, #4678, #1969, #6942, #1430, #309, #3104, #4642, #1504 ),
 .UNSPECIFIED., .F., .F.,
 ( 4, 2, 2, 2, 2, 2, 2, 2, 2, 2, 2, 2, 2, 2, 2, 2, 2, 2, 2, 2, 2, 2, 2, 2, 2, 2, 2, 2, 4 ),
 ( 0.000000000000000000, 0.03125000000000034694, 0.04687500000000051348, 0.05468750000000048572, 0.06250000000000045797, 0.09375000000000034694, 0.1250000000000003053, 0.1875000000000002498, 0.2187500000000002776, 0.2500000000000003331, 0.3125000000000003886, 0.3750000000000003886, 0.4062500000000003886, 0.4375000000000003331, 0.5000000000000002220, 0.6250000000000000000, 0.6562500000000001110, 0.6875000000000001110, 0.7500000000000000000, 0.7812499999999998890, 0.8124999999999997780, 0.8749999999999994449, 0.9062499999999994449, 0.9218749999999992228, 0.9374999999999992228, 0.9453124999999993339, 0.9531249999999993339, 0.9687499999999995559, 1.000000000000000000 ),
 .UNSPECIFIED. ) ;
#4838 = CARTESIAN_POINT ( 'NONE',  ( -7.035234356360996699, -60.14793193955485151, 21.45244094315276229 ) ) ;
#4839 = LINE ( 'NONE', #2126, #3164 ) ;
#4840 = ORIENTED_EDGE ( 'NONE', *, *, #3552, .F. ) ;
#4841 = CARTESIAN_POINT ( 'NONE',  ( -24.69838774608264842, -77.00000000000004263, 7.031030258914346298 ) ) ;
#4842 = PLANE ( 'NONE',  #5257 ) ;
#4843 = CARTESIAN_POINT ( 'NONE',  ( -13.44849748091329289, -77.00000000000004263, 17.94099004258841390 ) ) ;
#4844 = EDGE_CURVE ( 'NONE', #4921, #5528, #6828, .T. ) ;
#4845 = CARTESIAN_POINT ( 'NONE',  ( 9.206939256293614093, -61.28269424094605000, 3.339651004346716245 ) ) ;
#4846 = CARTESIAN_POINT ( 'NONE',  ( 26.00000000000000000, -77.00000000000002842, 11.54475158891634301 ) ) ;
#4847 = CARTESIAN_POINT ( 'NONE',  ( -22.71486306426912805, -68.60577254357338006, 18.39917216225497043 ) ) ;
#4848 = ORIENTED_EDGE ( 'NONE', *, *, #5095, .T. ) ;
#4849 = CARTESIAN_POINT ( 'NONE',  ( -43.36514966188812537, 55.04638215603037565, 8.329379824298500878 ) ) ;
#4850 = CARTESIAN_POINT ( 'NONE',  ( -43.49999999999999289, -14.00000000000004619, 8.500000000000000000 ) ) ;
#4851 = CARTESIAN_POINT ( 'NONE',  ( 21.59393509400969080, -67.57287903013644836, 5.691853365837348022 ) ) ;
#4852 = DIRECTION ( 'NONE',  ( -0.000000000000000000, -0.000000000000000000, -1.000000000000000000 ) ) ;
#4853 = CARTESIAN_POINT ( 'NONE',  ( 41.75000000000002842, -46.28793110674654798, 12.50000000000000000 ) ) ;
#4854 = CARTESIAN_POINT ( 'NONE',  ( 22.44883895173833821, -69.95658613666429915, 18.07768852544880644 ) ) ;
#4855 = ORIENTED_EDGE ( 'NONE', *, *, #3634, .T. ) ;
#4856 = ORIENTED_EDGE ( 'NONE', *, *, #6630, .F. ) ;
#4857 = ADVANCED_FACE ( 'NONE', ( #4080 ), #4669, .T. ) ;
#4858 = CARTESIAN_POINT ( 'NONE',  ( 16.39801473810173249, -77.00000000000004263, 9.708468711470445101 ) ) ;
#4859 = CARTESIAN_POINT ( 'NONE',  ( 20.29450952261448293, -77.00000000000004263, 1.526339251378475259 ) ) ;
#4860 = VECTOR ( 'NONE', #5766, 1000.000000000000000 ) ;
#4861 = DIRECTION ( 'NONE',  ( -0.000000000000000000, -0.000000000000000000, -1.000000000000000000 ) ) ;
#4862 = CARTESIAN_POINT ( 'NONE',  ( -18.21531999292613690, -58.89237089803688718, 3.372163199260751920 ) ) ;
#4863 = FACE_OUTER_BOUND ( 'NONE', #4673, .T. ) ;
#4864 = CARTESIAN_POINT ( 'NONE',  ( 43.50000000000000000, 40.00000000000000711, 10.00000000000000000 ) ) ;
#4865 = CARTESIAN_POINT ( 'NONE',  ( 6.118198714486696055, -71.89803268046701135, 24.43110740608623388 ) ) ;
#4866 = VERTEX_POINT ( 'NONE', #5778 ) ;
#4867 = ADVANCED_FACE ( 'NONE', ( #910 ), #368, .T. ) ;
#4868 = CARTESIAN_POINT ( 'NONE',  ( -35.76014154647200627, -43.37457210283150033, 0.2582633358690999970 ) ) ;
#4869 = CARTESIAN_POINT ( 'NONE',  ( 36.49831714135602567, 36.80816753125958485, 0.4584588234206703472 ) ) ;
#4870 = CARTESIAN_POINT ( 'NONE',  ( 21.48072207726319149, -59.02136515773305803, 3.500000000000322853 ) ) ;
#4871 = CARTESIAN_POINT ( 'NONE',  ( 25.59826332794495940, -74.00000000000004263, 9.435546880694470673 ) ) ;
#4872 = CARTESIAN_POINT ( 'NONE',  ( 25.99999999999999645, -77.00000000000004263, 12.49999999999999289 ) ) ;
#4873 = CARTESIAN_POINT ( 'NONE',  ( -22.21001561302320226, -73.24756159488393337, 14.36643730467187297 ) ) ;
#4874 = CARTESIAN_POINT ( 'NONE',  ( -7.586107986138960868, -74.43935606453743503, 24.84134663879920168 ) ) ;
#4875 = LINE ( 'NONE', #4251, #6261 ) ;
#4876 = CIRCLE ( 'NONE', #5573, 1.700000000000000178 ) ;
#4877 = ORIENTED_EDGE ( 'NONE', *, *, #1692, .T. ) ;
#4878 = CARTESIAN_POINT ( 'NONE',  ( -19.79166666666666785, -60.00000000000004263, 0.000000000000000000 ) ) ;
#4879 = VECTOR ( 'NONE', #3061, 1000.000000000000000 ) ;
#4880 = DIRECTION ( 'NONE',  ( 0.000000000000000000, 0.000000000000000000, -1.000000000000000000 ) ) ;
#4881 = CARTESIAN_POINT ( 'NONE',  ( -43.49999999999999289, -14.00000000000004263, 10.00000000000000000 ) ) ;
#4882 = CARTESIAN_POINT ( 'NONE',  ( 9.178538056489140118, -69.17762740539771471, 1.769552079191948790 ) ) ;
#4883 = CARTESIAN_POINT ( 'NONE',  ( 25.00000000000000000, -60.00000000000003553, 25.19434969769165988 ) ) ;
#4884 = CARTESIAN_POINT ( 'NONE',  ( -20.75438224076982507, -69.06103987474880057, 19.35174066796702164 ) ) ;
#4885 = VECTOR ( 'NONE', #3712, 1000.000000000000000 ) ;
#4886 = EDGE_CURVE ( 'NONE', #3778, #4568, #2555, .T. ) ;
#4887 = VERTEX_POINT ( 'NONE', #1992 ) ;
#4888 = CARTESIAN_POINT ( 'NONE',  ( -22.01694537661057893, -77.01806331675074091, 3.191705906948168803 ) ) ;
#4889 = CARTESIAN_POINT ( 'NONE',  ( -25.82352941176470296, -74.00000000000004263, 12.50000000000002309 ) ) ;
#4890 = CARTESIAN_POINT ( 'NONE',  ( 22.68280733128543858, -64.77638884399206631, 5.236751705107396404 ) ) ;
#4891 = CARTESIAN_POINT ( 'NONE',  ( -20.99164996175314712, -74.00000000000001421, 18.16443744052520515 ) ) ;
#4892 = CARTESIAN_POINT ( 'NONE',  ( 20.75438224076499694, -69.06103987474988060, 19.35174066796933090 ) ) ;
#4893 = ORIENTED_EDGE ( 'NONE', *, *, #3883, .F. ) ;
#4894 = ORIENTED_EDGE ( 'NONE', *, *, #726, .T. ) ;
#4895 = CARTESIAN_POINT ( 'NONE',  ( 14.58333333333334281, -60.00000000000005684, 0.000000000000000000 ) ) ;
#4896 = CIRCLE ( 'NONE', #551, 91.63661590615784291 ) ;
#4897 = CARTESIAN_POINT ( 'NONE',  ( -18.54822854604102744, -68.15985916645905718, 4.527247361591347996 ) ) ;
#4898 = LINE ( 'NONE', #1148, #6179 ) ;
#4899 = PRODUCT_DEFINITION ( 'UNKNOWN', '', #4608, #2582 ) ;
#4900 = CARTESIAN_POINT ( 'NONE',  ( 9.531031648856249205, -63.89669809471540418, 22.09751724743799883 ) ) ;
#4901 = VECTOR ( 'NONE', #6491, 1000.000000000000000 ) ;
#4902 = ORIENTED_EDGE ( 'NONE', *, *, #4152, .F. ) ;
#4903 = CARTESIAN_POINT ( 'NONE',  ( -18.75614490102389453, -77.77967650617951278, 24.76705369495153874 ) ) ;
#4904 = CARTESIAN_POINT ( 'NONE',  ( 38.39100729443522653, 36.87705994765212125, 1.275813185343950940 ) ) ;
#4905 = DIRECTION ( 'NONE',  ( 0.000000000000000000, 0.000000000000000000, -1.000000000000000000 ) ) ;
#4906 = DIRECTION ( 'NONE',  ( 0.8660254037844414832, 0.4999999999999951150, -0.000000000000000000 ) ) ;
#4907 = CARTESIAN_POINT ( 'NONE',  ( -21.43064860050461107, -57.86825743319936777, 20.52670970796159722 ) ) ;
#4908 = EDGE_CURVE ( 'NONE', #5210, #2994, #4147, .T. ) ;
#4909 = CARTESIAN_POINT ( 'NONE',  ( -10.41377303846852342, -70.40973668715790268, 23.23043311249026743 ) ) ;
#4910 = EDGE_CURVE ( 'NONE', #3242, #1162, #2023, .T. ) ;
#4911 = CIRCLE ( 'NONE', #3088, 1.700000000000000178 ) ;
#4912 = EDGE_LOOP ( 'NONE', ( #5045, #27 ) ) ;
#4913 = DIRECTION ( 'NONE',  ( 0.000000000000000000, 0.000000000000000000, 1.000000000000000000 ) ) ;
#4914 = CARTESIAN_POINT ( 'NONE',  ( 21.73432409607692506, -71.56956601856960276, 17.67629897935476535 ) ) ;
#4915 = CARTESIAN_POINT ( 'NONE',  ( -25.00000000000000000, -60.00000000000004263, 16.66666666666666430 ) ) ;
#4916 = CARTESIAN_POINT ( 'NONE',  ( 6.534906650736663103, -75.76258247412501134, -0.4270485246065438556 ) ) ;
#4917 = CARTESIAN_POINT ( 'NONE',  ( -10.51037582746202226, -77.00000000000004263, -3.523012000829782497 ) ) ;
#4918 = CARTESIAN_POINT ( 'NONE',  ( 24.64196912394494632, -77.00000000000004263, 6.918193014638942984 ) ) ;
#4919 = CARTESIAN_POINT ( 'NONE',  ( -24.25119273388979479, -59.46031157595076877, 21.45705486704933307 ) ) ;
#4920 = VECTOR ( 'NONE', #6890, 1000.000000000000000 ) ;
#4921 = VERTEX_POINT ( 'NONE', #3655 ) ;
#4922 = ORIENTED_EDGE ( 'NONE', *, *, #1692, .F. ) ;
#4923 = CARTESIAN_POINT ( 'NONE',  ( -17.39766108894287555, -77.00000000000004263, 11.70427849457745140 ) ) ;
#4924 = CARTESIAN_POINT ( 'NONE',  ( 40.14215378980050986, -43.86496362680832561, 2.524524513437283790 ) ) ;
#4925 = CARTESIAN_POINT ( 'NONE',  ( -7.311646392572621167, -62.75010504969570491, 2.990432086091040720 ) ) ;
#4926 = CARTESIAN_POINT ( 'NONE',  ( 20.26199969574586035, -62.56918878501231518, 4.144878181806888051 ) ) ;
#4927 = DIRECTION ( 'NONE',  ( 0.000000000000000000, 0.000000000000000000, 1.000000000000000000 ) ) ;
#4928 = DIRECTION ( 'NONE',  ( -0.000000000000000000, -0.000000000000000000, -1.000000000000000000 ) ) ;
#4929 = DIRECTION ( 'NONE',  ( -0.000000000000000000, -0.000000000000000000, -1.000000000000000000 ) ) ;
#4930 = CARTESIAN_POINT ( 'NONE',  ( 40.00000000000000711, -42.31902001999193885, 32.07106781186548261 ) ) ;
#4931 = ORIENTED_EDGE ( 'NONE', *, *, #5137, .T. ) ;
#4932 = ORIENTED_EDGE ( 'NONE', *, *, #4620, .T. ) ;
#4933 = CARTESIAN_POINT ( 'NONE',  ( 35.94067340655746534, 45.42900798656761907, 0.2831848747084280138 ) ) ;
#4934 = CARTESIAN_POINT ( 'NONE',  ( -17.74467285456016796, -68.29924385868223169, 4.228103000234744613 ) ) ;
#4935 = CARTESIAN_POINT ( 'NONE',  ( 13.43454780471599186, -70.17915927437015000, 22.36552754438876889 ) ) ;
#4936 = VERTEX_POINT ( 'NONE', #2956 ) ;
#4937 = CARTESIAN_POINT ( 'NONE',  ( -14.31858073156626077, -77.00000000000002842, 27.13977319463091220 ) ) ;
#4938 = CARTESIAN_POINT ( 'NONE',  ( -16.51480617177317356, -74.00000000000005684, 9.841796826067549020 ) ) ;
#4939 = LINE ( 'NONE', #3887, #4203 ) ;
#4940 = FACE_OUTER_BOUND ( 'NONE', #3671, .T. ) ;
#4941 = FACE_OUTER_BOUND ( 'NONE', #6623, .T. ) ;
#4942 = CARTESIAN_POINT ( 'NONE',  ( -21.48565329626487497, -67.35151416443086703, 20.54918149013401063 ) ) ;
#4943 = CARTESIAN_POINT ( 'NONE',  ( -10.22766412656071466, -69.10984834814995281, 22.99967479147674609 ) ) ;
#4944 = AXIS2_PLACEMENT_3D ( 'NONE', #7032, #4770, #3749 ) ;
#4945 = ORIENTED_EDGE ( 'NONE', *, *, #5752, .F. ) ;
#4946 = CARTESIAN_POINT ( 'NONE',  ( -24.57973960995905927, -77.89877571810217205, 7.207625727800415660 ) ) ;
#4947 = ADVANCED_FACE ( 'NONE', ( #5141 ), #5911, .F. ) ;
#4948 = CARTESIAN_POINT ( 'NONE',  ( 21.98138733961700808, -69.07516081732397595, 14.99583472116944094 ) ) ;
#4949 = CARTESIAN_POINT ( 'NONE',  ( -25.00000000000000000, -60.00000000000003553, 25.58304909307501518 ) ) ;
#4950 = CARTESIAN_POINT ( 'NONE',  ( 2.202768498277653642, -65.53871021300932398, 2.042487438672070166 ) ) ;
#4951 = CARTESIAN_POINT ( 'NONE',  ( -38.49999999999998579, -44.31902001999193175, 3.499999999999999556 ) ) ;
#4952 = CARTESIAN_POINT ( 'NONE',  ( -36.79999999999998295, 50.00000000000000711, 12.50000000000000000 ) ) ;
#4953 = CARTESIAN_POINT ( 'NONE',  ( -21.59393509400992883, -67.57287903013639152, 19.30814663416256138 ) ) ;
#4954 = ORIENTED_EDGE ( 'NONE', *, *, #1788, .F. ) ;
#4955 = ORIENTED_EDGE ( 'NONE', *, *, #4064, .T. ) ;
#4956 = CARTESIAN_POINT ( 'NONE',  ( 25.65450740930462814, -76.52883648838960085, 15.34341222136983518 ) ) ;
#4957 = ADVANCED_FACE ( 'NONE', ( #2056 ), #2348, .F. ) ;
#4958 = CARTESIAN_POINT ( 'NONE',  ( -43.49999999999998579, -49.31902001999193175, 12.50000000000000000 ) ) ;
#4959 = EDGE_CURVE ( 'NONE', #4539, #5969, #32, .T. ) ;
#4960 = CARTESIAN_POINT ( 'NONE',  ( -8.960884128208222776, -75.69482955460418339, 0.1232078845694465075 ) ) ;
#4961 = CARTESIAN_POINT ( 'NONE',  ( -20.96767586497040270, -74.00000000000002842, 6.854544829434647824 ) ) ;
#4962 = CARTESIAN_POINT ( 'NONE',  ( 17.12844472315426358, -71.08428455837788817, 3.966783005298600617 ) ) ;
#4963 = CARTESIAN_POINT ( 'NONE',  ( -40.19999999999998863, -44.31902001999193175, 0.000000000000000000 ) ) ;
#4964 = CARTESIAN_POINT ( 'NONE',  ( -21.90362439758046165, -71.69271259769331550, 8.351315935854591643 ) ) ;
#4965 = CARTESIAN_POINT ( 'NONE',  ( 43.50000000000001421, -49.31902001999208807, 25.00000000000000000 ) ) ;
#4966 = CARTESIAN_POINT ( 'NONE',  ( 24.39420752375302470, -58.17597901861526566, 21.95082462590648120 ) ) ;
#4967 = ORIENTED_EDGE ( 'NONE', *, *, #2660, .T. ) ;
#4968 = ORIENTED_EDGE ( 'NONE', *, *, #4698, .F. ) ;
#4969 = CARTESIAN_POINT ( 'NONE',  ( -39.98008929001268541, 49.13563834130102492, 2.382833848072599015 ) ) ;
#4970 = CARTESIAN_POINT ( 'NONE',  ( 19.79166666666667140, -60.00000000000004263, 0.000000000000000000 ) ) ;
#4971 = CARTESIAN_POINT ( 'NONE',  ( -18.62848327787486724, -70.82933304791951912, 4.731460550976010815 ) ) ;
#4972 = FACE_BOUND ( 'NONE', #3277, .T. ) ;
#4973 = CARTESIAN_POINT ( 'NONE',  ( 14.21784297905210792, -75.40849349614460095, 22.91150449516449683 ) ) ;
#4974 = ORIENTED_EDGE ( 'NONE', *, *, #1172, .F. ) ;
#4975 = CARTESIAN_POINT ( 'NONE',  ( -8.212214766017204681, -59.40752366131756190, 24.89120983065233617 ) ) ;
#4976 = CARTESIAN_POINT ( 'NONE',  ( 38.50000000000000000, 35.00000000000000711, 17.00000000000000000 ) ) ;
#4977 = CARTESIAN_POINT ( 'NONE',  ( 43.50000000000001421, -49.31902001999208807, 12.50000000000000000 ) ) ;
#4978 = DIRECTION ( 'NONE',  ( -1.000000000000000000, 0.000000000000000000, 0.000000000000000000 ) ) ;
#4979 = DIRECTION ( 'NONE',  ( -0.000000000000000000, -0.000000000000000000, -1.000000000000000000 ) ) ;
#4980 = CARTESIAN_POINT ( 'NONE',  ( -35.56541705630792904, 50.19290810958906945, 0.2156220200182512592 ) ) ;
#4981 = CARTESIAN_POINT ( 'NONE',  ( -3.616528881956205588, -70.65994294452492852, 24.34593142077741490 ) ) ;
#4982 = ADVANCED_FACE ( 'NONE', ( #149 ), #1850, .T. ) ;
#4983 = ORIENTED_EDGE ( 'NONE', *, *, #5151, .T. ) ;
#4984 = CARTESIAN_POINT ( 'NONE',  ( -25.00000000000000000, -60.00000000000003553, -0.5830490930750711343 ) ) ;
#4985 = CARTESIAN_POINT ( 'NONE',  ( 21.53745693383727655, -60.73962015597615505, 12.49999999999999467 ) ) ;
#4986 = CARTESIAN_POINT ( 'NONE',  ( -24.62304033231383116, -77.89877571810217205, 7.283952067268444353 ) ) ;
#4987 = CARTESIAN_POINT ( 'NONE',  ( 6.407814757846434617, -64.10309443401582996, 2.631346580148905545 ) ) ;
#4988 = CARTESIAN_POINT ( 'NONE',  ( 5.372568474694872087, -77.00000000000005684, -4.637852579363370253 ) ) ;
#4989 = CARTESIAN_POINT ( 'NONE',  ( 36.00000000000000711, 35.00000000000000711, 21.50000000000000000 ) ) ;
#4990 = CARTESIAN_POINT ( 'NONE',  ( -19.35926881383736387, -72.03633394692388947, 19.75625551084239717 ) ) ;
#4991 = AXIS2_PLACEMENT_3D ( 'NONE', #6191, #2358, #1294 ) ;
#4992 = EDGE_LOOP ( 'NONE', ( #1974, #3508, #3196, #793 ) ) ;
#4993 = VECTOR ( 'NONE', #5548, 1000.000000000000000 ) ;
#4994 = VERTEX_POINT ( 'NONE', #6129 ) ;
#4995 = CARTESIAN_POINT ( 'NONE',  ( -0.001737809258973246809, -77.00000000000004263, 22.25214960693389443 ) ) ;
#4996 = CARTESIAN_POINT ( 'NONE',  ( 24.49313816524953324, -77.89877571810218626, 17.94502695113559199 ) ) ;
#4997 = CARTESIAN_POINT ( 'NONE',  ( -9.544904344521770057, -71.76943932632218548, 1.246468439089976954 ) ) ;
#4998 = CARTESIAN_POINT ( 'NONE',  ( -43.49999999999999289, -22.00000000000004619, 12.50000000000000000 ) ) ;
#4999 = CARTESIAN_POINT ( 'NONE',  ( 20.06834574779886893, -69.21125006138875335, 5.319563358012221244 ) ) ;
#5000 = DIRECTION ( 'NONE',  ( -0.000000000000000000, -0.000000000000000000, -1.000000000000000000 ) ) ;
#5001 = VECTOR ( 'NONE', #6387, 1000.000000000000000 ) ;
#5002 = DIRECTION ( 'NONE',  ( -1.000000000000000000, 0.000000000000000000, 0.000000000000000000 ) ) ;
#5003 = LINE ( 'NONE', #4460, #5902 ) ;
#5005 = ADVANCED_FACE ( 'NONE', ( #5525 ), #3450, .T. ) ;
#5004 = CARTESIAN_POINT ( 'NONE',  ( -13.64424412175135437, -31.63661590615784291, 25.00000000000000000 ) ) ;
#5006 = VERTEX_POINT ( 'NONE', #5059 ) ;
#5007 = VERTEX_POINT ( 'NONE', #1274 ) ;
#5008 = CARTESIAN_POINT ( 'NONE',  ( 17.12334204847207175, -74.00000000000004263, 11.08030481609432805 ) ) ;
#5009 = CARTESIAN_POINT ( 'NONE',  ( -15.66787898838768101, -77.77967650617954121, -1.662064945874397459 ) ) ;
#5010 = LINE ( 'NONE', #1766, #2155 ) ;
#5011 = CARTESIAN_POINT ( 'NONE',  ( -43.49999999999999289, -14.00000000000004619, 12.50000000000000000 ) ) ;
#5012 = CARTESIAN_POINT ( 'NONE',  ( 15.29805724327158067, -69.98733886552425076, 21.72355443611206738 ) ) ;
#5013 = CIRCLE ( 'NONE', #1937, 1.700000000000000178 ) ;
#5014 = VERTEX_POINT ( 'NONE', #5488 ) ;
#5015 = CARTESIAN_POINT ( 'NONE',  ( -1.041666666666669849, -60.00000000000003553, 25.00000000000000000 ) ) ;
#5016 = DIRECTION ( 'NONE',  ( -1.000000000000000000, 0.000000000000000000, 0.000000000000000000 ) ) ;
#5017 = DIRECTION ( 'NONE',  ( -0.000000000000000000, -0.000000000000000000, -1.000000000000000000 ) ) ;
#5018 = CARTESIAN_POINT ( 'NONE',  ( -14.25240334010242726, -77.00000000000004263, 7.593176322269783007 ) ) ;
#5019 = FACE_BOUND ( 'NONE', #3025, .T. ) ;
#5020 = CARTESIAN_POINT ( 'NONE',  ( -36.49732457324522983, 48.19229813788551553, 0.4581222275623553220 ) ) ;
#5021 = CARTESIAN_POINT ( 'NONE',  ( -1.025945117531137818, -61.69730467760458481, 21.85096266909882345 ) ) ;
#5022 = B_SPLINE_CURVE_WITH_KNOTS ( 'NONE', 3,
 ( #1933, #6908, #6258, #3629, #5821, #409 ),
 .UNSPECIFIED., .F., .F.,
 ( 4, 2, 4 ),
 ( 0.0008452678299790170697, 0.003325877550674623175, 0.005806487271370229172 ),
 .UNSPECIFIED. ) ;
#5023 = ORIENTED_EDGE ( 'NONE', *, *, #5822, .T. ) ;
#5024 = CARTESIAN_POINT ( 'NONE',  ( -2.372433802662536007, -60.50399542002880793, 3.500000000000001776 ) ) ;
#5025 = CARTESIAN_POINT ( 'NONE',  ( 22.21001561302223948, -73.24756159486497609, 14.36643730467346280 ) ) ;
#5026 = CARTESIAN_POINT ( 'NONE',  ( -25.08282398096126187, -77.00000000000005684, 17.20009727132844191 ) ) ;
#5027 = CARTESIAN_POINT ( 'NONE',  ( 2.100643855524096271, -62.96754074923714484, 2.785923495433947128 ) ) ;
#5028 = PLANE ( 'NONE',  #4131 ) ;
#5029 = CIRCLE ( 'NONE', #3990, 1.700000000000000178 ) ;
#5030 = CARTESIAN_POINT ( 'NONE',  ( -16.80177390410605653, -67.10265274100092370, 21.11692835491202658 ) ) ;
#5031 = B_SPLINE_SURFACE_WITH_KNOTS ( 'NONE', 3, 1, ( 
 ( #6171, #2800, #4984, #3968 ),
 ( #2305, #582, #657, #1669 ),
 ( #4946, #6021, #74, #35 ),
 ( #2882, #4403, #6604, #5062 ),
 ( #2265, #153, #4517, #4441 ),
 ( #3857, #6716, #6060, #6644 ),
 ( #113, #4481, #6681, #5807 ),
 ( #6310, #1448, #1413, #2376 ),
 ( #769, #5680, #3584, #4629 ),
 ( #803, #6823, #6859, #2950 ),
 ( #1348, #3017, #226, #4664 ),
 ( #6246, #2482, #259, #4701 ),
 ( #5133, #6792, #187, #4142 ),
 ( #5713, #4595, #5202, #1955 ),
 ( #6279, #4042, #4557, #2986 ),
 ( #5169, #2415, #295, #1985 ) ),
 .UNSPECIFIED., .F., .F., .F.,
 ( 4, 3, 2, 2, 2, 3, 4 ),
 ( 2, 1, 1, 2 ),
 ( -0.02332196372300286008, 0.000000000000000000, 0.2500000000000000000, 0.5000000000000000000, 0.7500000000000000000, 1.000000000000000000, 1.023321963723000660 ),
 ( -0.05286915988836125846, 0.000000000000000000, 1.000000000000000000, 1.133889140538346219 ),
 .UNSPECIFIED. ) ;
#5032 = VECTOR ( 'NONE', #397, 1000.000000000000000 ) ;
#5033 = ORIENTED_EDGE ( 'NONE', *, *, #1463, .T. ) ;
#5034 = ORIENTED_EDGE ( 'NONE', *, *, #4737, .F. ) ;
#5035 = CARTESIAN_POINT ( 'NONE',  ( 25.09015867685011258, -77.00000000000004263, 7.814572120449271075 ) ) ;
#5036 = CARTESIAN_POINT ( 'NONE',  ( -25.61808094222631382, -74.52905181747028962, 9.510542914005679194 ) ) ;
#5037 = CARTESIAN_POINT ( 'NONE',  ( -8.663213787788860643, -65.28131343656117735, 2.545555259625706501 ) ) ;
#5038 = CARTESIAN_POINT ( 'NONE',  ( 38.50000000000000000, 35.00000000000000711, 1.450000000000001732 ) ) ;
#5039 = CARTESIAN_POINT ( 'NONE',  ( 19.37600169300808517, -73.37816383481056448, 5.352322132079581074 ) ) ;
#5040 = DIRECTION ( 'NONE',  ( -0.000000000000000000, -0.000000000000000000, -1.000000000000000000 ) ) ;
#5041 = AXIS2_PLACEMENT_3D ( 'NONE', #5004, #1257, #95 ) ;
#5042 = CARTESIAN_POINT ( 'NONE',  ( -22.35799744229856856, -74.68880879981821863, 12.50000000000000533 ) ) ;
#5043 = CARTESIAN_POINT ( 'NONE',  ( -39.99999999999997868, -46.31902001999193885, 32.07106781186548261 ) ) ;
#5044 = CARTESIAN_POINT ( 'NONE',  ( -13.64424412175135437, -31.63661590615784291, 21.50000000000000000 ) ) ;
#5045 = ORIENTED_EDGE ( 'NONE', *, *, #4816, .T. ) ;
#5046 = EDGE_LOOP ( 'NONE', ( #666, #3989, #1262, #6933 ) ) ;
#5047 = CARTESIAN_POINT ( 'NONE',  ( 3.113612652743705134, -77.00000000000007105, -4.905133212289968903 ) ) ;
#5048 = EDGE_CURVE ( 'NONE', #6155, #960, #843, .T. ) ;
#5049 = CARTESIAN_POINT ( 'NONE',  ( -21.99458211240166605, -63.60466166981186831, 4.702868308307798451 ) ) ;
#5050 = CARTESIAN_POINT ( 'NONE',  ( 12.07158440640609243, -74.24763276424278047, 23.57851183822649332 ) ) ;
#5051 = ORIENTED_EDGE ( 'NONE', *, *, #2205, .F. ) ;
#5052 = CARTESIAN_POINT ( 'NONE',  ( -11.31805765416919485, -59.40752366131756190, 24.94461461920064238 ) ) ;
#5053 = EDGE_CURVE ( 'NONE', #2774, #2643, #6470, .T. ) ;
#5054 = DIRECTION ( 'NONE',  ( 1.553732654557586955E-16, -1.000000000000000000, 0.000000000000000000 ) ) ;
#5055 = ADVANCED_FACE ( 'NONE', ( #1410 ), #5198, .F. ) ;
#5056 = CARTESIAN_POINT ( 'NONE',  ( 25.99999999999999645, -74.00000000000005684, 11.47189402370407940 ) ) ;
#5057 = CARTESIAN_POINT ( 'NONE',  ( 25.99999999999999645, -74.00000000000004263, 12.50000000000000000 ) ) ;
#5058 = CARTESIAN_POINT ( 'NONE',  ( -43.49999999999999289, -22.00000000000004263, 15.00000000000000178 ) ) ;
#5059 = CARTESIAN_POINT ( 'NONE',  ( -39.99999999999999289, 52.00000000000000711, 12.50000000000000000 ) ) ;
#5060 = CARTESIAN_POINT ( 'NONE',  ( -3.533437471247215189, -69.37357628177097979, 23.98553950884760511 ) ) ;
#5061 = ORIENTED_EDGE ( 'NONE', *, *, #6277, .T. ) ;
#5062 = CARTESIAN_POINT ( 'NONE',  ( -25.04793644628120219, -57.72388461084814537, -0.9262709168084000133 ) ) ;
#5063 = CARTESIAN_POINT ( 'NONE',  ( 21.90622993233748517, -67.68331193223092157, 15.19489206313962626 ) ) ;
#5064 = CARTESIAN_POINT ( 'NONE',  ( 21.52552370594082021, -60.68190193350985595, 7.027281616071225478 ) ) ;
#5065 = CARTESIAN_POINT ( 'NONE',  ( 6.253777446258334649, -73.18669722902987473, 0.2370283672762499849 ) ) ;
#5066 = CARTESIAN_POINT ( 'NONE',  ( -18.48490984221111333, -77.00000000000005684, 0.1719472068212826443 ) ) ;
#5067 = CARTESIAN_POINT ( 'NONE',  ( 0.000000000000000000, -74.00000000000004263, 12.50000000000000000 ) ) ;
#5068 = CARTESIAN_POINT ( 'NONE',  ( -16.43676526278834160, -72.51631201209259814, 21.43250329657646702 ) ) ;
#5069 = CIRCLE ( 'NONE', #5977, 1.700000000000000178 ) ;
#5070 = ORIENTED_EDGE ( 'NONE', *, *, #5350, .T. ) ;
#5071 = VERTEX_POINT ( 'NONE', #6307 ) ;
#5072 = CARTESIAN_POINT ( 'NONE',  ( -16.91644020938782589, -74.00000000000004263, 10.61028577838294318 ) ) ;
#5073 = CARTESIAN_POINT ( 'NONE',  ( 0.000000000000000000, -74.00000000000004263, 12.50000000000000000 ) ) ;
#5074 = CARTESIAN_POINT ( 'NONE',  ( -7.460633389138623173, -64.04827799675352651, 2.707478998034527073 ) ) ;
#5075 = B_SPLINE_CURVE_WITH_KNOTS ( 'NONE', 3,
 ( #5522, #611, #6638, #6674, #689, #1811, #3961, #1881, #5639, #2334, #220, #1771, #4036, #6240, #831, #1271, #3921, #1305, #2980, #763, #180, #1847, #5163, #6126 ),
 .UNSPECIFIED., .F., .F.,
 ( 4, 2, 2, 2, 2, 2, 2, 2, 2, 2, 2, 4 ),
 ( 0.000000000000000000, 0.002155259076362373537, 0.004310518152724747074, 0.005388147690905949021, 0.006465777229087150101, 0.008621036305449560067, 0.01077629538181196917, 0.01293155445817438000, 0.01400918399635557934, 0.01508681353453678042, 0.01616444307271798150, 0.01724207261089918258 ),
 .UNSPECIFIED. ) ;
#5076 = FACE_OUTER_BOUND ( 'NONE', #3470, .T. ) ;
#5077 = CARTESIAN_POINT ( 'NONE',  ( 20.20629099326297506, -65.21030849262018592, 4.670044145370024324 ) ) ;
#5078 = CARTESIAN_POINT ( 'NONE',  ( -1.994176767727225741, -74.00000000000007105, 25.46863352428627181 ) ) ;
#5079 = CARTESIAN_POINT ( 'NONE',  ( 13.52024464577579188, -77.00000000000004263, 17.89562333222268364 ) ) ;
#5080 = PLANE ( 'NONE',  #4991 ) ;
#5081 = FACE_OUTER_BOUND ( 'NONE', #65, .T. ) ;
#5082 = ORIENTED_EDGE ( 'NONE', *, *, #119, .T. ) ;
#5083 = ORIENTED_EDGE ( 'NONE', *, *, #2519, .F. ) ;
#5084 = CARTESIAN_POINT ( 'NONE',  ( -4.166666666666668739, -60.00000000000004263, 0.000000000000000000 ) ) ;
#5085 = CARTESIAN_POINT ( 'NONE',  ( -22.18281483921536079, -71.30739972975311503, 7.243795111362114625 ) ) ;
#5086 = CARTESIAN_POINT ( 'NONE',  ( 11.57340780627855636, -63.71752943154137938, 21.88148211149065858 ) ) ;
#5087 = VERTEX_POINT ( 'NONE', #359 ) ;
#5088 = CARTESIAN_POINT ( 'NONE',  ( 15.48328148753917155, -77.00000000000005684, 26.58917987456321441 ) ) ;
#5089 = DIRECTION ( 'NONE',  ( -0.000000000000000000, -0.000000000000000000, -1.000000000000000000 ) ) ;
#5090 = CARTESIAN_POINT ( 'NONE',  ( -0.001737809258973430472, -77.00000000000004263, 2.752149606933892212 ) ) ;
#5091 = CARTESIAN_POINT ( 'NONE',  ( -17.57257356311980701, -77.00000000000004263, 12.10213924728873103 ) ) ;
#5092 = LINE ( 'NONE', #5707, #6151 ) ;
#5093 = CARTESIAN_POINT ( 'NONE',  ( -21.61036000839350280, -74.08803984923666519, 17.36759788882802269 ) ) ;
#5094 = CARTESIAN_POINT ( 'NONE',  ( -3.787008615509871667, -73.23227564318897009, 25.06681985422528669 ) ) ;
#5095 = EDGE_CURVE ( 'NONE', #600, #6651, #6923, .T. ) ;
#5096 = ORIENTED_EDGE ( 'NONE', *, *, #2593, .F. ) ;
#5097 = FACE_OUTER_BOUND ( 'NONE', #3527, .T. ) ;
#5098 = CARTESIAN_POINT ( 'NONE',  ( 21.86567313722130734, -66.31929561350466429, 13.94421563588377744 ) ) ;
#5099 = CARTESIAN_POINT ( 'NONE',  ( 21.79673559039147435, -68.94074578141363929, 7.519885858640433796 ) ) ;
#5100 = CARTESIAN_POINT ( 'NONE',  ( -2.663525710726544649, -75.82052035252168309, -0.9326974585644765003 ) ) ;
#5101 = CARTESIAN_POINT ( 'NONE',  ( -34.80285880850082947, 57.52622896530738927, 24.93602518284147962 ) ) ;
#5102 = PLANE ( 'NONE',  #731 ) ;
#5103 = CARTESIAN_POINT ( 'NONE',  ( -20.28134915541054184, -61.25205026237706107, 21.12731395478954255 ) ) ;
#5104 = EDGE_LOOP ( 'NONE', ( #4074, #6437, #4585 ) ) ;
#5105 = ORIENTED_EDGE ( 'NONE', *, *, #1591, .F. ) ;
#5106 = CARTESIAN_POINT ( 'NONE',  ( -9.539679826134481289, -77.00000000000004263, 5.201381551879643794 ) ) ;
#5107 = CARTESIAN_POINT ( 'NONE',  ( -39.99999999999999289, 55.00000000000000711, 12.50000000000000000 ) ) ;
#5108 = CARTESIAN_POINT ( 'NONE',  ( -11.57340780628373800, -63.71752943154085358, 3.118517888509932057 ) ) ;
#5109 = CARTESIAN_POINT ( 'NONE',  ( 15.27812424975102523, -60.60375690166185336, 3.526809579186695132 ) ) ;
#5110 = CARTESIAN_POINT ( 'NONE',  ( 3.951497889048792178, -74.00000000000001421, 25.28363329766069967 ) ) ;
#5111 = PLANE ( 'NONE',  #2750 ) ;
#5112 = LINE ( 'NONE', #1364, #1812 ) ;
#5113 = CARTESIAN_POINT ( 'NONE',  ( -0.001737809258973430472, -74.00000000000004263, 1.252149606933893100 ) ) ;
#5114 = ORIENTED_EDGE ( 'NONE', *, *, #4373, .F. ) ;
#5115 = ORIENTED_EDGE ( 'NONE', *, *, #3764, .F. ) ;
#5116 = CARTESIAN_POINT ( 'NONE',  ( -6.153061036717902610, -77.00000000000004263, -4.534633527336366043 ) ) ;
#5117 = VECTOR ( 'NONE', #4208, 1000.000000000000000 ) ;
#5118 = CARTESIAN_POINT ( 'NONE',  ( -21.87108249875914368, -64.91994676489269978, 5.054285436626206440 ) ) ;
#5119 = ADVANCED_BREP_SHAPE_REPRESENTATION ( 'palm_and_wrist_v1', ( #4027, #1667, #1877 ), #4360 ) ;
#5120 = CARTESIAN_POINT ( 'NONE',  ( 17.37213960546203495, -61.66124922455717439, 21.29636851022270250 ) ) ;
#5121 = B_SPLINE_CURVE_WITH_KNOTS ( 'NONE', 3,
 ( #2854, #5036, #2316, #2812 ),
 .UNSPECIFIED., .F., .F.,
 ( 4, 4 ),
 ( 0.000000000000000000, 0.001604119846120624941 ),
 .UNSPECIFIED. ) ;
#5122 = ORIENTED_EDGE ( 'NONE', *, *, #5138, .F. ) ;
#5123 = CIRCLE ( 'NONE', #6960, 2.500000000000002220 ) ;
#5124 = CARTESIAN_POINT ( 'NONE',  ( 24.69838774608264487, -77.00000000000004263, 17.96896974108565814 ) ) ;
#5125 = CARTESIAN_POINT ( 'NONE',  ( 36.79999999999999716, -44.31902001999193175, 0.000000000000000000 ) ) ;
#5126 = CARTESIAN_POINT ( 'NONE',  ( -10.51036262537818189, -77.00000000000005684, 28.52300336853637219 ) ) ;
#5127 = CARTESIAN_POINT ( 'NONE',  ( 12.28923492230222969, -77.00000000000004263, 6.410860613719626677 ) ) ;
#5128 = DIRECTION ( 'NONE',  ( 1.330321911110254514E-16, -1.000000000000000000, 0.000000000000000000 ) ) ;
#5129 = CARTESIAN_POINT ( 'NONE',  ( -5.982619982728325070, -70.60936813190379269, 24.09924317944676631 ) ) ;
#5130 = AXIS2_PLACEMENT_3D ( 'NONE', #2037, #1397, #1938 ) ;
#5131 =( BOUNDED_CURVE ( )  B_SPLINE_CURVE ( 3, ( #1673, #157, #3972, #3822 ),
 .UNSPECIFIED., .F., .F. ) 
 B_SPLINE_CURVE_WITH_KNOTS ( ( 4, 4 ),
 ( 0.1626755490932013659, 0.3246323907991540691 ),
 .UNSPECIFIED. ) 
 CURVE ( )  GEOMETRIC_REPRESENTATION_ITEM ( )  RATIONAL_B_SPLINE_CURVE ( ( 1.000000000000000000, 0.9978153593261908094, 0.9978153593261908094, 1.000000000000000000 ) ) 
 REPRESENTATION_ITEM ( '' )  );
#5132 = ORIENTED_EDGE ( 'NONE', *, *, #432, .F. ) ;
#5133 = CARTESIAN_POINT ( 'NONE',  ( -24.62304033231382761, -77.89877571810217205, 17.71604793273155920 ) ) ;
#5134 = AXIS2_PLACEMENT_3D ( 'NONE', #426, #4861, #1977 ) ;
#5135 = CARTESIAN_POINT ( 'NONE',  ( 21.84127280223649592, -74.27744919116916833, 8.435182956424563727 ) ) ;
#5136 = AXIS2_PLACEMENT_3D ( 'NONE', #4976, #29, #3369 ) ;
#5137 = EDGE_CURVE ( 'NONE', #6869, #3386, #2294, .T. ) ;
#5138 = EDGE_CURVE ( 'NONE', #6614, #913, #1507, .T. ) ;
#5139 = CARTESIAN_POINT ( 'NONE',  ( -3.295216011141083978, -65.51333405750557404, 2.094966004735447029 ) ) ;
#5140 = DIRECTION ( 'NONE',  ( -1.330321911110254514E-16, 1.000000000000000000, 0.000000000000000000 ) ) ;
#5141 = FACE_OUTER_BOUND ( 'NONE', #2936, .T. ) ;
#5142 = CARTESIAN_POINT ( 'NONE',  ( -16.90495914153436630, -68.43015586813822893, 21.07471919102151503 ) ) ;
#5143 = CONICAL_SURFACE ( 'NONE', #3076, 3.149999999999999911, 0.7853981633974477239 ) ;
#5144 = ORIENTED_EDGE ( 'NONE', *, *, #2082, .T. ) ;
#5145 = VERTEX_POINT ( 'NONE', #1949 ) ;
#5146 = CARTESIAN_POINT ( 'NONE',  ( 24.57973960995906637, -77.89877571810218626, 17.79237427219956302 ) ) ;
#5147 = CARTESIAN_POINT ( 'NONE',  ( -15.46319894975089149, -71.30465808082719548, 3.214975973819854005 ) ) ;
#5148 = EDGE_CURVE ( 'NONE', #1808, #5168, #1982, .T. ) ;
#5149 = CARTESIAN_POINT ( 'NONE',  ( 14.75455560224874141, -72.71560398440709605, 2.748387238328835913 ) ) ;
#5150 = DIRECTION ( 'NONE',  ( -1.000000000000000000, 0.000000000000000000, 0.000000000000000000 ) ) ;
#5151 = EDGE_CURVE ( 'NONE', #949, #6093, #6346, .T. ) ;
#5152 = CARTESIAN_POINT ( 'NONE',  ( 11.97183421273592607, -77.00000000000004263, 18.75203154520151827 ) ) ;
#5153 = DIRECTION ( 'NONE',  ( 0.000000000000000000, 0.000000000000000000, 1.000000000000000000 ) ) ;
#5154 = CARTESIAN_POINT ( 'NONE',  ( 16.91644020938783299, -77.00000000000004263, 14.38971422161703195 ) ) ;
#5155 = EDGE_LOOP ( 'NONE', ( #2150, #1717, #2923 ) ) ;
#5156 = CARTESIAN_POINT ( 'NONE',  ( 5.123743942441834953, -59.40752366131755480, 0.1484374267530808034 ) ) ;
#5157 = CARTESIAN_POINT ( 'NONE',  ( -21.17831476564905913, -62.43326305248168495, 4.238331918962485290 ) ) ;
#5158 = ADVANCED_FACE ( 'NONE', ( #5771 ), #3085, .T. ) ;
#5159 = CARTESIAN_POINT ( 'NONE',  ( 18.39193494246478977, -62.84777645490358111, 21.06545984769321578 ) ) ;
#5160 = VERTEX_POINT ( 'NONE', #3547 ) ;
#5161 = CARTESIAN_POINT ( 'NONE',  ( 19.70145298269380163, -59.40752366131756190, 25.12392667309017824 ) ) ;
#5162 = CARTESIAN_POINT ( 'NONE',  ( 17.74748603729677043, -74.00000000000004263, 12.49999999999993783 ) ) ;
#5163 = CARTESIAN_POINT ( 'NONE',  ( 43.49999999999999289, 39.99999999999999289, 15.36743297695953814 ) ) ;
#5164 = CARTESIAN_POINT ( 'NONE',  ( 13.44849748091324493, -77.00000000000004263, 7.059009957411558567 ) ) ;
#5165 = CARTESIAN_POINT ( 'NONE',  ( 22.31747927760338968, -74.00000000000004263, 12.50000000000002309 ) ) ;
#5166 = CARTESIAN_POINT ( 'NONE',  ( 38.50000000000000000, -44.31902001999193175, 32.07106781186548261 ) ) ;
#5167 = CARTESIAN_POINT ( 'NONE',  ( 2.151706176896822864, -64.25312548112331967, 22.58579453294709793 ) ) ;
#5168 = VERTEX_POINT ( 'NONE', #1308 ) ;
#5169 = CARTESIAN_POINT ( 'NONE',  ( -24.49313816524951903, -77.89877571810217205, 17.94502695113562396 ) ) ;
#5170 = CARTESIAN_POINT ( 'NONE',  ( 9.903622830633143082, -74.00000000000007105, -2.925568438097751134 ) ) ;
#5171 = VECTOR ( 'NONE', #5928, 1000.000000000000000 ) ;
#5172 = CARTESIAN_POINT ( 'NONE',  ( 22.02978123891413631, -69.10913334228273186, 12.50000000000005151 ) ) ;
#5173 = CARTESIAN_POINT ( 'NONE',  ( 1.025945117527643502, -61.69730467760457060, 3.149037330901175213 ) ) ;
#5174 = CARTESIAN_POINT ( 'NONE',  ( 38.50000000000000000, -44.31902001999193175, 0.000000000000000000 ) ) ;
#5175 = CARTESIAN_POINT ( 'NONE',  ( -22.26282804101700208, -74.00000000000001421, 14.13969916464930598 ) ) ;
#5176 = CARTESIAN_POINT ( 'NONE',  ( -12.40954253034910693, -62.29188862515664482, 21.65636224252864395 ) ) ;
#5177 = ORIENTED_EDGE ( 'NONE', *, *, #2653, .T. ) ;
#5178 = ORIENTED_EDGE ( 'NONE', *, *, #3681, .F. ) ;
#5179 = DIRECTION ( 'NONE',  ( 1.000000000000000000, 0.000000000000000000, 0.000000000000000000 ) ) ;
#5180 = CARTESIAN_POINT ( 'NONE',  ( -11.91968504268727003, -66.34290924762004238, 2.812409298354552778 ) ) ;
#5181 = CARTESIAN_POINT ( 'NONE',  ( 12.87369410322691898, -72.87848905995939219, 1.984722892000599259 ) ) ;
#5182 = CARTESIAN_POINT ( 'NONE',  ( 22.31747927760338968, -74.00000000000004263, 12.50000000000002309 ) ) ;
#5183 = DIRECTION ( 'NONE',  ( -0.000000000000000000, -0.000000000000000000, -1.000000000000000000 ) ) ;
#5184 = CARTESIAN_POINT ( 'NONE',  ( -24.99999999999998579, -60.00000000000003553, 25.00000000000000000 ) ) ;
#5185 = CARTESIAN_POINT ( 'NONE',  ( 17.57257356311983898, -74.00000000000004263, 12.89786075271123345 ) ) ;
#5186 = EDGE_CURVE ( 'NONE', #3162, #5367, #1444, .T. ) ;
#5187 = ORIENTED_EDGE ( 'NONE', *, *, #3205, .F. ) ;
#5188 = APPLICATION_CONTEXT ( 'automotive_design' ) ;
#5189 = DIRECTION ( 'NONE',  ( -0.000000000000000000, -0.000000000000000000, -1.000000000000000000 ) ) ;
#5190 = CARTESIAN_POINT ( 'NONE',  ( 17.52823973179477690, -64.31115118018668397, 21.05189729705953283 ) ) ;
#5191 = CARTESIAN_POINT ( 'NONE',  ( 11.17054101212911021, -77.00000000000004263, 19.13247705448238634 ) ) ;
#5192 = ORIENTED_EDGE ( 'NONE', *, *, #2641, .F. ) ;
#5193 = DIRECTION ( 'NONE',  ( -0.000000000000000000, -0.000000000000000000, -1.000000000000000000 ) ) ;
#5194 = CARTESIAN_POINT ( 'NONE',  ( 14.44428175279541193, -59.40752366131756190, 25.00776252446869563 ) ) ;
#5195 = CARTESIAN_POINT ( 'NONE',  ( -16.92525316627764198, -74.00000000000002842, 14.37078502964678250 ) ) ;
#5196 = CARTESIAN_POINT ( 'NONE',  ( -21.26438105746390406, -77.00000000000002842, 22.59608503586355610 ) ) ;
#5197 = CARTESIAN_POINT ( 'NONE',  ( 22.16687723080956474, -71.43976520450500800, 12.50000000000000355 ) ) ;
#5198 = CYLINDRICAL_SURFACE ( 'NONE', #7100, 1.499999999999997780 ) ;
#5199 = CARTESIAN_POINT ( 'NONE',  ( 4.387663523999944637, -65.48795790200200884, 22.85255542920146610 ) ) ;
#5200 = EDGE_CURVE ( 'NONE', #4688, #1063, #2516, .T. ) ;
#5201 = ORIENTED_EDGE ( 'NONE', *, *, #6133, .F. ) ;
#5202 = CARTESIAN_POINT ( 'NONE',  ( -25.00000000000000000, -60.00000000000003553, 25.19434969769167409 ) ) ;
#5203 = CARTESIAN_POINT ( 'NONE',  ( -9.903622830633143082, -74.00000000000005684, -2.925568438097750690 ) ) ;
#5204 = CARTESIAN_POINT ( 'NONE',  ( 22.08557058925519456, -73.15632792968901299, 9.708022813253649019 ) ) ;
#5205 = CARTESIAN_POINT ( 'NONE',  ( -1.100871088935106101, -65.55132282175969749, 2.015502582620257055 ) ) ;
#5206 = CARTESIAN_POINT ( 'NONE',  ( -25.65675389976340881, -77.00000000000004263, 9.665712661770610836 ) ) ;
#5207 = CARTESIAN_POINT ( 'NONE',  ( 38.50000000000000000, 35.00000000000000711, 32.07106781186548261 ) ) ;
#5208 = CARTESIAN_POINT ( 'NONE',  ( -12.09388970174604516, -59.65327292268785442, 21.46791384707758965 ) ) ;
#5209 = EDGE_CURVE ( 'NONE', #5952, #6309, #3049, .T. ) ;
#5210 = VERTEX_POINT ( 'NONE', #4103 ) ;
#5211 = AXIS2_PLACEMENT_3D ( 'NONE', #6847, #319, #3572 ) ;
#5212 = ORIENTED_EDGE ( 'NONE', *, *, #4844, .T. ) ;
#5213 = CARTESIAN_POINT ( 'NONE',  ( 24.86611085946165645, -57.72388461084813827, 14.73437165402762616 ) ) ;
#5214 = CARTESIAN_POINT ( 'NONE',  ( -15.14209366962191616, -68.66774532492067351, 3.330733884462299343 ) ) ;
#5215 = CARTESIAN_POINT ( 'NONE',  ( 13.26306052945027503, -60.85841037245304364, 3.475356423283397334 ) ) ;
#5216 = CARTESIAN_POINT ( 'NONE',  ( -39.57568602117949297, -45.63907676637784050, 2.056705095140159756 ) ) ;
#5217 = CARTESIAN_POINT ( 'NONE',  ( -10.68616235950701387, -77.00000000000004263, 19.34184003423202469 ) ) ;
#5218 = VERTEX_POINT ( 'NONE', #4591 ) ;
#5219 = CYLINDRICAL_SURFACE ( 'NONE', #5469, 1.700000000000000178 ) ;
#5220 = EDGE_CURVE ( 'NONE', #4117, #3623, #1697, .T. ) ;
#5221 = EDGE_CURVE ( 'NONE', #2808, #6614, #800, .T. ) ;
#5222 = CARTESIAN_POINT ( 'NONE',  ( 18.08336275767607759, -73.62313620486348498, 20.55715903639956821 ) ) ;
#5223 = ORIENTED_EDGE ( 'NONE', *, *, #5269, .F. ) ;
#5224 = VECTOR ( 'NONE', #2738, 1000.000000000000000 ) ;
#5225 = CARTESIAN_POINT ( 'NONE',  ( 8.707446609726103404, -74.00000000000004263, 20.07538306592696387 ) ) ;
#5226 = VERTEX_POINT ( 'NONE', #2446 ) ;
#5227 = VECTOR ( 'NONE', #5140, 1000.000000000000000 ) ;
#5228 = PLANE ( 'NONE',  #5211 ) ;
#5229 = CARTESIAN_POINT ( 'NONE',  ( 10.28067891613575568, -59.40752366131756190, 24.92542558894318816 ) ) ;
#5230 = CARTESIAN_POINT ( 'NONE',  ( 0.04993461369900922125, -74.00000000000005684, 21.49896894007319759 ) ) ;
#5231 = DIRECTION ( 'NONE',  ( 1.330321911110254514E-16, -1.000000000000000000, 0.000000000000000000 ) ) ;
#5232 = CARTESIAN_POINT ( 'NONE',  ( 22.71486306426912805, -68.60577254357339427, 6.600827837745030457 ) ) ;
#5233 = CARTESIAN_POINT ( 'NONE',  ( -21.70351098139956747, -63.56253896453502250, 12.50000000000000355 ) ) ;
#5234 = CARTESIAN_POINT ( 'NONE',  ( -38.07318701948120321, 47.96908665882717315, 1.098546035830369583 ) ) ;
#5235 = CARTESIAN_POINT ( 'NONE',  ( -4.474131881382578832E-12, -73.25935911006995127, 25.25156691394157349 ) ) ;
#5236 = VECTOR ( 'NONE', #5415, 999.9999999999998863 ) ;
#5237 = ORIENTED_EDGE ( 'NONE', *, *, #4387, .T. ) ;
#5238 = CARTESIAN_POINT ( 'NONE',  ( -13.64424412175135437, -31.63661590615784291, 3.499999999999999556 ) ) ;
#5239 = CARTESIAN_POINT ( 'NONE',  ( 7.207149817911436607, -74.00000000000004263, 28.50752230741288784 ) ) ;
#5240 = CARTESIAN_POINT ( 'NONE',  ( -1.025945117527705452, -61.69730467760458481, 3.149037330901175213 ) ) ;
#5241 = CARTESIAN_POINT ( 'NONE',  ( -38.49999999999998579, -44.31902001999193175, 0.000000000000000000 ) ) ;
#5242 = FACE_BOUND ( 'NONE', #4018, .T. ) ;
#5243 = CARTESIAN_POINT ( 'NONE',  ( -13.29205878516015282, -75.48242817883382827, 23.36047188764402804 ) ) ;
#5244 = LINE ( 'NONE', #6739, #2601 ) ;
#5245 = VERTEX_POINT ( 'NONE', #2478 ) ;
#5246 = AXIS2_PLACEMENT_3D ( 'NONE', #782, #4607, #2282 ) ;
#5247 = ORIENTED_EDGE ( 'NONE', *, *, #6720, .T. ) ;
#5248 = CARTESIAN_POINT ( 'NONE',  ( 25.42438655634696687, -77.00000000000005684, 8.717090104463979472 ) ) ;
#5249 = CARTESIAN_POINT ( 'NONE',  ( -16.69887295139431416, -74.00000000000004263, 14.82144251774741939 ) ) ;
#5250 = CARTESIAN_POINT ( 'NONE',  ( 11.57340780628368115, -63.71752943154085358, 3.118517888509924507 ) ) ;
#5251 = FACE_OUTER_BOUND ( 'NONE', #1258, .T. ) ;
#5252 = FACE_OUTER_BOUND ( 'NONE', #5104, .T. ) ;
#5253 = CONICAL_SURFACE ( 'NONE', #1941, 3.149999999999999911, 0.7853981633974477239 ) ;
#5254 = ORIENTED_EDGE ( 'NONE', *, *, #6734, .T. ) ;
#5255 = CARTESIAN_POINT ( 'NONE',  ( 17.45018966862840770, -62.98620020237193273, 21.17413290364111944 ) ) ;
#5256 = CARTESIAN_POINT ( 'NONE',  ( 3.104680774522969866, -74.00000000000004263, 21.19885091066131366 ) ) ;
#5258 = VERTEX_POINT ( 'NONE', #4069 ) ;
#5257 = AXIS2_PLACEMENT_3D ( 'NONE', #1670, #4807, #6973 ) ;
#5259 = ADVANCED_FACE ( 'NONE', ( #5802, #6274 ), #900, .T. ) ;
#5260 = CARTESIAN_POINT ( 'NONE',  ( -25.99999999999999289, -77.00000000000005684, 13.53429071612910484 ) ) ;
#5261 = LINE ( 'NONE', #1587, #3225 ) ;
#5262 = CARTESIAN_POINT ( 'NONE',  ( -43.49999999999998579, -49.31902001999193175, 10.00000000000000000 ) ) ;
#5263 = CARTESIAN_POINT ( 'NONE',  ( 43.50000000000000000, 40.00000000000000711, 25.00000000000000000 ) ) ;
#5264 = CARTESIAN_POINT ( 'NONE',  ( 38.50000000000000000, 35.00000000000000711, 3.499999999999999556 ) ) ;
#5265 = CARTESIAN_POINT ( 'NONE',  ( 0.000000000000000000, -74.00000000000004263, 12.50000000000000000 ) ) ;
#5266 = CARTESIAN_POINT ( 'NONE',  ( 39.99999999999999289, 33.00000000000000711, 32.07106781186548261 ) ) ;
#5267 = CONICAL_SURFACE ( 'NONE', #5501, 3.149999999999999911, 0.7853981633974477239 ) ;
#5268 = CARTESIAN_POINT ( 'NONE',  ( 3.372784145514447385, -66.80027103196000837, 23.26509272585565924 ) ) ;
#5269 = EDGE_CURVE ( 'NONE', #1347, #2350, #6529, .T. ) ;
#5270 = EDGE_LOOP ( 'NONE', ( #3460, #3326, #5061, #3106 ) ) ;
#5271 = CARTESIAN_POINT ( 'NONE',  ( -25.01247793074002601, -59.40752366131755480, 25.24110974515364703 ) ) ;
#5272 = LINE ( 'NONE', #4143, #6525 ) ;
#5273 = CARTESIAN_POINT ( 'NONE',  ( 1.465981454082143420, -74.00000000000005684, 29.11764705882352544 ) ) ;
#5274 = CARTESIAN_POINT ( 'NONE',  ( -6.253777446258406592, -73.18669722902988894, 0.2370283672762597271 ) ) ;
#5275 = CARTESIAN_POINT ( 'NONE',  ( 25.97137762890872992, -77.00000000000004263, 11.55117048470970431 ) ) ;
#5276 = DIRECTION ( 'NONE',  ( -0.000000000000000000, -0.000000000000000000, -1.000000000000000000 ) ) ;
#5277 = CARTESIAN_POINT ( 'NONE',  ( -16.15487841011902859, -69.87263062711213024, 21.38573772430408582 ) ) ;
#5278 = DIRECTION ( 'NONE',  ( -0.000000000000000000, 1.000000000000000000, -0.000000000000000000 ) ) ;
#5279 = ORIENTED_EDGE ( 'NONE', *, *, #4910, .F. ) ;
#5280 = VERTEX_POINT ( 'NONE', #633 ) ;
#5281 = CARTESIAN_POINT ( 'NONE',  ( 25.00000000000000000, -60.00000000000003553, 0.000000000000000000 ) ) ;
#5282 = CARTESIAN_POINT ( 'NONE',  ( -11.09144526588905499, -77.00000000000004263, 19.16766594912089872 ) ) ;
#5283 = CARTESIAN_POINT ( 'NONE',  ( 10.99701315223021680, -74.30314967266357939, 1.071572666251184192 ) ) ;
#5284 = CYLINDRICAL_SURFACE ( 'NONE', #2662, 1.700000000000000178 ) ;
#5285 = CARTESIAN_POINT ( 'NONE',  ( -7.349007215372918900, -77.00000000000004263, 20.45160604976723917 ) ) ;
#5286 = LINE ( 'NONE', #5760, #3717 ) ;
#5287 = ORIENTED_EDGE ( 'NONE', *, *, #1876, .T. ) ;
#5288 = VECTOR ( 'NONE', #2410, 1000.000000000000000 ) ;
#5289 = CARTESIAN_POINT ( 'NONE',  ( 43.50000000000000000, 40.00000000000000711, 12.50000000000000000 ) ) ;
#5290 = CARTESIAN_POINT ( 'NONE',  ( 35.56567687281823709, -44.31902001999193175, 0.2156768728182386907 ) ) ;
#5291 = CARTESIAN_POINT ( 'NONE',  ( 21.33260991109681015, -74.19553466293332633, 17.68190961480169676 ) ) ;
#5292 = CARTESIAN_POINT ( 'NONE',  ( -6.057925242327311999, -74.00000000000004263, 20.74926023434026234 ) ) ;
#5293 = VECTOR ( 'NONE', #6930, 1000.000000000000000 ) ;
#5294 = VERTEX_POINT ( 'NONE', #1141 ) ;
#5295 = CARTESIAN_POINT ( 'NONE',  ( 12.28923492230222969, -77.00000000000004263, 6.410860613719626677 ) ) ;
#5296 = CARTESIAN_POINT ( 'NONE',  ( 41.18165700094337467, 41.79110614945665247, 3.563243629598018103 ) ) ;
#5297 = CARTESIAN_POINT ( 'NONE',  ( -10.66813238574217948, -74.00000000000004263, 33.96922468514754456 ) ) ;
#5298 = CARTESIAN_POINT ( 'NONE',  ( 36.00000000000000711, 35.00000000000000711, 12.50000000000000000 ) ) ;
#5299 = PLANE ( 'NONE',  #653 ) ;
#5300 = DIRECTION ( 'NONE',  ( 0.000000000000000000, 0.000000000000000000, 1.000000000000000000 ) ) ;
#5301 = DIRECTION ( 'NONE',  ( -1.000000000000000000, 0.000000000000000000, 0.000000000000000000 ) ) ;
#5302 = CARTESIAN_POINT ( 'NONE',  ( 6.392915371066785646, -74.47483203011834973, 25.09501251141699996 ) ) ;
#5303 = UNCERTAINTY_MEASURE_WITH_UNIT (LENGTH_MEASURE( 1.000000000000000082E-05 ), #888, 'distance_accuracy_value', 'NONE');
#5304 = CARTESIAN_POINT ( 'NONE',  ( -37.36992017172345726, -42.22589803559702659, 0.7771575138359303470 ) ) ;
#5305 = CARTESIAN_POINT ( 'NONE',  ( 33.50000000000000711, -49.31902001999208096, 0.000000000000000000 ) ) ;
#5306 = CARTESIAN_POINT ( 'NONE',  ( 16.89247449991620087, -74.00000000000004263, 25.33587235157839501 ) ) ;
#5307 = CARTESIAN_POINT ( 'NONE',  ( -36.79999999999998295, 50.00000000000000711, 0.000000000000000000 ) ) ;
#5308 = CARTESIAN_POINT ( 'NONE',  ( -22.03065280364476664, -74.43074618791303010, 15.75838164972431166 ) ) ;
#5309 = EDGE_CURVE ( 'NONE', #1328, #686, #4172, .T. ) ;
#5310 = CARTESIAN_POINT ( 'NONE',  ( -15.62834065622645596, -72.62197729613052388, 21.84649361624949648 ) ) ;
#5311 = CARTESIAN_POINT ( 'NONE',  ( -21.49077775195246787, -59.52946844029275297, 3.500000000000001332 ) ) ;
#5312 = ORIENTED_EDGE ( 'NONE', *, *, #6237, .T. ) ;
#5313 = ORIENTED_EDGE ( 'NONE', *, *, #3080, .T. ) ;
#5314 = CARTESIAN_POINT ( 'NONE',  ( -22.91666666666666785, -60.00000000000004263, 0.000000000000000000 ) ) ;
#5315 = CARTESIAN_POINT ( 'NONE',  ( 21.54998219735391984, -63.34763145122733619, 20.68693560176450319 ) ) ;
#5316 = CARTESIAN_POINT ( 'NONE',  ( -16.89984342426829755, -74.00000000000004263, 14.42645200313927845 ) ) ;
#5317 = CARTESIAN_POINT ( 'NONE',  ( 11.86602652514683953, -72.94807336473665771, 1.625888798668324364 ) ) ;
#5318 = CARTESIAN_POINT ( 'NONE',  ( 24.53643888760429803, -77.89877571810218626, 17.86870061166757750 ) ) ;
#5319 = CARTESIAN_POINT ( 'NONE',  ( 25.86412541772606133, -77.00000000000004263, 10.43546977628480654 ) ) ;
#5320 = LINE ( 'NONE', #273, #882 ) ;
#5321 = ORIENTED_EDGE ( 'NONE', *, *, #2508, .F. ) ;
#5322 = CARTESIAN_POINT ( 'NONE',  ( -35.75006319104947750, 57.29430226006065396, 0.2510937161911291904 ) ) ;
#5323 = B_SPLINE_CURVE_WITH_KNOTS ( 'NONE', 3,
 ( #5559, #3847, #572, #6086, #6562, #4938, #67, #6710, #3408, #145, #2875, #2259, #1810, #4434, #725, #2298, #3810, #2333, #3960, #6636, #6598, #3919, #1190, #1226, #2759, #3447 ),
 .UNSPECIFIED., .F., .F.,
 ( 4, 1, 1, 1, 1, 1, 1, 1, 1, 1, 1, 1, 1, 1, 1, 1, 1, 1, 1, 1, 1, 1, 1, 4 ),
 ( 0.000000000000000000, 0.03087873511634200291, 0.04631801475396822576, 0.05402238461541632869, 0.06169324662917582275, 0.09254739011791489334, 0.1240856223315622425, 0.1866300689897053278, 0.2494491308974301214, 0.3117691226534092253, 0.3741943677961430681, 0.4989718173905515197, 0.6232916540513798731, 0.6860371091361596729, 0.7485041827910275947, 0.8113109658034501903, 0.8741274355311051680, 0.9055457400640205545, 0.9370222143904087808, 0.9449099059107401999, 0.9527778338882422204, 0.9571219776813888469, 0.9685184963899161614, 1.000000000000000000 ),
 .UNSPECIFIED. ) ;
#5324 = CARTESIAN_POINT ( 'NONE',  ( -41.74999999999997868, -46.28793110674639166, 12.50000000000000000 ) ) ;
#5325 = CARTESIAN_POINT ( 'NONE',  ( 35.76057540419580505, -45.26488599066117047, 0.2583500048603837307 ) ) ;
#5326 = CARTESIAN_POINT ( 'NONE',  ( 20.85644092540282202, -67.72281015937637960, 19.59329920667471825 ) ) ;
#5327 = CARTESIAN_POINT ( 'NONE',  ( -7.349007215372918900, -74.00000000000004263, 20.45160604976723917 ) ) ;
#5328 = ORIENTED_EDGE ( 'NONE', *, *, #57, .T. ) ;
#5329 = ORIENTED_EDGE ( 'NONE', *, *, #410, .T. ) ;
#5330 = CARTESIAN_POINT ( 'NONE',  ( -1.791487525089135779, -74.00000000000004263, 3.687517655318183429 ) ) ;
#5331 = CARTESIAN_POINT ( 'NONE',  ( -39.99999999999999289, 52.00000000000000711, 12.50000000000000000 ) ) ;
#5332 = CARTESIAN_POINT ( 'NONE',  ( -25.99999999999999645, -77.00000000000004263, 12.50000000000000000 ) ) ;
#5333 = CARTESIAN_POINT ( 'NONE',  ( -21.30246791587254407, -74.00000000000002842, 7.223467152940465930 ) ) ;
#5334 = DIRECTION ( 'NONE',  ( -1.553732654557586955E-16, 1.000000000000000000, 0.000000000000000000 ) ) ;
#5335 = CARTESIAN_POINT ( 'NONE',  ( -39.99999999999997868, -47.29829407782823836, 12.50000000000000000 ) ) ;
#5336 = CARTESIAN_POINT ( 'NONE',  ( -21.82699029441977245, -67.62219380102963839, 8.462514284079093230 ) ) ;
#5337 = CARTESIAN_POINT ( 'NONE',  ( 7.586107986130566694, -74.43935606453766241, 24.84134663880097804 ) ) ;
#5338 = VECTOR ( 'NONE', #1421, 1000.000000000000000 ) ;
#5339 = CARTESIAN_POINT ( 'NONE',  ( -23.96113957846802833, -77.77967650617954121, 19.15036738369989067 ) ) ;
#5340 = CARTESIAN_POINT ( 'NONE',  ( -21.49077775195247497, -59.52946844029274587, 21.50000000000000000 ) ) ;
#5341 = CARTESIAN_POINT ( 'NONE',  ( -39.99999999999997868, -22.00000000000004263, 8.500000000000000000 ) ) ;
#5342 = VECTOR ( 'NONE', #5848, 1000.000000000000000 ) ;
#5343 = DIRECTION ( 'NONE',  ( 0.000000000000000000, -1.000000000000000000, 0.000000000000000000 ) ) ;
#5344 = CARTESIAN_POINT ( 'NONE',  ( -21.96112556548721173, -73.06509426449423472, 16.21751706882080768 ) ) ;
#5345 = CARTESIAN_POINT ( 'NONE',  ( -9.544904344524299589, -71.76943932632204337, 23.75353156090939777 ) ) ;
#5346 = CARTESIAN_POINT ( 'NONE',  ( 25.74755384765396471, -74.00000000000007105, 14.55026536342871069 ) ) ;
#5347 = ORIENTED_EDGE ( 'NONE', *, *, #5720, .T. ) ;
#5348 = CARTESIAN_POINT ( 'NONE',  ( -14.44428175279541371, -59.40752366131756901, -0.007762524468696077422 ) ) ;
#5349 = ADVANCED_FACE ( 'NONE', ( #3647 ), #5267, .F. ) ;
#5350 = EDGE_CURVE ( 'NONE', #2340, #5853, #2973, .T. ) ;
#5351 = CARTESIAN_POINT ( 'NONE',  ( 40.20000000000000284, 35.00000000000000711, 0.000000000000000000 ) ) ;
#5352 = CARTESIAN_POINT ( 'NONE',  ( -15.53663826102322254, -77.00000000000004263, 16.29845140207862286 ) ) ;
#5353 = CARTESIAN_POINT ( 'NONE',  ( 8.830673512491053145, -66.58119540976501582, 2.288105989569319210 ) ) ;
#5354 = CARTESIAN_POINT ( 'NONE',  ( 24.86611085946165645, -57.72388461084815248, 10.26562834597240581 ) ) ;
#5355 = CARTESIAN_POINT ( 'NONE',  ( -20.91150306046393226, -74.33170794949781168, 18.13524269598293159 ) ) ;
#5356 = CIRCLE ( 'NONE', #6855, 1.499999999999999556 ) ;
#5357 = VERTEX_POINT ( 'NONE', #2083 ) ;
#5358 = CARTESIAN_POINT ( 'NONE',  ( -33.49999999999999289, 57.82297459836043885, 0.000000000000000000 ) ) ;
#5359 =( BOUNDED_SURFACE ( )  B_SPLINE_SURFACE ( 3, 1, ( 
 ( #3664, #2497 ),
 ( #4122, #5319 ),
 ( #6331, #5889 ),
 ( #2568, #2599 ) ),
 .UNSPECIFIED., .F., .F., .F. ) 
 B_SPLINE_SURFACE_WITH_KNOTS ( ( 4, 4 ),
 ( 2, 2 ),
 ( 0.000000000000000000, 1.000000000000000000 ),
 ( 0.000000000000000000, 1.000000000000000000 ),
 .UNSPECIFIED. ) 
 GEOMETRIC_REPRESENTATION_ITEM ( )  RATIONAL_B_SPLINE_SURFACE ( (
 ( 1.000000000000000000, 1.000000000000000000),
 ( 0.9973887364013664936, 0.9973887364013664936),
 ( 0.9973887364013664936, 0.9973887364013664936),
 ( 1.000000000000000000, 1.000000000000000000) ) ) 
 REPRESENTATION_ITEM ( '' )  SURFACE ( )  );
#5360 = ADVANCED_FACE ( 'NONE', ( #1521 ), #3992, .F. ) ;
#5361 = CARTESIAN_POINT ( 'NONE',  ( 40.20000000000162288, 34.99999999999752021, 2.576389018814386755 ) ) ;
#5362 = ADVANCED_FACE ( 'NONE', ( #4497 ), #5111, .F. ) ;
#5363 = CARTESIAN_POINT ( 'NONE',  ( -0.001737809258973246809, -74.00000000000004263, 22.25214960693389443 ) ) ;
#5364 = VECTOR ( 'NONE', #3794, 1000.000000000000000 ) ;
#5365 = B_SPLINE_CURVE_WITH_KNOTS ( 'NONE', 3,
 ( #2535, #3598, #6292, #6329, #955, #818, #851, #3030, #5216, #5786, #3068, #308, #344, #1968 ),
 .UNSPECIFIED., .F., .F.,
 ( 4, 2, 2, 2, 2, 2, 4 ),
 ( 0.002874735800375012151, 0.003218714759081874738, 0.003562693717788737325, 0.004250651635202469872, 0.004594630593909337229, 0.004938609552616202852, 0.005626567470029911547 ),
 .UNSPECIFIED. ) ;
#5366 = CARTESIAN_POINT ( 'NONE',  ( 21.03868674600561306, -65.06512762875739497, 20.13783520900314272 ) ) ;
#5367 = VERTEX_POINT ( 'NONE', #3908 ) ;
#5368 = ORIENTED_EDGE ( 'NONE', *, *, #2957, .F. ) ;
#5369 = CARTESIAN_POINT ( 'NONE',  ( 14.18721143106725080, -74.00000000000004263, 7.546083808394898895 ) ) ;
#5370 = CARTESIAN_POINT ( 'NONE',  ( 17.59175272264742063, -59.40752366131755480, -0.07664834569599798808 ) ) ;
#5371 = CARTESIAN_POINT ( 'NONE',  ( -43.38685996664257516, -14.00000000000004619, 8.500000000000000000 ) ) ;
#5372 = DIRECTION ( 'NONE',  ( -1.553732654557586955E-16, 1.000000000000000000, 0.000000000000000000 ) ) ;
#5373 = CARTESIAN_POINT ( 'NONE',  ( 25.42915597813463080, -77.00000000000004263, 16.26757818503818598 ) ) ;
#5374 = DIRECTION ( 'NONE',  ( -0.000000000000000000, -0.000000000000000000, -1.000000000000000000 ) ) ;
#5375 = CARTESIAN_POINT ( 'NONE',  ( 9.544904344516604411, -71.76943932632242706, 23.75353156091127715 ) ) ;
#5376 = CARTESIAN_POINT ( 'NONE',  ( -36.06990799082085886, -45.75250062034142218, 0.3348096118532760124 ) ) ;
#5377 = DIRECTION ( 'NONE',  ( -1.330321911110254514E-16, 1.000000000000000000, 0.000000000000000000 ) ) ;
#5378 = AXIS2_PLACEMENT_3D ( 'NONE', #4139, #1375, #4039 ) ;
#5379 = CARTESIAN_POINT ( 'NONE',  ( 11.19532094653785670, -74.00000000000004263, 27.57067206135896953 ) ) ;
#5380 = DIRECTION ( 'NONE',  ( -1.000000000000000000, 0.000000000000000000, 0.000000000000000000 ) ) ;
#5381 = CARTESIAN_POINT ( 'NONE',  ( -21.38470200533177845, -57.93327921616329235, 16.51196396955748114 ) ) ;
#5382 = CARTESIAN_POINT ( 'NONE',  ( -7.460633389141193561, -64.04827799675339861, 22.29252100196526598 ) ) ;
#5383 = CARTESIAN_POINT ( 'NONE',  ( -13.64424412175135437, -31.63661590615784291, 0.000000000000000000 ) ) ;
#5384 = VERTEX_POINT ( 'NONE', #6152 ) ;
#5385 = CARTESIAN_POINT ( 'NONE',  ( -16.54023072239565195, -59.40752366131756190, -0.05319528772024033347 ) ) ;
#5386 = DIRECTION ( 'NONE',  ( 1.000000000000000000, 0.000000000000000000, 0.000000000000000000 ) ) ;
#5387 = CARTESIAN_POINT ( 'NONE',  ( -24.53643888760428737, -77.89877571810217205, 7.131299388332387856 ) ) ;
#5388 = CARTESIAN_POINT ( 'NONE',  ( 11.27679019662755344, -69.04206929090250355, 2.231098337853525404 ) ) ;
#5389 = CARTESIAN_POINT ( 'NONE',  ( 25.00000000000000000, -60.00000000000003553, -0.1943496976917225283 ) ) ;
#5390 = CARTESIAN_POINT ( 'NONE',  ( -23.69861271698941252, -63.33778920024087000, 20.03807496465490701 ) ) ;
#5391 = EDGE_CURVE ( 'NONE', #2994, #5852, #4837, .T. ) ;
#5392 = ORIENTED_EDGE ( 'NONE', *, *, #6231, .F. ) ;
#5393 = CARTESIAN_POINT ( 'NONE',  ( 36.00000000000000000, -44.31902001999193175, 32.07106781186548261 ) ) ;
#5394 = DIRECTION ( 'NONE',  ( -1.553732654557586955E-16, 1.000000000000000000, 0.000000000000000000 ) ) ;
#5395 = DIRECTION ( 'NONE',  ( -1.000000000000000000, 0.000000000000000000, 0.000000000000000000 ) ) ;
#5396 =( NAMED_UNIT ( * ) SI_UNIT ( $, .STERADIAN. ) SOLID_ANGLE_UNIT ( ) );
#5397 = AXIS2_PLACEMENT_3D ( 'NONE', #4168, #1042, #934 ) ;
#5399 = ADVANCED_FACE ( 'NONE', ( #379 ), #5359, .T. ) ;
#5398 = CARTESIAN_POINT ( 'NONE',  ( 20.66132021254905027, -70.40707803175378388, 19.14315538318021837 ) ) ;
#5400 = CARTESIAN_POINT ( 'NONE',  ( 4.419071297124347097, -74.00000000000004263, 21.03651454970157886 ) ) ;
#5401 = EDGE_LOOP ( 'NONE', ( #4329, #1224, #5402 ) ) ;
#5402 = ORIENTED_EDGE ( 'NONE', *, *, #6133, .T. ) ;
#5403 = CARTESIAN_POINT ( 'NONE',  ( -4.419071297124348874, -77.00000000000004263, 3.963485450298413149 ) ) ;
#5404 = CARTESIAN_POINT ( 'NONE',  ( 23.04525864944429259, -77.77967650617952700, 4.433877112604966975 ) ) ;
#5405 = CARTESIAN_POINT ( 'NONE',  ( 40.00000000000000711, -42.31902001999193885, 21.50000000000000000 ) ) ;
#5406 = CARTESIAN_POINT ( 'NONE',  ( -16.16749892677276890, -59.15355580854741646, 3.449047782131304363 ) ) ;
#5407 = CARTESIAN_POINT ( 'NONE',  ( 38.06877872511233818, 32.99296202314970117, 1.102793281666574199 ) ) ;
#5408 = CARTESIAN_POINT ( 'NONE',  ( -38.68627997701627663, 48.31023677097565638, 1.450000000000001732 ) ) ;
#5409 = CARTESIAN_POINT ( 'NONE',  ( 8.429233349914529327, -71.81944725527577589, 24.01027416554806493 ) ) ;
#5410 = AXIS2_PLACEMENT_3D ( 'NONE', #3899, #6762, #2887 ) ;
#5411 = CARTESIAN_POINT ( 'NONE',  ( -20.83333333333334281, -60.00000000000004263, 25.00000000000000355 ) ) ;
#5412 = B_SPLINE_CURVE_WITH_KNOTS ( 'NONE', 3,
 ( #5504, #5541, #4956, #3980 ),
 .UNSPECIFIED., .F., .F.,
 ( 4, 4 ),
 ( 0.000000000000000000, 1.000000000000000000 ),
 .UNSPECIFIED. ) ;
#5413 = CARTESIAN_POINT ( 'NONE',  ( 21.33695582988259076, -74.50043390703677915, 2.499271944013598645 ) ) ;
#5414 = CARTESIAN_POINT ( 'NONE',  ( -28.68629150101522640, -14.00000000000004441, 12.50000000000000000 ) ) ;
#5415 = DIRECTION ( 'NONE',  ( 0.8571673007021104462, 1.049727191138616354E-16, -0.5150380749100574862 ) ) ;
#5416 = CARTESIAN_POINT ( 'NONE',  ( -21.85017999398597155, -70.31672918955352714, 17.06439910275246064 ) ) ;
#5417 = CARTESIAN_POINT ( 'NONE',  ( -10.90742652497382181, -66.43136156785152480, 22.37536116460464442 ) ) ;
#5418 = EDGE_CURVE ( 'NONE', #3631, #5218, #3599, .T. ) ;
#5419 = CARTESIAN_POINT ( 'NONE',  ( 11.83966574199023469, -60.14522726439830791, 21.50000000000000000 ) ) ;
#5420 = EDGE_LOOP ( 'NONE', ( #5815, #1087, #4743, #753 ) ) ;
#5421 = CARTESIAN_POINT ( 'NONE',  ( 38.50000000000000000, -44.31902001999193175, 32.07106781186548261 ) ) ;
#5422 = CARTESIAN_POINT ( 'NONE',  ( -25.00000000000000000, -60.00000000000003553, 8.333333333333330373 ) ) ;
#5423 = CARTESIAN_POINT ( 'NONE',  ( 6.680495825027521484, -66.69158337745504639, 2.017019997314847490 ) ) ;
#5424 = CARTESIAN_POINT ( 'NONE',  ( 25.44682351704894430, -77.89877571810220047, 8.957667168756634268 ) ) ;
#5425 = CARTESIAN_POINT ( 'NONE',  ( -22.19467755870298120, -60.99001297009025535, 21.03929699607161652 ) ) ;
#5426 = ORIENTED_EDGE ( 'NONE', *, *, #4447, .T. ) ;
#5427 = PLANE ( 'NONE',  #1602 ) ;
#5428 = DIRECTION ( 'NONE',  ( -1.000000000000000000, 0.000000000000000000, 0.000000000000000000 ) ) ;
#5429 = CARTESIAN_POINT ( 'NONE',  ( 20.75438224076946270, -69.06103987474888584, 5.648259332032808722 ) ) ;
#5430 = DIRECTION ( 'NONE',  ( -0.000000000000000000, -0.000000000000000000, -1.000000000000000000 ) ) ;
#5431 = CARTESIAN_POINT ( 'NONE',  ( 22.68280733127989279, -64.77638884399301844, 19.76324829489382395 ) ) ;
#5432 = ORIENTED_EDGE ( 'NONE', *, *, #2160, .T. ) ;
#5433 = ORIENTED_EDGE ( 'NONE', *, *, #984, .F. ) ;
#5434 = CARTESIAN_POINT ( 'NONE',  ( -3.542648928176295176, -77.00000000000004263, 3.848670233493463044 ) ) ;
#5435 = CARTESIAN_POINT ( 'NONE',  ( 25.00000000000000000, -60.00000000000003553, 0.000000000000000000 ) ) ;
#5436 = ADVANCED_FACE ( 'NONE', ( #5787 ), #3070, .F. ) ;
#5437 = EDGE_CURVE ( 'NONE', #4866, #2237, #6977, .T. ) ;
#5438 = CARTESIAN_POINT ( 'NONE',  ( -17.01169957695926627, -69.75792238870093342, 3.952078987501163709 ) ) ;
#5439 = CARTESIAN_POINT ( 'NONE',  ( 40.00000000000000711, -31.63661590615783581, 21.50000000000000000 ) ) ;
#5440 = DIRECTION ( 'NONE',  ( -1.330321911110254514E-16, 1.000000000000000000, 0.000000000000000000 ) ) ;
#5441 = CARTESIAN_POINT ( 'NONE',  ( 10.79845439490911652, -73.00638623421684770, 23.69480722936178907 ) ) ;
#5442 = EDGE_LOOP ( 'NONE', ( #277, #4967, #4440, #3525, #4733 ) ) ;
#5443 = CARTESIAN_POINT ( 'NONE',  ( 1.023709775831181723, -59.40752366131755480, 24.82574225332868423 ) ) ;
#5444 = CARTESIAN_POINT ( 'NONE',  ( 37.00875979902978230, 37.03352006284976738, 0.6338080546297272244 ) ) ;
#5445 = ADVANCED_FACE ( 'NONE', ( #5252 ), #4338, .F. ) ;
#5446 = DIRECTION ( 'NONE',  ( -0.000000000000000000, 0.000000000000000000, -1.000000000000000000 ) ) ;
#5447 = LINE ( 'NONE', #4281, #6048 ) ;
#5448 = DIRECTION ( 'NONE',  ( 0.000000000000000000, -0.000000000000000000, -1.000000000000000000 ) ) ;
#5449 = CARTESIAN_POINT ( 'NONE',  ( -21.66030707124193810, -68.84010077747097966, 18.71721882008842286 ) ) ;
#5450 = CARTESIAN_POINT ( 'NONE',  ( -10.79845439491661452, -73.00638623421642137, 23.69480722935953665 ) ) ;
#5451 = EDGE_LOOP ( 'NONE', ( #4028, #2274, #2366, #3950, #3884 ) ) ;
#5452 = CARTESIAN_POINT ( 'NONE',  ( -23.94592117670051934, -59.40752366131755480, -0.2182825254529404402 ) ) ;
#5453 = VECTOR ( 'NONE', #5231, 1000.000000000000000 ) ;
#5454 = LINE ( 'NONE', #6463, #5942 ) ;
#5455 = CARTESIAN_POINT ( 'NONE',  ( -26.05286915988835617, -77.89877571810214363, 13.39560750896158936 ) ) ;
#5456 = CARTESIAN_POINT ( 'NONE',  ( 2.311779167570958027, -68.10947604262460686, 1.298788072419336803 ) ) ;
#5457 = DIRECTION ( 'NONE',  ( 0.000000000000000000, 0.000000000000000000, 1.000000000000000000 ) ) ;
#5458 = CARTESIAN_POINT ( 'NONE',  ( 25.00000000000000000, -60.00000000000003553, 25.00000000000000000 ) ) ;
#5459 = CARTESIAN_POINT ( 'NONE',  ( -21.87108249875939237, -64.91994676489268556, 19.94571456337374116 ) ) ;
#5460 = ORIENTED_EDGE ( 'NONE', *, *, #5634, .T. ) ;
#5461 = VECTOR ( 'NONE', #2709, 1000.000000000000000 ) ;
#5462 = EDGE_LOOP ( 'NONE', ( #2610, #4125, #2531, #4229 ) ) ;
#5463 = DIRECTION ( 'NONE',  ( -1.553732654557586955E-16, 1.000000000000000000, 0.000000000000000000 ) ) ;
#5464 = CARTESIAN_POINT ( 'NONE',  ( 40.20000000000162288, -44.31902001999442575, 2.576389018814377874 ) ) ;
#5465 = CARTESIAN_POINT ( 'NONE',  ( -8.089018239127184984, -69.23299569846629709, 1.566009693047237805 ) ) ;
#5466 = CARTESIAN_POINT ( 'NONE',  ( 17.37213960546786495, -61.66124922455636437, 3.703631489777674091 ) ) ;
#5467 = CARTESIAN_POINT ( 'NONE',  ( -39.99999999999997868, -42.31902001999192464, 12.50000000000000000 ) ) ;
#5468 = CARTESIAN_POINT ( 'NONE',  ( -21.66030707124193100, -68.84010077747099388, 6.282781179911550495 ) ) ;
#5469 = AXIS2_PLACEMENT_3D ( 'NONE', #4232, #315, #2005 ) ;
#5470 = LINE ( 'NONE', #3212, #2652 ) ;
#5471 = DIRECTION ( 'NONE',  ( 1.000000000000000000, 0.000000000000000000, -0.000000000000000000 ) ) ;
#5472 = ORIENTED_EDGE ( 'NONE', *, *, #7060, .T. ) ;
#5473 = ORIENTED_EDGE ( 'NONE', *, *, #5048, .F. ) ;
#5474 = CARTESIAN_POINT ( 'NONE',  ( 17.12334204847207175, -77.00000000000004263, 11.08030481609432805 ) ) ;
#5475 = CARTESIAN_POINT ( 'NONE',  ( -40.19999999999998863, 50.00000000000000711, 0.000000000000000000 ) ) ;
#5476 = COLOUR_RGB ( '',0.7921568627450980005, 0.8196078431372548767, 0.9333333333333333481 ) ;
#5477 = VECTOR ( 'NONE', #4241, 1000.000000000000000 ) ;
#5478 = CARTESIAN_POINT ( 'NONE',  ( -19.41421314457589986, -74.71882411939905921, 5.447530586489886417 ) ) ;
#5479 = CARTESIAN_POINT ( 'NONE',  ( 12.47728117658323121, -70.26858166246493909, 22.67693432148069732 ) ) ;
#5480 = VECTOR ( 'NONE', #2811, 1000.000000000000000 ) ;
#5481 = EDGE_CURVE ( 'NONE', #966, #1388, #2413, .T. ) ;
#5482 = ORIENTED_EDGE ( 'NONE', *, *, #5709, .F. ) ;
#5483 = CARTESIAN_POINT ( 'NONE',  ( -20.29450952261448649, -77.00000000000004263, 23.47366074862152630 ) ) ;
#5484 = DIRECTION ( 'NONE',  ( 0.000000000000000000, 0.000000000000000000, 1.000000000000000000 ) ) ;
#5485 = CARTESIAN_POINT ( 'NONE',  ( 21.46863767636524400, -58.51329956842960911, 3.500000000000000000 ) ) ;
#5486 = DIRECTION ( 'NONE',  ( 1.000000000000000000, 0.000000000000000000, 0.000000000000000000 ) ) ;
#5487 = FACE_OUTER_BOUND ( 'NONE', #5420, .T. ) ;
#5488 = CARTESIAN_POINT ( 'NONE',  ( -33.49999999999997868, -55.09252271188820771, 0.000000000000000000 ) ) ;
#5489 = CARTESIAN_POINT ( 'NONE',  ( -10.11872895088941426, -75.65164016630447463, 24.54142838813838878 ) ) ;
#5490 = B_SPLINE_CURVE_WITH_KNOTS ( 'NONE', 3,
 ( #5870, #5839, #2014, #4169 ),
 .UNSPECIFIED., .F., .F.,
 ( 4, 4 ),
 ( 0.000000000000000000, 0.001604119846120649227 ),
 .UNSPECIFIED. ) ;
#5491 = ADVANCED_FACE ( 'NONE', ( #272 ), #6362, .T. ) ;
#5492 = VECTOR ( 'NONE', #5940, 1000.000000000000000 ) ;
#5493 = ORIENTED_EDGE ( 'NONE', *, *, #5590, .F. ) ;
#5494 = CARTESIAN_POINT ( 'NONE',  ( -9.473671620594124931, -60.27453931948101484, 3.500000000000004441 ) ) ;
#5495 = CARTESIAN_POINT ( 'NONE',  ( 21.95376938277075496, -70.39147122819601066, 15.92652482287988036 ) ) ;
#5496 = CARTESIAN_POINT ( 'NONE',  ( -24.51858991215564032, -77.00000000000004263, 18.32856540893968500 ) ) ;
#5497 = CARTESIAN_POINT ( 'NONE',  ( 5.031986813491622357, -73.21417747167436119, 0.05520225494638937580 ) ) ;
#5498 = CARTESIAN_POINT ( 'NONE',  ( 16.90064299168663098, -77.00000000000004263, -0.8185036918928266791 ) ) ;
#5499 = CARTESIAN_POINT ( 'NONE',  ( 25.05344282515679311, -57.72388461084813827, 26.13562917073670633 ) ) ;
#5500 = CARTESIAN_POINT ( 'NONE',  ( -19.95714967683403884, -73.24561891123785529, 19.19714112739362477 ) ) ;
#5501 = AXIS2_PLACEMENT_3D ( 'NONE', #6420, #394, #5002 ) ;
#5502 = ORIENTED_EDGE ( 'NONE', *, *, #5220, .F. ) ;
#5503 = VERTEX_POINT ( 'NONE', #4158 ) ;
#5504 = CARTESIAN_POINT ( 'NONE',  ( 25.65639081652326325, -75.58666007263673237, 15.33569234972115325 ) ) ;
#5505 = CARTESIAN_POINT ( 'NONE',  ( -25.00000000000000000, -60.00000000000003553, 12.50000000000000000 ) ) ;
#5506 = CARTESIAN_POINT ( 'NONE',  ( -9.869050018731400087, -66.50627848880837689, 2.456372412482155543 ) ) ;
#5507 = B_SPLINE_CURVE_WITH_KNOTS ( 'NONE', 3,
 ( #2795, #3811, #1738, #6015 ),
 .UNSPECIFIED., .F., .F.,
 ( 4, 4 ),
 ( -3.580632689860876393E-05, 0.007266650978911590175 ),
 .UNSPECIFIED. ) ;
#5508 = CARTESIAN_POINT ( 'NONE',  ( -33.49999999999997868, -55.09252271188820771, 0.000000000000000000 ) ) ;
#5509 = CARTESIAN_POINT ( 'NONE',  ( 17.90361883932754949, -70.96178679348828666, 4.350608930347230618 ) ) ;
#5510 = DIRECTION ( 'NONE',  ( -1.000000000000000000, 0.000000000000000000, 0.000000000000000000 ) ) ;
#5511 = CARTESIAN_POINT ( 'NONE',  ( -21.48422781333783504, -65.98746284367686599, 3.861169138781065602 ) ) ;
#5512 = CARTESIAN_POINT ( 'NONE',  ( -25.99999999999999645, -74.00000000000004263, 12.50000000000000000 ) ) ;
#5513 = VERTEX_POINT ( 'NONE', #5823 ) ;
#5514 = ORIENTED_EDGE ( 'NONE', *, *, #1376, .F. ) ;
#5515 = PLANE ( 'NONE',  #331 ) ;
#5516 = CARTESIAN_POINT ( 'NONE',  ( 25.01247793074002601, -59.40752366131754769, -0.2411097451536484970 ) ) ;
#5517 = CARTESIAN_POINT ( 'NONE',  ( -17.12844472315430977, -71.08428455837787396, 3.966783005298625930 ) ) ;
#5518 = CARTESIAN_POINT ( 'NONE',  ( 12.73566226849898797, -64.92609557773894835, 21.87234969953002306 ) ) ;
#5519 = EDGE_LOOP ( 'NONE', ( #3495, #716, #233, #4902 ) ) ;
#5520 = CARTESIAN_POINT ( 'NONE',  ( 1.580536642169203754, -77.77967650617955542, 30.22931661946455861 ) ) ;
#5521 = CARTESIAN_POINT ( 'NONE',  ( 25.99999999999999645, -77.00000000000004263, 12.49999999999999822 ) ) ;
#5522 = CARTESIAN_POINT ( 'NONE',  ( 33.49999999999999289, 46.94257740174915483, 25.00000000000000000 ) ) ;
#5523 = DIRECTION ( 'NONE',  ( -0.000000000000000000, -0.000000000000000000, -1.000000000000000000 ) ) ;
#5524 = CARTESIAN_POINT ( 'NONE',  ( -21.49077775195247497, -59.52946844029274587, 21.50000000000000000 ) ) ;
#5525 = FACE_OUTER_BOUND ( 'NONE', #225, .T. ) ;
#5526 = CARTESIAN_POINT ( 'NONE',  ( -3.701768748733038628, -71.94610929385696352, 24.70637563750135257 ) ) ;
#5527 = AXIS2_PLACEMENT_3D ( 'NONE', #3556, #810, #5748 ) ;
#5528 = VERTEX_POINT ( 'NONE', #921 ) ;
#5529 = LINE ( 'NONE', #616, #1486 ) ;
#5530 = CARTESIAN_POINT ( 'NONE',  ( 21.86567313722130734, -66.31929561350466429, 12.49999999999999467 ) ) ;
#5531 = CARTESIAN_POINT ( 'NONE',  ( -25.42438655634697042, -77.00000000000007105, 16.28290989553602230 ) ) ;
#5532 = B_SPLINE_CURVE_WITH_KNOTS ( 'NONE', 3,
 ( #621, #2805, #80, #2310 ),
 .UNSPECIFIED., .F., .F.,
 ( 4, 4 ),
 ( -3.580632689860748999E-05, 0.007266650978911604920 ),
 .UNSPECIFIED. ) ;
#5533 = ADVANCED_FACE ( 'NONE', ( #1675 ), #3203, .F. ) ;
#5534 = CARTESIAN_POINT ( 'NONE',  ( 6.147684072932968924, -61.51178609825758059, 3.242251638369024747 ) ) ;
#5535 = CARTESIAN_POINT ( 'NONE',  ( -40.29163740468732158, 56.04031433949710106, 22.34702482787787758 ) ) ;
#5536 = CARTESIAN_POINT ( 'NONE',  ( 40.19999999999999574, -44.31902001999193175, 17.00000000000000000 ) ) ;
#5537 = CARTESIAN_POINT ( 'NONE',  ( -18.62848327787551028, -70.82933304791941964, 20.26853944902365967 ) ) ;
#5538 = CARTESIAN_POINT ( 'NONE',  ( 22.26297994216943010, -74.00000000000001421, 14.14065933730817903 ) ) ;
#5539 = EDGE_LOOP ( 'NONE', ( #4350, #20, #3593, #6357 ) ) ;
#5540 = ORIENTED_EDGE ( 'NONE', *, *, #7023, .T. ) ;
#5541 = CARTESIAN_POINT ( 'NONE',  ( 25.65450741097551202, -76.05772344625638937, 15.34341221457805027 ) ) ;
#5542 = CARTESIAN_POINT ( 'NONE',  ( 24.55971631608542083, -77.00000000000004263, 18.24631260108012043 ) ) ;
#5543 = CARTESIAN_POINT ( 'NONE',  ( -5.723047528791969540, -68.03024231983873449, 1.563647561549925458 ) ) ;
#5544 = DIRECTION ( 'NONE',  ( -0.4999999999999951150, 0.8660254037844414832, 0.000000000000000000 ) ) ;
#5545 = CARTESIAN_POINT ( 'NONE',  ( 16.59877520423604835, -64.44795414221226793, 3.783204325597007145 ) ) ;
#5546 = CARTESIAN_POINT ( 'NONE',  ( 22.31747927760339323, -74.00000000000007105, 11.67947506471718278 ) ) ;
#5547 = CARTESIAN_POINT ( 'NONE',  ( -22.03065280364475242, -74.43074618791303010, 9.241618350275675908 ) ) ;
#5548 = DIRECTION ( 'NONE',  ( -0.000000000000000000, -0.000000000000000000, -1.000000000000000000 ) ) ;
#5549 = ORIENTED_EDGE ( 'NONE', *, *, #2788, .T. ) ;
#5550 = ORIENTED_EDGE ( 'NONE', *, *, #1062, .T. ) ;
#5551 = FACE_OUTER_BOUND ( 'NONE', #84, .T. ) ;
#5552 = CARTESIAN_POINT ( 'NONE',  ( 11.80860400651024023, -77.00000000000002842, -3.121530360221613787 ) ) ;
#5553 = CARTESIAN_POINT ( 'NONE',  ( -15.14727413305061710, -59.28230574988928936, 3.475588738778846221 ) ) ;
#5554 = FACE_OUTER_BOUND ( 'NONE', #5519, .T. ) ;
#5555 = CARTESIAN_POINT ( 'NONE',  ( 13.41580861794756530, -62.18003986183606457, 21.58073926321307212 ) ) ;
#5556 = VECTOR ( 'NONE', #6302, 1000.000000000000114 ) ;
#5557 = ORIENTED_EDGE ( 'NONE', *, *, #1070, .F. ) ;
#5558 = CARTESIAN_POINT ( 'NONE',  ( 1.041666666666664298, -60.00000000000003553, 25.00000000000000000 ) ) ;
#5559 = CARTESIAN_POINT ( 'NONE',  ( -17.74748603729673491, -74.00000000000004263, 12.50000000000002132 ) ) ;
#5560 = DIRECTION ( 'NONE',  ( -0.000000000000000000, -0.000000000000000000, -1.000000000000000000 ) ) ;
#5561 = CARTESIAN_POINT ( 'NONE',  ( -10.76563052743995819, -77.00000000000004263, 5.691588591280465792 ) ) ;
#5562 = CARTESIAN_POINT ( 'NONE',  ( -23.01859292597439222, -77.00000000000004263, 4.234710843336616293 ) ) ;
#5563 = CARTESIAN_POINT ( 'NONE',  ( 21.61611099357896038, -67.99776948918233188, 19.19405787351524850 ) ) ;
#5564 = CARTESIAN_POINT ( 'NONE',  ( -1.050078833151141477, -62.98197739232296044, 22.22880758519244182 ) ) ;
#5565 = ORIENTED_EDGE ( 'NONE', *, *, #3503, .F. ) ;
#5566 = CARTESIAN_POINT ( 'NONE',  ( 4.735963003153017326, -60.45436733241223948, 3.500000000000012879 ) ) ;
#5567 = CARTESIAN_POINT ( 'NONE',  ( 22.19388934060534169, -71.89897107103318774, 13.53972074844510587 ) ) ;
#5568 = CARTESIAN_POINT ( 'NONE',  ( -21.23287851239886237, -74.00000000000004263, 2.400147823057243279 ) ) ;
#5569 = CARTESIAN_POINT ( 'NONE',  ( 2.542030417520437791, -73.25037381470374953, -0.1888419633977531653 ) ) ;
#5570 = CARTESIAN_POINT ( 'NONE',  ( -41.59201483308451941, 55.63439321018439898, 20.88449239959138382 ) ) ;
#5571 = CARTESIAN_POINT ( 'NONE',  ( -28.68629150101522640, -22.00000000000004263, 12.50000000000000000 ) ) ;
#5572 = CARTESIAN_POINT ( 'NONE',  ( -18.47641731381849084, -65.49812926359442145, 20.73899176588735926 ) ) ;
#5573 = AXIS2_PLACEMENT_3D ( 'NONE', #714, #1256, #5729 ) ;
#5574 = EDGE_CURVE ( 'NONE', #122, #3413, #4499, .T. ) ;
#5575 = ORIENTED_EDGE ( 'NONE', *, *, #3517, .F. ) ;
#5576 = AXIS2_PLACEMENT_3D ( 'NONE', #392, #3149, #3082 ) ;
#5577 = ADVANCED_FACE ( 'NONE', ( #5920 ), #2794, .F. ) ;
#5578 = VERTEX_POINT ( 'NONE', #2862 ) ;
#5579 = CARTESIAN_POINT ( 'NONE',  ( -17.39766108894287555, -74.00000000000004263, 11.70427849457745140 ) ) ;
#5580 = CARTESIAN_POINT ( 'NONE',  ( -25.65639081652328457, -75.58666007263670394, 9.664307650278930240 ) ) ;
#5581 = CARTESIAN_POINT ( 'NONE',  ( -9.178538056489202290, -69.17762740539771471, 1.769552079191959670 ) ) ;
#5582 = DIRECTION ( 'NONE',  ( -0.8660254037844414832, -0.4999999999999951150, 0.000000000000000000 ) ) ;
#5583 = CARTESIAN_POINT ( 'NONE',  ( 19.95227071348784875, -74.59342137206448342, 5.929295154358908526 ) ) ;
#5584 = CARTESIAN_POINT ( 'NONE',  ( -13.64424412175135437, -31.63661590615784291, 3.500000000000000000 ) ) ;
#5585 = AXIS2_PLACEMENT_3D ( 'NONE', #3782, #3372, #108 ) ;
#5586 = CARTESIAN_POINT ( 'NONE',  ( -22.19388934060635776, -71.89897107105051077, 11.46027925155545368 ) ) ;
#5587 = CARTESIAN_POINT ( 'NONE',  ( -21.64607475027653294, -76.00069313373441560, 22.19513932382985288 ) ) ;
#5588 = CARTESIAN_POINT ( 'NONE',  ( 9.856188008252054544, -74.00000000000004263, 33.43510881908979826 ) ) ;
#5589 = EDGE_LOOP ( 'NONE', ( #2671, #5247, #1676, #6552, #4150, #5970 ) ) ;
#5590 = EDGE_CURVE ( 'NONE', #6882, #2970, #3432, .T. ) ;
#5591 = ORIENTED_EDGE ( 'NONE', *, *, #3838, .T. ) ;
#5592 = CARTESIAN_POINT ( 'NONE',  ( 6.153061036717899945, -77.00000000000004263, -4.534633527336366932 ) ) ;
#5593 = CARTESIAN_POINT ( 'NONE',  ( -20.85644092540767502, -67.72281015937539905, 5.406700793327160248 ) ) ;
#5594 = CARTESIAN_POINT ( 'NONE',  ( 11.23915983427735732, -61.08773618665491512, 21.58964989766154829 ) ) ;
#5595 = AXIS2_PLACEMENT_3D ( 'NONE', #6512, #2244, #4381 ) ;
#5596 = ADVANCED_FACE ( 'NONE', ( #19 ), #6154, .T. ) ;
#5597 = ORIENTED_EDGE ( 'NONE', *, *, #3912, .T. ) ;
#5598 =( BOUNDED_SURFACE ( )  B_SPLINE_SURFACE ( 3, 1, ( 
 ( #7099, #5521 ),
 ( #2187, #6164 ),
 ( #6014, #2793 ),
 ( #2833, #1737 ) ),
 .UNSPECIFIED., .F., .F., .T. ) 
 B_SPLINE_SURFACE_WITH_KNOTS ( ( 4, 4 ),
 ( 2, 2 ),
 ( 0.000000000000000000, 1.000000000000000000 ),
 ( 0.000000000000000000, 1.000000000000000000 ),
 .UNSPECIFIED. ) 
 GEOMETRIC_REPRESENTATION_ITEM ( )  RATIONAL_B_SPLINE_SURFACE ( (
 ( 1.000000000000000000, 1.000000000000000000),
 ( 0.9973887364014043522, 0.9973887364014043522),
 ( 0.9973887364014043522, 0.9973887364014043522),
 ( 1.000000000000000000, 1.000000000000000000) ) ) 
 REPRESENTATION_ITEM ( '' )  SURFACE ( )  );
#5599 = CARTESIAN_POINT ( 'NONE',  ( 5.208333333333327708, -60.00000000000004263, 25.00000000000000000 ) ) ;
#5600 = DIRECTION ( 'NONE',  ( 0.000000000000000000, 0.000000000000000000, 1.000000000000000000 ) ) ;
#5601 = CARTESIAN_POINT ( 'NONE',  ( 25.59826332794495940, -74.00000000000004263, 9.435546880694470673 ) ) ;
#5602 = CARTESIAN_POINT ( 'NONE',  ( -17.39766108894287555, -77.00000000000004263, 11.70427849457745140 ) ) ;
#5603 = DIRECTION ( 'NONE',  ( 0.000000000000000000, 0.000000000000000000, 1.000000000000000000 ) ) ;
#5604 = CARTESIAN_POINT ( 'NONE',  ( -37.90170002548828876, 52.05164843455874291, 1.018737140434405219 ) ) ;
#5605 = AXIS2_PLACEMENT_3D ( 'NONE', #6105, #47, #2204 ) ;
#5606 = CARTESIAN_POINT ( 'NONE',  ( -3.874401005429210620, -74.51824075969165051, 25.42731841442370921 ) ) ;
#5607 = ORIENTED_EDGE ( 'NONE', *, *, #432, .T. ) ;
#5608 = DIRECTION ( 'NONE',  ( 0.000000000000000000, 0.000000000000000000, 1.000000000000000000 ) ) ;
#5609 = CARTESIAN_POINT ( 'NONE',  ( 21.85017999398574062, -70.31672918953836415, 17.06439910275371474 ) ) ;
#5610 = CARTESIAN_POINT ( 'NONE',  ( 21.85017999398596800, -70.31672918955344187, 7.935600897247535812 ) ) ;
#5611 = CARTESIAN_POINT ( 'NONE',  ( 1.155144159076604948, -68.12066825119647717, 1.259812750432975692 ) ) ;
#5612 = CARTESIAN_POINT ( 'NONE',  ( 18.48537151916505294, -77.00000000000007105, 0.1722596341975858314 ) ) ;
#5613 = FACE_BOUND ( 'NONE', #6680, .T. ) ;
#5614 = CLOSED_SHELL ( 'NONE', ( #4287, #6587, #5436, #2542, #2906, #3592, #5158, #6497, #4454, #4746, #3848, #5360, #1300, #6264, #4286, #1385, #2907, #2592, #4828, #2649, #4581, #2339, #7011, #5753, #3118, #1032, #3955, #6239, #4429, #4153, #3039, #4656, #5669, #3479, #5734, #4982, #6090, #5596, #2822, #5349, #627, #6594, #5789, #3119, #213, #4947, #1553, #534, #6900, #3433, #275, #6856, #362, #5399, #1906, #6536, #3281, #6201, #889, #5626, #1022 ) ) ;
#5615 = CARTESIAN_POINT ( 'NONE',  ( -19.33368021630773370, -62.70935270743424894, 20.95678679174458026 ) ) ;
#5616 = AXIS2_PLACEMENT_3D ( 'NONE', #3489, #5714, #6793 ) ;
#5617 = ORIENTED_EDGE ( 'NONE', *, *, #5961, .F. ) ;
#5618 = ORIENTED_EDGE ( 'NONE', *, *, #6679, .F. ) ;
#5619 = CARTESIAN_POINT ( 'NONE',  ( -17.13529237767748370, -77.00000000000004263, 11.10748736551051152 ) ) ;
#5620 = FACE_OUTER_BOUND ( 'NONE', #2873, .T. ) ;
#5621 = CARTESIAN_POINT ( 'NONE',  ( -6.969807528041333633, -69.27658572128450487, 1.399229640918740580 ) ) ;
#5622 = CARTESIAN_POINT ( 'NONE',  ( 24.99999999999999289, -60.00000000000004263, 12.49999999999999289 ) ) ;
#5623 = CARTESIAN_POINT ( 'NONE',  ( 18.62848327787482461, -70.82933304791954754, 4.731460550975986834 ) ) ;
#5624 = DIRECTION ( 'NONE',  ( -0.000000000000000000, 1.000000000000000000, -0.000000000000000000 ) ) ;
#5625 = AXIS2_PLACEMENT_3D ( 'NONE', #5044, #2748, #6586 ) ;
#5626 = ADVANCED_FACE ( 'NONE', ( #1686, #1103 ), #3286, .T. ) ;
#5627 = CARTESIAN_POINT ( 'NONE',  ( 16.77618712260962042, -77.00000000000004263, 14.68277962994324604 ) ) ;
#5628 = DIRECTION ( 'NONE',  ( 0.8660254037844414832, 0.4999999999999951150, -0.000000000000000000 ) ) ;
#5629 = CARTESIAN_POINT ( 'NONE',  ( -33.49999999999998579, -14.00000000000004086, 10.00000000000000000 ) ) ;
#5630 = ORIENTED_EDGE ( 'NONE', *, *, #5937, .T. ) ;
#5631 = EDGE_LOOP ( 'NONE', ( #2360, #5679, #4983, #4000, #886 ) ) ;
#5632 = CARTESIAN_POINT ( 'NONE',  ( 14.49753548012704663, -77.77967650617952700, -2.237910305713642245 ) ) ;
#5633 = CARTESIAN_POINT ( 'NONE',  ( -22.85399449926993753, -63.46710176150025262, 4.836687081528934229 ) ) ;
#5634 = EDGE_CURVE ( 'NONE', #2751, #1878, #4384, .T. ) ;
#5635 = CARTESIAN_POINT ( 'NONE',  ( 14.69845667716508153, -64.70285421305116813, 21.54780278696450679 ) ) ;
#5636 = ORIENTED_EDGE ( 'NONE', *, *, #1563, .F. ) ;
#5637 = CARTESIAN_POINT ( 'NONE',  ( 14.31858073156626432, -77.00000000000005684, 27.13977319463090865 ) ) ;
#5638 = CARTESIAN_POINT ( 'NONE',  ( 36.00000000000000000, -44.31902001999193175, 12.50000000000000000 ) ) ;
#5639 = CARTESIAN_POINT ( 'NONE',  ( 38.50082855496698642, 43.71764210858024313, 23.66533323957087731 ) ) ;
#5640 = CARTESIAN_POINT ( 'NONE',  ( 7.349007215372866497, -77.00000000000004263, 4.548393950232755500 ) ) ;
#5641 = CARTESIAN_POINT ( 'NONE',  ( 37.55362533867280916, -46.41397485974791692, 0.8564355096969261671 ) ) ;
#5642 = CARTESIAN_POINT ( 'NONE',  ( -37.54812080864866175, 52.09543508411444890, 0.8539208627094363457 ) ) ;
#5643 = CARTESIAN_POINT ( 'NONE',  ( -4.290821192242231241, -64.19883379175493587, 22.50490886598004181 ) ) ;
#5644 = ORIENTED_EDGE ( 'NONE', *, *, #2859, .F. ) ;
#5645 = CARTESIAN_POINT ( 'NONE',  ( -25.56370021568288919, -59.40752366131754769, -0.2529074035104684204 ) ) ;
#5646 = CARTESIAN_POINT ( 'NONE',  ( 22.02978123891332629, -69.10913334226890470, 12.49999999999999822 ) ) ;
#5647 = CARTESIAN_POINT ( 'NONE',  ( 21.37334883214525405, -57.94978242721177963, 12.50000000000007816 ) ) ;
#5648 = CARTESIAN_POINT ( 'NONE',  ( -1.155144159076681554, -68.12066825119647717, 1.259812750432978357 ) ) ;
#5649 = DIRECTION ( 'NONE',  ( -0.000000000000000000, -0.000000000000000000, -1.000000000000000000 ) ) ;
#5650 = LINE ( 'NONE', #5571, #607 ) ;
#5651 = EDGE_CURVE ( 'NONE', #3893, #2785, #2436, .T. ) ;
#5652 = CARTESIAN_POINT ( 'NONE',  ( -18.19431433158347033, -74.95105543725273378, 20.52709593518186182 ) ) ;
#5653 = CIRCLE ( 'NONE', #6219, 2.500000000000002220 ) ;
#5654 = ORIENTED_EDGE ( 'NONE', *, *, #1107, .T. ) ;
#5655 = ORIENTED_EDGE ( 'NONE', *, *, #719, .T. ) ;
#5656 = CARTESIAN_POINT ( 'NONE',  ( 40.19999999999968310, -44.54951085987516279, 2.576389018812720089 ) ) ;
#5657 = CARTESIAN_POINT ( 'NONE',  ( -10.72991679976133916, -65.12387115130508164, 2.817763656496432123 ) ) ;
#5658 = CARTESIAN_POINT ( 'NONE',  ( 14.41339608955873608, -62.05684481836784983, 3.495086951526467978 ) ) ;
#5659 = CARTESIAN_POINT ( 'NONE',  ( 21.61464733046765119, -73.99999999998109956, 17.38692913434001497 ) ) ;
#5660 = CARTESIAN_POINT ( 'NONE',  ( 10.76563052743998838, -77.00000000000004263, 19.30841140871952888 ) ) ;
#5661 = CARTESIAN_POINT ( 'NONE',  ( -0.001737809258973246809, -74.00000000000004263, -0.2478503930661067611 ) ) ;
#5662 = CARTESIAN_POINT ( 'NONE',  ( 39.99999999999999289, 40.00000000000000711, 12.50000000000000000 ) ) ;
#5663 = ORIENTED_EDGE ( 'NONE', *, *, #6845, .F. ) ;
#5664 = ORIENTED_EDGE ( 'NONE', *, *, #526, .T. ) ;
#5665 = CARTESIAN_POINT ( 'NONE',  ( -1.041666666666675622, -60.00000000000003553, 0.000000000000000000 ) ) ;
#5666 = CARTESIAN_POINT ( 'NONE',  ( -20.28389709185468703, -59.94163017455245068, 3.581668788960619132 ) ) ;
#5667 = CARTESIAN_POINT ( 'NONE',  ( 16.58733917319099760, -73.83630048751443553, 21.46541367104177311 ) ) ;
#5668 = ORIENTED_EDGE ( 'NONE', *, *, #5822, .F. ) ;
#5669 = ADVANCED_FACE ( 'NONE', ( #5081 ), #170, .T. ) ;
#5670 = EDGE_CURVE ( 'NONE', #3471, #1838, #573, .T. ) ;
#5671 = CARTESIAN_POINT ( 'NONE',  ( 15.66787898838769166, -77.77967650617955542, 26.66206494587440190 ) ) ;
#5672 = CARTESIAN_POINT ( 'NONE',  ( 17.00496165596803522, -74.00000000000002842, 14.19096710980056564 ) ) ;
#5673 = CARTESIAN_POINT ( 'NONE',  ( -5.372568474672840821, -77.00000000000004263, 29.63785257936904216 ) ) ;
#5674 = CARTESIAN_POINT ( 'NONE',  ( -12.36694661346231250, -77.00000000000004263, 6.452058793034661122 ) ) ;
#5675 = DIRECTION ( 'NONE',  ( -0.000000000000000000, -0.000000000000000000, -1.000000000000000000 ) ) ;
#5676 = CARTESIAN_POINT ( 'NONE',  ( -2.311779167574719906, -68.10947604262452160, 23.70121192758049133 ) ) ;
#5677 = B_SPLINE_CURVE_WITH_KNOTS ( 'NONE', 3,
 ( #6375, #427, #595, #2615, #2242, #4825, #1006, #4759, #2113, #2778, #391, #2546, #2576, #935, #1479, #3739, #972, #50, #7024, #4272, #3644, #4727, #3148, #6954, #2046, #5935, #3706, #4793, #5899, #4207, #6919, #6990, #6483, #4961, #5333, #3113 ),
 .UNSPECIFIED., .F., .F.,
 ( 4, 2, 2, 2, 2, 2, 2, 2, 2, 2, 2, 2, 2, 2, 2, 2, 2, 4 ),
 ( 0.0009032307561715733658, 0.003866167305732784790, 0.005347635580513392453, 0.006829103855293998382, 0.009792040404855220648, 0.01275497695441644118, 0.01571791350397766171, 0.01868085005353888745, 0.02460672315266132851, 0.02608819142744193964, 0.02756965970222254730, 0.03053259625178376957, 0.03645846935090621410, 0.03942140590046743637, 0.04238434245002865863, 0.04534727899958988090, 0.04682874727437049550, 0.04831021554915110316 ),
 .UNSPECIFIED. ) ;
#5678 = EDGE_CURVE ( 'NONE', #1285, #5722, #2212, .T. ) ;
#5679 = ORIENTED_EDGE ( 'NONE', *, *, #4202, .F. ) ;
#5680 = CARTESIAN_POINT ( 'NONE',  ( -25.99999999999999645, -77.00000000000000000, 13.45524841108365877 ) ) ;
#5681 = CARTESIAN_POINT ( 'NONE',  ( 21.37918666975486559, -58.04902566657506924, 12.49999999999999822 ) ) ;
#5682 = CARTESIAN_POINT ( 'NONE',  ( 21.70156503552970761, -63.52945788474725930, 10.86114661483753174 ) ) ;
#5683 = CARTESIAN_POINT ( 'NONE',  ( -4.808524193031195715, -70.63984312410728705, 0.7531337960000095144 ) ) ;
#5684 = CARTESIAN_POINT ( 'NONE',  ( -25.99999999999999645, -77.00000000000004263, 12.50000000000000000 ) ) ;
#5685 = CARTESIAN_POINT ( 'NONE',  ( -25.65675389976340881, -77.00000000000004263, 9.665712661770610836 ) ) ;
#5686 = CARTESIAN_POINT ( 'NONE',  ( -18.08336275768093770, -73.62313620486263233, 20.55715903639636011 ) ) ;
#5687 = ORIENTED_EDGE ( 'NONE', *, *, #1564, .T. ) ;
#5688 = ORIENTED_EDGE ( 'NONE', *, *, #410, .F. ) ;
#5689 = FACE_OUTER_BOUND ( 'NONE', #1860, .T. ) ;
#5690 = CARTESIAN_POINT ( 'NONE',  ( -15.14362717295568395, -75.33455881345446414, 2.537462897320606814 ) ) ;
#5691 = CARTESIAN_POINT ( 'NONE',  ( 13.88707766829062429, -66.14005630105647526, 3.209436607803310526 ) ) ;
#5692 = CARTESIAN_POINT ( 'NONE',  ( 21.86031693758775774, -74.00000000000004263, 8.406283724167643356 ) ) ;
#5693 = CARTESIAN_POINT ( 'NONE',  ( 15.26720647818633658, -77.00000000000004263, 16.55106062549155865 ) ) ;
#5694 = CARTESIAN_POINT ( 'NONE',  ( 17.39766108894290397, -77.00000000000004263, 13.29572150542252551 ) ) ;
#5695 = ORIENTED_EDGE ( 'NONE', *, *, #2518, .F. ) ;
#5696 = CARTESIAN_POINT ( 'NONE',  ( 7.181129364893386047, -59.40752366131755480, 0.1238092911977994454 ) ) ;
#5697 = AXIS2_PLACEMENT_3D ( 'NONE', #3910, #6115, #1216 ) ;
#5698 = CARTESIAN_POINT ( 'NONE',  ( -21.29784547859674149, -58.51582098852973246, 3.225702537110072043 ) ) ;
#5699 = CARTESIAN_POINT ( 'NONE',  ( 18.47641731381230201, -65.49812926359541621, 20.73899176588881588 ) ) ;
#5700 = ORIENTED_EDGE ( 'NONE', *, *, #7002, .T. ) ;
#5701 = ORIENTED_EDGE ( 'NONE', *, *, #6277, .F. ) ;
#5702 = CIRCLE ( 'NONE', #207, 1.500000000000001332 ) ;
#5703 = CARTESIAN_POINT ( 'NONE',  ( 24.75480636822033986, -77.00000000000004263, 17.85613249681026815 ) ) ;
#5704 = CARTESIAN_POINT ( 'NONE',  ( 43.50000000000000000, 40.00000000000000711, 10.00000000000000000 ) ) ;
#5705 = CARTESIAN_POINT ( 'NONE',  ( -8.499666697446308206, -77.00000000000004263, 29.05449466519472423 ) ) ;
#5706 = LINE ( 'NONE', #5057, #1502 ) ;
#5707 = CARTESIAN_POINT ( 'NONE',  ( 36.80000000000000426, 35.00000000000000711, 17.00000000000000000 ) ) ;
#5708 = CARTESIAN_POINT ( 'NONE',  ( -21.23287851239886237, -74.00000000000004263, 2.400147823057243279 ) ) ;
#5709 = EDGE_CURVE ( 'NONE', #5145, #4539, #3444, .T. ) ;
#5710 = CARTESIAN_POINT ( 'NONE',  ( 2.424533570869356058, -70.68004276494276894, 24.44499663755570751 ) ) ;
#5711 = VECTOR ( 'NONE', #348, 1000.000000000000000 ) ;
#5712 = VERTEX_POINT ( 'NONE', #132 ) ;
#5713 = CARTESIAN_POINT ( 'NONE',  ( -24.57973960995905927, -77.89877571810217205, 17.79237427219958079 ) ) ;
#5714 = DIRECTION ( 'NONE',  ( -0.000000000000000000, -0.000000000000000000, -1.000000000000000000 ) ) ;
#5715 = CARTESIAN_POINT ( 'NONE',  ( 22.03065280364475242, -74.43074618791294483, 9.241618350275668803 ) ) ;
#5716 = VECTOR ( 'NONE', #646, 1000.000000000000000 ) ;
#5717 = CARTESIAN_POINT ( 'NONE',  ( -3.787008615506105791, -73.23227564318905536, -0.06681985422567372768 ) ) ;
#5718 = CARTESIAN_POINT ( 'NONE',  ( -25.65639081652327391, -75.58666007263624920, 15.33569234972111772 ) ) ;
#5719 = CARTESIAN_POINT ( 'NONE',  ( 23.01858944900169845, -77.00000000000002842, 4.234705980835157035 ) ) ;
#5720 = EDGE_CURVE ( 'NONE', #4568, #3778, #2374, .T. ) ;
#5721 = CARTESIAN_POINT ( 'NONE',  ( -13.57179699256942129, -63.50045477135417116, 21.64722983056769934 ) ) ;
#5722 = VERTEX_POINT ( 'NONE', #5512 ) ;
#5723 = ORIENTED_EDGE ( 'NONE', *, *, #6028, .T. ) ;
#5724 = CARTESIAN_POINT ( 'NONE',  ( 24.64196912394494632, -77.00000000000004263, 6.918193014638942984 ) ) ;
#5725 = CARTESIAN_POINT ( 'NONE',  ( -10.55913638414094358, -63.81406046024347489, 3.005236919794559203 ) ) ;
#5726 = CARTESIAN_POINT ( 'NONE',  ( 16.15487841011786330, -69.87263062711230077, 3.614262275695455884 ) ) ;
#5727 = CARTESIAN_POINT ( 'NONE',  ( 38.50000000000000000, -44.31902001999193175, 32.07106781186548261 ) ) ;
#5728 = CARTESIAN_POINT ( 'NONE',  ( 15.59439274787384555, -77.00000000000004263, 16.24117459109336892 ) ) ;
#5729 = DIRECTION ( 'NONE',  ( 1.000000000000000000, 0.000000000000000000, 0.000000000000000000 ) ) ;
#5730 = ORIENTED_EDGE ( 'NONE', *, *, #4753, .F. ) ;
#5731 = ORIENTED_EDGE ( 'NONE', *, *, #5874, .T. ) ;
#5732 = VECTOR ( 'NONE', #3833, 1000.000000000000000 ) ;
#5733 = CARTESIAN_POINT ( 'NONE',  ( -21.44041873374014173, -68.91082968810901832, 5.976955306053433503 ) ) ;
#5734 = ADVANCED_FACE ( 'NONE', ( #599 ), #3875, .T. ) ;
#5735 = CARTESIAN_POINT ( 'NONE',  ( 19.34742661900279614, -69.35742465777846633, 20.01912014594989486 ) ) ;
#5736 = CARTESIAN_POINT ( 'NONE',  ( 24.81122499035803486, -77.00000000000004263, 17.74329525253487461 ) ) ;
#5737 = LINE ( 'NONE', #4548, #3302 ) ;
#5738 = CARTESIAN_POINT ( 'NONE',  ( -20.62003650863965021, -77.00000000000002842, 23.18440755058637137 ) ) ;
#5739 = CARTESIAN_POINT ( 'NONE',  ( -43.49999999999998579, -49.31902001999193175, 12.50000000000000000 ) ) ;
#5740 = EDGE_CURVE ( 'NONE', #3413, #600, #2783, .T. ) ;
#5741 = CARTESIAN_POINT ( 'NONE',  ( -21.33695582988898565, -74.50043390703613966, 2.499271944019218150 ) ) ;
#5742 = CARTESIAN_POINT ( 'NONE',  ( 4.489228872027664963, -66.77639936832295575, 23.20084414668706785 ) ) ;
#5743 = EDGE_LOOP ( 'NONE', ( #930, #1465, #249, #198, #3967 ) ) ;
#5744 = CIRCLE ( 'NONE', #5397, 2.500000000000002220 ) ;
#5745 = CARTESIAN_POINT ( 'NONE',  ( 21.55429423148306256, -72.75642737505835100, 6.952226453951565688 ) ) ;
#5746 = CARTESIAN_POINT ( 'NONE',  ( -3.802642398280248202E-14, -68.12066825119647717, 1.259812750432977024 ) ) ;
#5747 = CARTESIAN_POINT ( 'NONE',  ( -35.75880859314879956, 57.29213669697247724, 24.74696327667002294 ) ) ;
#5748 = DIRECTION ( 'NONE',  ( 1.000000000000000000, 0.000000000000000000, 0.000000000000000000 ) ) ;
#5749 = CARTESIAN_POINT ( 'NONE',  ( -13.43454780472272603, -70.17915927436952472, 22.36552754438658397 ) ) ;
#5750 = ORIENTED_EDGE ( 'NONE', *, *, #4334, .F. ) ;
#5751 = ORIENTED_EDGE ( 'NONE', *, *, #2422, .F. ) ;
#5752 = EDGE_CURVE ( 'NONE', #5962, #4579, #3953, .T. ) ;
#5753 = ADVANCED_FACE ( 'NONE', ( #3360 ), #635, .F. ) ;
#5754 = CARTESIAN_POINT ( 'NONE',  ( 24.62304033231383116, -77.89877571810218626, 17.71604793273155209 ) ) ;
#5755 = CARTESIAN_POINT ( 'NONE',  ( -15.98730253286800185, -75.24955230858402899, 3.012655168143855811 ) ) ;
#5756 = CARTESIAN_POINT ( 'NONE',  ( 12.47728117658826719, -70.26858166246452697, 2.323065678520811250 ) ) ;
#5757 = CARTESIAN_POINT ( 'NONE',  ( -14.20351202541201729, -60.00000000000363087, 21.50000000000000000 ) ) ;
#5758 = CARTESIAN_POINT ( 'NONE',  ( -16.69887295139431416, -77.00000000000004263, 14.82144251774741939 ) ) ;
#5759 = CIRCLE ( 'NONE', #1646, 91.63661590615784291 ) ;
#5760 = CARTESIAN_POINT ( 'NONE',  ( -39.99999999999999289, 55.00000000000000711, 12.50000000000000000 ) ) ;
#5761 = VERTEX_POINT ( 'NONE', #3947 ) ;
#5762 = CARTESIAN_POINT ( 'NONE',  ( 43.50000000000001421, -49.31902001999208807, 25.00000000000000000 ) ) ;
#5763 = CARTESIAN_POINT ( 'NONE',  ( 16.15487841011298897, -69.87263062711294026, 21.38573772430645548 ) ) ;
#5764 = CARTESIAN_POINT ( 'NONE',  ( 16.18451032361770814, -77.00000000000004263, 15.58668532851851118 ) ) ;
#5765 = ORIENTED_EDGE ( 'NONE', *, *, #1317, .F. ) ;
#5766 = DIRECTION ( 'NONE',  ( -1.000000000000000000, 0.000000000000000000, 0.000000000000000000 ) ) ;
#5767 = CARTESIAN_POINT ( 'NONE',  ( 25.56370021568282880, -59.40752366131755480, 25.25290740351046992 ) ) ;
#5768 = CARTESIAN_POINT ( 'NONE',  ( -24.82098456197247671, -68.50000000000002842, 21.54090349268052762 ) ) ;
#5769 = CARTESIAN_POINT ( 'NONE',  ( 23.69861271698935923, -63.33778920024085579, 4.961925035345079671 ) ) ;
#5770 = CARTESIAN_POINT ( 'NONE',  ( 38.68627997701627663, 33.31023677097564928, 1.450000000000001066 ) ) ;
#5771 = FACE_OUTER_BOUND ( 'NONE', #4365, .T. ) ;
#5772 = CARTESIAN_POINT ( 'NONE',  ( 2.311779167566608617, -68.10947604262464949, 23.70121192758085726 ) ) ;
#5773 = ORIENTED_EDGE ( 'NONE', *, *, #2957, .T. ) ;
#5774 = CARTESIAN_POINT ( 'NONE',  ( 21.23287851237424562, -74.00000000000004263, 2.400147823038325079 ) ) ;
#5775 = CARTESIAN_POINT ( 'NONE',  ( 35.59054722914288504, -43.92889495297654889, 0.2208346462215924066 ) ) ;
#5776 = CARTESIAN_POINT ( 'NONE',  ( -1.240591896471228583, -71.97468639535158275, 0.1262780021520596430 ) ) ;
#5777 = CARTESIAN_POINT ( 'NONE',  ( -0.001737809258973430472, -74.00000000000004263, 23.75214960693389088 ) ) ;
#5778 = CARTESIAN_POINT ( 'NONE',  ( -38.49999999999999289, -44.31902001999193175, 18.02146305234685286 ) ) ;
#5779 = CARTESIAN_POINT ( 'NONE',  ( -13.07810359154000857, -67.55474772314147458, 22.11238257578315469 ) ) ;
#5780 = CARTESIAN_POINT ( 'NONE',  ( -14.20351202541201729, -60.00000000000363087, 21.50000000000000000 ) ) ;
#5781 = EDGE_LOOP ( 'NONE', ( #4877, #4773, #1964 ) ) ;
#5782 = ORIENTED_EDGE ( 'NONE', *, *, #4612, .T. ) ;
#5783 = CARTESIAN_POINT ( 'NONE',  ( 25.04793644628120219, -57.72388461084813827, -0.9262709168084001243 ) ) ;
#5784 = CARTESIAN_POINT ( 'NONE',  ( -12.28656783120123741, -68.96153483987171739, 2.489417743681466177 ) ) ;
#5785 = CARTESIAN_POINT ( 'NONE',  ( 12.10312643694420132, -67.65222204374589410, 2.650913521017996377 ) ) ;
#5786 = CARTESIAN_POINT ( 'NONE',  ( -39.41647320253003528, -45.75419495667531322, 1.937417323383777701 ) ) ;
#5787 = FACE_OUTER_BOUND ( 'NONE', #6402, .T. ) ;
#5788 = LINE ( 'NONE', #2569, #6837 ) ;
#5789 = ADVANCED_FACE ( 'NONE', ( #3396 ), #2359, .F. ) ;
#5790 = EDGE_LOOP ( 'NONE', ( #4402, #3826, #5329 ) ) ;
#5792 = EDGE_CURVE ( 'NONE', #4806, #122, #4400, .T. ) ;
#5791 = CARTESIAN_POINT ( 'NONE',  ( 16.02352640557256791, -68.54895059653020439, 21.37199265328148456 ) ) ;
#5793 = ORIENTED_EDGE ( 'NONE', *, *, #4240, .T. ) ;
#5794 = EDGE_CURVE ( 'NONE', #3042, #686, #6295, .T. ) ;
#5795 = ORIENTED_EDGE ( 'NONE', *, *, #6028, .F. ) ;
#5796 = CARTESIAN_POINT ( 'NONE',  ( -39.99999999999997868, -22.00000000000004263, 12.50000000000000000 ) ) ;
#5797 = CARTESIAN_POINT ( 'NONE',  ( -33.50000000000000000, 57.82297459836042464, 25.00000000000000000 ) ) ;
#5798 = CYLINDRICAL_SURFACE ( 'NONE', #6972, 1.700000000000000178 ) ;
#5799 = CARTESIAN_POINT ( 'NONE',  ( 25.65889400400663689, -76.05777302380870708, 9.655516731639590233 ) ) ;
#5800 = CARTESIAN_POINT ( 'NONE',  ( -21.37918666975486204, -58.04902566657506924, 9.499646983363261299 ) ) ;
#5801 = CARTESIAN_POINT ( 'NONE',  ( 40.00000000000000711, -46.31902001999192464, 12.50000000000000000 ) ) ;
#5802 = FACE_OUTER_BOUND ( 'NONE', #1625, .T. ) ;
#5803 = CARTESIAN_POINT ( 'NONE',  ( 1.025945117523916927, -61.69730467760465586, 21.85096266909885898 ) ) ;
#5804 = VECTOR ( 'NONE', #5343, 1000.000000000000000 ) ;
#5805 = EDGE_CURVE ( 'NONE', #2721, #3658, #4538, .T. ) ;
#5806 = ORIENTED_EDGE ( 'NONE', *, *, #2248, .F. ) ;
#5807 = CARTESIAN_POINT ( 'NONE',  ( -24.88177154653316947, -57.72388461084814537, 8.031245347946418534 ) ) ;
#5808 = CARTESIAN_POINT ( 'NONE',  ( 21.37918666975486559, -58.04902566657506924, 12.49999999999999822 ) ) ;
#5809 = CARTESIAN_POINT ( 'NONE',  ( 38.06902573842867099, -42.31220475262932723, 1.102956011527563840 ) ) ;
#5810 = CARTESIAN_POINT ( 'NONE',  ( -5.850596816955484947, -69.32017574410272687, 1.232449588790243356 ) ) ;
#5811 = DIRECTION ( 'NONE',  ( 0.8660254037844414832, 0.4999999999999951150, -0.000000000000000000 ) ) ;
#5812 = DIRECTION ( 'NONE',  ( 1.330321911110254514E-16, -1.000000000000000000, 0.000000000000000000 ) ) ;
#5813 = CARTESIAN_POINT ( 'NONE',  ( -12.87369410322882857, -72.87848905995922166, 23.01527710799868842 ) ) ;
#5814 = LINE ( 'NONE', #3657, #5338 ) ;
#5815 = ORIENTED_EDGE ( 'NONE', *, *, #3878, .F. ) ;
#5816 = VECTOR ( 'NONE', #2194, 1000.000000000000000 ) ;
#5817 = ORIENTED_EDGE ( 'NONE', *, *, #4959, .T. ) ;
#5818 = CARTESIAN_POINT ( 'NONE',  ( 25.00000000000000000, -60.00000000000003553, 14.58333333333334814 ) ) ;
#5819 = CARTESIAN_POINT ( 'NONE',  ( -16.52603377690036979, -74.00000000000004263, 15.10729876666240123 ) ) ;
#5820 = CARTESIAN_POINT ( 'NONE',  ( 7.765493409426666993, -66.64285785933533646, 2.139194460320096081 ) ) ;
#5821 = CARTESIAN_POINT ( 'NONE',  ( -22.31747927760338968, -74.00000000000004263, 11.68034380718580678 ) ) ;
#5822 = EDGE_CURVE ( 'NONE', #1267, #6970, #5244, .T. ) ;
#5823 = CARTESIAN_POINT ( 'NONE',  ( -39.99999999999998579, -14.00000000000004619, 8.500000000000000000 ) ) ;
#5824 = CARTESIAN_POINT ( 'NONE',  ( -33.49999999999998579, -22.00000000000004263, 15.00000000000000178 ) ) ;
#5825 = VECTOR ( 'NONE', #4808, 1000.000000000000114 ) ;
#5826 = ORIENTED_EDGE ( 'NONE', *, *, #3552, .T. ) ;
#5827 = ORIENTED_EDGE ( 'NONE', *, *, #3999, .F. ) ;
#5828 =( NAMED_UNIT ( * ) PLANE_ANGLE_UNIT ( ) SI_UNIT ( $, .RADIAN. ) );
#5829 = CARTESIAN_POINT ( 'NONE',  ( 35.68826681315123750, -45.08529088706444554, 0.2422333132646599385 ) ) ;
#5830 = CARTESIAN_POINT ( 'NONE',  ( 20.48538726742904714, -73.10683524717897797, 18.75897052589175118 ) ) ;
#5831 = ORIENTED_EDGE ( 'NONE', *, *, #1788, .T. ) ;
#5832 = VECTOR ( 'NONE', #181, 1000.000000000000000 ) ;
#5833 = CARTESIAN_POINT ( 'NONE',  ( 15.26720647818633658, -77.00000000000004263, 16.55106062549155865 ) ) ;
#5834 = VERTEX_POINT ( 'NONE', #1455 ) ;
#5835 = CARTESIAN_POINT ( 'NONE',  ( 1.703936981057081690, -77.00000000000004263, 3.645834505687779004 ) ) ;
#5836 = CARTESIAN_POINT ( 'NONE',  ( 43.09419985161881783, 40.32197447713174654, 7.158142832453958881 ) ) ;
#5837 = DIRECTION ( 'NONE',  ( 0.000000000000000000, -1.000000000000000000, 0.000000000000000000 ) ) ;
#5838 = EDGE_CURVE ( 'NONE', #3583, #382, #6321, .T. ) ;
#5839 = CARTESIAN_POINT ( 'NONE',  ( 25.61808094222629606, -74.52905181747030383, 15.48945708599439186 ) ) ;
#5840 = CARTESIAN_POINT ( 'NONE',  ( -40.19999999999998153, -44.31902001999193175, 17.00000000000000000 ) ) ;
#5841 = CARTESIAN_POINT ( 'NONE',  ( -22.01627518401573980, -68.87953040901001600, 12.50000000000000355 ) ) ;
#5842 = CARTESIAN_POINT ( 'NONE',  ( -21.52623737368728030, -71.41306206058132489, 6.304964356366683731 ) ) ;
#5843 = AXIS2_PLACEMENT_3D ( 'NONE', #5166, #5675, #1915 ) ;
#5844 = CARTESIAN_POINT ( 'NONE',  ( 2.256339419001229807, -66.82414269559707520, 23.32934130502425063 ) ) ;
#5845 = CARTESIAN_POINT ( 'NONE',  ( -36.34444182210034313, -46.01756507507817417, 0.4120136086300630884 ) ) ;
#5846 = CARTESIAN_POINT ( 'NONE',  ( 38.68627997701627663, 36.68976322902436493, 1.450000000000001732 ) ) ;
#5847 = CARTESIAN_POINT ( 'NONE',  ( 35.56567687281823709, -44.31902001999193175, 0.2156768728182386907 ) ) ;
#5848 = DIRECTION ( 'NONE',  ( -1.330321911110254514E-16, 1.000000000000000000, -0.000000000000000000 ) ) ;
#5849 = FACE_BOUND ( 'NONE', #2850, .T. ) ;
#5850 = CARTESIAN_POINT ( 'NONE',  ( -15.80265010053351737, -73.93702560288522818, 21.91507015076282983 ) ) ;
#5851 = FACE_OUTER_BOUND ( 'NONE', #2663, .T. ) ;
#5852 = VERTEX_POINT ( 'NONE', #3127 ) ;
#5853 = VERTEX_POINT ( 'NONE', #5311 ) ;
#5854 = CARTESIAN_POINT ( 'NONE',  ( 25.08282398096125831, -77.00000000000007105, 7.799902728671555430 ) ) ;
#5855 = CARTESIAN_POINT ( 'NONE',  ( -17.12334204847208596, -77.00000000000004263, 13.91969518390559735 ) ) ;
#5856 = CARTESIAN_POINT ( 'NONE',  ( 9.004605784490097520, -67.87941140758135816, 2.028829034380633889 ) ) ;
#5857 = FACE_OUTER_BOUND ( 'NONE', #615, .T. ) ;
#5858 = CARTESIAN_POINT ( 'NONE',  ( -40.19999999999998863, -44.31902001999193175, 0.000000000000000000 ) ) ;
#5859 = ORIENTED_EDGE ( 'NONE', *, *, #6629, .T. ) ;
#5860 = CARTESIAN_POINT ( 'NONE',  ( 36.00000000000000000, -44.31902001999193175, 21.50000000000000000 ) ) ;
#5861 = CARTESIAN_POINT ( 'NONE',  ( -40.19999999999967599, -44.08852918010870070, 2.576389018812732079 ) ) ;
#5862 = CARTESIAN_POINT ( 'NONE',  ( 37.90061900586424315, -46.37059831465622040, 1.018285111411740607 ) ) ;
#5863 = CARTESIAN_POINT ( 'NONE',  ( 20.26199969573994508, -62.56918878501321757, 20.85512181819373723 ) ) ;
#5864 = ORIENTED_EDGE ( 'NONE', *, *, #5720, .F. ) ;
#5865 = VECTOR ( 'NONE', #919, 1000.000000000000000 ) ;
#5866 = EDGE_LOOP ( 'NONE', ( #1762, #1565, #2203, #636, #2107 ) ) ;
#5867 = CARTESIAN_POINT ( 'NONE',  ( 15.21300846162359832, -77.00000000000004263, 8.399900304637071713 ) ) ;
#5868 = CARTESIAN_POINT ( 'NONE',  ( 42.29822059466428641, 40.94269889263285478, 5.234837716011836228 ) ) ;
#5869 = CARTESIAN_POINT ( 'NONE',  ( -25.97137762885639845, -77.00000000000004263, 13.44882951620273737 ) ) ;
#5870 = CARTESIAN_POINT ( 'NONE',  ( 25.59826332794827053, -74.00000000000004263, 15.56445311928302644 ) ) ;
#5871 = PLANE ( 'NONE',  #1695 ) ;
#5872 = CARTESIAN_POINT ( 'NONE',  ( -21.49077775195246787, -59.52946844029275297, 3.500000000000001332 ) ) ;
#5873 = CARTESIAN_POINT ( 'NONE',  ( 5.237572862552087649, -62.86618440529714746, 22.11512945473192460 ) ) ;
#5874 = EDGE_CURVE ( 'NONE', #2751, #1063, #1994, .T. ) ;
#5875 = EDGE_CURVE ( 'NONE', #2238, #1055, #998, .T. ) ;
#5876 = CARTESIAN_POINT ( 'NONE',  ( -24.64196912394494987, -77.00000000000004263, 18.08180698536105169 ) ) ;
#5877 = CARTESIAN_POINT ( 'NONE',  ( 39.85946955716029549, 36.04015131113993675, 2.280619122225259421 ) ) ;
#5878 = CARTESIAN_POINT ( 'NONE',  ( 21.23287851239905422, -74.00000000000004263, 22.59985217694260839 ) ) ;
#5879 = CARTESIAN_POINT ( 'NONE',  ( 17.74748603729677043, -74.00000000000004263, 12.49999999999993783 ) ) ;
#5880 = CARTESIAN_POINT ( 'NONE',  ( -22.02978123891413276, -69.10913334228273186, 13.74723089917523389 ) ) ;
#5881 = CARTESIAN_POINT ( 'NONE',  ( -9.178538056491676755, -69.17762740539758681, 23.23044792080754917 ) ) ;
#5882 = EDGE_CURVE ( 'NONE', #3367, #5168, #5814, .T. ) ;
#5883 = ADVANCED_FACE ( 'NONE', ( #5851 ), #6775, .T. ) ;
#5884 = VERTEX_POINT ( 'NONE', #1837 ) ;
#5885 = CARTESIAN_POINT ( 'NONE',  ( -43.49999999999998579, -49.31902001999193175, 10.00000000000000000 ) ) ;
#5886 = CARTESIAN_POINT ( 'NONE',  ( -14.20351202541198710, -60.00000000000351719, 3.500000000000000000 ) ) ;
#5887 = CARTESIAN_POINT ( 'NONE',  ( 8.502926913581513091, -63.97933572918648792, 2.799728585330448549 ) ) ;
#5888 = CARTESIAN_POINT ( 'NONE',  ( 25.00000000000000000, -60.00000000000003553, -0.3886993953834450566 ) ) ;
#5889 = CARTESIAN_POINT ( 'NONE',  ( 25.99999999999998934, -77.00000000000004263, 11.46570928386932486 ) ) ;
#5890 = ORIENTED_EDGE ( 'NONE', *, *, #371, .F. ) ;
#5891 = CARTESIAN_POINT ( 'NONE',  ( -36.68437560362132643, 57.05681347527396241, 0.5150218720065593558 ) ) ;
#5892 = FACE_OUTER_BOUND ( 'NONE', #6104, .T. ) ;
#5893 = CARTESIAN_POINT ( 'NONE',  ( 22.99881989768102031, -62.16581880202759436, 20.58294562359332502 ) ) ;
#5894 = ORIENTED_EDGE ( 'NONE', *, *, #1554, .T. ) ;
#5895 = ORIENTED_EDGE ( 'NONE', *, *, #2974, .T. ) ;
#5896 = CARTESIAN_POINT ( 'NONE',  ( 9.457963425667502477, -74.00000000000004263, 5.172551824973597334 ) ) ;
#5897 = CARTESIAN_POINT ( 'NONE',  ( 37.67802412472197204, 44.28048993666322275, 0.9093326986852056093 ) ) ;
#5898 = LINE ( 'NONE', #1005, #6392 ) ;
#5899 = CARTESIAN_POINT ( 'NONE',  ( -16.20679900776890037, -74.00000000000005684, 3.280260479325331158 ) ) ;
#5900 = CARTESIAN_POINT ( 'NONE',  ( -21.26428838748524797, -77.00000000000004263, 2.403858803851467218 ) ) ;
#5901 = CARTESIAN_POINT ( 'NONE',  ( 25.82352941176471006, -74.00000000000004263, 12.49999999999998401 ) ) ;
#5902 = VECTOR ( 'NONE', #6660, 1000.000000000000000 ) ;
#5903 = CARTESIAN_POINT ( 'NONE',  ( 7.609620385699802370, -65.34645094381164654, 22.57547409002251015 ) ) ;
#5904 = VECTOR ( 'NONE', #5913, 1000.000000000000000 ) ;
#5905 = CARTESIAN_POINT ( 'NONE',  ( -38.39049279091296540, -42.44175519131528773, 1.275537573303816785 ) ) ;
#5906 = CARTESIAN_POINT ( 'NONE',  ( 37.36610089216203079, 37.09284403581083467, 0.7755644738319874554 ) ) ;
#5907 = LINE ( 'NONE', #4321, #6753 ) ;
#5908 = ADVANCED_FACE ( 'NONE', ( #3591 ), #2932, .F. ) ;
#5909 = CIRCLE ( 'NONE', #3624, 2.500000000000002220 ) ;
#5910 = CARTESIAN_POINT ( 'NONE',  ( -40.00000000000000000, 52.00000000000000711, 3.499999999999999556 ) ) ;
#5911 = PLANE ( 'NONE',  #4944 ) ;
#5912 = CARTESIAN_POINT ( 'NONE',  ( -9.730882264684224126, -73.06469910369638399, 24.01550325738813640 ) ) ;
#5913 = DIRECTION ( 'NONE',  ( -1.553732654557586955E-16, 1.000000000000000000, 0.000000000000000000 ) ) ;
#5914 = ORIENTED_EDGE ( 'NONE', *, *, #3517, .T. ) ;
#5915 = CARTESIAN_POINT ( 'NONE',  ( -38.49999999999998579, 50.00000000000000711, 12.50000000000000000 ) ) ;
#5916 = CARTESIAN_POINT ( 'NONE',  ( -16.63297576914676768, -59.85057883791267130, 3.500000000000000000 ) ) ;
#5917 = EDGE_CURVE ( 'NONE', #6569, #2714, #6738, .T. ) ;
#5918 = CARTESIAN_POINT ( 'NONE',  ( 11.23915983428252297, -61.08773618665431826, 3.410350102338636447 ) ) ;
#5919 = CARTESIAN_POINT ( 'NONE',  ( 24.98891076837313463, -57.72388461084813827, 1.317946770163689996 ) ) ;
#5920 = FACE_OUTER_BOUND ( 'NONE', #2093, .T. ) ;
#5921 = CARTESIAN_POINT ( 'NONE',  ( 40.00000000000000711, -46.31902001999192464, 21.50000000000000000 ) ) ;
#5922 = ORIENTED_EDGE ( 'NONE', *, *, #3562, .F. ) ;
#5923 = CARTESIAN_POINT ( 'NONE',  ( -43.50000000000001421, 55.00000000000002842, 9.663324625374634991 ) ) ;
#5924 = CARTESIAN_POINT ( 'NONE',  ( 39.57568602117950007, -42.99896327360602299, 2.056705095140153094 ) ) ;
#5925 = CARTESIAN_POINT ( 'NONE',  ( 23.89205702367447159, -62.04280351276312899, 4.495326907410079009 ) ) ;
#5926 = DIRECTION ( 'NONE',  ( 1.000000000000000000, 0.000000000000000000, 0.000000000000000000 ) ) ;
#5927 = CIRCLE ( 'NONE', #3976, 91.63661590615784291 ) ;
#5928 = DIRECTION ( 'NONE',  ( 0.000000000000000000, 0.000000000000000000, 1.000000000000000000 ) ) ;
#5929 = CARTESIAN_POINT ( 'NONE',  ( 19.95714967683008823, -73.24561891123882162, 19.19714112739674405 ) ) ;
#5930 = VERTEX_POINT ( 'NONE', #4220 ) ;
#5931 = ORIENTED_EDGE ( 'NONE', *, *, #3859, .T. ) ;
#5932 = CARTESIAN_POINT ( 'NONE',  ( 5.622376121350016298, -77.00000000000004263, 4.164937567972038401 ) ) ;
#5933 = CARTESIAN_POINT ( 'NONE',  ( 24.75480636822033631, -77.00000000000004263, 7.143867503189722079 ) ) ;
#5934 = DIRECTION ( 'NONE',  ( 0.000000000000000000, -0.000000000000000000, -1.000000000000000000 ) ) ;
#5935 = CARTESIAN_POINT ( 'NONE',  ( -12.56950975531038317, -74.00000000000002842, 1.654693451237392754 ) ) ;
#5936 = CARTESIAN_POINT ( 'NONE',  ( -17.59943202369504434, -65.63939065778666304, 4.053657581422529965 ) ) ;
#5937 = EDGE_CURVE ( 'NONE', #1319, #6912, #2025, .T. ) ;
#5938 = CARTESIAN_POINT ( 'NONE',  ( 36.83668373837216592, 33.02163944352429326, 0.5714571035446392999 ) ) ;
#5939 = CIRCLE ( 'NONE', #6872, 1.700000000000000178 ) ;
#5940 = DIRECTION ( 'NONE',  ( -0.7071067811865471286, 0.000000000000000000, -0.7071067811865479058 ) ) ;
#5941 = CARTESIAN_POINT ( 'NONE',  ( 7.169563502616461470, -61.45016505245118310, 21.72898316717796163 ) ) ;
#5942 = VECTOR ( 'NONE', #1532, 999.9999999999998863 ) ;
#5943 = EDGE_CURVE ( 'NONE', #722, #6663, #3160, .T. ) ;
#5944 = CARTESIAN_POINT ( 'NONE',  ( -37.54812080864864043, -42.22358493587752548, 0.8539208627094354576 ) ) ;
#5945 = CARTESIAN_POINT ( 'NONE',  ( -39.99999999999999289, 55.00000000000000711, 25.00000000000000000 ) ) ;
#5946 = CARTESIAN_POINT ( 'NONE',  ( 22.31747927760338968, -74.00000000000004263, 12.50000000000002309 ) ) ;
#5947 = LINE ( 'NONE', #538, #4901 ) ;
#5948 = LINE ( 'NONE', #4324, #5342 ) ;
#5949 = CARTESIAN_POINT ( 'NONE',  ( -21.83137280944552572, -66.29102859748655874, 15.38929046708656578 ) ) ;
#5950 = CARTESIAN_POINT ( 'NONE',  ( -6.534906650740197165, -75.76258247412496871, 25.42704852460587617 ) ) ;
#5951 = CARTESIAN_POINT ( 'NONE',  ( -2.372433802662574642, -60.50399542002880793, 21.50000000000001776 ) ) ;
#5952 = VERTEX_POINT ( 'NONE', #4025 ) ;
#5953 = CARTESIAN_POINT ( 'NONE',  ( -13.54166666666666785, -60.00000000000005684, 0.000000000000000000 ) ) ;
#5954 = LINE ( 'NONE', #5351, #1120 ) ;
#5955 = CARTESIAN_POINT ( 'NONE',  ( -9.457963425667509583, -77.00000000000004263, 19.82744817502639378 ) ) ;
#5956 = B_SPLINE_CURVE_WITH_KNOTS ( 'NONE', 3,
 ( #6138, #1283, #1242, #2271 ),
 .UNSPECIFIED., .F., .F.,
 ( 4, 4 ),
 ( 0.006938441802050251787, 0.01003869270294563930 ),
 .UNSPECIFIED. ) ;
#5957 = CARTESIAN_POINT ( 'NONE',  ( 6.825151676534394696, -67.98408454936978274, 1.708124819116789039 ) ) ;
#5958 = CARTESIAN_POINT ( 'NONE',  ( 24.62304033231382405, -77.89877571810218626, 7.283952067268437247 ) ) ;
#5959 = CARTESIAN_POINT ( 'NONE',  ( -22.99881989768734414, -62.16581880202669197, 20.58294562359273883 ) ) ;
#5960 = EDGE_CURVE ( 'NONE', #2890, #2714, #6556, .T. ) ;
#5961 = EDGE_CURVE ( 'NONE', #4349, #58, #138, .T. ) ;
#5962 = VERTEX_POINT ( 'NONE', #509 ) ;
#5963 = CARTESIAN_POINT ( 'NONE',  ( -42.96780850105293581, 55.18199247467617852, 6.714710631823617604 ) ) ;
#5964 = CARTESIAN_POINT ( 'NONE',  ( 39.33135196241466502, -42.83299118371678560, 1.875548688822301635 ) ) ;
#5965 = CARTESIAN_POINT ( 'NONE',  ( 23.26286136411589212, -59.57110667492005263, 3.558532079857329666 ) ) ;
#5966 = DIRECTION ( 'NONE',  ( -0.000000000000000000, 1.000000000000000000, -0.000000000000000000 ) ) ;
#5967 = DIRECTION ( 'NONE',  ( -0.000000000000000000, -0.000000000000000000, -1.000000000000000000 ) ) ;
#5968 = CARTESIAN_POINT ( 'NONE',  ( 21.99458211239577921, -63.60466166981280622, 20.29713169169312437 ) ) ;
#5969 = VERTEX_POINT ( 'NONE', #2661 ) ;
#5970 = ORIENTED_EDGE ( 'NONE', *, *, #5095, .F. ) ;
#5971 = CARTESIAN_POINT ( 'NONE',  ( -6.160766860776644371, -74.00000000000004263, 4.261807846291829627 ) ) ;
#5972 = CARTESIAN_POINT ( 'NONE',  ( 16.54023072239565195, -59.40752366131756190, -0.05319528772024023633 ) ) ;
#5973 = CARTESIAN_POINT ( 'NONE',  ( -19.33368021630706224, -62.70935270743432710, 4.043213208255341584 ) ) ;
#5974 = CARTESIAN_POINT ( 'NONE',  ( 37.37142138464159302, 32.90685840418508690, 0.7778033610940252585 ) ) ;
#5975 = DIRECTION ( 'NONE',  ( 1.000000000000000000, 0.000000000000000000, 0.000000000000000000 ) ) ;
#5976 = CARTESIAN_POINT ( 'NONE',  ( 6.274609627560004732, -62.80814472749658961, 22.06234868432058249 ) ) ;
#5977 = AXIS2_PLACEMENT_3D ( 'NONE', #4600, #842, #1384 ) ;
#5978 = ORIENTED_EDGE ( 'NONE', *, *, #7072, .T. ) ;
#5979 = CARTESIAN_POINT ( 'NONE',  ( -4.166666666666677621, -60.00000000000003553, 25.00000000000000000 ) ) ;
#5980 = CARTESIAN_POINT ( 'NONE',  ( 36.34531681131677772, 36.69942623599892073, 0.4122567223685199567 ) ) ;
#5981 = DIRECTION ( 'NONE',  ( 1.000000000000000000, 1.330321911110254761E-16, -0.000000000000000000 ) ) ;
#5982 = CYLINDRICAL_SURFACE ( 'NONE', #6735, 1.700000000000000178 ) ;
#5983 = CARTESIAN_POINT ( 'NONE',  ( -21.77805212901341747, -72.92856772938364429, 17.13672453559266273 ) ) ;
#5984 = CARTESIAN_POINT ( 'NONE',  ( -8.189553766517235545, -61.37327851649244792, 21.69520094444614600 ) ) ;
#5985 = ORIENTED_EDGE ( 'NONE', *, *, #3156, .F. ) ;
#5986 = CARTESIAN_POINT ( 'NONE',  ( -17.61050474989825076, -77.00000000000007105, -0.4078449983451968297 ) ) ;
#5987 = DIRECTION ( 'NONE',  ( -1.000000000000000000, 0.000000000000000000, 0.000000000000000000 ) ) ;
#5988 = CARTESIAN_POINT ( 'NONE',  ( -25.00000000000000000, -60.00000000000004263, 14.58333333333333037 ) ) ;
#5989 = CARTESIAN_POINT ( 'NONE',  ( 3.147311357998903603, -62.93862521537268861, 2.814330596337372370 ) ) ;
#5990 = CARTESIAN_POINT ( 'NONE',  ( 24.60084272001518713, -77.00000000000004263, 18.16405979322058428 ) ) ;
#5991 = CARTESIAN_POINT ( 'NONE',  ( -22.85399449927007254, -63.46710176150025262, 20.16331291847103557 ) ) ;
#5992 = DIRECTION ( 'NONE',  ( 1.000000000000000000, 0.000000000000000000, 0.000000000000000000 ) ) ;
#5993 = VERTEX_POINT ( 'NONE', #7071 ) ;
#5994 = ORIENTED_EDGE ( 'NONE', *, *, #2694, .T. ) ;
#5995 = CARTESIAN_POINT ( 'NONE',  ( -22.01694537661057893, -74.00000000000004263, 3.191705906948168803 ) ) ;
#5996 = CARTESIAN_POINT ( 'NONE',  ( -38.68627997701626242, -46.00878324901628247, 1.450000000000001732 ) ) ;
#5997 = CARTESIAN_POINT ( 'NONE',  ( -10.99701315223028963, -74.30314967266355097, 1.071572666251206618 ) ) ;
#5998 = DIRECTION ( 'NONE',  ( -0.000000000000000000, -0.000000000000000000, -1.000000000000000000 ) ) ;
#5999 = CARTESIAN_POINT ( 'NONE',  ( -14.20351202541201729, -60.00000000000363087, 21.50000000000000000 ) ) ;
#6000 = EDGE_CURVE ( 'NONE', #489, #6543, #4875, .T. ) ;
#6001 = CARTESIAN_POINT ( 'NONE',  ( -22.28906030310527697, -74.63620421917231340, 10.86418958826301129 ) ) ;
#6002 = DIRECTION ( 'NONE',  ( -0.8660254037844414832, -0.4999999999999951150, 0.000000000000000000 ) ) ;
#6003 = CARTESIAN_POINT ( 'NONE',  ( 24.25119273388282437, -59.46031157595151484, 21.45705486704923004 ) ) ;
#6004 = ORIENTED_EDGE ( 'NONE', *, *, #2914, .T. ) ;
#6005 = EDGE_LOOP ( 'NONE', ( #5688, #591, #2295, #2375 ) ) ;
#6006 = CARTESIAN_POINT ( 'NONE',  ( -28.68629150101522640, -14.00000000000004441, 8.500000000000000000 ) ) ;
#6007 = CARTESIAN_POINT ( 'NONE',  ( 24.67632450237489650, -77.77967650617952700, 7.353496676979776936 ) ) ;
#6008 = CARTESIAN_POINT ( 'NONE',  ( -19.98704413389290835, -71.89777356980231104, 5.660135021069053529 ) ) ;
#6009 = EDGE_CURVE ( 'NONE', #1861, #4502, #4285, .T. ) ;
#6010 = DIRECTION ( 'NONE',  ( -0.000000000000000000, -0.000000000000000000, -1.000000000000000000 ) ) ;
#6011 = CARTESIAN_POINT ( 'NONE',  ( 10.04835707263983302, -67.80806341847959118, 22.77165118949851319 ) ) ;
#6012 = ORIENTED_EDGE ( 'NONE', *, *, #736, .T. ) ;
#6013 = CARTESIAN_POINT ( 'NONE',  ( -6.153061036717898169, -77.00000000000007105, 29.53463352733636427 ) ) ;
#6014 = CARTESIAN_POINT ( 'NONE',  ( 25.86412541772803664, -74.00000000000004263, 14.56453022370021522 ) ) ;
#6015 = CARTESIAN_POINT ( 'NONE',  ( 21.49077775195243944, -59.52946844029276008, 21.50000000000000000 ) ) ;
#6016 = CARTESIAN_POINT ( 'NONE',  ( -38.49999999999998579, -44.31902001999193175, 32.07106781186548261 ) ) ;
#6017 = DIRECTION ( 'NONE',  ( 0.8660254037844414832, 0.4999999999999951705, -0.000000000000000000 ) ) ;
#6018 = CARTESIAN_POINT ( 'NONE',  ( -21.48422781333784215, -65.98746284367686599, 21.13883086121889221 ) ) ;
#6019 = CARTESIAN_POINT ( 'NONE',  ( -6.274609627567296677, -62.80814472749618460, 22.06234868432021301 ) ) ;
#6020 = ORIENTED_EDGE ( 'NONE', *, *, #2686, .T. ) ;
#6021 = CARTESIAN_POINT ( 'NONE',  ( -24.60084272001518002, -77.00000000000004263, 6.835940206779403283 ) ) ;
#6022 = CONICAL_SURFACE ( 'NONE', #311, 1.699999999999993072, 1.029744258676650759 ) ;
#6023 = CARTESIAN_POINT ( 'NONE',  ( 21.61611948207466227, -67.99871098418267934, 5.806203609789506004 ) ) ;
#6024 = CARTESIAN_POINT ( 'NONE',  ( -24.64196912394494987, -77.00000000000004263, 18.08180698536105169 ) ) ;
#6025 = CARTESIAN_POINT ( 'NONE',  ( 1.211309899116163269, -70.69001368063320001, 0.5041229182456978819 ) ) ;
#6026 = CARTESIAN_POINT ( 'NONE',  ( -43.15418311461422007, 55.11846250370457057, 17.62827697344384603 ) ) ;
#6027 = CARTESIAN_POINT ( 'NONE',  ( 25.92971761545421572, -77.89877571810218626, 10.70887418831095950 ) ) ;
#6028 = EDGE_CURVE ( 'NONE', #2940, #1808, #4805, .T. ) ;
#6029 = CARTESIAN_POINT ( 'NONE',  ( -21.23801335705676152, -61.12103161623365821, 21.08330547543058131 ) ) ;
#6030 = ORIENTED_EDGE ( 'NONE', *, *, #91, .F. ) ;
#6031 = CIRCLE ( 'NONE', #2953, 1.699999999999993072 ) ;
#6032 = ORIENTED_EDGE ( 'NONE', *, *, #2002, .T. ) ;
#6033 = CARTESIAN_POINT ( 'NONE',  ( -16.72396339815520960, -77.00000000000004263, 10.22274848313023199 ) ) ;
#6034 = LINE ( 'NONE', #4850, #4327 ) ;
#6035 = CARTESIAN_POINT ( 'NONE',  ( -8.256662136074464087, -70.52672584433901193, 1.278146563075487574 ) ) ;
#6036 = CARTESIAN_POINT ( 'NONE',  ( 17.98824709115311649, -72.29277505989952601, 4.404245858940728731 ) ) ;
#6037 = LINE ( 'NONE', #997, #1708 ) ;
#6038 = CARTESIAN_POINT ( 'NONE',  ( -21.62540611165023563, -69.20677310332855825, 6.143668502190871017 ) ) ;
#6039 = DIRECTION ( 'NONE',  ( -0.000000000000000000, 1.000000000000000000, -0.000000000000000000 ) ) ;
#6040 = ORIENTED_EDGE ( 'NONE', *, *, #82, .F. ) ;
#6041 = B_SPLINE_CURVE_WITH_KNOTS ( 'NONE', 1,
 ( #5622, #3983 ),
 .UNSPECIFIED., .F., .F.,
 ( 2, 2 ),
 ( 0.000000000000000000, 0.01402420053665700411 ),
 .UNSPECIFIED. ) ;
#6042 = ORIENTED_EDGE ( 'NONE', *, *, #1563, .T. ) ;
#6043 = CARTESIAN_POINT ( 'NONE',  ( 23.91533722709288412, -77.00000000000004263, 5.593113825357806768 ) ) ;
#6044 =( GEOMETRIC_REPRESENTATION_CONTEXT ( 3 ) GLOBAL_UNCERTAINTY_ASSIGNED_CONTEXT ( ( #6959 ) ) GLOBAL_UNIT_ASSIGNED_CONTEXT ( ( #1379, #1312, #3053 ) ) REPRESENTATION_CONTEXT ( 'NONE', 'WORKASPACE' ) );
#6045 = AXIS2_PLACEMENT_3D ( 'NONE', #6052, #1270, #5600 ) ;
#6046 = CARTESIAN_POINT ( 'NONE',  ( -16.49520037808106920, -63.12266295304208796, 3.710265833889384801 ) ) ;
#6047 = CARTESIAN_POINT ( 'NONE',  ( 10.38835596851541787, -62.50424976918236553, 21.80728981690768009 ) ) ;
#6048 = VECTOR ( 'NONE', #3812, 999.9999999999997726 ) ;
#6049 = ORIENTED_EDGE ( 'NONE', *, *, #726, .F. ) ;
#6050 = EDGE_CURVE ( 'NONE', #1861, #2480, #7034, .T. ) ;
#6051 = CARTESIAN_POINT ( 'NONE',  ( -11.96799147100969307, -77.77967650617954121, 28.26469411817400967 ) ) ;
#6052 = CARTESIAN_POINT ( 'NONE',  ( -0.001737809258973430472, -77.00000000000004263, 23.75214960693389088 ) ) ;
#6053 = B_SPLINE_SURFACE_WITH_KNOTS ( 'NONE', 3, 1, ( 
 ( #6398, #4189, #3663, #3134 ),
 ( #5318, #1059, #3273, #3239 ),
 ( #445, #5990, #4883, #5499 ),
 ( #1092, #6434, #5458, #587 ),
 ( #3169, #4258, #992, #9 ),
 ( #4226, #2771, #6976, #2167 ),
 ( #477, #4810, #2668, #2736 ),
 ( #7078, #4336, #2632, #548 ),
 ( #2199, #4846, #3723, #5354 ),
 ( #6027, #7010, #1128, #2098 ),
 ( #5424, #2705, #6466, #1570 ),
 ( #1636, #3790, #2064, #5919 ),
 ( #5958, #4918, #514, #7040 ),
 ( #4371, #1535, #5389, #6540 ),
 ( #1026, #3693, #5888, #3201 ),
 ( #2131, #6575, #6504, #4295 ) ),
 .UNSPECIFIED., .F., .F., .F.,
 ( 4, 3, 2, 2, 2, 3, 4 ),
 ( 2, 1, 1, 2 ),
 ( -0.02332196372299883552, 0.000000000000000000, 0.2499999999999996669, 0.4999999999999997780, 0.7499999999999998890, 1.000000000000000000, 1.023321963723006656 ),
 ( -0.05286915988836178582, 0.000000000000000000, 1.000000000000000000, 1.133889140538346441 ),
 .UNSPECIFIED. ) ;
#6054 = DIRECTION ( 'NONE',  ( 0.8660254037844380415, -0.5000000000000012212, 0.000000000000000000 ) ) ;
#6055 = CARTESIAN_POINT ( 'NONE',  ( 40.20000000000000284, -44.31902001999193175, 12.50000000000000000 ) ) ;
#6056 = CARTESIAN_POINT ( 'NONE',  ( -28.68629150101522640, -22.00000000000004263, 8.500000000000000000 ) ) ;
#6057 = DIRECTION ( 'NONE',  ( 0.5000000000000012212, 0.8660254037844380415, -0.000000000000000000 ) ) ;
#6058 = CARTESIAN_POINT ( 'NONE',  ( -3.453110808384761476, -68.08692365686539461, 23.62531611735140658 ) ) ;
#6059 = ORIENTED_EDGE ( 'NONE', *, *, #5678, .F. ) ;
#6060 = CARTESIAN_POINT ( 'NONE',  ( -25.00000000000000000, -60.00000000000003553, 4.166666666666664298 ) ) ;
#6061 = CARTESIAN_POINT ( 'NONE',  ( 22.08557058925453731, -73.15632792967036835, 15.29197718674876860 ) ) ;
#6062 = CARTESIAN_POINT ( 'NONE',  ( -25.42438655634697042, -77.00000000000004263, 8.717090104463988354 ) ) ;
#6063 = CARTESIAN_POINT ( 'NONE',  ( 3.616528881952521424, -70.65994294452499958, 0.6540685792222682426 ) ) ;
#6064 = CARTESIAN_POINT ( 'NONE',  ( -41.39261040009957782, 55.69806105643778693, 21.14929656613472986 ) ) ;
#6065 = CARTESIAN_POINT ( 'NONE',  ( -39.99999999999999289, 55.00000000000000711, 12.50000000000000000 ) ) ;
#6066 = CARTESIAN_POINT ( 'NONE',  ( -23.35988815831000665, -58.28158801629653141, 21.88875025558888154 ) ) ;
#6067 = CARTESIAN_POINT ( 'NONE',  ( 22.03327139581607952, -74.00000000000001421, 15.78564897220112506 ) ) ;
#6068 = ORIENTED_EDGE ( 'NONE', *, *, #6363, .T. ) ;
#6069 = ORIENTED_EDGE ( 'NONE', *, *, #4192, .F. ) ;
#6070 = CARTESIAN_POINT ( 'NONE',  ( 25.65675877019942064, -77.00000000000004263, 9.665701311037999233 ) ) ;
#6071 = CARTESIAN_POINT ( 'NONE',  ( -25.65450740949632902, -76.52883651124776065, 9.656587779411228922 ) ) ;
#6072 = CARTESIAN_POINT ( 'NONE',  ( -6.274609627564576186, -62.80814472749632671, 2.937651315679656872 ) ) ;
#6073 = CARTESIAN_POINT ( 'NONE',  ( 18.54822854604097415, -68.15985916645907139, 4.527247361591326680 ) ) ;
#6074 = CARTESIAN_POINT ( 'NONE',  ( 20.96767586496732250, -74.00000000000008527, 18.14545517056862778 ) ) ;
#6075 = CARTESIAN_POINT ( 'NONE',  ( -21.79673559039147435, -68.94074578141369614, 7.519885858640390275 ) ) ;
#6076 = DIRECTION ( 'NONE',  ( 1.000000000000000000, 0.000000000000000000, 0.000000000000000000 ) ) ;
#6077 = ORIENTED_EDGE ( 'NONE', *, *, #3069, .T. ) ;
#6078 = ORIENTED_EDGE ( 'NONE', *, *, #3634, .F. ) ;
#6079 = CARTESIAN_POINT ( 'NONE',  ( -38.88401678921309923, 48.33203533316391542, 1.569943680680155884 ) ) ;
#6080 = CARTESIAN_POINT ( 'NONE',  ( -10.28067891613576279, -59.40752366131756190, 0.07457441105681467119 ) ) ;
#6081 = VECTOR ( 'NONE', #2284, 1000.000000000000000 ) ;
#6082 = CARTESIAN_POINT ( 'NONE',  ( -18.39193494247059135, -62.84777645490270714, 3.934540152307451688 ) ) ;
#6083 = CARTESIAN_POINT ( 'NONE',  ( 14.05308074612715785, -67.45727340253803561, 21.87567867258647070 ) ) ;
#6084 = ORIENTED_EDGE ( 'NONE', *, *, #2685, .T. ) ;
#6085 = CARTESIAN_POINT ( 'NONE',  ( -10.41666666666668561, -60.00000000000004263, 25.00000000000000000 ) ) ;
#6086 = CARTESIAN_POINT ( 'NONE',  ( -17.00496165596803522, -74.00000000000002842, 10.80903289019940949 ) ) ;
#6087 = DIRECTION ( 'NONE',  ( -1.000000000000000000, 0.000000000000000000, 0.000000000000000000 ) ) ;
#6088 = LINE ( 'NONE', #3265, #887 ) ;
#6089 = CARTESIAN_POINT ( 'NONE',  ( -37.36992017172347147, 52.09312198439493358, 0.7771575138359285706 ) ) ;
#6090 = ADVANCED_FACE ( 'NONE', ( #2700 ), #3195, .T. ) ;
#6091 = CARTESIAN_POINT ( 'NONE',  ( -6.253777446261752360, -73.18669722902978947, 24.76297163272318613 ) ) ;
#6092 = EDGE_CURVE ( 'NONE', #2808, #6309, #4839, .T. ) ;
#6093 = VERTEX_POINT ( 'NONE', #1053 ) ;
#6094 = CARTESIAN_POINT ( 'NONE',  ( -24.81122499035805262, -77.00000000000004263, 7.256704747465157368 ) ) ;
#6095 = FACE_BOUND ( 'NONE', #103, .T. ) ;
#6096 = CARTESIAN_POINT ( 'NONE',  ( -25.06445558290797138, -57.72388461084814537, 26.55434567859335715 ) ) ;
#6097 = CARTESIAN_POINT ( 'NONE',  ( 5.125804643244868508, -61.57340714406434756, 3.213486443915854807 ) ) ;
#6098 = CARTESIAN_POINT ( 'NONE',  ( -42.95774842154955309, 55.18503228672996386, 18.26528501884816436 ) ) ;
#6099 = CARTESIAN_POINT ( 'NONE',  ( 36.79999999999999716, 35.00000000000000711, 1.450000000000001732 ) ) ;
#6100 = EDGE_CURVE ( 'NONE', #4082, #5952, #428, .T. ) ;
#6101 = CARTESIAN_POINT ( 'NONE',  ( -17.90361883932835241, -70.96178679348811613, 20.64939106965236704 ) ) ;
#6102 = EDGE_CURVE ( 'NONE', #4866, #4221, #1979, .T. ) ;
#6103 = ORIENTED_EDGE ( 'NONE', *, *, #3338, .F. ) ;
#6104 = EDGE_LOOP ( 'NONE', ( #4267, #6278, #6413, #2213 ) ) ;
#6105 = CARTESIAN_POINT ( 'NONE',  ( -38.49999999999998579, -44.31902001999193175, 1.450000000000001732 ) ) ;
#6106 = CARTESIAN_POINT ( 'NONE',  ( -25.65450741102921839, -76.05772345769601372, 9.656587785642079425 ) ) ;
#6107 = CARTESIAN_POINT ( 'NONE',  ( -9.004605784490157916, -67.87941140758137237, 2.028829034380643215 ) ) ;
#6108 = LINE ( 'NONE', #6952, #4860 ) ;
#6109 = CARTESIAN_POINT ( 'NONE',  ( 16.39162555192601189, -61.79737176387195063, 3.637327342181747802 ) ) ;
#6110 = CARTESIAN_POINT ( 'NONE',  ( 22.26282804101699853, -74.00000000000001421, 10.86030083535071356 ) ) ;
#6111 = B_SPLINE_CURVE_WITH_KNOTS ( 'NONE', 3,
 ( #6978, #2066, #4228, #6436 ),
 .UNSPECIFIED., .F., .F.,
 ( 4, 4 ),
 ( 0.05895780229588153815, 0.06795832094713788463 ),
 .UNSPECIFIED. ) ;
#6112 = CARTESIAN_POINT ( 'NONE',  ( 17.74748603729677043, -77.00000000000004263, 12.49999999999993783 ) ) ;
#6113 = CARTESIAN_POINT ( 'NONE',  ( -38.49999999999998579, -44.31902001999193175, 0.000000000000000000 ) ) ;
#6114 = EDGE_CURVE ( 'NONE', #387, #4501, #72, .T. ) ;
#6115 = DIRECTION ( 'NONE',  ( -1.330321911110254761E-16, 1.000000000000000000, 0.000000000000000000 ) ) ;
#6116 = ORIENTED_EDGE ( 'NONE', *, *, #3033, .F. ) ;
#6117 = B_SPLINE_SURFACE_WITH_KNOTS ( 'NONE', 3, 1, ( 
 ( #23, #2216, #6518, #3737 ),
 ( #6481, #5933, #3327, #4390 ),
 ( #6007, #4310, #1690, #3289 ),
 ( #2683, #3837, #5435, #5516 ),
 ( #528, #7089, #457, #1620 ),
 ( #1004, #6043, #4426, #3253 ),
 ( #5404, #2645, #2716, #603 ),
 ( #1041, #2786, #4970, #3181 ),
 ( #60, #3219, #492, #5370 ),
 ( #2252, #4859, #3773, #5972 ),
 ( #1074, #6627, #4895, #2181 ),
 ( #4352, #6554, #1653, #1106 ),
 ( #3364, #2399, #1764, #6665 ),
 ( #5632, #3914, #1805, #718 ),
 ( #6119, #5552, #2326, #3995 ),
 ( #136, #3472, #1263, #5696 ),
 ( #1220, #682, #1184, #5156 ),
 ( #6703, #5592, #6198, #756 ),
 ( #174, #5047, #639, #3952 ),
 ( #6158, #3401, #1298, #2971 ),
 ( #4615, #2867, #5665, #4504 ),
 ( #2826, #3440, #2902, #2937 ),
 ( #244, #5116, #5084, #210 ),
 ( #2434, #2363, #4541, #6742 ),
 ( #1840, #4580, #6778, #1873 ),
 ( #4029, #6230, #1330, #6810 ),
 ( #3504, #788, #3880, #6080 ),
 ( #5009, #98, #2289, #4465 ),
 ( #7006, #5986, #5953, #3235 ),
 ( #6430, #1088, #2094, #5348 ),
 ( #543, #4290, #2591, #5385 ),
 ( #4253, #1604, #6535, #6462 ),
 ( #1020, #2060, #4878, #988 ),
 ( #7036, #1566, #4331, #3269 ),
 ( #951, #3130, #5314, #6971 ),
 ( #3197, #3163, #472, #5452 ),
 ( #2731, #6935, #4184, #2664 ),
 ( #6500, #4841, #4222, #1531 ),
 ( #1818, #3818, #3927, #1743 ),
 ( #3306, #6094, #3453, #5645 ) ),
 .UNSPECIFIED., .F., .F., .F.,
 ( 4, 3, 2, 2, 2, 2, 2, 2, 2, 2, 2, 2, 2, 2, 2, 2, 2, 3, 4 ),
 ( 2, 1, 1, 2 ),
 ( -0.01076716973520683296, 0.000000000000000000, 0.06249999999999990286, 0.1249999999999998057, 0.1874999999999997224, 0.2499999999999996114, 0.3124999999999996669, 0.3749999999999997224, 0.4374999999999997780, 0.4999999999999997780, 0.5624999999999997780, 0.6249999999999997780, 0.6874999999999997780, 0.7499999999999997780, 0.8124999999999998890, 0.8749999999999998890, 0.9374999999999998890, 1.000000000000000000, 1.010767169735208526 ),
 ( -0.04586332389291076367, 0.000000000000000000, 1.000000000000000000, 1.034851549334263821 ),
 .UNSPECIFIED. ) ;
#6118 = ORIENTED_EDGE ( 'NONE', *, *, #1735, .F. ) ;
#6119 = CARTESIAN_POINT ( 'NONE',  ( 11.96799147100968597, -77.77967650617951278, -3.264694118174011894 ) ) ;
#6120 = CARTESIAN_POINT ( 'NONE',  ( -20.24265023608181124, -63.88632730764749823, 4.417070318403360396 ) ) ;
#6121 = CARTESIAN_POINT ( 'NONE',  ( 10.06553689498630888, -59.87769120169370751, 21.45146516633640488 ) ) ;
#6122 = CIRCLE ( 'NONE', #4270, 1.700000000000000178 ) ;
#6123 = ORIENTED_EDGE ( 'NONE', *, *, #313, .T. ) ;
#6124 = CARTESIAN_POINT ( 'NONE',  ( 7.635467636035320638, -77.00000000000005684, 29.25913423042994310 ) ) ;
#6125 = FACE_OUTER_BOUND ( 'NONE', #4711, .T. ) ;
#6126 = CARTESIAN_POINT ( 'NONE',  ( 43.50000000000000000, 40.00000000000000711, 15.00000000000000178 ) ) ;
#6127 = CARTESIAN_POINT ( 'NONE',  ( 17.12334204847207175, -77.00000000000004263, 11.08030481609432805 ) ) ;
#6128 = CARTESIAN_POINT ( 'NONE',  ( -21.48072207726319505, -59.02136515773305092, 21.49999999999984368 ) ) ;
#6129 = CARTESIAN_POINT ( 'NONE',  ( 25.59826332794495940, -74.00000000000004263, 9.435546880694470673 ) ) ;
#6130 = CARTESIAN_POINT ( 'NONE',  ( -4.489228872035456952, -66.77639936832267153, 23.20084414668647455 ) ) ;
#6131 = ORIENTED_EDGE ( 'NONE', *, *, #4709, .F. ) ;
#6132 = CARTESIAN_POINT ( 'NONE',  ( -4.740459527603285927, -60.45423018416919803, 3.500000000000003553 ) ) ;
#6133 = EDGE_CURVE ( 'NONE', #2237, #4221, #4420, .T. ) ;
#6134 = CARTESIAN_POINT ( 'NONE',  ( 21.61464733046744868, -74.00000000000001421, 7.613070865666371034 ) ) ;
#6135 = CARTESIAN_POINT ( 'NONE',  ( -25.92971761545420861, -77.89877571810215784, 10.70887418831096660 ) ) ;
#6136 = CARTESIAN_POINT ( 'NONE',  ( 5.472419390552189178, -65.44963733725931831, 2.225557779258312330 ) ) ;
#6137 = CARTESIAN_POINT ( 'NONE',  ( 16.06494038919724332, -77.00000000000005684, -1.279052845874139033 ) ) ;
#6138 = CARTESIAN_POINT ( 'NONE',  ( -25.82352941176470296, -74.00000000000004263, 12.50000000000002309 ) ) ;
#6139 = CARTESIAN_POINT ( 'NONE',  ( -17.81899058750282450, -69.63079852707689099, 20.70302799824590778 ) ) ;
#6140 = VECTOR ( 'NONE', #2431, 999.9999999999998863 ) ;
#6141 = ORIENTED_EDGE ( 'NONE', *, *, #5048, .T. ) ;
#6142 = CIRCLE ( 'NONE', #7061, 1.500000000000001332 ) ;
#6143 = ORIENTED_EDGE ( 'NONE', *, *, #43, .F. ) ;
#6144 = CARTESIAN_POINT ( 'NONE',  ( -12.36694661346231250, -74.00000000000004263, 6.452058793034661122 ) ) ;
#6145 = ADVANCED_FACE ( 'NONE', ( #1946 ), #6022, .F. ) ;
#6146 = DIRECTION ( 'NONE',  ( -0.000000000000000000, 1.000000000000000000, -0.000000000000000000 ) ) ;
#6147 = CARTESIAN_POINT ( 'NONE',  ( -6.147684072933029320, -61.51178609825758059, 3.242251638369024302 ) ) ;
#6148 = CARTESIAN_POINT ( 'NONE',  ( 43.50000000000000000, 40.00000000000000711, 15.00000000000000178 ) ) ;
#6149 = CARTESIAN_POINT ( 'NONE',  ( 18.72968222534413840, -73.50065001983666946, 4.897581547841367566 ) ) ;
#6150 = CARTESIAN_POINT ( 'NONE',  ( 15.32192177163278934, -74.00000000000005684, 22.17384952855115898 ) ) ;
#6151 = VECTOR ( 'NONE', #2445, 999.9999999999998863 ) ;
#6152 = CARTESIAN_POINT ( 'NONE',  ( 40.20000000000000284, 35.00000000000000711, 12.50000000000000000 ) ) ;
#6153 = LINE ( 'NONE', #241, #2136 ) ;
#6154 = CYLINDRICAL_SURFACE ( 'NONE', #5041, 91.63661590615784291 ) ;
#6155 = VERTEX_POINT ( 'NONE', #4100 ) ;
#6156 = PLANE ( 'NONE',  #3304 ) ;
#6157 = ORIENTED_EDGE ( 'NONE', *, *, #3600, .F. ) ;
#6158 = CARTESIAN_POINT ( 'NONE',  ( 1.580536642169195094, -77.77967650617952700, -5.229316619464555949 ) ) ;
#6159 = CARTESIAN_POINT ( 'NONE',  ( -21.73250879638443323, -66.24641289751457407, 5.373069401231781228 ) ) ;
#6160 = CARTESIAN_POINT ( 'NONE',  ( 15.14209366961683223, -68.66774532492128458, 21.66926611553933668 ) ) ;
#6161 = ORIENTED_EDGE ( 'NONE', *, *, #3032, .T. ) ;
#6162 = ADVANCED_FACE ( 'NONE', ( #2080 ), #3719, .F. ) ;
#6163 = CARTESIAN_POINT ( 'NONE',  ( 10.41666666666666075, -60.00000000000004263, 25.00000000000000000 ) ) ;
#6164 = CARTESIAN_POINT ( 'NONE',  ( 25.99999999999999289, -77.00000000000004263, 13.53429071612314161 ) ) ;
#6165 = CARTESIAN_POINT ( 'NONE',  ( 16.90074604261395308, -77.00000000000002842, 25.81844848959562810 ) ) ;
#6166 = CARTESIAN_POINT ( 'NONE',  ( 5.622376121350016298, -77.00000000000004263, 4.164937567972038401 ) ) ;
#6167 = CARTESIAN_POINT ( 'NONE',  ( -21.49160088703868610, -68.71057779117974462, 19.94566750082953277 ) ) ;
#6168 = VECTOR ( 'NONE', #5560, 1000.000000000000000 ) ;
#6169 = CARTESIAN_POINT ( 'NONE',  ( -3.963494385748633331, -75.80406142101156775, 25.78780762090630319 ) ) ;
#6170 = ORIENTED_EDGE ( 'NONE', *, *, #5590, .T. ) ;
#6171 = CARTESIAN_POINT ( 'NONE',  ( -24.49313816524951193, -77.89877571810217205, 7.054973048864359164 ) ) ;
#6172 = CARTESIAN_POINT ( 'NONE',  ( 21.63134072365711091, -71.61342197330149872, 6.847561695579187813 ) ) ;
#6173 = CARTESIAN_POINT ( 'NONE',  ( 21.96112556548719752, -73.06509426449414946, 8.782482931179167451 ) ) ;
#6174 = CARTESIAN_POINT ( 'NONE',  ( -3.011440608509841965, -60.36245904620774638, 3.532198174927331014 ) ) ;
#6175 = LINE ( 'NONE', #1783, #6487 ) ;
#6176 = DIRECTION ( 'NONE',  ( 0.8571673007021104462, 1.049727191138616354E-16, -0.5150380749100574862 ) ) ;
#6177 = B_SPLINE_CURVE_WITH_KNOTS ( 'NONE', 3,
 ( #6365, #6982, #2466, #1972, #1541, #1466, #822, #4127, #5861, #962 ),
 .UNSPECIFIED., .F., .F.,
 ( 4, 2, 2, 2, 4 ),
 ( 0.0001268326591243247895, 0.0008138084444369966027, 0.001500784229749668307, 0.002187760015062340229, 0.002874735800375012151 ),
 .UNSPECIFIED. ) ;
#6178 = CARTESIAN_POINT ( 'NONE',  ( -17.12844472315522282, -71.08428455837774607, 21.03321699470093975 ) ) ;
#6179 = VECTOR ( 'NONE', #2789, 1000.000000000000000 ) ;
#6180 = AXIS2_PLACEMENT_3D ( 'NONE', #2416, #4735, #2987 ) ;
#6181 = ORIENTED_EDGE ( 'NONE', *, *, #4620, .F. ) ;
#6182 = ORIENTED_EDGE ( 'NONE', *, *, #5961, .T. ) ;
#6183 = CARTESIAN_POINT ( 'NONE',  ( -16.44962808176718383, -77.00000000000004263, 9.758157174275796208 ) ) ;
#6184 = CARTESIAN_POINT ( 'NONE',  ( 39.57990233007745218, -45.64757108856643697, 2.058504699876241073 ) ) ;
#6185 = CARTESIAN_POINT ( 'NONE',  ( -14.39181443285378315, -70.08973688627487775, 2.945879232704924355 ) ) ;
#6186 = DIRECTION ( 'NONE',  ( 1.553732654557586955E-16, -1.000000000000000000, -0.000000000000000000 ) ) ;
#6187 = CARTESIAN_POINT ( 'NONE',  ( 17.67205243912756885, -66.96931725823446868, 4.140880290828624410 ) ) ;
#6188 = CARTESIAN_POINT ( 'NONE',  ( -39.99999999999999289, 55.00000000000000711, 12.50000000000000000 ) ) ;
#6189 = VECTOR ( 'NONE', #4626, 1000.000000000000000 ) ;
#6190 = CARTESIAN_POINT ( 'NONE',  ( 4.857460020034782389, -77.00000000000004263, 20.96917652337257110 ) ) ;
#6191 = CARTESIAN_POINT ( 'NONE',  ( -43.50000000000000000, 55.00000000000000711, 25.00000000000000000 ) ) ;
#6193 = EDGE_CURVE ( 'NONE', #3325, #3422, #1481, .T. ) ;
#6192 = DIRECTION ( 'NONE',  ( -1.553732654557586955E-16, 1.000000000000000000, 0.000000000000000000 ) ) ;
#6194 = EDGE_CURVE ( 'NONE', #3536, #4603, #6381, .T. ) ;
#6195 = EDGE_LOOP ( 'NONE', ( #4755, #4048, #846, #3877, #4141, #2304, #1320, #5859, #3948, #6391, #5695, #2249, #3250, #5795, #1728, #950, #6643, #1188 ) ) ;
#6196 = VERTEX_POINT ( 'NONE', #2616 ) ;
#6197 = B_SPLINE_CURVE_WITH_KNOTS ( 'NONE', 3,
 ( #30, #1628, #3333, #2224, #1595, #1116, #5946 ),
 .UNSPECIFIED., .F., .F.,
 ( 4, 3, 4 ),
 ( 9.941479219552052076E-05, 0.008383980808486653571, 0.01607796213554076037 ),
 .UNSPECIFIED. ) ;
#6198 = CARTESIAN_POINT ( 'NONE',  ( 4.166666666666667851, -60.00000000000003553, 0.000000000000000000 ) ) ;
#6199 = CARTESIAN_POINT ( 'NONE',  ( -22.30159721909729242, -67.42099715994551445, 5.966784009829285473 ) ) ;
#6200 = CARTESIAN_POINT ( 'NONE',  ( 12.87369410322191854, -72.87848905995974746, 23.01527710800125348 ) ) ;
#6201 = ADVANCED_FACE ( 'NONE', ( #897 ), #5299, .F. ) ;
#6202 = ORIENTED_EDGE ( 'NONE', *, *, #6193, .F. ) ;
#6203 = CARTESIAN_POINT ( 'NONE',  ( 20.83333333333333570, -60.00000000000004263, 25.00000000000000000 ) ) ;
#6204 = CARTESIAN_POINT ( 'NONE',  ( -16.80804535180145365, -74.00000000000004263, 14.62848646930251917 ) ) ;
#6205 = CARTESIAN_POINT ( 'NONE',  ( -2.161340569159404090, -77.00000000000004263, 29.95470529358291145 ) ) ;
#6206 = CARTESIAN_POINT ( 'NONE',  ( 16.85400159180968416, -77.00000000000004263, 10.47273313003693751 ) ) ;
#6207 = DIRECTION ( 'NONE',  ( 1.000000000000000000, 0.000000000000000000, -0.000000000000000000 ) ) ;
#6208 = CARTESIAN_POINT ( 'NONE',  ( -38.49999999999998579, 50.00000000000000711, 21.50000000000000000 ) ) ;
#6209 = B_SPLINE_CURVE_WITH_KNOTS ( 'NONE', 3,
 ( #3707, #5900, #1007, #3184, #5066, #2735, #6722, #4485, #2804, #547, #4917, #117, #1282, #39, #1747, #4523, #8, #2198, #3310, #586, #4988, #3898, #3419, #2309, #4445, #3862, #6685, #6137, #5498, #5612, #79, #2770, #3382, #1823 ),
 .UNSPECIFIED., .F., .F.,
 ( 4, 2, 2, 2, 2, 2, 2, 2, 2, 2, 2, 2, 2, 2, 2, 2, 4 ),
 ( 0.09959263859217350190, 0.1496441749689072787, 0.1996957113456410693, 0.2497472477223748322, 0.2997987840991087061, 0.3498503204758425245, 0.3999018568525764539, 0.4499533932293102723, 0.5000049296060441462, 0.5500564659827780201, 0.6001080023595118940, 0.6501595387362457679, 0.7002110751129796418, 0.7502626114897135157, 0.8003141478664472785, 0.8503656842431812635, 0.9004172206199150263 ),
 .UNSPECIFIED. ) ;
#6210 = CARTESIAN_POINT ( 'NONE',  ( -1.269873893830469447, -73.25935911006992285, 25.25156691394143138 ) ) ;
#6211 = ORIENTED_EDGE ( 'NONE', *, *, #3377, .F. ) ;
#6212 = DIRECTION ( 'NONE',  ( -1.000000000000000000, 0.000000000000000000, 0.000000000000000000 ) ) ;
#6213 = CARTESIAN_POINT ( 'NONE',  ( 21.45495460367063600, -58.00528102953283849, 21.49999999997596589 ) ) ;
#6214 = CARTESIAN_POINT ( 'NONE',  ( 21.43064860050459330, -57.86825743319937487, 4.473290292038400118 ) ) ;
#6215 = CARTESIAN_POINT ( 'NONE',  ( -2.151706176900952894, -64.25312548112322020, 2.414205467053010867 ) ) ;
#6216 = FACE_OUTER_BOUND ( 'NONE', #5451, .T. ) ;
#6217 = CARTESIAN_POINT ( 'NONE',  ( 21.45495460367103391, -58.00528102953262533, 3.500000000000000000 ) ) ;
#6218 = CARTESIAN_POINT ( 'NONE',  ( -17.37202824585950012, -73.73557537214232127, 21.01575719131441389 ) ) ;
#6219 = AXIS2_PLACEMENT_3D ( 'NONE', #3103, #2462, #4641 ) ;
#6220 = EDGE_LOOP ( 'NONE', ( #6049, #2543, #5502, #706, #6979, #4848, #6040, #404 ) ) ;
#6221 = ORIENTED_EDGE ( 'NONE', *, *, #3256, .T. ) ;
#6222 = CARTESIAN_POINT ( 'NONE',  ( 39.86244973789826673, -45.35582650917790914, 2.283019160456117191 ) ) ;
#6223 = CARTESIAN_POINT ( 'NONE',  ( -13.43454780472105092, -70.17915927436969525, 2.634472455612876463 ) ) ;
#6224 = CARTESIAN_POINT ( 'NONE',  ( 14.39181443285371564, -70.08973688627484933, 2.945879232704901263 ) ) ;
#6225 = CARTESIAN_POINT ( 'NONE',  ( 38.50000000000000000, 35.00000000000000711, 17.00000000000000000 ) ) ;
#6226 = DIRECTION ( 'NONE',  ( -1.000000000000000000, 0.000000000000000000, 0.000000000000000000 ) ) ;
#6227 = CARTESIAN_POINT ( 'NONE',  ( -21.44042580150775379, -75.00066329270610765, 22.39999540656167554 ) ) ;
#6228 = CARTESIAN_POINT ( 'NONE',  ( 17.57257356311983898, -77.00000000000004263, 12.89786075271123345 ) ) ;
#6229 = ORIENTED_EDGE ( 'NONE', *, *, #1819, .T. ) ;
#6230 = CARTESIAN_POINT ( 'NONE',  ( -11.80860400651025088, -77.00000000000005684, -3.121530360221614231 ) ) ;
#6231 = EDGE_CURVE ( 'NONE', #2890, #2424, #3576, .T. ) ;
#6232 = CARTESIAN_POINT ( 'NONE',  ( -23.23072555865656241, -65.95717702881080413, 5.819265472655602345 ) ) ;
#6233 = CARTESIAN_POINT ( 'NONE',  ( 15.77045558392545566, -65.90032255721095567, 21.37024458440644281 ) ) ;
#6234 = ORIENTED_EDGE ( 'NONE', *, *, #184, .T. ) ;
#6235 = ORIENTED_EDGE ( 'NONE', *, *, #3816, .F. ) ;
#6236 = CARTESIAN_POINT ( 'NONE',  ( 25.17945282892012315, -60.00000000000003553, 25.00000000000000000 ) ) ;
#6237 = EDGE_CURVE ( 'NONE', #7044, #5513, #4692, .T. ) ;
#6238 = CARTESIAN_POINT ( 'NONE',  ( -38.49999999999998579, -44.31902001999193175, 0.000000000000000000 ) ) ;
#6239 = ADVANCED_FACE ( 'NONE', ( #6343 ), #3677, .T. ) ;
#6240 = CARTESIAN_POINT ( 'NONE',  ( 41.95544578472215846, 41.20694406793972320, 20.37989901779091895 ) ) ;
#6241 = CARTESIAN_POINT ( 'NONE',  ( 16.12763008922663488, -77.00000000000004263, 9.357240089103523673 ) ) ;
#6242 = FACE_BOUND ( 'NONE', #1573, .T. ) ;
#6243 = CARTESIAN_POINT ( 'NONE',  ( -21.84978653842432195, -77.00000000000004263, 3.014876443194892897 ) ) ;
#6244 = CARTESIAN_POINT ( 'NONE',  ( -4.062250267564261973E-12, -68.12066825119646296, 23.74018724956702897 ) ) ;
#6245 = ORIENTED_EDGE ( 'NONE', *, *, #736, .F. ) ;
#6246 = CARTESIAN_POINT ( 'NONE',  ( -25.08720281525329199, -77.89877571810218626, 16.89786704995339406 ) ) ;
#6247 = CARTESIAN_POINT ( 'NONE',  ( 17.86907151464183485, -74.00000000000002842, 0.1834256247319691335 ) ) ;
#6248 = CARTESIAN_POINT ( 'NONE',  ( 22.21001561302319516, -73.24756159488387652, 10.63356269532812881 ) ) ;
#6249 = CARTESIAN_POINT ( 'NONE',  ( -3.894941832968301957E-14, -70.69001368063320001, 0.5041229182456984370 ) ) ;
#6250 = CARTESIAN_POINT ( 'NONE',  ( -40.20000000000160867, 50.00000000000250111, 2.576389018814377430 ) ) ;
#6251 = CYLINDRICAL_SURFACE ( 'NONE', #4722, 2.499999999999995115 ) ;
#6252 = CARTESIAN_POINT ( 'NONE',  ( -11.86602652514900491, -72.94807336473644455, 23.37411120133093689 ) ) ;
#6253 = ORIENTED_EDGE ( 'NONE', *, *, #496, .F. ) ;
#6254 = ORIENTED_EDGE ( 'NONE', *, *, #5148, .T. ) ;
#6255 = CARTESIAN_POINT ( 'NONE',  ( 24.60084272001518713, -77.00000000000004263, 18.16405979322058428 ) ) ;
#6256 = CARTESIAN_POINT ( 'NONE',  ( -10.06553689499135018, -59.87769120169313197, 3.548534833663582244 ) ) ;
#6257 = CARTESIAN_POINT ( 'NONE',  ( 13.25282582758757499, -68.86801267194505272, 2.764311895353915194 ) ) ;
#6258 = CARTESIAN_POINT ( 'NONE',  ( -22.03327139581680782, -74.00000000000004263, 9.214351027802958782 ) ) ;
#6259 = CARTESIAN_POINT ( 'NONE',  ( 16.91644020938783299, -77.00000000000004263, 14.38971422161703195 ) ) ;
#6260 = DIRECTION ( 'NONE',  ( -1.000000000000000000, 0.000000000000000000, 0.000000000000000000 ) ) ;
#6261 = VECTOR ( 'NONE', #439, 1000.000000000000000 ) ;
#6262 = CARTESIAN_POINT ( 'NONE',  ( 16.77618712260962042, -77.00000000000004263, 14.68277962994324604 ) ) ;
#6263 = ORIENTED_EDGE ( 'NONE', *, *, #4084, .T. ) ;
#6264 = ADVANCED_FACE ( 'NONE', ( #356 ), #5871, .T. ) ;
#6265 = VECTOR ( 'NONE', #1157, 1000.000000000000000 ) ;
#6266 = CARTESIAN_POINT ( 'NONE',  ( -24.25119273388979835, -59.46031157595066929, 3.542945132950642062 ) ) ;
#6267 = CARTESIAN_POINT ( 'NONE',  ( 16.28415423008481611, -60.47400948781616847, 21.45079207908153762 ) ) ;
#6268 = ORIENTED_EDGE ( 'NONE', *, *, #283, .T. ) ;
#6269 = VERTEX_POINT ( 'NONE', #2015 ) ;
#6270 = CARTESIAN_POINT ( 'NONE',  ( 23.04525864944430324, -77.77967650617954121, 20.56612288739502148 ) ) ;
#6271 = CARTESIAN_POINT ( 'NONE',  ( 23.01859292597433893, -77.00000000000004263, 20.76528915666345299 ) ) ;
#6272 = CARTESIAN_POINT ( 'NONE',  ( -19.23227741387562162, -77.00000000000004263, 24.29892683624256833 ) ) ;
#6273 = CARTESIAN_POINT ( 'NONE',  ( -15.26720647818630283, -77.00000000000004263, 8.448939374508418254 ) ) ;
#6274 = FACE_BOUND ( 'NONE', #2100, .T. ) ;
#6275 = CARTESIAN_POINT ( 'NONE',  ( 3.295216011136726575, -65.51333405750570194, 22.90503399526476613 ) ) ;
#6276 = COLOUR_RGB ( '',0.7921568627450980005, 0.8196078431372548767, 0.9333333333333333481 ) ;
#6277 = EDGE_CURVE ( 'NONE', #2820, #6196, #4170, .T. ) ;
#6278 = ORIENTED_EDGE ( 'NONE', *, *, #2330, .T. ) ;
#6279 = CARTESIAN_POINT ( 'NONE',  ( -24.53643888760429093, -77.89877571810217205, 17.86870061166760237 ) ) ;
#6280 = CARTESIAN_POINT ( 'NONE',  ( 25.99999999999999645, -77.00000000000004263, 12.49999999999999289 ) ) ;
#6281 = AXIS2_PLACEMENT_3D ( 'NONE', #1156, #5523, #4978 ) ;
#6282 = CARTESIAN_POINT ( 'NONE',  ( 21.53745693383747550, -60.73962015597951591, 10.67567681407544455 ) ) ;
#6283 = CARTESIAN_POINT ( 'NONE',  ( -4.920255503261442342, -71.92701029789081701, 0.4041680254732044064 ) ) ;
#6284 = CARTESIAN_POINT ( 'NONE',  ( 38.50000000000000000, 35.00000000000000711, 0.000000000000000000 ) ) ;
#6285 = DIRECTION ( 'NONE',  ( 0.000000000000000000, 0.000000000000000000, 1.000000000000000000 ) ) ;
#6286 = CARTESIAN_POINT ( 'NONE',  ( -15.89699099475540578, -67.22463657686972738, 21.37111861884218200 ) ) ;
#6287 = ORIENTED_EDGE ( 'NONE', *, *, #3766, .F. ) ;
#6288 = ORIENTED_EDGE ( 'NONE', *, *, #5053, .T. ) ;
#6289 = CARTESIAN_POINT ( 'NONE',  ( 24.62304033231382405, -77.89877571810218626, 7.283952067268437247 ) ) ;
#6290 = CARTESIAN_POINT ( 'NONE',  ( -12.40954253034734656, -62.29188862515681535, 3.343637757471230376 ) ) ;
#6291 = CARTESIAN_POINT ( 'NONE',  ( 12.67548763990759397, -71.57353536121195248, 2.153894285260705033 ) ) ;
#6292 = CARTESIAN_POINT ( 'NONE',  ( -40.18788463193157412, -44.55114444101689486, 2.565409233351560570 ) ) ;
#6293 = CARTESIAN_POINT ( 'NONE',  ( -15.53663826102322254, -77.00000000000004263, 16.29845140207862286 ) ) ;
#6294 = DIRECTION ( 'NONE',  ( 1.330321911110254761E-16, -1.000000000000000000, 0.000000000000000000 ) ) ;
#6295 = B_SPLINE_CURVE_WITH_KNOTS ( 'NONE', 3,
 ( #4576, #5346, #986, #1495 ),
 .UNSPECIFIED., .F., .F.,
 ( 4, 4 ),
 ( 0.003843656857879265438, 0.006938441802050250053 ),
 .UNSPECIFIED. ) ;
#6296 = ORIENTED_EDGE ( 'NONE', *, *, #1650, .T. ) ;
#6297 = VECTOR ( 'NONE', #256, 1000.000000000000000 ) ;
#6298 = DIRECTION ( 'NONE',  ( 1.000000000000000000, 0.000000000000000000, 0.000000000000000000 ) ) ;
#6299 = EDGE_CURVE ( 'NONE', #3559, #4151, #6449, .T. ) ;
#6300 = CARTESIAN_POINT ( 'NONE',  ( 16.69858866667129149, -65.77514961386454218, 21.15913751880402671 ) ) ;
#6301 = ORIENTED_EDGE ( 'NONE', *, *, #2605, .T. ) ;
#6302 = DIRECTION ( 'NONE',  ( -0.01950348607398051659, -0.9260633242332211301, -0.3768638129896234035 ) ) ;
#6303 = CARTESIAN_POINT ( 'NONE',  ( 18.57315826777938028, -77.00000000000005684, 24.77726888425403118 ) ) ;
#6304 = CARTESIAN_POINT ( 'NONE',  ( -12.70628939253086820, -74.00000000000004263, 18.43140454764494862 ) ) ;
#6305 = CARTESIAN_POINT ( 'NONE',  ( 20.85644092540763594, -67.72281015937541326, 5.406700793327147814 ) ) ;
#6306 = CARTESIAN_POINT ( 'NONE',  ( -0.001737809258973430472, -77.00000000000004263, 25.25214960693389088 ) ) ;
#6307 = CARTESIAN_POINT ( 'NONE',  ( 25.65639081652326325, -75.58666007263673237, 15.33569234972115325 ) ) ;
#6308 = CARTESIAN_POINT ( 'NONE',  ( 1.050078833143756274, -62.98197739232301728, 22.22880758519251287 ) ) ;
#6309 = VERTEX_POINT ( 'NONE', #1550 ) ;
#6310 = CARTESIAN_POINT ( 'NONE',  ( -26.05286915988835972, -77.89877571810217205, 11.60439249103841952 ) ) ;
#6311 = B_SPLINE_CURVE_WITH_KNOTS ( 'NONE', 3,
 ( #2638, #1642, #451, #7046 ),
 .UNSPECIFIED., .F., .F.,
 ( 4, 4 ),
 ( 0.000000000000000000, 0.001524608330382725080 ),
 .UNSPECIFIED. ) ;
#6312 = DIRECTION ( 'NONE',  ( 1.000000000000000000, 0.000000000000000000, 0.000000000000000000 ) ) ;
#6313 = AXIS2_PLACEMENT_3D ( 'NONE', #1068, #4929, #3731 ) ;
#6314 = CARTESIAN_POINT ( 'NONE',  ( 36.34531681131677772, -42.61959378399301102, 0.4122567223685143500 ) ) ;
#6315 = EDGE_CURVE ( 'NONE', #4117, #4235, #6209, .T. ) ;
#6316 = EDGE_CURVE ( 'NONE', #6411, #420, #5131, .T. ) ;
#6317 = CARTESIAN_POINT ( 'NONE',  ( -2.542030417520520835, -73.25037381470374953, -0.1888419633977466983 ) ) ;
#6318 = CARTESIAN_POINT ( 'NONE',  ( -43.38685996664258226, -31.63661590615784291, 16.50000000000000000 ) ) ;
#6319 = DIRECTION ( 'NONE',  ( -1.330321911110254514E-16, 1.000000000000000000, 0.000000000000000000 ) ) ;
#6320 = CARTESIAN_POINT ( 'NONE',  ( -11.57340780628565469, -63.71752943154067594, 21.88148211148985567 ) ) ;
#6321 = LINE ( 'NONE', #3469, #4063 ) ;
#6322 = EDGE_LOOP ( 'NONE', ( #5894, #5618, #1422, #602, #6429, #5114 ) ) ;
#6323 = VERTEX_POINT ( 'NONE', #6648 ) ;
#6324 = CARTESIAN_POINT ( 'NONE',  ( 25.00000000000000000, -60.00000000000003553, 2.083333333333338366 ) ) ;
#6325 = CARTESIAN_POINT ( 'NONE',  ( -16.58733917319548112, -73.83630048751389552, 3.534586328960795054 ) ) ;
#6326 =( BOUNDED_CURVE ( )  B_SPLINE_CURVE ( 3, ( #3183, #3676, #1137, #5508 ),
 .UNSPECIFIED., .F., .F. ) 
 B_SPLINE_CURVE_WITH_KNOTS ( ( 4, 4 ),
 ( 0.000000000000000000, 1.570796326794896558 ),
 .UNSPECIFIED. ) 
 CURVE ( )  GEOMETRIC_REPRESENTATION_ITEM ( )  RATIONAL_B_SPLINE_CURVE ( ( 1.000000000000000000, 0.8047378541243649375, 0.8047378541243649375, 1.000000000000000000 ) ) 
 REPRESENTATION_ITEM ( '' )  );
#6327 = EDGE_CURVE ( 'NONE', #5852, #3242, #6175, .T. ) ;
#6328 = CARTESIAN_POINT ( 'NONE',  ( 14.69845667717041593, -64.70285421305047180, 3.452197213036408918 ) ) ;
#6329 = CARTESIAN_POINT ( 'NONE',  ( -40.14215378980048854, -44.77307641317553077, 2.524524513437294004 ) ) ;
#6330 = EDGE_CURVE ( 'NONE', #4921, #2465, #4291, .T. ) ;
#6331 = CARTESIAN_POINT ( 'NONE',  ( 25.99999999999998934, -74.00000000000004263, 11.46570928386932486 ) ) ;
#6332 = AXIS2_PLACEMENT_3D ( 'NONE', #740, #774, #3420 ) ;
#6333 = CARTESIAN_POINT ( 'NONE',  ( 38.50000000000000000, -44.31902001999193175, 21.50000000000000000 ) ) ;
#6334 = ORIENTED_EDGE ( 'NONE', *, *, #655, .T. ) ;
#6335 = CARTESIAN_POINT ( 'NONE',  ( 38.50000000000000000, -44.31902001999193175, 12.50000000000000000 ) ) ;
#6336 = CARTESIAN_POINT ( 'NONE',  ( 16.49520037807544881, -63.12266295304287667, 21.28973416611129466 ) ) ;
#6337 = VERTEX_POINT ( 'NONE', #6574 ) ;
#6338 = CARTESIAN_POINT ( 'NONE',  ( 6.160766860776627496, -74.00000000000004263, 20.73819215370817304 ) ) ;
#6339 = ORIENTED_EDGE ( 'NONE', *, *, #5651, .T. ) ;
#6340 = DIRECTION ( 'NONE',  ( -0.000000000000000000, -0.000000000000000000, -1.000000000000000000 ) ) ;
#6341 = CARTESIAN_POINT ( 'NONE',  ( -22.01694537661055406, -77.01806331675075512, 21.80829409305185607 ) ) ;
#6342 = DIRECTION ( 'NONE',  ( -0.000000000000000000, -0.000000000000000000, -1.000000000000000000 ) ) ;
#6343 = FACE_OUTER_BOUND ( 'NONE', #1112, .T. ) ;
#6344 = CARTESIAN_POINT ( 'NONE',  ( 21.48885533175655738, -72.82317054941110257, 7.104642815132343081 ) ) ;
#6345 = CARTESIAN_POINT ( 'NONE',  ( 38.68627997701627663, 33.31023677097564928, 1.450000000000001066 ) ) ;
#6346 = LINE ( 'NONE', #2550, #3097 ) ;
#6347 = CARTESIAN_POINT ( 'NONE',  ( 3.616528881947856711, -70.65994294452508484, 24.34593142077811478 ) ) ;
#6348 = ORIENTED_EDGE ( 'NONE', *, *, #64, .F. ) ;
#6349 = CARTESIAN_POINT ( 'NONE',  ( 16.89247449991619376, -74.00000000000007105, -0.3358723515784005631 ) ) ;
#6350 = LINE ( 'NONE', #5341, #2162 ) ;
#6351 = CARTESIAN_POINT ( 'NONE',  ( -6.392915371072027675, -74.47483203011825026, -0.09501251141607910955 ) ) ;
#6352 = LINE ( 'NONE', #773, #1816 ) ;
#6353 = CARTESIAN_POINT ( 'NONE',  ( 0.000000000000000000, -77.00000000000004263, 12.50000000000000000 ) ) ;
#6354 = CARTESIAN_POINT ( 'NONE',  ( -13.26306052945198566, -60.85841037245285889, 21.52464357671656359 ) ) ;
#6355 = DIRECTION ( 'NONE',  ( -0.000000000000000000, -0.000000000000000000, -1.000000000000000000 ) ) ;
#6356 = ORIENTED_EDGE ( 'NONE', *, *, #6114, .F. ) ;
#6357 = ORIENTED_EDGE ( 'NONE', *, *, #1989, .F. ) ;
#6358 = CARTESIAN_POINT ( 'NONE',  ( 25.08720281525328843, -77.89877571810218626, 16.89786704995337629 ) ) ;
#6359 = CARTESIAN_POINT ( 'NONE',  ( -17.74748603729673491, -74.00000000000004263, 12.50000000000002132 ) ) ;
#6360 = CARTESIAN_POINT ( 'NONE',  ( 16.28415423009061058, -60.47400948781534424, 3.549207920918573844 ) ) ;
#6361 = DIRECTION ( 'NONE',  ( -0.000000000000000000, -0.000000000000000000, -1.000000000000000000 ) ) ;
#6362 = PLANE ( 'NONE',  #4696 ) ;
#6363 = EDGE_CURVE ( 'NONE', #5503, #1935, #2886, .T. ) ;
#6364 = EDGE_LOOP ( 'NONE', ( #6822, #12, #5433, #5773 ) ) ;
#6365 = CARTESIAN_POINT ( 'NONE',  ( -38.68627997701626242, -42.62925679096758103, 1.450000000000001288 ) ) ;
#6366 = CARTESIAN_POINT ( 'NONE',  ( 0.000000000000000000, 0.000000000000000000, 12.50000000000000000 ) ) ;
#6367 = CARTESIAN_POINT ( 'NONE',  ( 21.29494548425643430, -70.25964424791109764, 18.77615995589868803 ) ) ;
#6368 = CARTESIAN_POINT ( 'NONE',  ( -5.622376121350066036, -74.00000000000004263, 20.83506243202796071 ) ) ;
#6369 = ORIENTED_EDGE ( 'NONE', *, *, #2604, .F. ) ;
#6370 = VERTEX_POINT ( 'NONE', #2234 ) ;
#6371 = AXIS2_PLACEMENT_3D ( 'NONE', #460, #6850, #2047 ) ;
#6372 = CARTESIAN_POINT ( 'NONE',  ( 10.68616235950700499, -77.00000000000004263, 5.658159965767950439 ) ) ;
#6373 = LINE ( 'NONE', #1976, #5556 ) ;
#6374 = DIRECTION ( 'NONE',  ( -0.000000000000000000, -0.000000000000000000, -1.000000000000000000 ) ) ;
#6375 = CARTESIAN_POINT ( 'NONE',  ( 21.61464733046744868, -74.00000000000001421, 7.613070865666371034 ) ) ;
#6376 = CARTESIAN_POINT ( 'NONE',  ( 38.50000000000000000, -44.31902001999193175, 17.00000000000000000 ) ) ;
#6377 = LINE ( 'NONE', #1482, #568 ) ;
#6378 = CARTESIAN_POINT ( 'NONE',  ( -21.73432409607678295, -71.56956601858604472, 7.323701020648034188 ) ) ;
#6379 = CARTESIAN_POINT ( 'NONE',  ( -4.570348340944623679E-12, -74.54403182478833401, 25.62941183003522383 ) ) ;
#6380 = UNCERTAINTY_MEASURE_WITH_UNIT (LENGTH_MEASURE( 1.000000000000000082E-05 ), #3635, 'distance_accuracy_value', 'NONE');
#6381 = B_SPLINE_CURVE_WITH_KNOTS ( 'NONE', 3,
 ( #6418, #5799, #3046, #323 ),
 .UNSPECIFIED., .F., .F.,
 ( 4, 4 ),
 ( 0.000000000000000000, 0.9999999939858725817 ),
 .UNSPECIFIED. ) ;
#6382 = AXIS2_PLACEMENT_3D ( 'NONE', #4531, #3940, #1248 ) ;
#6383 = CARTESIAN_POINT ( 'NONE',  ( -25.37995945403528353, -59.40752366131755480, 25.24897485072486347 ) ) ;
#6384 = CARTESIAN_POINT ( 'NONE',  ( 35.76103313326963473, 35.94632774054105795, 0.2584705513027503176 ) ) ;
#6385 = CARTESIAN_POINT ( 'NONE',  ( 13.63000766128985930, -74.00000000000004263, 26.76216616028427708 ) ) ;
#6386 = STYLED_ITEM ( 'NONE', ( #3602 ), #4027 ) ;
#6387 = DIRECTION ( 'NONE',  ( -1.000000000000000000, 0.000000000000000000, 0.000000000000000000 ) ) ;
#6388 = CARTESIAN_POINT ( 'NONE',  ( -25.99999999999999645, -74.00000000000004263, 12.50000000000000000 ) ) ;
#6389 = CARTESIAN_POINT ( 'NONE',  ( -15.27812424975240191, -60.60375690166171125, 21.47319042081327467 ) ) ;
#6390 = CARTESIAN_POINT ( 'NONE',  ( -25.65889400384262231, -76.05777301236936694, 15.34448326870718304 ) ) ;
#6391 = ORIENTED_EDGE ( 'NONE', *, *, #2996, .T. ) ;
#6392 = VECTOR ( 'NONE', #6989, 1000.000000000000000 ) ;
#6393 = ORIENTED_EDGE ( 'NONE', *, *, #6719, .T. ) ;
#6394 = AXIS2_PLACEMENT_3D ( 'NONE', #105, #610, #5054 ) ;
#6395 = CARTESIAN_POINT ( 'NONE',  ( 24.98891076837313463, -57.72388461084813827, 1.317946770163689996 ) ) ;
#6396 = CARTESIAN_POINT ( 'NONE',  ( -16.12763008922668817, -74.00000000000004263, 15.64275991089641948 ) ) ;
#6397 = CARTESIAN_POINT ( 'NONE',  ( 9.869050018731334362, -66.50627848880836268, 2.456372412482144885 ) ) ;
#6398 = CARTESIAN_POINT ( 'NONE',  ( 24.49313816524953324, -77.89877571810218626, 17.94502695113559199 ) ) ;
#6399 = CARTESIAN_POINT ( 'NONE',  ( -9.457963425667509583, -77.00000000000004263, 19.82744817502639378 ) ) ;
#6400 = DIRECTION ( 'NONE',  ( -1.000000000000000000, 2.775557561562888984E-15, 0.000000000000000000 ) ) ;
#6401 = VECTOR ( 'NONE', #1701, 1000.000000000000000 ) ;
#6402 = EDGE_LOOP ( 'NONE', ( #2499, #6077, #6348, #1734, #564 ) ) ;
#6403 = LINE ( 'NONE', #1506, #5480 ) ;
#6404 = ORIENTED_EDGE ( 'NONE', *, *, #2593, .T. ) ;
#6405 = DIRECTION ( 'NONE',  ( -0.000000000000000000, -0.000000000000000000, -1.000000000000000000 ) ) ;
#6406 = EDGE_CURVE ( 'NONE', #6912, #1751, #915, .T. ) ;
#6407 = PRODUCT_CONTEXT ( 'NONE', #5188, 'mechanical' ) ;
#6408 = ADVANCED_FACE ( 'NONE', ( #6827 ), #3058, .T. ) ;
#6409 = CARTESIAN_POINT ( 'NONE',  ( 21.27786486926996545, -59.81605684644618748, 21.42399861584202014 ) ) ;
#6410 = CARTESIAN_POINT ( 'NONE',  ( 0.9169528873831194193, -74.00000000000004263, 21.35050488399558688 ) ) ;
#6411 = VERTEX_POINT ( 'NONE', #5206 ) ;
#6412 = AXIS2_PLACEMENT_3D ( 'NONE', #62, #4467, #2255 ) ;
#6413 = ORIENTED_EDGE ( 'NONE', *, *, #3033, .T. ) ;
#6414 = CARTESIAN_POINT ( 'NONE',  ( 15.98458317706132448, -77.00000000000004263, 9.188939740610280182 ) ) ;
#6415 = CARTESIAN_POINT ( 'NONE',  ( 35.56567687281823709, 35.00000000000000711, 0.2156768728182414108 ) ) ;
#6416 = LINE ( 'NONE', #2112, #4478 ) ;
#6417 = DIRECTION ( 'NONE',  ( -0.000000000000000000, -0.000000000000000000, -1.000000000000000000 ) ) ;
#6418 = CARTESIAN_POINT ( 'NONE',  ( 25.65639081652327391, -75.58666007263651920, 9.664307650278887607 ) ) ;
#6419 = FACE_OUTER_BOUND ( 'NONE', #1104, .T. ) ;
#6420 = CARTESIAN_POINT ( 'NONE',  ( 38.50000000000000000, 35.00000000000000711, 0.000000000000000000 ) ) ;
#6421 = CARTESIAN_POINT ( 'NONE',  ( 5.850596816950618617, -69.32017574410286898, 23.76755041121036172 ) ) ;
#6422 = CARTESIAN_POINT ( 'NONE',  ( -35.76105315054822142, -45.26523672054734959, 0.2584795086143547582 ) ) ;
#6423 = CARTESIAN_POINT ( 'NONE',  ( 21.64607475027646899, -76.00069313373435875, 2.804860676170088052 ) ) ;
#6424 = CARTESIAN_POINT ( 'NONE',  ( 35.76103313326961342, -43.37269227945088090, 0.2584705513027466539 ) ) ;
#6425 = DIRECTION ( 'NONE',  ( -1.000000000000000000, 0.000000000000000000, 0.000000000000000000 ) ) ;
#6426 = CARTESIAN_POINT ( 'NONE',  ( -21.98138733961767954, -69.07516081733771784, 14.99583472116928640 ) ) ;
#6427 = CARTESIAN_POINT ( 'NONE',  ( -8.256662136077206782, -70.52672584433891245, 23.72185343692398618 ) ) ;
#6428 = DIRECTION ( 'NONE',  ( -1.000000000000000000, 0.000000000000000000, 0.000000000000000000 ) ) ;
#6429 = ORIENTED_EDGE ( 'NONE', *, *, #6100, .F. ) ;
#6430 = CARTESIAN_POINT ( 'NONE',  ( -18.75614490102388388, -77.77967650617954121, 0.2329463050484501807 ) ) ;
#6431 = DIRECTION ( 'NONE',  ( -1.000000000000000000, 0.000000000000000000, 0.000000000000000000 ) ) ;
#6432 = CARTESIAN_POINT ( 'NONE',  ( -12.28923492230227588, -77.00000000000004263, 18.58913938628036533 ) ) ;
#6433 = CARTESIAN_POINT ( 'NONE',  ( 8.663213787788802023, -65.28131343656116314, 2.545555259625699840 ) ) ;
#6434 = CARTESIAN_POINT ( 'NONE',  ( 24.64196912394495342, -77.00000000000004263, 18.08180698536104458 ) ) ;
#6435 = CARTESIAN_POINT ( 'NONE',  ( -13.44849748091329289, -77.00000000000004263, 17.94099004258841390 ) ) ;
#6436 = CARTESIAN_POINT ( 'NONE',  ( -21.37918666975486204, -58.04902566657506924, 12.50000000000000178 ) ) ;
#6437 = ORIENTED_EDGE ( 'NONE', *, *, #6102, .T. ) ;
#6438 = DIRECTION ( 'NONE',  ( -1.000000000000000000, 0.000000000000000000, 0.000000000000000000 ) ) ;
#6439 = CARTESIAN_POINT ( 'NONE',  ( 40.20000000000017337, -44.20360983991398740, 2.576389018813144194 ) ) ;
#6440 = CARTESIAN_POINT ( 'NONE',  ( 6.548522489967639082, -66.61151362303604628, 3.500000000000000000 ) ) ;
#6441 = CARTESIAN_POINT ( 'NONE',  ( 22.09143249191236080, -68.75679921450220888, 18.70460644002152861 ) ) ;
#6442 = CARTESIAN_POINT ( 'NONE',  ( 1.791487525089147104, -77.00000000000004263, 21.31248234468181479 ) ) ;
#6443 = VERTEX_POINT ( 'NONE', #1892 ) ;
#6444 = EDGE_LOOP ( 'NONE', ( #6499, #4717, #4820, #5750 ) ) ;
#6445 = CARTESIAN_POINT ( 'NONE',  ( 16.89984342426830466, -77.00000000000004263, 10.57354799686075175 ) ) ;
#6446 = CARTESIAN_POINT ( 'NONE',  ( -21.37918666975486204, -58.04902566657506924, 12.50000000000000178 ) ) ;
#6447 = CARTESIAN_POINT ( 'NONE',  ( 21.84978653842347640, -77.00000000000004263, 21.98512355680450625 ) ) ;
#6448 = CARTESIAN_POINT ( 'NONE',  ( -25.99999999999999645, -74.00000000000004263, 12.50000000000000000 ) ) ;
#6449 = LINE ( 'NONE', #1519, #2485 ) ;
#6450 = LINE ( 'NONE', #5439, #6861 ) ;
#6451 = CARTESIAN_POINT ( 'NONE',  ( 6.147684072928516485, -61.51178609825789323, 21.75774836163111559 ) ) ;
#6452 = EDGE_CURVE ( 'NONE', #1218, #1996, #4563, .T. ) ;
#6453 = CARTESIAN_POINT ( 'NONE',  ( -36.49732457324522272, -46.12672188210641622, 0.4581222275623577644 ) ) ;
#6454 = CARTESIAN_POINT ( 'NONE',  ( 39.33135196241465081, 36.48602883627516036, 1.875548688822306298 ) ) ;
#6455 = DIRECTION ( 'NONE',  ( 0.000000000000000000, 0.000000000000000000, 1.000000000000000000 ) ) ;
#6456 = B_SPLINE_CURVE_WITH_KNOTS ( 'NONE', 3,
 ( #458, #1516, #6482, #5869, #971, #5332 ),
 .UNSPECIFIED., .F., .F.,
 ( 4, 2, 4 ),
 ( 0.2493215218815182932, 0.3746607609407591744, 0.5000000000000000000 ),
 .UNSPECIFIED. ) ;
#6457 = LINE ( 'NONE', #982, #1357 ) ;
#6458 = CARTESIAN_POINT ( 'NONE',  ( -21.90362439758046520, -71.69271259769332971, 16.64868406414536395 ) ) ;
#6459 = CARTESIAN_POINT ( 'NONE',  ( -7.311646392575160469, -62.75010504969556990, 22.00956791390882117 ) ) ;
#6460 = CARTESIAN_POINT ( 'NONE',  ( 39.99999999999999289, 40.00000000000000711, 12.50000000000000000 ) ) ;
#6461 = EDGE_LOOP ( 'NONE', ( #3423, #5730, #6943, #6624, #4955 ) ) ;
#6462 = CARTESIAN_POINT ( 'NONE',  ( -17.59175272264742063, -59.40752366131755480, -0.07664834569599812686 ) ) ;
#6463 = CARTESIAN_POINT ( 'NONE',  ( -41.74999999999997868, -46.28793110674639166, 12.50000000000000000 ) ) ;
#6464 = CARTESIAN_POINT ( 'NONE',  ( -15.98458317706133158, -74.00000000000004263, 15.81106025938971271 ) ) ;
#6465 = CARTESIAN_POINT ( 'NONE',  ( 7.747895389472405192, -75.72870601436459026, -0.1519203200185587910 ) ) ;
#6466 = CARTESIAN_POINT ( 'NONE',  ( 25.00000000000000000, -60.00000000000003553, 4.166666666666674956 ) ) ;
#6467 = CARTESIAN_POINT ( 'NONE',  ( 38.50000000000000000, -44.31902001999193175, 17.00000000000000000 ) ) ;
#6468 = CARTESIAN_POINT ( 'NONE',  ( -21.86567313722191486, -66.31929561351500979, 12.50000000000000355 ) ) ;
#6469 = AXIS2_PLACEMENT_3D ( 'NONE', #4167, #4133, #2473 ) ;
#6470 = B_SPLINE_CURVE_WITH_KNOTS ( 'NONE', 3,
 ( #3411, #3301, #6752, #1118, #5604, #5642, #6089, #1158, #1193, #2226, #577, #4399, #3335, #692, #613, #2797, #4980, #70, #2262, #4437, #651, #109, #1774, #2879, #5020, #2302, #730, #2912, #4731, #5234, #864, #6788 ),
 .UNSPECIFIED., .F., .F.,
 ( 4, 2, 2, 2, 2, 2, 2, 2, 2, 2, 2, 2, 2, 2, 2, 4 ),
 ( 0.008763777471337800759, 0.009340608618677697858, 0.009917439766017596692, 0.01049427091335749379, 0.01107110206069739089, 0.01164793320803728972, 0.01222476435537718682, 0.01280159550271708566, 0.01337842665005698276, 0.01395525779739687985, 0.01453208894473677869, 0.01510892009207667752, 0.01568575123941657462, 0.01626258238675647172, 0.01683941353409636882, 0.01799307582877618383 ),
 .UNSPECIFIED. ) ;
#6471 = EDGE_CURVE ( 'NONE', #3658, #1297, #6142, .T. ) ;
#6472 = ORIENTED_EDGE ( 'NONE', *, *, #4761, .T. ) ;
#6473 = CARTESIAN_POINT ( 'NONE',  ( 40.00000000000000711, -47.29829407782838757, 12.50000000000000000 ) ) ;
#6474 = DIRECTION ( 'NONE',  ( 0.01950348607398089823, 0.9260633242332213522, -0.3768638129896227928 ) ) ;
#6475 = CARTESIAN_POINT ( 'NONE',  ( 24.39420752376028645, -58.17597901861451959, 3.049175374093088031 ) ) ;
#6476 = LINE ( 'NONE', #3248, #137 ) ;
#6477 = CARTESIAN_POINT ( 'NONE',  ( 21.88772403744293982, -70.10733140778451400, 18.42001071077953966 ) ) ;
#6478 = VERTEX_POINT ( 'NONE', #4045 ) ;
#6479 = VERTEX_POINT ( 'NONE', #1924 ) ;
#6480 = CARTESIAN_POINT ( 'NONE',  ( 14.18721143106725080, -77.00000000000004263, 7.546083808394898895 ) ) ;
#6481 = CARTESIAN_POINT ( 'NONE',  ( 24.72710036683702484, -77.77967650617952700, 7.471509012336552402 ) ) ;
#6482 = CARTESIAN_POINT ( 'NONE',  ( -25.85653253311383182, -77.00000000000004263, 14.39627980090786785 ) ) ;
#6483 = CARTESIAN_POINT ( 'NONE',  ( -20.26068141300014958, -74.00000000000004263, 6.150915477010070020 ) ) ;
#6484 = CARTESIAN_POINT ( 'NONE',  ( -15.27812424975108208, -60.60375690166183205, 3.526809579186696464 ) ) ;
#6485 = CARTESIAN_POINT ( 'NONE',  ( 35.76057540419582637, 34.05413402933079681, 0.2583500048603877830 ) ) ;
#6486 = CARTESIAN_POINT ( 'NONE',  ( 8.189553766510044852, -61.37327851649303057, 21.69520094444638758 ) ) ;
#6487 = VECTOR ( 'NONE', #3934, 1000.000000000000000 ) ;
#6488 = CARTESIAN_POINT ( 'NONE',  ( -24.72710036683704260, -77.77967650617954121, 17.52849098766339253 ) ) ;
#6489 = CARTESIAN_POINT ( 'NONE',  ( 35.56567687281823709, 35.00000000000000711, 0.2156768728182414108 ) ) ;
#6490 = DIRECTION ( 'NONE',  ( 0.000000000000000000, 0.000000000000000000, 1.000000000000000000 ) ) ;
#6491 = DIRECTION ( 'NONE',  ( 0.000000000000000000, 0.000000000000000000, -1.000000000000000000 ) ) ;
#6492 = AXIS2_PLACEMENT_3D ( 'NONE', #2624, #2796, #650 ) ;
#6493 = DIRECTION ( 'NONE',  ( 1.330321911110254514E-16, -1.000000000000000000, 0.000000000000000000 ) ) ;
#6494 = CARTESIAN_POINT ( 'NONE',  ( -22.35799744229856856, -74.68880879981820442, 12.49999999999997868 ) ) ;
#6495 = EDGE_CURVE ( 'NONE', #4501, #3792, #6352, .T. ) ;
#6496 = CARTESIAN_POINT ( 'NONE',  ( -6.969807528044273504, -69.27658572128440539, 23.60077035908082976 ) ) ;
#6497 = ADVANCED_FACE ( 'NONE', ( #6216 ), #6761, .F. ) ;
#6498 = CARTESIAN_POINT ( 'NONE',  ( 14.20351202541158386, -60.00000000000013500, 21.50000000000000000 ) ) ;
#6499 = ORIENTED_EDGE ( 'NONE', *, *, #901, .F. ) ;
#6500 = CARTESIAN_POINT ( 'NONE',  ( -24.67632450237490005, -77.77967650617952700, 7.353496676979792035 ) ) ;
#6501 = CARTESIAN_POINT ( 'NONE',  ( 21.51242442404242894, -57.75626797387811706, 24.54647319744368517 ) ) ;
#6502 = CARTESIAN_POINT ( 'NONE',  ( -15.21300846162363740, -77.00000000000004263, 16.60009969536291052 ) ) ;
#6503 = CARTESIAN_POINT ( 'NONE',  ( 7.273716032205626902, -71.85873996787123019, 0.7793092141837594244 ) ) ;
#6504 = CARTESIAN_POINT ( 'NONE',  ( 25.00000000000000000, -60.00000000000003553, -0.5830490930751676126 ) ) ;
#6505 = CARTESIAN_POINT ( 'NONE',  ( -23.47651897361860307, -64.64033660111556401, 19.59086500704528788 ) ) ;
#6506 = CARTESIAN_POINT ( 'NONE',  ( -39.99999999999998579, -42.31902001999193175, 3.499999999999999556 ) ) ;
#6507 = AXIS2_PLACEMENT_3D ( 'NONE', #5584, #2429, #129 ) ;
#6508 = ORIENTED_EDGE ( 'NONE', *, *, #4908, .F. ) ;
#6509 = CARTESIAN_POINT ( 'NONE',  ( -43.48304111309747810, 55.00584963473826861, 9.328407257158463750 ) ) ;
#6510 = LINE ( 'NONE', #3765, #5461 ) ;
#6511 = CARTESIAN_POINT ( 'NONE',  ( 21.44041873374005291, -68.91082968810901832, 5.976955306053396200 ) ) ;
#6512 = CARTESIAN_POINT ( 'NONE',  ( -39.99999999999999289, 55.00000000000000711, 25.00000000000000000 ) ) ;
#6513 = VECTOR ( 'NONE', #4194, 999.9999999999997726 ) ;
#6514 = CARTESIAN_POINT ( 'NONE',  ( 23.23072555865141098, -65.95717702881179889, 19.18073452734591200 ) ) ;
#6515 = VERTEX_POINT ( 'NONE', #229 ) ;
#6516 = ORIENTED_EDGE ( 'NONE', *, *, #2870, .F. ) ;
#6517 = CARTESIAN_POINT ( 'NONE',  ( 11.09144526588902480, -77.00000000000004263, 5.832334050879087073 ) ) ;
#6518 = CARTESIAN_POINT ( 'NONE',  ( 25.53835848676034104, -60.00000000000003553, 0.000000000000000000 ) ) ;
#6519 = FACE_OUTER_BOUND ( 'NONE', #5743, .T. ) ;
#6520 = CARTESIAN_POINT ( 'NONE',  ( -15.77045558393077762, -65.90032255721021670, 3.629755415594760670 ) ) ;
#6521 = CARTESIAN_POINT ( 'NONE',  ( 37.90061900586422894, 32.94842170533573267, 1.018285111411737942 ) ) ;
#6522 = B_SPLINE_CURVE_WITH_KNOTS ( 'NONE', 3,
 ( #6851, #5800, #482, #4693 ),
 .UNSPECIFIED., .F., .F.,
 ( 4, 4 ),
 ( 0.06795832094713788463, 0.07695915824664911753 ),
 .UNSPECIFIED. ) ;
#6523 = FACE_OUTER_BOUND ( 'NONE', #6322, .T. ) ;
#6524 = CARTESIAN_POINT ( 'NONE',  ( 8.830673512486141519, -66.58119540976532846, 22.71189401043140421 ) ) ;
#6525 = VECTOR ( 'NONE', #804, 1000.000000000000000 ) ;
#6526 = EDGE_LOOP ( 'NONE', ( #7013, #2127, #6229, #5827 ) ) ;
#6527 = CARTESIAN_POINT ( 'NONE',  ( -25.56370021568291051, -59.40752366131755480, 25.25290740351046992 ) ) ;
#6528 = CARTESIAN_POINT ( 'NONE',  ( 21.84978241376881769, -77.00000000000004263, 3.014867397376895131 ) ) ;
#6529 = CIRCLE ( 'NONE', #111, 1.699999999999993072 ) ;
#6530 = CARTESIAN_POINT ( 'NONE',  ( -40.19999999999998863, -44.31902001999193175, 12.50000000000000000 ) ) ;
#6531 = CARTESIAN_POINT ( 'NONE',  ( 40.19999999999999574, -44.31902001999193175, 17.00000000000000000 ) ) ;
#6532 = CARTESIAN_POINT ( 'NONE',  ( -22.01847730053792418, -71.77498915704696003, 15.61507521449345681 ) ) ;
#6533 = CARTESIAN_POINT ( 'NONE',  ( -6.028205923978555703, -60.21351905057220222, 21.45618835811924185 ) ) ;
#6534 = ORIENTED_EDGE ( 'NONE', *, *, #1777, .T. ) ;
#6535 = CARTESIAN_POINT ( 'NONE',  ( -17.70833333333333925, -60.00000000000004263, 0.000000000000000000 ) ) ;
#6536 = ADVANCED_FACE ( 'NONE', ( #2383 ), #3161, .T. ) ;
#6537 = CARTESIAN_POINT ( 'NONE',  ( 21.50708717007977100, -60.58629182715596784, 21.62049566729903205 ) ) ;
#6538 = CARTESIAN_POINT ( 'NONE',  ( -25.00000000000000000, -60.00000000000003553, 25.38869939538334464 ) ) ;
#6539 = CARTESIAN_POINT ( 'NONE',  ( 4.808524193031133542, -70.63984312410728705, 0.7531337960000019649 ) ) ;
#6540 = CARTESIAN_POINT ( 'NONE',  ( 25.05344282515679666, -57.72388461084813827, -1.135629170736771831 ) ) ;
#6541 = CARTESIAN_POINT ( 'NONE',  ( -20.94756383570972602, -66.39396889406586411, 19.86556720783725538 ) ) ;
#6542 = DIRECTION ( 'NONE',  ( -0.000000000000000000, -0.000000000000000000, -1.000000000000000000 ) ) ;
#6543 = VERTEX_POINT ( 'NONE', #2419 ) ;
#6544 = CARTESIAN_POINT ( 'NONE',  ( -43.49999999999999289, -22.00000000000004619, 12.50000000000000000 ) ) ;
#6545 = EDGE_CURVE ( 'NONE', #5245, #3771, #4599, .T. ) ;
#6546 = CARTESIAN_POINT ( 'NONE',  ( 38.88236239064617195, 33.33185295179718111, 1.568940151538431360 ) ) ;
#6547 = CARTESIAN_POINT ( 'NONE',  ( -11.20103536297173541, -75.59866007509756969, 0.8374284320468868836 ) ) ;
#6548 = CARTESIAN_POINT ( 'NONE',  ( 21.92344880527819129, -72.67768279226747552, 7.514217598233478235 ) ) ;
#6549 = PLANE ( 'NONE',  #5595 ) ;
#6550 = CARTESIAN_POINT ( 'NONE',  ( -21.51242442404263500, -57.75626797387773337, 0.4535268025472497522 ) ) ;
#6551 = DIRECTION ( 'NONE',  ( 1.330321911110254761E-16, -1.000000000000000000, -0.000000000000000000 ) ) ;
#6552 = ORIENTED_EDGE ( 'NONE', *, *, #776, .T. ) ;
#6553 = EDGE_LOOP ( 'NONE', ( #5864, #1706, #3016, #1611 ) ) ;
#6554 = CARTESIAN_POINT ( 'NONE',  ( 17.61050474989823300, -77.00000000000007105, -0.4078449983452008265 ) ) ;
#6555 = CARTESIAN_POINT ( 'NONE',  ( -17.52823973180032269, -64.31115118018584553, 3.948102702941446385 ) ) ;
#6556 =( BOUNDED_CURVE ( )  B_SPLINE_CURVE ( 3, ( #875, #4149, #2528, #4708 ),
 .UNSPECIFIED., .F., .F. ) 
 B_SPLINE_CURVE_WITH_KNOTS ( ( 4, 4 ),
 ( 5.958552916380432940, 6.120509202696000628 ),
 .UNSPECIFIED. ) 
 CURVE ( )  GEOMETRIC_REPRESENTATION_ITEM ( )  RATIONAL_B_SPLINE_CURVE ( ( 1.000000000000000000, 0.9978153743013316035, 0.9978153743013316035, 1.000000000000000000 ) ) 
 REPRESENTATION_ITEM ( '' )  );
#6557 = FACE_OUTER_BOUND ( 'NONE', #2362, .T. ) ;
#6558 = CARTESIAN_POINT ( 'NONE',  ( 6.253777446253256045, -73.18669722903000263, 24.76297163272457524 ) ) ;
#6559 = VECTOR ( 'NONE', #6285, 1000.000000000000000 ) ;
#6560 = VERTEX_POINT ( 'NONE', #6250 ) ;
#6561 = CARTESIAN_POINT ( 'NONE',  ( -17.70833333333334636, -60.00000000000004263, 25.00000000000000355 ) ) ;
#6562 = CARTESIAN_POINT ( 'NONE',  ( -16.82821902380749890, -74.00000000000005684, 10.41274892464260304 ) ) ;
#6563 = CARTESIAN_POINT ( 'NONE',  ( -43.38685996664258226, -14.00000000000004619, 16.50000000000000000 ) ) ;
#6564 = CARTESIAN_POINT ( 'NONE',  ( 17.74748603729677043, -77.00000000000004263, 12.49999999999993783 ) ) ;
#6565 = CARTESIAN_POINT ( 'NONE',  ( 43.50000000000001421, -49.31902001999208807, 12.50000000000000000 ) ) ;
#6566 = CARTESIAN_POINT ( 'NONE',  ( -21.70156503552970051, -63.52945788474725930, 14.13885338516248069 ) ) ;
#6567 = CARTESIAN_POINT ( 'NONE',  ( -8.429233349922432339, -71.81944725527547746, 24.01027416554639160 ) ) ;
#6568 = EDGE_CURVE ( 'NONE', #5930, #3733, #1353, .T. ) ;
#6569 = VERTEX_POINT ( 'NONE', #5718 ) ;
#6570 = LINE ( 'NONE', #1163, #215 ) ;
#6571 = DIRECTION ( 'NONE',  ( 1.330321911110254514E-16, -1.000000000000000000, 0.000000000000000000 ) ) ;
#6572 = CARTESIAN_POINT ( 'NONE',  ( -24.60084272001518002, -77.00000000000004263, 6.835940206779403283 ) ) ;
#6573 = CARTESIAN_POINT ( 'NONE',  ( 3.787008615506029408, -73.23227564318905536, -0.06681985422568191557 ) ) ;
#6574 = CARTESIAN_POINT ( 'NONE',  ( 43.50000000000000000, 40.00000000000000711, 15.00000000000000178 ) ) ;
#6575 = CARTESIAN_POINT ( 'NONE',  ( 24.51858991215560479, -77.00000000000004263, 6.671434591060250163 ) ) ;
#6576 = CARTESIAN_POINT ( 'NONE',  ( -21.17831476564942506, -62.43326305248164942, 20.76166808103747030 ) ) ;
#6577 = DIRECTION ( 'NONE',  ( 1.330321911110254514E-16, -1.000000000000000000, 0.000000000000000000 ) ) ;
#6578 = EDGE_LOOP ( 'NONE', ( #2881, #4894, #6671, #2433 ) ) ;
#6579 = ORIENTED_EDGE ( 'NONE', *, *, #2117, .T. ) ;
#6580 = CARTESIAN_POINT ( 'NONE',  ( -15.26720647818630283, -77.00000000000004263, 8.448939374508418254 ) ) ;
#6581 = CARTESIAN_POINT ( 'NONE',  ( -25.82352941176470296, -74.00000000000004263, 12.50000000000002309 ) ) ;
#6582 = CARTESIAN_POINT ( 'NONE',  ( -8.342640039374279226, -62.67735802181181981, 3.053901911035200367 ) ) ;
#6583 = CARTESIAN_POINT ( 'NONE',  ( 18.47641731381767016, -65.49812926359453513, 4.261008234112448889 ) ) ;
#6584 = FACE_OUTER_BOUND ( 'NONE', #4992, .T. ) ;
#6585 = CARTESIAN_POINT ( 'NONE',  ( -21.61464733046745224, -74.00000000000004263, 7.613070865666376363 ) ) ;
#6587 = ADVANCED_FACE ( 'NONE', ( #4633 ), #2990, .F. ) ;
#6586 = DIRECTION ( 'NONE',  ( -1.000000000000000000, 0.000000000000000000, 0.000000000000000000 ) ) ;
#6588 = EDGE_LOOP ( 'NONE', ( #4545, #5460, #6004, #3604 ) ) ;
#6589 = ORIENTED_EDGE ( 'NONE', *, *, #6720, .F. ) ;
#6590 = CARTESIAN_POINT ( 'NONE',  ( -40.10798435799274131, 49.43756542575120250, 2.494153140872454433 ) ) ;
#6591 = CARTESIAN_POINT ( 'NONE',  ( 33.49999999999999289, 46.94257740174915483, 0.000000000000000000 ) ) ;
#6592 = CARTESIAN_POINT ( 'NONE',  ( -16.02352640557762697, -68.54895059652953648, 3.628007346720215409 ) ) ;
#6593 = CARTESIAN_POINT ( 'NONE',  ( 15.14362717295095528, -75.33455881345490468, 22.46253710268193160 ) ) ;
#6594 = ADVANCED_FACE ( 'NONE', ( #4079 ), #841, .F. ) ;
#6595 = VERTEX_POINT ( 'NONE', #4112 ) ;
#6596 =( BOUNDED_CURVE ( )  B_SPLINE_CURVE ( 3, ( #5601, #1227, #5056, #4510 ),
 .UNSPECIFIED., .F., .F. ) 
 B_SPLINE_CURVE_WITH_KNOTS ( ( 4, 4 ),
 ( 2.965573528204517029, 3.141592653589793116 ),
 .UNSPECIFIED. ) 
 CURVE ( )  GEOMETRIC_REPRESENTATION_ITEM ( )  RATIONAL_B_SPLINE_CURVE ( ( 1.000000000000000000, 0.9974197717392998541, 0.9974197717392998541, 1.000000000000000000 ) ) 
 REPRESENTATION_ITEM ( '' )  );
#6597 = CARTESIAN_POINT ( 'NONE',  ( -3.113612652743704245, -77.00000000000004263, 29.90513321228996091 ) ) ;
#6598 = CARTESIAN_POINT ( 'NONE',  ( 16.80804535180093495, -74.00000000000005684, 10.37151353069756432 ) ) ;
#6599 = CARTESIAN_POINT ( 'NONE',  ( -39.99999999999997868, -47.29829407782823836, 21.50000000000000000 ) ) ;
#6600 = DIRECTION ( 'NONE',  ( -1.330321911110254514E-16, 1.000000000000000000, 0.000000000000000000 ) ) ;
#6601 = CARTESIAN_POINT ( 'NONE',  ( 21.53547676668724264, -61.94811855905033582, 20.83851922621389363 ) ) ;
#6602 = CARTESIAN_POINT ( 'NONE',  ( -4.387663524007617610, -65.48795790200176725, 22.85255542920097938 ) ) ;
#6603 = ORIENTED_EDGE ( 'NONE', *, *, #101, .F. ) ;
#6604 = CARTESIAN_POINT ( 'NONE',  ( -25.00000000000000000, -60.00000000000003553, 0.000000000000000000 ) ) ;
#6605 = AXIS2_PLACEMENT_3D ( 'NONE', #6698, #6039, #3324 ) ;
#6606 = CARTESIAN_POINT ( 'NONE',  ( 21.53312115140089844, -60.72019528046614312, 16.14868453742361964 ) ) ;
#6607 = CARTESIAN_POINT ( 'NONE',  ( -25.88303243258905084, -77.00000000000002842, 10.58958790463212374 ) ) ;
#6608 = CARTESIAN_POINT ( 'NONE',  ( 3.011440608509784678, -60.36245904620773928, 3.532198174927330570 ) ) ;
#6609 = CARTESIAN_POINT ( 'NONE',  ( -42.45830837745158703, 55.35241945881158898, 19.49278166557136771 ) ) ;
#6610 = CARTESIAN_POINT ( 'NONE',  ( -25.59826332794564507, -74.00000000000004263, 15.56445311930088415 ) ) ;
#6611 = CARTESIAN_POINT ( 'NONE',  ( -20.02769494084627766, -70.55451181559544693, 19.51015081045914101 ) ) ;
#6612 = ORIENTED_EDGE ( 'NONE', *, *, #3766, .T. ) ;
#6613 = AXIS2_PLACEMENT_3D ( 'NONE', #6654, #3981, #2926 ) ;
#6614 = VERTEX_POINT ( 'NONE', #1418 ) ;
#6615 = CARTESIAN_POINT ( 'NONE',  ( -25.99999999999999645, -77.00000000000004263, 12.50000000000000000 ) ) ;
#6616 = FACE_OUTER_BOUND ( 'NONE', #1896, .T. ) ;
#6617 = CARTESIAN_POINT ( 'NONE',  ( -9.365498003947413608, -62.59080389549684043, 3.123306047063943325 ) ) ;
#6618 = DIRECTION ( 'NONE',  ( 1.330321911110254514E-16, -1.000000000000000000, 0.000000000000000000 ) ) ;
#6619 = CARTESIAN_POINT ( 'NONE',  ( 16.80177390410494453, -67.10265274100108002, 3.883071645087657675 ) ) ;
#6620 = CARTESIAN_POINT ( 'NONE',  ( -21.64377600355135556, -63.46104049970018224, 7.584989427909546222 ) ) ;
#6621 = DIRECTION ( 'NONE',  ( 0.000000000000000000, 0.000000000000000000, 1.000000000000000000 ) ) ;
#6622 = DIRECTION ( 'NONE',  ( -0.000000000000000000, -0.000000000000000000, -1.000000000000000000 ) ) ;
#6623 = EDGE_LOOP ( 'NONE', ( #3571, #6393, #4751, #1183, #83, #1971, #836, #717, #4432, #6221 ) ) ;
#6624 = ORIENTED_EDGE ( 'NONE', *, *, #1317, .T. ) ;
#6625 = B_SPLINE_CURVE_WITH_KNOTS ( 'NONE', 3,
 ( #3488, #2654, #5905, #2583, #7028, #5944, #5304, #364, #396, #3651, #2019, #1593, #1523, #4868, #4832, #2118, #1488, #4765, #2151, #3682, #6422, #1626, #5376, #5845, #6453, #4319, #6926, #942, #7063, #978, #3120, #4278 ),
 .UNSPECIFIED., .F., .F.,
 ( 4, 2, 2, 2, 2, 2, 2, 2, 2, 2, 2, 2, 2, 2, 2, 4 ),
 ( 0.008763777471337812902, 0.009340608618677710001, 0.009917439766017607100, 0.01049427091335750420, 0.01107110206069740130, 0.01164793320803729840, 0.01222476435537719723, 0.01280159550271709433, 0.01337842665005699143, 0.01395525779739688853, 0.01453208894473678563, 0.01510892009207668446, 0.01568575123941658156, 0.01626258238675647866, 0.01683941353409637576, 0.01799307582877616996 ),
 .UNSPECIFIED. ) ;
#6626 = CARTESIAN_POINT ( 'NONE',  ( -40.20000000000015206, 49.88458981992207697, 2.576389018813144194 ) ) ;
#6627 = CARTESIAN_POINT ( 'NONE',  ( 18.57315826777936962, -77.00000000000001421, 0.2227311157459626045 ) ) ;
#6628 = CIRCLE ( 'NONE', #5136, 1.699999999999993072 ) ;
#6629 = EDGE_CURVE ( 'NONE', #2470, #624, #3093, .T. ) ;
#6630 = EDGE_CURVE ( 'NONE', #6569, #4614, #3294, .T. ) ;
#6631 = CARTESIAN_POINT ( 'NONE',  ( -19.35340260394042389, -65.35686786940237880, 4.468358886802396235 ) ) ;
#6632 = CARTESIAN_POINT ( 'NONE',  ( 14.01195604399743821, -74.10379467004680976, 22.77149664751909697 ) ) ;
#6633 = VERTEX_POINT ( 'NONE', #5910 ) ;
#6634 = CARTESIAN_POINT ( 'NONE',  ( -4.097437745281535371, -59.40752366131755480, 24.84196099590923268 ) ) ;
#6635 = EDGE_CURVE ( 'NONE', #4603, #2324, #473, .T. ) ;
#6636 = CARTESIAN_POINT ( 'NONE',  ( 16.48064247470913202, -74.00000000000000000, 9.792176263635088418 ) ) ;
#6637 = EDGE_CURVE ( 'NONE', #177, #3762, #6457, .T. ) ;
#6638 = CARTESIAN_POINT ( 'NONE',  ( 34.73976890960825870, 46.18857650060792963, 24.94160493827045499 ) ) ;
#6639 = FACE_BOUND ( 'NONE', #2609, .T. ) ;
#6640 = CARTESIAN_POINT ( 'NONE',  ( -21.46532545357951349, -57.81956861129070546, 22.53534804813475034 ) ) ;
#6641 = CARTESIAN_POINT ( 'NONE',  ( -2.052079450846019171, -61.68180549946139735, 21.84246563081118353 ) ) ;
#6642 = VECTOR ( 'NONE', #291, 1000.000000000000000 ) ;
#6643 = ORIENTED_EDGE ( 'NONE', *, *, #142, .F. ) ;
#6644 = CARTESIAN_POINT ( 'NONE',  ( -24.94317924871467795, -57.72388461084814537, 3.557414383494433174 ) ) ;
#6645 = CARTESIAN_POINT ( 'NONE',  ( 21.57671080201687630, -64.37132879575975153, 4.808653015071895354 ) ) ;
#6646 = CARTESIAN_POINT ( 'NONE',  ( -25.99999999999999645, -77.00000000000000000, 13.45524841108365877 ) ) ;
#6647 = CARTESIAN_POINT ( 'NONE',  ( 4.920255503261378394, -71.92701029789081701, 0.4041680254731956912 ) ) ;
#6648 = CARTESIAN_POINT ( 'NONE',  ( 39.99999999999999289, 37.00000000000001421, 12.50000000000000000 ) ) ;
#6649 = PLANE ( 'NONE',  #5410 ) ;
#6650 = CARTESIAN_POINT ( 'NONE',  ( -18.43926551569511929, -64.17068719332650062, 20.89339330522245319 ) ) ;
#6651 = VERTEX_POINT ( 'NONE', #2055 ) ;
#6652 = EDGE_LOOP ( 'NONE', ( #4462, #1456, #5083, #5473, #73 ) ) ;
#6653 = CARTESIAN_POINT ( 'NONE',  ( 40.00000000000000711, -31.63661590615783581, 21.50000000000000000 ) ) ;
#6654 = CARTESIAN_POINT ( 'NONE',  ( -38.49999999999998579, -44.31902001999193175, 32.07106781186548261 ) ) ;
#6655 = CARTESIAN_POINT ( 'NONE',  ( -12.07158440641124741, -74.24763276424243941, 1.421488161775380732 ) ) ;
#6656 = DIRECTION ( 'NONE',  ( 1.553732654557586955E-16, -1.000000000000000000, 0.000000000000000000 ) ) ;
#6657 = CARTESIAN_POINT ( 'NONE',  ( 16.49520037808103012, -63.12266295304211638, 3.710265833889377696 ) ) ;
#6658 = CARTESIAN_POINT ( 'NONE',  ( 7.850511959473841728, -74.00000000000005684, 24.72397468345254268 ) ) ;
#6659 = CARTESIAN_POINT ( 'NONE',  ( -13.64424412175135437, -31.63661590615784291, 25.00000000000000000 ) ) ;
#6660 = DIRECTION ( 'NONE',  ( 0.000000000000000000, 0.000000000000000000, -1.000000000000000000 ) ) ;
#6661 = DIRECTION ( 'NONE',  ( -0.000000000000000000, 1.000000000000000000, -0.000000000000000000 ) ) ;
#6662 = ORIENTED_EDGE ( 'NONE', *, *, #274, .F. ) ;
#6663 = VERTEX_POINT ( 'NONE', #4738 ) ;
#6664 = FACE_BOUND ( 'NONE', #1649, .T. ) ;
#6665 = CARTESIAN_POINT ( 'NONE',  ( 11.31805765416918774, -59.40752366131755480, 0.05538538079935900055 ) ) ;
#6666 = AXIS2_PLACEMENT_3D ( 'NONE', #2614, #6374, #4792 ) ;
#6667 = CARTESIAN_POINT ( 'NONE',  ( -21.33260991109962390, -74.19553466293243105, 7.318090385201402093 ) ) ;
#6668 = LINE ( 'NONE', #567, #4212 ) ;
#6669 = CARTESIAN_POINT ( 'NONE',  ( 12.67548763990257399, -71.57353536121235038, 22.84610571474097540 ) ) ;
#6670 = EDGE_CURVE ( 'NONE', #2470, #382, #4216, .T. ) ;
#6671 = ORIENTED_EDGE ( 'NONE', *, *, #6315, .F. ) ;
#6672 = CARTESIAN_POINT ( 'NONE',  ( 2.047426502804826409, -59.40752366131755480, 24.82904850786074391 ) ) ;
#6673 = LINE ( 'NONE', #4035, #794 ) ;
#6674 = CARTESIAN_POINT ( 'NONE',  ( 35.93964745280474915, 45.42966067764731974, 24.71702917582829429 ) ) ;
#6675 = CARTESIAN_POINT ( 'NONE',  ( -3.542648928176295176, -77.00000000000004263, 3.848670233493463044 ) ) ;
#6676 = DIRECTION ( 'NONE',  ( -0.000000000000000000, -0.000000000000000000, -1.000000000000000000 ) ) ;
#6677 = CARTESIAN_POINT ( 'NONE',  ( 21.57670145557958108, -64.37078899947877630, 20.19149029566067810 ) ) ;
#6678 = CARTESIAN_POINT ( 'NONE',  ( -5.146585803493064049, -74.50101045947504019, 25.29386287692657120 ) ) ;
#6679 = EDGE_CURVE ( 'NONE', #2808, #5006, #7067, .T. ) ;
#6680 = EDGE_LOOP ( 'NONE', ( #787, #3672 ) ) ;
#6681 = CARTESIAN_POINT ( 'NONE',  ( -25.00000000000000000, -60.00000000000003553, 8.333333333333330373 ) ) ;
#6682 = CARTESIAN_POINT ( 'NONE',  ( 21.70156503552929195, -63.52945788474041677, 12.49999999999999467 ) ) ;
#6683 = CARTESIAN_POINT ( 'NONE',  ( -25.05344282515679311, -57.72388461084814537, 26.13562917073672054 ) ) ;
#6684 = CARTESIAN_POINT ( 'NONE',  ( 3.963494385744594783, -75.80406142101162459, -0.7878076209067641500 ) ) ;
#6685 = CARTESIAN_POINT ( 'NONE',  ( 14.30685850671809511, -77.00000000000004263, -2.130486135708988371 ) ) ;
#6686 = CARTESIAN_POINT ( 'NONE',  ( 39.99999999999999289, 33.00000000000001421, 21.50000000000000000 ) ) ;
#6687 = CARTESIAN_POINT ( 'NONE',  ( -16.39162555192720561, -61.79737176387180142, 21.36267265781816604 ) ) ;
#6688 = ORIENTED_EDGE ( 'NONE', *, *, #3377, .T. ) ;
#6689 = ORIENTED_EDGE ( 'NONE', *, *, #1021, .F. ) ;
#6690 = CARTESIAN_POINT ( 'NONE',  ( -15.59439274787388641, -77.00000000000004263, 8.758825408906686150 ) ) ;
#6691 = CARTESIAN_POINT ( 'NONE',  ( 39.99999999999999289, 37.00000000000000711, 3.499999999999999556 ) ) ;
#6692 = CARTESIAN_POINT ( 'NONE',  ( -9.730882264681675053, -73.06469910369652609, 0.9844967426111729258 ) ) ;
#6693 = FACE_OUTER_BOUND ( 'NONE', #5270, .T. ) ;
#6694 = CARTESIAN_POINT ( 'NONE',  ( 20.24265023608177216, -63.88632730764751244, 4.417070318403351514 ) ) ;
#6695 = CARTESIAN_POINT ( 'NONE',  ( 43.50000000000001421, -49.31902001999208807, 10.00000000000000000 ) ) ;
#6696 = CARTESIAN_POINT ( 'NONE',  ( -21.70156503552969696, -63.52945788474725930, 10.86114661483746602 ) ) ;
#6697 = CARTESIAN_POINT ( 'NONE',  ( -39.99999999999998579, -42.31902001999193175, 21.50000000000000000 ) ) ;
#6698 = CARTESIAN_POINT ( 'NONE',  ( -0.001737809258973430472, -77.00000000000004263, 1.252149606933893100 ) ) ;
#6699 = ORIENTED_EDGE ( 'NONE', *, *, #5740, .F. ) ;
#6700 = EDGE_CURVE ( 'NONE', #3367, #6478, #3063, .T. ) ;
#6701 = ORIENTED_EDGE ( 'NONE', *, *, #1638, .T. ) ;
#6702 = DIRECTION ( 'NONE',  ( -1.000000000000000000, -1.330321911110254761E-16, 0.000000000000000000 ) ) ;
#6703 = CARTESIAN_POINT ( 'NONE',  ( 6.244163685090613924, -77.77967650617952700, -4.742606893536247092 ) ) ;
#6704 = CARTESIAN_POINT ( 'NONE',  ( -21.68401558297712839, -71.45786360106575330, 6.864585018465134247 ) ) ;
#6705 = EDGE_CURVE ( 'NONE', #4579, #5578, #3654, .T. ) ;
#6706 = CARTESIAN_POINT ( 'NONE',  ( 15.80265010052767494, -73.93702560288583925, 21.91507015076593134 ) ) ;
#6707 = CONICAL_SURFACE ( 'NONE', #6469, 3.149999999999999911, 0.7853981633974477239 ) ;
#6708 = ORIENTED_EDGE ( 'NONE', *, *, #6700, .T. ) ;
#6709 = CARTESIAN_POINT ( 'NONE',  ( -14.49753548012705728, -77.77967650617952700, 27.23791030571364047 ) ) ;
#6710 = CARTESIAN_POINT ( 'NONE',  ( -14.62745759572201365, -74.00000000000008527, 7.843833672534220369 ) ) ;
#6711 = CARTESIAN_POINT ( 'NONE',  ( 19.23233396769033732, -77.00000000000002842, 24.29886878662104266 ) ) ;
#6712 = CARTESIAN_POINT ( 'NONE',  ( -13.52024464577580609, -77.00000000000004263, 7.104376667777341225 ) ) ;
#6713 = CARTESIAN_POINT ( 'NONE',  ( -21.51242442404263855, -57.75626797387772626, 24.54647319745266287 ) ) ;
#6714 = CARTESIAN_POINT ( 'NONE',  ( -4.699656026354150029, -69.35234317388984948, 23.89799646755816909 ) ) ;
#6715 = ORIENTED_EDGE ( 'NONE', *, *, #3800, .F. ) ;
#6716 = CARTESIAN_POINT ( 'NONE',  ( -25.42438655634697042, -77.00000000000004263, 8.717090104463988354 ) ) ;
#6717 = CARTESIAN_POINT ( 'NONE',  ( 22.15985655337419402, -74.53347520352230049, 14.94709603073397730 ) ) ;
#6718 = CARTESIAN_POINT ( 'NONE',  ( 21.38470200533177490, -57.93327921616328524, 8.488036030442520641 ) ) ;
#6719 = EDGE_CURVE ( 'NONE', #2324, #2026, #2156, .T. ) ;
#6720 = EDGE_CURVE ( 'NONE', #5014, #186, #5948, .T. ) ;
#6721 = CARTESIAN_POINT ( 'NONE',  ( -3.533437471243663364, -69.37357628177106506, 1.014460491152124222 ) ) ;
#6722 = CARTESIAN_POINT ( 'NONE',  ( -16.06493252481561385, -77.00000000000005684, -1.279037226550147066 ) ) ;
#6723 = FACE_BOUND ( 'NONE', #1028, .T. ) ;
#6724 = CARTESIAN_POINT ( 'NONE',  ( -16.29582183645368687, -71.19447131960237130, 21.40912051044027820 ) ) ;
#6725 = VERTEX_POINT ( 'NONE', #1050 ) ;
#6726 = AXIS2_PLACEMENT_3D ( 'NONE', #5241, #5649, #4013 ) ;
#6727 = ORIENTED_EDGE ( 'NONE', *, *, #1222, .F. ) ;
#6728 = CARTESIAN_POINT ( 'NONE',  ( -12.36694661346231250, -77.00000000000004263, 6.452058793034661122 ) ) ;
#6729 = CARTESIAN_POINT ( 'NONE',  ( -0.001737809258973430472, -74.00000000000004263, 23.75214960693389088 ) ) ;
#6730 = CARTESIAN_POINT ( 'NONE',  ( -16.29582183645259974, -71.19447131960252761, 3.590879489559239968 ) ) ;
#6731 = CARTESIAN_POINT ( 'NONE',  ( -33.49999999999998579, -22.00000000000004619, 10.00000000000000000 ) ) ;
#6732 = CARTESIAN_POINT ( 'NONE',  ( 18.28706623837483392, -60.20645205112404597, 3.573005901925358607 ) ) ;
#6733 = CARTESIAN_POINT ( 'NONE',  ( 9.762098573918466471, -74.00000000000005684, 24.27775914083363773 ) ) ;
#6734 = EDGE_CURVE ( 'NONE', #4645, #1182, #2557, .T. ) ;
#6735 = AXIS2_PLACEMENT_3D ( 'NONE', #2878, #6676, #3851 ) ;
#6736 = CARTESIAN_POINT ( 'NONE',  ( 7.018082754724074057, -77.00000000000004263, 20.54548031675608755 ) ) ;
#6737 = CARTESIAN_POINT ( 'NONE',  ( 25.99999999999999645, -74.00000000000004263, 13.52810597628837286 ) ) ;
#6738 = B_SPLINE_CURVE_WITH_KNOTS ( 'NONE', 3,
 ( #3988, #6390, #337, #403 ),
 .UNSPECIFIED., .F., .F.,
 ( 4, 4 ),
 ( 0.000000000000000000, 0.9999999939858723597 ),
 .UNSPECIFIED. ) ;
#6739 = CARTESIAN_POINT ( 'NONE',  ( -43.49999999999999289, -22.00000000000004619, 8.500000000000000000 ) ) ;
#6740 = ORIENTED_EDGE ( 'NONE', *, *, #3296, .F. ) ;
#6741 = ORIENTED_EDGE ( 'NONE', *, *, #3080, .F. ) ;
#6742 = CARTESIAN_POINT ( 'NONE',  ( -5.123743942441833177, -59.40752366131755480, 0.1484374267530808589 ) ) ;
#6743 = CARTESIAN_POINT ( 'NONE',  ( -22.19467755870277159, -60.99001297009027667, 3.960703003928358612 ) ) ;
#6744 = CARTESIAN_POINT ( 'NONE',  ( 14.41339608955322937, -62.05684481836856747, 21.50491304847394147 ) ) ;
#6745 = CIRCLE ( 'NONE', #2727, 2.499999999999995115 ) ;
#6746 = VERTEX_POINT ( 'NONE', #4282 ) ;
#6747 = CARTESIAN_POINT ( 'NONE',  ( 16.66666666666667140, -60.00000000000004263, 25.00000000000000000 ) ) ;
#6748 = DIRECTION ( 'NONE',  ( -0.000000000000000000, -0.000000000000000000, -1.000000000000000000 ) ) ;
#6749 = CARTESIAN_POINT ( 'NONE',  ( 5.372574769331916578, -77.00000000000007105, 29.63784017825905437 ) ) ;
#6750 = CARTESIAN_POINT ( 'NONE',  ( -0.9169528873831418458, -77.00000000000004263, 3.649495116004414452 ) ) ;
#6751 = DIRECTION ( 'NONE',  ( 1.000000000000000000, 0.000000000000000000, 0.000000000000000000 ) ) ;
#6752 = CARTESIAN_POINT ( 'NONE',  ( -38.39049279091296540, 51.87726482867665823, 1.275537573303818561 ) ) ;
#6753 = VECTOR ( 'NONE', #4905, 1000.000000000000000 ) ;
#6754 = CARTESIAN_POINT ( 'NONE',  ( -1.240591896475383926, -71.97468639535155432, 24.87372199784780946 ) ) ;
#6755 = EDGE_LOOP ( 'NONE', ( #3659, #3361, #1742, #6032 ) ) ;
#6756 = SURFACE_STYLE_USAGE ( .BOTH. , #1919 ) ;
#6757 = B_SPLINE_CURVE_WITH_KNOTS ( 'NONE', 3,
 ( #6768, #4492, #1208, #1719, #6184, #6222, #3389, #668, #5656, #163 ),
 .UNSPECIFIED., .F., .F.,
 ( 4, 2, 2, 2, 4 ),
 ( 0.0001268326591243722776, 0.0008138084444370392119, 0.001500784229749706038, 0.002187760015062373189, 0.002874735800375039906 ),
 .UNSPECIFIED. ) ;
#6758 = FACE_OUTER_BOUND ( 'NONE', #2749, .T. ) ;
#6759 = CARTESIAN_POINT ( 'NONE',  ( 22.35799744229856856, -74.68880879981819021, 11.68352366356280214 ) ) ;
#6760 = CARTESIAN_POINT ( 'NONE',  ( -5.031986813491688082, -73.21417747167436119, 0.05520225494639901392 ) ) ;
#6761 = CYLINDRICAL_SURFACE ( 'NONE', #6726, 1.700000000000000178 ) ;
#6762 = DIRECTION ( 'NONE',  ( 0.000000000000000000, 0.000000000000000000, 1.000000000000000000 ) ) ;
#6763 = CARTESIAN_POINT ( 'NONE',  ( -17.52823973180127126, -64.31115118018571764, 21.05189729705839241 ) ) ;
#6764 = VECTOR ( 'NONE', #6010, 1000.000000000000000 ) ;
#6765 = EDGE_CURVE ( 'NONE', #471, #4645, #2715, .T. ) ;
#6766 = EDGE_LOOP ( 'NONE', ( #3260, #1617, #2314, #3958, #6904 ) ) ;
#6767 = EDGE_LOOP ( 'NONE', ( #1763, #1640 ) ) ;
#6768 = CARTESIAN_POINT ( 'NONE',  ( 38.68627997701629084, -46.00878324901628247, 1.450000000000001732 ) ) ;
#6769 = CARTESIAN_POINT ( 'NONE',  ( -13.57179699256784389, -63.50045477135432748, 3.352770169432115921 ) ) ;
#6770 = CARTESIAN_POINT ( 'NONE',  ( 14.12704933932841733, -59.41105569123116936, 3.502129695426389411 ) ) ;
#6771 = CARTESIAN_POINT ( 'NONE',  ( -25.00000000000000000, -60.00000000000003553, 12.50000000000000000 ) ) ;
#6772 = AXIS2_PLACEMENT_3D ( 'NONE', #4461, #2323, #5471 ) ;
#6773 = CARTESIAN_POINT ( 'NONE',  ( -21.37334883214525405, -57.94978242721177963, 10.49389685030499741 ) ) ;
#6774 = CARTESIAN_POINT ( 'NONE',  ( -21.33695582988258010, -74.50043390703679336, 22.50072805598641423 ) ) ;
#6775 = CYLINDRICAL_SURFACE ( 'NONE', #197, 2.499999999999995115 ) ;
#6776 = EDGE_CURVE ( 'NONE', #11, #2350, #3230, .T. ) ;
#6777 = ORIENTED_EDGE ( 'NONE', *, *, #655, .F. ) ;
#6778 = CARTESIAN_POINT ( 'NONE',  ( -7.291666666666667851, -60.00000000000004263, 0.000000000000000000 ) ) ;
#6779 = CARTESIAN_POINT ( 'NONE',  ( -20.75438224076952309, -69.06103987474888584, 5.648259332032837143 ) ) ;
#6780 = CARTESIAN_POINT ( 'NONE',  ( 18.62848327787041569, -70.82933304792032914, 20.26853944902632776 ) ) ;
#6781 = ADVANCED_FACE ( 'NONE', ( #2586 ), #1452, .T. ) ;
#6782 = ORIENTED_EDGE ( 'NONE', *, *, #2947, .F. ) ;
#6783 = CARTESIAN_POINT ( 'NONE',  ( 21.20681151644158291, -77.77967650617954121, 22.69985280046938669 ) ) ;
#6784 = CARTESIAN_POINT ( 'NONE',  ( -17.05861669624942678, -74.00000000000005684, 14.06647243687790017 ) ) ;
#6785 = CARTESIAN_POINT ( 'NONE',  ( -14.30685850674612780, -77.00000000000004263, 27.13048613569283063 ) ) ;
#6786 = CARTESIAN_POINT ( 'NONE',  ( -11.17054101212912265, -77.00000000000004263, 5.867522945517623434 ) ) ;
#6787 = CARTESIAN_POINT ( 'NONE',  ( -28.68629150101522640, -14.00000000000004441, 16.50000000000000000 ) ) ;
#6788 = CARTESIAN_POINT ( 'NONE',  ( -38.68627997701627663, 48.31023677097565638, 1.450000000000001732 ) ) ;
#6789 = CARTESIAN_POINT ( 'NONE',  ( 1.330460493204931538, -75.82870453950671674, 26.00725674612903404 ) ) ;
#6790 = ADVANCED_FACE ( 'NONE', ( #3192 ), #4769, .T. ) ;
#6791 = ORIENTED_EDGE ( 'NONE', *, *, #6846, .F. ) ;
#6792 = CARTESIAN_POINT ( 'NONE',  ( -24.64196912394494987, -77.00000000000004263, 18.08180698536105169 ) ) ;
#6793 = DIRECTION ( 'NONE',  ( 1.000000000000000000, 0.000000000000000000, 0.000000000000000000 ) ) ;
#6794 = CARTESIAN_POINT ( 'NONE',  ( 21.66030707124193100, -68.84010077747095124, 6.282781179911542502 ) ) ;
#6795 = CARTESIAN_POINT ( 'NONE',  ( -3.043807948710324386E-14, -61.69730467760457771, 3.149037330901175213 ) ) ;
#6796 = DIRECTION ( 'NONE',  ( -0.000000000000000000, -0.000000000000000000, -1.000000000000000000 ) ) ;
#6797 = CARTESIAN_POINT ( 'NONE',  ( -21.84978241376938257, -77.00000000000004263, 21.98513260262338065 ) ) ;
#6798 = CARTESIAN_POINT ( 'NONE',  ( -20.11894675680606426, -67.87274128861426448, 19.87845177918286765 ) ) ;
#6799 = AXIS2_PLACEMENT_3D ( 'NONE', #3022, #1960, #1893 ) ;
#6800 = ORIENTED_EDGE ( 'NONE', *, *, #6299, .F. ) ;
#6801 = ORIENTED_EDGE ( 'NONE', *, *, #5574, .F. ) ;
#6802 = DIRECTION ( 'NONE',  ( 1.330321911110254514E-16, -1.000000000000000000, 0.000000000000000000 ) ) ;
#6803 = CARTESIAN_POINT ( 'NONE',  ( -15.62834065622522850, -72.62197729613073705, 3.153506383749917319 ) ) ;
#6804 = CARTESIAN_POINT ( 'NONE',  ( 13.10926307948647995, -59.53659475478532670, 3.520503570081721101 ) ) ;
#6805 = CARTESIAN_POINT ( 'NONE',  ( -3.956876714951615970, -74.00000000000007105, 25.32144307268357153 ) ) ;
#6806 = CARTESIAN_POINT ( 'NONE',  ( 3.542648928176296064, -77.00000000000004263, 21.15132976650652807 ) ) ;
#6807 = CARTESIAN_POINT ( 'NONE',  ( 33.50000000000000711, -31.63661590615783581, 15.00000000000000178 ) ) ;
#6808 = CARTESIAN_POINT ( 'NONE',  ( 16.87180702193325033, -77.00000000000004263, 14.48864745459711401 ) ) ;
#6809 = ORIENTED_EDGE ( 'NONE', *, *, #6630, .T. ) ;
#6810 = CARTESIAN_POINT ( 'NONE',  ( -8.212214766017190470, -59.40752366131756190, 0.1087901693476659021 ) ) ;
#6811 = CARTESIAN_POINT ( 'NONE',  ( -23.89205702367450357, -62.04280351276312189, 4.495326907410081674 ) ) ;
#6812 = EDGE_CURVE ( 'NONE', #2027, #2026, #3685, .T. ) ;
#6813 = CARTESIAN_POINT ( 'NONE',  ( 19.35926881383280218, -72.03633394692479897, 19.75625551084533527 ) ) ;
#6814 = ORIENTED_EDGE ( 'NONE', *, *, #341, .F. ) ;
#6815 = CARTESIAN_POINT ( 'NONE',  ( 17.70833333333333925, -60.00000000000004263, 25.00000000000000000 ) ) ;
#6816 = CARTESIAN_POINT ( 'NONE',  ( 23.95412770598969132, -77.00000000000004263, 19.45748982127157234 ) ) ;
#6817 = CARTESIAN_POINT ( 'NONE',  ( -16.90064299167622863, -77.00000000000004263, 25.81850369190066630 ) ) ;
#6818 = CARTESIAN_POINT ( 'NONE',  ( -7.018082754724052741, -77.00000000000004263, 4.454519683243891137 ) ) ;
#6819 = CARTESIAN_POINT ( 'NONE',  ( 35.95441060874081529, -45.60329165712813904, 0.3053718818327371132 ) ) ;
#6820 = DIRECTION ( 'NONE',  ( -0.000000000000000000, -0.000000000000000000, -1.000000000000000000 ) ) ;
#6821 = CARTESIAN_POINT ( 'NONE',  ( 5.146585803484263089, -74.50101045947515388, 25.29386287692781110 ) ) ;
#6822 = ORIENTED_EDGE ( 'NONE', *, *, #5391, .T. ) ;
#6823 = CARTESIAN_POINT ( 'NONE',  ( -25.88303243258905795, -77.00000000000004263, 14.41041209536788159 ) ) ;
#6824 = CARTESIAN_POINT ( 'NONE',  ( -21.20647657185385881, -74.00000000000004263, 2.379886057689156509 ) ) ;
#6825 = CARTESIAN_POINT ( 'NONE',  ( 21.95376938277124879, -70.39147122821128733, 9.073475177121052226 ) ) ;
#6826 = CARTESIAN_POINT ( 'NONE',  ( -1.269873893826215072, -73.25935911006996548, -0.2515669139415797617 ) ) ;
#6827 = FACE_OUTER_BOUND ( 'NONE', #6588, .T. ) ;
#6828 = LINE ( 'NONE', #1925, #4831 ) ;
#6829 = CARTESIAN_POINT ( 'NONE',  ( -14.55592638336605837, -63.37984951570900449, 21.52635791771837859 ) ) ;
#6830 = ORIENTED_EDGE ( 'NONE', *, *, #4910, .T. ) ;
#6831 = ORIENTED_EDGE ( 'NONE', *, *, #5917, .T. ) ;
#6832 = CARTESIAN_POINT ( 'NONE',  ( 25.00000000000000000, -60.00000000000004263, 8.333333333333346360 ) ) ;
#6833 = CARTESIAN_POINT ( 'NONE',  ( -14.21784297905699468, -75.40849349614423147, 2.088495504837877714 ) ) ;
#6834 = EDGE_CURVE ( 'NONE', #420, #4117, #2200, .T. ) ;
#6835 = CARTESIAN_POINT ( 'NONE',  ( 16.02352640557757724, -68.54895059652953648, 3.628007346720197202 ) ) ;
#6836 = CYLINDRICAL_SURFACE ( 'NONE', #484, 2.500000000000002220 ) ;
#6837 = VECTOR ( 'NONE', #4643, 1000.000000000000000 ) ;
#6838 = CARTESIAN_POINT ( 'NONE',  ( -5.622376121350066036, -77.00000000000004263, 20.83506243202796071 ) ) ;
#6839 = ORIENTED_EDGE ( 'NONE', *, *, #6452, .T. ) ;
#6840 = AXIS2_PLACEMENT_3D ( 'NONE', #1014, #3619, #6425 ) ;
#6841 = LINE ( 'NONE', #5762, #1013 ) ;
#6842 = CARTESIAN_POINT ( 'NONE',  ( 19.35029129958265059, -64.03022320646827836, 20.73488931338760466 ) ) ;
#6843 = CARTESIAN_POINT ( 'NONE',  ( 16.18451032361770814, -74.00000000000004263, 15.58668532851851118 ) ) ;
#6844 = ORIENTED_EDGE ( 'NONE', *, *, #2807, .T. ) ;
#6845 = EDGE_CURVE ( 'NONE', #6443, #6515, #3957, .T. ) ;
#6846 = EDGE_CURVE ( 'NONE', #5578, #2643, #1002, .T. ) ;
#6847 = CARTESIAN_POINT ( 'NONE',  ( 43.50000000000000000, 40.00000000000000711, 25.00000000000000000 ) ) ;
#6848 = CARTESIAN_POINT ( 'NONE',  ( 25.53835848676036235, -60.00000000000003553, 25.00000000000000000 ) ) ;
#6849 = CARTESIAN_POINT ( 'NONE',  ( -7.781211056619762978, -74.00000000000004263, 20.37901315538773517 ) ) ;
#6850 = DIRECTION ( 'NONE',  ( 0.000000000000000000, 0.000000000000000000, 1.000000000000000000 ) ) ;
#6851 = CARTESIAN_POINT ( 'NONE',  ( -21.37918666975486204, -58.04902566657506924, 12.50000000000000178 ) ) ;
#6852 = CARTESIAN_POINT ( 'NONE',  ( 36.79999999999999716, 35.00000000000000711, 0.000000000000000000 ) ) ;
#6853 = CARTESIAN_POINT ( 'NONE',  ( 38.50000000000000000, 35.00000000000000711, 17.00000000000000000 ) ) ;
#6854 = CARTESIAN_POINT ( 'NONE',  ( 3.533437471239019079, -69.37357628177115032, 23.98553950884822328 ) ) ;
#6855 = AXIS2_PLACEMENT_3D ( 'NONE', #4195, #3698, #6945 ) ;
#6856 = ADVANCED_FACE ( 'NONE', ( #5019, #4941 ), #1192, .T. ) ;
#6857 = EDGE_CURVE ( 'NONE', #903, #2820, #5909, .T. ) ;
#6858 = ORIENTED_EDGE ( 'NONE', *, *, #4527, .F. ) ;
#6859 = CARTESIAN_POINT ( 'NONE',  ( -25.00000000000000000, -60.00000000000004263, 16.66666666666666430 ) ) ;
#6860 = CARTESIAN_POINT ( 'NONE',  ( 21.37918666975486559, -58.04902566657506924, 15.50024679792695892 ) ) ;
#6861 = VECTOR ( 'NONE', #4274, 1000.000000000000000 ) ;
#6862 = CARTESIAN_POINT ( 'NONE',  ( 21.53745693383747550, -60.73962015597951591, 12.50000000000006750 ) ) ;
#6863 = CARTESIAN_POINT ( 'NONE',  ( -3.701768748729349578, -71.94610929385703457, 0.2936243624983005951 ) ) ;
#6864 = CARTESIAN_POINT ( 'NONE',  ( -25.86412541772804019, -74.00000000000001421, 10.43546977629981853 ) ) ;
#6865 = CARTESIAN_POINT ( 'NONE',  ( -39.99999999999999289, 55.00000000000000711, 25.00000000000000000 ) ) ;
#6866 = CARTESIAN_POINT ( 'NONE',  ( -15.14727413305196002, -59.28230574988916857, 21.52441126122118575 ) ) ;
#6867 = ORIENTED_EDGE ( 'NONE', *, *, #2559, .T. ) ;
#6868 = EDGE_CURVE ( 'NONE', #1827, #3893, #3579, .T. ) ;
#6869 = VERTEX_POINT ( 'NONE', #69 ) ;
#6870 = CARTESIAN_POINT ( 'NONE',  ( 24.94317924871467795, -57.72388461084813827, 3.557414383494446497 ) ) ;
#6871 = CARTESIAN_POINT ( 'NONE',  ( -11.23915983428257981, -61.08773618665433247, 3.410350102338637779 ) ) ;
#6872 = AXIS2_PLACEMENT_3D ( 'NONE', #2135, #3728, #5428 ) ;
#6873 = CARTESIAN_POINT ( 'NONE',  ( 13.62433632872941125, -71.48810289827646614, 2.500513760388786810 ) ) ;
#6874 = CARTESIAN_POINT ( 'NONE',  ( -39.99999999999997868, -22.00000000000004263, 12.50000000000000000 ) ) ;
#6875 = CARTESIAN_POINT ( 'NONE',  ( -15.21300846162363740, -77.00000000000004263, 16.60009969536291052 ) ) ;
#6876 = AXIS2_PLACEMENT_3D ( 'NONE', #5915, #1567, #5386 ) ;
#6877 = ORIENTED_EDGE ( 'NONE', *, *, #6545, .T. ) ;
#6878 = AXIS2_PLACEMENT_3D ( 'NONE', #833, #3014, #4660 ) ;
#6879 = CARTESIAN_POINT ( 'NONE',  ( 21.23287851239905422, -74.00000000000004263, 22.59985217694260839 ) ) ;
#6880 = CARTESIAN_POINT ( 'NONE',  ( 17.51257824587830569, -75.05791336648164247, 21.01963085587572522 ) ) ;
#6881 = ORIENTED_EDGE ( 'NONE', *, *, #2686, .F. ) ;
#6882 = VERTEX_POINT ( 'NONE', #6531 ) ;
#6883 = FACE_OUTER_BOUND ( 'NONE', #6925, .T. ) ;
#6884 = CARTESIAN_POINT ( 'NONE',  ( 23.94592117670051934, -59.40752366131756190, 25.21828252545293836 ) ) ;
#6885 = CARTESIAN_POINT ( 'NONE',  ( 10.38272388411742675, -74.00000000000002842, 19.51757030869286780 ) ) ;
#6886 = CARTESIAN_POINT ( 'NONE',  ( -43.50000000000000000, 55.00000000000000711, 12.50000000000000000 ) ) ;
#6887 = CARTESIAN_POINT ( 'NONE',  ( -38.49999999999998579, -44.31902001999193175, 0.000000000000000000 ) ) ;
#6888 = APPLICATION_CONTEXT ( 'automotive_design' ) ;
#6889 = CARTESIAN_POINT ( 'NONE',  ( -25.99999999999999645, -74.00000000000004263, 12.50000000000000000 ) ) ;
#6890 = DIRECTION ( 'NONE',  ( 1.000000000000000000, 1.330321911110254761E-16, -0.000000000000000000 ) ) ;
#6891 = ADVANCED_FACE ( 'NONE', ( #4436 ), #5982, .F. ) ;
#6892 = CARTESIAN_POINT ( 'NONE',  ( 4.193978860469440129, -62.90970968150841003, 22.15726230275936004 ) ) ;
#6893 = ORIENTED_EDGE ( 'NONE', *, *, #1494, .F. ) ;
#6894 = CARTESIAN_POINT ( 'NONE',  ( 38.50000000000000000, 35.00000000000000711, 17.00000000000000000 ) ) ;
#6895 = CARTESIAN_POINT ( 'NONE',  ( -14.77299651914990086, -74.00000000000005684, -1.308736367287348878 ) ) ;
#6896 = CARTESIAN_POINT ( 'NONE',  ( 37.36610089216203079, -42.22617598418110418, 0.7755644738319821263 ) ) ;
#6897 = CARTESIAN_POINT ( 'NONE',  ( -4.193978860473766446, -62.90970968150821818, 2.842737697240798056 ) ) ;
#6898 = DIRECTION ( 'NONE',  ( 1.553732654557586955E-16, -1.000000000000000000, 0.000000000000000000 ) ) ;
#6899 = DIRECTION ( 'NONE',  ( 0.000000000000000000, 0.000000000000000000, 1.000000000000000000 ) ) ;
#6900 = ADVANCED_FACE ( 'NONE', ( #6639, #4361 ), #1773, .F. ) ;
#6901 = CARTESIAN_POINT ( 'NONE',  ( -13.25282582758931760, -68.86801267194486798, 22.23568810464558965 ) ) ;
#6902 = CARTESIAN_POINT ( 'NONE',  ( -25.74755384765395760, -74.00000000000004263, 10.44973463657129820 ) ) ;
#6903 = EDGE_LOOP ( 'NONE', ( #2552, #2, #877, #6579 ) ) ;
#6904 = ORIENTED_EDGE ( 'NONE', *, *, #4255, .F. ) ;
#6905 = CARTESIAN_POINT ( 'NONE',  ( 25.05894920403238757, -57.72388461084813827, -1.344987424665143649 ) ) ;
#6906 = CARTESIAN_POINT ( 'NONE',  ( -16.12763008922668817, -77.00000000000004263, 15.64275991089641948 ) ) ;
#6907 = CARTESIAN_POINT ( 'NONE',  ( 16.16749892677271205, -59.15355580854742357, 3.449047782131306583 ) ) ;
#6908 = CARTESIAN_POINT ( 'NONE',  ( -21.85960433696928007, -74.00000000000004263, 8.403982894284037997 ) ) ;
#6909 = CARTESIAN_POINT ( 'NONE',  ( -6.057925242327311999, -77.00000000000004263, 20.74926023434026234 ) ) ;
#6910 = VECTOR ( 'NONE', #3823, 1000.000000000000000 ) ;
#6911 = EDGE_CURVE ( 'NONE', #5834, #4789, #421, .T. ) ;
#6912 = VERTEX_POINT ( 'NONE', #1739 ) ;
#6913 = FACE_OUTER_BOUND ( 'NONE', #778, .T. ) ;
#6914 = EDGE_CURVE ( 'NONE', #1838, #196, #1083, .T. ) ;
#6915 = CARTESIAN_POINT ( 'NONE',  ( 17.19020846334942121, -59.02174583776364614, 21.58565651195230828 ) ) ;
#6916 = CARTESIAN_POINT ( 'NONE',  ( 7.349007215372866497, -74.00000000000004263, 4.548393950232755500 ) ) ;
#6917 = CARTESIAN_POINT ( 'NONE',  ( 38.50000000000000000, 35.00000000000000711, 1.450000000000001732 ) ) ;
#6918 = DIRECTION ( 'NONE',  ( 0.000000000000000000, 0.000000000000000000, -1.000000000000000000 ) ) ;
#6919 = CARTESIAN_POINT ( 'NONE',  ( -18.72742178150815917, -74.00000000000001421, 4.860837376036469593 ) ) ;
#6920 = DIRECTION ( 'NONE',  ( -1.330321911110254514E-16, 1.000000000000000000, 0.000000000000000000 ) ) ;
#6921 = CARTESIAN_POINT ( 'NONE',  ( 23.23072555865656952, -65.95717702881081834, 5.819265472655600568 ) ) ;
#6922 = LINE ( 'NONE', #937, #2744 ) ;
#6923 = LINE ( 'NONE', #3580, #2179 ) ;
#6924 = CARTESIAN_POINT ( 'NONE',  ( 4.290821192234691495, -64.19883379175522009, 22.50490886598041129 ) ) ;
#6925 = EDGE_LOOP ( 'NONE', ( #2570, #5223, #1245, #6949 ) ) ;
#6926 = CARTESIAN_POINT ( 'NONE',  ( -37.00782385202126079, -46.35238242196257374, 0.6334372650678649075 ) ) ;
#6927 = CARTESIAN_POINT ( 'NONE',  ( 2.931798655200697379, -74.00000000000007105, -4.039521468944679228 ) ) ;
#6928 = CARTESIAN_POINT ( 'NONE',  ( -20.46309068487976646, -74.00000000000001421, 23.18882751988001090 ) ) ;
#6929 = CARTESIAN_POINT ( 'NONE',  ( -38.49999999999998579, 50.00000000000000711, 12.50000000000000000 ) ) ;
#6930 = DIRECTION ( 'NONE',  ( -1.000000000000000000, 0.000000000000000000, 0.000000000000000000 ) ) ;
#6931 = CARTESIAN_POINT ( 'NONE',  ( -14.75455560225023355, -72.71560398440693973, 22.25161276167050772 ) ) ;
#6932 = DIRECTION ( 'NONE',  ( -1.000000000000000000, 0.000000000000000000, 0.000000000000000000 ) ) ;
#6933 = ORIENTED_EDGE ( 'NONE', *, *, #5148, .F. ) ;
#6934 = ORIENTED_EDGE ( 'NONE', *, *, #5481, .T. ) ;
#6935 = CARTESIAN_POINT ( 'NONE',  ( -24.64196912394494632, -77.00000000000004263, 6.918193014638940319 ) ) ;
#6936 = EDGE_CURVE ( 'NONE', #5528, #5226, #6088, .T. ) ;
#6937 = EDGE_CURVE ( 'NONE', #5294, #2915, #4662, .T. ) ;
#6938 = CARTESIAN_POINT ( 'NONE',  ( 25.82352941176471006, -74.00000000000004263, 12.49999999999998401 ) ) ;
#6939 = CARTESIAN_POINT ( 'NONE',  ( -17.03494416879686213, -74.00000000000004263, 14.12286839206759304 ) ) ;
#6940 = CARTESIAN_POINT ( 'NONE',  ( 8.189553766514757527, -61.37327851649259713, 3.304799055553794496 ) ) ;
#6941 = FACE_OUTER_BOUND ( 'NONE', #2563, .T. ) ;
#6942 = CARTESIAN_POINT ( 'NONE',  ( -16.89984342426829755, -77.00000000000004263, 14.42645200313927845 ) ) ;
#6943 = ORIENTED_EDGE ( 'NONE', *, *, #7022, .T. ) ;
#6944 = CARTESIAN_POINT ( 'NONE',  ( -36.06347022483314646, 57.21579191197493941, 0.3287188811488606088 ) ) ;
#6945 = DIRECTION ( 'NONE',  ( 0.000000000000000000, 0.000000000000000000, 1.000000000000000000 ) ) ;
#6946 = CARTESIAN_POINT ( 'NONE',  ( 36.34845526186748543, -46.02087250844282806, 0.4131884281474759169 ) ) ;
#6947 = CARTESIAN_POINT ( 'NONE',  ( 20.16261887502914618, -66.54152489061820575, 20.10420381690807901 ) ) ;
#6948 = CARTESIAN_POINT ( 'NONE',  ( 3.542648928176296064, -74.00000000000004263, 21.15132976650652807 ) ) ;
#6949 = ORIENTED_EDGE ( 'NONE', *, *, #644, .T. ) ;
#6950 = VECTOR ( 'NONE', #3522, 1000.000000000000000 ) ;
#6951 = CARTESIAN_POINT ( 'NONE',  ( 15.53663826102321543, -74.00000000000004263, 8.701548597921380690 ) ) ;
#6952 = CARTESIAN_POINT ( 'NONE',  ( 0.000000000000000000, -74.00000000000004263, 12.50000000000000000 ) ) ;
#6953 = CARTESIAN_POINT ( 'NONE',  ( 33.50000000000000711, -55.09252271188827876, 25.00000000000000000 ) ) ;
#6954 = CARTESIAN_POINT ( 'NONE',  ( -7.850511959476857982, -74.00000000000000000, 0.2760253165480638371 ) ) ;
#6955 = DIRECTION ( 'NONE',  ( -1.000000000000000000, 0.000000000000000000, 0.000000000000000000 ) ) ;
#6956 = CARTESIAN_POINT ( 'NONE',  ( -21.54134882557721298, -60.80578231555504942, 12.50000000000000000 ) ) ;
#6957 = CARTESIAN_POINT ( 'NONE',  ( -22.15985655337501470, -74.53347520354266464, 10.05290396926934449 ) ) ;
#6958 = CARTESIAN_POINT ( 'NONE',  ( 5.595498240623761887, -66.74030889557491264, 23.10515446569084119 ) ) ;
#6959 = UNCERTAINTY_MEASURE_WITH_UNIT (LENGTH_MEASURE( 1.000000000000000082E-05 ), #1379, 'distance_accuracy_value', 'NONE');
#6960 = AXIS2_PLACEMENT_3D ( 'NONE', #3720, #4254, #3198 ) ;
#6961 = CARTESIAN_POINT ( 'NONE',  ( -24.62554863791277526, -77.77967650617954121, 17.76451565837698965 ) ) ;
#6962 = CARTESIAN_POINT ( 'NONE',  ( 21.23287851237424562, -74.00000000000004263, 2.400147823038325079 ) ) ;
#6963 = CARTESIAN_POINT ( 'NONE',  ( 37.54734570113343750, -42.22373106031830048, 0.8536211030020934842 ) ) ;
#6964 = VECTOR ( 'NONE', #3393, 1000.000000000000000 ) ;
#6965 = DIRECTION ( 'NONE',  ( -0.000000000000000000, -0.000000000000000000, -1.000000000000000000 ) ) ;
#6966 = CARTESIAN_POINT ( 'NONE',  ( -21.37334883214525760, -57.94978242721178674, 12.49999999999993783 ) ) ;
#6967 = CARTESIAN_POINT ( 'NONE',  ( -12.07158440641336838, -74.24763276424232572, 23.57851183822384300 ) ) ;
#6968 = DIRECTION ( 'NONE',  ( -0.000000000000000000, -0.000000000000000000, -1.000000000000000000 ) ) ;
#6969 = CIRCLE ( 'NONE', #6666, 1.699999999999993072 ) ;
#6970 = VERTEX_POINT ( 'NONE', #5058 ) ;
#6971 = CARTESIAN_POINT ( 'NONE',  ( -22.88186145036129560, -59.40752366131755480, -0.1949286824166108489 ) ) ;
#6972 = AXIS2_PLACEMENT_3D ( 'NONE', #6238, #1339, #3510 ) ;
#6973 = DIRECTION ( 'NONE',  ( -0.8660254037844380415, 0.5000000000000012212, 0.000000000000000000 ) ) ;
#6974 = CARTESIAN_POINT ( 'NONE',  ( -11.09144526588905499, -74.00000000000004263, 19.16766594912089872 ) ) ;
#6975 = CARTESIAN_POINT ( 'NONE',  ( 9.531031648861192807, -63.89669809471498496, 2.902482752562499435 ) ) ;
#6976 = CARTESIAN_POINT ( 'NONE',  ( 25.00000000000000000, -60.00000000000003553, 20.83333333333334991 ) ) ;
#6977 = LINE ( 'NONE', #2065, #925 ) ;
#6978 = CARTESIAN_POINT ( 'NONE',  ( -21.45495460367103391, -58.00528102953262533, 21.50000000000000000 ) ) ;
#6979 = ORIENTED_EDGE ( 'NONE', *, *, #4375, .T. ) ;
#6980 = CARTESIAN_POINT ( 'NONE',  ( -42.12472801633197150, 55.46194396683952021, 4.928168130676315428 ) ) ;
#6981 = CARTESIAN_POINT ( 'NONE',  ( 39.06973116712224225, 33.38641647325497530, 1.691919138057192296 ) ) ;
#6982 = CARTESIAN_POINT ( 'NONE',  ( -38.88236239064616484, -42.65087297178910575, 1.568940151538432026 ) ) ;
#6984 = EDGE_CURVE ( 'NONE', #2264, #3559, #2725, .T. ) ;
#6983 = CARTESIAN_POINT ( 'NONE',  ( 21.87108249875366539, -64.91994676489366611, 19.94571456337504500 ) ) ;
#6985 = ORIENTED_EDGE ( 'NONE', *, *, #5200, .F. ) ;
#6986 = ORIENTED_EDGE ( 'NONE', *, *, #3434, .F. ) ;
#6987 = CARTESIAN_POINT ( 'NONE',  ( 16.75367192968610297, -74.00000000000004263, 10.27516479279313977 ) ) ;
#6988 = CARTESIAN_POINT ( 'NONE',  ( 25.59826332794495940, -74.00000000000004263, 9.435546880694470673 ) ) ;
#6989 = DIRECTION ( 'NONE',  ( -1.553732654557586955E-16, 1.000000000000000000, 0.000000000000000000 ) ) ;
#6990 = CARTESIAN_POINT ( 'NONE',  ( -19.88701745122056508, -74.00000000000001421, 5.815151382808955383 ) ) ;
#6991 = DIRECTION ( 'NONE',  ( -1.000000000000000000, 0.000000000000000000, 0.000000000000000000 ) ) ;
#6992 = CARTESIAN_POINT ( 'NONE',  ( 21.70351098139956036, -63.56253896453500829, 12.50000000000000178 ) ) ;
#6993 = CARTESIAN_POINT ( 'NONE',  ( -21.52552370594081665, -60.68190193350985595, 7.027281616071174852 ) ) ;
#6994 = B_SPLINE_CURVE_WITH_KNOTS ( 'NONE', 3,
 ( #4689, #1943, #425, #6988 ),
 .UNSPECIFIED., .F., .F.,
 ( 4, 4 ),
 ( 0.000000000000000000, 0.001604119846120382513 ),
 .UNSPECIFIED. ) ;
#6995 = CARTESIAN_POINT ( 'NONE',  ( 5.982619982720136953, -70.60936813190403427, 24.09924317944789252 ) ) ;
#6996 = CARTESIAN_POINT ( 'NONE',  ( -24.81122499035806683, -77.00000000000004263, 17.74329525253482132 ) ) ;
#6997 = CARTESIAN_POINT ( 'NONE',  ( 35.56567687281824419, 35.19385890529049732, 0.2156768728182415773 ) ) ;
#6998 = CARTESIAN_POINT ( 'NONE',  ( 35.56567687281823709, -44.12516111470145574, 0.2156768728182385519 ) ) ;
#6999 = CARTESIAN_POINT ( 'NONE',  ( -23.95412770598970198, -77.00000000000004263, 5.542510178728452530 ) ) ;
#7000 = CARTESIAN_POINT ( 'NONE',  ( -22.27594339145246138, -73.29388993543432207, 13.43201868875543070 ) ) ;
#7001 = CARTESIAN_POINT ( 'NONE',  ( -9.004605784492614617, -67.87941140758121605, 22.97117096561893135 ) ) ;
#7002 = EDGE_CURVE ( 'NONE', #6651, #172, #1663, .T. ) ;
#7003 = CARTESIAN_POINT ( 'NONE',  ( 2.367140548792470600, -60.50406774492119411, 21.50000000000002132 ) ) ;
#7004 = VECTOR ( 'NONE', #1799, 1000.000000000000000 ) ;
#7005 = ORIENTED_EDGE ( 'NONE', *, *, #823, .F. ) ;
#7006 = CARTESIAN_POINT ( 'NONE',  ( -17.79711518877731180, -77.77967650617955542, -0.4265501256024062382 ) ) ;
#7007 = LINE ( 'NONE', #3270, #7096 ) ;
#7008 = CARTESIAN_POINT ( 'NONE',  ( -24.49313816524951193, -77.89877571810217205, 7.054973048864359164 ) ) ;
#7009 = CARTESIAN_POINT ( 'NONE',  ( 11.09210836079958362, -67.73671542937711365, 2.427868586624247982 ) ) ;
#7010 = CARTESIAN_POINT ( 'NONE',  ( 25.88303243258905795, -77.00000000000004263, 10.58958790463211663 ) ) ;
#7011 = ADVANCED_FACE ( 'NONE', ( #5487 ), #576, .F. ) ;
#7012 = CARTESIAN_POINT ( 'NONE',  ( -21.70874116689653377, -74.05934735115855005, 17.24578800079650165 ) ) ;
#7013 = ORIENTED_EDGE ( 'NONE', *, *, #4646, .F. ) ;
#7014 = CARTESIAN_POINT ( 'NONE',  ( -41.95133073369495236, 55.51850891474527572, 4.644397703911213426 ) ) ;
#7015 = DIRECTION ( 'NONE',  ( -0.000000000000000000, 1.000000000000000000, -0.000000000000000000 ) ) ;
#7016 = CARTESIAN_POINT ( 'NONE',  ( 23.35988815830274490, -58.28158801629730590, 21.88875025558846588 ) ) ;
#7017 = ORIENTED_EDGE ( 'NONE', *, *, #3481, .F. ) ;
#7018 = ORIENTED_EDGE ( 'NONE', *, *, #767, .T. ) ;
#7019 = CARTESIAN_POINT ( 'NONE',  ( 6.057925242327286242, -77.00000000000004263, 4.250739765659747427 ) ) ;
#7020 = CARTESIAN_POINT ( 'NONE',  ( 39.80128018014448088, 42.80254046655824851, 2.208467895664295355 ) ) ;
#7021 = CARTESIAN_POINT ( 'NONE',  ( 40.20000000000000284, -44.31902001999193175, 0.000000000000000000 ) ) ;
#7022 = EDGE_CURVE ( 'NONE', #1789, #196, #1702, .T. ) ;
#7023 = EDGE_CURVE ( 'NONE', #3726, #5160, #4625, .T. ) ;
#7024 = CARTESIAN_POINT ( 'NONE',  ( -0.9753408198027266884, -74.00000000000004263, -0.4604438555857237048 ) ) ;
#7025 = CARTESIAN_POINT ( 'NONE',  ( -15.40251082074241928, -61.92710829111988602, 3.566207146854113219 ) ) ;
#7026 = CARTESIAN_POINT ( 'NONE',  ( 40.00000000000000711, -42.31902001999193885, 12.50000000000000000 ) ) ;
#7027 = CARTESIAN_POINT ( 'NONE',  ( 9.178538056484136121, -69.17762740539799893, 23.23044792080903775 ) ) ;
#7028 = CARTESIAN_POINT ( 'NONE',  ( -37.90170002548827455, -42.26737158543320305, 1.018737140434403221 ) ) ;
#7029 = CARTESIAN_POINT ( 'NONE',  ( 21.74677367785692894, -76.50113924000508803, 2.907439065010458901 ) ) ;
#7030 = CARTESIAN_POINT ( 'NONE',  ( -25.86574135803898145, -74.00000000000004263, 14.55223283044619720 ) ) ;
#7031 = CARTESIAN_POINT ( 'NONE',  ( -25.61808094222641330, -74.52905181747010488, 15.48945708599383764 ) ) ;
#7032 = CARTESIAN_POINT ( 'NONE',  ( 43.50000000000001421, -49.31902001999208807, 25.00000000000000000 ) ) ;
#7033 = CARTESIAN_POINT ( 'NONE',  ( -7.747895389475643491, -75.72870601436453342, 25.15192032001782962 ) ) ;
#7034 = LINE ( 'NONE', #1601, #4542 ) ;
#7035 = ORIENTED_EDGE ( 'NONE', *, *, #7060, .F. ) ;
#7036 = CARTESIAN_POINT ( 'NONE',  ( -23.04525864944430324, -77.77967650617952700, 4.433877112604971416 ) ) ;
#7037 = CARTESIAN_POINT ( 'NONE',  ( 21.48565329626548248, -67.35151416441959782, 20.54918149013328943 ) ) ;
#7038 = CARTESIAN_POINT ( 'NONE',  ( -14.18721143106730587, -74.00000000000004263, 17.45391619160506735 ) ) ;
#7039 = CARTESIAN_POINT ( 'NONE',  ( 9.054704145853195385, -59.97217993010024628, 3.549485704091776661 ) ) ;
#7040 = CARTESIAN_POINT ( 'NONE',  ( 25.04793644628120219, -57.72388461084813827, -0.9262709168084001243 ) ) ;
#7041 = CARTESIAN_POINT ( 'NONE',  ( -22.98493214369460347, -67.27401745650604425, 18.77060404764348789 ) ) ;
#7042 = CYLINDRICAL_SURFACE ( 'NONE', #3399, 10.00000000000000178 ) ;
#7043 = VECTOR ( 'NONE', #3391, 1000.000000000000000 ) ;
#7044 = VERTEX_POINT ( 'NONE', #3140 ) ;
#7045 = CARTESIAN_POINT ( 'NONE',  ( 10.66813238574188105, -74.00000000000004263, -8.969224685147585419 ) ) ;
#7046 = CARTESIAN_POINT ( 'NONE',  ( -21.49077775195246787, -59.52946844029275297, 3.500000000000001332 ) ) ;
#7047 = CARTESIAN_POINT ( 'NONE',  ( 20.43188688697583189, -74.46256466078118308, 6.397026229187926738 ) ) ;
#7048 = PLANE ( 'NONE',  #3179 ) ;
#7049 = CARTESIAN_POINT ( 'NONE',  ( 21.11861617423593884, -63.74549448873062829, 20.44003068664536116 ) ) ;
#7050 = VERTEX_POINT ( 'NONE', #1883 ) ;
#7051 = VERTEX_POINT ( 'NONE', #5165 ) ;
#7052 = CARTESIAN_POINT ( 'NONE',  ( 6.057925242327286242, -74.00000000000004263, 4.250739765659747427 ) ) ;
#7053 = CARTESIAN_POINT ( 'NONE',  ( 36.52888119765707131, 45.04718434693653961, 0.4497618532305897032 ) ) ;
#7054 = PLANE ( 'NONE',  #1400 ) ;
#7055 = CARTESIAN_POINT ( 'NONE',  ( -19.35926881383687004, -72.03633394692397474, 5.243744489157297295 ) ) ;
#7056 = CARTESIAN_POINT ( 'NONE',  ( 36.79999999999999716, -44.31902001999193175, 12.50000000000000000 ) ) ;
#7057 = CARTESIAN_POINT ( 'NONE',  ( -28.68629150101522640, -22.00000000000004263, 8.500000000000000000 ) ) ;
#7058 = CIRCLE ( 'NONE', #648, 10.00000000000000178 ) ;
#7059 = CARTESIAN_POINT ( 'NONE',  ( 7.119641059394770544, -70.56804698812163679, 23.91054830818669075 ) ) ;
#7060 = EDGE_CURVE ( 'NONE', #11, #1347, #5092, .T. ) ;
#7061 = AXIS2_PLACEMENT_3D ( 'NONE', #5777, #4668, #191 ) ;
#7062 = ORIENTED_EDGE ( 'NONE', *, *, #5221, .F. ) ;
#7063 = CARTESIAN_POINT ( 'NONE',  ( -37.54669840576467266, -46.41437754773418334, 0.8533223211579654688 ) ) ;
#7064 = CARTESIAN_POINT ( 'NONE',  ( -21.61611948207464451, -67.99871098418266513, 19.19379639021050110 ) ) ;
#7065 = CARTESIAN_POINT ( 'NONE',  ( -0.001737809258973430472, -74.00000000000004263, 25.25214960693389443 ) ) ;
#7066 = DIRECTION ( 'NONE',  ( -1.553732654557586955E-16, 1.000000000000000000, 0.000000000000000000 ) ) ;
#7067 = CIRCLE ( 'NONE', #1237, 2.500000000000002220 ) ;
#7068 = CARTESIAN_POINT ( 'NONE',  ( 25.65675877019942064, -77.00000000000004263, 9.665701311037999233 ) ) ;
#7069 = CARTESIAN_POINT ( 'NONE',  ( -21.70156503552969340, -63.52945788474727351, 12.49999999999996980 ) ) ;
#7070 = CARTESIAN_POINT ( 'NONE',  ( -7.119641059402765038, -70.56804698812135257, 23.91054830818537624 ) ) ;
#7071 = CARTESIAN_POINT ( 'NONE',  ( 24.64196912394494632, -77.00000000000004263, 6.918193014638942984 ) ) ;
#7072 = EDGE_CURVE ( 'NONE', #1996, #3733, #4038, .T. ) ;
#7073 = EDGE_CURVE ( 'NONE', #4936, #3268, #173, .T. ) ;
#7074 = ORIENTED_EDGE ( 'NONE', *, *, #2220, .F. ) ;
#7075 = DIRECTION ( 'NONE',  ( -0.000000000000000000, -0.000000000000000000, -1.000000000000000000 ) ) ;
#7076 = CARTESIAN_POINT ( 'NONE',  ( -25.08720281525329199, -77.89877571810218626, 16.89786704995339406 ) ) ;
#7077 = CARTESIAN_POINT ( 'NONE',  ( 9.365498003947349659, -62.59080389549684043, 3.123306047063938440 ) ) ;
#7078 = CARTESIAN_POINT ( 'NONE',  ( 26.05286915988837038, -77.89877571810220047, 13.39560750896157870 ) ) ;
#7079 = CARTESIAN_POINT ( 'NONE',  ( -20.85644092540799832, -67.72281015937532800, 19.59329920667271452 ) ) ;
#7080 = ORIENTED_EDGE ( 'NONE', *, *, #3931, .F. ) ;
#7081 = DIRECTION ( 'NONE',  ( -0.8660254037844380415, 0.5000000000000012212, 0.000000000000000000 ) ) ;
#7082 = CARTESIAN_POINT ( 'NONE',  ( 22.09462983555209803, -62.29733731995102630, 4.331785656118069205 ) ) ;
#7083 = FACE_OUTER_BOUND ( 'NONE', #2691, .T. ) ;
#7084 = VECTOR ( 'NONE', #7066, 1000.000000000000000 ) ;
#7085 = CARTESIAN_POINT ( 'NONE',  ( 19.31706913301969308, -61.38848220840218772, 21.17868427010302312 ) ) ;
#7086 = ORIENTED_EDGE ( 'NONE', *, *, #3553, .T. ) ;
#7087 = VERTEX_POINT ( 'NONE', #3513 ) ;
#7088 = CARTESIAN_POINT ( 'NONE',  ( 17.03494416879689410, -77.00000000000004263, 10.87713160793242828 ) ) ;
#7089 = CARTESIAN_POINT ( 'NONE',  ( 24.31447694444712226, -77.00000000000005684, 6.263208655643290435 ) ) ;
#7090 = CARTESIAN_POINT ( 'NONE',  ( -16.69858866667664543, -65.77514961386377479, 3.840862481197215406 ) ) ;
#7091 = CLOSED_SHELL ( 'NONE', ( #1785, #6145, #1198, #1683, #2291, #1086, #3991, #448, #5055, #5883, #485, #4699, #2635, #7094, #3040, #5533, #1424, #4323, #3846, #5445, #6891, #6162, #1398, #3349, #1470, #5908, #941, #4525, #5259, #1639, #1901, #3346, #1693, #3136, #1911, #1775, #4062, #6790, #2071, #5362, #5005, #1199, #578, #4829, #5491, #194, #4160, #4867, #6408, #845, #6781, #3336, #2228, #143, #4857, #4105, #2468, #1244, #807, #3701, #4957, #5577, #1829 ) ) ;
#7092 = CARTESIAN_POINT ( 'NONE',  ( 0.000000000000000000, 0.000000000000000000, 12.50000000000000000 ) ) ;
#7093 = AXIS2_PLACEMENT_3D ( 'NONE', #7092, #3223, #2183 ) ;
#7094 = ADVANCED_FACE ( 'NONE', ( #416, #6242 ), #3963, .F. ) ;
#7095 = CARTESIAN_POINT ( 'NONE',  ( 9.365498003942427374, -62.59080389549728807, 21.87669395293639951 ) ) ;
#7096 = VECTOR ( 'NONE', #6571, 1000.000000000000000 ) ;
#7097 = EDGE_LOOP ( 'NONE', ( #3351, #2764, #5237, #2185, #4489, #2831, #6839, #7086 ) ) ;
#7098 = CARTESIAN_POINT ( 'NONE',  ( -2.047426502804837956, -59.40752366131754769, 24.82904850786074391 ) ) ;
#7099 = CARTESIAN_POINT ( 'NONE',  ( 25.99999999999999645, -74.00000000000004263, 12.49999999999999822 ) ) ;
#7100 = AXIS2_PLACEMENT_3D ( 'NONE', #326, #222, #1884 ) ;
#7101 = PLANE ( 'NONE',  #2400 ) ;
#7102 = CARTESIAN_POINT ( 'NONE',  ( 17.74748603729677043, -74.00000000000004263, 12.49999999999993783 ) ) ;
#7103 = CARTESIAN_POINT ( 'NONE',  ( -21.84978653842432195, -77.00000000000004263, 3.014876443194892897 ) ) ;
#7104 = CARTESIAN_POINT ( 'NONE',  ( -21.54998219735380616, -63.34763145123385897, 20.68693560176826196 ) ) ;
ENDSEC;
END-ISO-10303-21;
