ISO-10303-21;
HEADER;
/* Generated by software containing ST-Developer
 * from STEP Tools, Inc. (www.steptools.com) 
 */

FILE_DESCRIPTION(
/* description */ (''),
/* implementation_level */ '2;1');

FILE_NAME(
/* name */ 'finger_prototype_v2.step',
/* time_stamp */ '2026-08-18T13:51:05+03:00',
/* author */ (''),
/* organization */ (''),
/* preprocessor_version */ 'ST-DEVELOPER v20.1',
/* originating_system */ 'Autodesk Translation Framework v15.8.0.0',
/* authorisation */ '');

FILE_SCHEMA (('AUTOMOTIVE_DESIGN { 1 0 10303 214 3 1 1 }'));
ENDSEC;

DATA;
#10=MECHANICAL_DESIGN_GEOMETRIC_PRESENTATION_REPRESENTATION('',(#15,#16,
#17),#4033);
#11=SHAPE_REPRESENTATION_RELATIONSHIP('SRR','None',#4040,#12);
#12=ADVANCED_BREP_SHAPE_REPRESENTATION('',(#18,#19,#20),#4032);
#13=(
BOUNDED_SURFACE()
B_SPLINE_SURFACE(2,2,((#3905,#3906,#3907,#3908,#3909),(#3910,#3911,#3912,
#3913,#3914),(#3915,#3916,#3917,#3918,#3919)),.UNSPECIFIED.,.F.,.F.,.F.)
B_SPLINE_SURFACE_WITH_KNOTS((3,3),(3,2,3),(-1.57079632679492,9.38485400503455E-16),
(-1.5707963267949,0.,1.5707963267949),.UNSPECIFIED.)
GEOMETRIC_REPRESENTATION_ITEM()
RATIONAL_B_SPLINE_SURFACE(((1.,0.707106781186548,1.,0.707106781186548,1.),
(0.707106781186539,0.499999999999994,0.707106781186539,0.499999999999994,
0.707106781186539),(1.,0.707106781186548,1.,0.707106781186548,1.)))
REPRESENTATION_ITEM('')
SURFACE()
);
#14=(
BOUNDED_SURFACE()
B_SPLINE_SURFACE(2,2,((#3930,#3931,#3932,#3933,#3934),(#3935,#3936,#3937,
#3938,#3939),(#3940,#3941,#3942,#3943,#3944)),.UNSPECIFIED.,.F.,.F.,.F.)
B_SPLINE_SURFACE_WITH_KNOTS((3,3),(3,2,3),(-3.85183223429261E-16,1.57079632679491),
(-1.5707963267949,0.,1.5707963267949),.UNSPECIFIED.)
GEOMETRIC_REPRESENTATION_ITEM()
RATIONAL_B_SPLINE_SURFACE(((1.,0.707106781186547,1.,0.707106781186547,1.),
(0.707106781186543,0.499999999999997,0.707106781186543,0.499999999999997,
0.707106781186543),(1.,0.707106781186547,1.,0.707106781186547,1.)))
REPRESENTATION_ITEM('')
SURFACE()
);
#15=STYLED_ITEM('',(#4049),#18);
#16=STYLED_ITEM('',(#4049),#19);
#17=STYLED_ITEM('',(#4049),#20);
#18=MANIFOLD_SOLID_BREP('Body1',#2287);
#19=MANIFOLD_SOLID_BREP('Body2',#2288);
#20=MANIFOLD_SOLID_BREP('Body3',#2289);
#21=B_SPLINE_CURVE_WITH_KNOTS('',3,(#3182,#3183,#3184,#3185,#3186,#3187,
#3188,#3189,#3190,#3191,#3192,#3193,#3194,#3195,#3196,#3197),
 .UNSPECIFIED.,.F.,.F.,(4,2,2,2,2,2,2,4),(3.37574413161824,3.55808083328385,
3.74041753494947,3.82438038077716,3.90834322660485,4.06111974970915,4.21389627281344,
4.21631891354955),.UNSPECIFIED.);
#22=B_SPLINE_CURVE_WITH_KNOTS('',3,(#3219,#3220,#3221,#3222,#3223,#3224,
#3225,#3226,#3227,#3228,#3229,#3230,#3231,#3232,#3233,#3234),
 .UNSPECIFIED.,.F.,.F.,(4,2,2,2,2,2,2,4),(2.53516934968693,2.53759199042304,
2.69036851352734,2.84314503663163,2.92710788245933,3.01107072828702,3.19340742995263,
3.37574413161824),.UNSPECIFIED.);
#23=B_SPLINE_CURVE_WITH_KNOTS('',3,(#3244,#3245,#3246,#3247,#3248,#3249,
#3250,#3251,#3252,#3253,#3254,#3255,#3256,#3257,#3258,#3259),
 .UNSPECIFIED.,.F.,.F.,(4,2,2,2,2,2,2,4),(0.,0.279216778082502,0.558433556165004,
0.679040229588475,0.799646903011945,1.00151189124343,1.20337687947492,1.30417061752023),
 .UNSPECIFIED.);
#24=B_SPLINE_CURVE_WITH_KNOTS('',3,(#3268,#3269,#3270,#3271,#3272,#3273,
#3274,#3275,#3276,#3277,#3278,#3279,#3280,#3281,#3282,#3283),
 .UNSPECIFIED.,.F.,.F.,(4,2,2,2,2,2,2,4),(-1.30417062074565,-1.20337687947492,
-1.00151189124343,-0.799646903011945,-0.679040229588475,-0.558433556165005,
-0.279216778082501,0.),.UNSPECIFIED.);
#25=B_SPLINE_CURVE_WITH_KNOTS('',3,(#3331,#3332,#3333,#3334,#3335,#3336,
#3337,#3338,#3339,#3340,#3341,#3342),.UNSPECIFIED.,.F.,.F.,(4,2,2,2,2,4),
(0.,0.240044410171579,0.480088820343158,0.595930796903145,0.711772773463132,
0.754053084419898),.UNSPECIFIED.);
#26=B_SPLINE_CURVE_WITH_KNOTS('',3,(#3346,#3347,#3348,#3349,#3350,#3351,
#3352,#3353,#3354,#3355,#3356,#3357),.UNSPECIFIED.,.F.,.F.,(4,2,2,2,2,4),
(-0.754053084459583,-0.711772773463133,-0.595930796903145,-0.480088820343159,
-0.24004441017158,0.),.UNSPECIFIED.);
#27=B_SPLINE_CURVE_WITH_KNOTS('',3,(#3361,#3362,#3363,#3364,#3365,#3366,
#3367,#3368,#3369,#3370,#3371,#3372),.UNSPECIFIED.,.F.,.F.,(4,2,2,2,2,4),
(6.01257970121279,6.35137013433476,6.69016056745673,6.84313604115375,6.99611151485077,
7.23699112227665),.UNSPECIFIED.);
#28=B_SPLINE_CURVE_WITH_KNOTS('',3,(#3376,#3377,#3378,#3379,#3380,#3381,
#3382,#3383,#3384,#3385,#3386,#3387),.UNSPECIFIED.,.F.,.F.,(4,2,2,2,2,4),
(4.78816828014893,5.02904788757481,5.18202336127183,5.33499883496885,5.67378926809082,
6.01257970121279),.UNSPECIFIED.);
#29=B_SPLINE_CURVE_WITH_KNOTS('',3,(#3439,#3440,#3441,#3442,#3443,#3444,
#3445,#3446,#3447,#3448,#3449,#3450),.UNSPECIFIED.,.F.,.F.,(4,2,2,2,2,4),
(0.,0.243991601105813,0.487983202211626,0.605061817417252,0.722140432622878,
0.888272550903116),.UNSPECIFIED.);
#30=B_SPLINE_CURVE_WITH_KNOTS('',3,(#3454,#3455,#3456,#3457,#3458,#3459,
#3460,#3461,#3462,#3463),.UNSPECIFIED.,.F.,.F.,(4,2,2,2,4),(-0.825440622563501,
-0.598040438715626,-0.370640254867751,-0.185320127433875,0.),
 .UNSPECIFIED.);
#31=B_SPLINE_CURVE_WITH_KNOTS('',3,(#3467,#3468,#3469,#3470,#3471,#3472,
#3473,#3474,#3475,#3476,#3477,#3478,#3479,#3480),.UNSPECIFIED.,.F.,.F.,
(4,2,2,2,2,2,4),(6.2288739049183,6.53897675877865,6.84907961263899,6.99104981159096,
7.13302001054293,7.39238774733079,7.51267798929268),.UNSPECIFIED.);
#32=B_SPLINE_CURVE_WITH_KNOTS('',3,(#3484,#3485,#3486,#3487,#3488,#3489,
#3490,#3491,#3492,#3493,#3494,#3495,#3496,#3497),.UNSPECIFIED.,.F.,.F.,
(4,2,2,2,2,2,4),(4.94506982054393,5.06536006250582,5.32472779929368,5.46669799824565,
5.60866819719762,5.91877105105796,6.2288739049183),.UNSPECIFIED.);
#33=B_SPLINE_CURVE_WITH_KNOTS('',3,(#3502,#3503,#3504,#3505,#3506,#3507,
#3508,#3509,#3510,#3511,#3512,#3513),.UNSPECIFIED.,.F.,.F.,(4,2,2,2,2,4),
(4.51761399798261,4.68374611626285,4.80082473146848,4.9179033466741,5.16189494777992,
5.40588654888573),.UNSPECIFIED.);
#34=B_SPLINE_CURVE_WITH_KNOTS('',3,(#3517,#3518,#3519,#3520,#3521,#3522,
#3523,#3524,#3525,#3526,#3527,#3528,#3529,#3530),.UNSPECIFIED.,.F.,.F.,
(4,2,2,2,2,2,4),(0.,0.310102853860344,0.620205707720689,0.762175906672658,
0.904146105624627,1.16351384241249,1.28380408437437),.UNSPECIFIED.);
#35=B_SPLINE_CURVE_WITH_KNOTS('',3,(#3534,#3535,#3536,#3537,#3538,#3539,
#3540,#3541,#3542,#3543,#3544,#3545,#3546,#3547),.UNSPECIFIED.,.F.,.F.,
(4,2,2,2,2,2,4),(-1.28380408437437,-1.16351384241249,-0.904146105624628,
-0.76217590667266,-0.62020570772069,-0.310102853860345,0.),
 .UNSPECIFIED.);
#36=B_SPLINE_CURVE_WITH_KNOTS('',3,(#3551,#3552,#3553,#3554,#3555,#3556,
#3557,#3558,#3559,#3560),.UNSPECIFIED.,.F.,.F.,(4,2,2,2,4),(0.,0.192849557238323,
0.385699114476645,0.605545599806255,0.825392085135865),.UNSPECIFIED.);
#37=CYLINDRICAL_SURFACE('',#2312,5.);
#38=CYLINDRICAL_SURFACE('',#2314,5.);
#39=CYLINDRICAL_SURFACE('',#2316,8.);
#40=CYLINDRICAL_SURFACE('',#2318,8.);
#41=CYLINDRICAL_SURFACE('',#2320,12.);
#42=CYLINDRICAL_SURFACE('',#2326,2.5);
#43=CYLINDRICAL_SURFACE('',#2329,1.5);
#44=CYLINDRICAL_SURFACE('',#2334,2.);
#45=CYLINDRICAL_SURFACE('',#2336,2.);
#46=CYLINDRICAL_SURFACE('',#2339,5.);
#47=CYLINDRICAL_SURFACE('',#2340,5.);
#48=CYLINDRICAL_SURFACE('',#2342,20.);
#49=CYLINDRICAL_SURFACE('',#2343,6.29999999999999);
#50=CYLINDRICAL_SURFACE('',#2346,9.29999999999999);
#51=CYLINDRICAL_SURFACE('',#2358,20.);
#52=CYLINDRICAL_SURFACE('',#2359,20.);
#53=CYLINDRICAL_SURFACE('',#2366,6.30000000000001);
#54=CYLINDRICAL_SURFACE('',#2368,8.);
#55=CYLINDRICAL_SURFACE('',#2371,0.525000000000002);
#56=CYLINDRICAL_SURFACE('',#2375,0.525000000000002);
#57=CYLINDRICAL_SURFACE('',#2379,0.525000000000002);
#58=CYLINDRICAL_SURFACE('',#2383,0.525000000000091);
#59=CYLINDRICAL_SURFACE('',#2387,0.524999999999993);
#60=CYLINDRICAL_SURFACE('',#2391,0.524999999999993);
#61=CYLINDRICAL_SURFACE('',#2396,0.525000000000011);
#62=CYLINDRICAL_SURFACE('',#2400,0.524999999999993);
#63=CYLINDRICAL_SURFACE('',#2419,0.525000000000002);
#64=CYLINDRICAL_SURFACE('',#2422,0.525000000000002);
#65=CYLINDRICAL_SURFACE('',#2425,0.525000000000002);
#66=CYLINDRICAL_SURFACE('',#2428,0.525000000000002);
#67=CYLINDRICAL_SURFACE('',#2430,0.524999999999998);
#68=CYLINDRICAL_SURFACE('',#2433,0.525000000000011);
#69=CYLINDRICAL_SURFACE('',#2437,0.524999999999989);
#70=CYLINDRICAL_SURFACE('',#2441,0.524999999999998);
#71=CYLINDRICAL_SURFACE('',#2447,5.);
#72=CYLINDRICAL_SURFACE('',#2449,1.5);
#73=CYLINDRICAL_SURFACE('',#2458,9.50000000000008);
#74=CYLINDRICAL_SURFACE('',#2462,1.99999999999999);
#75=CYLINDRICAL_SURFACE('',#2467,2.00000000000002);
#76=CYLINDRICAL_SURFACE('',#2469,1.99999999999999);
#77=CYLINDRICAL_SURFACE('',#2472,6.3);
#78=CYLINDRICAL_SURFACE('',#2474,9.3);
#79=CYLINDRICAL_SURFACE('',#2476,5.);
#80=CYLINDRICAL_SURFACE('',#2478,5.00000000000001);
#81=CYLINDRICAL_SURFACE('',#2483,8.);
#82=CYLINDRICAL_SURFACE('',#2488,4.5);
#83=CYLINDRICAL_SURFACE('',#2490,4.5);
#84=CYLINDRICAL_SURFACE('',#2495,2.5);
#85=CYLINDRICAL_SURFACE('',#2499,1.5);
#86=FACE_BOUND('',#215,.T.);
#87=FACE_BOUND('',#271,.T.);
#88=FACE_BOUND('',#272,.T.);
#89=FACE_BOUND('',#273,.T.);
#90=FACE_BOUND('',#274,.T.);
#91=FACE_BOUND('',#276,.T.);
#92=FACE_BOUND('',#277,.T.);
#93=FACE_BOUND('',#334,.T.);
#94=FACE_BOUND('',#335,.T.);
#95=FACE_OUTER_BOUND('',#214,.T.);
#96=FACE_OUTER_BOUND('',#216,.T.);
#97=FACE_OUTER_BOUND('',#217,.T.);
#98=FACE_OUTER_BOUND('',#218,.T.);
#99=FACE_OUTER_BOUND('',#219,.T.);
#100=FACE_OUTER_BOUND('',#220,.T.);
#101=FACE_OUTER_BOUND('',#221,.T.);
#102=FACE_OUTER_BOUND('',#222,.T.);
#103=FACE_OUTER_BOUND('',#223,.T.);
#104=FACE_OUTER_BOUND('',#224,.T.);
#105=FACE_OUTER_BOUND('',#225,.T.);
#106=FACE_OUTER_BOUND('',#226,.T.);
#107=FACE_OUTER_BOUND('',#227,.T.);
#108=FACE_OUTER_BOUND('',#228,.T.);
#109=FACE_OUTER_BOUND('',#229,.T.);
#110=FACE_OUTER_BOUND('',#230,.T.);
#111=FACE_OUTER_BOUND('',#231,.T.);
#112=FACE_OUTER_BOUND('',#232,.T.);
#113=FACE_OUTER_BOUND('',#233,.T.);
#114=FACE_OUTER_BOUND('',#234,.T.);
#115=FACE_OUTER_BOUND('',#235,.T.);
#116=FACE_OUTER_BOUND('',#236,.T.);
#117=FACE_OUTER_BOUND('',#237,.T.);
#118=FACE_OUTER_BOUND('',#238,.T.);
#119=FACE_OUTER_BOUND('',#239,.T.);
#120=FACE_OUTER_BOUND('',#240,.T.);
#121=FACE_OUTER_BOUND('',#241,.T.);
#122=FACE_OUTER_BOUND('',#242,.T.);
#123=FACE_OUTER_BOUND('',#243,.T.);
#124=FACE_OUTER_BOUND('',#244,.T.);
#125=FACE_OUTER_BOUND('',#245,.T.);
#126=FACE_OUTER_BOUND('',#246,.T.);
#127=FACE_OUTER_BOUND('',#247,.T.);
#128=FACE_OUTER_BOUND('',#248,.T.);
#129=FACE_OUTER_BOUND('',#249,.T.);
#130=FACE_OUTER_BOUND('',#250,.T.);
#131=FACE_OUTER_BOUND('',#251,.T.);
#132=FACE_OUTER_BOUND('',#252,.T.);
#133=FACE_OUTER_BOUND('',#253,.T.);
#134=FACE_OUTER_BOUND('',#254,.T.);
#135=FACE_OUTER_BOUND('',#255,.T.);
#136=FACE_OUTER_BOUND('',#256,.T.);
#137=FACE_OUTER_BOUND('',#257,.T.);
#138=FACE_OUTER_BOUND('',#258,.T.);
#139=FACE_OUTER_BOUND('',#259,.T.);
#140=FACE_OUTER_BOUND('',#260,.T.);
#141=FACE_OUTER_BOUND('',#261,.T.);
#142=FACE_OUTER_BOUND('',#262,.T.);
#143=FACE_OUTER_BOUND('',#263,.T.);
#144=FACE_OUTER_BOUND('',#264,.T.);
#145=FACE_OUTER_BOUND('',#265,.T.);
#146=FACE_OUTER_BOUND('',#266,.T.);
#147=FACE_OUTER_BOUND('',#267,.T.);
#148=FACE_OUTER_BOUND('',#268,.T.);
#149=FACE_OUTER_BOUND('',#269,.T.);
#150=FACE_OUTER_BOUND('',#270,.T.);
#151=FACE_OUTER_BOUND('',#275,.T.);
#152=FACE_OUTER_BOUND('',#278,.T.);
#153=FACE_OUTER_BOUND('',#279,.T.);
#154=FACE_OUTER_BOUND('',#280,.T.);
#155=FACE_OUTER_BOUND('',#281,.T.);
#156=FACE_OUTER_BOUND('',#282,.T.);
#157=FACE_OUTER_BOUND('',#283,.T.);
#158=FACE_OUTER_BOUND('',#284,.T.);
#159=FACE_OUTER_BOUND('',#285,.T.);
#160=FACE_OUTER_BOUND('',#286,.T.);
#161=FACE_OUTER_BOUND('',#287,.T.);
#162=FACE_OUTER_BOUND('',#288,.T.);
#163=FACE_OUTER_BOUND('',#289,.T.);
#164=FACE_OUTER_BOUND('',#290,.T.);
#165=FACE_OUTER_BOUND('',#291,.T.);
#166=FACE_OUTER_BOUND('',#292,.T.);
#167=FACE_OUTER_BOUND('',#293,.T.);
#168=FACE_OUTER_BOUND('',#294,.T.);
#169=FACE_OUTER_BOUND('',#295,.T.);
#170=FACE_OUTER_BOUND('',#296,.T.);
#171=FACE_OUTER_BOUND('',#297,.T.);
#172=FACE_OUTER_BOUND('',#298,.T.);
#173=FACE_OUTER_BOUND('',#299,.T.);
#174=FACE_OUTER_BOUND('',#300,.T.);
#175=FACE_OUTER_BOUND('',#301,.T.);
#176=FACE_OUTER_BOUND('',#302,.T.);
#177=FACE_OUTER_BOUND('',#303,.T.);
#178=FACE_OUTER_BOUND('',#304,.T.);
#179=FACE_OUTER_BOUND('',#305,.T.);
#180=FACE_OUTER_BOUND('',#306,.T.);
#181=FACE_OUTER_BOUND('',#307,.T.);
#182=FACE_OUTER_BOUND('',#308,.T.);
#183=FACE_OUTER_BOUND('',#309,.T.);
#184=FACE_OUTER_BOUND('',#310,.T.);
#185=FACE_OUTER_BOUND('',#311,.T.);
#186=FACE_OUTER_BOUND('',#312,.T.);
#187=FACE_OUTER_BOUND('',#313,.T.);
#188=FACE_OUTER_BOUND('',#314,.T.);
#189=FACE_OUTER_BOUND('',#315,.T.);
#190=FACE_OUTER_BOUND('',#316,.T.);
#191=FACE_OUTER_BOUND('',#317,.T.);
#192=FACE_OUTER_BOUND('',#318,.T.);
#193=FACE_OUTER_BOUND('',#319,.T.);
#194=FACE_OUTER_BOUND('',#320,.T.);
#195=FACE_OUTER_BOUND('',#321,.T.);
#196=FACE_OUTER_BOUND('',#322,.T.);
#197=FACE_OUTER_BOUND('',#323,.T.);
#198=FACE_OUTER_BOUND('',#324,.T.);
#199=FACE_OUTER_BOUND('',#325,.T.);
#200=FACE_OUTER_BOUND('',#326,.T.);
#201=FACE_OUTER_BOUND('',#327,.T.);
#202=FACE_OUTER_BOUND('',#328,.T.);
#203=FACE_OUTER_BOUND('',#329,.T.);
#204=FACE_OUTER_BOUND('',#330,.T.);
#205=FACE_OUTER_BOUND('',#331,.T.);
#206=FACE_OUTER_BOUND('',#332,.T.);
#207=FACE_OUTER_BOUND('',#333,.T.);
#208=FACE_OUTER_BOUND('',#336,.T.);
#209=FACE_OUTER_BOUND('',#337,.T.);
#210=FACE_OUTER_BOUND('',#338,.T.);
#211=FACE_OUTER_BOUND('',#339,.T.);
#212=FACE_OUTER_BOUND('',#340,.T.);
#213=FACE_OUTER_BOUND('',#341,.T.);
#214=EDGE_LOOP('',(#1436,#1437,#1438,#1439,#1440,#1441,#1442,#1443));
#215=EDGE_LOOP('',(#1444,#1445,#1446,#1447,#1448,#1449,#1450,#1451));
#216=EDGE_LOOP('',(#1452,#1453,#1454,#1455,#1456,#1457));
#217=EDGE_LOOP('',(#1458,#1459,#1460,#1461,#1462,#1463,#1464,#1465,#1466,
#1467,#1468,#1469));
#218=EDGE_LOOP('',(#1470,#1471,#1472,#1473,#1474,#1475));
#219=EDGE_LOOP('',(#1476,#1477,#1478,#1479));
#220=EDGE_LOOP('',(#1480,#1481,#1482,#1483));
#221=EDGE_LOOP('',(#1484,#1485,#1486,#1487));
#222=EDGE_LOOP('',(#1488,#1489,#1490,#1491));
#223=EDGE_LOOP('',(#1492,#1493,#1494,#1495));
#224=EDGE_LOOP('',(#1496,#1497,#1498,#1499,#1500,#1501,#1502,#1503));
#225=EDGE_LOOP('',(#1504,#1505,#1506,#1507,#1508,#1509,#1510,#1511,#1512,
#1513,#1514,#1515));
#226=EDGE_LOOP('',(#1516,#1517,#1518,#1519));
#227=EDGE_LOOP('',(#1520,#1521,#1522,#1523));
#228=EDGE_LOOP('',(#1524,#1525,#1526,#1527));
#229=EDGE_LOOP('',(#1528,#1529,#1530,#1531));
#230=EDGE_LOOP('',(#1532,#1533,#1534,#1535));
#231=EDGE_LOOP('',(#1536,#1537,#1538,#1539));
#232=EDGE_LOOP('',(#1540,#1541,#1542,#1543));
#233=EDGE_LOOP('',(#1544,#1545,#1546,#1547));
#234=EDGE_LOOP('',(#1548,#1549,#1550,#1551));
#235=EDGE_LOOP('',(#1552,#1553,#1554,#1555));
#236=EDGE_LOOP('',(#1556,#1557,#1558,#1559));
#237=EDGE_LOOP('',(#1560,#1561,#1562,#1563));
#238=EDGE_LOOP('',(#1564,#1565,#1566,#1567,#1568,#1569,#1570,#1571));
#239=EDGE_LOOP('',(#1572,#1573,#1574,#1575,#1576));
#240=EDGE_LOOP('',(#1577,#1578,#1579,#1580,#1581));
#241=EDGE_LOOP('',(#1582,#1583,#1584,#1585,#1586,#1587,#1588,#1589,#1590,
#1591,#1592,#1593,#1594,#1595,#1596,#1597,#1598,#1599));
#242=EDGE_LOOP('',(#1600,#1601,#1602,#1603));
#243=EDGE_LOOP('',(#1604,#1605,#1606,#1607,#1608,#1609,#1610,#1611));
#244=EDGE_LOOP('',(#1612,#1613,#1614,#1615,#1616,#1617,#1618,#1619));
#245=EDGE_LOOP('',(#1620,#1621,#1622,#1623,#1624,#1625,#1626,#1627,#1628,
#1629,#1630,#1631,#1632,#1633,#1634));
#246=EDGE_LOOP('',(#1635,#1636,#1637,#1638,#1639,#1640));
#247=EDGE_LOOP('',(#1641,#1642,#1643,#1644));
#248=EDGE_LOOP('',(#1645,#1646,#1647,#1648));
#249=EDGE_LOOP('',(#1649,#1650,#1651,#1652));
#250=EDGE_LOOP('',(#1653,#1654,#1655,#1656));
#251=EDGE_LOOP('',(#1657,#1658,#1659,#1660));
#252=EDGE_LOOP('',(#1661,#1662,#1663,#1664));
#253=EDGE_LOOP('',(#1665,#1666,#1667,#1668));
#254=EDGE_LOOP('',(#1669,#1670,#1671,#1672));
#255=EDGE_LOOP('',(#1673,#1674,#1675,#1676));
#256=EDGE_LOOP('',(#1677,#1678,#1679,#1680));
#257=EDGE_LOOP('',(#1681,#1682,#1683,#1684));
#258=EDGE_LOOP('',(#1685,#1686,#1687,#1688));
#259=EDGE_LOOP('',(#1689,#1690,#1691,#1692));
#260=EDGE_LOOP('',(#1693,#1694,#1695,#1696));
#261=EDGE_LOOP('',(#1697,#1698,#1699,#1700));
#262=EDGE_LOOP('',(#1701,#1702,#1703,#1704));
#263=EDGE_LOOP('',(#1705,#1706,#1707,#1708));
#264=EDGE_LOOP('',(#1709,#1710,#1711,#1712));
#265=EDGE_LOOP('',(#1713,#1714,#1715,#1716));
#266=EDGE_LOOP('',(#1717,#1718,#1719,#1720));
#267=EDGE_LOOP('',(#1721,#1722,#1723,#1724,#1725));
#268=EDGE_LOOP('',(#1726,#1727,#1728,#1729));
#269=EDGE_LOOP('',(#1730,#1731,#1732,#1733));
#270=EDGE_LOOP('',(#1734,#1735,#1736,#1737,#1738,#1739,#1740,#1741,#1742,
#1743,#1744,#1745,#1746,#1747,#1748,#1749,#1750,#1751,#1752,#1753,#1754,
#1755,#1756,#1757,#1758,#1759,#1760,#1761,#1762,#1763,#1764,#1765,#1766,
#1767,#1768,#1769,#1770,#1771));
#271=EDGE_LOOP('',(#1772,#1773,#1774,#1775));
#272=EDGE_LOOP('',(#1776,#1777,#1778,#1779));
#273=EDGE_LOOP('',(#1780,#1781,#1782,#1783));
#274=EDGE_LOOP('',(#1784,#1785,#1786,#1787));
#275=EDGE_LOOP('',(#1788,#1789,#1790,#1791,#1792,#1793,#1794,#1795,#1796,
#1797,#1798,#1799,#1800,#1801,#1802,#1803));
#276=EDGE_LOOP('',(#1804,#1805,#1806,#1807));
#277=EDGE_LOOP('',(#1808,#1809,#1810,#1811));
#278=EDGE_LOOP('',(#1812,#1813,#1814,#1815));
#279=EDGE_LOOP('',(#1816,#1817,#1818,#1819));
#280=EDGE_LOOP('',(#1820,#1821,#1822,#1823));
#281=EDGE_LOOP('',(#1824,#1825,#1826,#1827));
#282=EDGE_LOOP('',(#1828,#1829,#1830,#1831));
#283=EDGE_LOOP('',(#1832,#1833,#1834,#1835));
#284=EDGE_LOOP('',(#1836,#1837,#1838,#1839));
#285=EDGE_LOOP('',(#1840,#1841,#1842,#1843));
#286=EDGE_LOOP('',(#1844,#1845,#1846,#1847));
#287=EDGE_LOOP('',(#1848,#1849,#1850,#1851));
#288=EDGE_LOOP('',(#1852,#1853,#1854,#1855));
#289=EDGE_LOOP('',(#1856,#1857,#1858,#1859));
#290=EDGE_LOOP('',(#1860,#1861,#1862,#1863));
#291=EDGE_LOOP('',(#1864,#1865,#1866,#1867));
#292=EDGE_LOOP('',(#1868,#1869,#1870,#1871));
#293=EDGE_LOOP('',(#1872,#1873,#1874,#1875));
#294=EDGE_LOOP('',(#1876,#1877,#1878,#1879));
#295=EDGE_LOOP('',(#1880,#1881,#1882,#1883));
#296=EDGE_LOOP('',(#1884,#1885,#1886,#1887));
#297=EDGE_LOOP('',(#1888,#1889,#1890,#1891));
#298=EDGE_LOOP('',(#1892,#1893,#1894,#1895));
#299=EDGE_LOOP('',(#1896,#1897,#1898,#1899));
#300=EDGE_LOOP('',(#1900,#1901,#1902,#1903));
#301=EDGE_LOOP('',(#1904,#1905,#1906,#1907));
#302=EDGE_LOOP('',(#1908,#1909,#1910,#1911,#1912,#1913,#1914,#1915));
#303=EDGE_LOOP('',(#1916,#1917,#1918,#1919));
#304=EDGE_LOOP('',(#1920,#1921,#1922,#1923));
#305=EDGE_LOOP('',(#1924,#1925,#1926,#1927));
#306=EDGE_LOOP('',(#1928,#1929,#1930,#1931));
#307=EDGE_LOOP('',(#1932,#1933,#1934,#1935));
#308=EDGE_LOOP('',(#1936,#1937,#1938,#1939));
#309=EDGE_LOOP('',(#1940,#1941,#1942,#1943));
#310=EDGE_LOOP('',(#1944,#1945,#1946,#1947));
#311=EDGE_LOOP('',(#1948,#1949,#1950,#1951));
#312=EDGE_LOOP('',(#1952,#1953,#1954,#1955));
#313=EDGE_LOOP('',(#1956,#1957,#1958,#1959));
#314=EDGE_LOOP('',(#1960,#1961,#1962,#1963));
#315=EDGE_LOOP('',(#1964,#1965,#1966,#1967));
#316=EDGE_LOOP('',(#1968,#1969,#1970,#1971,#1972));
#317=EDGE_LOOP('',(#1973,#1974,#1975,#1976));
#318=EDGE_LOOP('',(#1977,#1978,#1979,#1980,#1981));
#319=EDGE_LOOP('',(#1982,#1983,#1984,#1985));
#320=EDGE_LOOP('',(#1986,#1987,#1988,#1989,#1990));
#321=EDGE_LOOP('',(#1991,#1992,#1993,#1994,#1995));
#322=EDGE_LOOP('',(#1996,#1997,#1998));
#323=EDGE_LOOP('',(#1999,#2000,#2001,#2002,#2003));
#324=EDGE_LOOP('',(#2004,#2005,#2006));
#325=EDGE_LOOP('',(#2007,#2008,#2009,#2010));
#326=EDGE_LOOP('',(#2011,#2012,#2013,#2014,#2015,#2016,#2017,#2018,#2019,
#2020,#2021,#2022,#2023,#2024,#2025,#2026,#2027));
#327=EDGE_LOOP('',(#2028,#2029,#2030,#2031));
#328=EDGE_LOOP('',(#2032,#2033,#2034,#2035));
#329=EDGE_LOOP('',(#2036,#2037,#2038,#2039));
#330=EDGE_LOOP('',(#2040,#2041,#2042,#2043));
#331=EDGE_LOOP('',(#2044,#2045,#2046,#2047));
#332=EDGE_LOOP('',(#2048,#2049,#2050,#2051));
#333=EDGE_LOOP('',(#2052,#2053,#2054,#2055,#2056,#2057,#2058,#2059,#2060,
#2061,#2062,#2063,#2064,#2065,#2066,#2067));
#334=EDGE_LOOP('',(#2068,#2069,#2070,#2071));
#335=EDGE_LOOP('',(#2072,#2073,#2074,#2075));
#336=EDGE_LOOP('',(#2076,#2077,#2078,#2079));
#337=EDGE_LOOP('',(#2080,#2081,#2082,#2083));
#338=EDGE_LOOP('',(#2084,#2085,#2086,#2087));
#339=EDGE_LOOP('',(#2088,#2089,#2090,#2091));
#340=EDGE_LOOP('',(#2092,#2093,#2094,#2095));
#341=EDGE_LOOP('',(#2096,#2097,#2098,#2099));
#342=CIRCLE('',#2304,8.);
#343=CIRCLE('',#2305,8.);
#344=CIRCLE('',#2306,5.);
#345=CIRCLE('',#2307,5.);
#346=CIRCLE('',#2308,5.);
#347=CIRCLE('',#2309,5.);
#348=CIRCLE('',#2310,2.);
#349=CIRCLE('',#2311,2.);
#350=CIRCLE('',#2322,5.);
#351=CIRCLE('',#2323,5.);
#352=CIRCLE('',#2324,2.);
#353=CIRCLE('',#2325,2.);
#354=CIRCLE('',#2327,2.5);
#355=CIRCLE('',#2328,2.5);
#356=CIRCLE('',#2330,1.5);
#357=CIRCLE('',#2331,1.5);
#358=CIRCLE('',#2344,6.29999999999999);
#359=CIRCLE('',#2345,6.29999999999999);
#360=CIRCLE('',#2347,9.29999999999999);
#361=CIRCLE('',#2348,9.29999999999999);
#362=CIRCLE('',#2350,5.);
#363=CIRCLE('',#2351,5.00000000000001);
#364=CIRCLE('',#2352,9.3);
#365=CIRCLE('',#2353,6.3);
#366=CIRCLE('',#2354,2.00000000000002);
#367=CIRCLE('',#2355,1.99999999999999);
#368=CIRCLE('',#2357,0.200000000000083);
#369=CIRCLE('',#2361,4.5);
#370=CIRCLE('',#2362,4.5);
#371=CIRCLE('',#2363,1.5);
#372=CIRCLE('',#2364,1.99999999999999);
#373=CIRCLE('',#2365,6.30000000000001);
#374=CIRCLE('',#2367,6.30000000000001);
#375=CIRCLE('',#2372,0.525000000000002);
#376=CIRCLE('',#2373,0.525000000000002);
#377=CIRCLE('',#2376,0.525000000000002);
#378=CIRCLE('',#2377,0.525000000000002);
#379=CIRCLE('',#2380,0.525000000000002);
#380=CIRCLE('',#2381,0.525000000000002);
#381=CIRCLE('',#2384,0.525000000000091);
#382=CIRCLE('',#2385,0.525000000000091);
#383=CIRCLE('',#2388,0.524999999999993);
#384=CIRCLE('',#2389,0.524999999999993);
#385=CIRCLE('',#2392,0.524999999999993);
#386=CIRCLE('',#2393,0.524999999999993);
#387=CIRCLE('',#2397,0.525000000000011);
#388=CIRCLE('',#2398,0.525000000000011);
#389=CIRCLE('',#2401,0.524999999999993);
#390=CIRCLE('',#2402,0.524999999999993);
#391=CIRCLE('',#2408,0.525000000000011);
#392=CIRCLE('',#2409,0.524999999999998);
#393=CIRCLE('',#2410,0.524999999999998);
#394=CIRCLE('',#2411,0.524999999999989);
#395=CIRCLE('',#2412,4.50000000000008);
#396=CIRCLE('',#2413,0.525000000000002);
#397=CIRCLE('',#2414,0.525000000000002);
#398=CIRCLE('',#2415,0.525000000000002);
#399=CIRCLE('',#2416,0.525000000000002);
#400=CIRCLE('',#2420,0.525000000000002);
#401=CIRCLE('',#2423,0.525000000000002);
#402=CIRCLE('',#2426,0.525000000000002);
#403=CIRCLE('',#2429,0.525000000000002);
#404=CIRCLE('',#2431,0.524999999999998);
#405=CIRCLE('',#2434,0.525000000000011);
#406=CIRCLE('',#2438,0.524999999999989);
#407=CIRCLE('',#2442,0.524999999999998);
#408=CIRCLE('',#2450,1.5);
#409=CIRCLE('',#2452,6.3);
#410=CIRCLE('',#2453,1.99999999999999);
#411=CIRCLE('',#2454,2.00000000000002);
#412=CIRCLE('',#2455,5.00000000000001);
#413=CIRCLE('',#2456,5.);
#414=CIRCLE('',#2457,9.50000000000009);
#415=CIRCLE('',#2459,9.50000000000008);
#416=CIRCLE('',#2460,9.3);
#417=CIRCLE('',#2463,1.99999999999999);
#418=CIRCLE('',#2477,5.);
#419=CIRCLE('',#2479,5.00000000000001);
#420=CIRCLE('',#2485,4.5);
#421=CIRCLE('',#2486,4.5);
#422=CIRCLE('',#2496,2.5);
#423=CIRCLE('',#2497,2.5);
#424=CIRCLE('',#2500,1.5);
#425=CIRCLE('',#2501,1.5);
#426=LINE('',#3144,#658);
#427=LINE('',#3148,#659);
#428=LINE('',#3152,#660);
#429=LINE('',#3156,#661);
#430=LINE('',#3160,#662);
#431=LINE('',#3164,#663);
#432=LINE('',#3168,#664);
#433=LINE('',#3172,#665);
#434=LINE('',#3176,#666);
#435=LINE('',#3178,#667);
#436=LINE('',#3180,#668);
#437=LINE('',#3198,#669);
#438=LINE('',#3201,#670);
#439=LINE('',#3203,#671);
#440=LINE('',#3205,#672);
#441=LINE('',#3207,#673);
#442=LINE('',#3209,#674);
#443=LINE('',#3210,#675);
#444=LINE('',#3212,#676);
#445=LINE('',#3214,#677);
#446=LINE('',#3215,#678);
#447=LINE('',#3218,#679);
#448=LINE('',#3235,#680);
#449=LINE('',#3238,#681);
#450=LINE('',#3239,#682);
#451=LINE('',#3242,#683);
#452=LINE('',#3260,#684);
#453=LINE('',#3263,#685);
#454=LINE('',#3264,#686);
#455=LINE('',#3267,#687);
#456=LINE('',#3286,#688);
#457=LINE('',#3287,#689);
#458=LINE('',#3289,#690);
#459=LINE('',#3290,#691);
#460=LINE('',#3295,#692);
#461=LINE('',#3298,#693);
#462=LINE('',#3302,#694);
#463=LINE('',#3305,#695);
#464=LINE('',#3315,#696);
#465=LINE('',#3317,#697);
#466=LINE('',#3319,#698);
#467=LINE('',#3322,#699);
#468=LINE('',#3324,#700);
#469=LINE('',#3326,#701);
#470=LINE('',#3344,#702);
#471=LINE('',#3359,#703);
#472=LINE('',#3374,#704);
#473=LINE('',#3388,#705);
#474=LINE('',#3393,#706);
#475=LINE('',#3396,#707);
#476=LINE('',#3399,#708);
#477=LINE('',#3403,#709);
#478=LINE('',#3407,#710);
#479=LINE('',#3411,#711);
#480=LINE('',#3413,#712);
#481=LINE('',#3415,#713);
#482=LINE('',#3419,#714);
#483=LINE('',#3424,#715);
#484=LINE('',#3428,#716);
#485=LINE('',#3431,#717);
#486=LINE('',#3434,#718);
#487=LINE('',#3452,#719);
#488=LINE('',#3465,#720);
#489=LINE('',#3482,#721);
#490=LINE('',#3498,#722);
#491=LINE('',#3515,#723);
#492=LINE('',#3532,#724);
#493=LINE('',#3549,#725);
#494=LINE('',#3561,#726);
#495=LINE('',#3564,#727);
#496=LINE('',#3568,#728);
#497=LINE('',#3570,#729);
#498=LINE('',#3572,#730);
#499=LINE('',#3575,#731);
#500=LINE('',#3577,#732);
#501=LINE('',#3581,#733);
#502=LINE('',#3585,#734);
#503=LINE('',#3589,#735);
#504=LINE('',#3591,#736);
#505=LINE('',#3593,#737);
#506=LINE('',#3594,#738);
#507=LINE('',#3596,#739);
#508=LINE('',#3600,#740);
#509=LINE('',#3602,#741);
#510=LINE('',#3604,#742);
#511=LINE('',#3605,#743);
#512=LINE('',#3611,#744);
#513=LINE('',#3614,#745);
#514=LINE('',#3616,#746);
#515=LINE('',#3617,#747);
#516=LINE('',#3624,#748);
#517=LINE('',#3626,#749);
#518=LINE('',#3628,#750);
#519=LINE('',#3629,#751);
#520=LINE('',#3635,#752);
#521=LINE('',#3638,#753);
#522=LINE('',#3640,#754);
#523=LINE('',#3641,#755);
#524=LINE('',#3648,#756);
#525=LINE('',#3650,#757);
#526=LINE('',#3652,#758);
#527=LINE('',#3653,#759);
#528=LINE('',#3659,#760);
#529=LINE('',#3663,#761);
#530=LINE('',#3665,#762);
#531=LINE('',#3667,#763);
#532=LINE('',#3668,#764);
#533=LINE('',#3674,#765);
#534=LINE('',#3677,#766);
#535=LINE('',#3679,#767);
#536=LINE('',#3680,#768);
#537=LINE('',#3684,#769);
#538=LINE('',#3686,#770);
#539=LINE('',#3688,#771);
#540=LINE('',#3689,#772);
#541=LINE('',#3695,#773);
#542=LINE('',#3698,#774);
#543=LINE('',#3700,#775);
#544=LINE('',#3701,#776);
#545=LINE('',#3707,#777);
#546=LINE('',#3710,#778);
#547=LINE('',#3713,#779);
#548=LINE('',#3715,#780);
#549=LINE('',#3716,#781);
#550=LINE('',#3719,#782);
#551=LINE('',#3720,#783);
#552=LINE('',#3721,#784);
#553=LINE('',#3723,#785);
#554=LINE('',#3724,#786);
#555=LINE('',#3726,#787);
#556=LINE('',#3727,#788);
#557=LINE('',#3730,#789);
#558=LINE('',#3731,#790);
#559=LINE('',#3733,#791);
#560=LINE('',#3735,#792);
#561=LINE('',#3739,#793);
#562=LINE('',#3741,#794);
#563=LINE('',#3743,#795);
#564=LINE('',#3747,#796);
#565=LINE('',#3751,#797);
#566=LINE('',#3753,#798);
#567=LINE('',#3755,#799);
#568=LINE('',#3759,#800);
#569=LINE('',#3760,#801);
#570=LINE('',#3762,#802);
#571=LINE('',#3763,#803);
#572=LINE('',#3765,#804);
#573=LINE('',#3767,#805);
#574=LINE('',#3769,#806);
#575=LINE('',#3773,#807);
#576=LINE('',#3774,#808);
#577=LINE('',#3777,#809);
#578=LINE('',#3781,#810);
#579=LINE('',#3785,#811);
#580=LINE('',#3789,#812);
#581=LINE('',#3792,#813);
#582=LINE('',#3793,#814);
#583=LINE('',#3796,#815);
#584=LINE('',#3798,#816);
#585=LINE('',#3799,#817);
#586=LINE('',#3803,#818);
#587=LINE('',#3806,#819);
#588=LINE('',#3807,#820);
#589=LINE('',#3812,#821);
#590=LINE('',#3814,#822);
#591=LINE('',#3815,#823);
#592=LINE('',#3819,#824);
#593=LINE('',#3822,#825);
#594=LINE('',#3823,#826);
#595=LINE('',#3828,#827);
#596=LINE('',#3831,#828);
#597=LINE('',#3834,#829);
#598=LINE('',#3835,#830);
#599=LINE('',#3838,#831);
#600=LINE('',#3841,#832);
#601=LINE('',#3844,#833);
#602=LINE('',#3845,#834);
#603=LINE('',#3848,#835);
#604=LINE('',#3849,#836);
#605=LINE('',#3852,#837);
#606=LINE('',#3855,#838);
#607=LINE('',#3858,#839);
#608=LINE('',#3859,#840);
#609=LINE('',#3862,#841);
#610=LINE('',#3863,#842);
#611=LINE('',#3866,#843);
#612=LINE('',#3869,#844);
#613=LINE('',#3872,#845);
#614=LINE('',#3873,#846);
#615=LINE('',#3875,#847);
#616=LINE('',#3877,#848);
#617=LINE('',#3879,#849);
#618=LINE('',#3881,#850);
#619=LINE('',#3882,#851);
#620=LINE('',#3885,#852);
#621=LINE('',#3886,#853);
#622=LINE('',#3890,#854);
#623=LINE('',#3894,#855);
#624=LINE('',#3897,#856);
#625=LINE('',#3899,#857);
#626=LINE('',#3903,#858);
#627=LINE('',#3927,#859);
#628=LINE('',#3928,#860);
#629=LINE('',#3948,#861);
#630=LINE('',#3949,#862);
#631=LINE('',#3953,#863);
#632=LINE('',#3955,#864);
#633=LINE('',#3958,#865);
#634=LINE('',#3959,#866);
#635=LINE('',#3961,#867);
#636=LINE('',#3963,#868);
#637=LINE('',#3965,#869);
#638=LINE('',#3968,#870);
#639=LINE('',#3971,#871);
#640=LINE('',#3972,#872);
#641=LINE('',#3975,#873);
#642=LINE('',#3981,#874);
#643=LINE('',#3985,#875);
#644=LINE('',#3988,#876);
#645=LINE('',#3992,#877);
#646=LINE('',#3994,#878);
#647=LINE('',#3996,#879);
#648=LINE('',#4000,#880);
#649=LINE('',#4002,#881);
#650=LINE('',#4007,#882);
#651=LINE('',#4009,#883);
#652=LINE('',#4011,#884);
#653=LINE('',#4012,#885);
#654=LINE('',#4017,#886);
#655=LINE('',#4021,#887);
#656=LINE('',#4023,#888);
#657=LINE('',#4024,#889);
#658=VECTOR('',#2508,10.);
#659=VECTOR('',#2511,10.);
#660=VECTOR('',#2514,10.);
#661=VECTOR('',#2517,10.);
#662=VECTOR('',#2520,10.);
#663=VECTOR('',#2523,10.);
#664=VECTOR('',#2526,10.);
#665=VECTOR('',#2529,10.);
#666=VECTOR('',#2534,10.);
#667=VECTOR('',#2535,10.);
#668=VECTOR('',#2536,10.);
#669=VECTOR('',#2537,10.);
#670=VECTOR('',#2540,10.);
#671=VECTOR('',#2541,10.);
#672=VECTOR('',#2542,10.);
#673=VECTOR('',#2543,10.);
#674=VECTOR('',#2544,10.);
#675=VECTOR('',#2545,10.);
#676=VECTOR('',#2546,10.);
#677=VECTOR('',#2547,10.);
#678=VECTOR('',#2548,10.);
#679=VECTOR('',#2551,10.);
#680=VECTOR('',#2552,10.);
#681=VECTOR('',#2555,10.);
#682=VECTOR('',#2556,10.);
#683=VECTOR('',#2559,10.);
#684=VECTOR('',#2560,10.);
#685=VECTOR('',#2563,10.);
#686=VECTOR('',#2564,10.);
#687=VECTOR('',#2567,10.);
#688=VECTOR('',#2570,10.);
#689=VECTOR('',#2571,10.);
#690=VECTOR('',#2574,10.);
#691=VECTOR('',#2575,10.);
#692=VECTOR('',#2580,10.);
#693=VECTOR('',#2583,10.);
#694=VECTOR('',#2586,10.);
#695=VECTOR('',#2589,10.);
#696=VECTOR('',#2608,10.);
#697=VECTOR('',#2611,10.);
#698=VECTOR('',#2614,10.);
#699=VECTOR('',#2619,10.);
#700=VECTOR('',#2622,10.);
#701=VECTOR('',#2625,10.);
#702=VECTOR('',#2630,10.);
#703=VECTOR('',#2631,10.);
#704=VECTOR('',#2632,10.);
#705=VECTOR('',#2633,10.);
#706=VECTOR('',#2638,10.);
#707=VECTOR('',#2641,10.);
#708=VECTOR('',#2644,10.);
#709=VECTOR('',#2647,10.);
#710=VECTOR('',#2652,10.);
#711=VECTOR('',#2655,10.);
#712=VECTOR('',#2656,10.);
#713=VECTOR('',#2657,10.);
#714=VECTOR('',#2660,10.);
#715=VECTOR('',#2665,10.);
#716=VECTOR('',#2668,10.);
#717=VECTOR('',#2671,10.);
#718=VECTOR('',#2674,10.);
#719=VECTOR('',#2679,10.);
#720=VECTOR('',#2680,10.);
#721=VECTOR('',#2681,10.);
#722=VECTOR('',#2682,10.);
#723=VECTOR('',#2685,10.);
#724=VECTOR('',#2686,10.);
#725=VECTOR('',#2687,10.);
#726=VECTOR('',#2688,10.);
#727=VECTOR('',#2691,10.);
#728=VECTOR('',#2694,10.);
#729=VECTOR('',#2695,10.);
#730=VECTOR('',#2696,10.);
#731=VECTOR('',#2699,10.);
#732=VECTOR('',#2700,10.);
#733=VECTOR('',#2703,10.);
#734=VECTOR('',#2706,10.);
#735=VECTOR('',#2711,10.);
#736=VECTOR('',#2714,10.);
#737=VECTOR('',#2717,10.);
#738=VECTOR('',#2718,10.);
#739=VECTOR('',#2721,10.);
#740=VECTOR('',#2724,10.);
#741=VECTOR('',#2725,10.);
#742=VECTOR('',#2726,10.);
#743=VECTOR('',#2727,10.);
#744=VECTOR('',#2734,10.);
#745=VECTOR('',#2737,10.);
#746=VECTOR('',#2738,10.);
#747=VECTOR('',#2739,10.);
#748=VECTOR('',#2748,10.);
#749=VECTOR('',#2749,10.);
#750=VECTOR('',#2750,10.);
#751=VECTOR('',#2751,10.);
#752=VECTOR('',#2758,10.);
#753=VECTOR('',#2761,10.);
#754=VECTOR('',#2762,10.);
#755=VECTOR('',#2763,10.);
#756=VECTOR('',#2772,10.);
#757=VECTOR('',#2773,10.);
#758=VECTOR('',#2774,10.);
#759=VECTOR('',#2775,10.);
#760=VECTOR('',#2782,10.);
#761=VECTOR('',#2785,10.);
#762=VECTOR('',#2786,10.);
#763=VECTOR('',#2787,10.);
#764=VECTOR('',#2788,10.);
#765=VECTOR('',#2795,10.);
#766=VECTOR('',#2798,10.);
#767=VECTOR('',#2799,10.);
#768=VECTOR('',#2800,10.);
#769=VECTOR('',#2803,10.);
#770=VECTOR('',#2804,10.);
#771=VECTOR('',#2805,10.);
#772=VECTOR('',#2806,10.);
#773=VECTOR('',#2813,10.);
#774=VECTOR('',#2816,10.);
#775=VECTOR('',#2817,10.);
#776=VECTOR('',#2818,10.);
#777=VECTOR('',#2823,10.);
#778=VECTOR('',#2826,10.);
#779=VECTOR('',#2829,10.);
#780=VECTOR('',#2830,10.);
#781=VECTOR('',#2831,10.);
#782=VECTOR('',#2834,10.);
#783=VECTOR('',#2835,10.);
#784=VECTOR('',#2836,10.);
#785=VECTOR('',#2839,10.);
#786=VECTOR('',#2840,10.);
#787=VECTOR('',#2843,10.);
#788=VECTOR('',#2844,10.);
#789=VECTOR('',#2847,10.);
#790=VECTOR('',#2848,10.);
#791=VECTOR('',#2849,10.);
#792=VECTOR('',#2850,10.);
#793=VECTOR('',#2853,10.);
#794=VECTOR('',#2854,10.);
#795=VECTOR('',#2855,10.);
#796=VECTOR('',#2858,10.);
#797=VECTOR('',#2861,10.);
#798=VECTOR('',#2862,10.);
#799=VECTOR('',#2863,10.);
#800=VECTOR('',#2866,10.);
#801=VECTOR('',#2867,10.);
#802=VECTOR('',#2868,10.);
#803=VECTOR('',#2869,10.);
#804=VECTOR('',#2870,10.);
#805=VECTOR('',#2871,10.);
#806=VECTOR('',#2872,10.);
#807=VECTOR('',#2875,10.);
#808=VECTOR('',#2876,10.);
#809=VECTOR('',#2877,10.);
#810=VECTOR('',#2880,10.);
#811=VECTOR('',#2883,10.);
#812=VECTOR('',#2886,10.);
#813=VECTOR('',#2891,10.);
#814=VECTOR('',#2892,10.);
#815=VECTOR('',#2895,10.);
#816=VECTOR('',#2896,10.);
#817=VECTOR('',#2897,10.);
#818=VECTOR('',#2902,10.);
#819=VECTOR('',#2905,10.);
#820=VECTOR('',#2906,10.);
#821=VECTOR('',#2913,10.);
#822=VECTOR('',#2914,10.);
#823=VECTOR('',#2915,10.);
#824=VECTOR('',#2920,10.);
#825=VECTOR('',#2923,10.);
#826=VECTOR('',#2924,10.);
#827=VECTOR('',#2931,10.);
#828=VECTOR('',#2934,10.);
#829=VECTOR('',#2937,10.);
#830=VECTOR('',#2938,10.);
#831=VECTOR('',#2941,10.);
#832=VECTOR('',#2944,10.);
#833=VECTOR('',#2947,10.);
#834=VECTOR('',#2948,10.);
#835=VECTOR('',#2951,10.);
#836=VECTOR('',#2952,10.);
#837=VECTOR('',#2955,10.);
#838=VECTOR('',#2958,10.);
#839=VECTOR('',#2961,10.);
#840=VECTOR('',#2962,10.);
#841=VECTOR('',#2965,10.);
#842=VECTOR('',#2966,10.);
#843=VECTOR('',#2969,10.);
#844=VECTOR('',#2972,10.);
#845=VECTOR('',#2975,10.);
#846=VECTOR('',#2976,10.);
#847=VECTOR('',#2979,10.);
#848=VECTOR('',#2982,10.);
#849=VECTOR('',#2985,10.);
#850=VECTOR('',#2988,10.);
#851=VECTOR('',#2989,10.);
#852=VECTOR('',#2992,10.);
#853=VECTOR('',#2993,10.);
#854=VECTOR('',#2998,10.);
#855=VECTOR('',#3001,10.);
#856=VECTOR('',#3004,10.);
#857=VECTOR('',#3005,10.);
#858=VECTOR('',#3008,10.);
#859=VECTOR('',#3019,10.);
#860=VECTOR('',#3020,10.);
#861=VECTOR('',#3027,10.);
#862=VECTOR('',#3028,10.);
#863=VECTOR('',#3033,10.);
#864=VECTOR('',#3036,10.);
#865=VECTOR('',#3041,10.);
#866=VECTOR('',#3042,10.);
#867=VECTOR('',#3045,10.);
#868=VECTOR('',#3048,10.);
#869=VECTOR('',#3051,10.);
#870=VECTOR('',#3056,10.);
#871=VECTOR('',#3061,10.);
#872=VECTOR('',#3062,10.);
#873=VECTOR('',#3067,10.);
#874=VECTOR('',#3078,10.);
#875=VECTOR('',#3085,10.);
#876=VECTOR('',#3088,10.);
#877=VECTOR('',#3093,10.);
#878=VECTOR('',#3096,10.);
#879=VECTOR('',#3099,10.);
#880=VECTOR('',#3106,10.);
#881=VECTOR('',#3109,10.);
#882=VECTOR('',#3114,10.);
#883=VECTOR('',#3115,10.);
#884=VECTOR('',#3116,10.);
#885=VECTOR('',#3117,10.);
#886=VECTOR('',#3122,10.);
#887=VECTOR('',#3127,10.);
#888=VECTOR('',#3128,10.);
#889=VECTOR('',#3129,10.);
#890=VERTEX_POINT('',#3142);
#891=VERTEX_POINT('',#3143);
#892=VERTEX_POINT('',#3145);
#893=VERTEX_POINT('',#3147);
#894=VERTEX_POINT('',#3149);
#895=VERTEX_POINT('',#3151);
#896=VERTEX_POINT('',#3153);
#897=VERTEX_POINT('',#3155);
#898=VERTEX_POINT('',#3158);
#899=VERTEX_POINT('',#3159);
#900=VERTEX_POINT('',#3161);
#901=VERTEX_POINT('',#3163);
#902=VERTEX_POINT('',#3165);
#903=VERTEX_POINT('',#3167);
#904=VERTEX_POINT('',#3169);
#905=VERTEX_POINT('',#3171);
#906=VERTEX_POINT('',#3175);
#907=VERTEX_POINT('',#3177);
#908=VERTEX_POINT('',#3179);
#909=VERTEX_POINT('',#3181);
#910=VERTEX_POINT('',#3200);
#911=VERTEX_POINT('',#3202);
#912=VERTEX_POINT('',#3204);
#913=VERTEX_POINT('',#3206);
#914=VERTEX_POINT('',#3208);
#915=VERTEX_POINT('',#3211);
#916=VERTEX_POINT('',#3213);
#917=VERTEX_POINT('',#3217);
#918=VERTEX_POINT('',#3237);
#919=VERTEX_POINT('',#3241);
#920=VERTEX_POINT('',#3243);
#921=VERTEX_POINT('',#3262);
#922=VERTEX_POINT('',#3266);
#923=VERTEX_POINT('',#3285);
#924=VERTEX_POINT('',#3292);
#925=VERTEX_POINT('',#3294);
#926=VERTEX_POINT('',#3296);
#927=VERTEX_POINT('',#3299);
#928=VERTEX_POINT('',#3301);
#929=VERTEX_POINT('',#3303);
#930=VERTEX_POINT('',#3329);
#931=VERTEX_POINT('',#3330);
#932=VERTEX_POINT('',#3343);
#933=VERTEX_POINT('',#3345);
#934=VERTEX_POINT('',#3358);
#935=VERTEX_POINT('',#3360);
#936=VERTEX_POINT('',#3373);
#937=VERTEX_POINT('',#3375);
#938=VERTEX_POINT('',#3390);
#939=VERTEX_POINT('',#3392);
#940=VERTEX_POINT('',#3394);
#941=VERTEX_POINT('',#3398);
#942=VERTEX_POINT('',#3400);
#943=VERTEX_POINT('',#3402);
#944=VERTEX_POINT('',#3406);
#945=VERTEX_POINT('',#3408);
#946=VERTEX_POINT('',#3410);
#947=VERTEX_POINT('',#3412);
#948=VERTEX_POINT('',#3414);
#949=VERTEX_POINT('',#3416);
#950=VERTEX_POINT('',#3418);
#951=VERTEX_POINT('',#3421);
#952=VERTEX_POINT('',#3423);
#953=VERTEX_POINT('',#3425);
#954=VERTEX_POINT('',#3427);
#955=VERTEX_POINT('',#3429);
#956=VERTEX_POINT('',#3433);
#957=VERTEX_POINT('',#3437);
#958=VERTEX_POINT('',#3438);
#959=VERTEX_POINT('',#3451);
#960=VERTEX_POINT('',#3453);
#961=VERTEX_POINT('',#3464);
#962=VERTEX_POINT('',#3466);
#963=VERTEX_POINT('',#3481);
#964=VERTEX_POINT('',#3483);
#965=VERTEX_POINT('',#3500);
#966=VERTEX_POINT('',#3501);
#967=VERTEX_POINT('',#3514);
#968=VERTEX_POINT('',#3516);
#969=VERTEX_POINT('',#3531);
#970=VERTEX_POINT('',#3533);
#971=VERTEX_POINT('',#3548);
#972=VERTEX_POINT('',#3550);
#973=VERTEX_POINT('',#3563);
#974=VERTEX_POINT('',#3565);
#975=VERTEX_POINT('',#3567);
#976=VERTEX_POINT('',#3569);
#977=VERTEX_POINT('',#3571);
#978=VERTEX_POINT('',#3573);
#979=VERTEX_POINT('',#3576);
#980=VERTEX_POINT('',#3578);
#981=VERTEX_POINT('',#3580);
#982=VERTEX_POINT('',#3582);
#983=VERTEX_POINT('',#3584);
#984=VERTEX_POINT('',#3588);
#985=VERTEX_POINT('',#3598);
#986=VERTEX_POINT('',#3599);
#987=VERTEX_POINT('',#3601);
#988=VERTEX_POINT('',#3603);
#989=VERTEX_POINT('',#3607);
#990=VERTEX_POINT('',#3609);
#991=VERTEX_POINT('',#3613);
#992=VERTEX_POINT('',#3615);
#993=VERTEX_POINT('',#3622);
#994=VERTEX_POINT('',#3623);
#995=VERTEX_POINT('',#3625);
#996=VERTEX_POINT('',#3627);
#997=VERTEX_POINT('',#3631);
#998=VERTEX_POINT('',#3633);
#999=VERTEX_POINT('',#3637);
#1000=VERTEX_POINT('',#3639);
#1001=VERTEX_POINT('',#3646);
#1002=VERTEX_POINT('',#3647);
#1003=VERTEX_POINT('',#3649);
#1004=VERTEX_POINT('',#3651);
#1005=VERTEX_POINT('',#3655);
#1006=VERTEX_POINT('',#3657);
#1007=VERTEX_POINT('',#3661);
#1008=VERTEX_POINT('',#3662);
#1009=VERTEX_POINT('',#3664);
#1010=VERTEX_POINT('',#3666);
#1011=VERTEX_POINT('',#3670);
#1012=VERTEX_POINT('',#3672);
#1013=VERTEX_POINT('',#3676);
#1014=VERTEX_POINT('',#3678);
#1015=VERTEX_POINT('',#3682);
#1016=VERTEX_POINT('',#3683);
#1017=VERTEX_POINT('',#3685);
#1018=VERTEX_POINT('',#3687);
#1019=VERTEX_POINT('',#3691);
#1020=VERTEX_POINT('',#3693);
#1021=VERTEX_POINT('',#3697);
#1022=VERTEX_POINT('',#3699);
#1023=VERTEX_POINT('',#3703);
#1024=VERTEX_POINT('',#3704);
#1025=VERTEX_POINT('',#3706);
#1026=VERTEX_POINT('',#3708);
#1027=VERTEX_POINT('',#3712);
#1028=VERTEX_POINT('',#3714);
#1029=VERTEX_POINT('',#3718);
#1030=VERTEX_POINT('',#3729);
#1031=VERTEX_POINT('',#3732);
#1032=VERTEX_POINT('',#3734);
#1033=VERTEX_POINT('',#3736);
#1034=VERTEX_POINT('',#3738);
#1035=VERTEX_POINT('',#3740);
#1036=VERTEX_POINT('',#3742);
#1037=VERTEX_POINT('',#3744);
#1038=VERTEX_POINT('',#3746);
#1039=VERTEX_POINT('',#3748);
#1040=VERTEX_POINT('',#3750);
#1041=VERTEX_POINT('',#3752);
#1042=VERTEX_POINT('',#3754);
#1043=VERTEX_POINT('',#3756);
#1044=VERTEX_POINT('',#3758);
#1045=VERTEX_POINT('',#3761);
#1046=VERTEX_POINT('',#3764);
#1047=VERTEX_POINT('',#3766);
#1048=VERTEX_POINT('',#3768);
#1049=VERTEX_POINT('',#3770);
#1050=VERTEX_POINT('',#3772);
#1051=VERTEX_POINT('',#3775);
#1052=VERTEX_POINT('',#3776);
#1053=VERTEX_POINT('',#3778);
#1054=VERTEX_POINT('',#3780);
#1055=VERTEX_POINT('',#3783);
#1056=VERTEX_POINT('',#3784);
#1057=VERTEX_POINT('',#3786);
#1058=VERTEX_POINT('',#3788);
#1059=VERTEX_POINT('',#3795);
#1060=VERTEX_POINT('',#3797);
#1061=VERTEX_POINT('',#3801);
#1062=VERTEX_POINT('',#3805);
#1063=VERTEX_POINT('',#3811);
#1064=VERTEX_POINT('',#3813);
#1065=VERTEX_POINT('',#3817);
#1066=VERTEX_POINT('',#3821);
#1067=VERTEX_POINT('',#3827);
#1068=VERTEX_POINT('',#3829);
#1069=VERTEX_POINT('',#3833);
#1070=VERTEX_POINT('',#3837);
#1071=VERTEX_POINT('',#3839);
#1072=VERTEX_POINT('',#3843);
#1073=VERTEX_POINT('',#3847);
#1074=VERTEX_POINT('',#3851);
#1075=VERTEX_POINT('',#3853);
#1076=VERTEX_POINT('',#3857);
#1077=VERTEX_POINT('',#3861);
#1078=VERTEX_POINT('',#3865);
#1079=VERTEX_POINT('',#3867);
#1080=VERTEX_POINT('',#3871);
#1081=VERTEX_POINT('',#3884);
#1082=VERTEX_POINT('',#3888);
#1083=VERTEX_POINT('',#3892);
#1084=VERTEX_POINT('',#3893);
#1085=VERTEX_POINT('',#3895);
#1086=VERTEX_POINT('',#3898);
#1087=VERTEX_POINT('',#3900);
#1088=VERTEX_POINT('',#3902);
#1089=VERTEX_POINT('',#3920);
#1090=VERTEX_POINT('',#3922);
#1091=VERTEX_POINT('',#3926);
#1092=VERTEX_POINT('',#3947);
#1093=VERTEX_POINT('',#3951);
#1094=VERTEX_POINT('',#3987);
#1095=VERTEX_POINT('',#3990);
#1096=VERTEX_POINT('',#4005);
#1097=VERTEX_POINT('',#4006);
#1098=VERTEX_POINT('',#4008);
#1099=VERTEX_POINT('',#4010);
#1100=VERTEX_POINT('',#4014);
#1101=VERTEX_POINT('',#4016);
#1102=VERTEX_POINT('',#4020);
#1103=VERTEX_POINT('',#4022);
#1104=EDGE_CURVE('',#890,#891,#426,.T.);
#1105=EDGE_CURVE('',#892,#890,#342,.T.);
#1106=EDGE_CURVE('',#893,#892,#427,.T.);
#1107=EDGE_CURVE('',#894,#893,#343,.T.);
#1108=EDGE_CURVE('',#895,#894,#428,.T.);
#1109=EDGE_CURVE('',#896,#895,#344,.T.);
#1110=EDGE_CURVE('',#897,#896,#429,.T.);
#1111=EDGE_CURVE('',#891,#897,#345,.T.);
#1112=EDGE_CURVE('',#898,#899,#430,.T.);
#1113=EDGE_CURVE('',#900,#898,#346,.T.);
#1114=EDGE_CURVE('',#901,#900,#431,.T.);
#1115=EDGE_CURVE('',#902,#901,#347,.T.);
#1116=EDGE_CURVE('',#903,#902,#432,.T.);
#1117=EDGE_CURVE('',#904,#903,#348,.T.);
#1118=EDGE_CURVE('',#905,#904,#433,.T.);
#1119=EDGE_CURVE('',#899,#905,#349,.T.);
#1120=EDGE_CURVE('',#901,#906,#434,.T.);
#1121=EDGE_CURVE('',#906,#907,#435,.T.);
#1122=EDGE_CURVE('',#907,#908,#436,.T.);
#1123=EDGE_CURVE('',#908,#909,#21,.T.);
#1124=EDGE_CURVE('',#902,#909,#437,.T.);
#1125=EDGE_CURVE('',#900,#910,#438,.T.);
#1126=EDGE_CURVE('',#910,#911,#439,.T.);
#1127=EDGE_CURVE('',#911,#912,#440,.T.);
#1128=EDGE_CURVE('',#912,#913,#441,.T.);
#1129=EDGE_CURVE('',#913,#914,#442,.T.);
#1130=EDGE_CURVE('',#914,#908,#443,.T.);
#1131=EDGE_CURVE('',#907,#915,#444,.T.);
#1132=EDGE_CURVE('',#915,#916,#445,.T.);
#1133=EDGE_CURVE('',#916,#906,#446,.T.);
#1134=EDGE_CURVE('',#898,#917,#447,.T.);
#1135=EDGE_CURVE('',#917,#914,#22,.T.);
#1136=EDGE_CURVE('',#910,#913,#448,.T.);
#1137=EDGE_CURVE('',#899,#918,#449,.T.);
#1138=EDGE_CURVE('',#917,#918,#450,.T.);
#1139=EDGE_CURVE('',#893,#919,#451,.T.);
#1140=EDGE_CURVE('',#919,#920,#23,.T.);
#1141=EDGE_CURVE('',#920,#894,#452,.T.);
#1142=EDGE_CURVE('',#921,#892,#453,.T.);
#1143=EDGE_CURVE('',#921,#919,#454,.T.);
#1144=EDGE_CURVE('',#890,#922,#455,.T.);
#1145=EDGE_CURVE('',#922,#921,#24,.T.);
#1146=EDGE_CURVE('',#923,#891,#456,.T.);
#1147=EDGE_CURVE('',#922,#923,#457,.T.);
#1148=EDGE_CURVE('',#920,#917,#458,.T.);
#1149=EDGE_CURVE('',#909,#922,#459,.T.);
#1150=EDGE_CURVE('',#924,#923,#350,.T.);
#1151=EDGE_CURVE('',#924,#925,#460,.T.);
#1152=EDGE_CURVE('',#926,#925,#351,.T.);
#1153=EDGE_CURVE('',#926,#920,#461,.T.);
#1154=EDGE_CURVE('',#918,#927,#352,.T.);
#1155=EDGE_CURVE('',#927,#928,#462,.T.);
#1156=EDGE_CURVE('',#928,#929,#353,.T.);
#1157=EDGE_CURVE('',#929,#909,#463,.T.);
#1158=EDGE_CURVE('',#913,#907,#354,.F.);
#1159=EDGE_CURVE('',#910,#906,#355,.T.);
#1160=EDGE_CURVE('',#915,#912,#356,.F.);
#1161=EDGE_CURVE('',#911,#916,#357,.T.);
#1162=EDGE_CURVE('',#905,#927,#464,.T.);
#1163=EDGE_CURVE('',#904,#928,#465,.T.);
#1164=EDGE_CURVE('',#903,#929,#466,.T.);
#1165=EDGE_CURVE('',#895,#926,#467,.T.);
#1166=EDGE_CURVE('',#925,#896,#468,.T.);
#1167=EDGE_CURVE('',#897,#924,#469,.T.);
#1168=EDGE_CURVE('',#930,#931,#25,.T.);
#1169=EDGE_CURVE('',#932,#930,#470,.T.);
#1170=EDGE_CURVE('',#933,#932,#26,.T.);
#1171=EDGE_CURVE('',#934,#933,#471,.T.);
#1172=EDGE_CURVE('',#935,#934,#27,.T.);
#1173=EDGE_CURVE('',#936,#935,#472,.T.);
#1174=EDGE_CURVE('',#937,#936,#28,.T.);
#1175=EDGE_CURVE('',#931,#937,#473,.T.);
#1176=EDGE_CURVE('',#938,#931,#358,.T.);
#1177=EDGE_CURVE('',#939,#938,#474,.T.);
#1178=EDGE_CURVE('',#940,#939,#359,.T.);
#1179=EDGE_CURVE('',#940,#930,#475,.T.);
#1180=EDGE_CURVE('',#936,#941,#476,.T.);
#1181=EDGE_CURVE('',#942,#941,#360,.T.);
#1182=EDGE_CURVE('',#943,#942,#477,.T.);
#1183=EDGE_CURVE('',#943,#937,#361,.T.);
#1184=EDGE_CURVE('',#943,#944,#478,.T.);
#1185=EDGE_CURVE('',#945,#944,#362,.T.);
#1186=EDGE_CURVE('',#945,#946,#479,.T.);
#1187=EDGE_CURVE('',#947,#946,#480,.T.);
#1188=EDGE_CURVE('',#948,#947,#481,.T.);
#1189=EDGE_CURVE('',#949,#948,#363,.T.);
#1190=EDGE_CURVE('',#949,#950,#482,.T.);
#1191=EDGE_CURVE('',#934,#950,#364,.T.);
#1192=EDGE_CURVE('',#933,#951,#365,.T.);
#1193=EDGE_CURVE('',#951,#952,#483,.T.);
#1194=EDGE_CURVE('',#952,#953,#366,.T.);
#1195=EDGE_CURVE('',#953,#954,#484,.T.);
#1196=EDGE_CURVE('',#954,#955,#367,.T.);
#1197=EDGE_CURVE('',#955,#938,#485,.T.);
#1198=EDGE_CURVE('',#935,#956,#486,.T.);
#1199=EDGE_CURVE('',#956,#941,#368,.T.);
#1200=EDGE_CURVE('',#957,#958,#29,.T.);
#1201=EDGE_CURVE('',#959,#957,#487,.T.);
#1202=EDGE_CURVE('',#960,#959,#30,.T.);
#1203=EDGE_CURVE('',#961,#960,#488,.T.);
#1204=EDGE_CURVE('',#962,#961,#31,.T.);
#1205=EDGE_CURVE('',#963,#962,#489,.T.);
#1206=EDGE_CURVE('',#964,#963,#32,.T.);
#1207=EDGE_CURVE('',#958,#964,#490,.T.);
#1208=EDGE_CURVE('',#965,#966,#33,.T.);
#1209=EDGE_CURVE('',#967,#965,#491,.T.);
#1210=EDGE_CURVE('',#968,#967,#34,.T.);
#1211=EDGE_CURVE('',#969,#968,#492,.T.);
#1212=EDGE_CURVE('',#970,#969,#35,.T.);
#1213=EDGE_CURVE('',#971,#970,#493,.T.);
#1214=EDGE_CURVE('',#972,#971,#36,.T.);
#1215=EDGE_CURVE('',#966,#972,#494,.T.);
#1216=EDGE_CURVE('',#973,#964,#495,.T.);
#1217=EDGE_CURVE('',#974,#973,#369,.T.);
#1218=EDGE_CURVE('',#974,#975,#496,.T.);
#1219=EDGE_CURVE('',#976,#975,#497,.T.);
#1220=EDGE_CURVE('',#977,#976,#498,.T.);
#1221=EDGE_CURVE('',#978,#977,#370,.T.);
#1222=EDGE_CURVE('',#961,#978,#499,.T.);
#1223=EDGE_CURVE('',#960,#979,#500,.T.);
#1224=EDGE_CURVE('',#980,#979,#371,.T.);
#1225=EDGE_CURVE('',#980,#981,#501,.T.);
#1226=EDGE_CURVE('',#981,#982,#372,.T.);
#1227=EDGE_CURVE('',#982,#983,#502,.T.);
#1228=EDGE_CURVE('',#983,#958,#373,.T.);
#1229=EDGE_CURVE('',#984,#983,#503,.T.);
#1230=EDGE_CURVE('',#965,#984,#374,.T.);
#1231=EDGE_CURVE('',#966,#957,#504,.T.);
#1232=EDGE_CURVE('',#963,#968,#505,.T.);
#1233=EDGE_CURVE('',#967,#964,#506,.T.);
#1234=EDGE_CURVE('',#969,#962,#507,.T.);
#1235=EDGE_CURVE('',#985,#986,#508,.T.);
#1236=EDGE_CURVE('',#987,#985,#509,.T.);
#1237=EDGE_CURVE('',#988,#987,#510,.T.);
#1238=EDGE_CURVE('',#988,#986,#511,.T.);
#1239=EDGE_CURVE('',#986,#989,#375,.T.);
#1240=EDGE_CURVE('',#990,#988,#376,.T.);
#1241=EDGE_CURVE('',#990,#989,#512,.T.);
#1242=EDGE_CURVE('',#989,#991,#513,.T.);
#1243=EDGE_CURVE('',#992,#990,#514,.T.);
#1244=EDGE_CURVE('',#992,#991,#515,.T.);
#1245=EDGE_CURVE('',#991,#985,#377,.T.);
#1246=EDGE_CURVE('',#987,#992,#378,.T.);
#1247=EDGE_CURVE('',#993,#994,#516,.T.);
#1248=EDGE_CURVE('',#995,#993,#517,.T.);
#1249=EDGE_CURVE('',#996,#995,#518,.T.);
#1250=EDGE_CURVE('',#996,#994,#519,.T.);
#1251=EDGE_CURVE('',#994,#997,#379,.T.);
#1252=EDGE_CURVE('',#998,#996,#380,.T.);
#1253=EDGE_CURVE('',#998,#997,#520,.T.);
#1254=EDGE_CURVE('',#997,#999,#521,.T.);
#1255=EDGE_CURVE('',#1000,#998,#522,.T.);
#1256=EDGE_CURVE('',#1000,#999,#523,.T.);
#1257=EDGE_CURVE('',#999,#993,#381,.T.);
#1258=EDGE_CURVE('',#995,#1000,#382,.T.);
#1259=EDGE_CURVE('',#1001,#1002,#524,.T.);
#1260=EDGE_CURVE('',#1003,#1001,#525,.T.);
#1261=EDGE_CURVE('',#1004,#1003,#526,.T.);
#1262=EDGE_CURVE('',#1004,#1002,#527,.T.);
#1263=EDGE_CURVE('',#1002,#1005,#383,.T.);
#1264=EDGE_CURVE('',#1006,#1004,#384,.T.);
#1265=EDGE_CURVE('',#1006,#1005,#528,.T.);
#1266=EDGE_CURVE('',#1007,#1008,#529,.T.);
#1267=EDGE_CURVE('',#1009,#1007,#530,.T.);
#1268=EDGE_CURVE('',#1010,#1009,#531,.T.);
#1269=EDGE_CURVE('',#1010,#1008,#532,.T.);
#1270=EDGE_CURVE('',#1008,#1011,#385,.T.);
#1271=EDGE_CURVE('',#1012,#1010,#386,.T.);
#1272=EDGE_CURVE('',#1012,#1011,#533,.T.);
#1273=EDGE_CURVE('',#1011,#1013,#534,.T.);
#1274=EDGE_CURVE('',#1014,#1012,#535,.T.);
#1275=EDGE_CURVE('',#1013,#1014,#536,.T.);
#1276=EDGE_CURVE('',#1015,#1016,#537,.T.);
#1277=EDGE_CURVE('',#1017,#1015,#538,.T.);
#1278=EDGE_CURVE('',#1018,#1017,#539,.T.);
#1279=EDGE_CURVE('',#1018,#1016,#540,.T.);
#1280=EDGE_CURVE('',#1016,#1019,#387,.T.);
#1281=EDGE_CURVE('',#1020,#1018,#388,.T.);
#1282=EDGE_CURVE('',#1020,#1019,#541,.T.);
#1283=EDGE_CURVE('',#1019,#1021,#542,.T.);
#1284=EDGE_CURVE('',#1022,#1020,#543,.T.);
#1285=EDGE_CURVE('',#1021,#1022,#544,.T.);
#1286=EDGE_CURVE('',#1023,#1024,#389,.T.);
#1287=EDGE_CURVE('',#1025,#1023,#545,.T.);
#1288=EDGE_CURVE('',#1026,#1025,#390,.T.);
#1289=EDGE_CURVE('',#1026,#1024,#546,.T.);
#1290=EDGE_CURVE('',#1024,#1027,#547,.T.);
#1291=EDGE_CURVE('',#1028,#1026,#548,.T.);
#1292=EDGE_CURVE('',#1027,#1028,#549,.T.);
#1293=EDGE_CURVE('',#1015,#1029,#550,.T.);
#1294=EDGE_CURVE('',#1029,#948,#551,.T.);
#1295=EDGE_CURVE('',#1017,#947,#552,.T.);
#1296=EDGE_CURVE('',#1001,#1021,#553,.T.);
#1297=EDGE_CURVE('',#1003,#1022,#554,.T.);
#1298=EDGE_CURVE('',#1007,#1027,#555,.T.);
#1299=EDGE_CURVE('',#1009,#1028,#556,.T.);
#1300=EDGE_CURVE('',#1005,#1030,#557,.T.);
#1301=EDGE_CURVE('',#977,#1030,#558,.T.);
#1302=EDGE_CURVE('',#1031,#977,#559,.T.);
#1303=EDGE_CURVE('',#1031,#1032,#560,.T.);
#1304=EDGE_CURVE('',#1032,#1033,#391,.T.);
#1305=EDGE_CURVE('',#1033,#1034,#561,.T.);
#1306=EDGE_CURVE('',#1035,#1034,#562,.T.);
#1307=EDGE_CURVE('',#1035,#1036,#563,.T.);
#1308=EDGE_CURVE('',#1036,#1037,#392,.T.);
#1309=EDGE_CURVE('',#1037,#1038,#564,.T.);
#1310=EDGE_CURVE('',#1038,#1039,#393,.T.);
#1311=EDGE_CURVE('',#1039,#1040,#565,.T.);
#1312=EDGE_CURVE('',#1040,#1041,#566,.T.);
#1313=EDGE_CURVE('',#1041,#1042,#567,.T.);
#1314=EDGE_CURVE('',#1042,#1043,#394,.T.);
#1315=EDGE_CURVE('',#1043,#1044,#568,.T.);
#1316=EDGE_CURVE('',#1044,#974,#569,.T.);
#1317=EDGE_CURVE('',#1045,#974,#570,.T.);
#1318=EDGE_CURVE('',#1045,#1023,#571,.T.);
#1319=EDGE_CURVE('',#1046,#1013,#572,.T.);
#1320=EDGE_CURVE('',#1047,#1046,#573,.T.);
#1321=EDGE_CURVE('',#1047,#1048,#574,.T.);
#1322=EDGE_CURVE('',#1049,#1048,#395,.T.);
#1323=EDGE_CURVE('',#1050,#1049,#575,.T.);
#1324=EDGE_CURVE('',#1029,#1050,#576,.T.);
#1325=EDGE_CURVE('',#1051,#1052,#577,.T.);
#1326=EDGE_CURVE('',#1052,#1053,#396,.T.);
#1327=EDGE_CURVE('',#1053,#1054,#578,.T.);
#1328=EDGE_CURVE('',#1054,#1051,#397,.T.);
#1329=EDGE_CURVE('',#1055,#1056,#579,.T.);
#1330=EDGE_CURVE('',#1056,#1057,#398,.T.);
#1331=EDGE_CURVE('',#1057,#1058,#580,.T.);
#1332=EDGE_CURVE('',#1058,#1055,#399,.T.);
#1333=EDGE_CURVE('',#946,#1014,#581,.T.);
#1334=EDGE_CURVE('',#1006,#1025,#582,.T.);
#1335=EDGE_CURVE('',#1059,#1051,#583,.T.);
#1336=EDGE_CURVE('',#1060,#1059,#584,.T.);
#1337=EDGE_CURVE('',#1060,#1052,#585,.T.);
#1338=EDGE_CURVE('',#1061,#1060,#400,.T.);
#1339=EDGE_CURVE('',#1061,#1053,#586,.T.);
#1340=EDGE_CURVE('',#1062,#1061,#587,.T.);
#1341=EDGE_CURVE('',#1062,#1054,#588,.T.);
#1342=EDGE_CURVE('',#1059,#1062,#401,.T.);
#1343=EDGE_CURVE('',#1063,#1055,#589,.T.);
#1344=EDGE_CURVE('',#1064,#1063,#590,.T.);
#1345=EDGE_CURVE('',#1064,#1056,#591,.T.);
#1346=EDGE_CURVE('',#1065,#1064,#402,.T.);
#1347=EDGE_CURVE('',#1065,#1057,#592,.T.);
#1348=EDGE_CURVE('',#1066,#1065,#593,.T.);
#1349=EDGE_CURVE('',#1066,#1058,#594,.T.);
#1350=EDGE_CURVE('',#1063,#1066,#403,.T.);
#1351=EDGE_CURVE('',#1067,#1038,#595,.T.);
#1352=EDGE_CURVE('',#1068,#1067,#404,.T.);
#1353=EDGE_CURVE('',#1068,#1039,#596,.T.);
#1354=EDGE_CURVE('',#1069,#1068,#597,.T.);
#1355=EDGE_CURVE('',#1040,#1069,#598,.T.);
#1356=EDGE_CURVE('',#1070,#1032,#599,.T.);
#1357=EDGE_CURVE('',#1071,#1070,#405,.T.);
#1358=EDGE_CURVE('',#1071,#1033,#600,.T.);
#1359=EDGE_CURVE('',#1072,#1071,#601,.T.);
#1360=EDGE_CURVE('',#1034,#1072,#602,.T.);
#1361=EDGE_CURVE('',#1073,#1031,#603,.T.);
#1362=EDGE_CURVE('',#1070,#1073,#604,.T.);
#1363=EDGE_CURVE('',#1074,#1042,#605,.T.);
#1364=EDGE_CURVE('',#1075,#1074,#406,.T.);
#1365=EDGE_CURVE('',#1075,#1043,#606,.T.);
#1366=EDGE_CURVE('',#1076,#1075,#607,.T.);
#1367=EDGE_CURVE('',#1044,#1076,#608,.T.);
#1368=EDGE_CURVE('',#1077,#1041,#609,.T.);
#1369=EDGE_CURVE('',#1074,#1077,#610,.T.);
#1370=EDGE_CURVE('',#1078,#1036,#611,.T.);
#1371=EDGE_CURVE('',#1079,#1078,#407,.T.);
#1372=EDGE_CURVE('',#1037,#1079,#612,.T.);
#1373=EDGE_CURVE('',#1080,#1035,#613,.T.);
#1374=EDGE_CURVE('',#1078,#1080,#614,.T.);
#1375=EDGE_CURVE('',#975,#1076,#615,.T.);
#1376=EDGE_CURVE('',#1067,#1079,#616,.T.);
#1377=EDGE_CURVE('',#1073,#976,#617,.T.);
#1378=EDGE_CURVE('',#972,#959,#618,.T.);
#1379=EDGE_CURVE('',#960,#971,#619,.T.);
#1380=EDGE_CURVE('',#971,#1081,#620,.T.);
#1381=EDGE_CURVE('',#979,#1081,#621,.T.);
#1382=EDGE_CURVE('',#1081,#1082,#408,.T.);
#1383=EDGE_CURVE('',#1082,#980,#622,.T.);
#1384=EDGE_CURVE('',#1083,#1084,#623,.T.);
#1385=EDGE_CURVE('',#1084,#1085,#409,.T.);
#1386=EDGE_CURVE('',#1085,#940,#624,.T.);
#1387=EDGE_CURVE('',#939,#1086,#625,.T.);
#1388=EDGE_CURVE('',#1086,#1087,#410,.T.);
#1389=EDGE_CURVE('',#1087,#1088,#626,.T.);
#1390=EDGE_CURVE('',#1088,#1083,#411,.T.);
#1391=EDGE_CURVE('',#1089,#1049,#412,.T.);
#1392=EDGE_CURVE('',#1048,#1090,#413,.T.);
#1393=EDGE_CURVE('',#1089,#1090,#414,.T.);
#1394=EDGE_CURVE('',#1091,#1089,#627,.T.);
#1395=EDGE_CURVE('',#1090,#942,#628,.T.);
#1396=EDGE_CURVE('',#1091,#942,#415,.T.);
#1397=EDGE_CURVE('',#956,#1091,#416,.T.);
#1398=EDGE_CURVE('',#1092,#1082,#629,.T.);
#1399=EDGE_CURVE('',#1092,#981,#630,.T.);
#1400=EDGE_CURVE('',#1093,#1092,#417,.T.);
#1401=EDGE_CURVE('',#1093,#982,#631,.T.);
#1402=EDGE_CURVE('',#984,#1093,#632,.T.);
#1403=EDGE_CURVE('',#1083,#952,#633,.T.);
#1404=EDGE_CURVE('',#1084,#951,#634,.T.);
#1405=EDGE_CURVE('',#1088,#953,#635,.T.);
#1406=EDGE_CURVE('',#1087,#954,#636,.T.);
#1407=EDGE_CURVE('',#1086,#955,#637,.T.);
#1408=EDGE_CURVE('',#1085,#932,#638,.T.);
#1409=EDGE_CURVE('',#949,#1089,#639,.T.);
#1410=EDGE_CURVE('',#950,#1091,#640,.T.);
#1411=EDGE_CURVE('',#944,#1090,#641,.T.);
#1412=EDGE_CURVE('',#945,#1047,#418,.T.);
#1413=EDGE_CURVE('',#1050,#948,#419,.T.);
#1414=EDGE_CURVE('',#1046,#945,#642,.T.);
#1415=EDGE_CURVE('',#961,#970,#643,.T.);
#1416=EDGE_CURVE('',#970,#1094,#644,.T.);
#1417=EDGE_CURVE('',#1030,#1094,#420,.T.);
#1418=EDGE_CURVE('',#1095,#1045,#421,.T.);
#1419=EDGE_CURVE('',#1095,#967,#645,.T.);
#1420=EDGE_CURVE('',#973,#1095,#646,.T.);
#1421=EDGE_CURVE('',#1094,#978,#647,.T.);
#1422=EDGE_CURVE('',#1077,#1069,#648,.T.);
#1423=EDGE_CURVE('',#1080,#1072,#649,.T.);
#1424=EDGE_CURVE('',#1096,#1097,#650,.F.);
#1425=EDGE_CURVE('',#1098,#1097,#651,.T.);
#1426=EDGE_CURVE('',#1098,#1099,#652,.T.);
#1427=EDGE_CURVE('',#1099,#1096,#653,.T.);
#1428=EDGE_CURVE('',#1097,#1100,#422,.F.);
#1429=EDGE_CURVE('',#1101,#1100,#654,.T.);
#1430=EDGE_CURVE('',#1098,#1101,#423,.T.);
#1431=EDGE_CURVE('',#1100,#1102,#655,.F.);
#1432=EDGE_CURVE('',#1103,#1102,#656,.T.);
#1433=EDGE_CURVE('',#1103,#1101,#657,.T.);
#1434=EDGE_CURVE('',#1102,#1096,#424,.F.);
#1435=EDGE_CURVE('',#1099,#1103,#425,.T.);
#1436=ORIENTED_EDGE('',*,*,#1104,.F.);
#1437=ORIENTED_EDGE('',*,*,#1105,.F.);
#1438=ORIENTED_EDGE('',*,*,#1106,.F.);
#1439=ORIENTED_EDGE('',*,*,#1107,.F.);
#1440=ORIENTED_EDGE('',*,*,#1108,.F.);
#1441=ORIENTED_EDGE('',*,*,#1109,.F.);
#1442=ORIENTED_EDGE('',*,*,#1110,.F.);
#1443=ORIENTED_EDGE('',*,*,#1111,.F.);
#1444=ORIENTED_EDGE('',*,*,#1112,.F.);
#1445=ORIENTED_EDGE('',*,*,#1113,.F.);
#1446=ORIENTED_EDGE('',*,*,#1114,.F.);
#1447=ORIENTED_EDGE('',*,*,#1115,.F.);
#1448=ORIENTED_EDGE('',*,*,#1116,.F.);
#1449=ORIENTED_EDGE('',*,*,#1117,.F.);
#1450=ORIENTED_EDGE('',*,*,#1118,.F.);
#1451=ORIENTED_EDGE('',*,*,#1119,.F.);
#1452=ORIENTED_EDGE('',*,*,#1115,.T.);
#1453=ORIENTED_EDGE('',*,*,#1120,.T.);
#1454=ORIENTED_EDGE('',*,*,#1121,.T.);
#1455=ORIENTED_EDGE('',*,*,#1122,.T.);
#1456=ORIENTED_EDGE('',*,*,#1123,.T.);
#1457=ORIENTED_EDGE('',*,*,#1124,.F.);
#1458=ORIENTED_EDGE('',*,*,#1114,.T.);
#1459=ORIENTED_EDGE('',*,*,#1125,.T.);
#1460=ORIENTED_EDGE('',*,*,#1126,.T.);
#1461=ORIENTED_EDGE('',*,*,#1127,.T.);
#1462=ORIENTED_EDGE('',*,*,#1128,.T.);
#1463=ORIENTED_EDGE('',*,*,#1129,.T.);
#1464=ORIENTED_EDGE('',*,*,#1130,.T.);
#1465=ORIENTED_EDGE('',*,*,#1122,.F.);
#1466=ORIENTED_EDGE('',*,*,#1131,.T.);
#1467=ORIENTED_EDGE('',*,*,#1132,.T.);
#1468=ORIENTED_EDGE('',*,*,#1133,.T.);
#1469=ORIENTED_EDGE('',*,*,#1120,.F.);
#1470=ORIENTED_EDGE('',*,*,#1113,.T.);
#1471=ORIENTED_EDGE('',*,*,#1134,.T.);
#1472=ORIENTED_EDGE('',*,*,#1135,.T.);
#1473=ORIENTED_EDGE('',*,*,#1129,.F.);
#1474=ORIENTED_EDGE('',*,*,#1136,.F.);
#1475=ORIENTED_EDGE('',*,*,#1125,.F.);
#1476=ORIENTED_EDGE('',*,*,#1112,.T.);
#1477=ORIENTED_EDGE('',*,*,#1137,.T.);
#1478=ORIENTED_EDGE('',*,*,#1138,.F.);
#1479=ORIENTED_EDGE('',*,*,#1134,.F.);
#1480=ORIENTED_EDGE('',*,*,#1107,.T.);
#1481=ORIENTED_EDGE('',*,*,#1139,.T.);
#1482=ORIENTED_EDGE('',*,*,#1140,.T.);
#1483=ORIENTED_EDGE('',*,*,#1141,.T.);
#1484=ORIENTED_EDGE('',*,*,#1106,.T.);
#1485=ORIENTED_EDGE('',*,*,#1142,.F.);
#1486=ORIENTED_EDGE('',*,*,#1143,.T.);
#1487=ORIENTED_EDGE('',*,*,#1139,.F.);
#1488=ORIENTED_EDGE('',*,*,#1105,.T.);
#1489=ORIENTED_EDGE('',*,*,#1144,.T.);
#1490=ORIENTED_EDGE('',*,*,#1145,.T.);
#1491=ORIENTED_EDGE('',*,*,#1142,.T.);
#1492=ORIENTED_EDGE('',*,*,#1104,.T.);
#1493=ORIENTED_EDGE('',*,*,#1146,.F.);
#1494=ORIENTED_EDGE('',*,*,#1147,.F.);
#1495=ORIENTED_EDGE('',*,*,#1144,.F.);
#1496=ORIENTED_EDGE('',*,*,#1123,.F.);
#1497=ORIENTED_EDGE('',*,*,#1130,.F.);
#1498=ORIENTED_EDGE('',*,*,#1135,.F.);
#1499=ORIENTED_EDGE('',*,*,#1148,.F.);
#1500=ORIENTED_EDGE('',*,*,#1140,.F.);
#1501=ORIENTED_EDGE('',*,*,#1143,.F.);
#1502=ORIENTED_EDGE('',*,*,#1145,.F.);
#1503=ORIENTED_EDGE('',*,*,#1149,.F.);
#1504=ORIENTED_EDGE('',*,*,#1149,.T.);
#1505=ORIENTED_EDGE('',*,*,#1147,.T.);
#1506=ORIENTED_EDGE('',*,*,#1150,.F.);
#1507=ORIENTED_EDGE('',*,*,#1151,.T.);
#1508=ORIENTED_EDGE('',*,*,#1152,.F.);
#1509=ORIENTED_EDGE('',*,*,#1153,.T.);
#1510=ORIENTED_EDGE('',*,*,#1148,.T.);
#1511=ORIENTED_EDGE('',*,*,#1138,.T.);
#1512=ORIENTED_EDGE('',*,*,#1154,.T.);
#1513=ORIENTED_EDGE('',*,*,#1155,.T.);
#1514=ORIENTED_EDGE('',*,*,#1156,.T.);
#1515=ORIENTED_EDGE('',*,*,#1157,.T.);
#1516=ORIENTED_EDGE('',*,*,#1158,.T.);
#1517=ORIENTED_EDGE('',*,*,#1121,.F.);
#1518=ORIENTED_EDGE('',*,*,#1159,.F.);
#1519=ORIENTED_EDGE('',*,*,#1136,.T.);
#1520=ORIENTED_EDGE('',*,*,#1160,.T.);
#1521=ORIENTED_EDGE('',*,*,#1127,.F.);
#1522=ORIENTED_EDGE('',*,*,#1161,.T.);
#1523=ORIENTED_EDGE('',*,*,#1132,.F.);
#1524=ORIENTED_EDGE('',*,*,#1159,.T.);
#1525=ORIENTED_EDGE('',*,*,#1133,.F.);
#1526=ORIENTED_EDGE('',*,*,#1161,.F.);
#1527=ORIENTED_EDGE('',*,*,#1126,.F.);
#1528=ORIENTED_EDGE('',*,*,#1131,.F.);
#1529=ORIENTED_EDGE('',*,*,#1158,.F.);
#1530=ORIENTED_EDGE('',*,*,#1128,.F.);
#1531=ORIENTED_EDGE('',*,*,#1160,.F.);
#1532=ORIENTED_EDGE('',*,*,#1119,.T.);
#1533=ORIENTED_EDGE('',*,*,#1162,.T.);
#1534=ORIENTED_EDGE('',*,*,#1154,.F.);
#1535=ORIENTED_EDGE('',*,*,#1137,.F.);
#1536=ORIENTED_EDGE('',*,*,#1118,.T.);
#1537=ORIENTED_EDGE('',*,*,#1163,.T.);
#1538=ORIENTED_EDGE('',*,*,#1155,.F.);
#1539=ORIENTED_EDGE('',*,*,#1162,.F.);
#1540=ORIENTED_EDGE('',*,*,#1117,.T.);
#1541=ORIENTED_EDGE('',*,*,#1164,.T.);
#1542=ORIENTED_EDGE('',*,*,#1156,.F.);
#1543=ORIENTED_EDGE('',*,*,#1163,.F.);
#1544=ORIENTED_EDGE('',*,*,#1116,.T.);
#1545=ORIENTED_EDGE('',*,*,#1124,.T.);
#1546=ORIENTED_EDGE('',*,*,#1157,.F.);
#1547=ORIENTED_EDGE('',*,*,#1164,.F.);
#1548=ORIENTED_EDGE('',*,*,#1108,.T.);
#1549=ORIENTED_EDGE('',*,*,#1141,.F.);
#1550=ORIENTED_EDGE('',*,*,#1153,.F.);
#1551=ORIENTED_EDGE('',*,*,#1165,.F.);
#1552=ORIENTED_EDGE('',*,*,#1109,.T.);
#1553=ORIENTED_EDGE('',*,*,#1165,.T.);
#1554=ORIENTED_EDGE('',*,*,#1152,.T.);
#1555=ORIENTED_EDGE('',*,*,#1166,.T.);
#1556=ORIENTED_EDGE('',*,*,#1111,.T.);
#1557=ORIENTED_EDGE('',*,*,#1167,.T.);
#1558=ORIENTED_EDGE('',*,*,#1150,.T.);
#1559=ORIENTED_EDGE('',*,*,#1146,.T.);
#1560=ORIENTED_EDGE('',*,*,#1110,.T.);
#1561=ORIENTED_EDGE('',*,*,#1166,.F.);
#1562=ORIENTED_EDGE('',*,*,#1151,.F.);
#1563=ORIENTED_EDGE('',*,*,#1167,.F.);
#1564=ORIENTED_EDGE('',*,*,#1168,.F.);
#1565=ORIENTED_EDGE('',*,*,#1169,.F.);
#1566=ORIENTED_EDGE('',*,*,#1170,.F.);
#1567=ORIENTED_EDGE('',*,*,#1171,.F.);
#1568=ORIENTED_EDGE('',*,*,#1172,.F.);
#1569=ORIENTED_EDGE('',*,*,#1173,.F.);
#1570=ORIENTED_EDGE('',*,*,#1174,.F.);
#1571=ORIENTED_EDGE('',*,*,#1175,.F.);
#1572=ORIENTED_EDGE('',*,*,#1168,.T.);
#1573=ORIENTED_EDGE('',*,*,#1176,.F.);
#1574=ORIENTED_EDGE('',*,*,#1177,.F.);
#1575=ORIENTED_EDGE('',*,*,#1178,.F.);
#1576=ORIENTED_EDGE('',*,*,#1179,.T.);
#1577=ORIENTED_EDGE('',*,*,#1174,.T.);
#1578=ORIENTED_EDGE('',*,*,#1180,.T.);
#1579=ORIENTED_EDGE('',*,*,#1181,.F.);
#1580=ORIENTED_EDGE('',*,*,#1182,.F.);
#1581=ORIENTED_EDGE('',*,*,#1183,.T.);
#1582=ORIENTED_EDGE('',*,*,#1175,.T.);
#1583=ORIENTED_EDGE('',*,*,#1183,.F.);
#1584=ORIENTED_EDGE('',*,*,#1184,.T.);
#1585=ORIENTED_EDGE('',*,*,#1185,.F.);
#1586=ORIENTED_EDGE('',*,*,#1186,.T.);
#1587=ORIENTED_EDGE('',*,*,#1187,.F.);
#1588=ORIENTED_EDGE('',*,*,#1188,.F.);
#1589=ORIENTED_EDGE('',*,*,#1189,.F.);
#1590=ORIENTED_EDGE('',*,*,#1190,.T.);
#1591=ORIENTED_EDGE('',*,*,#1191,.F.);
#1592=ORIENTED_EDGE('',*,*,#1171,.T.);
#1593=ORIENTED_EDGE('',*,*,#1192,.T.);
#1594=ORIENTED_EDGE('',*,*,#1193,.T.);
#1595=ORIENTED_EDGE('',*,*,#1194,.T.);
#1596=ORIENTED_EDGE('',*,*,#1195,.T.);
#1597=ORIENTED_EDGE('',*,*,#1196,.T.);
#1598=ORIENTED_EDGE('',*,*,#1197,.T.);
#1599=ORIENTED_EDGE('',*,*,#1176,.T.);
#1600=ORIENTED_EDGE('',*,*,#1173,.T.);
#1601=ORIENTED_EDGE('',*,*,#1198,.T.);
#1602=ORIENTED_EDGE('',*,*,#1199,.T.);
#1603=ORIENTED_EDGE('',*,*,#1180,.F.);
#1604=ORIENTED_EDGE('',*,*,#1200,.F.);
#1605=ORIENTED_EDGE('',*,*,#1201,.F.);
#1606=ORIENTED_EDGE('',*,*,#1202,.F.);
#1607=ORIENTED_EDGE('',*,*,#1203,.F.);
#1608=ORIENTED_EDGE('',*,*,#1204,.F.);
#1609=ORIENTED_EDGE('',*,*,#1205,.F.);
#1610=ORIENTED_EDGE('',*,*,#1206,.F.);
#1611=ORIENTED_EDGE('',*,*,#1207,.F.);
#1612=ORIENTED_EDGE('',*,*,#1208,.F.);
#1613=ORIENTED_EDGE('',*,*,#1209,.F.);
#1614=ORIENTED_EDGE('',*,*,#1210,.F.);
#1615=ORIENTED_EDGE('',*,*,#1211,.F.);
#1616=ORIENTED_EDGE('',*,*,#1212,.F.);
#1617=ORIENTED_EDGE('',*,*,#1213,.F.);
#1618=ORIENTED_EDGE('',*,*,#1214,.F.);
#1619=ORIENTED_EDGE('',*,*,#1215,.F.);
#1620=ORIENTED_EDGE('',*,*,#1207,.T.);
#1621=ORIENTED_EDGE('',*,*,#1216,.F.);
#1622=ORIENTED_EDGE('',*,*,#1217,.F.);
#1623=ORIENTED_EDGE('',*,*,#1218,.T.);
#1624=ORIENTED_EDGE('',*,*,#1219,.F.);
#1625=ORIENTED_EDGE('',*,*,#1220,.F.);
#1626=ORIENTED_EDGE('',*,*,#1221,.F.);
#1627=ORIENTED_EDGE('',*,*,#1222,.F.);
#1628=ORIENTED_EDGE('',*,*,#1203,.T.);
#1629=ORIENTED_EDGE('',*,*,#1223,.T.);
#1630=ORIENTED_EDGE('',*,*,#1224,.F.);
#1631=ORIENTED_EDGE('',*,*,#1225,.T.);
#1632=ORIENTED_EDGE('',*,*,#1226,.T.);
#1633=ORIENTED_EDGE('',*,*,#1227,.T.);
#1634=ORIENTED_EDGE('',*,*,#1228,.T.);
#1635=ORIENTED_EDGE('',*,*,#1200,.T.);
#1636=ORIENTED_EDGE('',*,*,#1228,.F.);
#1637=ORIENTED_EDGE('',*,*,#1229,.F.);
#1638=ORIENTED_EDGE('',*,*,#1230,.F.);
#1639=ORIENTED_EDGE('',*,*,#1208,.T.);
#1640=ORIENTED_EDGE('',*,*,#1231,.T.);
#1641=ORIENTED_EDGE('',*,*,#1206,.T.);
#1642=ORIENTED_EDGE('',*,*,#1232,.T.);
#1643=ORIENTED_EDGE('',*,*,#1210,.T.);
#1644=ORIENTED_EDGE('',*,*,#1233,.T.);
#1645=ORIENTED_EDGE('',*,*,#1205,.T.);
#1646=ORIENTED_EDGE('',*,*,#1234,.F.);
#1647=ORIENTED_EDGE('',*,*,#1211,.T.);
#1648=ORIENTED_EDGE('',*,*,#1232,.F.);
#1649=ORIENTED_EDGE('',*,*,#1235,.F.);
#1650=ORIENTED_EDGE('',*,*,#1236,.F.);
#1651=ORIENTED_EDGE('',*,*,#1237,.F.);
#1652=ORIENTED_EDGE('',*,*,#1238,.T.);
#1653=ORIENTED_EDGE('',*,*,#1239,.F.);
#1654=ORIENTED_EDGE('',*,*,#1238,.F.);
#1655=ORIENTED_EDGE('',*,*,#1240,.F.);
#1656=ORIENTED_EDGE('',*,*,#1241,.T.);
#1657=ORIENTED_EDGE('',*,*,#1242,.F.);
#1658=ORIENTED_EDGE('',*,*,#1241,.F.);
#1659=ORIENTED_EDGE('',*,*,#1243,.F.);
#1660=ORIENTED_EDGE('',*,*,#1244,.T.);
#1661=ORIENTED_EDGE('',*,*,#1245,.F.);
#1662=ORIENTED_EDGE('',*,*,#1244,.F.);
#1663=ORIENTED_EDGE('',*,*,#1246,.F.);
#1664=ORIENTED_EDGE('',*,*,#1236,.T.);
#1665=ORIENTED_EDGE('',*,*,#1247,.F.);
#1666=ORIENTED_EDGE('',*,*,#1248,.F.);
#1667=ORIENTED_EDGE('',*,*,#1249,.F.);
#1668=ORIENTED_EDGE('',*,*,#1250,.T.);
#1669=ORIENTED_EDGE('',*,*,#1251,.F.);
#1670=ORIENTED_EDGE('',*,*,#1250,.F.);
#1671=ORIENTED_EDGE('',*,*,#1252,.F.);
#1672=ORIENTED_EDGE('',*,*,#1253,.T.);
#1673=ORIENTED_EDGE('',*,*,#1254,.F.);
#1674=ORIENTED_EDGE('',*,*,#1253,.F.);
#1675=ORIENTED_EDGE('',*,*,#1255,.F.);
#1676=ORIENTED_EDGE('',*,*,#1256,.T.);
#1677=ORIENTED_EDGE('',*,*,#1257,.F.);
#1678=ORIENTED_EDGE('',*,*,#1256,.F.);
#1679=ORIENTED_EDGE('',*,*,#1258,.F.);
#1680=ORIENTED_EDGE('',*,*,#1248,.T.);
#1681=ORIENTED_EDGE('',*,*,#1259,.F.);
#1682=ORIENTED_EDGE('',*,*,#1260,.F.);
#1683=ORIENTED_EDGE('',*,*,#1261,.F.);
#1684=ORIENTED_EDGE('',*,*,#1262,.T.);
#1685=ORIENTED_EDGE('',*,*,#1263,.F.);
#1686=ORIENTED_EDGE('',*,*,#1262,.F.);
#1687=ORIENTED_EDGE('',*,*,#1264,.F.);
#1688=ORIENTED_EDGE('',*,*,#1265,.T.);
#1689=ORIENTED_EDGE('',*,*,#1266,.F.);
#1690=ORIENTED_EDGE('',*,*,#1267,.F.);
#1691=ORIENTED_EDGE('',*,*,#1268,.F.);
#1692=ORIENTED_EDGE('',*,*,#1269,.T.);
#1693=ORIENTED_EDGE('',*,*,#1270,.F.);
#1694=ORIENTED_EDGE('',*,*,#1269,.F.);
#1695=ORIENTED_EDGE('',*,*,#1271,.F.);
#1696=ORIENTED_EDGE('',*,*,#1272,.T.);
#1697=ORIENTED_EDGE('',*,*,#1273,.F.);
#1698=ORIENTED_EDGE('',*,*,#1272,.F.);
#1699=ORIENTED_EDGE('',*,*,#1274,.F.);
#1700=ORIENTED_EDGE('',*,*,#1275,.F.);
#1701=ORIENTED_EDGE('',*,*,#1276,.F.);
#1702=ORIENTED_EDGE('',*,*,#1277,.F.);
#1703=ORIENTED_EDGE('',*,*,#1278,.F.);
#1704=ORIENTED_EDGE('',*,*,#1279,.T.);
#1705=ORIENTED_EDGE('',*,*,#1280,.F.);
#1706=ORIENTED_EDGE('',*,*,#1279,.F.);
#1707=ORIENTED_EDGE('',*,*,#1281,.F.);
#1708=ORIENTED_EDGE('',*,*,#1282,.T.);
#1709=ORIENTED_EDGE('',*,*,#1283,.F.);
#1710=ORIENTED_EDGE('',*,*,#1282,.F.);
#1711=ORIENTED_EDGE('',*,*,#1284,.F.);
#1712=ORIENTED_EDGE('',*,*,#1285,.F.);
#1713=ORIENTED_EDGE('',*,*,#1286,.F.);
#1714=ORIENTED_EDGE('',*,*,#1287,.F.);
#1715=ORIENTED_EDGE('',*,*,#1288,.F.);
#1716=ORIENTED_EDGE('',*,*,#1289,.T.);
#1717=ORIENTED_EDGE('',*,*,#1290,.F.);
#1718=ORIENTED_EDGE('',*,*,#1289,.F.);
#1719=ORIENTED_EDGE('',*,*,#1291,.F.);
#1720=ORIENTED_EDGE('',*,*,#1292,.F.);
#1721=ORIENTED_EDGE('',*,*,#1277,.T.);
#1722=ORIENTED_EDGE('',*,*,#1293,.T.);
#1723=ORIENTED_EDGE('',*,*,#1294,.T.);
#1724=ORIENTED_EDGE('',*,*,#1188,.T.);
#1725=ORIENTED_EDGE('',*,*,#1295,.F.);
#1726=ORIENTED_EDGE('',*,*,#1260,.T.);
#1727=ORIENTED_EDGE('',*,*,#1296,.T.);
#1728=ORIENTED_EDGE('',*,*,#1285,.T.);
#1729=ORIENTED_EDGE('',*,*,#1297,.F.);
#1730=ORIENTED_EDGE('',*,*,#1267,.T.);
#1731=ORIENTED_EDGE('',*,*,#1298,.T.);
#1732=ORIENTED_EDGE('',*,*,#1292,.T.);
#1733=ORIENTED_EDGE('',*,*,#1299,.F.);
#1734=ORIENTED_EDGE('',*,*,#1300,.T.);
#1735=ORIENTED_EDGE('',*,*,#1301,.F.);
#1736=ORIENTED_EDGE('',*,*,#1302,.F.);
#1737=ORIENTED_EDGE('',*,*,#1303,.T.);
#1738=ORIENTED_EDGE('',*,*,#1304,.T.);
#1739=ORIENTED_EDGE('',*,*,#1305,.T.);
#1740=ORIENTED_EDGE('',*,*,#1306,.F.);
#1741=ORIENTED_EDGE('',*,*,#1307,.T.);
#1742=ORIENTED_EDGE('',*,*,#1308,.T.);
#1743=ORIENTED_EDGE('',*,*,#1309,.T.);
#1744=ORIENTED_EDGE('',*,*,#1310,.T.);
#1745=ORIENTED_EDGE('',*,*,#1311,.T.);
#1746=ORIENTED_EDGE('',*,*,#1312,.T.);
#1747=ORIENTED_EDGE('',*,*,#1313,.T.);
#1748=ORIENTED_EDGE('',*,*,#1314,.T.);
#1749=ORIENTED_EDGE('',*,*,#1315,.T.);
#1750=ORIENTED_EDGE('',*,*,#1316,.T.);
#1751=ORIENTED_EDGE('',*,*,#1317,.F.);
#1752=ORIENTED_EDGE('',*,*,#1318,.T.);
#1753=ORIENTED_EDGE('',*,*,#1286,.T.);
#1754=ORIENTED_EDGE('',*,*,#1290,.T.);
#1755=ORIENTED_EDGE('',*,*,#1298,.F.);
#1756=ORIENTED_EDGE('',*,*,#1266,.T.);
#1757=ORIENTED_EDGE('',*,*,#1270,.T.);
#1758=ORIENTED_EDGE('',*,*,#1273,.T.);
#1759=ORIENTED_EDGE('',*,*,#1319,.F.);
#1760=ORIENTED_EDGE('',*,*,#1320,.F.);
#1761=ORIENTED_EDGE('',*,*,#1321,.T.);
#1762=ORIENTED_EDGE('',*,*,#1322,.F.);
#1763=ORIENTED_EDGE('',*,*,#1323,.F.);
#1764=ORIENTED_EDGE('',*,*,#1324,.F.);
#1765=ORIENTED_EDGE('',*,*,#1293,.F.);
#1766=ORIENTED_EDGE('',*,*,#1276,.T.);
#1767=ORIENTED_EDGE('',*,*,#1280,.T.);
#1768=ORIENTED_EDGE('',*,*,#1283,.T.);
#1769=ORIENTED_EDGE('',*,*,#1296,.F.);
#1770=ORIENTED_EDGE('',*,*,#1259,.T.);
#1771=ORIENTED_EDGE('',*,*,#1263,.T.);
#1772=ORIENTED_EDGE('',*,*,#1325,.T.);
#1773=ORIENTED_EDGE('',*,*,#1326,.T.);
#1774=ORIENTED_EDGE('',*,*,#1327,.T.);
#1775=ORIENTED_EDGE('',*,*,#1328,.T.);
#1776=ORIENTED_EDGE('',*,*,#1329,.T.);
#1777=ORIENTED_EDGE('',*,*,#1330,.T.);
#1778=ORIENTED_EDGE('',*,*,#1331,.T.);
#1779=ORIENTED_EDGE('',*,*,#1332,.T.);
#1780=ORIENTED_EDGE('',*,*,#1247,.T.);
#1781=ORIENTED_EDGE('',*,*,#1251,.T.);
#1782=ORIENTED_EDGE('',*,*,#1254,.T.);
#1783=ORIENTED_EDGE('',*,*,#1257,.T.);
#1784=ORIENTED_EDGE('',*,*,#1235,.T.);
#1785=ORIENTED_EDGE('',*,*,#1239,.T.);
#1786=ORIENTED_EDGE('',*,*,#1242,.T.);
#1787=ORIENTED_EDGE('',*,*,#1245,.T.);
#1788=ORIENTED_EDGE('',*,*,#1264,.T.);
#1789=ORIENTED_EDGE('',*,*,#1261,.T.);
#1790=ORIENTED_EDGE('',*,*,#1297,.T.);
#1791=ORIENTED_EDGE('',*,*,#1284,.T.);
#1792=ORIENTED_EDGE('',*,*,#1281,.T.);
#1793=ORIENTED_EDGE('',*,*,#1278,.T.);
#1794=ORIENTED_EDGE('',*,*,#1295,.T.);
#1795=ORIENTED_EDGE('',*,*,#1187,.T.);
#1796=ORIENTED_EDGE('',*,*,#1333,.T.);
#1797=ORIENTED_EDGE('',*,*,#1274,.T.);
#1798=ORIENTED_EDGE('',*,*,#1271,.T.);
#1799=ORIENTED_EDGE('',*,*,#1268,.T.);
#1800=ORIENTED_EDGE('',*,*,#1299,.T.);
#1801=ORIENTED_EDGE('',*,*,#1291,.T.);
#1802=ORIENTED_EDGE('',*,*,#1288,.T.);
#1803=ORIENTED_EDGE('',*,*,#1334,.F.);
#1804=ORIENTED_EDGE('',*,*,#1249,.T.);
#1805=ORIENTED_EDGE('',*,*,#1258,.T.);
#1806=ORIENTED_EDGE('',*,*,#1255,.T.);
#1807=ORIENTED_EDGE('',*,*,#1252,.T.);
#1808=ORIENTED_EDGE('',*,*,#1237,.T.);
#1809=ORIENTED_EDGE('',*,*,#1246,.T.);
#1810=ORIENTED_EDGE('',*,*,#1243,.T.);
#1811=ORIENTED_EDGE('',*,*,#1240,.T.);
#1812=ORIENTED_EDGE('',*,*,#1325,.F.);
#1813=ORIENTED_EDGE('',*,*,#1335,.F.);
#1814=ORIENTED_EDGE('',*,*,#1336,.F.);
#1815=ORIENTED_EDGE('',*,*,#1337,.T.);
#1816=ORIENTED_EDGE('',*,*,#1326,.F.);
#1817=ORIENTED_EDGE('',*,*,#1337,.F.);
#1818=ORIENTED_EDGE('',*,*,#1338,.F.);
#1819=ORIENTED_EDGE('',*,*,#1339,.T.);
#1820=ORIENTED_EDGE('',*,*,#1327,.F.);
#1821=ORIENTED_EDGE('',*,*,#1339,.F.);
#1822=ORIENTED_EDGE('',*,*,#1340,.F.);
#1823=ORIENTED_EDGE('',*,*,#1341,.T.);
#1824=ORIENTED_EDGE('',*,*,#1328,.F.);
#1825=ORIENTED_EDGE('',*,*,#1341,.F.);
#1826=ORIENTED_EDGE('',*,*,#1342,.F.);
#1827=ORIENTED_EDGE('',*,*,#1335,.T.);
#1828=ORIENTED_EDGE('',*,*,#1329,.F.);
#1829=ORIENTED_EDGE('',*,*,#1343,.F.);
#1830=ORIENTED_EDGE('',*,*,#1344,.F.);
#1831=ORIENTED_EDGE('',*,*,#1345,.T.);
#1832=ORIENTED_EDGE('',*,*,#1330,.F.);
#1833=ORIENTED_EDGE('',*,*,#1345,.F.);
#1834=ORIENTED_EDGE('',*,*,#1346,.F.);
#1835=ORIENTED_EDGE('',*,*,#1347,.T.);
#1836=ORIENTED_EDGE('',*,*,#1331,.F.);
#1837=ORIENTED_EDGE('',*,*,#1347,.F.);
#1838=ORIENTED_EDGE('',*,*,#1348,.F.);
#1839=ORIENTED_EDGE('',*,*,#1349,.T.);
#1840=ORIENTED_EDGE('',*,*,#1332,.F.);
#1841=ORIENTED_EDGE('',*,*,#1349,.F.);
#1842=ORIENTED_EDGE('',*,*,#1350,.F.);
#1843=ORIENTED_EDGE('',*,*,#1343,.T.);
#1844=ORIENTED_EDGE('',*,*,#1310,.F.);
#1845=ORIENTED_EDGE('',*,*,#1351,.F.);
#1846=ORIENTED_EDGE('',*,*,#1352,.F.);
#1847=ORIENTED_EDGE('',*,*,#1353,.T.);
#1848=ORIENTED_EDGE('',*,*,#1311,.F.);
#1849=ORIENTED_EDGE('',*,*,#1353,.F.);
#1850=ORIENTED_EDGE('',*,*,#1354,.F.);
#1851=ORIENTED_EDGE('',*,*,#1355,.F.);
#1852=ORIENTED_EDGE('',*,*,#1304,.F.);
#1853=ORIENTED_EDGE('',*,*,#1356,.F.);
#1854=ORIENTED_EDGE('',*,*,#1357,.F.);
#1855=ORIENTED_EDGE('',*,*,#1358,.T.);
#1856=ORIENTED_EDGE('',*,*,#1305,.F.);
#1857=ORIENTED_EDGE('',*,*,#1358,.F.);
#1858=ORIENTED_EDGE('',*,*,#1359,.F.);
#1859=ORIENTED_EDGE('',*,*,#1360,.F.);
#1860=ORIENTED_EDGE('',*,*,#1303,.F.);
#1861=ORIENTED_EDGE('',*,*,#1361,.F.);
#1862=ORIENTED_EDGE('',*,*,#1362,.F.);
#1863=ORIENTED_EDGE('',*,*,#1356,.T.);
#1864=ORIENTED_EDGE('',*,*,#1314,.F.);
#1865=ORIENTED_EDGE('',*,*,#1363,.F.);
#1866=ORIENTED_EDGE('',*,*,#1364,.F.);
#1867=ORIENTED_EDGE('',*,*,#1365,.T.);
#1868=ORIENTED_EDGE('',*,*,#1315,.F.);
#1869=ORIENTED_EDGE('',*,*,#1365,.F.);
#1870=ORIENTED_EDGE('',*,*,#1366,.F.);
#1871=ORIENTED_EDGE('',*,*,#1367,.F.);
#1872=ORIENTED_EDGE('',*,*,#1313,.F.);
#1873=ORIENTED_EDGE('',*,*,#1368,.F.);
#1874=ORIENTED_EDGE('',*,*,#1369,.F.);
#1875=ORIENTED_EDGE('',*,*,#1363,.T.);
#1876=ORIENTED_EDGE('',*,*,#1308,.F.);
#1877=ORIENTED_EDGE('',*,*,#1370,.F.);
#1878=ORIENTED_EDGE('',*,*,#1371,.F.);
#1879=ORIENTED_EDGE('',*,*,#1372,.F.);
#1880=ORIENTED_EDGE('',*,*,#1307,.F.);
#1881=ORIENTED_EDGE('',*,*,#1373,.F.);
#1882=ORIENTED_EDGE('',*,*,#1374,.F.);
#1883=ORIENTED_EDGE('',*,*,#1370,.T.);
#1884=ORIENTED_EDGE('',*,*,#1367,.T.);
#1885=ORIENTED_EDGE('',*,*,#1375,.F.);
#1886=ORIENTED_EDGE('',*,*,#1218,.F.);
#1887=ORIENTED_EDGE('',*,*,#1316,.F.);
#1888=ORIENTED_EDGE('',*,*,#1351,.T.);
#1889=ORIENTED_EDGE('',*,*,#1309,.F.);
#1890=ORIENTED_EDGE('',*,*,#1372,.T.);
#1891=ORIENTED_EDGE('',*,*,#1376,.F.);
#1892=ORIENTED_EDGE('',*,*,#1361,.T.);
#1893=ORIENTED_EDGE('',*,*,#1302,.T.);
#1894=ORIENTED_EDGE('',*,*,#1220,.T.);
#1895=ORIENTED_EDGE('',*,*,#1377,.F.);
#1896=ORIENTED_EDGE('',*,*,#1202,.T.);
#1897=ORIENTED_EDGE('',*,*,#1378,.F.);
#1898=ORIENTED_EDGE('',*,*,#1214,.T.);
#1899=ORIENTED_EDGE('',*,*,#1379,.F.);
#1900=ORIENTED_EDGE('',*,*,#1380,.T.);
#1901=ORIENTED_EDGE('',*,*,#1381,.F.);
#1902=ORIENTED_EDGE('',*,*,#1223,.F.);
#1903=ORIENTED_EDGE('',*,*,#1379,.T.);
#1904=ORIENTED_EDGE('',*,*,#1382,.T.);
#1905=ORIENTED_EDGE('',*,*,#1383,.T.);
#1906=ORIENTED_EDGE('',*,*,#1224,.T.);
#1907=ORIENTED_EDGE('',*,*,#1381,.T.);
#1908=ORIENTED_EDGE('',*,*,#1384,.T.);
#1909=ORIENTED_EDGE('',*,*,#1385,.T.);
#1910=ORIENTED_EDGE('',*,*,#1386,.T.);
#1911=ORIENTED_EDGE('',*,*,#1178,.T.);
#1912=ORIENTED_EDGE('',*,*,#1387,.T.);
#1913=ORIENTED_EDGE('',*,*,#1388,.T.);
#1914=ORIENTED_EDGE('',*,*,#1389,.T.);
#1915=ORIENTED_EDGE('',*,*,#1390,.T.);
#1916=ORIENTED_EDGE('',*,*,#1391,.T.);
#1917=ORIENTED_EDGE('',*,*,#1322,.T.);
#1918=ORIENTED_EDGE('',*,*,#1392,.T.);
#1919=ORIENTED_EDGE('',*,*,#1393,.F.);
#1920=ORIENTED_EDGE('',*,*,#1394,.T.);
#1921=ORIENTED_EDGE('',*,*,#1393,.T.);
#1922=ORIENTED_EDGE('',*,*,#1395,.T.);
#1923=ORIENTED_EDGE('',*,*,#1396,.F.);
#1924=ORIENTED_EDGE('',*,*,#1397,.T.);
#1925=ORIENTED_EDGE('',*,*,#1396,.T.);
#1926=ORIENTED_EDGE('',*,*,#1181,.T.);
#1927=ORIENTED_EDGE('',*,*,#1199,.F.);
#1928=ORIENTED_EDGE('',*,*,#1383,.F.);
#1929=ORIENTED_EDGE('',*,*,#1398,.F.);
#1930=ORIENTED_EDGE('',*,*,#1399,.T.);
#1931=ORIENTED_EDGE('',*,*,#1225,.F.);
#1932=ORIENTED_EDGE('',*,*,#1226,.F.);
#1933=ORIENTED_EDGE('',*,*,#1399,.F.);
#1934=ORIENTED_EDGE('',*,*,#1400,.F.);
#1935=ORIENTED_EDGE('',*,*,#1401,.T.);
#1936=ORIENTED_EDGE('',*,*,#1227,.F.);
#1937=ORIENTED_EDGE('',*,*,#1401,.F.);
#1938=ORIENTED_EDGE('',*,*,#1402,.F.);
#1939=ORIENTED_EDGE('',*,*,#1229,.T.);
#1940=ORIENTED_EDGE('',*,*,#1201,.T.);
#1941=ORIENTED_EDGE('',*,*,#1231,.F.);
#1942=ORIENTED_EDGE('',*,*,#1215,.T.);
#1943=ORIENTED_EDGE('',*,*,#1378,.T.);
#1944=ORIENTED_EDGE('',*,*,#1384,.F.);
#1945=ORIENTED_EDGE('',*,*,#1403,.T.);
#1946=ORIENTED_EDGE('',*,*,#1193,.F.);
#1947=ORIENTED_EDGE('',*,*,#1404,.F.);
#1948=ORIENTED_EDGE('',*,*,#1390,.F.);
#1949=ORIENTED_EDGE('',*,*,#1405,.T.);
#1950=ORIENTED_EDGE('',*,*,#1194,.F.);
#1951=ORIENTED_EDGE('',*,*,#1403,.F.);
#1952=ORIENTED_EDGE('',*,*,#1389,.F.);
#1953=ORIENTED_EDGE('',*,*,#1406,.T.);
#1954=ORIENTED_EDGE('',*,*,#1195,.F.);
#1955=ORIENTED_EDGE('',*,*,#1405,.F.);
#1956=ORIENTED_EDGE('',*,*,#1388,.F.);
#1957=ORIENTED_EDGE('',*,*,#1407,.T.);
#1958=ORIENTED_EDGE('',*,*,#1196,.F.);
#1959=ORIENTED_EDGE('',*,*,#1406,.F.);
#1960=ORIENTED_EDGE('',*,*,#1387,.F.);
#1961=ORIENTED_EDGE('',*,*,#1177,.T.);
#1962=ORIENTED_EDGE('',*,*,#1197,.F.);
#1963=ORIENTED_EDGE('',*,*,#1407,.F.);
#1964=ORIENTED_EDGE('',*,*,#1169,.T.);
#1965=ORIENTED_EDGE('',*,*,#1179,.F.);
#1966=ORIENTED_EDGE('',*,*,#1386,.F.);
#1967=ORIENTED_EDGE('',*,*,#1408,.T.);
#1968=ORIENTED_EDGE('',*,*,#1170,.T.);
#1969=ORIENTED_EDGE('',*,*,#1408,.F.);
#1970=ORIENTED_EDGE('',*,*,#1385,.F.);
#1971=ORIENTED_EDGE('',*,*,#1404,.T.);
#1972=ORIENTED_EDGE('',*,*,#1192,.F.);
#1973=ORIENTED_EDGE('',*,*,#1190,.F.);
#1974=ORIENTED_EDGE('',*,*,#1409,.T.);
#1975=ORIENTED_EDGE('',*,*,#1394,.F.);
#1976=ORIENTED_EDGE('',*,*,#1410,.F.);
#1977=ORIENTED_EDGE('',*,*,#1172,.T.);
#1978=ORIENTED_EDGE('',*,*,#1191,.T.);
#1979=ORIENTED_EDGE('',*,*,#1410,.T.);
#1980=ORIENTED_EDGE('',*,*,#1397,.F.);
#1981=ORIENTED_EDGE('',*,*,#1198,.F.);
#1982=ORIENTED_EDGE('',*,*,#1184,.F.);
#1983=ORIENTED_EDGE('',*,*,#1182,.T.);
#1984=ORIENTED_EDGE('',*,*,#1395,.F.);
#1985=ORIENTED_EDGE('',*,*,#1411,.F.);
#1986=ORIENTED_EDGE('',*,*,#1412,.F.);
#1987=ORIENTED_EDGE('',*,*,#1185,.T.);
#1988=ORIENTED_EDGE('',*,*,#1411,.T.);
#1989=ORIENTED_EDGE('',*,*,#1392,.F.);
#1990=ORIENTED_EDGE('',*,*,#1321,.F.);
#1991=ORIENTED_EDGE('',*,*,#1189,.T.);
#1992=ORIENTED_EDGE('',*,*,#1413,.F.);
#1993=ORIENTED_EDGE('',*,*,#1323,.T.);
#1994=ORIENTED_EDGE('',*,*,#1391,.F.);
#1995=ORIENTED_EDGE('',*,*,#1409,.F.);
#1996=ORIENTED_EDGE('',*,*,#1412,.T.);
#1997=ORIENTED_EDGE('',*,*,#1320,.T.);
#1998=ORIENTED_EDGE('',*,*,#1414,.T.);
#1999=ORIENTED_EDGE('',*,*,#1275,.T.);
#2000=ORIENTED_EDGE('',*,*,#1333,.F.);
#2001=ORIENTED_EDGE('',*,*,#1186,.F.);
#2002=ORIENTED_EDGE('',*,*,#1414,.F.);
#2003=ORIENTED_EDGE('',*,*,#1319,.T.);
#2004=ORIENTED_EDGE('',*,*,#1413,.T.);
#2005=ORIENTED_EDGE('',*,*,#1294,.F.);
#2006=ORIENTED_EDGE('',*,*,#1324,.T.);
#2007=ORIENTED_EDGE('',*,*,#1204,.T.);
#2008=ORIENTED_EDGE('',*,*,#1415,.T.);
#2009=ORIENTED_EDGE('',*,*,#1212,.T.);
#2010=ORIENTED_EDGE('',*,*,#1234,.T.);
#2011=ORIENTED_EDGE('',*,*,#1209,.T.);
#2012=ORIENTED_EDGE('',*,*,#1230,.T.);
#2013=ORIENTED_EDGE('',*,*,#1402,.T.);
#2014=ORIENTED_EDGE('',*,*,#1400,.T.);
#2015=ORIENTED_EDGE('',*,*,#1398,.T.);
#2016=ORIENTED_EDGE('',*,*,#1382,.F.);
#2017=ORIENTED_EDGE('',*,*,#1380,.F.);
#2018=ORIENTED_EDGE('',*,*,#1213,.T.);
#2019=ORIENTED_EDGE('',*,*,#1416,.T.);
#2020=ORIENTED_EDGE('',*,*,#1417,.F.);
#2021=ORIENTED_EDGE('',*,*,#1300,.F.);
#2022=ORIENTED_EDGE('',*,*,#1265,.F.);
#2023=ORIENTED_EDGE('',*,*,#1334,.T.);
#2024=ORIENTED_EDGE('',*,*,#1287,.T.);
#2025=ORIENTED_EDGE('',*,*,#1318,.F.);
#2026=ORIENTED_EDGE('',*,*,#1418,.F.);
#2027=ORIENTED_EDGE('',*,*,#1419,.T.);
#2028=ORIENTED_EDGE('',*,*,#1233,.F.);
#2029=ORIENTED_EDGE('',*,*,#1419,.F.);
#2030=ORIENTED_EDGE('',*,*,#1420,.F.);
#2031=ORIENTED_EDGE('',*,*,#1216,.T.);
#2032=ORIENTED_EDGE('',*,*,#1417,.T.);
#2033=ORIENTED_EDGE('',*,*,#1421,.T.);
#2034=ORIENTED_EDGE('',*,*,#1221,.T.);
#2035=ORIENTED_EDGE('',*,*,#1301,.T.);
#2036=ORIENTED_EDGE('',*,*,#1415,.F.);
#2037=ORIENTED_EDGE('',*,*,#1222,.T.);
#2038=ORIENTED_EDGE('',*,*,#1421,.F.);
#2039=ORIENTED_EDGE('',*,*,#1416,.F.);
#2040=ORIENTED_EDGE('',*,*,#1418,.T.);
#2041=ORIENTED_EDGE('',*,*,#1317,.T.);
#2042=ORIENTED_EDGE('',*,*,#1217,.T.);
#2043=ORIENTED_EDGE('',*,*,#1420,.T.);
#2044=ORIENTED_EDGE('',*,*,#1355,.T.);
#2045=ORIENTED_EDGE('',*,*,#1422,.F.);
#2046=ORIENTED_EDGE('',*,*,#1368,.T.);
#2047=ORIENTED_EDGE('',*,*,#1312,.F.);
#2048=ORIENTED_EDGE('',*,*,#1360,.T.);
#2049=ORIENTED_EDGE('',*,*,#1423,.F.);
#2050=ORIENTED_EDGE('',*,*,#1373,.T.);
#2051=ORIENTED_EDGE('',*,*,#1306,.T.);
#2052=ORIENTED_EDGE('',*,*,#1352,.T.);
#2053=ORIENTED_EDGE('',*,*,#1376,.T.);
#2054=ORIENTED_EDGE('',*,*,#1371,.T.);
#2055=ORIENTED_EDGE('',*,*,#1374,.T.);
#2056=ORIENTED_EDGE('',*,*,#1423,.T.);
#2057=ORIENTED_EDGE('',*,*,#1359,.T.);
#2058=ORIENTED_EDGE('',*,*,#1357,.T.);
#2059=ORIENTED_EDGE('',*,*,#1362,.T.);
#2060=ORIENTED_EDGE('',*,*,#1377,.T.);
#2061=ORIENTED_EDGE('',*,*,#1219,.T.);
#2062=ORIENTED_EDGE('',*,*,#1375,.T.);
#2063=ORIENTED_EDGE('',*,*,#1366,.T.);
#2064=ORIENTED_EDGE('',*,*,#1364,.T.);
#2065=ORIENTED_EDGE('',*,*,#1369,.T.);
#2066=ORIENTED_EDGE('',*,*,#1422,.T.);
#2067=ORIENTED_EDGE('',*,*,#1354,.T.);
#2068=ORIENTED_EDGE('',*,*,#1336,.T.);
#2069=ORIENTED_EDGE('',*,*,#1342,.T.);
#2070=ORIENTED_EDGE('',*,*,#1340,.T.);
#2071=ORIENTED_EDGE('',*,*,#1338,.T.);
#2072=ORIENTED_EDGE('',*,*,#1344,.T.);
#2073=ORIENTED_EDGE('',*,*,#1350,.T.);
#2074=ORIENTED_EDGE('',*,*,#1348,.T.);
#2075=ORIENTED_EDGE('',*,*,#1346,.T.);
#2076=ORIENTED_EDGE('',*,*,#1424,.T.);
#2077=ORIENTED_EDGE('',*,*,#1425,.F.);
#2078=ORIENTED_EDGE('',*,*,#1426,.T.);
#2079=ORIENTED_EDGE('',*,*,#1427,.T.);
#2080=ORIENTED_EDGE('',*,*,#1428,.T.);
#2081=ORIENTED_EDGE('',*,*,#1429,.F.);
#2082=ORIENTED_EDGE('',*,*,#1430,.F.);
#2083=ORIENTED_EDGE('',*,*,#1425,.T.);
#2084=ORIENTED_EDGE('',*,*,#1431,.T.);
#2085=ORIENTED_EDGE('',*,*,#1432,.F.);
#2086=ORIENTED_EDGE('',*,*,#1433,.T.);
#2087=ORIENTED_EDGE('',*,*,#1429,.T.);
#2088=ORIENTED_EDGE('',*,*,#1434,.T.);
#2089=ORIENTED_EDGE('',*,*,#1427,.F.);
#2090=ORIENTED_EDGE('',*,*,#1435,.T.);
#2091=ORIENTED_EDGE('',*,*,#1432,.T.);
#2092=ORIENTED_EDGE('',*,*,#1430,.T.);
#2093=ORIENTED_EDGE('',*,*,#1433,.F.);
#2094=ORIENTED_EDGE('',*,*,#1435,.F.);
#2095=ORIENTED_EDGE('',*,*,#1426,.F.);
#2096=ORIENTED_EDGE('',*,*,#1431,.F.);
#2097=ORIENTED_EDGE('',*,*,#1428,.F.);
#2098=ORIENTED_EDGE('',*,*,#1424,.F.);
#2099=ORIENTED_EDGE('',*,*,#1434,.F.);
#2100=PLANE('',#2303);
#2101=PLANE('',#2313);
#2102=PLANE('',#2315);
#2103=PLANE('',#2317);
#2104=PLANE('',#2319);
#2105=PLANE('',#2321);
#2106=PLANE('',#2332);
#2107=PLANE('',#2333);
#2108=PLANE('',#2335);
#2109=PLANE('',#2337);
#2110=PLANE('',#2338);
#2111=PLANE('',#2341);
#2112=PLANE('',#2349);
#2113=PLANE('',#2356);
#2114=PLANE('',#2360);
#2115=PLANE('',#2369);
#2116=PLANE('',#2370);
#2117=PLANE('',#2374);
#2118=PLANE('',#2378);
#2119=PLANE('',#2382);
#2120=PLANE('',#2386);
#2121=PLANE('',#2390);
#2122=PLANE('',#2394);
#2123=PLANE('',#2395);
#2124=PLANE('',#2399);
#2125=PLANE('',#2403);
#2126=PLANE('',#2404);
#2127=PLANE('',#2405);
#2128=PLANE('',#2406);
#2129=PLANE('',#2407);
#2130=PLANE('',#2417);
#2131=PLANE('',#2418);
#2132=PLANE('',#2421);
#2133=PLANE('',#2424);
#2134=PLANE('',#2427);
#2135=PLANE('',#2432);
#2136=PLANE('',#2435);
#2137=PLANE('',#2436);
#2138=PLANE('',#2439);
#2139=PLANE('',#2440);
#2140=PLANE('',#2443);
#2141=PLANE('',#2444);
#2142=PLANE('',#2445);
#2143=PLANE('',#2446);
#2144=PLANE('',#2448);
#2145=PLANE('',#2451);
#2146=PLANE('',#2461);
#2147=PLANE('',#2464);
#2148=PLANE('',#2465);
#2149=PLANE('',#2466);
#2150=PLANE('',#2468);
#2151=PLANE('',#2470);
#2152=PLANE('',#2471);
#2153=PLANE('',#2473);
#2154=PLANE('',#2475);
#2155=PLANE('',#2480);
#2156=PLANE('',#2481);
#2157=PLANE('',#2482);
#2158=PLANE('',#2484);
#2159=PLANE('',#2487);
#2160=PLANE('',#2489);
#2161=PLANE('',#2491);
#2162=PLANE('',#2492);
#2163=PLANE('',#2493);
#2164=PLANE('',#2494);
#2165=PLANE('',#2498);
#2166=PLANE('',#2502);
#2167=PLANE('',#2503);
#2168=ADVANCED_FACE('',(#95,#86),#2100,.T.);
#2169=ADVANCED_FACE('',(#96),#37,.F.);
#2170=ADVANCED_FACE('',(#97),#2101,.F.);
#2171=ADVANCED_FACE('',(#98),#38,.F.);
#2172=ADVANCED_FACE('',(#99),#2102,.F.);
#2173=ADVANCED_FACE('',(#100),#39,.T.);
#2174=ADVANCED_FACE('',(#101),#2103,.T.);
#2175=ADVANCED_FACE('',(#102),#40,.T.);
#2176=ADVANCED_FACE('',(#103),#2104,.T.);
#2177=ADVANCED_FACE('',(#104),#41,.F.);
#2178=ADVANCED_FACE('',(#105),#2105,.T.);
#2179=ADVANCED_FACE('',(#106),#42,.T.);
#2180=ADVANCED_FACE('',(#107),#43,.F.);
#2181=ADVANCED_FACE('',(#108),#2106,.T.);
#2182=ADVANCED_FACE('',(#109),#2107,.T.);
#2183=ADVANCED_FACE('',(#110),#44,.F.);
#2184=ADVANCED_FACE('',(#111),#2108,.F.);
#2185=ADVANCED_FACE('',(#112),#45,.F.);
#2186=ADVANCED_FACE('',(#113),#2109,.F.);
#2187=ADVANCED_FACE('',(#114),#2110,.T.);
#2188=ADVANCED_FACE('',(#115),#46,.T.);
#2189=ADVANCED_FACE('',(#116),#47,.T.);
#2190=ADVANCED_FACE('',(#117),#2111,.T.);
#2191=ADVANCED_FACE('',(#118),#48,.F.);
#2192=ADVANCED_FACE('',(#119),#49,.F.);
#2193=ADVANCED_FACE('',(#120),#50,.T.);
#2194=ADVANCED_FACE('',(#121),#2112,.F.);
#2195=ADVANCED_FACE('',(#122),#2113,.T.);
#2196=ADVANCED_FACE('',(#123),#51,.F.);
#2197=ADVANCED_FACE('',(#124),#52,.F.);
#2198=ADVANCED_FACE('',(#125),#2114,.F.);
#2199=ADVANCED_FACE('',(#126),#53,.F.);
#2200=ADVANCED_FACE('',(#127),#54,.T.);
#2201=ADVANCED_FACE('',(#128),#2115,.T.);
#2202=ADVANCED_FACE('',(#129),#2116,.F.);
#2203=ADVANCED_FACE('',(#130),#55,.F.);
#2204=ADVANCED_FACE('',(#131),#2117,.F.);
#2205=ADVANCED_FACE('',(#132),#56,.F.);
#2206=ADVANCED_FACE('',(#133),#2118,.F.);
#2207=ADVANCED_FACE('',(#134),#57,.F.);
#2208=ADVANCED_FACE('',(#135),#2119,.F.);
#2209=ADVANCED_FACE('',(#136),#58,.F.);
#2210=ADVANCED_FACE('',(#137),#2120,.F.);
#2211=ADVANCED_FACE('',(#138),#59,.F.);
#2212=ADVANCED_FACE('',(#139),#2121,.F.);
#2213=ADVANCED_FACE('',(#140),#60,.F.);
#2214=ADVANCED_FACE('',(#141),#2122,.F.);
#2215=ADVANCED_FACE('',(#142),#2123,.F.);
#2216=ADVANCED_FACE('',(#143),#61,.F.);
#2217=ADVANCED_FACE('',(#144),#2124,.F.);
#2218=ADVANCED_FACE('',(#145),#62,.F.);
#2219=ADVANCED_FACE('',(#146),#2125,.F.);
#2220=ADVANCED_FACE('',(#147),#2126,.T.);
#2221=ADVANCED_FACE('',(#148),#2127,.T.);
#2222=ADVANCED_FACE('',(#149),#2128,.T.);
#2223=ADVANCED_FACE('',(#150,#87,#88,#89,#90),#2129,.T.);
#2224=ADVANCED_FACE('',(#151,#91,#92),#2130,.T.);
#2225=ADVANCED_FACE('',(#152),#2131,.F.);
#2226=ADVANCED_FACE('',(#153),#63,.F.);
#2227=ADVANCED_FACE('',(#154),#2132,.F.);
#2228=ADVANCED_FACE('',(#155),#64,.F.);
#2229=ADVANCED_FACE('',(#156),#2133,.F.);
#2230=ADVANCED_FACE('',(#157),#65,.F.);
#2231=ADVANCED_FACE('',(#158),#2134,.F.);
#2232=ADVANCED_FACE('',(#159),#66,.F.);
#2233=ADVANCED_FACE('',(#160),#67,.F.);
#2234=ADVANCED_FACE('',(#161),#2135,.F.);
#2235=ADVANCED_FACE('',(#162),#68,.F.);
#2236=ADVANCED_FACE('',(#163),#2136,.F.);
#2237=ADVANCED_FACE('',(#164),#2137,.F.);
#2238=ADVANCED_FACE('',(#165),#69,.F.);
#2239=ADVANCED_FACE('',(#166),#2138,.F.);
#2240=ADVANCED_FACE('',(#167),#2139,.F.);
#2241=ADVANCED_FACE('',(#168),#70,.F.);
#2242=ADVANCED_FACE('',(#169),#2140,.F.);
#2243=ADVANCED_FACE('',(#170),#2141,.T.);
#2244=ADVANCED_FACE('',(#171),#2142,.T.);
#2245=ADVANCED_FACE('',(#172),#2143,.T.);
#2246=ADVANCED_FACE('',(#173),#71,.F.);
#2247=ADVANCED_FACE('',(#174),#2144,.T.);
#2248=ADVANCED_FACE('',(#175),#72,.F.);
#2249=ADVANCED_FACE('',(#176),#2145,.F.);
#2250=ADVANCED_FACE('',(#177),#13,.F.);
#2251=ADVANCED_FACE('',(#178),#73,.T.);
#2252=ADVANCED_FACE('',(#179),#14,.F.);
#2253=ADVANCED_FACE('',(#180),#2146,.F.);
#2254=ADVANCED_FACE('',(#181),#74,.F.);
#2255=ADVANCED_FACE('',(#182),#2147,.F.);
#2256=ADVANCED_FACE('',(#183),#2148,.F.);
#2257=ADVANCED_FACE('',(#184),#2149,.F.);
#2258=ADVANCED_FACE('',(#185),#75,.F.);
#2259=ADVANCED_FACE('',(#186),#2150,.F.);
#2260=ADVANCED_FACE('',(#187),#76,.F.);
#2261=ADVANCED_FACE('',(#188),#2151,.F.);
#2262=ADVANCED_FACE('',(#189),#2152,.F.);
#2263=ADVANCED_FACE('',(#190),#77,.F.);
#2264=ADVANCED_FACE('',(#191),#2153,.T.);
#2265=ADVANCED_FACE('',(#192),#78,.T.);
#2266=ADVANCED_FACE('',(#193),#2154,.T.);
#2267=ADVANCED_FACE('',(#194),#79,.T.);
#2268=ADVANCED_FACE('',(#195),#80,.T.);
#2269=ADVANCED_FACE('',(#196),#2155,.T.);
#2270=ADVANCED_FACE('',(#197),#2156,.T.);
#2271=ADVANCED_FACE('',(#198),#2157,.T.);
#2272=ADVANCED_FACE('',(#199),#81,.T.);
#2273=ADVANCED_FACE('',(#200),#2158,.T.);
#2274=ADVANCED_FACE('',(#201),#2159,.T.);
#2275=ADVANCED_FACE('',(#202),#82,.T.);
#2276=ADVANCED_FACE('',(#203),#2160,.T.);
#2277=ADVANCED_FACE('',(#204),#83,.T.);
#2278=ADVANCED_FACE('',(#205),#2161,.T.);
#2279=ADVANCED_FACE('',(#206),#2162,.T.);
#2280=ADVANCED_FACE('',(#207,#93,#94),#2163,.T.);
#2281=ADVANCED_FACE('',(#208),#2164,.T.);
#2282=ADVANCED_FACE('',(#209),#84,.T.);
#2283=ADVANCED_FACE('',(#210),#2165,.T.);
#2284=ADVANCED_FACE('',(#211),#85,.F.);
#2285=ADVANCED_FACE('',(#212),#2166,.T.);
#2286=ADVANCED_FACE('',(#213),#2167,.T.);
#2287=CLOSED_SHELL('',(#2168,#2169,#2170,#2171,#2172,#2173,#2174,#2175,
#2176,#2177,#2178,#2179,#2180,#2181,#2182,#2183,#2184,#2185,#2186,#2187,
#2188,#2189,#2190));
#2288=CLOSED_SHELL('',(#2191,#2192,#2193,#2194,#2195,#2196,#2197,#2198,
#2199,#2200,#2201,#2202,#2203,#2204,#2205,#2206,#2207,#2208,#2209,#2210,
#2211,#2212,#2213,#2214,#2215,#2216,#2217,#2218,#2219,#2220,#2221,#2222,
#2223,#2224,#2225,#2226,#2227,#2228,#2229,#2230,#2231,#2232,#2233,#2234,
#2235,#2236,#2237,#2238,#2239,#2240,#2241,#2242,#2243,#2244,#2245,#2246,
#2247,#2248,#2249,#2250,#2251,#2252,#2253,#2254,#2255,#2256,#2257,#2258,
#2259,#2260,#2261,#2262,#2263,#2264,#2265,#2266,#2267,#2268,#2269,#2270,
#2271,#2272,#2273,#2274,#2275,#2276,#2277,#2278,#2279,#2280));
#2289=CLOSED_SHELL('',(#2281,#2282,#2283,#2284,#2285,#2286));
#2290=DERIVED_UNIT_ELEMENT(#2292,1.);
#2291=DERIVED_UNIT_ELEMENT(#4035,-3.);
#2292=(
MASS_UNIT()
NAMED_UNIT(*)
SI_UNIT(.KILO.,.GRAM.)
);
#2293=DERIVED_UNIT((#2290,#2291));
#2294=MEASURE_REPRESENTATION_ITEM('density measure',
POSITIVE_RATIO_MEASURE(7850.),#2293);
#2295=PROPERTY_DEFINITION_REPRESENTATION(#2300,#2297);
#2296=PROPERTY_DEFINITION_REPRESENTATION(#2301,#2298);
#2297=REPRESENTATION('material name',(#2299),#4032);
#2298=REPRESENTATION('density',(#2294),#4032);
#2299=DESCRIPTIVE_REPRESENTATION_ITEM('Steel','Steel');
#2300=PROPERTY_DEFINITION('material property','material name',#4042);
#2301=PROPERTY_DEFINITION('material property','density of part',#4042);
#2302=AXIS2_PLACEMENT_3D('',#3140,#2504,#2505);
#2303=AXIS2_PLACEMENT_3D('',#3141,#2506,#2507);
#2304=AXIS2_PLACEMENT_3D('',#3146,#2509,#2510);
#2305=AXIS2_PLACEMENT_3D('',#3150,#2512,#2513);
#2306=AXIS2_PLACEMENT_3D('',#3154,#2515,#2516);
#2307=AXIS2_PLACEMENT_3D('',#3157,#2518,#2519);
#2308=AXIS2_PLACEMENT_3D('',#3162,#2521,#2522);
#2309=AXIS2_PLACEMENT_3D('',#3166,#2524,#2525);
#2310=AXIS2_PLACEMENT_3D('',#3170,#2527,#2528);
#2311=AXIS2_PLACEMENT_3D('',#3173,#2530,#2531);
#2312=AXIS2_PLACEMENT_3D('',#3174,#2532,#2533);
#2313=AXIS2_PLACEMENT_3D('',#3199,#2538,#2539);
#2314=AXIS2_PLACEMENT_3D('',#3216,#2549,#2550);
#2315=AXIS2_PLACEMENT_3D('',#3236,#2553,#2554);
#2316=AXIS2_PLACEMENT_3D('',#3240,#2557,#2558);
#2317=AXIS2_PLACEMENT_3D('',#3261,#2561,#2562);
#2318=AXIS2_PLACEMENT_3D('',#3265,#2565,#2566);
#2319=AXIS2_PLACEMENT_3D('',#3284,#2568,#2569);
#2320=AXIS2_PLACEMENT_3D('',#3288,#2572,#2573);
#2321=AXIS2_PLACEMENT_3D('',#3291,#2576,#2577);
#2322=AXIS2_PLACEMENT_3D('',#3293,#2578,#2579);
#2323=AXIS2_PLACEMENT_3D('',#3297,#2581,#2582);
#2324=AXIS2_PLACEMENT_3D('',#3300,#2584,#2585);
#2325=AXIS2_PLACEMENT_3D('',#3304,#2587,#2588);
#2326=AXIS2_PLACEMENT_3D('',#3306,#2590,#2591);
#2327=AXIS2_PLACEMENT_3D('',#3307,#2592,#2593);
#2328=AXIS2_PLACEMENT_3D('',#3308,#2594,#2595);
#2329=AXIS2_PLACEMENT_3D('',#3309,#2596,#2597);
#2330=AXIS2_PLACEMENT_3D('',#3310,#2598,#2599);
#2331=AXIS2_PLACEMENT_3D('',#3311,#2600,#2601);
#2332=AXIS2_PLACEMENT_3D('',#3312,#2602,#2603);
#2333=AXIS2_PLACEMENT_3D('',#3313,#2604,#2605);
#2334=AXIS2_PLACEMENT_3D('',#3314,#2606,#2607);
#2335=AXIS2_PLACEMENT_3D('',#3316,#2609,#2610);
#2336=AXIS2_PLACEMENT_3D('',#3318,#2612,#2613);
#2337=AXIS2_PLACEMENT_3D('',#3320,#2615,#2616);
#2338=AXIS2_PLACEMENT_3D('',#3321,#2617,#2618);
#2339=AXIS2_PLACEMENT_3D('',#3323,#2620,#2621);
#2340=AXIS2_PLACEMENT_3D('',#3325,#2623,#2624);
#2341=AXIS2_PLACEMENT_3D('',#3327,#2626,#2627);
#2342=AXIS2_PLACEMENT_3D('',#3328,#2628,#2629);
#2343=AXIS2_PLACEMENT_3D('',#3389,#2634,#2635);
#2344=AXIS2_PLACEMENT_3D('',#3391,#2636,#2637);
#2345=AXIS2_PLACEMENT_3D('',#3395,#2639,#2640);
#2346=AXIS2_PLACEMENT_3D('',#3397,#2642,#2643);
#2347=AXIS2_PLACEMENT_3D('',#3401,#2645,#2646);
#2348=AXIS2_PLACEMENT_3D('',#3404,#2648,#2649);
#2349=AXIS2_PLACEMENT_3D('',#3405,#2650,#2651);
#2350=AXIS2_PLACEMENT_3D('',#3409,#2653,#2654);
#2351=AXIS2_PLACEMENT_3D('',#3417,#2658,#2659);
#2352=AXIS2_PLACEMENT_3D('',#3420,#2661,#2662);
#2353=AXIS2_PLACEMENT_3D('',#3422,#2663,#2664);
#2354=AXIS2_PLACEMENT_3D('',#3426,#2666,#2667);
#2355=AXIS2_PLACEMENT_3D('',#3430,#2669,#2670);
#2356=AXIS2_PLACEMENT_3D('',#3432,#2672,#2673);
#2357=AXIS2_PLACEMENT_3D('',#3435,#2675,#2676);
#2358=AXIS2_PLACEMENT_3D('',#3436,#2677,#2678);
#2359=AXIS2_PLACEMENT_3D('',#3499,#2683,#2684);
#2360=AXIS2_PLACEMENT_3D('',#3562,#2689,#2690);
#2361=AXIS2_PLACEMENT_3D('',#3566,#2692,#2693);
#2362=AXIS2_PLACEMENT_3D('',#3574,#2697,#2698);
#2363=AXIS2_PLACEMENT_3D('',#3579,#2701,#2702);
#2364=AXIS2_PLACEMENT_3D('',#3583,#2704,#2705);
#2365=AXIS2_PLACEMENT_3D('',#3586,#2707,#2708);
#2366=AXIS2_PLACEMENT_3D('',#3587,#2709,#2710);
#2367=AXIS2_PLACEMENT_3D('',#3590,#2712,#2713);
#2368=AXIS2_PLACEMENT_3D('',#3592,#2715,#2716);
#2369=AXIS2_PLACEMENT_3D('',#3595,#2719,#2720);
#2370=AXIS2_PLACEMENT_3D('',#3597,#2722,#2723);
#2371=AXIS2_PLACEMENT_3D('',#3606,#2728,#2729);
#2372=AXIS2_PLACEMENT_3D('',#3608,#2730,#2731);
#2373=AXIS2_PLACEMENT_3D('',#3610,#2732,#2733);
#2374=AXIS2_PLACEMENT_3D('',#3612,#2735,#2736);
#2375=AXIS2_PLACEMENT_3D('',#3618,#2740,#2741);
#2376=AXIS2_PLACEMENT_3D('',#3619,#2742,#2743);
#2377=AXIS2_PLACEMENT_3D('',#3620,#2744,#2745);
#2378=AXIS2_PLACEMENT_3D('',#3621,#2746,#2747);
#2379=AXIS2_PLACEMENT_3D('',#3630,#2752,#2753);
#2380=AXIS2_PLACEMENT_3D('',#3632,#2754,#2755);
#2381=AXIS2_PLACEMENT_3D('',#3634,#2756,#2757);
#2382=AXIS2_PLACEMENT_3D('',#3636,#2759,#2760);
#2383=AXIS2_PLACEMENT_3D('',#3642,#2764,#2765);
#2384=AXIS2_PLACEMENT_3D('',#3643,#2766,#2767);
#2385=AXIS2_PLACEMENT_3D('',#3644,#2768,#2769);
#2386=AXIS2_PLACEMENT_3D('',#3645,#2770,#2771);
#2387=AXIS2_PLACEMENT_3D('',#3654,#2776,#2777);
#2388=AXIS2_PLACEMENT_3D('',#3656,#2778,#2779);
#2389=AXIS2_PLACEMENT_3D('',#3658,#2780,#2781);
#2390=AXIS2_PLACEMENT_3D('',#3660,#2783,#2784);
#2391=AXIS2_PLACEMENT_3D('',#3669,#2789,#2790);
#2392=AXIS2_PLACEMENT_3D('',#3671,#2791,#2792);
#2393=AXIS2_PLACEMENT_3D('',#3673,#2793,#2794);
#2394=AXIS2_PLACEMENT_3D('',#3675,#2796,#2797);
#2395=AXIS2_PLACEMENT_3D('',#3681,#2801,#2802);
#2396=AXIS2_PLACEMENT_3D('',#3690,#2807,#2808);
#2397=AXIS2_PLACEMENT_3D('',#3692,#2809,#2810);
#2398=AXIS2_PLACEMENT_3D('',#3694,#2811,#2812);
#2399=AXIS2_PLACEMENT_3D('',#3696,#2814,#2815);
#2400=AXIS2_PLACEMENT_3D('',#3702,#2819,#2820);
#2401=AXIS2_PLACEMENT_3D('',#3705,#2821,#2822);
#2402=AXIS2_PLACEMENT_3D('',#3709,#2824,#2825);
#2403=AXIS2_PLACEMENT_3D('',#3711,#2827,#2828);
#2404=AXIS2_PLACEMENT_3D('',#3717,#2832,#2833);
#2405=AXIS2_PLACEMENT_3D('',#3722,#2837,#2838);
#2406=AXIS2_PLACEMENT_3D('',#3725,#2841,#2842);
#2407=AXIS2_PLACEMENT_3D('',#3728,#2845,#2846);
#2408=AXIS2_PLACEMENT_3D('',#3737,#2851,#2852);
#2409=AXIS2_PLACEMENT_3D('',#3745,#2856,#2857);
#2410=AXIS2_PLACEMENT_3D('',#3749,#2859,#2860);
#2411=AXIS2_PLACEMENT_3D('',#3757,#2864,#2865);
#2412=AXIS2_PLACEMENT_3D('',#3771,#2873,#2874);
#2413=AXIS2_PLACEMENT_3D('',#3779,#2878,#2879);
#2414=AXIS2_PLACEMENT_3D('',#3782,#2881,#2882);
#2415=AXIS2_PLACEMENT_3D('',#3787,#2884,#2885);
#2416=AXIS2_PLACEMENT_3D('',#3790,#2887,#2888);
#2417=AXIS2_PLACEMENT_3D('',#3791,#2889,#2890);
#2418=AXIS2_PLACEMENT_3D('',#3794,#2893,#2894);
#2419=AXIS2_PLACEMENT_3D('',#3800,#2898,#2899);
#2420=AXIS2_PLACEMENT_3D('',#3802,#2900,#2901);
#2421=AXIS2_PLACEMENT_3D('',#3804,#2903,#2904);
#2422=AXIS2_PLACEMENT_3D('',#3808,#2907,#2908);
#2423=AXIS2_PLACEMENT_3D('',#3809,#2909,#2910);
#2424=AXIS2_PLACEMENT_3D('',#3810,#2911,#2912);
#2425=AXIS2_PLACEMENT_3D('',#3816,#2916,#2917);
#2426=AXIS2_PLACEMENT_3D('',#3818,#2918,#2919);
#2427=AXIS2_PLACEMENT_3D('',#3820,#2921,#2922);
#2428=AXIS2_PLACEMENT_3D('',#3824,#2925,#2926);
#2429=AXIS2_PLACEMENT_3D('',#3825,#2927,#2928);
#2430=AXIS2_PLACEMENT_3D('',#3826,#2929,#2930);
#2431=AXIS2_PLACEMENT_3D('',#3830,#2932,#2933);
#2432=AXIS2_PLACEMENT_3D('',#3832,#2935,#2936);
#2433=AXIS2_PLACEMENT_3D('',#3836,#2939,#2940);
#2434=AXIS2_PLACEMENT_3D('',#3840,#2942,#2943);
#2435=AXIS2_PLACEMENT_3D('',#3842,#2945,#2946);
#2436=AXIS2_PLACEMENT_3D('',#3846,#2949,#2950);
#2437=AXIS2_PLACEMENT_3D('',#3850,#2953,#2954);
#2438=AXIS2_PLACEMENT_3D('',#3854,#2956,#2957);
#2439=AXIS2_PLACEMENT_3D('',#3856,#2959,#2960);
#2440=AXIS2_PLACEMENT_3D('',#3860,#2963,#2964);
#2441=AXIS2_PLACEMENT_3D('',#3864,#2967,#2968);
#2442=AXIS2_PLACEMENT_3D('',#3868,#2970,#2971);
#2443=AXIS2_PLACEMENT_3D('',#3870,#2973,#2974);
#2444=AXIS2_PLACEMENT_3D('',#3874,#2977,#2978);
#2445=AXIS2_PLACEMENT_3D('',#3876,#2980,#2981);
#2446=AXIS2_PLACEMENT_3D('',#3878,#2983,#2984);
#2447=AXIS2_PLACEMENT_3D('',#3880,#2986,#2987);
#2448=AXIS2_PLACEMENT_3D('',#3883,#2990,#2991);
#2449=AXIS2_PLACEMENT_3D('',#3887,#2994,#2995);
#2450=AXIS2_PLACEMENT_3D('',#3889,#2996,#2997);
#2451=AXIS2_PLACEMENT_3D('',#3891,#2999,#3000);
#2452=AXIS2_PLACEMENT_3D('',#3896,#3002,#3003);
#2453=AXIS2_PLACEMENT_3D('',#3901,#3006,#3007);
#2454=AXIS2_PLACEMENT_3D('',#3904,#3009,#3010);
#2455=AXIS2_PLACEMENT_3D('',#3921,#3011,#3012);
#2456=AXIS2_PLACEMENT_3D('',#3923,#3013,#3014);
#2457=AXIS2_PLACEMENT_3D('',#3924,#3015,#3016);
#2458=AXIS2_PLACEMENT_3D('',#3925,#3017,#3018);
#2459=AXIS2_PLACEMENT_3D('',#3929,#3021,#3022);
#2460=AXIS2_PLACEMENT_3D('',#3945,#3023,#3024);
#2461=AXIS2_PLACEMENT_3D('',#3946,#3025,#3026);
#2462=AXIS2_PLACEMENT_3D('',#3950,#3029,#3030);
#2463=AXIS2_PLACEMENT_3D('',#3952,#3031,#3032);
#2464=AXIS2_PLACEMENT_3D('',#3954,#3034,#3035);
#2465=AXIS2_PLACEMENT_3D('',#3956,#3037,#3038);
#2466=AXIS2_PLACEMENT_3D('',#3957,#3039,#3040);
#2467=AXIS2_PLACEMENT_3D('',#3960,#3043,#3044);
#2468=AXIS2_PLACEMENT_3D('',#3962,#3046,#3047);
#2469=AXIS2_PLACEMENT_3D('',#3964,#3049,#3050);
#2470=AXIS2_PLACEMENT_3D('',#3966,#3052,#3053);
#2471=AXIS2_PLACEMENT_3D('',#3967,#3054,#3055);
#2472=AXIS2_PLACEMENT_3D('',#3969,#3057,#3058);
#2473=AXIS2_PLACEMENT_3D('',#3970,#3059,#3060);
#2474=AXIS2_PLACEMENT_3D('',#3973,#3063,#3064);
#2475=AXIS2_PLACEMENT_3D('',#3974,#3065,#3066);
#2476=AXIS2_PLACEMENT_3D('',#3976,#3068,#3069);
#2477=AXIS2_PLACEMENT_3D('',#3977,#3070,#3071);
#2478=AXIS2_PLACEMENT_3D('',#3978,#3072,#3073);
#2479=AXIS2_PLACEMENT_3D('',#3979,#3074,#3075);
#2480=AXIS2_PLACEMENT_3D('',#3980,#3076,#3077);
#2481=AXIS2_PLACEMENT_3D('',#3982,#3079,#3080);
#2482=AXIS2_PLACEMENT_3D('',#3983,#3081,#3082);
#2483=AXIS2_PLACEMENT_3D('',#3984,#3083,#3084);
#2484=AXIS2_PLACEMENT_3D('',#3986,#3086,#3087);
#2485=AXIS2_PLACEMENT_3D('',#3989,#3089,#3090);
#2486=AXIS2_PLACEMENT_3D('',#3991,#3091,#3092);
#2487=AXIS2_PLACEMENT_3D('',#3993,#3094,#3095);
#2488=AXIS2_PLACEMENT_3D('',#3995,#3097,#3098);
#2489=AXIS2_PLACEMENT_3D('',#3997,#3100,#3101);
#2490=AXIS2_PLACEMENT_3D('',#3998,#3102,#3103);
#2491=AXIS2_PLACEMENT_3D('',#3999,#3104,#3105);
#2492=AXIS2_PLACEMENT_3D('',#4001,#3107,#3108);
#2493=AXIS2_PLACEMENT_3D('',#4003,#3110,#3111);
#2494=AXIS2_PLACEMENT_3D('',#4004,#3112,#3113);
#2495=AXIS2_PLACEMENT_3D('',#4013,#3118,#3119);
#2496=AXIS2_PLACEMENT_3D('',#4015,#3120,#3121);
#2497=AXIS2_PLACEMENT_3D('',#4018,#3123,#3124);
#2498=AXIS2_PLACEMENT_3D('',#4019,#3125,#3126);
#2499=AXIS2_PLACEMENT_3D('',#4025,#3130,#3131);
#2500=AXIS2_PLACEMENT_3D('',#4026,#3132,#3133);
#2501=AXIS2_PLACEMENT_3D('',#4027,#3134,#3135);
#2502=AXIS2_PLACEMENT_3D('',#4028,#3136,#3137);
#2503=AXIS2_PLACEMENT_3D('',#4029,#3138,#3139);
#2504=DIRECTION('axis',(0.,0.,1.));
#2505=DIRECTION('refdir',(1.,0.,0.));
#2506=DIRECTION('center_axis',(0.,0.,-1.));
#2507=DIRECTION('ref_axis',(1.,0.,0.));
#2508=DIRECTION('',(-1.1842378929335E-16,-1.,0.));
#2509=DIRECTION('center_axis',(0.,0.,1.));
#2510=DIRECTION('ref_axis',(-0.707106781186547,0.707106781186548,0.));
#2511=DIRECTION('',(-1.,5.28677630773884E-17,0.));
#2512=DIRECTION('center_axis',(0.,0.,1.));
#2513=DIRECTION('ref_axis',(0.707106781186547,0.707106781186548,0.));
#2514=DIRECTION('',(-1.1842378929335E-16,1.,0.));
#2515=DIRECTION('center_axis',(0.,0.,1.));
#2516=DIRECTION('ref_axis',(0.707106781186547,-0.707106781186548,0.));
#2517=DIRECTION('',(1.,0.,0.));
#2518=DIRECTION('center_axis',(0.,0.,1.));
#2519=DIRECTION('ref_axis',(-0.707106781186547,-0.707106781186548,0.));
#2520=DIRECTION('',(-1.93082265152202E-16,-1.,0.));
#2521=DIRECTION('center_axis',(0.,0.,-1.));
#2522=DIRECTION('ref_axis',(0.,1.,0.));
#2523=DIRECTION('',(1.,-2.22044604925031E-16,0.));
#2524=DIRECTION('center_axis',(0.,0.,-1.));
#2525=DIRECTION('ref_axis',(-1.,2.22044604925031E-16,0.));
#2526=DIRECTION('',(1.93082265152201E-16,1.,0.));
#2527=DIRECTION('center_axis',(0.,0.,-1.));
#2528=DIRECTION('ref_axis',(0.,-1.,0.));
#2529=DIRECTION('',(-1.,-2.01858731750028E-16,0.));
#2530=DIRECTION('center_axis',(0.,0.,-1.));
#2531=DIRECTION('ref_axis',(1.,5.55111512312579E-15,0.));
#2532=DIRECTION('center_axis',(0.,0.,1.));
#2533=DIRECTION('ref_axis',(-1.,2.22044604925031E-16,0.));
#2534=DIRECTION('',(0.,0.,1.));
#2535=DIRECTION('',(0.,0.,1.));
#2536=DIRECTION('',(0.,0.,1.));
#2537=DIRECTION('',(0.,0.,1.));
#2538=DIRECTION('center_axis',(2.22044604925031E-16,1.,0.));
#2539=DIRECTION('ref_axis',(-1.,2.22044604925031E-16,0.));
#2540=DIRECTION('',(0.,0.,1.));
#2541=DIRECTION('',(-1.,2.22044604925031E-16,0.));
#2542=DIRECTION('',(0.,0.,1.));
#2543=DIRECTION('',(1.,-2.22044604925031E-16,0.));
#2544=DIRECTION('',(0.,0.,1.));
#2545=DIRECTION('',(-1.,0.,0.));
#2546=DIRECTION('',(1.,-2.22044604925031E-16,0.));
#2547=DIRECTION('',(0.,0.,-1.));
#2548=DIRECTION('',(-1.,2.22044604925031E-16,0.));
#2549=DIRECTION('center_axis',(0.,0.,1.));
#2550=DIRECTION('ref_axis',(0.,1.,0.));
#2551=DIRECTION('',(0.,0.,1.));
#2552=DIRECTION('',(0.,0.,1.));
#2553=DIRECTION('center_axis',(1.,-1.93082265152202E-16,0.));
#2554=DIRECTION('ref_axis',(1.93082265152202E-16,1.,0.));
#2555=DIRECTION('',(0.,0.,1.));
#2556=DIRECTION('',(-1.93082265152202E-16,-1.,0.));
#2557=DIRECTION('center_axis',(0.,0.,1.));
#2558=DIRECTION('ref_axis',(0.707106781186547,0.707106781186548,0.));
#2559=DIRECTION('',(0.,0.,1.));
#2560=DIRECTION('',(0.,0.,-1.));
#2561=DIRECTION('center_axis',(5.28677630773884E-17,1.,0.));
#2562=DIRECTION('ref_axis',(-1.,5.28677630773884E-17,0.));
#2563=DIRECTION('',(0.,0.,-1.));
#2564=DIRECTION('',(1.,0.,0.));
#2565=DIRECTION('center_axis',(0.,0.,1.));
#2566=DIRECTION('ref_axis',(-0.707106781186547,0.707106781186548,0.));
#2567=DIRECTION('',(0.,0.,1.));
#2568=DIRECTION('center_axis',(-1.,1.1842378929335E-16,0.));
#2569=DIRECTION('ref_axis',(-1.1842378929335E-16,-1.,0.));
#2570=DIRECTION('',(0.,0.,-1.));
#2571=DIRECTION('',(-1.1842378929335E-16,-1.,0.));
#2572=DIRECTION('center_axis',(-1.,0.,0.));
#2573=DIRECTION('ref_axis',(0.,-0.748329986599624,-0.663326639865916));
#2574=DIRECTION('',(-1.,0.,0.));
#2575=DIRECTION('',(-1.,0.,0.));
#2576=DIRECTION('center_axis',(0.,0.,1.));
#2577=DIRECTION('ref_axis',(1.,0.,0.));
#2578=DIRECTION('center_axis',(0.,0.,-1.));
#2579=DIRECTION('ref_axis',(-0.707106781186547,-0.707106781186548,0.));
#2580=DIRECTION('',(1.,0.,0.));
#2581=DIRECTION('center_axis',(0.,0.,-1.));
#2582=DIRECTION('ref_axis',(0.707106781186547,-0.707106781186548,0.));
#2583=DIRECTION('',(-1.1842378929335E-16,1.,0.));
#2584=DIRECTION('center_axis',(0.,0.,-1.));
#2585=DIRECTION('ref_axis',(1.,5.55111512312579E-15,0.));
#2586=DIRECTION('',(-1.,-2.01858731750028E-16,0.));
#2587=DIRECTION('center_axis',(0.,0.,-1.));
#2588=DIRECTION('ref_axis',(0.,-1.,0.));
#2589=DIRECTION('',(1.93082265152201E-16,1.,0.));
#2590=DIRECTION('center_axis',(0.,0.,1.));
#2591=DIRECTION('ref_axis',(1.,0.,0.));
#2592=DIRECTION('center_axis',(0.,0.,1.));
#2593=DIRECTION('ref_axis',(1.,0.,0.));
#2594=DIRECTION('center_axis',(0.,0.,-1.));
#2595=DIRECTION('ref_axis',(1.,0.,0.));
#2596=DIRECTION('center_axis',(0.,0.,1.));
#2597=DIRECTION('ref_axis',(1.,0.,0.));
#2598=DIRECTION('center_axis',(0.,0.,-1.));
#2599=DIRECTION('ref_axis',(1.,0.,0.));
#2600=DIRECTION('center_axis',(0.,0.,-1.));
#2601=DIRECTION('ref_axis',(1.,0.,0.));
#2602=DIRECTION('center_axis',(0.,0.,-1.));
#2603=DIRECTION('ref_axis',(1.,0.,0.));
#2604=DIRECTION('center_axis',(0.,0.,1.));
#2605=DIRECTION('ref_axis',(1.,0.,0.));
#2606=DIRECTION('center_axis',(0.,0.,1.));
#2607=DIRECTION('ref_axis',(1.,5.55111512312579E-15,0.));
#2608=DIRECTION('',(0.,0.,1.));
#2609=DIRECTION('center_axis',(2.01858731750028E-16,-1.,0.));
#2610=DIRECTION('ref_axis',(1.,2.01858731750028E-16,0.));
#2611=DIRECTION('',(0.,0.,1.));
#2612=DIRECTION('center_axis',(0.,0.,1.));
#2613=DIRECTION('ref_axis',(0.,-1.,0.));
#2614=DIRECTION('',(0.,0.,1.));
#2615=DIRECTION('center_axis',(-1.,1.93082265152201E-16,0.));
#2616=DIRECTION('ref_axis',(-1.93082265152201E-16,-1.,0.));
#2617=DIRECTION('center_axis',(1.,1.1842378929335E-16,0.));
#2618=DIRECTION('ref_axis',(-1.1842378929335E-16,1.,0.));
#2619=DIRECTION('',(0.,0.,1.));
#2620=DIRECTION('center_axis',(0.,0.,1.));
#2621=DIRECTION('ref_axis',(0.707106781186547,-0.707106781186548,0.));
#2622=DIRECTION('',(0.,0.,-1.));
#2623=DIRECTION('center_axis',(0.,0.,1.));
#2624=DIRECTION('ref_axis',(-0.707106781186547,-0.707106781186548,0.));
#2625=DIRECTION('',(0.,0.,1.));
#2626=DIRECTION('center_axis',(0.,-1.,0.));
#2627=DIRECTION('ref_axis',(1.,0.,0.));
#2628=DIRECTION('center_axis',(-1.,0.,0.));
#2629=DIRECTION('ref_axis',(0.,-0.245541521265398,0.969386074448501));
#2630=DIRECTION('',(1.,0.,0.));
#2631=DIRECTION('',(1.,0.,0.));
#2632=DIRECTION('',(-1.,0.,0.));
#2633=DIRECTION('',(1.,0.,0.));
#2634=DIRECTION('center_axis',(0.,0.,-1.));
#2635=DIRECTION('ref_axis',(1.,-8.81129384623142E-16,0.));
#2636=DIRECTION('center_axis',(0.,0.,1.));
#2637=DIRECTION('ref_axis',(1.,-8.81129384623142E-16,0.));
#2638=DIRECTION('',(0.,0.,-1.));
#2639=DIRECTION('center_axis',(0.,0.,-1.));
#2640=DIRECTION('ref_axis',(1.,-8.81129384623142E-16,0.));
#2641=DIRECTION('',(0.,0.,-1.));
#2642=DIRECTION('center_axis',(0.,0.,1.));
#2643=DIRECTION('ref_axis',(1.,0.,0.));
#2644=DIRECTION('',(0.,0.,1.));
#2645=DIRECTION('center_axis',(0.,0.,1.));
#2646=DIRECTION('ref_axis',(1.,0.,0.));
#2647=DIRECTION('',(0.,0.,1.));
#2648=DIRECTION('center_axis',(0.,0.,1.));
#2649=DIRECTION('ref_axis',(1.,0.,0.));
#2650=DIRECTION('center_axis',(0.,0.,1.));
#2651=DIRECTION('ref_axis',(-1.,0.,0.));
#2652=DIRECTION('',(0.,-1.,0.));
#2653=DIRECTION('center_axis',(0.,0.,1.));
#2654=DIRECTION('ref_axis',(-8.88178419700126E-16,-1.,0.));
#2655=DIRECTION('',(0.,1.,0.));
#2656=DIRECTION('',(1.,0.,0.));
#2657=DIRECTION('',(0.,1.,0.));
#2658=DIRECTION('center_axis',(0.,0.,1.));
#2659=DIRECTION('ref_axis',(-1.,0.,0.));
#2660=DIRECTION('',(0.,1.,0.));
#2661=DIRECTION('center_axis',(0.,0.,1.));
#2662=DIRECTION('ref_axis',(0.,1.,0.));
#2663=DIRECTION('center_axis',(0.,0.,1.));
#2664=DIRECTION('ref_axis',(-4.84621161542727E-16,1.,0.));
#2665=DIRECTION('',(-7.83686840911863E-15,-1.,0.));
#2666=DIRECTION('center_axis',(0.,0.,1.));
#2667=DIRECTION('ref_axis',(-1.,-2.60902410786909E-14,0.));
#2668=DIRECTION('',(1.,3.70074341541718E-16,0.));
#2669=DIRECTION('center_axis',(0.,0.,1.));
#2670=DIRECTION('ref_axis',(5.5511151231258E-16,-1.,0.));
#2671=DIRECTION('',(1.30614473485312E-15,1.,0.));
#2672=DIRECTION('center_axis',(0.,1.,0.));
#2673=DIRECTION('ref_axis',(-1.,0.,0.));
#2674=DIRECTION('',(0.,0.,1.));
#2675=DIRECTION('center_axis',(0.,1.,0.));
#2676=DIRECTION('ref_axis',(-1.,0.,8.88178419699756E-14));
#2677=DIRECTION('center_axis',(-1.,0.,0.));
#2678=DIRECTION('ref_axis',(0.,-0.235889894354068,0.971779788708135));
#2679=DIRECTION('',(1.,0.,0.));
#2680=DIRECTION('',(1.,0.,0.));
#2681=DIRECTION('',(-1.,0.,0.));
#2682=DIRECTION('',(1.,0.,0.));
#2683=DIRECTION('center_axis',(-1.,0.,0.));
#2684=DIRECTION('ref_axis',(0.,-0.635889894354069,-0.771779788708134));
#2685=DIRECTION('',(-1.,0.,0.));
#2686=DIRECTION('',(1.,0.,0.));
#2687=DIRECTION('',(-1.,0.,0.));
#2688=DIRECTION('',(-1.,0.,0.));
#2689=DIRECTION('center_axis',(0.,0.,1.));
#2690=DIRECTION('ref_axis',(-1.,0.,0.));
#2691=DIRECTION('',(0.,1.,0.));
#2692=DIRECTION('center_axis',(0.,0.,1.));
#2693=DIRECTION('ref_axis',(0.707106781186547,-0.707106781186547,0.));
#2694=DIRECTION('',(0.,1.,0.));
#2695=DIRECTION('',(1.,0.,0.));
#2696=DIRECTION('',(0.,1.,0.));
#2697=DIRECTION('center_axis',(0.,0.,1.));
#2698=DIRECTION('ref_axis',(-0.707106781186547,-0.707106781186547,0.));
#2699=DIRECTION('',(0.,-1.,0.));
#2700=DIRECTION('',(0.,-1.,0.));
#2701=DIRECTION('center_axis',(0.,0.,-1.));
#2702=DIRECTION('ref_axis',(-7.40148683083439E-16,-1.,0.));
#2703=DIRECTION('',(1.,0.,0.));
#2704=DIRECTION('center_axis',(0.,0.,1.));
#2705=DIRECTION('ref_axis',(-1.11022302462516E-15,-1.,0.));
#2706=DIRECTION('',(3.28954970259307E-15,1.,0.));
#2707=DIRECTION('center_axis',(0.,0.,1.));
#2708=DIRECTION('ref_axis',(1.,-2.20282346155785E-16,0.));
#2709=DIRECTION('center_axis',(0.,0.,-1.));
#2710=DIRECTION('ref_axis',(1.,-2.20282346155785E-16,0.));
#2711=DIRECTION('',(0.,0.,-1.));
#2712=DIRECTION('center_axis',(0.,0.,-1.));
#2713=DIRECTION('ref_axis',(1.,-2.20282346155785E-16,0.));
#2714=DIRECTION('',(0.,0.,-1.));
#2715=DIRECTION('center_axis',(0.,0.,1.));
#2716=DIRECTION('ref_axis',(0.707106781186548,0.707106781186548,0.));
#2717=DIRECTION('',(0.,0.,1.));
#2718=DIRECTION('',(0.,0.,-1.));
#2719=DIRECTION('center_axis',(0.,1.,0.));
#2720=DIRECTION('ref_axis',(-1.,0.,0.));
#2721=DIRECTION('',(0.,0.,-1.));
#2722=DIRECTION('center_axis',(0.,0.,-1.));
#2723=DIRECTION('ref_axis',(1.,0.,0.));
#2724=DIRECTION('',(-1.,0.,0.));
#2725=DIRECTION('',(0.,-1.,0.));
#2726=DIRECTION('',(1.,0.,0.));
#2727=DIRECTION('',(0.,-1.,0.));
#2728=DIRECTION('center_axis',(0.,-1.,0.));
#2729=DIRECTION('ref_axis',(0.,0.,-1.));
#2730=DIRECTION('center_axis',(0.,1.,0.));
#2731=DIRECTION('ref_axis',(0.,0.,-1.));
#2732=DIRECTION('center_axis',(0.,-1.,0.));
#2733=DIRECTION('ref_axis',(0.,0.,-1.));
#2734=DIRECTION('',(0.,-1.,0.));
#2735=DIRECTION('center_axis',(1.11022302462516E-14,0.,1.));
#2736=DIRECTION('ref_axis',(-1.,0.,1.11022302462516E-14));
#2737=DIRECTION('',(1.,0.,-1.11022302462516E-14));
#2738=DIRECTION('',(-1.,0.,1.11022302462516E-14));
#2739=DIRECTION('',(0.,-1.,0.));
#2740=DIRECTION('center_axis',(0.,-1.,0.));
#2741=DIRECTION('ref_axis',(0.,0.,1.));
#2742=DIRECTION('center_axis',(0.,1.,0.));
#2743=DIRECTION('ref_axis',(0.,0.,1.));
#2744=DIRECTION('center_axis',(0.,-1.,0.));
#2745=DIRECTION('ref_axis',(0.,0.,1.));
#2746=DIRECTION('center_axis',(-1.11022300808271E-14,0.,1.));
#2747=DIRECTION('ref_axis',(-1.,0.,-1.11022300808271E-14));
#2748=DIRECTION('',(1.,0.,1.11022300808271E-14));
#2749=DIRECTION('',(0.,-1.,0.));
#2750=DIRECTION('',(-1.,0.,-1.11022300808271E-14));
#2751=DIRECTION('',(0.,-1.,0.));
#2752=DIRECTION('center_axis',(0.,-1.,0.));
#2753=DIRECTION('ref_axis',(0.,0.,1.));
#2754=DIRECTION('center_axis',(0.,1.,0.));
#2755=DIRECTION('ref_axis',(0.,0.,1.));
#2756=DIRECTION('center_axis',(0.,-1.,0.));
#2757=DIRECTION('ref_axis',(0.,0.,1.));
#2758=DIRECTION('',(0.,-1.,0.));
#2759=DIRECTION('center_axis',(1.11022300808271E-14,0.,-1.));
#2760=DIRECTION('ref_axis',(1.,0.,1.11022300808271E-14));
#2761=DIRECTION('',(-1.,0.,-1.11022300808271E-14));
#2762=DIRECTION('',(1.,0.,1.11022300808271E-14));
#2763=DIRECTION('',(0.,-1.,0.));
#2764=DIRECTION('center_axis',(0.,-1.,0.));
#2765=DIRECTION('ref_axis',(-1.67802280007602E-12,0.,-1.));
#2766=DIRECTION('center_axis',(0.,1.,0.));
#2767=DIRECTION('ref_axis',(-1.67802280007602E-12,0.,-1.));
#2768=DIRECTION('center_axis',(0.,-1.,0.));
#2769=DIRECTION('ref_axis',(-1.67802280007602E-12,0.,-1.));
#2770=DIRECTION('center_axis',(0.,0.,1.));
#2771=DIRECTION('ref_axis',(-1.,0.,0.));
#2772=DIRECTION('',(1.,0.,0.));
#2773=DIRECTION('',(0.,-1.,0.));
#2774=DIRECTION('',(-1.,0.,0.));
#2775=DIRECTION('',(0.,-1.,0.));
#2776=DIRECTION('center_axis',(0.,-1.,0.));
#2777=DIRECTION('ref_axis',(0.,0.,1.));
#2778=DIRECTION('center_axis',(0.,1.,0.));
#2779=DIRECTION('ref_axis',(0.,0.,1.));
#2780=DIRECTION('center_axis',(0.,-1.,0.));
#2781=DIRECTION('ref_axis',(0.,0.,1.));
#2782=DIRECTION('',(0.,-1.,0.));
#2783=DIRECTION('center_axis',(0.,0.,-1.));
#2784=DIRECTION('ref_axis',(1.,0.,0.));
#2785=DIRECTION('',(-1.,0.,0.));
#2786=DIRECTION('',(0.,-1.,0.));
#2787=DIRECTION('',(1.,0.,0.));
#2788=DIRECTION('',(0.,-1.,0.));
#2789=DIRECTION('center_axis',(0.,-1.,0.));
#2790=DIRECTION('ref_axis',(0.,0.,-1.));
#2791=DIRECTION('center_axis',(0.,1.,0.));
#2792=DIRECTION('ref_axis',(0.,0.,-1.));
#2793=DIRECTION('center_axis',(0.,-1.,0.));
#2794=DIRECTION('ref_axis',(0.,0.,-1.));
#2795=DIRECTION('',(0.,-1.,0.));
#2796=DIRECTION('center_axis',(-2.1316282072803E-14,0.,1.));
#2797=DIRECTION('ref_axis',(-1.,0.,-2.1316282072803E-14));
#2798=DIRECTION('',(1.,0.,2.1316282072803E-14));
#2799=DIRECTION('',(-1.,0.,-2.1316282072803E-14));
#2800=DIRECTION('',(0.,1.,0.));
#2801=DIRECTION('center_axis',(0.,0.,1.));
#2802=DIRECTION('ref_axis',(-1.,0.,0.));
#2803=DIRECTION('',(1.,0.,0.));
#2804=DIRECTION('',(0.,-1.,0.));
#2805=DIRECTION('',(-1.,0.,0.));
#2806=DIRECTION('',(0.,-1.,0.));
#2807=DIRECTION('center_axis',(0.,-1.,0.));
#2808=DIRECTION('ref_axis',(0.,0.,1.));
#2809=DIRECTION('center_axis',(0.,1.,0.));
#2810=DIRECTION('ref_axis',(0.,0.,1.));
#2811=DIRECTION('center_axis',(0.,-1.,0.));
#2812=DIRECTION('ref_axis',(0.,0.,1.));
#2813=DIRECTION('',(0.,-1.,0.));
#2814=DIRECTION('center_axis',(0.,0.,-1.));
#2815=DIRECTION('ref_axis',(1.,0.,0.));
#2816=DIRECTION('',(-1.,0.,0.));
#2817=DIRECTION('',(1.,0.,0.));
#2818=DIRECTION('',(0.,1.,0.));
#2819=DIRECTION('center_axis',(0.,-1.,0.));
#2820=DIRECTION('ref_axis',(0.,0.,-1.));
#2821=DIRECTION('center_axis',(0.,1.,0.));
#2822=DIRECTION('ref_axis',(0.,0.,-1.));
#2823=DIRECTION('',(0.,-1.,0.));
#2824=DIRECTION('center_axis',(0.,-1.,0.));
#2825=DIRECTION('ref_axis',(0.,0.,-1.));
#2826=DIRECTION('',(0.,-1.,0.));
#2827=DIRECTION('center_axis',(0.,0.,1.));
#2828=DIRECTION('ref_axis',(-1.,0.,0.));
#2829=DIRECTION('',(1.,0.,0.));
#2830=DIRECTION('',(-1.,0.,0.));
#2831=DIRECTION('',(0.,1.,0.));
#2832=DIRECTION('center_axis',(-1.,0.,0.));
#2833=DIRECTION('ref_axis',(0.,0.,1.));
#2834=DIRECTION('',(0.,0.,1.));
#2835=DIRECTION('',(0.,1.,0.));
#2836=DIRECTION('',(0.,0.,1.));
#2837=DIRECTION('center_axis',(-1.,0.,0.));
#2838=DIRECTION('ref_axis',(0.,0.,1.));
#2839=DIRECTION('',(0.,0.,1.));
#2840=DIRECTION('',(0.,0.,1.));
#2841=DIRECTION('center_axis',(1.,0.,-1.58603289232165E-16));
#2842=DIRECTION('ref_axis',(-1.58603289232165E-16,0.,-1.));
#2843=DIRECTION('',(-1.58603289232165E-16,0.,-1.));
#2844=DIRECTION('',(-1.58603289232165E-16,0.,-1.));
#2845=DIRECTION('center_axis',(0.,-1.,0.));
#2846=DIRECTION('ref_axis',(1.,0.,0.));
#2847=DIRECTION('',(-1.,0.,0.));
#2848=DIRECTION('',(0.,0.,1.));
#2849=DIRECTION('',(1.58603289232165E-16,0.,1.));
#2850=DIRECTION('',(1.,0.,0.));
#2851=DIRECTION('center_axis',(0.,1.,0.));
#2852=DIRECTION('ref_axis',(0.,0.,1.));
#2853=DIRECTION('',(-1.,0.,0.));
#2854=DIRECTION('',(1.58603289232165E-16,0.,1.));
#2855=DIRECTION('',(1.,0.,0.));
#2856=DIRECTION('center_axis',(0.,1.,0.));
#2857=DIRECTION('ref_axis',(0.,0.,1.));
#2858=DIRECTION('',(1.,0.,0.));
#2859=DIRECTION('center_axis',(0.,1.,0.));
#2860=DIRECTION('ref_axis',(0.,0.,-1.));
#2861=DIRECTION('',(1.,0.,0.));
#2862=DIRECTION('',(0.,0.,1.));
#2863=DIRECTION('',(-1.,0.,0.));
#2864=DIRECTION('center_axis',(0.,1.,0.));
#2865=DIRECTION('ref_axis',(0.,0.,-1.));
#2866=DIRECTION('',(1.,0.,2.1316282072803E-14));
#2867=DIRECTION('',(0.,0.,1.));
#2868=DIRECTION('',(0.,0.,-1.));
#2869=DIRECTION('',(-1.,0.,0.));
#2870=DIRECTION('',(-1.58603289232165E-16,0.,-1.));
#2871=DIRECTION('',(1.,0.,0.));
#2872=DIRECTION('',(0.,0.,1.));
#2873=DIRECTION('center_axis',(0.,1.,0.));
#2874=DIRECTION('ref_axis',(-1.,0.,3.9474596431116E-15));
#2875=DIRECTION('',(0.,0.,1.));
#2876=DIRECTION('',(1.,0.,0.));
#2877=DIRECTION('',(1.,0.,0.));
#2878=DIRECTION('center_axis',(0.,1.,0.));
#2879=DIRECTION('ref_axis',(0.,0.,1.));
#2880=DIRECTION('',(-1.,0.,0.));
#2881=DIRECTION('center_axis',(0.,1.,0.));
#2882=DIRECTION('ref_axis',(0.,0.,-1.));
#2883=DIRECTION('',(1.,0.,0.));
#2884=DIRECTION('center_axis',(0.,1.,0.));
#2885=DIRECTION('ref_axis',(0.,0.,1.));
#2886=DIRECTION('',(-1.,0.,0.));
#2887=DIRECTION('center_axis',(0.,1.,0.));
#2888=DIRECTION('ref_axis',(0.,0.,-1.));
#2889=DIRECTION('center_axis',(0.,1.,0.));
#2890=DIRECTION('ref_axis',(0.,0.,1.));
#2891=DIRECTION('',(-1.58603289232165E-16,0.,-1.));
#2892=DIRECTION('',(1.,0.,0.));
#2893=DIRECTION('center_axis',(0.,0.,1.));
#2894=DIRECTION('ref_axis',(-1.,0.,0.));
#2895=DIRECTION('',(0.,-1.,0.));
#2896=DIRECTION('',(-1.,0.,0.));
#2897=DIRECTION('',(0.,-1.,0.));
#2898=DIRECTION('center_axis',(0.,-1.,0.));
#2899=DIRECTION('ref_axis',(0.,0.,1.));
#2900=DIRECTION('center_axis',(0.,-1.,0.));
#2901=DIRECTION('ref_axis',(0.,0.,1.));
#2902=DIRECTION('',(0.,-1.,0.));
#2903=DIRECTION('center_axis',(0.,0.,-1.));
#2904=DIRECTION('ref_axis',(1.,0.,0.));
#2905=DIRECTION('',(1.,0.,0.));
#2906=DIRECTION('',(0.,-1.,0.));
#2907=DIRECTION('center_axis',(0.,-1.,0.));
#2908=DIRECTION('ref_axis',(0.,0.,-1.));
#2909=DIRECTION('center_axis',(0.,-1.,0.));
#2910=DIRECTION('ref_axis',(0.,0.,-1.));
#2911=DIRECTION('center_axis',(0.,0.,1.));
#2912=DIRECTION('ref_axis',(-1.,0.,0.));
#2913=DIRECTION('',(0.,-1.,0.));
#2914=DIRECTION('',(-1.,0.,0.));
#2915=DIRECTION('',(0.,-1.,0.));
#2916=DIRECTION('center_axis',(0.,-1.,0.));
#2917=DIRECTION('ref_axis',(0.,0.,1.));
#2918=DIRECTION('center_axis',(0.,-1.,0.));
#2919=DIRECTION('ref_axis',(0.,0.,1.));
#2920=DIRECTION('',(0.,-1.,0.));
#2921=DIRECTION('center_axis',(0.,0.,-1.));
#2922=DIRECTION('ref_axis',(1.,0.,0.));
#2923=DIRECTION('',(1.,0.,0.));
#2924=DIRECTION('',(0.,-1.,0.));
#2925=DIRECTION('center_axis',(0.,-1.,0.));
#2926=DIRECTION('ref_axis',(0.,0.,-1.));
#2927=DIRECTION('center_axis',(0.,-1.,0.));
#2928=DIRECTION('ref_axis',(0.,0.,-1.));
#2929=DIRECTION('center_axis',(0.,-1.,0.));
#2930=DIRECTION('ref_axis',(0.,0.,-1.));
#2931=DIRECTION('',(0.,-1.,0.));
#2932=DIRECTION('center_axis',(0.,-1.,0.));
#2933=DIRECTION('ref_axis',(0.,0.,-1.));
#2934=DIRECTION('',(0.,-1.,0.));
#2935=DIRECTION('center_axis',(0.,0.,1.));
#2936=DIRECTION('ref_axis',(-1.,0.,0.));
#2937=DIRECTION('',(-1.,0.,0.));
#2938=DIRECTION('',(0.,1.,0.));
#2939=DIRECTION('center_axis',(0.,-1.,0.));
#2940=DIRECTION('ref_axis',(0.,0.,1.));
#2941=DIRECTION('',(0.,-1.,0.));
#2942=DIRECTION('center_axis',(0.,-1.,0.));
#2943=DIRECTION('ref_axis',(0.,0.,1.));
#2944=DIRECTION('',(0.,-1.,0.));
#2945=DIRECTION('center_axis',(0.,0.,-1.));
#2946=DIRECTION('ref_axis',(1.,0.,0.));
#2947=DIRECTION('',(1.,0.,0.));
#2948=DIRECTION('',(0.,1.,0.));
#2949=DIRECTION('center_axis',(0.,0.,1.));
#2950=DIRECTION('ref_axis',(-1.,0.,0.));
#2951=DIRECTION('',(0.,-1.,0.));
#2952=DIRECTION('',(-1.,0.,0.));
#2953=DIRECTION('center_axis',(0.,-1.,0.));
#2954=DIRECTION('ref_axis',(0.,0.,-1.));
#2955=DIRECTION('',(0.,-1.,0.));
#2956=DIRECTION('center_axis',(0.,-1.,0.));
#2957=DIRECTION('ref_axis',(0.,0.,-1.));
#2958=DIRECTION('',(0.,-1.,0.));
#2959=DIRECTION('center_axis',(-2.1316282072803E-14,0.,1.));
#2960=DIRECTION('ref_axis',(-1.,0.,-2.1316282072803E-14));
#2961=DIRECTION('',(-1.,0.,-2.1316282072803E-14));
#2962=DIRECTION('',(0.,1.,0.));
#2963=DIRECTION('center_axis',(0.,0.,-1.));
#2964=DIRECTION('ref_axis',(1.,0.,0.));
#2965=DIRECTION('',(0.,-1.,0.));
#2966=DIRECTION('',(1.,0.,0.));
#2967=DIRECTION('center_axis',(0.,-1.,0.));
#2968=DIRECTION('ref_axis',(0.,0.,1.));
#2969=DIRECTION('',(0.,-1.,0.));
#2970=DIRECTION('center_axis',(0.,-1.,0.));
#2971=DIRECTION('ref_axis',(0.,0.,1.));
#2972=DIRECTION('',(0.,1.,0.));
#2973=DIRECTION('center_axis',(0.,0.,1.));
#2974=DIRECTION('ref_axis',(-1.,0.,0.));
#2975=DIRECTION('',(0.,-1.,0.));
#2976=DIRECTION('',(-1.,0.,0.));
#2977=DIRECTION('center_axis',(1.,0.,0.));
#2978=DIRECTION('ref_axis',(0.,0.,-1.));
#2979=DIRECTION('',(0.,0.,-1.));
#2980=DIRECTION('center_axis',(0.,0.,-1.));
#2981=DIRECTION('ref_axis',(-1.,0.,0.));
#2982=DIRECTION('',(-1.,0.,0.));
#2983=DIRECTION('center_axis',(-1.,0.,1.58603289232165E-16));
#2984=DIRECTION('ref_axis',(1.58603289232165E-16,0.,1.));
#2985=DIRECTION('',(1.58603289232165E-16,0.,1.));
#2986=DIRECTION('center_axis',(0.,0.,1.));
#2987=DIRECTION('ref_axis',(-1.,2.22044604925031E-16,0.));
#2988=DIRECTION('',(0.,0.,-1.));
#2989=DIRECTION('',(0.,0.,1.));
#2990=DIRECTION('center_axis',(1.,0.,0.));
#2991=DIRECTION('ref_axis',(0.,1.,0.));
#2992=DIRECTION('',(0.,-1.,0.));
#2993=DIRECTION('',(0.,0.,1.));
#2994=DIRECTION('center_axis',(0.,0.,1.));
#2995=DIRECTION('ref_axis',(-7.40148683083439E-16,-1.,0.));
#2996=DIRECTION('center_axis',(0.,0.,1.));
#2997=DIRECTION('ref_axis',(-7.40148683083439E-16,-1.,0.));
#2998=DIRECTION('',(0.,0.,-1.));
#2999=DIRECTION('center_axis',(0.,0.,1.));
#3000=DIRECTION('ref_axis',(-1.,0.,0.));
#3001=DIRECTION('',(7.83686840911863E-15,1.,0.));
#3002=DIRECTION('center_axis',(0.,0.,-1.));
#3003=DIRECTION('ref_axis',(-4.84621161542727E-16,1.,0.));
#3004=DIRECTION('',(1.,2.7755575615626E-15,0.));
#3005=DIRECTION('',(-1.30614473485312E-15,-1.,0.));
#3006=DIRECTION('center_axis',(0.,0.,-1.));
#3007=DIRECTION('ref_axis',(5.5511151231258E-16,-1.,0.));
#3008=DIRECTION('',(-1.,-3.70074341541718E-16,0.));
#3009=DIRECTION('center_axis',(0.,0.,-1.));
#3010=DIRECTION('ref_axis',(-1.,-2.60902410786909E-14,0.));
#3011=DIRECTION('center_axis',(0.,0.,1.));
#3012=DIRECTION('ref_axis',(-1.,0.,0.));
#3013=DIRECTION('center_axis',(0.,0.,1.));
#3014=DIRECTION('ref_axis',(-8.88178419700126E-16,-1.,0.));
#3015=DIRECTION('center_axis',(5.84327907697446E-17,1.,5.84327907697446E-17));
#3016=DIRECTION('ref_axis',(-1.,5.84327907697446E-17,0.));
#3017=DIRECTION('center_axis',(2.60208521396521E-16,1.,0.));
#3018=DIRECTION('ref_axis',(-1.,0.,0.));
#3019=DIRECTION('',(0.,-1.,0.));
#3020=DIRECTION('',(0.,1.,0.));
#3021=DIRECTION('center_axis',(0.,1.,0.));
#3022=DIRECTION('ref_axis',(-1.,0.,0.));
#3023=DIRECTION('center_axis',(0.,0.,1.));
#3024=DIRECTION('ref_axis',(0.,1.,0.));
#3025=DIRECTION('center_axis',(0.,-1.,0.));
#3026=DIRECTION('ref_axis',(-1.,0.,0.));
#3027=DIRECTION('',(-1.,0.,0.));
#3028=DIRECTION('',(0.,0.,-1.));
#3029=DIRECTION('center_axis',(0.,0.,-1.));
#3030=DIRECTION('ref_axis',(-1.11022302462516E-15,-1.,0.));
#3031=DIRECTION('center_axis',(0.,0.,-1.));
#3032=DIRECTION('ref_axis',(-1.11022302462516E-15,-1.,0.));
#3033=DIRECTION('',(0.,0.,-1.));
#3034=DIRECTION('center_axis',(1.,-3.28954970259307E-15,0.));
#3035=DIRECTION('ref_axis',(-3.28954970259307E-15,-1.,0.));
#3036=DIRECTION('',(-3.28954970259307E-15,-1.,0.));
#3037=DIRECTION('center_axis',(2.05596856412066E-16,1.,0.));
#3038=DIRECTION('ref_axis',(1.,-2.05596856412066E-16,0.));
#3039=DIRECTION('center_axis',(-1.,7.83686840911863E-15,0.));
#3040=DIRECTION('ref_axis',(7.83686840911863E-15,1.,0.));
#3041=DIRECTION('',(0.,0.,-1.));
#3042=DIRECTION('',(0.,0.,-1.));
#3043=DIRECTION('center_axis',(0.,0.,-1.));
#3044=DIRECTION('ref_axis',(-1.,-2.60902410786909E-14,0.));
#3045=DIRECTION('',(0.,0.,-1.));
#3046=DIRECTION('center_axis',(3.70074341541718E-16,-1.,0.));
#3047=DIRECTION('ref_axis',(-1.,-3.70074341541718E-16,0.));
#3048=DIRECTION('',(0.,0.,-1.));
#3049=DIRECTION('center_axis',(0.,0.,-1.));
#3050=DIRECTION('ref_axis',(5.5511151231258E-16,-1.,0.));
#3051=DIRECTION('',(0.,0.,-1.));
#3052=DIRECTION('center_axis',(1.,-1.30614473485312E-15,0.));
#3053=DIRECTION('ref_axis',(-1.30614473485312E-15,-1.,0.));
#3054=DIRECTION('center_axis',(-2.7755575615626E-15,1.,0.));
#3055=DIRECTION('ref_axis',(1.,2.7755575615626E-15,0.));
#3056=DIRECTION('',(0.,0.,-1.));
#3057=DIRECTION('center_axis',(0.,0.,-1.));
#3058=DIRECTION('ref_axis',(-4.84621161542727E-16,1.,0.));
#3059=DIRECTION('center_axis',(-1.,0.,0.));
#3060=DIRECTION('ref_axis',(0.,-1.,0.));
#3061=DIRECTION('',(0.,0.,1.));
#3062=DIRECTION('',(0.,0.,1.));
#3063=DIRECTION('center_axis',(0.,0.,1.));
#3064=DIRECTION('ref_axis',(0.,1.,0.));
#3065=DIRECTION('center_axis',(1.,0.,0.));
#3066=DIRECTION('ref_axis',(0.,1.,0.));
#3067=DIRECTION('',(0.,0.,1.));
#3068=DIRECTION('center_axis',(0.,0.,1.));
#3069=DIRECTION('ref_axis',(-8.88178419700126E-16,-1.,0.));
#3070=DIRECTION('center_axis',(0.,0.,-1.));
#3071=DIRECTION('ref_axis',(-8.88178419700126E-16,-1.,0.));
#3072=DIRECTION('center_axis',(0.,0.,1.));
#3073=DIRECTION('ref_axis',(-1.,0.,0.));
#3074=DIRECTION('center_axis',(0.,0.,-1.));
#3075=DIRECTION('ref_axis',(-1.,0.,0.));
#3076=DIRECTION('center_axis',(0.,0.,1.));
#3077=DIRECTION('ref_axis',(1.,0.,0.));
#3078=DIRECTION('',(0.,1.,0.));
#3079=DIRECTION('center_axis',(1.,0.,-1.58603289232165E-16));
#3080=DIRECTION('ref_axis',(-1.58603289232165E-16,0.,-1.));
#3081=DIRECTION('center_axis',(0.,0.,1.));
#3082=DIRECTION('ref_axis',(1.,0.,0.));
#3083=DIRECTION('center_axis',(0.,0.,1.));
#3084=DIRECTION('ref_axis',(-0.707106781186548,0.707106781186548,0.));
#3085=DIRECTION('',(0.,0.,1.));
#3086=DIRECTION('center_axis',(0.,0.,1.));
#3087=DIRECTION('ref_axis',(1.,0.,0.));
#3088=DIRECTION('',(0.,-1.,0.));
#3089=DIRECTION('center_axis',(0.,0.,-1.));
#3090=DIRECTION('ref_axis',(-0.707106781186547,-0.707106781186547,0.));
#3091=DIRECTION('center_axis',(0.,0.,-1.));
#3092=DIRECTION('ref_axis',(0.707106781186547,-0.707106781186547,0.));
#3093=DIRECTION('',(0.,1.,0.));
#3094=DIRECTION('center_axis',(1.,0.,0.));
#3095=DIRECTION('ref_axis',(0.,1.,0.));
#3096=DIRECTION('',(0.,0.,1.));
#3097=DIRECTION('center_axis',(0.,0.,1.));
#3098=DIRECTION('ref_axis',(-0.707106781186547,-0.707106781186547,0.));
#3099=DIRECTION('',(0.,0.,-1.));
#3100=DIRECTION('center_axis',(-1.,0.,0.));
#3101=DIRECTION('ref_axis',(0.,-1.,0.));
#3102=DIRECTION('center_axis',(0.,0.,1.));
#3103=DIRECTION('ref_axis',(0.707106781186547,-0.707106781186547,0.));
#3104=DIRECTION('center_axis',(1.,0.,0.));
#3105=DIRECTION('ref_axis',(0.,0.,-1.));
#3106=DIRECTION('',(0.,0.,-1.));
#3107=DIRECTION('center_axis',(-1.,0.,1.58603289232165E-16));
#3108=DIRECTION('ref_axis',(1.58603289232165E-16,0.,1.));
#3109=DIRECTION('',(1.58603289232165E-16,0.,1.));
#3110=DIRECTION('center_axis',(0.,1.,0.));
#3111=DIRECTION('ref_axis',(0.,0.,1.));
#3112=DIRECTION('center_axis',(0.0250647284464152,0.999685830342667,0.));
#3113=DIRECTION('ref_axis',(-0.999685830342667,0.0250647284464152,0.));
#3114=DIRECTION('',(-0.999685830342667,0.0250647284464152,0.));
#3115=DIRECTION('',(0.,0.,1.));
#3116=DIRECTION('',(-0.999685830342667,0.0250647284464152,0.));
#3117=DIRECTION('',(0.,0.,1.));
#3118=DIRECTION('center_axis',(0.,0.,1.));
#3119=DIRECTION('ref_axis',(0.999949720534459,-0.0100277815621124,0.));
#3120=DIRECTION('center_axis',(0.,0.,1.));
#3121=DIRECTION('ref_axis',(0.999949720534459,-0.0100277815621124,0.));
#3122=DIRECTION('',(0.,0.,1.));
#3123=DIRECTION('center_axis',(0.,0.,-1.));
#3124=DIRECTION('ref_axis',(0.999949720534459,-0.0100277815621124,0.));
#3125=DIRECTION('center_axis',(-0.00225047265714688,0.999997467683203,0.));
#3126=DIRECTION('ref_axis',(-0.999997467683203,-0.00225047265714688,0.));
#3127=DIRECTION('',(-0.999997467683203,-0.00225047265714688,0.));
#3128=DIRECTION('',(0.,0.,1.));
#3129=DIRECTION('',(-0.999997467683203,-0.00225047265714688,0.));
#3130=DIRECTION('center_axis',(0.,0.,1.));
#3131=DIRECTION('ref_axis',(1.,1.11022302462516E-15,0.));
#3132=DIRECTION('center_axis',(0.,0.,-1.));
#3133=DIRECTION('ref_axis',(1.,1.11022302462516E-15,0.));
#3134=DIRECTION('center_axis',(0.,0.,-1.));
#3135=DIRECTION('ref_axis',(1.,1.11022302462516E-15,0.));
#3136=DIRECTION('center_axis',(0.,0.,-1.));
#3137=DIRECTION('ref_axis',(1.,0.,0.));
#3138=DIRECTION('center_axis',(0.,0.,1.));
#3139=DIRECTION('ref_axis',(1.,0.,0.));
#3140=CARTESIAN_POINT('',(0.,0.,0.));
#3141=CARTESIAN_POINT('Origin',(-1.33226762955019E-14,-2.1094237467878E-14,
4.));
#3142=CARTESIAN_POINT('',(-10.5,1.37499999999998,4.));
#3143=CARTESIAN_POINT('',(-10.5,-4.37500000000002,4.));
#3144=CARTESIAN_POINT('',(-10.5,4.68749999999998,4.));
#3145=CARTESIAN_POINT('',(-2.50000000000001,9.37499999999998,4.));
#3146=CARTESIAN_POINT('Origin',(-2.50000000000002,1.37499999999998,4.));
#3147=CARTESIAN_POINT('',(2.49999999999999,9.37499999999998,4.));
#3148=CARTESIAN_POINT('',(5.24999999999999,9.37499999999998,4.));
#3149=CARTESIAN_POINT('',(10.5,1.37499999999998,4.));
#3150=CARTESIAN_POINT('Origin',(2.49999999999999,1.37499999999998,4.));
#3151=CARTESIAN_POINT('',(10.5,-4.37500000000002,4.));
#3152=CARTESIAN_POINT('',(10.5,-4.68750000000002,4.));
#3153=CARTESIAN_POINT('',(5.49999999999998,-9.37500000000002,4.));
#3154=CARTESIAN_POINT('Origin',(5.49999999999999,-4.37500000000002,4.));
#3155=CARTESIAN_POINT('',(-5.50000000000002,-9.37500000000002,4.));
#3156=CARTESIAN_POINT('',(-5.25000000000002,-9.37500000000002,4.));
#3157=CARTESIAN_POINT('Origin',(-5.50000000000002,-4.37500000000002,4.));
#3158=CARTESIAN_POINT('',(7.49999999999998,1.37499999999998,4.));
#3159=CARTESIAN_POINT('',(7.49999999999998,-4.37500000000001,4.));
#3160=CARTESIAN_POINT('',(7.49999999999998,-2.18750000000002,4.));
#3161=CARTESIAN_POINT('',(2.49999999999999,6.37499999999998,4.));
#3162=CARTESIAN_POINT('Origin',(2.49999999999999,1.37499999999998,4.));
#3163=CARTESIAN_POINT('',(-2.50000000000002,6.37499999999998,4.));
#3164=CARTESIAN_POINT('',(1.24999999999999,6.37499999999998,4.));
#3165=CARTESIAN_POINT('',(-7.50000000000002,1.37499999999998,4.));
#3166=CARTESIAN_POINT('Origin',(-2.50000000000002,1.37499999999998,4.));
#3167=CARTESIAN_POINT('',(-7.50000000000002,-4.37500000000001,4.));
#3168=CARTESIAN_POINT('',(-7.50000000000002,0.687499999999982,4.));
#3169=CARTESIAN_POINT('',(-5.50000000000002,-6.37500000000002,4.));
#3170=CARTESIAN_POINT('Origin',(-5.50000000000002,-4.37500000000002,4.));
#3171=CARTESIAN_POINT('',(5.49999999999998,-6.37500000000002,4.));
#3172=CARTESIAN_POINT('',(-2.75000000000001,-6.37500000000002,4.));
#3173=CARTESIAN_POINT('Origin',(5.49999999999998,-4.37500000000002,4.));
#3174=CARTESIAN_POINT('Origin',(-2.50000000000002,1.37499999999998,0.));
#3175=CARTESIAN_POINT('',(-2.50000000000002,6.37499999999998,5.));
#3176=CARTESIAN_POINT('',(-2.50000000000002,6.37499999999998,0.));
#3177=CARTESIAN_POINT('',(-2.50000000000002,6.37499999999998,31.));
#3178=CARTESIAN_POINT('',(-2.50000000000002,6.37499999999998,0.));
#3179=CARTESIAN_POINT('',(-2.50000000000002,6.37499999999998,32.6391458674543));
#3180=CARTESIAN_POINT('',(-2.50000000000002,6.37499999999998,0.));
#3181=CARTESIAN_POINT('',(-7.50000000000002,1.37499999999998,36.));
#3182=CARTESIAN_POINT('Ctrl Pts',(-2.50000000000002,6.37499999999998,32.6391458674543));
#3183=CARTESIAN_POINT('Ctrl Pts',(-3.10778900555206,6.37499999999998,32.6391458674543));
#3184=CARTESIAN_POINT('Ctrl Pts',(-3.75492369475448,6.256780755642,32.6785738003231));
#3185=CARTESIAN_POINT('Ctrl Pts',(-4.93999890318545,5.78555732447845,32.8610727682491));
#3186=CARTESIAN_POINT('Ctrl Pts',(-5.47758551265928,5.43282553639505,33.007132789872));
#3187=CARTESIAN_POINT('Ctrl Pts',(-6.09456069808171,4.86061677336771,33.2897423887306));
#3188=CARTESIAN_POINT('Ctrl Pts',(-6.28861306204326,4.64976935082295,33.3998427530447));
#3189=CARTESIAN_POINT('Ctrl Pts',(-6.62914417804651,4.20834985945824,33.6505254637176));
#3190=CARTESIAN_POINT('Ctrl Pts',(-6.77583713642842,3.97807025210476,33.7913316344027));
#3191=CARTESIAN_POINT('Ctrl Pts',(-7.10255552885516,3.37775338636216,34.1857969060789));
#3192=CARTESIAN_POINT('Ctrl Pts',(-7.26430914414058,2.95010740672317,34.5014164668169));
#3193=CARTESIAN_POINT('Ctrl Pts',(-7.46144829042692,2.12575637345745,35.2091863279442));
#3194=CARTESIAN_POINT('Ctrl Pts',(-7.49888444530547,1.729662517811,35.6014757045508));
#3195=CARTESIAN_POINT('Ctrl Pts',(-7.49999138394569,1.38572312252081,35.9879150413403));
#3196=CARTESIAN_POINT('Ctrl Pts',(-7.50000000000002,1.38035912127252,35.993954123189));
#3197=CARTESIAN_POINT('Ctrl Pts',(-7.50000000000002,1.37499999999998,36.));
#3198=CARTESIAN_POINT('',(-7.50000000000002,1.37499999999998,0.));
#3199=CARTESIAN_POINT('Origin',(2.49999999999999,6.37499999999998,0.));
#3200=CARTESIAN_POINT('',(2.49999999999999,6.37499999999998,5.));
#3201=CARTESIAN_POINT('',(2.49999999999999,6.37499999999998,0.));
#3202=CARTESIAN_POINT('',(1.49999999999998,6.37499999999998,5.));
#3203=CARTESIAN_POINT('',(1.24999999999998,6.37499999999998,5.));
#3204=CARTESIAN_POINT('',(1.49999999999998,6.37499999999998,31.));
#3205=CARTESIAN_POINT('',(1.49999999999998,6.37499999999998,5.));
#3206=CARTESIAN_POINT('',(2.49999999999999,6.37499999999998,31.));
#3207=CARTESIAN_POINT('',(1.24999999999998,6.37499999999998,31.));
#3208=CARTESIAN_POINT('',(2.49999999999999,6.37499999999998,32.6391458674543));
#3209=CARTESIAN_POINT('',(2.49999999999999,6.37499999999998,0.));
#3210=CARTESIAN_POINT('',(10.5,6.37499999999998,32.6391458674543));
#3211=CARTESIAN_POINT('',(-1.50000000000002,6.37499999999998,31.));
#3212=CARTESIAN_POINT('',(1.24999999999998,6.37499999999998,31.));
#3213=CARTESIAN_POINT('',(-1.50000000000002,6.37499999999998,5.));
#3214=CARTESIAN_POINT('',(-1.50000000000002,6.37499999999998,5.));
#3215=CARTESIAN_POINT('',(1.24999999999998,6.37499999999998,5.));
#3216=CARTESIAN_POINT('Origin',(2.49999999999999,1.37499999999998,0.));
#3217=CARTESIAN_POINT('',(7.49999999999998,1.37499999999998,36.));
#3218=CARTESIAN_POINT('',(7.49999999999998,1.37499999999998,0.));
#3219=CARTESIAN_POINT('Ctrl Pts',(7.49999999999999,1.37499999999998,36.));
#3220=CARTESIAN_POINT('Ctrl Pts',(7.49999999999999,1.38035912127253,35.993954123189));
#3221=CARTESIAN_POINT('Ctrl Pts',(7.49999138394566,1.3857231225208,35.9879150413403));
#3222=CARTESIAN_POINT('Ctrl Pts',(7.49888444530544,1.729662517811,35.6014757045508));
#3223=CARTESIAN_POINT('Ctrl Pts',(7.46144829042689,2.12575637345746,35.2091863279442));
#3224=CARTESIAN_POINT('Ctrl Pts',(7.26430914414055,2.95010740672318,34.5014164668169));
#3225=CARTESIAN_POINT('Ctrl Pts',(7.10255552885513,3.37775338636216,34.1857969060789));
#3226=CARTESIAN_POINT('Ctrl Pts',(6.77583713642839,3.97807025210475,33.7913316344027));
#3227=CARTESIAN_POINT('Ctrl Pts',(6.62914417804648,4.20834985945824,33.6505254637176));
#3228=CARTESIAN_POINT('Ctrl Pts',(6.28861306204323,4.64976935082295,33.3998427530447));
#3229=CARTESIAN_POINT('Ctrl Pts',(6.09456069808168,4.86061677336771,33.2897423887306));
#3230=CARTESIAN_POINT('Ctrl Pts',(5.47758551265925,5.43282553639504,33.007132789872));
#3231=CARTESIAN_POINT('Ctrl Pts',(4.93999890318542,5.78555732447844,32.8610727682491));
#3232=CARTESIAN_POINT('Ctrl Pts',(3.75492369475445,6.256780755642,32.6785738003231));
#3233=CARTESIAN_POINT('Ctrl Pts',(3.10778900555202,6.37499999999998,32.6391458674543));
#3234=CARTESIAN_POINT('Ctrl Pts',(2.49999999999999,6.37499999999998,32.6391458674543));
#3235=CARTESIAN_POINT('',(2.49999999999999,6.37499999999998,0.));
#3236=CARTESIAN_POINT('Origin',(7.49999999999998,-4.37500000000001,0.));
#3237=CARTESIAN_POINT('',(7.49999999999998,-4.37500000000001,36.));
#3238=CARTESIAN_POINT('',(7.49999999999998,-4.37500000000001,0.));
#3239=CARTESIAN_POINT('',(7.49999999999998,-2.18750000000002,36.));
#3240=CARTESIAN_POINT('Origin',(2.49999999999999,1.37499999999998,0.));
#3241=CARTESIAN_POINT('',(2.49999999999999,9.37499999999998,32.));
#3242=CARTESIAN_POINT('',(2.49999999999999,9.37499999999998,0.));
#3243=CARTESIAN_POINT('',(10.5,1.37499999999998,36.));
#3244=CARTESIAN_POINT('Ctrl Pts',(2.49999999999999,9.37499999999998,32.));
#3245=CARTESIAN_POINT('Ctrl Pts',(3.43072259360833,9.37499999999998,32.));
#3246=CARTESIAN_POINT('Ctrl Pts',(4.42763641071125,9.20218746458974,32.0101158554246));
#3247=CARTESIAN_POINT('Ctrl Pts',(6.27797710017378,8.49592192972541,32.0994526332471));
#3248=CARTESIAN_POINT('Ctrl Pts',(7.1311245333489,7.96242116537509,32.1840039431434));
#3249=CARTESIAN_POINT('Ctrl Pts',(8.11262097585747,7.08949719657325,32.40956387352));
#3250=CARTESIAN_POINT('Ctrl Pts',(8.41349061796877,6.77968674377436,32.4996552765781));
#3251=CARTESIAN_POINT('Ctrl Pts',(8.9519801927976,6.12389053854756,32.725228288325));
#3252=CARTESIAN_POINT('Ctrl Pts',(9.18972411952063,5.77822341236887,32.8613396533492));
#3253=CARTESIAN_POINT('Ctrl Pts',(9.70143051571629,4.91531044414904,33.2472926178677));
#3254=CARTESIAN_POINT('Ctrl Pts',(9.96706737341387,4.31108428226286,33.5691336269542));
#3255=CARTESIAN_POINT('Ctrl Pts',(10.3279072875049,3.13612234741118,34.3481948227592));
#3256=CARTESIAN_POINT('Ctrl Pts',(10.4258026786973,2.56664550739116,34.8060637169664));
#3257=CARTESIAN_POINT('Ctrl Pts',(10.4903399283973,1.83748878251547,35.5003034438041));
#3258=CARTESIAN_POINT('Ctrl Pts',(10.5,1.60168918168855,35.74426127024));
#3259=CARTESIAN_POINT('Ctrl Pts',(10.5,1.37499999999998,36.));
#3260=CARTESIAN_POINT('',(10.5,1.37499999999998,0.));
#3261=CARTESIAN_POINT('Origin',(10.5,9.37499999999998,0.));
#3262=CARTESIAN_POINT('',(-2.50000000000002,9.37499999999998,32.));
#3263=CARTESIAN_POINT('',(-2.50000000000002,9.37499999999998,0.));
#3264=CARTESIAN_POINT('',(10.5,9.37499999999998,32.));
#3265=CARTESIAN_POINT('Origin',(-2.50000000000002,1.37499999999998,0.));
#3266=CARTESIAN_POINT('',(-10.5,1.37499999999998,36.));
#3267=CARTESIAN_POINT('',(-10.5,1.37499999999998,0.));
#3268=CARTESIAN_POINT('Ctrl Pts',(-10.5,1.37499999999998,36.));
#3269=CARTESIAN_POINT('Ctrl Pts',(-10.5,1.6016891764606,35.7442612761379));
#3270=CARTESIAN_POINT('Ctrl Pts',(-10.4903399290851,1.83748877474488,35.5003034512025));
#3271=CARTESIAN_POINT('Ctrl Pts',(-10.4258026786973,2.56664550739116,34.8060637169664));
#3272=CARTESIAN_POINT('Ctrl Pts',(-10.3279072875049,3.13612234741118,34.3481948227592));
#3273=CARTESIAN_POINT('Ctrl Pts',(-9.9670673734139,4.31108428226286,33.5691336269542));
#3274=CARTESIAN_POINT('Ctrl Pts',(-9.70143051571632,4.91531044414904,33.2472926178677));
#3275=CARTESIAN_POINT('Ctrl Pts',(-9.18972411952066,5.77822341236887,32.8613396533492));
#3276=CARTESIAN_POINT('Ctrl Pts',(-8.95198019279763,6.12389053854756,32.725228288325));
#3277=CARTESIAN_POINT('Ctrl Pts',(-8.4134906179688,6.77968674377435,32.4996552765781));
#3278=CARTESIAN_POINT('Ctrl Pts',(-8.1126209758575,7.08949719657325,32.40956387352));
#3279=CARTESIAN_POINT('Ctrl Pts',(-7.13112453334892,7.96242116537509,32.1840039431434));
#3280=CARTESIAN_POINT('Ctrl Pts',(-6.2779771001738,8.49592192972541,32.0994526332471));
#3281=CARTESIAN_POINT('Ctrl Pts',(-4.42763641071127,9.20218746458974,32.0101158554246));
#3282=CARTESIAN_POINT('Ctrl Pts',(-3.43072259360835,9.37499999999998,32.));
#3283=CARTESIAN_POINT('Ctrl Pts',(-2.50000000000001,9.37499999999998,32.));
#3284=CARTESIAN_POINT('Origin',(-10.5,9.37499999999998,0.));
#3285=CARTESIAN_POINT('',(-10.5,-4.37500000000002,36.));
#3286=CARTESIAN_POINT('',(-10.5,-4.37500000000002,0.));
#3287=CARTESIAN_POINT('',(-10.5,9.37499999999998,36.));
#3288=CARTESIAN_POINT('Origin',(10.5,10.3549598391955,43.959919678391));
#3289=CARTESIAN_POINT('',(10.5,1.37499999999998,36.));
#3290=CARTESIAN_POINT('',(10.5,1.37499999999998,36.));
#3291=CARTESIAN_POINT('Origin',(-1.55431223447522E-14,-1.99840144432528E-14,
36.));
#3292=CARTESIAN_POINT('',(-5.50000000000002,-9.37500000000002,36.));
#3293=CARTESIAN_POINT('Origin',(-5.50000000000002,-4.37500000000002,36.));
#3294=CARTESIAN_POINT('',(5.49999999999999,-9.37500000000002,36.));
#3295=CARTESIAN_POINT('',(-10.5,-9.37500000000002,36.));
#3296=CARTESIAN_POINT('',(10.5,-4.37500000000002,36.));
#3297=CARTESIAN_POINT('Origin',(5.49999999999999,-4.37500000000002,36.));
#3298=CARTESIAN_POINT('',(10.5,-9.37500000000002,36.));
#3299=CARTESIAN_POINT('',(5.49999999999998,-6.37500000000002,36.));
#3300=CARTESIAN_POINT('Origin',(5.49999999999998,-4.37500000000002,36.));
#3301=CARTESIAN_POINT('',(-5.50000000000002,-6.37500000000002,36.));
#3302=CARTESIAN_POINT('',(-2.75000000000002,-6.37500000000002,36.));
#3303=CARTESIAN_POINT('',(-7.50000000000002,-4.37500000000001,36.));
#3304=CARTESIAN_POINT('Origin',(-5.50000000000002,-4.37500000000002,36.));
#3305=CARTESIAN_POINT('',(-7.50000000000002,0.687499999999982,36.));
#3306=CARTESIAN_POINT('Origin',(-1.69309011255336E-14,6.37499999999998,
5.));
#3307=CARTESIAN_POINT('Origin',(-1.69309011255336E-14,6.37499999999998,
31.));
#3308=CARTESIAN_POINT('Origin',(-1.69309011255336E-14,6.37499999999998,
5.));
#3309=CARTESIAN_POINT('Origin',(-1.69309011255336E-14,6.37499999999998,
5.));
#3310=CARTESIAN_POINT('Origin',(-1.69309011255336E-14,6.37499999999998,
31.));
#3311=CARTESIAN_POINT('Origin',(-1.69309011255336E-14,6.37499999999998,
5.));
#3312=CARTESIAN_POINT('Origin',(-1.66533453693773E-14,5.12499999999998,
5.));
#3313=CARTESIAN_POINT('Origin',(-1.67921232474555E-14,5.12499999999998,
31.));
#3314=CARTESIAN_POINT('Origin',(5.49999999999998,-4.37500000000002,0.));
#3315=CARTESIAN_POINT('',(5.49999999999998,-6.37500000000002,0.));
#3316=CARTESIAN_POINT('Origin',(-5.50000000000002,-6.37500000000002,0.));
#3317=CARTESIAN_POINT('',(-5.50000000000002,-6.37500000000002,0.));
#3318=CARTESIAN_POINT('Origin',(-5.50000000000002,-4.37500000000002,0.));
#3319=CARTESIAN_POINT('',(-7.50000000000002,-4.37500000000001,0.));
#3320=CARTESIAN_POINT('Origin',(-7.50000000000002,1.37499999999998,0.));
#3321=CARTESIAN_POINT('Origin',(10.5,-9.37500000000002,0.));
#3322=CARTESIAN_POINT('',(10.5,-4.37500000000002,0.));
#3323=CARTESIAN_POINT('Origin',(5.49999999999999,-4.37500000000002,0.));
#3324=CARTESIAN_POINT('',(5.49999999999999,-9.37500000000002,0.));
#3325=CARTESIAN_POINT('Origin',(-5.50000000000002,-4.37500000000002,0.));
#3326=CARTESIAN_POINT('',(-5.50000000000002,-9.37500000000002,0.));
#3327=CARTESIAN_POINT('Origin',(-10.5,-9.37500000000002,0.));
#3328=CARTESIAN_POINT('Origin',(9.5,11.9108305296161,62.1122796733205));
#3329=CARTESIAN_POINT('',(0.200000000000009,3.62499999999999,80.3151644016948));
#3330=CARTESIAN_POINT('',(6.00932585940152,-0.237432963119015,78.0000011622906));
#3331=CARTESIAN_POINT('Ctrl Pts',(0.200000000000012,3.62499999999999,80.3151644016948));
#3332=CARTESIAN_POINT('Ctrl Pts',(1.00014803390528,3.62499999999999,80.3151644016948));
#3333=CARTESIAN_POINT('Ctrl Pts',(1.84690099878477,3.46234645220182,80.2436988952621));
#3334=CARTESIAN_POINT('Ctrl Pts',(3.38066901239212,2.82614863037842,79.9334415942598));
#3335=CARTESIAN_POINT('Ctrl Pts',(4.06723336470492,2.3532931085002,79.6910206047713));
#3336=CARTESIAN_POINT('Ctrl Pts',(4.8539578636016,1.58628908932877,79.2437527751434));
#3337=CARTESIAN_POINT('Ctrl Pts',(5.10549813336739,1.29550003449643,79.0664961615634));
#3338=CARTESIAN_POINT('Ctrl Pts',(5.53924724245044,0.689702224791277,78.6717777968352));
#3339=CARTESIAN_POINT('Ctrl Pts',(5.72185198429826,0.375098868150335,78.4541291327084));
#3340=CARTESIAN_POINT('Ctrl Pts',(5.91467394046718,-0.0205039082268459,
78.1640852644115));
#3341=CARTESIAN_POINT('Ctrl Pts',(5.96351497851102,-0.128254289887666,78.0834826917926));
#3342=CARTESIAN_POINT('Ctrl Pts',(6.00932585940152,-0.237432963119015,78.0000011622906));
#3343=CARTESIAN_POINT('',(-0.200000000000033,3.62499999999999,80.3151644016948));
#3344=CARTESIAN_POINT('',(9.5,3.62500000000002,80.3151644016948));
#3345=CARTESIAN_POINT('',(-6.00932585940155,-0.237432963119015,78.0000011622906));
#3346=CARTESIAN_POINT('Ctrl Pts',(-6.00932585940155,-0.237432963119015,
78.0000011622906));
#3347=CARTESIAN_POINT('Ctrl Pts',(-5.96351497854349,-0.128254289964986,
78.0834826917335));
#3348=CARTESIAN_POINT('Ctrl Pts',(-5.9146739405156,-0.0205039083261338,
78.1640852643387));
#3349=CARTESIAN_POINT('Ctrl Pts',(-5.72185198429829,0.375098868150334,78.4541291327084));
#3350=CARTESIAN_POINT('Ctrl Pts',(-5.53924724245046,0.689702224791277,78.6717777968352));
#3351=CARTESIAN_POINT('Ctrl Pts',(-5.10549813336741,1.29550003449643,79.0664961615634));
#3352=CARTESIAN_POINT('Ctrl Pts',(-4.85395786360162,1.58628908932877,79.2437527751434));
#3353=CARTESIAN_POINT('Ctrl Pts',(-4.06723336470494,2.3532931085002,79.6910206047713));
#3354=CARTESIAN_POINT('Ctrl Pts',(-3.38066901239214,2.82614863037841,79.9334415942598));
#3355=CARTESIAN_POINT('Ctrl Pts',(-1.84690099878479,3.46234645220181,80.2436988952621));
#3356=CARTESIAN_POINT('Ctrl Pts',(-1.0001480339053,3.62499999999999,80.3151644016948));
#3357=CARTESIAN_POINT('Ctrl Pts',(-0.20000000000003,3.62499999999999,80.3151644016948));
#3358=CARTESIAN_POINT('',(-9.17486863083309,-0.237432963119015,78.0000011622906));
#3359=CARTESIAN_POINT('',(9.5,-0.237434483183738,78.));
#3360=CARTESIAN_POINT('',(-0.20000000000003,6.62499999999999,81.401136446395));
#3361=CARTESIAN_POINT('Ctrl Pts',(-0.200000000000029,6.62499999999999,81.401136446395));
#3362=CARTESIAN_POINT('Ctrl Pts',(-1.32930144373993,6.62499999999999,81.401136446395));
#3363=CARTESIAN_POINT('Ctrl Pts',(-2.53360299279145,6.40578006005923,81.3452430580495));
#3364=CARTESIAN_POINT('Ctrl Pts',(-4.74499663022355,5.52556442543484,81.0712051103896));
#3365=CARTESIAN_POINT('Ctrl Pts',(-5.75146116343122,4.86480765724939,80.8472600616823));
#3366=CARTESIAN_POINT('Ctrl Pts',(-6.90302582642337,3.79025335804714,80.3930871044079));
#3367=CARTESIAN_POINT('Ctrl Pts',(-7.26152527459226,3.3989562601445,80.2163836557218));
#3368=CARTESIAN_POINT('Ctrl Pts',(-7.89211746829014,2.57756243782246,79.8069311735639));
#3369=CARTESIAN_POINT('Ctrl Pts',(-8.16453576675825,2.14797043446538,79.5736713891967));
#3370=CARTESIAN_POINT('Ctrl Pts',(-8.71900065094618,1.12297360707606,78.9690839029227));
#3371=CARTESIAN_POINT('Ctrl Pts',(-8.99174363018742,0.436814267397791,78.5155523079506));
#3372=CARTESIAN_POINT('Ctrl Pts',(-9.17486863083309,-0.237432963119012,
78.0000011622906));
#3373=CARTESIAN_POINT('',(0.200000000000012,6.62499999999999,81.401136446395));
#3374=CARTESIAN_POINT('',(9.5,6.62499999999999,81.401136446395));
#3375=CARTESIAN_POINT('',(9.17486863083306,-0.237432963119015,78.0000011622906));
#3376=CARTESIAN_POINT('Ctrl Pts',(9.17486863083306,-0.237432963119015,78.0000011622906));
#3377=CARTESIAN_POINT('Ctrl Pts',(8.9917436301874,0.436814267397779,78.5155523079505));
#3378=CARTESIAN_POINT('Ctrl Pts',(8.71900065094615,1.12297360707607,78.9690839029227));
#3379=CARTESIAN_POINT('Ctrl Pts',(8.16453576675822,2.14797043446538,79.5736713891967));
#3380=CARTESIAN_POINT('Ctrl Pts',(7.89211746829011,2.57756243782246,79.8069311735639));
#3381=CARTESIAN_POINT('Ctrl Pts',(7.26152527459224,3.3989562601445,80.2163836557218));
#3382=CARTESIAN_POINT('Ctrl Pts',(6.90302582642334,3.79025335804714,80.3930871044079));
#3383=CARTESIAN_POINT('Ctrl Pts',(5.75146116343119,4.8648076572494,80.8472600616823));
#3384=CARTESIAN_POINT('Ctrl Pts',(4.74499663022353,5.52556442543484,81.0712051103896));
#3385=CARTESIAN_POINT('Ctrl Pts',(2.53360299279142,6.40578006005923,81.3452430580495));
#3386=CARTESIAN_POINT('Ctrl Pts',(1.32930144373991,6.62499999999999,81.401136446395));
#3387=CARTESIAN_POINT('Ctrl Pts',(0.200000000000013,6.62499999999999,81.401136446395));
#3388=CARTESIAN_POINT('',(9.5,-0.237434483183738,78.));
#3389=CARTESIAN_POINT('Origin',(0.200000000000012,-2.675,89.));
#3390=CARTESIAN_POINT('',(6.5,-2.675,78.));
#3391=CARTESIAN_POINT('Origin',(0.200000000000012,-2.675,78.));
#3392=CARTESIAN_POINT('',(6.5,-2.675,89.));
#3393=CARTESIAN_POINT('',(6.5,-2.675,89.));
#3394=CARTESIAN_POINT('',(0.200000000000009,3.62499999999999,89.));
#3395=CARTESIAN_POINT('Origin',(0.200000000000012,-2.675,89.));
#3396=CARTESIAN_POINT('',(0.200000000000009,3.62499999999999,89.));
#3397=CARTESIAN_POINT('Origin',(0.200000000000012,-2.675,78.));
#3398=CARTESIAN_POINT('',(0.200000000000012,6.62499999999999,89.));
#3399=CARTESIAN_POINT('',(0.200000000000013,6.62499999999999,78.));
#3400=CARTESIAN_POINT('',(9.5,-2.675,89.));
#3401=CARTESIAN_POINT('Origin',(0.200000000000012,-2.675,89.));
#3402=CARTESIAN_POINT('',(9.5,-2.675,78.));
#3403=CARTESIAN_POINT('',(9.5,-2.675,78.));
#3404=CARTESIAN_POINT('Origin',(0.200000000000012,-2.675,78.));
#3405=CARTESIAN_POINT('Origin',(-1.66533453693773E-14,-1.37500000000001,
78.));
#3406=CARTESIAN_POINT('',(9.5,-4.37500000000002,78.));
#3407=CARTESIAN_POINT('',(9.5,-2.675,78.));
#3408=CARTESIAN_POINT('',(5.49999999999999,-9.27397948556637,78.));
#3409=CARTESIAN_POINT('Origin',(4.5,-4.37500000000001,78.));
#3410=CARTESIAN_POINT('',(5.49999999999999,-7.12500000000001,78.));
#3411=CARTESIAN_POINT('',(5.49999999999999,-9.37500000000001,78.));
#3412=CARTESIAN_POINT('',(-5.50000000000001,-7.12500000000001,78.));
#3413=CARTESIAN_POINT('',(-5.50000000000001,-7.12500000000001,78.));
#3414=CARTESIAN_POINT('',(-5.50000000000001,-9.27397948556637,78.));
#3415=CARTESIAN_POINT('',(-5.50000000000001,-9.37500000000001,78.));
#3416=CARTESIAN_POINT('',(-9.50000000000003,-4.375,78.));
#3417=CARTESIAN_POINT('Origin',(-4.50000000000002,-4.375,78.));
#3418=CARTESIAN_POINT('',(-9.50000000000003,-2.67500000000001,78.));
#3419=CARTESIAN_POINT('',(-9.50000000000003,-4.375,78.));
#3420=CARTESIAN_POINT('Origin',(-0.20000000000003,-2.67500000000001,78.));
#3421=CARTESIAN_POINT('',(-6.50000000000003,-2.67500000000003,78.));
#3422=CARTESIAN_POINT('Origin',(-0.20000000000003,-2.67500000000001,78.));
#3423=CARTESIAN_POINT('',(-6.50000000000004,-4.37500000000006,78.));
#3424=CARTESIAN_POINT('',(-6.50000000000003,-2.87500000000001,78.));
#3425=CARTESIAN_POINT('',(-4.50000000000002,-6.37500000000001,78.));
#3426=CARTESIAN_POINT('Origin',(-4.50000000000002,-4.375,78.));
#3427=CARTESIAN_POINT('',(4.5,-6.37500000000001,78.));
#3428=CARTESIAN_POINT('',(2.24999999999999,-6.37500000000001,78.));
#3429=CARTESIAN_POINT('',(6.5,-4.37500000000001,78.));
#3430=CARTESIAN_POINT('Origin',(4.5,-4.37500000000001,78.));
#3431=CARTESIAN_POINT('',(6.5,-2.02500000000001,78.));
#3432=CARTESIAN_POINT('Origin',(0.200000000000012,6.62499999999999,78.));
#3433=CARTESIAN_POINT('',(-0.20000000000003,6.62499999999999,89.));
#3434=CARTESIAN_POINT('',(-0.20000000000003,6.62499999999999,78.));
#3435=CARTESIAN_POINT('Origin',(5.30009029578597E-14,6.62499999999999,89.));
#3436=CARTESIAN_POINT('Origin',(9.99999999999999,12.3427978870813,27.5644042258373));
#3437=CARTESIAN_POINT('',(2.70000000000005,4.62499999999999,46.0153011084867));
#3438=CARTESIAN_POINT('',(8.86441400296903,-0.375000000000001,43.));
#3439=CARTESIAN_POINT('Ctrl Pts',(2.70000000000005,4.62499999999999,46.0153011084867));
#3440=CARTESIAN_POINT('Ctrl Pts',(3.51330533701943,4.62499999999999,46.0153011084867));
#3441=CARTESIAN_POINT('Ctrl Pts',(4.37383279346083,4.45708397658929,45.9477030672108));
#3442=CARTESIAN_POINT('Ctrl Pts',(5.9306982950011,3.79918910318806,45.651330991169));
#3443=CARTESIAN_POINT('Ctrl Pts',(6.62655079784082,3.30976608464365,45.4187849764868));
#3444=CARTESIAN_POINT('Ctrl Pts',(7.41918813040162,2.51448907526551,44.9853856293114));
#3445=CARTESIAN_POINT('Ctrl Pts',(7.67092637864029,2.21403449554436,44.8138386452263));
#3446=CARTESIAN_POINT('Ctrl Pts',(8.10274455851664,1.58767518030155,44.4304106131056));
#3447=CARTESIAN_POINT('Ctrl Pts',(8.28320995185271,1.26216683278722,44.2183163720948));
#3448=CARTESIAN_POINT('Ctrl Pts',(8.61778312099794,0.536262500527212,43.7159945175247));
#3449=CARTESIAN_POINT('Ctrl Pts',(8.76860717482532,0.0793022715300856,43.3743117242441));
#3450=CARTESIAN_POINT('Ctrl Pts',(8.86441400296903,-0.375,43.));
#3451=CARTESIAN_POINT('',(-2.00000000000001,4.62499999999999,46.0153011084867));
#3452=CARTESIAN_POINT('',(9.99999999999999,4.62499999999998,46.0153011084867));
#3453=CARTESIAN_POINT('',(-7.00000000000001,-0.375000000000011,43.));
#3454=CARTESIAN_POINT('Ctrl Pts',(-7.00000000000001,-0.375000000000015,
43.));
#3455=CARTESIAN_POINT('Ctrl Pts',(-7.00000000000001,0.210009552807665,43.4820049296104));
#3456=CARTESIAN_POINT('Ctrl Pts',(-6.89083172622059,0.87280657945846,43.9661828689392));
#3457=CARTESIAN_POINT('Ctrl Pts',(-6.36924092344638,2.15225031056308,44.7903084533798));
#3458=CARTESIAN_POINT('Ctrl Pts',(-5.95463589173336,2.7670759554185,45.1316988757444));
#3459=CARTESIAN_POINT('Ctrl Pts',(-5.01108258207307,3.65901568356906,45.5864468637105));
#3460=CARTESIAN_POINT('Ctrl Pts',(-4.4703208281789,4.01976338372097,45.7522259341011));
#3461=CARTESIAN_POINT('Ctrl Pts',(-3.2735538677202,4.50296017850279,45.9656732668747));
#3462=CARTESIAN_POINT('Ctrl Pts',(-2.61773375811293,4.62499999999999,46.0153011084867));
#3463=CARTESIAN_POINT('Ctrl Pts',(-2.00000000000001,4.62499999999999,46.0153011084867));
#3464=CARTESIAN_POINT('',(-10.,-0.375000000000011,43.));
#3465=CARTESIAN_POINT('',(9.99999999999999,-0.375000000000001,43.));
#3466=CARTESIAN_POINT('',(-2.00000000000001,7.62499999999999,47.));
#3467=CARTESIAN_POINT('Ctrl Pts',(-2.00000000000001,7.62499999999999,47.));
#3468=CARTESIAN_POINT('Ctrl Pts',(-3.03367617953449,7.62499999999999,47.));
#3469=CARTESIAN_POINT('Ctrl Pts',(-4.13187988192747,7.41181812579819,46.9520312812806));
#3470=CARTESIAN_POINT('Ctrl Pts',(-6.13063101290492,6.56166506576163,46.7157268708959));
#3471=CARTESIAN_POINT('Ctrl Pts',(-7.03058904892732,5.92479643262827,46.5220672874347));
#3472=CARTESIAN_POINT('Ctrl Pts',(-8.0455843084493,4.88421129927882,46.1248954328729));
#3473=CARTESIAN_POINT('Ctrl Pts',(-8.35989772823257,4.50203114219052,45.9686365807746));
#3474=CARTESIAN_POINT('Ctrl Pts',(-8.90092839434711,3.70064949249699,45.6062074372666));
#3475=CARTESIAN_POINT('Ctrl Pts',(-9.12797057222586,3.28187479869621,45.3995788318552));
#3476=CARTESIAN_POINT('Ctrl Pts',(-9.61899205612297,2.1850901207288,44.8116573216803));
#3477=CARTESIAN_POINT('Ctrl Pts',(-9.83678601198219,1.4035037383715,44.3333067087378));
#3478=CARTESIAN_POINT('Ctrl Pts',(-9.97931078730855,0.299526571407829,43.5376791313492));
#3479=CARTESIAN_POINT('Ctrl Pts',(-10.,-0.0447306180578608,43.2721177277046));
#3480=CARTESIAN_POINT('Ctrl Pts',(-10.,-0.375000000000009,43.));
#3481=CARTESIAN_POINT('',(1.99999999999999,7.62499999999999,47.));
#3482=CARTESIAN_POINT('',(9.99999999999999,7.62499999999999,47.));
#3483=CARTESIAN_POINT('',(9.99999999999999,-0.375000000000011,43.));
#3484=CARTESIAN_POINT('Ctrl Pts',(9.99999999999999,-0.375000000000009,43.));
#3485=CARTESIAN_POINT('Ctrl Pts',(9.99999999999999,-0.0447306180578608,
43.2721177277046));
#3486=CARTESIAN_POINT('Ctrl Pts',(9.97931078730852,0.299526571407829,43.5376791313492));
#3487=CARTESIAN_POINT('Ctrl Pts',(9.83678601198217,1.4035037383715,44.3333067087378));
#3488=CARTESIAN_POINT('Ctrl Pts',(9.61899205612294,2.1850901207288,44.8116573216803));
#3489=CARTESIAN_POINT('Ctrl Pts',(9.12797057222584,3.28187479869621,45.3995788318552));
#3490=CARTESIAN_POINT('Ctrl Pts',(8.90092839434709,3.70064949249699,45.6062074372666));
#3491=CARTESIAN_POINT('Ctrl Pts',(8.35989772823254,4.50203114219052,45.9686365807746));
#3492=CARTESIAN_POINT('Ctrl Pts',(8.04558430844927,4.88421129927882,46.1248954328729));
#3493=CARTESIAN_POINT('Ctrl Pts',(7.0305890489273,5.92479643262828,46.5220672874347));
#3494=CARTESIAN_POINT('Ctrl Pts',(6.13063101290489,6.56166506576163,46.7157268708959));
#3495=CARTESIAN_POINT('Ctrl Pts',(4.13187988192745,7.41181812579818,46.9520312812806));
#3496=CARTESIAN_POINT('Ctrl Pts',(3.03367617953447,7.62499999999999,47.));
#3497=CARTESIAN_POINT('Ctrl Pts',(1.99999999999999,7.62499999999999,47.));
#3498=CARTESIAN_POINT('',(9.99999999999999,-0.375000000000001,43.));
#3499=CARTESIAN_POINT('Origin',(9.99999999999999,12.3427978870814,86.4355957741627));
#3500=CARTESIAN_POINT('',(8.86441400296903,-0.375000000000014,71.));
#3501=CARTESIAN_POINT('',(2.70000000000005,4.62499999999999,67.9846988915133));
#3502=CARTESIAN_POINT('Ctrl Pts',(8.86441400296904,-0.375000000000017,71.));
#3503=CARTESIAN_POINT('Ctrl Pts',(8.76860717482533,0.0793022715300695,70.6256882757559));
#3504=CARTESIAN_POINT('Ctrl Pts',(8.61778312099794,0.536262500527211,70.2840054824753));
#3505=CARTESIAN_POINT('Ctrl Pts',(8.28320995185271,1.26216683278722,69.7816836279052));
#3506=CARTESIAN_POINT('Ctrl Pts',(8.10274455851664,1.58767518030155,69.5695893868944));
#3507=CARTESIAN_POINT('Ctrl Pts',(7.67092637864028,2.21403449554437,69.1861613547738));
#3508=CARTESIAN_POINT('Ctrl Pts',(7.41918813040162,2.51448907526551,69.0146143706886));
#3509=CARTESIAN_POINT('Ctrl Pts',(6.62655079784082,3.30976608464365,68.5812150235132));
#3510=CARTESIAN_POINT('Ctrl Pts',(5.93069829500109,3.79918910318806,68.348669008831));
#3511=CARTESIAN_POINT('Ctrl Pts',(4.37383279346082,4.45708397658929,68.0522969327892));
#3512=CARTESIAN_POINT('Ctrl Pts',(3.51330533701942,4.62499999999999,67.9846988915133));
#3513=CARTESIAN_POINT('Ctrl Pts',(2.70000000000005,4.62499999999999,67.9846988915133));
#3514=CARTESIAN_POINT('',(9.99999999999999,-0.375000000000011,71.));
#3515=CARTESIAN_POINT('',(9.99999999999999,-0.375000000000014,71.));
#3516=CARTESIAN_POINT('',(1.99999999999999,7.62499999999999,67.));
#3517=CARTESIAN_POINT('Ctrl Pts',(1.99999999999999,7.62499999999999,67.));
#3518=CARTESIAN_POINT('Ctrl Pts',(3.03367617953447,7.62499999999999,67.));
#3519=CARTESIAN_POINT('Ctrl Pts',(4.13187988192745,7.41181812579818,67.0479687187194));
#3520=CARTESIAN_POINT('Ctrl Pts',(6.13063101290489,6.56166506576163,67.2842731291041));
#3521=CARTESIAN_POINT('Ctrl Pts',(7.0305890489273,5.92479643262828,67.4779327125653));
#3522=CARTESIAN_POINT('Ctrl Pts',(8.04558430844927,4.88421129927882,67.8751045671271));
#3523=CARTESIAN_POINT('Ctrl Pts',(8.35989772823254,4.50203114219052,68.0313634192254));
#3524=CARTESIAN_POINT('Ctrl Pts',(8.90092839434709,3.70064949249699,68.3937925627334));
#3525=CARTESIAN_POINT('Ctrl Pts',(9.12797057222584,3.28187479869621,68.6004211681448));
#3526=CARTESIAN_POINT('Ctrl Pts',(9.61899205612294,2.1850901207288,69.1883426783197));
#3527=CARTESIAN_POINT('Ctrl Pts',(9.83678601198217,1.40350373837149,69.6666932912622));
#3528=CARTESIAN_POINT('Ctrl Pts',(9.97931078730852,0.299526571407823,70.4623208686508));
#3529=CARTESIAN_POINT('Ctrl Pts',(9.99999999999999,-0.044730618057862,70.7278822722954));
#3530=CARTESIAN_POINT('Ctrl Pts',(9.99999999999999,-0.375000000000012,71.));
#3531=CARTESIAN_POINT('',(-2.00000000000001,7.62499999999999,67.));
#3532=CARTESIAN_POINT('',(9.99999999999999,7.62499999999999,67.));
#3533=CARTESIAN_POINT('',(-10.,-0.375000000000011,71.));
#3534=CARTESIAN_POINT('Ctrl Pts',(-10.,-0.37500000000001,71.));
#3535=CARTESIAN_POINT('Ctrl Pts',(-10.,-0.0447306180578601,70.7278822722954));
#3536=CARTESIAN_POINT('Ctrl Pts',(-9.97931078730855,0.299526571407821,70.4623208686508));
#3537=CARTESIAN_POINT('Ctrl Pts',(-9.8367860119822,1.40350373837149,69.6666932912622));
#3538=CARTESIAN_POINT('Ctrl Pts',(-9.61899205612297,2.1850901207288,69.1883426783197));
#3539=CARTESIAN_POINT('Ctrl Pts',(-9.12797057222587,3.28187479869621,68.6004211681448));
#3540=CARTESIAN_POINT('Ctrl Pts',(-8.90092839434712,3.70064949249699,68.3937925627334));
#3541=CARTESIAN_POINT('Ctrl Pts',(-8.35989772823257,4.50203114219051,68.0313634192254));
#3542=CARTESIAN_POINT('Ctrl Pts',(-8.0455843084493,4.88421129927882,67.8751045671271));
#3543=CARTESIAN_POINT('Ctrl Pts',(-7.03058904892732,5.92479643262828,67.4779327125653));
#3544=CARTESIAN_POINT('Ctrl Pts',(-6.13063101290492,6.56166506576163,67.2842731291041));
#3545=CARTESIAN_POINT('Ctrl Pts',(-4.13187988192748,7.41181812579818,67.0479687187194));
#3546=CARTESIAN_POINT('Ctrl Pts',(-3.0336761795345,7.62499999999999,67.));
#3547=CARTESIAN_POINT('Ctrl Pts',(-2.00000000000001,7.62499999999999,67.));
#3548=CARTESIAN_POINT('',(-7.00000000000001,-0.375000000000011,71.));
#3549=CARTESIAN_POINT('',(9.99999999999999,-0.375000000000014,71.));
#3550=CARTESIAN_POINT('',(-2.00000000000001,4.62499999999999,67.9846988915133));
#3551=CARTESIAN_POINT('Ctrl Pts',(-2.00000000000001,4.62499999999999,67.9846988915133));
#3552=CARTESIAN_POINT('Ctrl Pts',(-2.64283185746109,4.62499999999999,67.9846988915133));
#3553=CARTESIAN_POINT('Ctrl Pts',(-3.32318613105295,4.49291465328058,68.0383157441399));
#3554=CARTESIAN_POINT('Ctrl Pts',(-4.55619528574753,3.9739394642045,68.2685158470629));
#3555=CARTESIAN_POINT('Ctrl Pts',(-5.10859689766021,3.58747091420526,68.447399444737));
#3556=CARTESIAN_POINT('Ctrl Pts',(-6.02223764572855,2.67383016613693,68.9195685361025));
#3557=CARTESIAN_POINT('Ctrl Pts',(-6.41025404068411,2.07348201165173,69.2574199749217));
#3558=CARTESIAN_POINT('Ctrl Pts',(-6.89804821191359,0.831036995590009,70.0640369265617));
#3559=CARTESIAN_POINT('Ctrl Pts',(-7.00000000000001,0.190576913319693,70.5340061388988));
#3560=CARTESIAN_POINT('Ctrl Pts',(-7.00000000000001,-0.375000000000013,
71.));
#3561=CARTESIAN_POINT('',(9.99999999999999,4.62499999999998,67.9846988915133));
#3562=CARTESIAN_POINT('Origin',(-1.33226762955019E-14,-0.875000000000011,
43.));
#3563=CARTESIAN_POINT('',(9.99999999999999,-4.87500000000001,43.));
#3564=CARTESIAN_POINT('',(9.99999999999999,-9.37500000000001,43.));
#3565=CARTESIAN_POINT('',(5.49999999999999,-9.37500000000001,43.));
#3566=CARTESIAN_POINT('Origin',(5.49999999999999,-4.87500000000001,43.));
#3567=CARTESIAN_POINT('',(5.49999999999999,-7.12500000000001,43.));
#3568=CARTESIAN_POINT('',(5.49999999999999,-9.37500000000001,43.));
#3569=CARTESIAN_POINT('',(-5.50000000000002,-7.12500000000001,43.));
#3570=CARTESIAN_POINT('',(-5.50000000000002,-7.12500000000001,43.));
#3571=CARTESIAN_POINT('',(-5.50000000000002,-9.37500000000001,43.));
#3572=CARTESIAN_POINT('',(-5.50000000000002,-9.37500000000001,43.));
#3573=CARTESIAN_POINT('',(-10.,-4.87500000000001,43.));
#3574=CARTESIAN_POINT('Origin',(-5.50000000000001,-4.87500000000001,43.));
#3575=CARTESIAN_POINT('',(-10.,7.62499999999999,43.));
#3576=CARTESIAN_POINT('',(-7.00000000000001,-4.87500000000002,43.));
#3577=CARTESIAN_POINT('',(-7.00000000000001,-0.375000000000011,43.));
#3578=CARTESIAN_POINT('',(-5.50000000000001,-6.37500000000001,43.));
#3579=CARTESIAN_POINT('Origin',(-5.50000000000001,-4.87500000000002,43.));
#3580=CARTESIAN_POINT('',(7.00000000000005,-6.37500000000001,43.));
#3581=CARTESIAN_POINT('',(3.50000000000002,-6.37500000000001,43.));
#3582=CARTESIAN_POINT('',(9.00000000000005,-4.375,43.));
#3583=CARTESIAN_POINT('Origin',(7.00000000000006,-4.37500000000002,43.));
#3584=CARTESIAN_POINT('',(9.00000000000006,-1.67500000000002,43.));
#3585=CARTESIAN_POINT('',(9.00000000000006,-1.27500000000003,43.));
#3586=CARTESIAN_POINT('Origin',(2.70000000000005,-1.67500000000002,43.));
#3587=CARTESIAN_POINT('Origin',(2.70000000000005,-1.67500000000002,71.));
#3588=CARTESIAN_POINT('',(9.00000000000006,-1.67500000000002,71.));
#3589=CARTESIAN_POINT('',(9.00000000000006,-1.67500000000002,71.));
#3590=CARTESIAN_POINT('Origin',(2.70000000000005,-1.67500000000002,71.));
#3591=CARTESIAN_POINT('',(2.70000000000005,4.62499999999999,71.));
#3592=CARTESIAN_POINT('Origin',(1.99999999999999,-0.375000000000011,43.));
#3593=CARTESIAN_POINT('',(1.99999999999999,7.62499999999999,43.));
#3594=CARTESIAN_POINT('',(9.99999999999999,-0.375000000000011,43.));
#3595=CARTESIAN_POINT('Origin',(9.99999999999999,7.62499999999999,43.));
#3596=CARTESIAN_POINT('',(-2.00000000000001,7.62499999999999,43.));
#3597=CARTESIAN_POINT('Origin',(-4.00000000000002,-7.12500000000001,72.55));
#3598=CARTESIAN_POINT('',(3.99999999999999,-9.37500000000001,72.55));
#3599=CARTESIAN_POINT('',(-4.00000000000002,-9.37500000000001,72.55));
#3600=CARTESIAN_POINT('',(-2.00000000000002,-9.37500000000001,72.55));
#3601=CARTESIAN_POINT('',(3.99999999999999,-7.12500000000001,72.55));
#3602=CARTESIAN_POINT('',(3.99999999999999,-7.12500000000001,72.55));
#3603=CARTESIAN_POINT('',(-4.00000000000002,-7.12500000000001,72.55));
#3604=CARTESIAN_POINT('',(-2.00000000000002,-7.12500000000001,72.55));
#3605=CARTESIAN_POINT('',(-4.00000000000002,-7.12500000000001,72.55));
#3606=CARTESIAN_POINT('Origin',(-4.00000000000002,-7.12500000000001,73.075));
#3607=CARTESIAN_POINT('',(-4.00000000000002,-9.37500000000001,73.6));
#3608=CARTESIAN_POINT('Origin',(-4.00000000000002,-9.37500000000001,73.075));
#3609=CARTESIAN_POINT('',(-4.00000000000002,-7.12500000000001,73.6));
#3610=CARTESIAN_POINT('Origin',(-4.00000000000002,-7.12500000000001,73.075));
#3611=CARTESIAN_POINT('',(-4.00000000000002,-7.12500000000001,73.6));
#3612=CARTESIAN_POINT('Origin',(3.99999999999999,-7.12500000000001,73.6));
#3613=CARTESIAN_POINT('',(3.99999999999999,-9.37500000000001,73.6));
#3614=CARTESIAN_POINT('',(2.00000000000018,-9.37500000000001,73.6));
#3615=CARTESIAN_POINT('',(3.99999999999999,-7.12500000000001,73.6));
#3616=CARTESIAN_POINT('',(1.99999999999998,-7.12500000000001,73.6));
#3617=CARTESIAN_POINT('',(3.99999999999999,-7.12500000000001,73.6));
#3618=CARTESIAN_POINT('Origin',(3.99999999999999,-7.12500000000001,73.075));
#3619=CARTESIAN_POINT('Origin',(3.99999999999999,-9.37500000000001,73.075));
#3620=CARTESIAN_POINT('Origin',(3.99999999999999,-7.12500000000001,73.075));
#3621=CARTESIAN_POINT('Origin',(3.99999999999999,-7.12500000000001,77.5));
#3622=CARTESIAN_POINT('',(-4.00000011919913,-9.37500000000001,77.5000000000001));
#3623=CARTESIAN_POINT('',(3.99999999999999,-9.37500000000001,77.5));
#3624=CARTESIAN_POINT('',(1.99999999999978,-9.37500000000001,77.5));
#3625=CARTESIAN_POINT('',(-4.00000011919913,-7.12500000000001,77.5000000000001));
#3626=CARTESIAN_POINT('',(-4.00000011919913,-7.12500000000001,77.5000000000001));
#3627=CARTESIAN_POINT('',(3.99999999999999,-7.12500000000001,77.5));
#3628=CARTESIAN_POINT('',(1.99999999999997,-7.12500000000001,77.5));
#3629=CARTESIAN_POINT('',(3.99999999999999,-7.12500000000001,77.5));
#3630=CARTESIAN_POINT('Origin',(3.99999999999999,-7.12500000000001,76.975));
#3631=CARTESIAN_POINT('',(3.99999999999999,-9.37500000000001,76.45));
#3632=CARTESIAN_POINT('Origin',(3.99999999999999,-9.37500000000001,76.975));
#3633=CARTESIAN_POINT('',(3.99999999999999,-7.12500000000001,76.45));
#3634=CARTESIAN_POINT('Origin',(3.99999999999999,-7.12500000000001,76.975));
#3635=CARTESIAN_POINT('',(3.99999999999999,-7.12500000000001,76.45));
#3636=CARTESIAN_POINT('Origin',(-4.00000011920089,-7.12500000000001,76.4499999999999));
#3637=CARTESIAN_POINT('',(-4.00000011920089,-9.37500000000001,76.4499999999999));
#3638=CARTESIAN_POINT('',(-2.00000005960066,-9.37500000000001,76.4499999999999));
#3639=CARTESIAN_POINT('',(-4.00000011920089,-7.12500000000001,76.4499999999999));
#3640=CARTESIAN_POINT('',(-2.00000005960046,-7.12500000000001,76.4499999999999));
#3641=CARTESIAN_POINT('',(-4.00000011920089,-7.12500000000001,76.4499999999999));
#3642=CARTESIAN_POINT('Origin',(-4.00000011920001,-7.12500000000001,76.975));
#3643=CARTESIAN_POINT('Origin',(-4.00000011920001,-9.37500000000001,76.975));
#3644=CARTESIAN_POINT('Origin',(-4.00000011920001,-7.12500000000001,76.975));
#3645=CARTESIAN_POINT('Origin',(-3.00000000000002,-7.12500000000001,71.65));
#3646=CARTESIAN_POINT('',(-5.50000000000002,-9.37500000000001,71.65));
#3647=CARTESIAN_POINT('',(-3.00000000000002,-9.37500000000001,71.65));
#3648=CARTESIAN_POINT('',(-1.50000000000002,-9.37500000000001,71.65));
#3649=CARTESIAN_POINT('',(-5.50000000000002,-7.12500000000001,71.65));
#3650=CARTESIAN_POINT('',(-5.50000000000001,-8.25000000000001,71.65));
#3651=CARTESIAN_POINT('',(-3.00000000000002,-7.12500000000001,71.65));
#3652=CARTESIAN_POINT('',(-1.50000000000001,-7.12500000000001,71.65));
#3653=CARTESIAN_POINT('',(-3.00000000000002,-7.12500000000001,71.65));
#3654=CARTESIAN_POINT('Origin',(-3.00000000000002,-7.12500000000001,71.125));
#3655=CARTESIAN_POINT('',(-2.49009804864074,-9.37500000000001,71.));
#3656=CARTESIAN_POINT('Origin',(-3.00000000000002,-9.37500000000001,71.125));
#3657=CARTESIAN_POINT('',(-2.49009804864074,-7.12500000000001,71.));
#3658=CARTESIAN_POINT('Origin',(-3.00000000000002,-7.12500000000001,71.125));
#3659=CARTESIAN_POINT('',(-2.49009804864074,-7.12500000000001,71.));
#3660=CARTESIAN_POINT('Origin',(2.99999999999999,-7.12500000000001,74.5));
#3661=CARTESIAN_POINT('',(5.49999999999999,-9.37500000000001,74.5));
#3662=CARTESIAN_POINT('',(2.99999999999999,-9.37500000000001,74.5));
#3663=CARTESIAN_POINT('',(1.49999999999999,-9.37500000000001,74.5));
#3664=CARTESIAN_POINT('',(5.49999999999999,-7.12500000000001,74.5));
#3665=CARTESIAN_POINT('',(5.49999999999999,-8.25000000000001,74.5));
#3666=CARTESIAN_POINT('',(2.99999999999999,-7.12500000000001,74.5));
#3667=CARTESIAN_POINT('',(1.49999999999999,-7.12500000000001,74.5));
#3668=CARTESIAN_POINT('',(2.99999999999999,-7.12500000000001,74.5));
#3669=CARTESIAN_POINT('Origin',(2.99999999999999,-7.12500000000001,75.025));
#3670=CARTESIAN_POINT('',(2.99999999999999,-9.37500000000001,75.55));
#3671=CARTESIAN_POINT('Origin',(2.99999999999999,-9.37500000000001,75.025));
#3672=CARTESIAN_POINT('',(2.99999999999999,-7.12500000000001,75.55));
#3673=CARTESIAN_POINT('Origin',(2.99999999999999,-7.12500000000001,75.025));
#3674=CARTESIAN_POINT('',(2.99999999999999,-7.12500000000001,75.55));
#3675=CARTESIAN_POINT('Origin',(5.49999999999999,-7.12500000000001,75.55));
#3676=CARTESIAN_POINT('',(5.49999999999999,-9.37500000000001,75.55));
#3677=CARTESIAN_POINT('',(2.7499999999996,-9.37500000000001,75.55));
#3678=CARTESIAN_POINT('',(5.49999999999999,-7.12500000000001,75.55));
#3679=CARTESIAN_POINT('',(2.74999999999998,-7.12500000000001,75.55));
#3680=CARTESIAN_POINT('',(5.49999999999999,-8.25000000000001,75.55));
#3681=CARTESIAN_POINT('Origin',(-3.00000000000001,-7.12500000000001,75.55));
#3682=CARTESIAN_POINT('',(-5.50000000000002,-9.37500000000001,75.55));
#3683=CARTESIAN_POINT('',(-3.00000000000001,-9.37500000000001,75.55));
#3684=CARTESIAN_POINT('',(-1.50000000000001,-9.37500000000001,75.55));
#3685=CARTESIAN_POINT('',(-5.50000000000002,-7.12500000000001,75.55));
#3686=CARTESIAN_POINT('',(-5.50000000000001,-8.25000000000001,75.55));
#3687=CARTESIAN_POINT('',(-3.00000000000001,-7.12500000000001,75.55));
#3688=CARTESIAN_POINT('',(-1.50000000000001,-7.12500000000001,75.55));
#3689=CARTESIAN_POINT('',(-3.00000000000001,-7.12500000000001,75.55));
#3690=CARTESIAN_POINT('Origin',(-3.00000000000001,-7.12500000000001,75.025));
#3691=CARTESIAN_POINT('',(-3.00000000000001,-9.37500000000001,74.5));
#3692=CARTESIAN_POINT('Origin',(-3.00000000000001,-9.37500000000001,75.025));
#3693=CARTESIAN_POINT('',(-3.00000000000001,-7.12500000000001,74.5));
#3694=CARTESIAN_POINT('Origin',(-3.00000000000001,-7.12500000000001,75.025));
#3695=CARTESIAN_POINT('',(-3.00000000000001,-7.12500000000001,74.5));
#3696=CARTESIAN_POINT('Origin',(-5.50000000000002,-7.12500000000001,74.5));
#3697=CARTESIAN_POINT('',(-5.50000000000002,-9.37500000000001,74.5));
#3698=CARTESIAN_POINT('',(-2.75000000000002,-9.37500000000001,74.5));
#3699=CARTESIAN_POINT('',(-5.50000000000002,-7.12500000000001,74.5));
#3700=CARTESIAN_POINT('',(-2.75000000000002,-7.12500000000001,74.5));
#3701=CARTESIAN_POINT('',(-5.50000000000001,-8.25000000000001,74.5));
#3702=CARTESIAN_POINT('Origin',(2.99999999999999,-7.12500000000001,71.125));
#3703=CARTESIAN_POINT('',(2.49009804864071,-9.37500000000001,71.));
#3704=CARTESIAN_POINT('',(2.99999999999999,-9.37500000000001,71.65));
#3705=CARTESIAN_POINT('Origin',(2.99999999999999,-9.37500000000001,71.125));
#3706=CARTESIAN_POINT('',(2.49009804864071,-7.12500000000001,71.));
#3707=CARTESIAN_POINT('',(2.49009804864071,-7.12500000000001,71.));
#3708=CARTESIAN_POINT('',(2.99999999999999,-7.12500000000001,71.65));
#3709=CARTESIAN_POINT('Origin',(2.99999999999999,-7.12500000000001,71.125));
#3710=CARTESIAN_POINT('',(2.99999999999999,-7.12500000000001,71.65));
#3711=CARTESIAN_POINT('Origin',(5.49999999999999,-7.12500000000001,71.65));
#3712=CARTESIAN_POINT('',(5.49999999999999,-9.37500000000001,71.65));
#3713=CARTESIAN_POINT('',(2.74999999999999,-9.37500000000001,71.65));
#3714=CARTESIAN_POINT('',(5.49999999999999,-7.12500000000001,71.65));
#3715=CARTESIAN_POINT('',(2.74999999999999,-7.12500000000001,71.65));
#3716=CARTESIAN_POINT('',(5.49999999999999,-8.25000000000001,71.65));
#3717=CARTESIAN_POINT('Origin',(-5.50000000000001,-9.37500000000001,71.));
#3718=CARTESIAN_POINT('',(-5.50000000000001,-9.37500000000001,78.));
#3719=CARTESIAN_POINT('',(-5.50000000000001,-9.37500000000001,71.));
#3720=CARTESIAN_POINT('',(-5.50000000000001,-9.37500000000001,78.));
#3721=CARTESIAN_POINT('',(-5.50000000000001,-7.12500000000001,71.));
#3722=CARTESIAN_POINT('Origin',(-5.50000000000001,-9.37500000000001,71.));
#3723=CARTESIAN_POINT('',(-5.50000000000001,-9.37500000000001,71.));
#3724=CARTESIAN_POINT('',(-5.50000000000001,-7.12500000000001,71.));
#3725=CARTESIAN_POINT('Origin',(5.49999999999999,-9.37500000000001,78.));
#3726=CARTESIAN_POINT('',(5.49999999999999,-9.37500000000001,78.));
#3727=CARTESIAN_POINT('',(5.49999999999999,-7.12500000000001,78.));
#3728=CARTESIAN_POINT('Origin',(-1.55431223447522E-14,-9.37500000000001,
39.5));
#3729=CARTESIAN_POINT('',(-5.50000000000001,-9.37500000000001,71.));
#3730=CARTESIAN_POINT('',(-2.75000000000002,-9.37500000000001,71.));
#3731=CARTESIAN_POINT('',(-5.50000000000001,-9.37500000000001,41.25));
#3732=CARTESIAN_POINT('',(-5.50000000000002,-9.37500000000001,40.55));
#3733=CARTESIAN_POINT('',(-5.50000000000002,-9.37500000000001,36.));
#3734=CARTESIAN_POINT('',(-3.00000000000001,-9.37500000000001,40.55));
#3735=CARTESIAN_POINT('',(-1.50000000000001,-9.37500000000001,40.55));
#3736=CARTESIAN_POINT('',(-3.00000000000001,-9.37500000000001,39.5));
#3737=CARTESIAN_POINT('Origin',(-3.00000000000001,-9.37500000000001,40.025));
#3738=CARTESIAN_POINT('',(-5.50000000000002,-9.37500000000001,39.5));
#3739=CARTESIAN_POINT('',(-2.75000000000002,-9.37500000000001,39.5));
#3740=CARTESIAN_POINT('',(-5.50000000000002,-9.37500000000001,36.65));
#3741=CARTESIAN_POINT('',(-5.50000000000002,-9.37500000000001,36.));
#3742=CARTESIAN_POINT('',(-3.00000000000002,-9.37500000000001,36.65));
#3743=CARTESIAN_POINT('',(-1.50000000000002,-9.37500000000001,36.65));
#3744=CARTESIAN_POINT('',(-2.49009804864073,-9.37500000000001,36.));
#3745=CARTESIAN_POINT('Origin',(-3.00000000000002,-9.37500000000001,36.125));
#3746=CARTESIAN_POINT('',(2.4900980486407,-9.37500000000001,36.));
#3747=CARTESIAN_POINT('',(-5.50000000000002,-9.37500000000001,36.));
#3748=CARTESIAN_POINT('',(2.99999999999999,-9.37500000000001,36.65));
#3749=CARTESIAN_POINT('Origin',(2.99999999999999,-9.37500000000001,36.125));
#3750=CARTESIAN_POINT('',(5.49999999999999,-9.37500000000001,36.65));
#3751=CARTESIAN_POINT('',(2.74999999999999,-9.37500000000001,36.65));
#3752=CARTESIAN_POINT('',(5.49999999999999,-9.37500000000001,39.5));
#3753=CARTESIAN_POINT('',(5.49999999999999,-9.37500000000001,36.));
#3754=CARTESIAN_POINT('',(2.99999999999999,-9.37500000000001,39.5));
#3755=CARTESIAN_POINT('',(1.49999999999999,-9.37500000000001,39.5));
#3756=CARTESIAN_POINT('',(2.99999999999999,-9.37500000000001,40.5499999999999));
#3757=CARTESIAN_POINT('Origin',(2.99999999999999,-9.37500000000001,40.025));
#3758=CARTESIAN_POINT('',(5.49999999999999,-9.37500000000001,40.55));
#3759=CARTESIAN_POINT('',(2.74999999999998,-9.37500000000001,40.5499999999999));
#3760=CARTESIAN_POINT('',(5.49999999999999,-9.37500000000001,36.));
#3761=CARTESIAN_POINT('',(5.49999999999999,-9.37500000000001,71.));
#3762=CARTESIAN_POINT('',(5.49999999999999,-9.37500000000001,41.25));
#3763=CARTESIAN_POINT('',(1.24504902432035,-9.37500000000001,71.));
#3764=CARTESIAN_POINT('',(5.49999999999999,-9.37500000000001,78.));
#3765=CARTESIAN_POINT('',(5.49999999999999,-9.37500000000001,78.));
#3766=CARTESIAN_POINT('',(4.5,-9.37500000000001,78.));
#3767=CARTESIAN_POINT('',(-5.50000000000001,-9.37500000000001,78.));
#3768=CARTESIAN_POINT('',(4.5,-9.37500000000001,89.));
#3769=CARTESIAN_POINT('',(4.5,-9.37500000000001,78.));
#3770=CARTESIAN_POINT('',(-4.50000000000002,-9.37500000000001,89.));
#3771=CARTESIAN_POINT('Origin',(5.27376038960431E-14,-9.37500000000001,
89.));
#3772=CARTESIAN_POINT('',(-4.50000000000002,-9.37500000000001,78.));
#3773=CARTESIAN_POINT('',(-4.50000000000002,-9.37500000000001,78.));
#3774=CARTESIAN_POINT('',(-5.50000000000001,-9.37500000000001,78.));
#3775=CARTESIAN_POINT('',(-4.00000000000002,-9.37500000000001,38.6));
#3776=CARTESIAN_POINT('',(3.99999999999999,-9.37500000000001,38.6));
#3777=CARTESIAN_POINT('',(1.99999999999999,-9.37500000000001,38.6));
#3778=CARTESIAN_POINT('',(3.99999999999999,-9.37500000000001,37.55));
#3779=CARTESIAN_POINT('Origin',(3.99999999999999,-9.37500000000001,38.075));
#3780=CARTESIAN_POINT('',(-4.00000000000002,-9.37500000000001,37.55));
#3781=CARTESIAN_POINT('',(-2.00000000000002,-9.37500000000001,37.55));
#3782=CARTESIAN_POINT('Origin',(-4.00000000000002,-9.37500000000001,38.075));
#3783=CARTESIAN_POINT('',(-4.00000011920001,-9.37500000000001,42.5));
#3784=CARTESIAN_POINT('',(3.99999999999999,-9.37500000000001,42.5));
#3785=CARTESIAN_POINT('',(1.99999999999999,-9.37500000000001,42.5));
#3786=CARTESIAN_POINT('',(3.99999999999999,-9.37500000000001,41.45));
#3787=CARTESIAN_POINT('Origin',(3.99999999999999,-9.37500000000001,41.975));
#3788=CARTESIAN_POINT('',(-4.00000011920001,-9.37500000000001,41.45));
#3789=CARTESIAN_POINT('',(-2.00000005960001,-9.37500000000001,41.45));
#3790=CARTESIAN_POINT('Origin',(-4.00000011920001,-9.37500000000001,41.975));
#3791=CARTESIAN_POINT('Origin',(-1.33226762955019E-14,-7.12500000000001,
74.5));
#3792=CARTESIAN_POINT('',(5.49999999999999,-7.12500000000001,78.));
#3793=CARTESIAN_POINT('',(-1.33226762955019E-14,-7.12500000000001,71.));
#3794=CARTESIAN_POINT('Origin',(3.99999999999999,-7.12500000000001,38.6));
#3795=CARTESIAN_POINT('',(-4.00000000000002,-7.12500000000001,38.6));
#3796=CARTESIAN_POINT('',(-4.00000000000002,-7.12500000000001,38.6));
#3797=CARTESIAN_POINT('',(3.99999999999999,-7.12500000000001,38.6));
#3798=CARTESIAN_POINT('',(1.99999999999999,-7.12500000000001,38.6));
#3799=CARTESIAN_POINT('',(3.99999999999999,-7.12500000000001,38.6));
#3800=CARTESIAN_POINT('Origin',(3.99999999999999,-7.12500000000001,38.075));
#3801=CARTESIAN_POINT('',(3.99999999999999,-7.12500000000001,37.55));
#3802=CARTESIAN_POINT('Origin',(3.99999999999999,-7.12500000000001,38.075));
#3803=CARTESIAN_POINT('',(3.99999999999999,-7.12500000000001,37.55));
#3804=CARTESIAN_POINT('Origin',(-4.00000000000002,-7.12500000000001,37.55));
#3805=CARTESIAN_POINT('',(-4.00000000000002,-7.12500000000001,37.55));
#3806=CARTESIAN_POINT('',(-2.00000000000002,-7.12500000000001,37.55));
#3807=CARTESIAN_POINT('',(-4.00000000000002,-7.12500000000001,37.55));
#3808=CARTESIAN_POINT('Origin',(-4.00000000000002,-7.12500000000001,38.075));
#3809=CARTESIAN_POINT('Origin',(-4.00000000000002,-7.12500000000001,38.075));
#3810=CARTESIAN_POINT('Origin',(3.99999999999999,-7.12500000000001,42.5));
#3811=CARTESIAN_POINT('',(-4.00000011920001,-7.12500000000001,42.5));
#3812=CARTESIAN_POINT('',(-4.00000011920001,-7.12500000000001,42.5));
#3813=CARTESIAN_POINT('',(3.99999999999999,-7.12500000000001,42.5));
#3814=CARTESIAN_POINT('',(1.99999999999999,-7.12500000000001,42.5));
#3815=CARTESIAN_POINT('',(3.99999999999999,-7.12500000000001,42.5));
#3816=CARTESIAN_POINT('Origin',(3.99999999999999,-7.12500000000001,41.975));
#3817=CARTESIAN_POINT('',(3.99999999999999,-7.12500000000001,41.45));
#3818=CARTESIAN_POINT('Origin',(3.99999999999999,-7.12500000000001,41.975));
#3819=CARTESIAN_POINT('',(3.99999999999999,-7.12500000000001,41.45));
#3820=CARTESIAN_POINT('Origin',(-4.00000011920001,-7.12500000000001,41.45));
#3821=CARTESIAN_POINT('',(-4.00000011920001,-7.12500000000001,41.45));
#3822=CARTESIAN_POINT('',(-2.00000005960001,-7.12500000000001,41.45));
#3823=CARTESIAN_POINT('',(-4.00000011920001,-7.12500000000001,41.45));
#3824=CARTESIAN_POINT('Origin',(-4.00000011920001,-7.12500000000001,41.975));
#3825=CARTESIAN_POINT('Origin',(-4.00000011920001,-7.12500000000001,41.975));
#3826=CARTESIAN_POINT('Origin',(2.99999999999999,-7.12500000000001,36.125));
#3827=CARTESIAN_POINT('',(2.4900980486407,-7.12500000000001,36.));
#3828=CARTESIAN_POINT('',(2.4900980486407,-7.12500000000001,36.));
#3829=CARTESIAN_POINT('',(2.99999999999999,-7.12500000000001,36.65));
#3830=CARTESIAN_POINT('Origin',(2.99999999999999,-7.12500000000001,36.125));
#3831=CARTESIAN_POINT('',(2.99999999999999,-7.12500000000001,36.65));
#3832=CARTESIAN_POINT('Origin',(5.49999999999999,-7.12500000000001,36.65));
#3833=CARTESIAN_POINT('',(5.49999999999999,-7.12500000000001,36.65));
#3834=CARTESIAN_POINT('',(2.74999999999999,-7.12500000000001,36.65));
#3835=CARTESIAN_POINT('',(5.49999999999999,-8.25000000000001,36.65));
#3836=CARTESIAN_POINT('Origin',(-3.00000000000001,-7.12500000000001,40.025));
#3837=CARTESIAN_POINT('',(-3.00000000000001,-7.12500000000001,40.55));
#3838=CARTESIAN_POINT('',(-3.00000000000001,-7.12500000000001,40.55));
#3839=CARTESIAN_POINT('',(-3.00000000000001,-7.12500000000001,39.5));
#3840=CARTESIAN_POINT('Origin',(-3.00000000000001,-7.12500000000001,40.025));
#3841=CARTESIAN_POINT('',(-3.00000000000001,-7.12500000000001,39.5));
#3842=CARTESIAN_POINT('Origin',(-5.50000000000002,-7.12500000000001,39.5));
#3843=CARTESIAN_POINT('',(-5.50000000000002,-7.12500000000001,39.5));
#3844=CARTESIAN_POINT('',(-2.75000000000002,-7.12500000000001,39.5));
#3845=CARTESIAN_POINT('',(-5.50000000000002,-8.25000000000001,39.5));
#3846=CARTESIAN_POINT('Origin',(-3.00000000000001,-7.12500000000001,40.55));
#3847=CARTESIAN_POINT('',(-5.50000000000002,-7.12500000000001,40.55));
#3848=CARTESIAN_POINT('',(-5.50000000000002,-8.25000000000001,40.55));
#3849=CARTESIAN_POINT('',(-1.50000000000001,-7.12500000000001,40.55));
#3850=CARTESIAN_POINT('Origin',(2.99999999999999,-7.12500000000001,40.025));
#3851=CARTESIAN_POINT('',(2.99999999999999,-7.12500000000001,39.5));
#3852=CARTESIAN_POINT('',(2.99999999999999,-7.12500000000001,39.5));
#3853=CARTESIAN_POINT('',(2.99999999999999,-7.12500000000001,40.5499999999999));
#3854=CARTESIAN_POINT('Origin',(2.99999999999999,-7.12500000000001,40.025));
#3855=CARTESIAN_POINT('',(2.99999999999999,-7.12500000000001,40.5499999999999));
#3856=CARTESIAN_POINT('Origin',(5.49999999999999,-7.12500000000001,40.55));
#3857=CARTESIAN_POINT('',(5.49999999999999,-7.12500000000001,40.55));
#3858=CARTESIAN_POINT('',(2.74999999999998,-7.12500000000001,40.5499999999999));
#3859=CARTESIAN_POINT('',(5.49999999999999,-8.25000000000001,40.55));
#3860=CARTESIAN_POINT('Origin',(2.99999999999999,-7.12500000000001,39.5));
#3861=CARTESIAN_POINT('',(5.49999999999999,-7.12500000000001,39.5));
#3862=CARTESIAN_POINT('',(5.49999999999999,-8.25000000000001,39.5));
#3863=CARTESIAN_POINT('',(1.49999999999999,-7.12500000000001,39.5));
#3864=CARTESIAN_POINT('Origin',(-3.00000000000002,-7.12500000000001,36.125));
#3865=CARTESIAN_POINT('',(-3.00000000000002,-7.12500000000001,36.65));
#3866=CARTESIAN_POINT('',(-3.00000000000002,-7.12500000000001,36.65));
#3867=CARTESIAN_POINT('',(-2.49009804864073,-7.12500000000001,36.));
#3868=CARTESIAN_POINT('Origin',(-3.00000000000002,-7.12500000000001,36.125));
#3869=CARTESIAN_POINT('',(-2.49009804864073,-7.12500000000001,36.));
#3870=CARTESIAN_POINT('Origin',(-3.00000000000002,-7.12500000000001,36.65));
#3871=CARTESIAN_POINT('',(-5.50000000000002,-7.12500000000001,36.65));
#3872=CARTESIAN_POINT('',(-5.50000000000002,-8.25000000000001,36.65));
#3873=CARTESIAN_POINT('',(-1.50000000000002,-7.12500000000001,36.65));
#3874=CARTESIAN_POINT('Origin',(5.49999999999999,-9.37500000000001,43.));
#3875=CARTESIAN_POINT('',(5.49999999999999,-7.12500000000001,36.));
#3876=CARTESIAN_POINT('Origin',(5.49999999999999,-9.37500000000001,36.));
#3877=CARTESIAN_POINT('',(-5.50000000000002,-7.12500000000001,36.));
#3878=CARTESIAN_POINT('Origin',(-5.50000000000002,-9.37500000000001,36.));
#3879=CARTESIAN_POINT('',(-5.50000000000002,-7.12500000000001,36.));
#3880=CARTESIAN_POINT('Origin',(-2.00000000000001,-0.375000000000012,43.));
#3881=CARTESIAN_POINT('',(-2.00000000000001,4.62499999999999,43.));
#3882=CARTESIAN_POINT('',(-7.00000000000001,-0.375000000000011,43.));
#3883=CARTESIAN_POINT('Origin',(-7.00000000000001,-4.87500000000002,43.));
#3884=CARTESIAN_POINT('',(-7.00000000000001,-4.87500000000002,71.));
#3885=CARTESIAN_POINT('',(-7.00000000000001,-2.87500000000001,71.));
#3886=CARTESIAN_POINT('',(-7.00000000000001,-4.87500000000002,43.));
#3887=CARTESIAN_POINT('Origin',(-5.50000000000001,-4.87500000000002,43.));
#3888=CARTESIAN_POINT('',(-5.50000000000001,-6.37500000000001,71.));
#3889=CARTESIAN_POINT('Origin',(-5.50000000000001,-4.87500000000002,71.));
#3890=CARTESIAN_POINT('',(-5.50000000000001,-6.37500000000001,43.));
#3891=CARTESIAN_POINT('Origin',(-4.74999999999999,-1.37500000000001,89.));
#3892=CARTESIAN_POINT('',(-6.50000000000004,-4.37500000000006,89.));
#3893=CARTESIAN_POINT('',(-6.50000000000003,-2.67500000000003,89.));
#3894=CARTESIAN_POINT('',(-6.50000000000003,-2.87500000000001,89.));
#3895=CARTESIAN_POINT('',(-0.200000000000033,3.62499999999999,89.));
#3896=CARTESIAN_POINT('Origin',(-0.20000000000003,-2.67500000000001,89.));
#3897=CARTESIAN_POINT('',(-0.100000000000032,3.62499999999999,89.));
#3898=CARTESIAN_POINT('',(6.5,-4.37500000000001,89.));
#3899=CARTESIAN_POINT('',(6.5,-2.02500000000001,89.));
#3900=CARTESIAN_POINT('',(4.5,-6.37500000000001,89.));
#3901=CARTESIAN_POINT('Origin',(4.5,-4.37500000000001,89.));
#3902=CARTESIAN_POINT('',(-4.50000000000002,-6.37500000000001,89.));
#3903=CARTESIAN_POINT('',(2.24999999999999,-6.37500000000001,89.));
#3904=CARTESIAN_POINT('Origin',(-4.50000000000002,-4.375,89.));
#3905=CARTESIAN_POINT('Ctrl Pts',(-4.49999999999991,-9.37500000000001,89.));
#3906=CARTESIAN_POINT('Ctrl Pts',(-4.49999999999991,-9.37500000000001,93.5));
#3907=CARTESIAN_POINT('Ctrl Pts',(4.88498130835069E-14,-9.37500000000001,
93.5));
#3908=CARTESIAN_POINT('Ctrl Pts',(4.50000000000001,-9.37500000000001,93.5));
#3909=CARTESIAN_POINT('Ctrl Pts',(4.50000000000001,-9.37500000000001,89.));
#3910=CARTESIAN_POINT('Ctrl Pts',(-9.50000000000003,-9.37500000000014,89.));
#3911=CARTESIAN_POINT('Ctrl Pts',(-9.50000000000003,-9.37500000000014,98.5000000000001));
#3912=CARTESIAN_POINT('Ctrl Pts',(4.88498130835069E-14,-9.37500000000014,
98.5000000000001));
#3913=CARTESIAN_POINT('Ctrl Pts',(9.50000000000013,-9.37500000000014,98.5000000000001));
#3914=CARTESIAN_POINT('Ctrl Pts',(9.50000000000013,-9.37500000000014,89.));
#3915=CARTESIAN_POINT('Ctrl Pts',(-9.50000000000003,-4.375,89.));
#3916=CARTESIAN_POINT('Ctrl Pts',(-9.50000000000003,-4.375,98.5000000000001));
#3917=CARTESIAN_POINT('Ctrl Pts',(5.01508556904895E-14,-4.375,98.5000000000001));
#3918=CARTESIAN_POINT('Ctrl Pts',(9.50000000000013,-4.375,98.5000000000001));
#3919=CARTESIAN_POINT('Ctrl Pts',(9.50000000000013,-4.375,89.));
#3920=CARTESIAN_POINT('',(-9.50000000000003,-4.375,89.));
#3921=CARTESIAN_POINT('Origin',(-4.50000000000002,-4.375,89.));
#3922=CARTESIAN_POINT('',(9.5,-4.37500000000002,89.));
#3923=CARTESIAN_POINT('Origin',(4.5,-4.37500000000001,89.));
#3924=CARTESIAN_POINT('Origin',(5.31129735071732E-14,-4.375,89.));
#3925=CARTESIAN_POINT('Origin',(5.03720329336765E-14,-3.52500000000001,
89.));
#3926=CARTESIAN_POINT('',(-9.50000000000003,-2.67500000000001,89.));
#3927=CARTESIAN_POINT('',(-9.50000000000003,-4.375,89.));
#3928=CARTESIAN_POINT('',(9.5,-2.675,89.));
#3929=CARTESIAN_POINT('Origin',(5.31129735071732E-14,-2.67500000000001,
89.));
#3930=CARTESIAN_POINT('Ctrl Pts',(-9.50000000000003,-2.67500000000001,89.));
#3931=CARTESIAN_POINT('Ctrl Pts',(-9.50000000000003,-2.67500000000001,98.5000000000001));
#3932=CARTESIAN_POINT('Ctrl Pts',(5.05932101768636E-14,-2.67500000000001,
98.5000000000001));
#3933=CARTESIAN_POINT('Ctrl Pts',(9.50000000000014,-2.67500000000002,98.5000000000001));
#3934=CARTESIAN_POINT('Ctrl Pts',(9.50000000000013,-2.67500000000002,89.));
#3935=CARTESIAN_POINT('Ctrl Pts',(-9.50000000000003,6.62500000000011,89.));
#3936=CARTESIAN_POINT('Ctrl Pts',(-9.50000000000003,6.62500000000011,98.5000000000001));
#3937=CARTESIAN_POINT('Ctrl Pts',(5.30131494258513E-14,6.62500000000011,
98.5000000000001));
#3938=CARTESIAN_POINT('Ctrl Pts',(9.50000000000014,6.62500000000011,98.5000000000001));
#3939=CARTESIAN_POINT('Ctrl Pts',(9.50000000000014,6.62500000000011,89.));
#3940=CARTESIAN_POINT('Ctrl Pts',(-0.199999999999907,6.62499999999999,89.));
#3941=CARTESIAN_POINT('Ctrl Pts',(-0.199999999999907,6.62499999999999,89.2));
#3942=CARTESIAN_POINT('Ctrl Pts',(5.30131494258512E-14,6.62499999999999,
89.2));
#3943=CARTESIAN_POINT('Ctrl Pts',(0.200000000000013,6.62499999999999,89.2));
#3944=CARTESIAN_POINT('Ctrl Pts',(0.200000000000013,6.62499999999999,89.));
#3945=CARTESIAN_POINT('Origin',(-0.20000000000003,-2.67500000000001,89.));
#3946=CARTESIAN_POINT('Origin',(7.00000000000005,-6.37500000000001,71.));
#3947=CARTESIAN_POINT('',(7.00000000000005,-6.37500000000001,71.));
#3948=CARTESIAN_POINT('',(3.50000000000002,-6.37500000000001,71.));
#3949=CARTESIAN_POINT('',(7.00000000000005,-6.37500000000001,71.));
#3950=CARTESIAN_POINT('Origin',(7.00000000000006,-4.37500000000002,71.));
#3951=CARTESIAN_POINT('',(9.00000000000005,-4.375,71.));
#3952=CARTESIAN_POINT('Origin',(7.00000000000006,-4.37500000000002,71.));
#3953=CARTESIAN_POINT('',(9.00000000000005,-4.375,71.));
#3954=CARTESIAN_POINT('Origin',(9.00000000000006,-1.67500000000002,71.));
#3955=CARTESIAN_POINT('',(9.00000000000006,-1.27500000000003,71.));
#3956=CARTESIAN_POINT('Origin',(-2.69999999999995,4.62499999999999,71.));
#3957=CARTESIAN_POINT('Origin',(-6.50000000000004,-4.37500000000006,89.));
#3958=CARTESIAN_POINT('',(-6.50000000000004,-4.37500000000006,89.));
#3959=CARTESIAN_POINT('',(-6.50000000000003,-2.67500000000003,89.));
#3960=CARTESIAN_POINT('Origin',(-4.50000000000002,-4.375,89.));
#3961=CARTESIAN_POINT('',(-4.50000000000002,-6.37500000000001,89.));
#3962=CARTESIAN_POINT('Origin',(4.5,-6.37500000000001,89.));
#3963=CARTESIAN_POINT('',(4.5,-6.37500000000001,89.));
#3964=CARTESIAN_POINT('Origin',(4.5,-4.37500000000001,89.));
#3965=CARTESIAN_POINT('',(6.5,-4.37500000000001,89.));
#3966=CARTESIAN_POINT('Origin',(6.5,-2.675,89.));
#3967=CARTESIAN_POINT('Origin',(-0.200000000000033,3.62499999999999,89.));
#3968=CARTESIAN_POINT('',(-0.200000000000033,3.62499999999999,89.));
#3969=CARTESIAN_POINT('Origin',(-0.20000000000003,-2.67500000000001,89.));
#3970=CARTESIAN_POINT('Origin',(-9.50000000000003,-2.67500000000001,78.));
#3971=CARTESIAN_POINT('',(-9.50000000000003,-4.375,78.));
#3972=CARTESIAN_POINT('',(-9.50000000000003,-2.67500000000001,78.));
#3973=CARTESIAN_POINT('Origin',(-0.20000000000003,-2.67500000000001,78.));
#3974=CARTESIAN_POINT('Origin',(9.5,-4.37500000000001,78.));
#3975=CARTESIAN_POINT('',(9.5,-4.37500000000002,78.));
#3976=CARTESIAN_POINT('Origin',(4.5,-4.37500000000001,78.));
#3977=CARTESIAN_POINT('Origin',(4.5,-4.37500000000001,78.));
#3978=CARTESIAN_POINT('Origin',(-4.50000000000002,-4.375,78.));
#3979=CARTESIAN_POINT('Origin',(-4.50000000000002,-4.375,78.));
#3980=CARTESIAN_POINT('Origin',(-5.50000000000001,-9.37500000000001,78.));
#3981=CARTESIAN_POINT('',(5.49999999999999,-9.37500000000001,78.));
#3982=CARTESIAN_POINT('Origin',(5.49999999999999,-9.37500000000001,78.));
#3983=CARTESIAN_POINT('Origin',(-5.50000000000001,-9.37500000000001,78.));
#3984=CARTESIAN_POINT('Origin',(-2.00000000000001,-0.375000000000011,43.));
#3985=CARTESIAN_POINT('',(-10.,-0.375000000000011,43.));
#3986=CARTESIAN_POINT('Origin',(-1.33226762955019E-14,-0.875000000000011,
71.));
#3987=CARTESIAN_POINT('',(-10.,-4.87500000000001,71.));
#3988=CARTESIAN_POINT('',(-10.,7.62499999999999,71.));
#3989=CARTESIAN_POINT('Origin',(-5.50000000000001,-4.87500000000001,71.));
#3990=CARTESIAN_POINT('',(9.99999999999999,-4.87500000000001,71.));
#3991=CARTESIAN_POINT('Origin',(5.49999999999999,-4.87500000000001,71.));
#3992=CARTESIAN_POINT('',(9.99999999999999,-9.37500000000001,71.));
#3993=CARTESIAN_POINT('Origin',(9.99999999999999,-9.37500000000001,43.));
#3994=CARTESIAN_POINT('',(9.99999999999999,-4.87500000000001,41.25));
#3995=CARTESIAN_POINT('Origin',(-5.50000000000001,-4.87500000000001,41.25));
#3996=CARTESIAN_POINT('',(-10.,-4.87500000000001,41.25));
#3997=CARTESIAN_POINT('Origin',(-10.,7.62499999999999,43.));
#3998=CARTESIAN_POINT('Origin',(5.49999999999999,-4.87500000000001,41.25));
#3999=CARTESIAN_POINT('Origin',(5.49999999999999,-9.37500000000001,43.));
#4000=CARTESIAN_POINT('',(5.49999999999999,-7.12500000000001,36.));
#4001=CARTESIAN_POINT('Origin',(-5.50000000000002,-9.37500000000001,36.));
#4002=CARTESIAN_POINT('',(-5.50000000000002,-7.12500000000001,36.));
#4003=CARTESIAN_POINT('Origin',(-1.55431223447522E-14,-7.12500000000001,
39.5));
#4004=CARTESIAN_POINT('Origin',(2.84987430133617,4.59993054609471,48.));
#4005=CARTESIAN_POINT('',(1.85000000000002,4.62499999999999,66.));
#4006=CARTESIAN_POINT('',(2.84987430133617,4.59993054609471,66.));
#4007=CARTESIAN_POINT('',(1.61603771294483,4.63086604412481,66.));
#4008=CARTESIAN_POINT('',(2.84987430133617,4.59993054609471,48.));
#4009=CARTESIAN_POINT('',(2.84987430133617,4.59993054609471,48.));
#4010=CARTESIAN_POINT('',(1.85000000000002,4.62499999999999,48.));
#4011=CARTESIAN_POINT('',(2.84987430133617,4.59993054609471,48.));
#4012=CARTESIAN_POINT('',(1.85000000000002,4.62499999999999,48.));
#4013=CARTESIAN_POINT('Origin',(0.350000000000019,4.62499999999999,48.));
#4014=CARTESIAN_POINT('',(-2.14999898707126,4.62274952392349,66.));
#4015=CARTESIAN_POINT('Origin',(0.350000000000019,4.62499999999999,66.));
#4016=CARTESIAN_POINT('',(-2.14999898707126,4.62274952392349,48.));
#4017=CARTESIAN_POINT('',(-2.14999898707126,4.62274952392349,48.));
#4018=CARTESIAN_POINT('Origin',(0.350000000000019,4.62499999999999,48.));
#4019=CARTESIAN_POINT('Origin',(-1.14999999999998,4.62499999999999,48.));
#4020=CARTESIAN_POINT('',(-1.14999999999998,4.62499999999999,66.));
#4021=CARTESIAN_POINT('',(-0.401441511595177,4.6266846146764,66.));
#4022=CARTESIAN_POINT('',(-1.14999999999998,4.62499999999999,48.));
#4023=CARTESIAN_POINT('',(-1.14999999999998,4.62499999999999,48.));
#4024=CARTESIAN_POINT('',(-1.14999999999998,4.62499999999999,48.));
#4025=CARTESIAN_POINT('Origin',(0.350000000000019,4.62499999999999,48.));
#4026=CARTESIAN_POINT('Origin',(0.350000000000019,4.62499999999999,66.));
#4027=CARTESIAN_POINT('Origin',(0.350000000000019,4.62499999999999,48.));
#4028=CARTESIAN_POINT('Origin',(0.349937657132452,3.37499999999999,48.));
#4029=CARTESIAN_POINT('Origin',(0.349937657132452,3.37499999999999,66.));
#4030=UNCERTAINTY_MEASURE_WITH_UNIT(LENGTH_MEASURE(0.01),#4034,
'DISTANCE_ACCURACY_VALUE',
'Maximum model space distance between geometric entities at asserted c
onnectivities');
#4031=UNCERTAINTY_MEASURE_WITH_UNIT(LENGTH_MEASURE(0.01),#4034,
'DISTANCE_ACCURACY_VALUE',
'Maximum model space distance between geometric entities at asserted c
onnectivities');
#4032=(
GEOMETRIC_REPRESENTATION_CONTEXT(3)
GLOBAL_UNCERTAINTY_ASSIGNED_CONTEXT((#4030))
GLOBAL_UNIT_ASSIGNED_CONTEXT((#4034,#4036,#4037))
REPRESENTATION_CONTEXT('','3D')
);
#4033=(
GEOMETRIC_REPRESENTATION_CONTEXT(3)
GLOBAL_UNCERTAINTY_ASSIGNED_CONTEXT((#4031))
GLOBAL_UNIT_ASSIGNED_CONTEXT((#4034,#4036,#4037))
REPRESENTATION_CONTEXT('','3D')
);
#4034=(
LENGTH_UNIT()
NAMED_UNIT(*)
SI_UNIT(.MILLI.,.METRE.)
);
#4035=(
LENGTH_UNIT()
NAMED_UNIT(*)
SI_UNIT($,.METRE.)
);
#4036=(
NAMED_UNIT(*)
PLANE_ANGLE_UNIT()
SI_UNIT($,.RADIAN.)
);
#4037=(
NAMED_UNIT(*)
SI_UNIT($,.STERADIAN.)
SOLID_ANGLE_UNIT()
);
#4038=SHAPE_DEFINITION_REPRESENTATION(#4039,#4040);
#4039=PRODUCT_DEFINITION_SHAPE('',$,#4042);
#4040=SHAPE_REPRESENTATION('',(#2302),#4032);
#4041=PRODUCT_DEFINITION_CONTEXT('part definition',#4046,'design');
#4042=PRODUCT_DEFINITION('2026-07-21-01-01-40-497',
'finger prototype v2',#4043,#4041);
#4043=PRODUCT_DEFINITION_FORMATION('',$,#4048);
#4044=PRODUCT_RELATED_PRODUCT_CATEGORY('finger prototype v2',
'finger prototype v2',(#4048));
#4045=APPLICATION_PROTOCOL_DEFINITION('international standard',
'automotive_design',2009,#4046);
#4046=APPLICATION_CONTEXT(
'Core Data for Automotive Mechanical Design Process');
#4047=PRODUCT_CONTEXT('part definition',#4046,'mechanical');
#4048=PRODUCT('2026-07-21-01-01-40-497','finger prototype v2',$,(#4047));
#4049=PRESENTATION_STYLE_ASSIGNMENT((#4050));
#4050=SURFACE_STYLE_USAGE(.BOTH.,#4051);
#4051=SURFACE_SIDE_STYLE('',(#4052));
#4052=SURFACE_STYLE_FILL_AREA(#4053);
#4053=FILL_AREA_STYLE('Steel - Satin',(#4054));
#4054=FILL_AREA_STYLE_COLOUR('Steel - Satin',#4055);
#4055=COLOUR_RGB('Steel - Satin',0.627450980392157,0.627450980392157,0.627450980392157);
ENDSEC;
END-ISO-10303-21;
