ISO-10303-21;
HEADER;
/* Generated by software containing ST-Developer
 * from STEP Tools, Inc. (www.steptools.com) 
 */

FILE_DESCRIPTION(
/* description */ (''),
/* implementation_level */ '2;1');

FILE_NAME(
/* name */ 'finger_prototype_v3.step',
/* time_stamp */ '2026-08-18T15:03:00+03:00',
/* author */ (''),
/* organization */ (''),
/* preprocessor_version */ 'ST-DEVELOPER v20.1',
/* originating_system */ 'Autodesk Translation Framework v15.8.0.0',
/* authorisation */ '');

FILE_SCHEMA (('AUTOMOTIVE_DESIGN { 1 0 10303 214 3 1 1 }'));
ENDSEC;

DATA;
#10=MECHANICAL_DESIGN_GEOMETRIC_PRESENTATION_REPRESENTATION('',(#21,#22,
#23,#24),#5570);
#11=ITEM_DEFINED_TRANSFORMATION($,$,#2976,#3225);
#12=(
REPRESENTATION_RELATIONSHIP($,$,#5581,#5580)
REPRESENTATION_RELATIONSHIP_WITH_TRANSFORMATION(#11)
SHAPE_REPRESENTATION_RELATIONSHIP()
);
#13=CONTEXT_DEPENDENT_SHAPE_REPRESENTATION(#12,#5579);
#14=NEXT_ASSEMBLY_USAGE_OCCURRENCE('clevis tang:1','clevis tang:1',
'clevis tang:1',#5583,#5584,'clevis tang:1');
#15=(
BOUNDED_SURFACE()
B_SPLINE_SURFACE(2,2,((#5439,#5440,#5441,#5442,#5443),(#5444,#5445,#5446,
#5447,#5448),(#5449,#5450,#5451,#5452,#5453)),.UNSPECIFIED.,.F.,.F.,.F.)
B_SPLINE_SURFACE_WITH_KNOTS((3,3),(3,2,3),(-1.57079632679492,9.38485400503455E-16),
(-1.5707963267949,0.,1.5707963267949),.UNSPECIFIED.)
GEOMETRIC_REPRESENTATION_ITEM()
RATIONAL_B_SPLINE_SURFACE(((1.,0.707106781186548,1.,0.707106781186548,1.),
(0.707106781186539,0.499999999999994,0.707106781186539,0.499999999999994,
0.707106781186539),(1.,0.707106781186548,1.,0.707106781186548,1.)))
REPRESENTATION_ITEM('')
SURFACE()
);
#16=(
BOUNDED_SURFACE()
B_SPLINE_SURFACE(2,2,((#5464,#5465,#5466,#5467,#5468),(#5469,#5470,#5471,
#5472,#5473),(#5474,#5475,#5476,#5477,#5478)),.UNSPECIFIED.,.F.,.F.,.F.)
B_SPLINE_SURFACE_WITH_KNOTS((3,3),(3,2,3),(-3.85183223429261E-16,1.57079632679491),
(-1.5707963267949,0.,1.5707963267949),.UNSPECIFIED.)
GEOMETRIC_REPRESENTATION_ITEM()
RATIONAL_B_SPLINE_SURFACE(((1.,0.707106781186547,1.,0.707106781186547,1.),
(0.707106781186543,0.499999999999997,0.707106781186543,0.499999999999997,
0.707106781186543),(1.,0.707106781186547,1.,0.707106781186547,1.)))
REPRESENTATION_ITEM('')
SURFACE()
);
#17=SHAPE_REPRESENTATION_RELATIONSHIP('SRR','None',#5581,#19);
#18=SHAPE_REPRESENTATION_RELATIONSHIP('SRR','None',#5580,#20);
#19=ADVANCED_BREP_SHAPE_REPRESENTATION('',(#25),#5569);
#20=ADVANCED_BREP_SHAPE_REPRESENTATION('',(#26,#27,#28),#5568);
#21=STYLED_ITEM('',(#5594),#25);
#22=STYLED_ITEM('',(#5594),#26);
#23=STYLED_ITEM('',(#5594),#27);
#24=STYLED_ITEM('',(#5594),#28);
#25=MANIFOLD_SOLID_BREP('Body1',#2959);
#26=MANIFOLD_SOLID_BREP('Body1',#2960);
#27=MANIFOLD_SOLID_BREP('Body2',#2961);
#28=MANIFOLD_SOLID_BREP('Body3',#2962);
#29=B_SPLINE_SURFACE_WITH_KNOTS('',3,3,((#4169,#4170,#4171,#4172),(#4173,
#4174,#4175,#4176),(#4177,#4178,#4179,#4180),(#4181,#4182,#4183,#4184),
(#4185,#4186,#4187,#4188),(#4189,#4190,#4191,#4192),(#4193,#4194,#4195,
#4196),(#4197,#4198,#4199,#4200)),.UNSPECIFIED.,.F.,.F.,.F.,(4,2,2,4),(4,
4),(0.,0.169289364030903,0.830710635969097,1.),(0.,1.),.UNSPECIFIED.);
#30=B_SPLINE_SURFACE_WITH_KNOTS('',3,3,((#4206,#4207,#4208,#4209),(#4210,
#4211,#4212,#4213),(#4214,#4215,#4216,#4217),(#4218,#4219,#4220,#4221),
(#4222,#4223,#4224,#4225),(#4226,#4227,#4228,#4229),(#4230,#4231,#4232,
#4233),(#4234,#4235,#4236,#4237),(#4238,#4239,#4240,#4241)),
 .UNSPECIFIED.,.F.,.F.,.F.,(4,1,2,2,4),(4,4),(0.,0.114769516090857,0.286923790227143,
0.614361272527455,1.),(0.,1.),.UNSPECIFIED.);
#31=B_SPLINE_SURFACE_WITH_KNOTS('',3,3,((#4245,#4246,#4247,#4248),(#4249,
#4250,#4251,#4252),(#4253,#4254,#4255,#4256),(#4257,#4258,#4259,#4260),
(#4261,#4262,#4263,#4264),(#4265,#4266,#4267,#4268),(#4269,#4270,#4271,
#4272),(#4273,#4274,#4275,#4276)),.UNSPECIFIED.,.F.,.F.,.F.,(4,2,2,4),(4,
4),(0.,0.349294485796302,0.650705514203699,1.),(0.,1.),.UNSPECIFIED.);
#32=B_SPLINE_SURFACE_WITH_KNOTS('',3,3,((#4280,#4281,#4282,#4283),(#4284,
#4285,#4286,#4287),(#4288,#4289,#4290,#4291),(#4292,#4293,#4294,#4295),
(#4296,#4297,#4298,#4299),(#4300,#4301,#4302,#4303),(#4304,#4305,#4306,
#4307),(#4308,#4309,#4310,#4311),(#4312,#4313,#4314,#4315)),
 .UNSPECIFIED.,.F.,.F.,.F.,(4,2,2,1,4),(4,4),(0.,0.385638727472546,0.713076209772857,
0.885230483909143,1.),(0.,1.),.UNSPECIFIED.);
#33=B_SPLINE_SURFACE_WITH_KNOTS('',3,3,((#4488,#4489,#4490,#4491),(#4492,
#4493,#4494,#4495),(#4496,#4497,#4498,#4499),(#4500,#4501,#4502,#4503),
(#4504,#4505,#4506,#4507),(#4508,#4509,#4510,#4511),(#4512,#4513,#4514,
#4515),(#4516,#4517,#4518,#4519)),.UNSPECIFIED.,.F.,.F.,.F.,(4,2,2,4),(4,
4),(0.,0.169289364030903,0.830710635969097,1.),(0.,1.),.UNSPECIFIED.);
#34=B_SPLINE_SURFACE_WITH_KNOTS('',3,3,((#4532,#4533,#4534,#4535),(#4536,
#4537,#4538,#4539),(#4540,#4541,#4542,#4543),(#4544,#4545,#4546,#4547),
(#4548,#4549,#4550,#4551),(#4552,#4553,#4554,#4555),(#4556,#4557,#4558,
#4559),(#4560,#4561,#4562,#4563),(#4564,#4565,#4566,#4567)),
 .UNSPECIFIED.,.F.,.F.,.F.,(4,1,2,2,4),(4,4),(0.,0.114769516090857,0.286923790227143,
0.614361272527455,1.),(0.,1.),.UNSPECIFIED.);
#35=B_SPLINE_SURFACE_WITH_KNOTS('',3,3,((#4577,#4578,#4579,#4580),(#4581,
#4582,#4583,#4584),(#4585,#4586,#4587,#4588),(#4589,#4590,#4591,#4592),
(#4593,#4594,#4595,#4596),(#4597,#4598,#4599,#4600),(#4601,#4602,#4603,
#4604),(#4605,#4606,#4607,#4608)),.UNSPECIFIED.,.F.,.F.,.F.,(4,2,2,4),(4,
4),(0.,0.349294485796302,0.650705514203699,1.),(0.,1.),.UNSPECIFIED.);
#36=B_SPLINE_SURFACE_WITH_KNOTS('',3,3,((#4618,#4619,#4620,#4621),(#4622,
#4623,#4624,#4625),(#4626,#4627,#4628,#4629),(#4630,#4631,#4632,#4633),
(#4634,#4635,#4636,#4637),(#4638,#4639,#4640,#4641),(#4642,#4643,#4644,
#4645),(#4646,#4647,#4648,#4649),(#4650,#4651,#4652,#4653)),
 .UNSPECIFIED.,.F.,.F.,.F.,(4,2,2,1,4),(4,4),(0.,0.385638727472546,0.713076209772857,
0.885230483909143,1.),(0.,1.),.UNSPECIFIED.);
#37=FACE_BOUND('',#978,.T.);
#38=FACE_BOUND('',#985,.T.);
#39=FACE_BOUND('',#991,.T.);
#40=FACE_BOUND('',#992,.T.);
#41=FACE_BOUND('',#994,.T.);
#42=FACE_BOUND('',#997,.T.);
#43=FACE_BOUND('',#1000,.T.);
#44=FACE_BOUND('',#1002,.T.);
#45=FACE_BOUND('',#1011,.T.);
#46=FACE_BOUND('',#1017,.T.);
#47=FACE_BOUND('',#1018,.T.);
#48=FACE_BOUND('',#1020,.T.);
#49=FACE_BOUND('',#1023,.T.);
#50=FACE_BOUND('',#1026,.T.);
#51=FACE_BOUND('',#1082,.T.);
#52=FACE_BOUND('',#1083,.T.);
#53=FACE_BOUND('',#1084,.T.);
#54=FACE_BOUND('',#1085,.T.);
#55=FACE_BOUND('',#1087,.T.);
#56=FACE_BOUND('',#1088,.T.);
#57=FACE_BOUND('',#1145,.T.);
#58=FACE_BOUND('',#1146,.T.);
#59=PLANE('',#2983);
#60=PLANE('',#2986);
#61=PLANE('',#2987);
#62=PLANE('',#2988);
#63=PLANE('',#2989);
#64=PLANE('',#2990);
#65=PLANE('',#2994);
#66=PLANE('',#2995);
#67=PLANE('',#2996);
#68=PLANE('',#2997);
#69=PLANE('',#2998);
#70=PLANE('',#2999);
#71=PLANE('',#3020);
#72=PLANE('',#3021);
#73=PLANE('',#3022);
#74=PLANE('',#3023);
#75=PLANE('',#3024);
#76=PLANE('',#3028);
#77=PLANE('',#3029);
#78=PLANE('',#3030);
#79=PLANE('',#3031);
#80=PLANE('',#3032);
#81=PLANE('',#3034);
#82=PLANE('',#3036);
#83=PLANE('',#3038);
#84=PLANE('',#3040);
#85=PLANE('',#3042);
#86=PLANE('',#3053);
#87=PLANE('',#3054);
#88=PLANE('',#3056);
#89=PLANE('',#3058);
#90=PLANE('',#3059);
#91=PLANE('',#3062);
#92=PLANE('',#3070);
#93=PLANE('',#3077);
#94=PLANE('',#3081);
#95=PLANE('',#3090);
#96=PLANE('',#3091);
#97=PLANE('',#3095);
#98=PLANE('',#3099);
#99=PLANE('',#3103);
#100=PLANE('',#3107);
#101=PLANE('',#3111);
#102=PLANE('',#3115);
#103=PLANE('',#3116);
#104=PLANE('',#3120);
#105=PLANE('',#3124);
#106=PLANE('',#3125);
#107=PLANE('',#3126);
#108=PLANE('',#3127);
#109=PLANE('',#3128);
#110=PLANE('',#3138);
#111=PLANE('',#3139);
#112=PLANE('',#3142);
#113=PLANE('',#3145);
#114=PLANE('',#3148);
#115=PLANE('',#3153);
#116=PLANE('',#3156);
#117=PLANE('',#3157);
#118=PLANE('',#3160);
#119=PLANE('',#3161);
#120=PLANE('',#3164);
#121=PLANE('',#3165);
#122=PLANE('',#3166);
#123=PLANE('',#3167);
#124=PLANE('',#3169);
#125=PLANE('',#3172);
#126=PLANE('',#3182);
#127=PLANE('',#3185);
#128=PLANE('',#3186);
#129=PLANE('',#3187);
#130=PLANE('',#3189);
#131=PLANE('',#3191);
#132=PLANE('',#3192);
#133=PLANE('',#3194);
#134=PLANE('',#3196);
#135=PLANE('',#3201);
#136=PLANE('',#3202);
#137=PLANE('',#3203);
#138=PLANE('',#3205);
#139=PLANE('',#3208);
#140=PLANE('',#3210);
#141=PLANE('',#3212);
#142=PLANE('',#3213);
#143=PLANE('',#3214);
#144=PLANE('',#3215);
#145=PLANE('',#3219);
#146=PLANE('',#3223);
#147=PLANE('',#3224);
#148=LINE('',#4079,#442);
#149=LINE('',#4123,#443);
#150=LINE('',#4203,#444);
#151=LINE('',#4204,#445);
#152=LINE('',#4205,#446);
#153=LINE('',#4243,#447);
#154=LINE('',#4244,#448);
#155=LINE('',#4278,#449);
#156=LINE('',#4279,#450);
#157=LINE('',#4316,#451);
#158=LINE('',#4320,#452);
#159=LINE('',#4322,#453);
#160=LINE('',#4324,#454);
#161=LINE('',#4325,#455);
#162=LINE('',#4328,#456);
#163=LINE('',#4330,#457);
#164=LINE('',#4332,#458);
#165=LINE('',#4333,#459);
#166=LINE('',#4335,#460);
#167=LINE('',#4336,#461);
#168=LINE('',#4338,#462);
#169=LINE('',#4340,#463);
#170=LINE('',#4346,#464);
#171=LINE('',#4351,#465);
#172=LINE('',#4352,#466);
#173=LINE('',#4353,#467);
#174=LINE('',#4356,#468);
#175=LINE('',#4357,#469);
#176=LINE('',#4360,#470);
#177=LINE('',#4361,#471);
#178=LINE('',#4363,#472);
#179=LINE('',#4370,#473);
#180=LINE('',#4374,#474);
#181=LINE('',#4378,#475);
#182=LINE('',#4381,#476);
#183=LINE('',#4437,#477);
#184=LINE('',#4442,#478);
#185=LINE('',#4522,#479);
#186=LINE('',#4524,#480);
#187=LINE('',#4528,#481);
#188=LINE('',#4531,#482);
#189=LINE('',#4569,#483);
#190=LINE('',#4573,#484);
#191=LINE('',#4576,#485);
#192=LINE('',#4610,#486);
#193=LINE('',#4614,#487);
#194=LINE('',#4617,#488);
#195=LINE('',#4654,#489);
#196=LINE('',#4658,#490);
#197=LINE('',#4663,#491);
#198=LINE('',#4665,#492);
#199=LINE('',#4667,#493);
#200=LINE('',#4668,#494);
#201=LINE('',#4671,#495);
#202=LINE('',#4673,#496);
#203=LINE('',#4675,#497);
#204=LINE('',#4676,#498);
#205=LINE('',#4678,#499);
#206=LINE('',#4679,#500);
#207=LINE('',#4681,#501);
#208=LINE('',#4683,#502);
#209=LINE('',#4689,#503);
#210=LINE('',#4694,#504);
#211=LINE('',#4695,#505);
#212=LINE('',#4696,#506);
#213=LINE('',#4699,#507);
#214=LINE('',#4700,#508);
#215=LINE('',#4703,#509);
#216=LINE('',#4704,#510);
#217=LINE('',#4706,#511);
#218=LINE('',#4710,#512);
#219=LINE('',#4712,#513);
#220=LINE('',#4714,#514);
#221=LINE('',#4732,#515);
#222=LINE('',#4735,#516);
#223=LINE('',#4737,#517);
#224=LINE('',#4739,#518);
#225=LINE('',#4741,#519);
#226=LINE('',#4743,#520);
#227=LINE('',#4744,#521);
#228=LINE('',#4746,#522);
#229=LINE('',#4748,#523);
#230=LINE('',#4749,#524);
#231=LINE('',#4752,#525);
#232=LINE('',#4769,#526);
#233=LINE('',#4772,#527);
#234=LINE('',#4773,#528);
#235=LINE('',#4776,#529);
#236=LINE('',#4794,#530);
#237=LINE('',#4797,#531);
#238=LINE('',#4798,#532);
#239=LINE('',#4801,#533);
#240=LINE('',#4820,#534);
#241=LINE('',#4821,#535);
#242=LINE('',#4823,#536);
#243=LINE('',#4824,#537);
#244=LINE('',#4829,#538);
#245=LINE('',#4832,#539);
#246=LINE('',#4836,#540);
#247=LINE('',#4839,#541);
#248=LINE('',#4849,#542);
#249=LINE('',#4851,#543);
#250=LINE('',#4853,#544);
#251=LINE('',#4856,#545);
#252=LINE('',#4858,#546);
#253=LINE('',#4860,#547);
#254=LINE('',#4878,#548);
#255=LINE('',#4893,#549);
#256=LINE('',#4908,#550);
#257=LINE('',#4922,#551);
#258=LINE('',#4927,#552);
#259=LINE('',#4930,#553);
#260=LINE('',#4933,#554);
#261=LINE('',#4937,#555);
#262=LINE('',#4941,#556);
#263=LINE('',#4945,#557);
#264=LINE('',#4947,#558);
#265=LINE('',#4949,#559);
#266=LINE('',#4953,#560);
#267=LINE('',#4958,#561);
#268=LINE('',#4962,#562);
#269=LINE('',#4965,#563);
#270=LINE('',#4968,#564);
#271=LINE('',#4986,#565);
#272=LINE('',#4999,#566);
#273=LINE('',#5016,#567);
#274=LINE('',#5032,#568);
#275=LINE('',#5049,#569);
#276=LINE('',#5066,#570);
#277=LINE('',#5083,#571);
#278=LINE('',#5095,#572);
#279=LINE('',#5098,#573);
#280=LINE('',#5102,#574);
#281=LINE('',#5104,#575);
#282=LINE('',#5106,#576);
#283=LINE('',#5109,#577);
#284=LINE('',#5111,#578);
#285=LINE('',#5115,#579);
#286=LINE('',#5119,#580);
#287=LINE('',#5123,#581);
#288=LINE('',#5125,#582);
#289=LINE('',#5127,#583);
#290=LINE('',#5128,#584);
#291=LINE('',#5130,#585);
#292=LINE('',#5134,#586);
#293=LINE('',#5136,#587);
#294=LINE('',#5138,#588);
#295=LINE('',#5139,#589);
#296=LINE('',#5145,#590);
#297=LINE('',#5148,#591);
#298=LINE('',#5150,#592);
#299=LINE('',#5151,#593);
#300=LINE('',#5158,#594);
#301=LINE('',#5160,#595);
#302=LINE('',#5162,#596);
#303=LINE('',#5163,#597);
#304=LINE('',#5169,#598);
#305=LINE('',#5172,#599);
#306=LINE('',#5174,#600);
#307=LINE('',#5175,#601);
#308=LINE('',#5182,#602);
#309=LINE('',#5184,#603);
#310=LINE('',#5186,#604);
#311=LINE('',#5187,#605);
#312=LINE('',#5193,#606);
#313=LINE('',#5197,#607);
#314=LINE('',#5199,#608);
#315=LINE('',#5201,#609);
#316=LINE('',#5202,#610);
#317=LINE('',#5208,#611);
#318=LINE('',#5211,#612);
#319=LINE('',#5213,#613);
#320=LINE('',#5214,#614);
#321=LINE('',#5218,#615);
#322=LINE('',#5220,#616);
#323=LINE('',#5222,#617);
#324=LINE('',#5223,#618);
#325=LINE('',#5229,#619);
#326=LINE('',#5232,#620);
#327=LINE('',#5234,#621);
#328=LINE('',#5235,#622);
#329=LINE('',#5241,#623);
#330=LINE('',#5244,#624);
#331=LINE('',#5247,#625);
#332=LINE('',#5249,#626);
#333=LINE('',#5250,#627);
#334=LINE('',#5253,#628);
#335=LINE('',#5254,#629);
#336=LINE('',#5255,#630);
#337=LINE('',#5257,#631);
#338=LINE('',#5258,#632);
#339=LINE('',#5260,#633);
#340=LINE('',#5261,#634);
#341=LINE('',#5264,#635);
#342=LINE('',#5265,#636);
#343=LINE('',#5267,#637);
#344=LINE('',#5269,#638);
#345=LINE('',#5273,#639);
#346=LINE('',#5275,#640);
#347=LINE('',#5277,#641);
#348=LINE('',#5281,#642);
#349=LINE('',#5285,#643);
#350=LINE('',#5287,#644);
#351=LINE('',#5289,#645);
#352=LINE('',#5293,#646);
#353=LINE('',#5294,#647);
#354=LINE('',#5296,#648);
#355=LINE('',#5297,#649);
#356=LINE('',#5299,#650);
#357=LINE('',#5301,#651);
#358=LINE('',#5303,#652);
#359=LINE('',#5307,#653);
#360=LINE('',#5308,#654);
#361=LINE('',#5311,#655);
#362=LINE('',#5315,#656);
#363=LINE('',#5319,#657);
#364=LINE('',#5323,#658);
#365=LINE('',#5326,#659);
#366=LINE('',#5327,#660);
#367=LINE('',#5330,#661);
#368=LINE('',#5332,#662);
#369=LINE('',#5333,#663);
#370=LINE('',#5337,#664);
#371=LINE('',#5340,#665);
#372=LINE('',#5341,#666);
#373=LINE('',#5346,#667);
#374=LINE('',#5348,#668);
#375=LINE('',#5349,#669);
#376=LINE('',#5353,#670);
#377=LINE('',#5356,#671);
#378=LINE('',#5357,#672);
#379=LINE('',#5362,#673);
#380=LINE('',#5365,#674);
#381=LINE('',#5368,#675);
#382=LINE('',#5369,#676);
#383=LINE('',#5372,#677);
#384=LINE('',#5375,#678);
#385=LINE('',#5378,#679);
#386=LINE('',#5379,#680);
#387=LINE('',#5382,#681);
#388=LINE('',#5383,#682);
#389=LINE('',#5386,#683);
#390=LINE('',#5389,#684);
#391=LINE('',#5392,#685);
#392=LINE('',#5393,#686);
#393=LINE('',#5396,#687);
#394=LINE('',#5397,#688);
#395=LINE('',#5400,#689);
#396=LINE('',#5403,#690);
#397=LINE('',#5406,#691);
#398=LINE('',#5407,#692);
#399=LINE('',#5409,#693);
#400=LINE('',#5411,#694);
#401=LINE('',#5413,#695);
#402=LINE('',#5415,#696);
#403=LINE('',#5416,#697);
#404=LINE('',#5419,#698);
#405=LINE('',#5420,#699);
#406=LINE('',#5424,#700);
#407=LINE('',#5428,#701);
#408=LINE('',#5431,#702);
#409=LINE('',#5433,#703);
#410=LINE('',#5437,#704);
#411=LINE('',#5461,#705);
#412=LINE('',#5462,#706);
#413=LINE('',#5482,#707);
#414=LINE('',#5483,#708);
#415=LINE('',#5487,#709);
#416=LINE('',#5489,#710);
#417=LINE('',#5492,#711);
#418=LINE('',#5493,#712);
#419=LINE('',#5495,#713);
#420=LINE('',#5497,#714);
#421=LINE('',#5499,#715);
#422=LINE('',#5502,#716);
#423=LINE('',#5505,#717);
#424=LINE('',#5506,#718);
#425=LINE('',#5509,#719);
#426=LINE('',#5515,#720);
#427=LINE('',#5519,#721);
#428=LINE('',#5522,#722);
#429=LINE('',#5526,#723);
#430=LINE('',#5528,#724);
#431=LINE('',#5530,#725);
#432=LINE('',#5534,#726);
#433=LINE('',#5536,#727);
#434=LINE('',#5541,#728);
#435=LINE('',#5543,#729);
#436=LINE('',#5545,#730);
#437=LINE('',#5546,#731);
#438=LINE('',#5551,#732);
#439=LINE('',#5555,#733);
#440=LINE('',#5557,#734);
#441=LINE('',#5558,#735);
#442=VECTOR('',#3242,1.5);
#443=VECTOR('',#3249,1.5);
#444=VECTOR('',#3250,10.);
#445=VECTOR('',#3251,5.07469089323194);
#446=VECTOR('',#3252,5.07469089323384);
#447=VECTOR('',#3253,10.);
#448=VECTOR('',#3254,4.21646988083924);
#449=VECTOR('',#3255,10.);
#450=VECTOR('',#3256,4.21646988083728);
#451=VECTOR('',#3257,10.);
#452=VECTOR('',#3260,10.);
#453=VECTOR('',#3261,10.);
#454=VECTOR('',#3262,10.);
#455=VECTOR('',#3263,10.);
#456=VECTOR('',#3264,10.);
#457=VECTOR('',#3265,10.);
#458=VECTOR('',#3266,10.);
#459=VECTOR('',#3267,10.);
#460=VECTOR('',#3270,10.);
#461=VECTOR('',#3271,10.);
#462=VECTOR('',#3274,10.);
#463=VECTOR('',#3277,10.);
#464=VECTOR('',#3284,2.);
#465=VECTOR('',#3289,10.);
#466=VECTOR('',#3290,10.);
#467=VECTOR('',#3291,10.);
#468=VECTOR('',#3294,10.);
#469=VECTOR('',#3295,10.);
#470=VECTOR('',#3298,10.);
#471=VECTOR('',#3299,10.);
#472=VECTOR('',#3302,10.);
#473=VECTOR('',#3309,10.);
#474=VECTOR('',#3312,10.);
#475=VECTOR('',#3315,10.);
#476=VECTOR('',#3318,10.);
#477=VECTOR('',#3331,1.5);
#478=VECTOR('',#3336,1.5);
#479=VECTOR('',#3337,10.);
#480=VECTOR('',#3338,5.07469089323194);
#481=VECTOR('',#3341,10.);
#482=VECTOR('',#3344,5.07469089323384);
#483=VECTOR('',#3345,10.);
#484=VECTOR('',#3348,10.);
#485=VECTOR('',#3351,4.21646988083924);
#486=VECTOR('',#3352,10.);
#487=VECTOR('',#3355,10.);
#488=VECTOR('',#3358,4.21646988083728);
#489=VECTOR('',#3359,10.);
#490=VECTOR('',#3362,10.);
#491=VECTOR('',#3367,10.);
#492=VECTOR('',#3368,10.);
#493=VECTOR('',#3369,10.);
#494=VECTOR('',#3370,10.);
#495=VECTOR('',#3371,10.);
#496=VECTOR('',#3372,10.);
#497=VECTOR('',#3373,10.);
#498=VECTOR('',#3374,10.);
#499=VECTOR('',#3377,10.);
#500=VECTOR('',#3378,10.);
#501=VECTOR('',#3381,10.);
#502=VECTOR('',#3384,10.);
#503=VECTOR('',#3391,2.);
#504=VECTOR('',#3396,10.);
#505=VECTOR('',#3397,10.);
#506=VECTOR('',#3398,10.);
#507=VECTOR('',#3401,10.);
#508=VECTOR('',#3402,10.);
#509=VECTOR('',#3405,10.);
#510=VECTOR('',#3406,10.);
#511=VECTOR('',#3409,10.);
#512=VECTOR('',#3414,10.);
#513=VECTOR('',#3415,10.);
#514=VECTOR('',#3416,10.);
#515=VECTOR('',#3417,10.);
#516=VECTOR('',#3420,10.);
#517=VECTOR('',#3421,10.);
#518=VECTOR('',#3422,10.);
#519=VECTOR('',#3423,10.);
#520=VECTOR('',#3424,10.);
#521=VECTOR('',#3425,10.);
#522=VECTOR('',#3426,10.);
#523=VECTOR('',#3427,10.);
#524=VECTOR('',#3428,10.);
#525=VECTOR('',#3431,10.);
#526=VECTOR('',#3432,10.);
#527=VECTOR('',#3435,10.);
#528=VECTOR('',#3436,10.);
#529=VECTOR('',#3439,10.);
#530=VECTOR('',#3440,10.);
#531=VECTOR('',#3443,10.);
#532=VECTOR('',#3444,10.);
#533=VECTOR('',#3447,10.);
#534=VECTOR('',#3450,10.);
#535=VECTOR('',#3451,10.);
#536=VECTOR('',#3454,10.);
#537=VECTOR('',#3455,10.);
#538=VECTOR('',#3460,10.);
#539=VECTOR('',#3463,10.);
#540=VECTOR('',#3466,10.);
#541=VECTOR('',#3469,10.);
#542=VECTOR('',#3488,10.);
#543=VECTOR('',#3491,10.);
#544=VECTOR('',#3494,10.);
#545=VECTOR('',#3499,10.);
#546=VECTOR('',#3502,10.);
#547=VECTOR('',#3505,10.);
#548=VECTOR('',#3510,10.);
#549=VECTOR('',#3511,10.);
#550=VECTOR('',#3512,10.);
#551=VECTOR('',#3513,10.);
#552=VECTOR('',#3518,10.);
#553=VECTOR('',#3521,10.);
#554=VECTOR('',#3524,10.);
#555=VECTOR('',#3527,10.);
#556=VECTOR('',#3532,10.);
#557=VECTOR('',#3535,10.);
#558=VECTOR('',#3536,10.);
#559=VECTOR('',#3537,10.);
#560=VECTOR('',#3540,10.);
#561=VECTOR('',#3545,10.);
#562=VECTOR('',#3548,10.);
#563=VECTOR('',#3551,10.);
#564=VECTOR('',#3554,10.);
#565=VECTOR('',#3559,10.);
#566=VECTOR('',#3560,10.);
#567=VECTOR('',#3561,10.);
#568=VECTOR('',#3562,10.);
#569=VECTOR('',#3565,10.);
#570=VECTOR('',#3566,10.);
#571=VECTOR('',#3567,10.);
#572=VECTOR('',#3568,10.);
#573=VECTOR('',#3571,10.);
#574=VECTOR('',#3574,10.);
#575=VECTOR('',#3575,10.);
#576=VECTOR('',#3576,10.);
#577=VECTOR('',#3579,10.);
#578=VECTOR('',#3580,10.);
#579=VECTOR('',#3583,10.);
#580=VECTOR('',#3586,10.);
#581=VECTOR('',#3591,10.);
#582=VECTOR('',#3594,10.);
#583=VECTOR('',#3597,10.);
#584=VECTOR('',#3598,10.);
#585=VECTOR('',#3601,10.);
#586=VECTOR('',#3604,10.);
#587=VECTOR('',#3605,10.);
#588=VECTOR('',#3606,10.);
#589=VECTOR('',#3607,10.);
#590=VECTOR('',#3614,10.);
#591=VECTOR('',#3617,10.);
#592=VECTOR('',#3618,10.);
#593=VECTOR('',#3619,10.);
#594=VECTOR('',#3628,10.);
#595=VECTOR('',#3629,10.);
#596=VECTOR('',#3630,10.);
#597=VECTOR('',#3631,10.);
#598=VECTOR('',#3638,10.);
#599=VECTOR('',#3641,10.);
#600=VECTOR('',#3642,10.);
#601=VECTOR('',#3643,10.);
#602=VECTOR('',#3652,10.);
#603=VECTOR('',#3653,10.);
#604=VECTOR('',#3654,10.);
#605=VECTOR('',#3655,10.);
#606=VECTOR('',#3662,10.);
#607=VECTOR('',#3665,10.);
#608=VECTOR('',#3666,10.);
#609=VECTOR('',#3667,10.);
#610=VECTOR('',#3668,10.);
#611=VECTOR('',#3675,10.);
#612=VECTOR('',#3678,10.);
#613=VECTOR('',#3679,10.);
#614=VECTOR('',#3680,10.);
#615=VECTOR('',#3683,10.);
#616=VECTOR('',#3684,10.);
#617=VECTOR('',#3685,10.);
#618=VECTOR('',#3686,10.);
#619=VECTOR('',#3693,10.);
#620=VECTOR('',#3696,10.);
#621=VECTOR('',#3697,10.);
#622=VECTOR('',#3698,10.);
#623=VECTOR('',#3703,10.);
#624=VECTOR('',#3706,10.);
#625=VECTOR('',#3709,10.);
#626=VECTOR('',#3710,10.);
#627=VECTOR('',#3711,10.);
#628=VECTOR('',#3714,10.);
#629=VECTOR('',#3715,10.);
#630=VECTOR('',#3716,10.);
#631=VECTOR('',#3719,10.);
#632=VECTOR('',#3720,10.);
#633=VECTOR('',#3723,10.);
#634=VECTOR('',#3724,10.);
#635=VECTOR('',#3727,10.);
#636=VECTOR('',#3728,10.);
#637=VECTOR('',#3729,10.);
#638=VECTOR('',#3730,10.);
#639=VECTOR('',#3733,10.);
#640=VECTOR('',#3734,10.);
#641=VECTOR('',#3735,10.);
#642=VECTOR('',#3738,10.);
#643=VECTOR('',#3741,10.);
#644=VECTOR('',#3742,10.);
#645=VECTOR('',#3743,10.);
#646=VECTOR('',#3746,10.);
#647=VECTOR('',#3747,10.);
#648=VECTOR('',#3748,10.);
#649=VECTOR('',#3749,10.);
#650=VECTOR('',#3750,10.);
#651=VECTOR('',#3751,10.);
#652=VECTOR('',#3752,10.);
#653=VECTOR('',#3755,10.);
#654=VECTOR('',#3756,10.);
#655=VECTOR('',#3757,10.);
#656=VECTOR('',#3760,10.);
#657=VECTOR('',#3763,10.);
#658=VECTOR('',#3766,10.);
#659=VECTOR('',#3771,10.);
#660=VECTOR('',#3772,10.);
#661=VECTOR('',#3775,10.);
#662=VECTOR('',#3776,10.);
#663=VECTOR('',#3777,10.);
#664=VECTOR('',#3782,10.);
#665=VECTOR('',#3785,10.);
#666=VECTOR('',#3786,10.);
#667=VECTOR('',#3793,10.);
#668=VECTOR('',#3794,10.);
#669=VECTOR('',#3795,10.);
#670=VECTOR('',#3800,10.);
#671=VECTOR('',#3803,10.);
#672=VECTOR('',#3804,10.);
#673=VECTOR('',#3811,10.);
#674=VECTOR('',#3814,10.);
#675=VECTOR('',#3817,10.);
#676=VECTOR('',#3818,10.);
#677=VECTOR('',#3821,10.);
#678=VECTOR('',#3824,10.);
#679=VECTOR('',#3827,10.);
#680=VECTOR('',#3828,10.);
#681=VECTOR('',#3831,10.);
#682=VECTOR('',#3832,10.);
#683=VECTOR('',#3835,10.);
#684=VECTOR('',#3838,10.);
#685=VECTOR('',#3841,10.);
#686=VECTOR('',#3842,10.);
#687=VECTOR('',#3845,10.);
#688=VECTOR('',#3846,10.);
#689=VECTOR('',#3849,10.);
#690=VECTOR('',#3852,10.);
#691=VECTOR('',#3855,10.);
#692=VECTOR('',#3856,10.);
#693=VECTOR('',#3859,10.);
#694=VECTOR('',#3862,10.);
#695=VECTOR('',#3865,10.);
#696=VECTOR('',#3868,10.);
#697=VECTOR('',#3869,10.);
#698=VECTOR('',#3872,10.);
#699=VECTOR('',#3873,10.);
#700=VECTOR('',#3878,10.);
#701=VECTOR('',#3881,10.);
#702=VECTOR('',#3884,10.);
#703=VECTOR('',#3885,10.);
#704=VECTOR('',#3888,10.);
#705=VECTOR('',#3899,10.);
#706=VECTOR('',#3900,10.);
#707=VECTOR('',#3907,10.);
#708=VECTOR('',#3908,10.);
#709=VECTOR('',#3913,10.);
#710=VECTOR('',#3916,10.);
#711=VECTOR('',#3921,10.);
#712=VECTOR('',#3922,10.);
#713=VECTOR('',#3925,10.);
#714=VECTOR('',#3928,10.);
#715=VECTOR('',#3931,10.);
#716=VECTOR('',#3936,10.);
#717=VECTOR('',#3941,10.);
#718=VECTOR('',#3942,10.);
#719=VECTOR('',#3947,10.);
#720=VECTOR('',#3958,10.);
#721=VECTOR('',#3965,10.);
#722=VECTOR('',#3968,10.);
#723=VECTOR('',#3973,10.);
#724=VECTOR('',#3976,10.);
#725=VECTOR('',#3979,10.);
#726=VECTOR('',#3986,10.);
#727=VECTOR('',#3989,10.);
#728=VECTOR('',#3994,10.);
#729=VECTOR('',#3995,10.);
#730=VECTOR('',#3996,10.);
#731=VECTOR('',#3997,10.);
#732=VECTOR('',#4002,10.);
#733=VECTOR('',#4007,10.);
#734=VECTOR('',#4008,10.);
#735=VECTOR('',#4009,10.);
#736=B_SPLINE_CURVE_WITH_KNOTS('',3,(#4035,#4036,#4037,#4038,#4039,#4040,
#4041,#4042,#4043,#4044,#4045,#4046,#4047,#4048,#4049,#4050,#4051,#4052,
#4053,#4054,#4055,#4056),.UNSPECIFIED.,.F.,.F.,(4,2,2,2,2,2,2,2,2,2,4),
(0.,0.0302170158226042,0.0604340316452085,0.120868063290417,0.18003098352902,
0.239193903767623,0.298356824006226,0.357519744244829,0.417953775890037,
0.448170791712641,0.478387807535246),.UNSPECIFIED.);
#737=B_SPLINE_CURVE_WITH_KNOTS('',3,(#4057,#4058,#4059,#4060,#4061,#4062,
#4063,#4064,#4065,#4066,#4067,#4068,#4069,#4070,#4071,#4072,#4073,#4074,
#4075,#4076,#4077,#4078),.UNSPECIFIED.,.F.,.F.,(4,2,2,2,2,2,2,2,2,2,4),
(0.478387807535246,0.50860482335785,0.538821839180454,0.599255870825663,
0.658418791064265,0.717581711302868,0.776744631541471,0.835907551780074,
0.896341583425283,0.926558599247887,0.956775615070491),.UNSPECIFIED.);
#738=B_SPLINE_CURVE_WITH_KNOTS('',3,(#4083,#4084,#4085,#4086,#4087,#4088,
#4089,#4090),.UNSPECIFIED.,.F.,.F.,(4,2,2,4),(0.,0.169289364030903,0.830710635969097,
1.),.UNSPECIFIED.);
#739=B_SPLINE_CURVE_WITH_KNOTS('',3,(#4092,#4093,#4094,#4095,#4096,#4097,
#4098,#4099,#4100),.UNSPECIFIED.,.F.,.F.,(4,2,2,1,4),(0.,0.385638727472546,
0.713076209772857,0.885230483909143,1.),.UNSPECIFIED.);
#740=B_SPLINE_CURVE_WITH_KNOTS('',3,(#4102,#4103,#4104,#4105,#4106,#4107,
#4108,#4109),.UNSPECIFIED.,.F.,.F.,(4,2,2,4),(0.,0.349294485796302,0.650705514203699,
1.),.UNSPECIFIED.);
#741=B_SPLINE_CURVE_WITH_KNOTS('',3,(#4110,#4111,#4112,#4113,#4114,#4115,
#4116,#4117,#4118),.UNSPECIFIED.,.F.,.F.,(4,1,2,2,4),(0.,0.114769516090857,
0.286923790227143,0.614361272527455,1.),.UNSPECIFIED.);
#742=B_SPLINE_CURVE_WITH_KNOTS('',3,(#4125,#4126,#4127,#4128,#4129,#4130,
#4131,#4132,#4133,#4134,#4135,#4136,#4137,#4138,#4139,#4140,#4141,#4142,
#4143,#4144,#4145,#4146),.UNSPECIFIED.,.F.,.F.,(4,2,2,2,2,2,2,2,2,2,4),
(0.,0.0302170158226042,0.0604340316452085,0.120868063290417,0.18003098352902,
0.239193903767623,0.298356824006226,0.357519744244829,0.417953775890037,
0.448170791712641,0.478387807535246),.UNSPECIFIED.);
#743=B_SPLINE_CURVE_WITH_KNOTS('',3,(#4147,#4148,#4149,#4150,#4151,#4152,
#4153,#4154,#4155,#4156,#4157,#4158,#4159,#4160,#4161,#4162,#4163,#4164,
#4165,#4166,#4167,#4168),.UNSPECIFIED.,.F.,.F.,(4,2,2,2,2,2,2,2,2,2,4),
(0.478387807535246,0.50860482335785,0.538821839180454,0.599255870825662,
0.658418791064265,0.717581711302868,0.776744631541471,0.835907551780074,
0.896341583425283,0.926558599247887,0.956775615070491),.UNSPECIFIED.);
#744=B_SPLINE_CURVE_WITH_KNOTS('',3,(#4393,#4394,#4395,#4396,#4397,#4398,
#4399,#4400,#4401,#4402,#4403,#4404,#4405,#4406,#4407,#4408,#4409,#4410,
#4411,#4412,#4413,#4414),.UNSPECIFIED.,.F.,.F.,(4,2,2,2,2,2,2,2,2,2,4),
(0.,0.0302170158226042,0.0604340316452085,0.120868063290417,0.18003098352902,
0.239193903767623,0.298356824006226,0.357519744244829,0.417953775890037,
0.448170791712641,0.478387807535246),.UNSPECIFIED.);
#745=B_SPLINE_CURVE_WITH_KNOTS('',3,(#4415,#4416,#4417,#4418,#4419,#4420,
#4421,#4422,#4423,#4424,#4425,#4426,#4427,#4428,#4429,#4430,#4431,#4432,
#4433,#4434,#4435,#4436),.UNSPECIFIED.,.F.,.F.,(4,2,2,2,2,2,2,2,2,2,4),
(0.478387807535246,0.50860482335785,0.538821839180454,0.599255870825663,
0.658418791064265,0.717581711302868,0.776744631541471,0.835907551780074,
0.896341583425283,0.926558599247887,0.956775615070491),.UNSPECIFIED.);
#746=B_SPLINE_CURVE_WITH_KNOTS('',3,(#4444,#4445,#4446,#4447,#4448,#4449,
#4450,#4451,#4452,#4453,#4454,#4455,#4456,#4457,#4458,#4459,#4460,#4461,
#4462,#4463,#4464,#4465),.UNSPECIFIED.,.F.,.F.,(4,2,2,2,2,2,2,2,2,2,4),
(0.,0.0302170158226042,0.0604340316452085,0.120868063290417,0.18003098352902,
0.239193903767623,0.298356824006226,0.357519744244829,0.417953775890037,
0.448170791712641,0.478387807535246),.UNSPECIFIED.);
#747=B_SPLINE_CURVE_WITH_KNOTS('',3,(#4466,#4467,#4468,#4469,#4470,#4471,
#4472,#4473,#4474,#4475,#4476,#4477,#4478,#4479,#4480,#4481,#4482,#4483,
#4484,#4485,#4486,#4487),.UNSPECIFIED.,.F.,.F.,(4,2,2,2,2,2,2,2,2,2,4),
(0.478387807535246,0.50860482335785,0.538821839180454,0.599255870825662,
0.658418791064265,0.717581711302868,0.776744631541471,0.835907551780074,
0.896341583425283,0.926558599247887,0.956775615070491),.UNSPECIFIED.);
#748=B_SPLINE_CURVE_WITH_KNOTS('',3,(#4716,#4717,#4718,#4719,#4720,#4721,
#4722,#4723,#4724,#4725,#4726,#4727,#4728,#4729,#4730,#4731),
 .UNSPECIFIED.,.F.,.F.,(4,2,2,2,2,2,2,4),(3.37574413161824,3.55808083328385,
3.74041753494947,3.82438038077716,3.90834322660485,4.06111974970915,4.21389627281344,
4.21631891354955),.UNSPECIFIED.);
#749=B_SPLINE_CURVE_WITH_KNOTS('',3,(#4753,#4754,#4755,#4756,#4757,#4758,
#4759,#4760,#4761,#4762,#4763,#4764,#4765,#4766,#4767,#4768),
 .UNSPECIFIED.,.F.,.F.,(4,2,2,2,2,2,2,4),(2.53516934968693,2.53759199042304,
2.69036851352734,2.84314503663163,2.92710788245933,3.01107072828702,3.19340742995263,
3.37574413161824),.UNSPECIFIED.);
#750=B_SPLINE_CURVE_WITH_KNOTS('',3,(#4778,#4779,#4780,#4781,#4782,#4783,
#4784,#4785,#4786,#4787,#4788,#4789,#4790,#4791,#4792,#4793),
 .UNSPECIFIED.,.F.,.F.,(4,2,2,2,2,2,2,4),(0.,0.279216778082502,0.558433556165004,
0.679040229588475,0.799646903011945,1.00151189124343,1.20337687947492,1.30417061752023),
 .UNSPECIFIED.);
#751=B_SPLINE_CURVE_WITH_KNOTS('',3,(#4802,#4803,#4804,#4805,#4806,#4807,
#4808,#4809,#4810,#4811,#4812,#4813,#4814,#4815,#4816,#4817),
 .UNSPECIFIED.,.F.,.F.,(4,2,2,2,2,2,2,4),(-1.30417062074565,-1.20337687947492,
-1.00151189124343,-0.799646903011945,-0.679040229588475,-0.558433556165005,
-0.279216778082501,0.),.UNSPECIFIED.);
#752=B_SPLINE_CURVE_WITH_KNOTS('',3,(#4865,#4866,#4867,#4868,#4869,#4870,
#4871,#4872,#4873,#4874,#4875,#4876),.UNSPECIFIED.,.F.,.F.,(4,2,2,2,2,4),
(0.,0.240044410171579,0.480088820343158,0.595930796903145,0.711772773463132,
0.754053084419898),.UNSPECIFIED.);
#753=B_SPLINE_CURVE_WITH_KNOTS('',3,(#4880,#4881,#4882,#4883,#4884,#4885,
#4886,#4887,#4888,#4889,#4890,#4891),.UNSPECIFIED.,.F.,.F.,(4,2,2,2,2,4),
(-0.754053084459583,-0.711772773463133,-0.595930796903145,-0.480088820343159,
-0.24004441017158,0.),.UNSPECIFIED.);
#754=B_SPLINE_CURVE_WITH_KNOTS('',3,(#4895,#4896,#4897,#4898,#4899,#4900,
#4901,#4902,#4903,#4904,#4905,#4906),.UNSPECIFIED.,.F.,.F.,(4,2,2,2,2,4),
(6.01257970121279,6.35137013433476,6.69016056745673,6.84313604115375,6.99611151485077,
7.23699112227665),.UNSPECIFIED.);
#755=B_SPLINE_CURVE_WITH_KNOTS('',3,(#4910,#4911,#4912,#4913,#4914,#4915,
#4916,#4917,#4918,#4919,#4920,#4921),.UNSPECIFIED.,.F.,.F.,(4,2,2,2,2,4),
(4.78816828014893,5.02904788757481,5.18202336127183,5.33499883496885,5.67378926809082,
6.01257970121279),.UNSPECIFIED.);
#756=B_SPLINE_CURVE_WITH_KNOTS('',3,(#4973,#4974,#4975,#4976,#4977,#4978,
#4979,#4980,#4981,#4982,#4983,#4984),.UNSPECIFIED.,.F.,.F.,(4,2,2,2,2,4),
(0.,0.243991601105813,0.487983202211626,0.605061817417252,0.722140432622878,
0.888272550903116),.UNSPECIFIED.);
#757=B_SPLINE_CURVE_WITH_KNOTS('',3,(#4988,#4989,#4990,#4991,#4992,#4993,
#4994,#4995,#4996,#4997),.UNSPECIFIED.,.F.,.F.,(4,2,2,2,4),(-0.825440622563501,
-0.598040438715626,-0.370640254867751,-0.185320127433875,0.),
 .UNSPECIFIED.);
#758=B_SPLINE_CURVE_WITH_KNOTS('',3,(#5001,#5002,#5003,#5004,#5005,#5006,
#5007,#5008,#5009,#5010,#5011,#5012,#5013,#5014),.UNSPECIFIED.,.F.,.F.,
(4,2,2,2,2,2,4),(6.2288739049183,6.53897675877865,6.84907961263899,6.99104981159096,
7.13302001054293,7.39238774733079,7.51267798929268),.UNSPECIFIED.);
#759=B_SPLINE_CURVE_WITH_KNOTS('',3,(#5018,#5019,#5020,#5021,#5022,#5023,
#5024,#5025,#5026,#5027,#5028,#5029,#5030,#5031),.UNSPECIFIED.,.F.,.F.,
(4,2,2,2,2,2,4),(4.94506982054393,5.06536006250582,5.32472779929368,5.46669799824565,
5.60866819719762,5.91877105105796,6.2288739049183),.UNSPECIFIED.);
#760=B_SPLINE_CURVE_WITH_KNOTS('',3,(#5036,#5037,#5038,#5039,#5040,#5041,
#5042,#5043,#5044,#5045,#5046,#5047),.UNSPECIFIED.,.F.,.F.,(4,2,2,2,2,4),
(4.51761399798261,4.68374611626285,4.80082473146848,4.9179033466741,5.16189494777992,
5.40588654888573),.UNSPECIFIED.);
#761=B_SPLINE_CURVE_WITH_KNOTS('',3,(#5051,#5052,#5053,#5054,#5055,#5056,
#5057,#5058,#5059,#5060,#5061,#5062,#5063,#5064),.UNSPECIFIED.,.F.,.F.,
(4,2,2,2,2,2,4),(0.,0.310102853860344,0.620205707720689,0.762175906672658,
0.904146105624627,1.16351384241249,1.28380408437437),.UNSPECIFIED.);
#762=B_SPLINE_CURVE_WITH_KNOTS('',3,(#5068,#5069,#5070,#5071,#5072,#5073,
#5074,#5075,#5076,#5077,#5078,#5079,#5080,#5081),.UNSPECIFIED.,.F.,.F.,
(4,2,2,2,2,2,4),(-1.28380408437437,-1.16351384241249,-0.904146105624628,
-0.76217590667266,-0.62020570772069,-0.310102853860345,0.),
 .UNSPECIFIED.);
#763=B_SPLINE_CURVE_WITH_KNOTS('',3,(#5085,#5086,#5087,#5088,#5089,#5090,
#5091,#5092,#5093,#5094),.UNSPECIFIED.,.F.,.F.,(4,2,2,2,4),(0.,0.192849557238323,
0.385699114476645,0.605545599806255,0.825392085135865),.UNSPECIFIED.);
#764=CYLINDRICAL_SURFACE('',#2982,1.5);
#765=CYLINDRICAL_SURFACE('',#2984,1.5);
#766=CYLINDRICAL_SURFACE('',#2991,2.);
#767=CYLINDRICAL_SURFACE('',#3009,1.5);
#768=CYLINDRICAL_SURFACE('',#3010,1.5);
#769=CYLINDRICAL_SURFACE('',#3025,2.);
#770=CYLINDRICAL_SURFACE('',#3033,5.);
#771=CYLINDRICAL_SURFACE('',#3035,5.);
#772=CYLINDRICAL_SURFACE('',#3037,8.);
#773=CYLINDRICAL_SURFACE('',#3039,8.);
#774=CYLINDRICAL_SURFACE('',#3041,12.);
#775=CYLINDRICAL_SURFACE('',#3047,2.5);
#776=CYLINDRICAL_SURFACE('',#3050,1.5);
#777=CYLINDRICAL_SURFACE('',#3055,2.);
#778=CYLINDRICAL_SURFACE('',#3057,2.);
#779=CYLINDRICAL_SURFACE('',#3060,5.);
#780=CYLINDRICAL_SURFACE('',#3061,5.);
#781=CYLINDRICAL_SURFACE('',#3063,20.);
#782=CYLINDRICAL_SURFACE('',#3064,6.29999999999999);
#783=CYLINDRICAL_SURFACE('',#3067,9.29999999999999);
#784=CYLINDRICAL_SURFACE('',#3079,20.);
#785=CYLINDRICAL_SURFACE('',#3080,20.);
#786=CYLINDRICAL_SURFACE('',#3087,6.30000000000001);
#787=CYLINDRICAL_SURFACE('',#3089,8.);
#788=CYLINDRICAL_SURFACE('',#3092,0.525000000000002);
#789=CYLINDRICAL_SURFACE('',#3096,0.525000000000002);
#790=CYLINDRICAL_SURFACE('',#3100,0.525000000000002);
#791=CYLINDRICAL_SURFACE('',#3104,0.525000000000091);
#792=CYLINDRICAL_SURFACE('',#3108,0.524999999999993);
#793=CYLINDRICAL_SURFACE('',#3112,0.524999999999993);
#794=CYLINDRICAL_SURFACE('',#3117,0.525000000000011);
#795=CYLINDRICAL_SURFACE('',#3121,0.524999999999993);
#796=CYLINDRICAL_SURFACE('',#3140,0.525000000000002);
#797=CYLINDRICAL_SURFACE('',#3143,0.525000000000002);
#798=CYLINDRICAL_SURFACE('',#3146,0.525000000000002);
#799=CYLINDRICAL_SURFACE('',#3149,0.525000000000002);
#800=CYLINDRICAL_SURFACE('',#3151,0.524999999999998);
#801=CYLINDRICAL_SURFACE('',#3154,0.525000000000011);
#802=CYLINDRICAL_SURFACE('',#3158,0.524999999999989);
#803=CYLINDRICAL_SURFACE('',#3162,0.524999999999998);
#804=CYLINDRICAL_SURFACE('',#3168,5.);
#805=CYLINDRICAL_SURFACE('',#3170,1.5);
#806=CYLINDRICAL_SURFACE('',#3179,9.50000000000008);
#807=CYLINDRICAL_SURFACE('',#3183,1.99999999999999);
#808=CYLINDRICAL_SURFACE('',#3188,2.00000000000002);
#809=CYLINDRICAL_SURFACE('',#3190,1.99999999999999);
#810=CYLINDRICAL_SURFACE('',#3193,6.3);
#811=CYLINDRICAL_SURFACE('',#3195,9.3);
#812=CYLINDRICAL_SURFACE('',#3197,5.);
#813=CYLINDRICAL_SURFACE('',#3199,5.00000000000001);
#814=CYLINDRICAL_SURFACE('',#3204,8.);
#815=CYLINDRICAL_SURFACE('',#3209,4.5);
#816=CYLINDRICAL_SURFACE('',#3211,4.5);
#817=CYLINDRICAL_SURFACE('',#3216,2.5);
#818=CYLINDRICAL_SURFACE('',#3220,1.5);
#819=FACE_OUTER_BOUND('',#975,.T.);
#820=FACE_OUTER_BOUND('',#976,.T.);
#821=FACE_OUTER_BOUND('',#977,.T.);
#822=FACE_OUTER_BOUND('',#979,.T.);
#823=FACE_OUTER_BOUND('',#980,.T.);
#824=FACE_OUTER_BOUND('',#981,.T.);
#825=FACE_OUTER_BOUND('',#982,.T.);
#826=FACE_OUTER_BOUND('',#983,.T.);
#827=FACE_OUTER_BOUND('',#984,.T.);
#828=FACE_OUTER_BOUND('',#986,.T.);
#829=FACE_OUTER_BOUND('',#987,.T.);
#830=FACE_OUTER_BOUND('',#988,.T.);
#831=FACE_OUTER_BOUND('',#989,.T.);
#832=FACE_OUTER_BOUND('',#990,.T.);
#833=FACE_OUTER_BOUND('',#993,.T.);
#834=FACE_OUTER_BOUND('',#995,.T.);
#835=FACE_OUTER_BOUND('',#996,.T.);
#836=FACE_OUTER_BOUND('',#998,.T.);
#837=FACE_OUTER_BOUND('',#999,.T.);
#838=FACE_OUTER_BOUND('',#1001,.T.);
#839=FACE_OUTER_BOUND('',#1003,.T.);
#840=FACE_OUTER_BOUND('',#1004,.T.);
#841=FACE_OUTER_BOUND('',#1005,.T.);
#842=FACE_OUTER_BOUND('',#1006,.T.);
#843=FACE_OUTER_BOUND('',#1007,.T.);
#844=FACE_OUTER_BOUND('',#1008,.T.);
#845=FACE_OUTER_BOUND('',#1009,.T.);
#846=FACE_OUTER_BOUND('',#1010,.T.);
#847=FACE_OUTER_BOUND('',#1012,.T.);
#848=FACE_OUTER_BOUND('',#1013,.T.);
#849=FACE_OUTER_BOUND('',#1014,.T.);
#850=FACE_OUTER_BOUND('',#1015,.T.);
#851=FACE_OUTER_BOUND('',#1016,.T.);
#852=FACE_OUTER_BOUND('',#1019,.T.);
#853=FACE_OUTER_BOUND('',#1021,.T.);
#854=FACE_OUTER_BOUND('',#1022,.T.);
#855=FACE_OUTER_BOUND('',#1024,.T.);
#856=FACE_OUTER_BOUND('',#1025,.T.);
#857=FACE_OUTER_BOUND('',#1027,.T.);
#858=FACE_OUTER_BOUND('',#1028,.T.);
#859=FACE_OUTER_BOUND('',#1029,.T.);
#860=FACE_OUTER_BOUND('',#1030,.T.);
#861=FACE_OUTER_BOUND('',#1031,.T.);
#862=FACE_OUTER_BOUND('',#1032,.T.);
#863=FACE_OUTER_BOUND('',#1033,.T.);
#864=FACE_OUTER_BOUND('',#1034,.T.);
#865=FACE_OUTER_BOUND('',#1035,.T.);
#866=FACE_OUTER_BOUND('',#1036,.T.);
#867=FACE_OUTER_BOUND('',#1037,.T.);
#868=FACE_OUTER_BOUND('',#1038,.T.);
#869=FACE_OUTER_BOUND('',#1039,.T.);
#870=FACE_OUTER_BOUND('',#1040,.T.);
#871=FACE_OUTER_BOUND('',#1041,.T.);
#872=FACE_OUTER_BOUND('',#1042,.T.);
#873=FACE_OUTER_BOUND('',#1043,.T.);
#874=FACE_OUTER_BOUND('',#1044,.T.);
#875=FACE_OUTER_BOUND('',#1045,.T.);
#876=FACE_OUTER_BOUND('',#1046,.T.);
#877=FACE_OUTER_BOUND('',#1047,.T.);
#878=FACE_OUTER_BOUND('',#1048,.T.);
#879=FACE_OUTER_BOUND('',#1049,.T.);
#880=FACE_OUTER_BOUND('',#1050,.T.);
#881=FACE_OUTER_BOUND('',#1051,.T.);
#882=FACE_OUTER_BOUND('',#1052,.T.);
#883=FACE_OUTER_BOUND('',#1053,.T.);
#884=FACE_OUTER_BOUND('',#1054,.T.);
#885=FACE_OUTER_BOUND('',#1055,.T.);
#886=FACE_OUTER_BOUND('',#1056,.T.);
#887=FACE_OUTER_BOUND('',#1057,.T.);
#888=FACE_OUTER_BOUND('',#1058,.T.);
#889=FACE_OUTER_BOUND('',#1059,.T.);
#890=FACE_OUTER_BOUND('',#1060,.T.);
#891=FACE_OUTER_BOUND('',#1061,.T.);
#892=FACE_OUTER_BOUND('',#1062,.T.);
#893=FACE_OUTER_BOUND('',#1063,.T.);
#894=FACE_OUTER_BOUND('',#1064,.T.);
#895=FACE_OUTER_BOUND('',#1065,.T.);
#896=FACE_OUTER_BOUND('',#1066,.T.);
#897=FACE_OUTER_BOUND('',#1067,.T.);
#898=FACE_OUTER_BOUND('',#1068,.T.);
#899=FACE_OUTER_BOUND('',#1069,.T.);
#900=FACE_OUTER_BOUND('',#1070,.T.);
#901=FACE_OUTER_BOUND('',#1071,.T.);
#902=FACE_OUTER_BOUND('',#1072,.T.);
#903=FACE_OUTER_BOUND('',#1073,.T.);
#904=FACE_OUTER_BOUND('',#1074,.T.);
#905=FACE_OUTER_BOUND('',#1075,.T.);
#906=FACE_OUTER_BOUND('',#1076,.T.);
#907=FACE_OUTER_BOUND('',#1077,.T.);
#908=FACE_OUTER_BOUND('',#1078,.T.);
#909=FACE_OUTER_BOUND('',#1079,.T.);
#910=FACE_OUTER_BOUND('',#1080,.T.);
#911=FACE_OUTER_BOUND('',#1081,.T.);
#912=FACE_OUTER_BOUND('',#1086,.T.);
#913=FACE_OUTER_BOUND('',#1089,.T.);
#914=FACE_OUTER_BOUND('',#1090,.T.);
#915=FACE_OUTER_BOUND('',#1091,.T.);
#916=FACE_OUTER_BOUND('',#1092,.T.);
#917=FACE_OUTER_BOUND('',#1093,.T.);
#918=FACE_OUTER_BOUND('',#1094,.T.);
#919=FACE_OUTER_BOUND('',#1095,.T.);
#920=FACE_OUTER_BOUND('',#1096,.T.);
#921=FACE_OUTER_BOUND('',#1097,.T.);
#922=FACE_OUTER_BOUND('',#1098,.T.);
#923=FACE_OUTER_BOUND('',#1099,.T.);
#924=FACE_OUTER_BOUND('',#1100,.T.);
#925=FACE_OUTER_BOUND('',#1101,.T.);
#926=FACE_OUTER_BOUND('',#1102,.T.);
#927=FACE_OUTER_BOUND('',#1103,.T.);
#928=FACE_OUTER_BOUND('',#1104,.T.);
#929=FACE_OUTER_BOUND('',#1105,.T.);
#930=FACE_OUTER_BOUND('',#1106,.T.);
#931=FACE_OUTER_BOUND('',#1107,.T.);
#932=FACE_OUTER_BOUND('',#1108,.T.);
#933=FACE_OUTER_BOUND('',#1109,.T.);
#934=FACE_OUTER_BOUND('',#1110,.T.);
#935=FACE_OUTER_BOUND('',#1111,.T.);
#936=FACE_OUTER_BOUND('',#1112,.T.);
#937=FACE_OUTER_BOUND('',#1113,.T.);
#938=FACE_OUTER_BOUND('',#1114,.T.);
#939=FACE_OUTER_BOUND('',#1115,.T.);
#940=FACE_OUTER_BOUND('',#1116,.T.);
#941=FACE_OUTER_BOUND('',#1117,.T.);
#942=FACE_OUTER_BOUND('',#1118,.T.);
#943=FACE_OUTER_BOUND('',#1119,.T.);
#944=FACE_OUTER_BOUND('',#1120,.T.);
#945=FACE_OUTER_BOUND('',#1121,.T.);
#946=FACE_OUTER_BOUND('',#1122,.T.);
#947=FACE_OUTER_BOUND('',#1123,.T.);
#948=FACE_OUTER_BOUND('',#1124,.T.);
#949=FACE_OUTER_BOUND('',#1125,.T.);
#950=FACE_OUTER_BOUND('',#1126,.T.);
#951=FACE_OUTER_BOUND('',#1127,.T.);
#952=FACE_OUTER_BOUND('',#1128,.T.);
#953=FACE_OUTER_BOUND('',#1129,.T.);
#954=FACE_OUTER_BOUND('',#1130,.T.);
#955=FACE_OUTER_BOUND('',#1131,.T.);
#956=FACE_OUTER_BOUND('',#1132,.T.);
#957=FACE_OUTER_BOUND('',#1133,.T.);
#958=FACE_OUTER_BOUND('',#1134,.T.);
#959=FACE_OUTER_BOUND('',#1135,.T.);
#960=FACE_OUTER_BOUND('',#1136,.T.);
#961=FACE_OUTER_BOUND('',#1137,.T.);
#962=FACE_OUTER_BOUND('',#1138,.T.);
#963=FACE_OUTER_BOUND('',#1139,.T.);
#964=FACE_OUTER_BOUND('',#1140,.T.);
#965=FACE_OUTER_BOUND('',#1141,.T.);
#966=FACE_OUTER_BOUND('',#1142,.T.);
#967=FACE_OUTER_BOUND('',#1143,.T.);
#968=FACE_OUTER_BOUND('',#1144,.T.);
#969=FACE_OUTER_BOUND('',#1147,.T.);
#970=FACE_OUTER_BOUND('',#1148,.T.);
#971=FACE_OUTER_BOUND('',#1149,.T.);
#972=FACE_OUTER_BOUND('',#1150,.T.);
#973=FACE_OUTER_BOUND('',#1151,.T.);
#974=FACE_OUTER_BOUND('',#1152,.T.);
#975=EDGE_LOOP('',(#1953,#1954,#1955,#1956,#1957));
#976=EDGE_LOOP('',(#1958,#1959,#1960,#1961,#1962,#1963));
#977=EDGE_LOOP('',(#1964,#1965,#1966,#1967));
#978=EDGE_LOOP('',(#1968));
#979=EDGE_LOOP('',(#1969,#1970,#1971,#1972,#1973));
#980=EDGE_LOOP('',(#1974,#1975,#1976,#1977));
#981=EDGE_LOOP('',(#1978,#1979,#1980,#1981));
#982=EDGE_LOOP('',(#1982,#1983,#1984,#1985));
#983=EDGE_LOOP('',(#1986,#1987,#1988,#1989));
#984=EDGE_LOOP('',(#1990,#1991,#1992,#1993));
#985=EDGE_LOOP('',(#1994,#1995,#1996,#1997));
#986=EDGE_LOOP('',(#1998,#1999,#2000,#2001));
#987=EDGE_LOOP('',(#2002,#2003,#2004,#2005));
#988=EDGE_LOOP('',(#2006,#2007,#2008,#2009));
#989=EDGE_LOOP('',(#2010,#2011,#2012,#2013));
#990=EDGE_LOOP('',(#2014,#2015,#2016,#2017));
#991=EDGE_LOOP('',(#2018,#2019));
#992=EDGE_LOOP('',(#2020,#2021));
#993=EDGE_LOOP('',(#2022,#2023,#2024,#2025));
#994=EDGE_LOOP('',(#2026));
#995=EDGE_LOOP('',(#2027,#2028,#2029,#2030));
#996=EDGE_LOOP('',(#2031,#2032,#2033,#2034));
#997=EDGE_LOOP('',(#2035));
#998=EDGE_LOOP('',(#2036,#2037,#2038,#2039));
#999=EDGE_LOOP('',(#2040,#2041,#2042,#2043));
#1000=EDGE_LOOP('',(#2044));
#1001=EDGE_LOOP('',(#2045,#2046,#2047,#2048,#2049,#2050,#2051,#2052));
#1002=EDGE_LOOP('',(#2053));
#1003=EDGE_LOOP('',(#2054,#2055,#2056,#2057,#2058));
#1004=EDGE_LOOP('',(#2059,#2060,#2061,#2062,#2063,#2064));
#1005=EDGE_LOOP('',(#2065,#2066,#2067,#2068,#2069));
#1006=EDGE_LOOP('',(#2070,#2071,#2072,#2073,#2074,#2075));
#1007=EDGE_LOOP('',(#2076,#2077,#2078,#2079,#2080,#2081));
#1008=EDGE_LOOP('',(#2082,#2083,#2084,#2085,#2086,#2087));
#1009=EDGE_LOOP('',(#2088,#2089,#2090,#2091,#2092,#2093));
#1010=EDGE_LOOP('',(#2094,#2095,#2096,#2097));
#1011=EDGE_LOOP('',(#2098,#2099,#2100,#2101));
#1012=EDGE_LOOP('',(#2102,#2103,#2104,#2105));
#1013=EDGE_LOOP('',(#2106,#2107,#2108,#2109));
#1014=EDGE_LOOP('',(#2110,#2111,#2112,#2113));
#1015=EDGE_LOOP('',(#2114,#2115,#2116,#2117));
#1016=EDGE_LOOP('',(#2118,#2119,#2120,#2121));
#1017=EDGE_LOOP('',(#2122,#2123));
#1018=EDGE_LOOP('',(#2124,#2125));
#1019=EDGE_LOOP('',(#2126,#2127,#2128,#2129));
#1020=EDGE_LOOP('',(#2130));
#1021=EDGE_LOOP('',(#2131,#2132,#2133,#2134));
#1022=EDGE_LOOP('',(#2135,#2136,#2137,#2138));
#1023=EDGE_LOOP('',(#2139));
#1024=EDGE_LOOP('',(#2140,#2141,#2142,#2143));
#1025=EDGE_LOOP('',(#2144,#2145,#2146,#2147));
#1026=EDGE_LOOP('',(#2148));
#1027=EDGE_LOOP('',(#2149,#2150,#2151,#2152,#2153,#2154));
#1028=EDGE_LOOP('',(#2155,#2156,#2157,#2158,#2159,#2160,#2161,#2162,#2163,
#2164,#2165,#2166));
#1029=EDGE_LOOP('',(#2167,#2168,#2169,#2170,#2171,#2172));
#1030=EDGE_LOOP('',(#2173,#2174,#2175,#2176));
#1031=EDGE_LOOP('',(#2177,#2178,#2179,#2180,#2181));
#1032=EDGE_LOOP('',(#2182,#2183,#2184,#2185));
#1033=EDGE_LOOP('',(#2186,#2187,#2188,#2189,#2190));
#1034=EDGE_LOOP('',(#2191,#2192,#2193,#2194));
#1035=EDGE_LOOP('',(#2195,#2196,#2197,#2198,#2199,#2200,#2201,#2202));
#1036=EDGE_LOOP('',(#2203,#2204,#2205,#2206,#2207,#2208,#2209,#2210,#2211,
#2212,#2213,#2214));
#1037=EDGE_LOOP('',(#2215,#2216,#2217,#2218));
#1038=EDGE_LOOP('',(#2219,#2220,#2221,#2222));
#1039=EDGE_LOOP('',(#2223,#2224,#2225,#2226));
#1040=EDGE_LOOP('',(#2227,#2228,#2229,#2230));
#1041=EDGE_LOOP('',(#2231,#2232,#2233,#2234));
#1042=EDGE_LOOP('',(#2235,#2236,#2237,#2238));
#1043=EDGE_LOOP('',(#2239,#2240,#2241,#2242));
#1044=EDGE_LOOP('',(#2243,#2244,#2245,#2246));
#1045=EDGE_LOOP('',(#2247,#2248,#2249,#2250));
#1046=EDGE_LOOP('',(#2251,#2252,#2253,#2254,#2255));
#1047=EDGE_LOOP('',(#2256,#2257,#2258,#2259,#2260));
#1048=EDGE_LOOP('',(#2261,#2262,#2263,#2264));
#1049=EDGE_LOOP('',(#2265,#2266,#2267,#2268,#2269,#2270,#2271,#2272));
#1050=EDGE_LOOP('',(#2273,#2274,#2275,#2276,#2277));
#1051=EDGE_LOOP('',(#2278,#2279,#2280,#2281,#2282));
#1052=EDGE_LOOP('',(#2283,#2284,#2285,#2286,#2287,#2288,#2289,#2290,#2291,
#2292,#2293,#2294,#2295,#2296,#2297,#2298,#2299,#2300));
#1053=EDGE_LOOP('',(#2301,#2302,#2303,#2304));
#1054=EDGE_LOOP('',(#2305,#2306,#2307,#2308,#2309,#2310,#2311,#2312));
#1055=EDGE_LOOP('',(#2313,#2314,#2315,#2316,#2317,#2318,#2319,#2320));
#1056=EDGE_LOOP('',(#2321,#2322,#2323,#2324,#2325,#2326,#2327,#2328,#2329,
#2330,#2331,#2332,#2333,#2334,#2335));
#1057=EDGE_LOOP('',(#2336,#2337,#2338,#2339,#2340,#2341));
#1058=EDGE_LOOP('',(#2342,#2343,#2344,#2345));
#1059=EDGE_LOOP('',(#2346,#2347,#2348,#2349));
#1060=EDGE_LOOP('',(#2350,#2351,#2352,#2353));
#1061=EDGE_LOOP('',(#2354,#2355,#2356,#2357));
#1062=EDGE_LOOP('',(#2358,#2359,#2360,#2361));
#1063=EDGE_LOOP('',(#2362,#2363,#2364,#2365));
#1064=EDGE_LOOP('',(#2366,#2367,#2368,#2369));
#1065=EDGE_LOOP('',(#2370,#2371,#2372,#2373));
#1066=EDGE_LOOP('',(#2374,#2375,#2376,#2377));
#1067=EDGE_LOOP('',(#2378,#2379,#2380,#2381));
#1068=EDGE_LOOP('',(#2382,#2383,#2384,#2385));
#1069=EDGE_LOOP('',(#2386,#2387,#2388,#2389));
#1070=EDGE_LOOP('',(#2390,#2391,#2392,#2393));
#1071=EDGE_LOOP('',(#2394,#2395,#2396,#2397));
#1072=EDGE_LOOP('',(#2398,#2399,#2400,#2401));
#1073=EDGE_LOOP('',(#2402,#2403,#2404,#2405));
#1074=EDGE_LOOP('',(#2406,#2407,#2408,#2409));
#1075=EDGE_LOOP('',(#2410,#2411,#2412,#2413));
#1076=EDGE_LOOP('',(#2414,#2415,#2416,#2417));
#1077=EDGE_LOOP('',(#2418,#2419,#2420,#2421));
#1078=EDGE_LOOP('',(#2422,#2423,#2424,#2425,#2426));
#1079=EDGE_LOOP('',(#2427,#2428,#2429,#2430));
#1080=EDGE_LOOP('',(#2431,#2432,#2433,#2434));
#1081=EDGE_LOOP('',(#2435,#2436,#2437,#2438,#2439,#2440,#2441,#2442,#2443,
#2444,#2445,#2446,#2447,#2448,#2449,#2450,#2451,#2452,#2453,#2454,#2455,
#2456,#2457,#2458,#2459,#2460,#2461,#2462,#2463,#2464,#2465,#2466,#2467,
#2468,#2469,#2470,#2471,#2472));
#1082=EDGE_LOOP('',(#2473,#2474,#2475,#2476));
#1083=EDGE_LOOP('',(#2477,#2478,#2479,#2480));
#1084=EDGE_LOOP('',(#2481,#2482,#2483,#2484));
#1085=EDGE_LOOP('',(#2485,#2486,#2487,#2488));
#1086=EDGE_LOOP('',(#2489,#2490,#2491,#2492,#2493,#2494,#2495,#2496,#2497,
#2498,#2499,#2500,#2501,#2502,#2503,#2504));
#1087=EDGE_LOOP('',(#2505,#2506,#2507,#2508));
#1088=EDGE_LOOP('',(#2509,#2510,#2511,#2512));
#1089=EDGE_LOOP('',(#2513,#2514,#2515,#2516));
#1090=EDGE_LOOP('',(#2517,#2518,#2519,#2520));
#1091=EDGE_LOOP('',(#2521,#2522,#2523,#2524));
#1092=EDGE_LOOP('',(#2525,#2526,#2527,#2528));
#1093=EDGE_LOOP('',(#2529,#2530,#2531,#2532));
#1094=EDGE_LOOP('',(#2533,#2534,#2535,#2536));
#1095=EDGE_LOOP('',(#2537,#2538,#2539,#2540));
#1096=EDGE_LOOP('',(#2541,#2542,#2543,#2544));
#1097=EDGE_LOOP('',(#2545,#2546,#2547,#2548));
#1098=EDGE_LOOP('',(#2549,#2550,#2551,#2552));
#1099=EDGE_LOOP('',(#2553,#2554,#2555,#2556));
#1100=EDGE_LOOP('',(#2557,#2558,#2559,#2560));
#1101=EDGE_LOOP('',(#2561,#2562,#2563,#2564));
#1102=EDGE_LOOP('',(#2565,#2566,#2567,#2568));
#1103=EDGE_LOOP('',(#2569,#2570,#2571,#2572));
#1104=EDGE_LOOP('',(#2573,#2574,#2575,#2576));
#1105=EDGE_LOOP('',(#2577,#2578,#2579,#2580));
#1106=EDGE_LOOP('',(#2581,#2582,#2583,#2584));
#1107=EDGE_LOOP('',(#2585,#2586,#2587,#2588));
#1108=EDGE_LOOP('',(#2589,#2590,#2591,#2592));
#1109=EDGE_LOOP('',(#2593,#2594,#2595,#2596));
#1110=EDGE_LOOP('',(#2597,#2598,#2599,#2600));
#1111=EDGE_LOOP('',(#2601,#2602,#2603,#2604));
#1112=EDGE_LOOP('',(#2605,#2606,#2607,#2608));
#1113=EDGE_LOOP('',(#2609,#2610,#2611,#2612,#2613,#2614,#2615,#2616));
#1114=EDGE_LOOP('',(#2617,#2618,#2619,#2620));
#1115=EDGE_LOOP('',(#2621,#2622,#2623,#2624));
#1116=EDGE_LOOP('',(#2625,#2626,#2627,#2628));
#1117=EDGE_LOOP('',(#2629,#2630,#2631,#2632));
#1118=EDGE_LOOP('',(#2633,#2634,#2635,#2636));
#1119=EDGE_LOOP('',(#2637,#2638,#2639,#2640));
#1120=EDGE_LOOP('',(#2641,#2642,#2643,#2644));
#1121=EDGE_LOOP('',(#2645,#2646,#2647,#2648));
#1122=EDGE_LOOP('',(#2649,#2650,#2651,#2652));
#1123=EDGE_LOOP('',(#2653,#2654,#2655,#2656));
#1124=EDGE_LOOP('',(#2657,#2658,#2659,#2660));
#1125=EDGE_LOOP('',(#2661,#2662,#2663,#2664));
#1126=EDGE_LOOP('',(#2665,#2666,#2667,#2668));
#1127=EDGE_LOOP('',(#2669,#2670,#2671,#2672,#2673));
#1128=EDGE_LOOP('',(#2674,#2675,#2676,#2677));
#1129=EDGE_LOOP('',(#2678,#2679,#2680,#2681,#2682));
#1130=EDGE_LOOP('',(#2683,#2684,#2685,#2686));
#1131=EDGE_LOOP('',(#2687,#2688,#2689,#2690,#2691));
#1132=EDGE_LOOP('',(#2692,#2693,#2694,#2695,#2696));
#1133=EDGE_LOOP('',(#2697,#2698,#2699));
#1134=EDGE_LOOP('',(#2700,#2701,#2702,#2703,#2704));
#1135=EDGE_LOOP('',(#2705,#2706,#2707));
#1136=EDGE_LOOP('',(#2708,#2709,#2710,#2711));
#1137=EDGE_LOOP('',(#2712,#2713,#2714,#2715,#2716,#2717,#2718,#2719,#2720,
#2721,#2722,#2723,#2724,#2725,#2726,#2727,#2728));
#1138=EDGE_LOOP('',(#2729,#2730,#2731,#2732));
#1139=EDGE_LOOP('',(#2733,#2734,#2735,#2736));
#1140=EDGE_LOOP('',(#2737,#2738,#2739,#2740));
#1141=EDGE_LOOP('',(#2741,#2742,#2743,#2744));
#1142=EDGE_LOOP('',(#2745,#2746,#2747,#2748));
#1143=EDGE_LOOP('',(#2749,#2750,#2751,#2752));
#1144=EDGE_LOOP('',(#2753,#2754,#2755,#2756,#2757,#2758,#2759,#2760,#2761,
#2762,#2763,#2764,#2765,#2766,#2767,#2768));
#1145=EDGE_LOOP('',(#2769,#2770,#2771,#2772));
#1146=EDGE_LOOP('',(#2773,#2774,#2775,#2776));
#1147=EDGE_LOOP('',(#2777,#2778,#2779,#2780));
#1148=EDGE_LOOP('',(#2781,#2782,#2783,#2784));
#1149=EDGE_LOOP('',(#2785,#2786,#2787,#2788));
#1150=EDGE_LOOP('',(#2789,#2790,#2791,#2792));
#1151=EDGE_LOOP('',(#2793,#2794,#2795,#2796));
#1152=EDGE_LOOP('',(#2797,#2798,#2799,#2800));
#1153=CIRCLE('',#2978,4.5);
#1154=CIRCLE('',#2979,3.);
#1155=CIRCLE('',#2980,1.5);
#1156=CIRCLE('',#2981,1.5);
#1157=CIRCLE('',#2985,1.5);
#1158=CIRCLE('',#2992,2.);
#1159=CIRCLE('',#2993,2.);
#1160=CIRCLE('',#3000,5.);
#1161=CIRCLE('',#3001,2.);
#1162=CIRCLE('',#3002,2.);
#1163=CIRCLE('',#3003,5.);
#1164=CIRCLE('',#3004,4.5);
#1165=CIRCLE('',#3006,3.);
#1166=CIRCLE('',#3007,1.5);
#1167=CIRCLE('',#3008,1.5);
#1168=CIRCLE('',#3011,1.5);
#1169=CIRCLE('',#3012,5.);
#1170=CIRCLE('',#3013,5.);
#1171=CIRCLE('',#3014,5.);
#1172=CIRCLE('',#3015,8.);
#1173=CIRCLE('',#3016,8.);
#1174=CIRCLE('',#3017,8.);
#1175=CIRCLE('',#3018,8.);
#1176=CIRCLE('',#3019,5.);
#1177=CIRCLE('',#3026,2.);
#1178=CIRCLE('',#3027,2.);
#1179=CIRCLE('',#3043,5.);
#1180=CIRCLE('',#3044,5.);
#1181=CIRCLE('',#3045,2.);
#1182=CIRCLE('',#3046,2.);
#1183=CIRCLE('',#3048,2.5);
#1184=CIRCLE('',#3049,2.5);
#1185=CIRCLE('',#3051,1.5);
#1186=CIRCLE('',#3052,1.5);
#1187=CIRCLE('',#3065,6.29999999999999);
#1188=CIRCLE('',#3066,6.29999999999999);
#1189=CIRCLE('',#3068,9.29999999999999);
#1190=CIRCLE('',#3069,9.29999999999999);
#1191=CIRCLE('',#3071,5.);
#1192=CIRCLE('',#3072,5.00000000000001);
#1193=CIRCLE('',#3073,9.3);
#1194=CIRCLE('',#3074,6.3);
#1195=CIRCLE('',#3075,2.00000000000002);
#1196=CIRCLE('',#3076,1.99999999999999);
#1197=CIRCLE('',#3078,0.200000000000083);
#1198=CIRCLE('',#3082,4.5);
#1199=CIRCLE('',#3083,4.5);
#1200=CIRCLE('',#3084,1.5);
#1201=CIRCLE('',#3085,1.99999999999999);
#1202=CIRCLE('',#3086,6.30000000000001);
#1203=CIRCLE('',#3088,6.30000000000001);
#1204=CIRCLE('',#3093,0.525000000000002);
#1205=CIRCLE('',#3094,0.525000000000002);
#1206=CIRCLE('',#3097,0.525000000000002);
#1207=CIRCLE('',#3098,0.525000000000002);
#1208=CIRCLE('',#3101,0.525000000000002);
#1209=CIRCLE('',#3102,0.525000000000002);
#1210=CIRCLE('',#3105,0.525000000000091);
#1211=CIRCLE('',#3106,0.525000000000091);
#1212=CIRCLE('',#3109,0.524999999999993);
#1213=CIRCLE('',#3110,0.524999999999993);
#1214=CIRCLE('',#3113,0.524999999999993);
#1215=CIRCLE('',#3114,0.524999999999993);
#1216=CIRCLE('',#3118,0.525000000000011);
#1217=CIRCLE('',#3119,0.525000000000011);
#1218=CIRCLE('',#3122,0.524999999999993);
#1219=CIRCLE('',#3123,0.524999999999993);
#1220=CIRCLE('',#3129,0.525000000000011);
#1221=CIRCLE('',#3130,0.524999999999998);
#1222=CIRCLE('',#3131,0.524999999999998);
#1223=CIRCLE('',#3132,0.524999999999989);
#1224=CIRCLE('',#3133,4.50000000000008);
#1225=CIRCLE('',#3134,0.525000000000002);
#1226=CIRCLE('',#3135,0.525000000000002);
#1227=CIRCLE('',#3136,0.525000000000002);
#1228=CIRCLE('',#3137,0.525000000000002);
#1229=CIRCLE('',#3141,0.525000000000002);
#1230=CIRCLE('',#3144,0.525000000000002);
#1231=CIRCLE('',#3147,0.525000000000002);
#1232=CIRCLE('',#3150,0.525000000000002);
#1233=CIRCLE('',#3152,0.524999999999998);
#1234=CIRCLE('',#3155,0.525000000000011);
#1235=CIRCLE('',#3159,0.524999999999989);
#1236=CIRCLE('',#3163,0.524999999999998);
#1237=CIRCLE('',#3171,1.5);
#1238=CIRCLE('',#3173,6.3);
#1239=CIRCLE('',#3174,1.99999999999999);
#1240=CIRCLE('',#3175,2.00000000000002);
#1241=CIRCLE('',#3176,5.00000000000001);
#1242=CIRCLE('',#3177,5.);
#1243=CIRCLE('',#3178,9.50000000000009);
#1244=CIRCLE('',#3180,9.50000000000008);
#1245=CIRCLE('',#3181,9.3);
#1246=CIRCLE('',#3184,1.99999999999999);
#1247=CIRCLE('',#3198,5.);
#1248=CIRCLE('',#3200,5.00000000000001);
#1249=CIRCLE('',#3206,4.5);
#1250=CIRCLE('',#3207,4.5);
#1251=CIRCLE('',#3217,2.5);
#1252=CIRCLE('',#3218,2.5);
#1253=CIRCLE('',#3221,1.5);
#1254=CIRCLE('',#3222,1.5);
#1255=VERTEX_POINT('',#4025);
#1256=VERTEX_POINT('',#4027);
#1257=VERTEX_POINT('',#4029);
#1258=VERTEX_POINT('',#4033);
#1259=VERTEX_POINT('',#4034);
#1260=VERTEX_POINT('',#4081);
#1261=VERTEX_POINT('',#4082);
#1262=VERTEX_POINT('',#4091);
#1263=VERTEX_POINT('',#4101);
#1264=VERTEX_POINT('',#4120);
#1265=VERTEX_POINT('',#4122);
#1266=VERTEX_POINT('',#4124);
#1267=VERTEX_POINT('',#4201);
#1268=VERTEX_POINT('',#4202);
#1269=VERTEX_POINT('',#4242);
#1270=VERTEX_POINT('',#4277);
#1271=VERTEX_POINT('',#4318);
#1272=VERTEX_POINT('',#4319);
#1273=VERTEX_POINT('',#4321);
#1274=VERTEX_POINT('',#4323);
#1275=VERTEX_POINT('',#4326);
#1276=VERTEX_POINT('',#4327);
#1277=VERTEX_POINT('',#4329);
#1278=VERTEX_POINT('',#4331);
#1279=VERTEX_POINT('',#4343);
#1280=VERTEX_POINT('',#4345);
#1281=VERTEX_POINT('',#4349);
#1282=VERTEX_POINT('',#4350);
#1283=VERTEX_POINT('',#4355);
#1284=VERTEX_POINT('',#4359);
#1285=VERTEX_POINT('',#4366);
#1286=VERTEX_POINT('',#4367);
#1287=VERTEX_POINT('',#4369);
#1288=VERTEX_POINT('',#4371);
#1289=VERTEX_POINT('',#4373);
#1290=VERTEX_POINT('',#4375);
#1291=VERTEX_POINT('',#4377);
#1292=VERTEX_POINT('',#4379);
#1293=VERTEX_POINT('',#4382);
#1294=VERTEX_POINT('',#4385);
#1295=VERTEX_POINT('',#4387);
#1296=VERTEX_POINT('',#4391);
#1297=VERTEX_POINT('',#4392);
#1298=VERTEX_POINT('',#4439);
#1299=VERTEX_POINT('',#4441);
#1300=VERTEX_POINT('',#4443);
#1301=VERTEX_POINT('',#4520);
#1302=VERTEX_POINT('',#4521);
#1303=VERTEX_POINT('',#4523);
#1304=VERTEX_POINT('',#4525);
#1305=VERTEX_POINT('',#4527);
#1306=VERTEX_POINT('',#4529);
#1307=VERTEX_POINT('',#4568);
#1308=VERTEX_POINT('',#4570);
#1309=VERTEX_POINT('',#4572);
#1310=VERTEX_POINT('',#4574);
#1311=VERTEX_POINT('',#4609);
#1312=VERTEX_POINT('',#4611);
#1313=VERTEX_POINT('',#4613);
#1314=VERTEX_POINT('',#4615);
#1315=VERTEX_POINT('',#4655);
#1316=VERTEX_POINT('',#4657);
#1317=VERTEX_POINT('',#4661);
#1318=VERTEX_POINT('',#4662);
#1319=VERTEX_POINT('',#4664);
#1320=VERTEX_POINT('',#4666);
#1321=VERTEX_POINT('',#4669);
#1322=VERTEX_POINT('',#4670);
#1323=VERTEX_POINT('',#4672);
#1324=VERTEX_POINT('',#4674);
#1325=VERTEX_POINT('',#4686);
#1326=VERTEX_POINT('',#4688);
#1327=VERTEX_POINT('',#4692);
#1328=VERTEX_POINT('',#4693);
#1329=VERTEX_POINT('',#4698);
#1330=VERTEX_POINT('',#4702);
#1331=VERTEX_POINT('',#4709);
#1332=VERTEX_POINT('',#4711);
#1333=VERTEX_POINT('',#4713);
#1334=VERTEX_POINT('',#4715);
#1335=VERTEX_POINT('',#4734);
#1336=VERTEX_POINT('',#4736);
#1337=VERTEX_POINT('',#4738);
#1338=VERTEX_POINT('',#4740);
#1339=VERTEX_POINT('',#4742);
#1340=VERTEX_POINT('',#4745);
#1341=VERTEX_POINT('',#4747);
#1342=VERTEX_POINT('',#4751);
#1343=VERTEX_POINT('',#4771);
#1344=VERTEX_POINT('',#4775);
#1345=VERTEX_POINT('',#4777);
#1346=VERTEX_POINT('',#4796);
#1347=VERTEX_POINT('',#4800);
#1348=VERTEX_POINT('',#4819);
#1349=VERTEX_POINT('',#4826);
#1350=VERTEX_POINT('',#4828);
#1351=VERTEX_POINT('',#4830);
#1352=VERTEX_POINT('',#4833);
#1353=VERTEX_POINT('',#4835);
#1354=VERTEX_POINT('',#4837);
#1355=VERTEX_POINT('',#4863);
#1356=VERTEX_POINT('',#4864);
#1357=VERTEX_POINT('',#4877);
#1358=VERTEX_POINT('',#4879);
#1359=VERTEX_POINT('',#4892);
#1360=VERTEX_POINT('',#4894);
#1361=VERTEX_POINT('',#4907);
#1362=VERTEX_POINT('',#4909);
#1363=VERTEX_POINT('',#4924);
#1364=VERTEX_POINT('',#4926);
#1365=VERTEX_POINT('',#4928);
#1366=VERTEX_POINT('',#4932);
#1367=VERTEX_POINT('',#4934);
#1368=VERTEX_POINT('',#4936);
#1369=VERTEX_POINT('',#4940);
#1370=VERTEX_POINT('',#4942);
#1371=VERTEX_POINT('',#4944);
#1372=VERTEX_POINT('',#4946);
#1373=VERTEX_POINT('',#4948);
#1374=VERTEX_POINT('',#4950);
#1375=VERTEX_POINT('',#4952);
#1376=VERTEX_POINT('',#4955);
#1377=VERTEX_POINT('',#4957);
#1378=VERTEX_POINT('',#4959);
#1379=VERTEX_POINT('',#4961);
#1380=VERTEX_POINT('',#4963);
#1381=VERTEX_POINT('',#4967);
#1382=VERTEX_POINT('',#4971);
#1383=VERTEX_POINT('',#4972);
#1384=VERTEX_POINT('',#4985);
#1385=VERTEX_POINT('',#4987);
#1386=VERTEX_POINT('',#4998);
#1387=VERTEX_POINT('',#5000);
#1388=VERTEX_POINT('',#5015);
#1389=VERTEX_POINT('',#5017);
#1390=VERTEX_POINT('',#5034);
#1391=VERTEX_POINT('',#5035);
#1392=VERTEX_POINT('',#5048);
#1393=VERTEX_POINT('',#5050);
#1394=VERTEX_POINT('',#5065);
#1395=VERTEX_POINT('',#5067);
#1396=VERTEX_POINT('',#5082);
#1397=VERTEX_POINT('',#5084);
#1398=VERTEX_POINT('',#5097);
#1399=VERTEX_POINT('',#5099);
#1400=VERTEX_POINT('',#5101);
#1401=VERTEX_POINT('',#5103);
#1402=VERTEX_POINT('',#5105);
#1403=VERTEX_POINT('',#5107);
#1404=VERTEX_POINT('',#5110);
#1405=VERTEX_POINT('',#5112);
#1406=VERTEX_POINT('',#5114);
#1407=VERTEX_POINT('',#5116);
#1408=VERTEX_POINT('',#5118);
#1409=VERTEX_POINT('',#5122);
#1410=VERTEX_POINT('',#5132);
#1411=VERTEX_POINT('',#5133);
#1412=VERTEX_POINT('',#5135);
#1413=VERTEX_POINT('',#5137);
#1414=VERTEX_POINT('',#5141);
#1415=VERTEX_POINT('',#5143);
#1416=VERTEX_POINT('',#5147);
#1417=VERTEX_POINT('',#5149);
#1418=VERTEX_POINT('',#5156);
#1419=VERTEX_POINT('',#5157);
#1420=VERTEX_POINT('',#5159);
#1421=VERTEX_POINT('',#5161);
#1422=VERTEX_POINT('',#5165);
#1423=VERTEX_POINT('',#5167);
#1424=VERTEX_POINT('',#5171);
#1425=VERTEX_POINT('',#5173);
#1426=VERTEX_POINT('',#5180);
#1427=VERTEX_POINT('',#5181);
#1428=VERTEX_POINT('',#5183);
#1429=VERTEX_POINT('',#5185);
#1430=VERTEX_POINT('',#5189);
#1431=VERTEX_POINT('',#5191);
#1432=VERTEX_POINT('',#5195);
#1433=VERTEX_POINT('',#5196);
#1434=VERTEX_POINT('',#5198);
#1435=VERTEX_POINT('',#5200);
#1436=VERTEX_POINT('',#5204);
#1437=VERTEX_POINT('',#5206);
#1438=VERTEX_POINT('',#5210);
#1439=VERTEX_POINT('',#5212);
#1440=VERTEX_POINT('',#5216);
#1441=VERTEX_POINT('',#5217);
#1442=VERTEX_POINT('',#5219);
#1443=VERTEX_POINT('',#5221);
#1444=VERTEX_POINT('',#5225);
#1445=VERTEX_POINT('',#5227);
#1446=VERTEX_POINT('',#5231);
#1447=VERTEX_POINT('',#5233);
#1448=VERTEX_POINT('',#5237);
#1449=VERTEX_POINT('',#5238);
#1450=VERTEX_POINT('',#5240);
#1451=VERTEX_POINT('',#5242);
#1452=VERTEX_POINT('',#5246);
#1453=VERTEX_POINT('',#5248);
#1454=VERTEX_POINT('',#5252);
#1455=VERTEX_POINT('',#5263);
#1456=VERTEX_POINT('',#5266);
#1457=VERTEX_POINT('',#5268);
#1458=VERTEX_POINT('',#5270);
#1459=VERTEX_POINT('',#5272);
#1460=VERTEX_POINT('',#5274);
#1461=VERTEX_POINT('',#5276);
#1462=VERTEX_POINT('',#5278);
#1463=VERTEX_POINT('',#5280);
#1464=VERTEX_POINT('',#5282);
#1465=VERTEX_POINT('',#5284);
#1466=VERTEX_POINT('',#5286);
#1467=VERTEX_POINT('',#5288);
#1468=VERTEX_POINT('',#5290);
#1469=VERTEX_POINT('',#5292);
#1470=VERTEX_POINT('',#5295);
#1471=VERTEX_POINT('',#5298);
#1472=VERTEX_POINT('',#5300);
#1473=VERTEX_POINT('',#5302);
#1474=VERTEX_POINT('',#5304);
#1475=VERTEX_POINT('',#5306);
#1476=VERTEX_POINT('',#5309);
#1477=VERTEX_POINT('',#5310);
#1478=VERTEX_POINT('',#5312);
#1479=VERTEX_POINT('',#5314);
#1480=VERTEX_POINT('',#5317);
#1481=VERTEX_POINT('',#5318);
#1482=VERTEX_POINT('',#5320);
#1483=VERTEX_POINT('',#5322);
#1484=VERTEX_POINT('',#5329);
#1485=VERTEX_POINT('',#5331);
#1486=VERTEX_POINT('',#5335);
#1487=VERTEX_POINT('',#5339);
#1488=VERTEX_POINT('',#5345);
#1489=VERTEX_POINT('',#5347);
#1490=VERTEX_POINT('',#5351);
#1491=VERTEX_POINT('',#5355);
#1492=VERTEX_POINT('',#5361);
#1493=VERTEX_POINT('',#5363);
#1494=VERTEX_POINT('',#5367);
#1495=VERTEX_POINT('',#5371);
#1496=VERTEX_POINT('',#5373);
#1497=VERTEX_POINT('',#5377);
#1498=VERTEX_POINT('',#5381);
#1499=VERTEX_POINT('',#5385);
#1500=VERTEX_POINT('',#5387);
#1501=VERTEX_POINT('',#5391);
#1502=VERTEX_POINT('',#5395);
#1503=VERTEX_POINT('',#5399);
#1504=VERTEX_POINT('',#5401);
#1505=VERTEX_POINT('',#5405);
#1506=VERTEX_POINT('',#5418);
#1507=VERTEX_POINT('',#5422);
#1508=VERTEX_POINT('',#5426);
#1509=VERTEX_POINT('',#5427);
#1510=VERTEX_POINT('',#5429);
#1511=VERTEX_POINT('',#5432);
#1512=VERTEX_POINT('',#5434);
#1513=VERTEX_POINT('',#5436);
#1514=VERTEX_POINT('',#5454);
#1515=VERTEX_POINT('',#5456);
#1516=VERTEX_POINT('',#5460);
#1517=VERTEX_POINT('',#5481);
#1518=VERTEX_POINT('',#5485);
#1519=VERTEX_POINT('',#5521);
#1520=VERTEX_POINT('',#5524);
#1521=VERTEX_POINT('',#5539);
#1522=VERTEX_POINT('',#5540);
#1523=VERTEX_POINT('',#5542);
#1524=VERTEX_POINT('',#5544);
#1525=VERTEX_POINT('',#5548);
#1526=VERTEX_POINT('',#5550);
#1527=VERTEX_POINT('',#5554);
#1528=VERTEX_POINT('',#5556);
#1529=EDGE_CURVE('',#1255,#1255,#1153,.T.);
#1530=EDGE_CURVE('',#1255,#1256,#1154,.T.);
#1531=EDGE_CURVE('',#1256,#1257,#1155,.T.);
#1532=EDGE_CURVE('',#1257,#1256,#1156,.T.);
#1533=EDGE_CURVE('',#1258,#1259,#736,.T.);
#1534=EDGE_CURVE('',#1259,#1258,#737,.T.);
#1535=EDGE_CURVE('',#1259,#1257,#148,.T.);
#1536=EDGE_CURVE('',#1260,#1261,#738,.T.);
#1537=EDGE_CURVE('',#1262,#1260,#739,.T.);
#1538=EDGE_CURVE('',#1263,#1262,#740,.T.);
#1539=EDGE_CURVE('',#1261,#1263,#741,.T.);
#1540=EDGE_CURVE('',#1264,#1264,#1157,.T.);
#1541=EDGE_CURVE('',#1264,#1265,#149,.T.);
#1542=EDGE_CURVE('',#1266,#1265,#742,.T.);
#1543=EDGE_CURVE('',#1265,#1266,#743,.T.);
#1544=EDGE_CURVE('',#1267,#1268,#150,.T.);
#1545=EDGE_CURVE('',#1267,#1260,#151,.T.);
#1546=EDGE_CURVE('',#1268,#1261,#152,.T.);
#1547=EDGE_CURVE('',#1268,#1269,#153,.T.);
#1548=EDGE_CURVE('',#1269,#1263,#154,.T.);
#1549=EDGE_CURVE('',#1269,#1270,#155,.T.);
#1550=EDGE_CURVE('',#1270,#1262,#156,.T.);
#1551=EDGE_CURVE('',#1270,#1267,#157,.T.);
#1552=EDGE_CURVE('',#1271,#1272,#158,.T.);
#1553=EDGE_CURVE('',#1272,#1273,#159,.T.);
#1554=EDGE_CURVE('',#1273,#1274,#160,.T.);
#1555=EDGE_CURVE('',#1274,#1271,#161,.T.);
#1556=EDGE_CURVE('',#1275,#1276,#162,.T.);
#1557=EDGE_CURVE('',#1276,#1277,#163,.T.);
#1558=EDGE_CURVE('',#1277,#1278,#164,.T.);
#1559=EDGE_CURVE('',#1278,#1275,#165,.T.);
#1560=EDGE_CURVE('',#1270,#1272,#166,.T.);
#1561=EDGE_CURVE('',#1267,#1273,#167,.T.);
#1562=EDGE_CURVE('',#1269,#1271,#168,.T.);
#1563=EDGE_CURVE('',#1268,#1274,#169,.T.);
#1564=EDGE_CURVE('',#1279,#1279,#1158,.T.);
#1565=EDGE_CURVE('',#1279,#1280,#170,.T.);
#1566=EDGE_CURVE('',#1280,#1280,#1159,.T.);
#1567=EDGE_CURVE('',#1281,#1282,#171,.T.);
#1568=EDGE_CURVE('',#1282,#1276,#172,.T.);
#1569=EDGE_CURVE('',#1281,#1275,#173,.T.);
#1570=EDGE_CURVE('',#1283,#1281,#174,.T.);
#1571=EDGE_CURVE('',#1283,#1278,#175,.T.);
#1572=EDGE_CURVE('',#1284,#1283,#176,.T.);
#1573=EDGE_CURVE('',#1284,#1277,#177,.T.);
#1574=EDGE_CURVE('',#1282,#1284,#178,.T.);
#1575=EDGE_CURVE('',#1285,#1286,#1160,.T.);
#1576=EDGE_CURVE('',#1287,#1285,#179,.T.);
#1577=EDGE_CURVE('',#1288,#1287,#1161,.T.);
#1578=EDGE_CURVE('',#1289,#1288,#180,.T.);
#1579=EDGE_CURVE('',#1290,#1289,#1162,.T.);
#1580=EDGE_CURVE('',#1291,#1290,#181,.T.);
#1581=EDGE_CURVE('',#1292,#1291,#1163,.T.);
#1582=EDGE_CURVE('',#1286,#1292,#182,.T.);
#1583=EDGE_CURVE('',#1293,#1293,#1164,.T.);
#1584=EDGE_CURVE('',#1293,#1294,#1165,.T.);
#1585=EDGE_CURVE('',#1294,#1295,#1166,.T.);
#1586=EDGE_CURVE('',#1295,#1294,#1167,.T.);
#1587=EDGE_CURVE('',#1296,#1297,#744,.T.);
#1588=EDGE_CURVE('',#1297,#1296,#745,.T.);
#1589=EDGE_CURVE('',#1297,#1295,#183,.T.);
#1590=EDGE_CURVE('',#1298,#1298,#1168,.T.);
#1591=EDGE_CURVE('',#1298,#1299,#184,.T.);
#1592=EDGE_CURVE('',#1300,#1299,#746,.T.);
#1593=EDGE_CURVE('',#1299,#1300,#747,.T.);
#1594=EDGE_CURVE('',#1301,#1302,#185,.T.);
#1595=EDGE_CURVE('',#1301,#1303,#186,.T.);
#1596=EDGE_CURVE('',#1304,#1303,#1169,.T.);
#1597=EDGE_CURVE('',#1305,#1304,#187,.T.);
#1598=EDGE_CURVE('',#1306,#1305,#1170,.T.);
#1599=EDGE_CURVE('',#1302,#1306,#188,.T.);
#1600=EDGE_CURVE('',#1302,#1307,#189,.T.);
#1601=EDGE_CURVE('',#1308,#1306,#1171,.T.);
#1602=EDGE_CURVE('',#1309,#1308,#190,.T.);
#1603=EDGE_CURVE('',#1310,#1309,#1172,.T.);
#1604=EDGE_CURVE('',#1307,#1310,#191,.T.);
#1605=EDGE_CURVE('',#1307,#1311,#192,.T.);
#1606=EDGE_CURVE('',#1312,#1310,#1173,.T.);
#1607=EDGE_CURVE('',#1313,#1312,#193,.T.);
#1608=EDGE_CURVE('',#1314,#1313,#1174,.T.);
#1609=EDGE_CURVE('',#1311,#1314,#194,.T.);
#1610=EDGE_CURVE('',#1311,#1301,#195,.T.);
#1611=EDGE_CURVE('',#1315,#1314,#1175,.T.);
#1612=EDGE_CURVE('',#1316,#1315,#196,.T.);
#1613=EDGE_CURVE('',#1303,#1316,#1176,.T.);
#1614=EDGE_CURVE('',#1317,#1318,#197,.T.);
#1615=EDGE_CURVE('',#1318,#1319,#198,.T.);
#1616=EDGE_CURVE('',#1319,#1320,#199,.T.);
#1617=EDGE_CURVE('',#1320,#1317,#200,.T.);
#1618=EDGE_CURVE('',#1321,#1322,#201,.T.);
#1619=EDGE_CURVE('',#1322,#1323,#202,.T.);
#1620=EDGE_CURVE('',#1323,#1324,#203,.T.);
#1621=EDGE_CURVE('',#1324,#1321,#204,.T.);
#1622=EDGE_CURVE('',#1311,#1318,#205,.T.);
#1623=EDGE_CURVE('',#1301,#1319,#206,.T.);
#1624=EDGE_CURVE('',#1307,#1317,#207,.T.);
#1625=EDGE_CURVE('',#1302,#1320,#208,.T.);
#1626=EDGE_CURVE('',#1325,#1325,#1177,.T.);
#1627=EDGE_CURVE('',#1325,#1326,#209,.T.);
#1628=EDGE_CURVE('',#1326,#1326,#1178,.T.);
#1629=EDGE_CURVE('',#1327,#1328,#210,.T.);
#1630=EDGE_CURVE('',#1328,#1322,#211,.T.);
#1631=EDGE_CURVE('',#1327,#1321,#212,.T.);
#1632=EDGE_CURVE('',#1329,#1327,#213,.T.);
#1633=EDGE_CURVE('',#1329,#1324,#214,.T.);
#1634=EDGE_CURVE('',#1330,#1329,#215,.T.);
#1635=EDGE_CURVE('',#1330,#1323,#216,.T.);
#1636=EDGE_CURVE('',#1328,#1330,#217,.T.);
#1637=EDGE_CURVE('',#1286,#1331,#218,.T.);
#1638=EDGE_CURVE('',#1331,#1332,#219,.T.);
#1639=EDGE_CURVE('',#1332,#1333,#220,.T.);
#1640=EDGE_CURVE('',#1333,#1334,#748,.T.);
#1641=EDGE_CURVE('',#1285,#1334,#221,.T.);
#1642=EDGE_CURVE('',#1292,#1335,#222,.T.);
#1643=EDGE_CURVE('',#1335,#1336,#223,.T.);
#1644=EDGE_CURVE('',#1336,#1337,#224,.T.);
#1645=EDGE_CURVE('',#1337,#1338,#225,.T.);
#1646=EDGE_CURVE('',#1338,#1339,#226,.T.);
#1647=EDGE_CURVE('',#1339,#1333,#227,.T.);
#1648=EDGE_CURVE('',#1332,#1340,#228,.T.);
#1649=EDGE_CURVE('',#1340,#1341,#229,.T.);
#1650=EDGE_CURVE('',#1341,#1331,#230,.T.);
#1651=EDGE_CURVE('',#1291,#1342,#231,.T.);
#1652=EDGE_CURVE('',#1342,#1339,#749,.T.);
#1653=EDGE_CURVE('',#1335,#1338,#232,.T.);
#1654=EDGE_CURVE('',#1290,#1343,#233,.T.);
#1655=EDGE_CURVE('',#1342,#1343,#234,.T.);
#1656=EDGE_CURVE('',#1313,#1344,#235,.T.);
#1657=EDGE_CURVE('',#1344,#1345,#750,.T.);
#1658=EDGE_CURVE('',#1345,#1315,#236,.T.);
#1659=EDGE_CURVE('',#1346,#1312,#237,.T.);
#1660=EDGE_CURVE('',#1346,#1344,#238,.T.);
#1661=EDGE_CURVE('',#1309,#1347,#239,.T.);
#1662=EDGE_CURVE('',#1347,#1346,#751,.T.);
#1663=EDGE_CURVE('',#1348,#1308,#240,.T.);
#1664=EDGE_CURVE('',#1347,#1348,#241,.T.);
#1665=EDGE_CURVE('',#1345,#1342,#242,.T.);
#1666=EDGE_CURVE('',#1334,#1347,#243,.T.);
#1667=EDGE_CURVE('',#1349,#1348,#1179,.T.);
#1668=EDGE_CURVE('',#1349,#1350,#244,.T.);
#1669=EDGE_CURVE('',#1351,#1350,#1180,.T.);
#1670=EDGE_CURVE('',#1351,#1345,#245,.T.);
#1671=EDGE_CURVE('',#1343,#1352,#1181,.T.);
#1672=EDGE_CURVE('',#1352,#1353,#246,.T.);
#1673=EDGE_CURVE('',#1353,#1354,#1182,.T.);
#1674=EDGE_CURVE('',#1354,#1334,#247,.T.);
#1675=EDGE_CURVE('',#1338,#1332,#1183,.F.);
#1676=EDGE_CURVE('',#1335,#1331,#1184,.T.);
#1677=EDGE_CURVE('',#1340,#1337,#1185,.F.);
#1678=EDGE_CURVE('',#1336,#1341,#1186,.T.);
#1679=EDGE_CURVE('',#1289,#1352,#248,.T.);
#1680=EDGE_CURVE('',#1288,#1353,#249,.T.);
#1681=EDGE_CURVE('',#1287,#1354,#250,.T.);
#1682=EDGE_CURVE('',#1316,#1351,#251,.T.);
#1683=EDGE_CURVE('',#1350,#1304,#252,.T.);
#1684=EDGE_CURVE('',#1305,#1349,#253,.T.);
#1685=EDGE_CURVE('',#1355,#1356,#752,.T.);
#1686=EDGE_CURVE('',#1357,#1355,#254,.T.);
#1687=EDGE_CURVE('',#1358,#1357,#753,.T.);
#1688=EDGE_CURVE('',#1359,#1358,#255,.T.);
#1689=EDGE_CURVE('',#1360,#1359,#754,.T.);
#1690=EDGE_CURVE('',#1361,#1360,#256,.T.);
#1691=EDGE_CURVE('',#1362,#1361,#755,.T.);
#1692=EDGE_CURVE('',#1356,#1362,#257,.T.);
#1693=EDGE_CURVE('',#1363,#1356,#1187,.T.);
#1694=EDGE_CURVE('',#1364,#1363,#258,.T.);
#1695=EDGE_CURVE('',#1365,#1364,#1188,.T.);
#1696=EDGE_CURVE('',#1365,#1355,#259,.T.);
#1697=EDGE_CURVE('',#1361,#1366,#260,.T.);
#1698=EDGE_CURVE('',#1367,#1366,#1189,.T.);
#1699=EDGE_CURVE('',#1368,#1367,#261,.T.);
#1700=EDGE_CURVE('',#1368,#1362,#1190,.T.);
#1701=EDGE_CURVE('',#1368,#1369,#262,.T.);
#1702=EDGE_CURVE('',#1370,#1369,#1191,.T.);
#1703=EDGE_CURVE('',#1370,#1371,#263,.T.);
#1704=EDGE_CURVE('',#1372,#1371,#264,.T.);
#1705=EDGE_CURVE('',#1373,#1372,#265,.T.);
#1706=EDGE_CURVE('',#1374,#1373,#1192,.T.);
#1707=EDGE_CURVE('',#1374,#1375,#266,.T.);
#1708=EDGE_CURVE('',#1359,#1375,#1193,.T.);
#1709=EDGE_CURVE('',#1358,#1376,#1194,.T.);
#1710=EDGE_CURVE('',#1376,#1377,#267,.T.);
#1711=EDGE_CURVE('',#1377,#1378,#1195,.T.);
#1712=EDGE_CURVE('',#1378,#1379,#268,.T.);
#1713=EDGE_CURVE('',#1379,#1380,#1196,.T.);
#1714=EDGE_CURVE('',#1380,#1363,#269,.T.);
#1715=EDGE_CURVE('',#1360,#1381,#270,.T.);
#1716=EDGE_CURVE('',#1381,#1366,#1197,.T.);
#1717=EDGE_CURVE('',#1382,#1383,#756,.T.);
#1718=EDGE_CURVE('',#1384,#1382,#271,.T.);
#1719=EDGE_CURVE('',#1385,#1384,#757,.T.);
#1720=EDGE_CURVE('',#1386,#1385,#272,.T.);
#1721=EDGE_CURVE('',#1387,#1386,#758,.T.);
#1722=EDGE_CURVE('',#1388,#1387,#273,.T.);
#1723=EDGE_CURVE('',#1389,#1388,#759,.T.);
#1724=EDGE_CURVE('',#1383,#1389,#274,.T.);
#1725=EDGE_CURVE('',#1390,#1391,#760,.T.);
#1726=EDGE_CURVE('',#1392,#1390,#275,.T.);
#1727=EDGE_CURVE('',#1393,#1392,#761,.T.);
#1728=EDGE_CURVE('',#1394,#1393,#276,.T.);
#1729=EDGE_CURVE('',#1395,#1394,#762,.T.);
#1730=EDGE_CURVE('',#1396,#1395,#277,.T.);
#1731=EDGE_CURVE('',#1397,#1396,#763,.T.);
#1732=EDGE_CURVE('',#1391,#1397,#278,.T.);
#1733=EDGE_CURVE('',#1398,#1389,#279,.T.);
#1734=EDGE_CURVE('',#1399,#1398,#1198,.T.);
#1735=EDGE_CURVE('',#1399,#1400,#280,.T.);
#1736=EDGE_CURVE('',#1401,#1400,#281,.T.);
#1737=EDGE_CURVE('',#1402,#1401,#282,.T.);
#1738=EDGE_CURVE('',#1403,#1402,#1199,.T.);
#1739=EDGE_CURVE('',#1386,#1403,#283,.T.);
#1740=EDGE_CURVE('',#1385,#1404,#284,.T.);
#1741=EDGE_CURVE('',#1405,#1404,#1200,.T.);
#1742=EDGE_CURVE('',#1405,#1406,#285,.T.);
#1743=EDGE_CURVE('',#1406,#1407,#1201,.T.);
#1744=EDGE_CURVE('',#1407,#1408,#286,.T.);
#1745=EDGE_CURVE('',#1408,#1383,#1202,.T.);
#1746=EDGE_CURVE('',#1409,#1408,#287,.T.);
#1747=EDGE_CURVE('',#1390,#1409,#1203,.T.);
#1748=EDGE_CURVE('',#1391,#1382,#288,.T.);
#1749=EDGE_CURVE('',#1388,#1393,#289,.T.);
#1750=EDGE_CURVE('',#1392,#1389,#290,.T.);
#1751=EDGE_CURVE('',#1394,#1387,#291,.T.);
#1752=EDGE_CURVE('',#1410,#1411,#292,.T.);
#1753=EDGE_CURVE('',#1412,#1410,#293,.T.);
#1754=EDGE_CURVE('',#1413,#1412,#294,.T.);
#1755=EDGE_CURVE('',#1413,#1411,#295,.T.);
#1756=EDGE_CURVE('',#1411,#1414,#1204,.T.);
#1757=EDGE_CURVE('',#1415,#1413,#1205,.T.);
#1758=EDGE_CURVE('',#1415,#1414,#296,.T.);
#1759=EDGE_CURVE('',#1414,#1416,#297,.T.);
#1760=EDGE_CURVE('',#1417,#1415,#298,.T.);
#1761=EDGE_CURVE('',#1417,#1416,#299,.T.);
#1762=EDGE_CURVE('',#1416,#1410,#1206,.T.);
#1763=EDGE_CURVE('',#1412,#1417,#1207,.T.);
#1764=EDGE_CURVE('',#1418,#1419,#300,.T.);
#1765=EDGE_CURVE('',#1420,#1418,#301,.T.);
#1766=EDGE_CURVE('',#1421,#1420,#302,.T.);
#1767=EDGE_CURVE('',#1421,#1419,#303,.T.);
#1768=EDGE_CURVE('',#1419,#1422,#1208,.T.);
#1769=EDGE_CURVE('',#1423,#1421,#1209,.T.);
#1770=EDGE_CURVE('',#1423,#1422,#304,.T.);
#1771=EDGE_CURVE('',#1422,#1424,#305,.T.);
#1772=EDGE_CURVE('',#1425,#1423,#306,.T.);
#1773=EDGE_CURVE('',#1425,#1424,#307,.T.);
#1774=EDGE_CURVE('',#1424,#1418,#1210,.T.);
#1775=EDGE_CURVE('',#1420,#1425,#1211,.T.);
#1776=EDGE_CURVE('',#1426,#1427,#308,.T.);
#1777=EDGE_CURVE('',#1428,#1426,#309,.T.);
#1778=EDGE_CURVE('',#1429,#1428,#310,.T.);
#1779=EDGE_CURVE('',#1429,#1427,#311,.T.);
#1780=EDGE_CURVE('',#1427,#1430,#1212,.T.);
#1781=EDGE_CURVE('',#1431,#1429,#1213,.T.);
#1782=EDGE_CURVE('',#1431,#1430,#312,.T.);
#1783=EDGE_CURVE('',#1432,#1433,#313,.T.);
#1784=EDGE_CURVE('',#1434,#1432,#314,.T.);
#1785=EDGE_CURVE('',#1435,#1434,#315,.T.);
#1786=EDGE_CURVE('',#1435,#1433,#316,.T.);
#1787=EDGE_CURVE('',#1433,#1436,#1214,.T.);
#1788=EDGE_CURVE('',#1437,#1435,#1215,.T.);
#1789=EDGE_CURVE('',#1437,#1436,#317,.T.);
#1790=EDGE_CURVE('',#1436,#1438,#318,.T.);
#1791=EDGE_CURVE('',#1439,#1437,#319,.T.);
#1792=EDGE_CURVE('',#1438,#1439,#320,.T.);
#1793=EDGE_CURVE('',#1440,#1441,#321,.T.);
#1794=EDGE_CURVE('',#1442,#1440,#322,.T.);
#1795=EDGE_CURVE('',#1443,#1442,#323,.T.);
#1796=EDGE_CURVE('',#1443,#1441,#324,.T.);
#1797=EDGE_CURVE('',#1441,#1444,#1216,.T.);
#1798=EDGE_CURVE('',#1445,#1443,#1217,.T.);
#1799=EDGE_CURVE('',#1445,#1444,#325,.T.);
#1800=EDGE_CURVE('',#1444,#1446,#326,.T.);
#1801=EDGE_CURVE('',#1447,#1445,#327,.T.);
#1802=EDGE_CURVE('',#1446,#1447,#328,.T.);
#1803=EDGE_CURVE('',#1448,#1449,#1218,.T.);
#1804=EDGE_CURVE('',#1450,#1448,#329,.T.);
#1805=EDGE_CURVE('',#1451,#1450,#1219,.T.);
#1806=EDGE_CURVE('',#1451,#1449,#330,.T.);
#1807=EDGE_CURVE('',#1449,#1452,#331,.T.);
#1808=EDGE_CURVE('',#1453,#1451,#332,.T.);
#1809=EDGE_CURVE('',#1452,#1453,#333,.T.);
#1810=EDGE_CURVE('',#1440,#1454,#334,.T.);
#1811=EDGE_CURVE('',#1454,#1373,#335,.T.);
#1812=EDGE_CURVE('',#1442,#1372,#336,.T.);
#1813=EDGE_CURVE('',#1426,#1446,#337,.T.);
#1814=EDGE_CURVE('',#1428,#1447,#338,.T.);
#1815=EDGE_CURVE('',#1432,#1452,#339,.T.);
#1816=EDGE_CURVE('',#1434,#1453,#340,.T.);
#1817=EDGE_CURVE('',#1430,#1455,#341,.T.);
#1818=EDGE_CURVE('',#1402,#1455,#342,.T.);
#1819=EDGE_CURVE('',#1456,#1402,#343,.T.);
#1820=EDGE_CURVE('',#1456,#1457,#344,.T.);
#1821=EDGE_CURVE('',#1457,#1458,#1220,.T.);
#1822=EDGE_CURVE('',#1458,#1459,#345,.T.);
#1823=EDGE_CURVE('',#1460,#1459,#346,.T.);
#1824=EDGE_CURVE('',#1460,#1461,#347,.T.);
#1825=EDGE_CURVE('',#1461,#1462,#1221,.T.);
#1826=EDGE_CURVE('',#1462,#1463,#348,.T.);
#1827=EDGE_CURVE('',#1463,#1464,#1222,.T.);
#1828=EDGE_CURVE('',#1464,#1465,#349,.T.);
#1829=EDGE_CURVE('',#1465,#1466,#350,.T.);
#1830=EDGE_CURVE('',#1466,#1467,#351,.T.);
#1831=EDGE_CURVE('',#1467,#1468,#1223,.T.);
#1832=EDGE_CURVE('',#1468,#1469,#352,.T.);
#1833=EDGE_CURVE('',#1469,#1399,#353,.T.);
#1834=EDGE_CURVE('',#1470,#1399,#354,.T.);
#1835=EDGE_CURVE('',#1470,#1448,#355,.T.);
#1836=EDGE_CURVE('',#1471,#1438,#356,.T.);
#1837=EDGE_CURVE('',#1472,#1471,#357,.T.);
#1838=EDGE_CURVE('',#1472,#1473,#358,.T.);
#1839=EDGE_CURVE('',#1474,#1473,#1224,.T.);
#1840=EDGE_CURVE('',#1475,#1474,#359,.T.);
#1841=EDGE_CURVE('',#1454,#1475,#360,.T.);
#1842=EDGE_CURVE('',#1476,#1477,#361,.T.);
#1843=EDGE_CURVE('',#1477,#1478,#1225,.T.);
#1844=EDGE_CURVE('',#1478,#1479,#362,.T.);
#1845=EDGE_CURVE('',#1479,#1476,#1226,.T.);
#1846=EDGE_CURVE('',#1480,#1481,#363,.T.);
#1847=EDGE_CURVE('',#1481,#1482,#1227,.T.);
#1848=EDGE_CURVE('',#1482,#1483,#364,.T.);
#1849=EDGE_CURVE('',#1483,#1480,#1228,.T.);
#1850=EDGE_CURVE('',#1371,#1439,#365,.T.);
#1851=EDGE_CURVE('',#1431,#1450,#366,.T.);
#1852=EDGE_CURVE('',#1484,#1476,#367,.T.);
#1853=EDGE_CURVE('',#1485,#1484,#368,.T.);
#1854=EDGE_CURVE('',#1485,#1477,#369,.T.);
#1855=EDGE_CURVE('',#1486,#1485,#1229,.T.);
#1856=EDGE_CURVE('',#1486,#1478,#370,.T.);
#1857=EDGE_CURVE('',#1487,#1486,#371,.T.);
#1858=EDGE_CURVE('',#1487,#1479,#372,.T.);
#1859=EDGE_CURVE('',#1484,#1487,#1230,.T.);
#1860=EDGE_CURVE('',#1488,#1480,#373,.T.);
#1861=EDGE_CURVE('',#1489,#1488,#374,.T.);
#1862=EDGE_CURVE('',#1489,#1481,#375,.T.);
#1863=EDGE_CURVE('',#1490,#1489,#1231,.T.);
#1864=EDGE_CURVE('',#1490,#1482,#376,.T.);
#1865=EDGE_CURVE('',#1491,#1490,#377,.T.);
#1866=EDGE_CURVE('',#1491,#1483,#378,.T.);
#1867=EDGE_CURVE('',#1488,#1491,#1232,.T.);
#1868=EDGE_CURVE('',#1492,#1463,#379,.T.);
#1869=EDGE_CURVE('',#1493,#1492,#1233,.T.);
#1870=EDGE_CURVE('',#1493,#1464,#380,.T.);
#1871=EDGE_CURVE('',#1494,#1493,#381,.T.);
#1872=EDGE_CURVE('',#1465,#1494,#382,.T.);
#1873=EDGE_CURVE('',#1495,#1457,#383,.T.);
#1874=EDGE_CURVE('',#1496,#1495,#1234,.T.);
#1875=EDGE_CURVE('',#1496,#1458,#384,.T.);
#1876=EDGE_CURVE('',#1497,#1496,#385,.T.);
#1877=EDGE_CURVE('',#1459,#1497,#386,.T.);
#1878=EDGE_CURVE('',#1498,#1456,#387,.T.);
#1879=EDGE_CURVE('',#1495,#1498,#388,.T.);
#1880=EDGE_CURVE('',#1499,#1467,#389,.T.);
#1881=EDGE_CURVE('',#1500,#1499,#1235,.T.);
#1882=EDGE_CURVE('',#1500,#1468,#390,.T.);
#1883=EDGE_CURVE('',#1501,#1500,#391,.T.);
#1884=EDGE_CURVE('',#1469,#1501,#392,.T.);
#1885=EDGE_CURVE('',#1502,#1466,#393,.T.);
#1886=EDGE_CURVE('',#1499,#1502,#394,.T.);
#1887=EDGE_CURVE('',#1503,#1461,#395,.T.);
#1888=EDGE_CURVE('',#1504,#1503,#1236,.T.);
#1889=EDGE_CURVE('',#1462,#1504,#396,.T.);
#1890=EDGE_CURVE('',#1505,#1460,#397,.T.);
#1891=EDGE_CURVE('',#1503,#1505,#398,.T.);
#1892=EDGE_CURVE('',#1400,#1501,#399,.T.);
#1893=EDGE_CURVE('',#1492,#1504,#400,.T.);
#1894=EDGE_CURVE('',#1498,#1401,#401,.T.);
#1895=EDGE_CURVE('',#1397,#1384,#402,.T.);
#1896=EDGE_CURVE('',#1385,#1396,#403,.T.);
#1897=EDGE_CURVE('',#1396,#1506,#404,.T.);
#1898=EDGE_CURVE('',#1404,#1506,#405,.T.);
#1899=EDGE_CURVE('',#1506,#1507,#1237,.T.);
#1900=EDGE_CURVE('',#1507,#1405,#406,.T.);
#1901=EDGE_CURVE('',#1508,#1509,#407,.T.);
#1902=EDGE_CURVE('',#1509,#1510,#1238,.T.);
#1903=EDGE_CURVE('',#1510,#1365,#408,.T.);
#1904=EDGE_CURVE('',#1364,#1511,#409,.T.);
#1905=EDGE_CURVE('',#1511,#1512,#1239,.T.);
#1906=EDGE_CURVE('',#1512,#1513,#410,.T.);
#1907=EDGE_CURVE('',#1513,#1508,#1240,.T.);
#1908=EDGE_CURVE('',#1514,#1474,#1241,.T.);
#1909=EDGE_CURVE('',#1473,#1515,#1242,.T.);
#1910=EDGE_CURVE('',#1514,#1515,#1243,.T.);
#1911=EDGE_CURVE('',#1516,#1514,#411,.T.);
#1912=EDGE_CURVE('',#1515,#1367,#412,.T.);
#1913=EDGE_CURVE('',#1516,#1367,#1244,.T.);
#1914=EDGE_CURVE('',#1381,#1516,#1245,.T.);
#1915=EDGE_CURVE('',#1517,#1507,#413,.T.);
#1916=EDGE_CURVE('',#1517,#1406,#414,.T.);
#1917=EDGE_CURVE('',#1518,#1517,#1246,.T.);
#1918=EDGE_CURVE('',#1518,#1407,#415,.T.);
#1919=EDGE_CURVE('',#1409,#1518,#416,.T.);
#1920=EDGE_CURVE('',#1508,#1377,#417,.T.);
#1921=EDGE_CURVE('',#1509,#1376,#418,.T.);
#1922=EDGE_CURVE('',#1513,#1378,#419,.T.);
#1923=EDGE_CURVE('',#1512,#1379,#420,.T.);
#1924=EDGE_CURVE('',#1511,#1380,#421,.T.);
#1925=EDGE_CURVE('',#1510,#1357,#422,.T.);
#1926=EDGE_CURVE('',#1374,#1514,#423,.T.);
#1927=EDGE_CURVE('',#1375,#1516,#424,.T.);
#1928=EDGE_CURVE('',#1369,#1515,#425,.T.);
#1929=EDGE_CURVE('',#1370,#1472,#1247,.T.);
#1930=EDGE_CURVE('',#1475,#1373,#1248,.T.);
#1931=EDGE_CURVE('',#1471,#1370,#426,.T.);
#1932=EDGE_CURVE('',#1386,#1395,#427,.T.);
#1933=EDGE_CURVE('',#1395,#1519,#428,.T.);
#1934=EDGE_CURVE('',#1455,#1519,#1249,.T.);
#1935=EDGE_CURVE('',#1520,#1470,#1250,.T.);
#1936=EDGE_CURVE('',#1520,#1392,#429,.T.);
#1937=EDGE_CURVE('',#1398,#1520,#430,.T.);
#1938=EDGE_CURVE('',#1519,#1403,#431,.T.);
#1939=EDGE_CURVE('',#1502,#1494,#432,.T.);
#1940=EDGE_CURVE('',#1505,#1497,#433,.T.);
#1941=EDGE_CURVE('',#1521,#1522,#434,.F.);
#1942=EDGE_CURVE('',#1523,#1522,#435,.T.);
#1943=EDGE_CURVE('',#1523,#1524,#436,.T.);
#1944=EDGE_CURVE('',#1524,#1521,#437,.T.);
#1945=EDGE_CURVE('',#1522,#1525,#1251,.F.);
#1946=EDGE_CURVE('',#1526,#1525,#438,.T.);
#1947=EDGE_CURVE('',#1523,#1526,#1252,.T.);
#1948=EDGE_CURVE('',#1525,#1527,#439,.F.);
#1949=EDGE_CURVE('',#1528,#1527,#440,.T.);
#1950=EDGE_CURVE('',#1528,#1526,#441,.T.);
#1951=EDGE_CURVE('',#1527,#1521,#1253,.F.);
#1952=EDGE_CURVE('',#1524,#1528,#1254,.T.);
#1953=ORIENTED_EDGE('',*,*,#1529,.T.);
#1954=ORIENTED_EDGE('',*,*,#1530,.T.);
#1955=ORIENTED_EDGE('',*,*,#1531,.T.);
#1956=ORIENTED_EDGE('',*,*,#1532,.T.);
#1957=ORIENTED_EDGE('',*,*,#1530,.F.);
#1958=ORIENTED_EDGE('',*,*,#1533,.F.);
#1959=ORIENTED_EDGE('',*,*,#1534,.F.);
#1960=ORIENTED_EDGE('',*,*,#1535,.T.);
#1961=ORIENTED_EDGE('',*,*,#1531,.F.);
#1962=ORIENTED_EDGE('',*,*,#1532,.F.);
#1963=ORIENTED_EDGE('',*,*,#1535,.F.);
#1964=ORIENTED_EDGE('',*,*,#1536,.F.);
#1965=ORIENTED_EDGE('',*,*,#1537,.F.);
#1966=ORIENTED_EDGE('',*,*,#1538,.F.);
#1967=ORIENTED_EDGE('',*,*,#1539,.F.);
#1968=ORIENTED_EDGE('',*,*,#1529,.F.);
#1969=ORIENTED_EDGE('',*,*,#1540,.F.);
#1970=ORIENTED_EDGE('',*,*,#1541,.T.);
#1971=ORIENTED_EDGE('',*,*,#1542,.F.);
#1972=ORIENTED_EDGE('',*,*,#1543,.F.);
#1973=ORIENTED_EDGE('',*,*,#1541,.F.);
#1974=ORIENTED_EDGE('',*,*,#1544,.F.);
#1975=ORIENTED_EDGE('',*,*,#1545,.T.);
#1976=ORIENTED_EDGE('',*,*,#1536,.T.);
#1977=ORIENTED_EDGE('',*,*,#1546,.F.);
#1978=ORIENTED_EDGE('',*,*,#1547,.F.);
#1979=ORIENTED_EDGE('',*,*,#1546,.T.);
#1980=ORIENTED_EDGE('',*,*,#1539,.T.);
#1981=ORIENTED_EDGE('',*,*,#1548,.F.);
#1982=ORIENTED_EDGE('',*,*,#1549,.F.);
#1983=ORIENTED_EDGE('',*,*,#1548,.T.);
#1984=ORIENTED_EDGE('',*,*,#1538,.T.);
#1985=ORIENTED_EDGE('',*,*,#1550,.F.);
#1986=ORIENTED_EDGE('',*,*,#1551,.F.);
#1987=ORIENTED_EDGE('',*,*,#1550,.T.);
#1988=ORIENTED_EDGE('',*,*,#1537,.T.);
#1989=ORIENTED_EDGE('',*,*,#1545,.F.);
#1990=ORIENTED_EDGE('',*,*,#1552,.T.);
#1991=ORIENTED_EDGE('',*,*,#1553,.T.);
#1992=ORIENTED_EDGE('',*,*,#1554,.T.);
#1993=ORIENTED_EDGE('',*,*,#1555,.T.);
#1994=ORIENTED_EDGE('',*,*,#1556,.T.);
#1995=ORIENTED_EDGE('',*,*,#1557,.T.);
#1996=ORIENTED_EDGE('',*,*,#1558,.T.);
#1997=ORIENTED_EDGE('',*,*,#1559,.T.);
#1998=ORIENTED_EDGE('',*,*,#1553,.F.);
#1999=ORIENTED_EDGE('',*,*,#1560,.F.);
#2000=ORIENTED_EDGE('',*,*,#1551,.T.);
#2001=ORIENTED_EDGE('',*,*,#1561,.T.);
#2002=ORIENTED_EDGE('',*,*,#1552,.F.);
#2003=ORIENTED_EDGE('',*,*,#1562,.F.);
#2004=ORIENTED_EDGE('',*,*,#1549,.T.);
#2005=ORIENTED_EDGE('',*,*,#1560,.T.);
#2006=ORIENTED_EDGE('',*,*,#1555,.F.);
#2007=ORIENTED_EDGE('',*,*,#1563,.F.);
#2008=ORIENTED_EDGE('',*,*,#1547,.T.);
#2009=ORIENTED_EDGE('',*,*,#1562,.T.);
#2010=ORIENTED_EDGE('',*,*,#1554,.F.);
#2011=ORIENTED_EDGE('',*,*,#1561,.F.);
#2012=ORIENTED_EDGE('',*,*,#1544,.T.);
#2013=ORIENTED_EDGE('',*,*,#1563,.T.);
#2014=ORIENTED_EDGE('',*,*,#1564,.F.);
#2015=ORIENTED_EDGE('',*,*,#1565,.T.);
#2016=ORIENTED_EDGE('',*,*,#1566,.F.);
#2017=ORIENTED_EDGE('',*,*,#1565,.F.);
#2018=ORIENTED_EDGE('',*,*,#1533,.T.);
#2019=ORIENTED_EDGE('',*,*,#1534,.T.);
#2020=ORIENTED_EDGE('',*,*,#1542,.T.);
#2021=ORIENTED_EDGE('',*,*,#1543,.T.);
#2022=ORIENTED_EDGE('',*,*,#1567,.T.);
#2023=ORIENTED_EDGE('',*,*,#1568,.T.);
#2024=ORIENTED_EDGE('',*,*,#1556,.F.);
#2025=ORIENTED_EDGE('',*,*,#1569,.F.);
#2026=ORIENTED_EDGE('',*,*,#1564,.T.);
#2027=ORIENTED_EDGE('',*,*,#1570,.T.);
#2028=ORIENTED_EDGE('',*,*,#1569,.T.);
#2029=ORIENTED_EDGE('',*,*,#1559,.F.);
#2030=ORIENTED_EDGE('',*,*,#1571,.F.);
#2031=ORIENTED_EDGE('',*,*,#1572,.T.);
#2032=ORIENTED_EDGE('',*,*,#1571,.T.);
#2033=ORIENTED_EDGE('',*,*,#1558,.F.);
#2034=ORIENTED_EDGE('',*,*,#1573,.F.);
#2035=ORIENTED_EDGE('',*,*,#1566,.T.);
#2036=ORIENTED_EDGE('',*,*,#1574,.T.);
#2037=ORIENTED_EDGE('',*,*,#1573,.T.);
#2038=ORIENTED_EDGE('',*,*,#1557,.F.);
#2039=ORIENTED_EDGE('',*,*,#1568,.F.);
#2040=ORIENTED_EDGE('',*,*,#1574,.F.);
#2041=ORIENTED_EDGE('',*,*,#1567,.F.);
#2042=ORIENTED_EDGE('',*,*,#1570,.F.);
#2043=ORIENTED_EDGE('',*,*,#1572,.F.);
#2044=ORIENTED_EDGE('',*,*,#1540,.T.);
#2045=ORIENTED_EDGE('',*,*,#1575,.F.);
#2046=ORIENTED_EDGE('',*,*,#1576,.F.);
#2047=ORIENTED_EDGE('',*,*,#1577,.F.);
#2048=ORIENTED_EDGE('',*,*,#1578,.F.);
#2049=ORIENTED_EDGE('',*,*,#1579,.F.);
#2050=ORIENTED_EDGE('',*,*,#1580,.F.);
#2051=ORIENTED_EDGE('',*,*,#1581,.F.);
#2052=ORIENTED_EDGE('',*,*,#1582,.F.);
#2053=ORIENTED_EDGE('',*,*,#1583,.F.);
#2054=ORIENTED_EDGE('',*,*,#1583,.T.);
#2055=ORIENTED_EDGE('',*,*,#1584,.T.);
#2056=ORIENTED_EDGE('',*,*,#1585,.T.);
#2057=ORIENTED_EDGE('',*,*,#1586,.T.);
#2058=ORIENTED_EDGE('',*,*,#1584,.F.);
#2059=ORIENTED_EDGE('',*,*,#1587,.F.);
#2060=ORIENTED_EDGE('',*,*,#1588,.F.);
#2061=ORIENTED_EDGE('',*,*,#1589,.T.);
#2062=ORIENTED_EDGE('',*,*,#1585,.F.);
#2063=ORIENTED_EDGE('',*,*,#1586,.F.);
#2064=ORIENTED_EDGE('',*,*,#1589,.F.);
#2065=ORIENTED_EDGE('',*,*,#1590,.F.);
#2066=ORIENTED_EDGE('',*,*,#1591,.T.);
#2067=ORIENTED_EDGE('',*,*,#1592,.F.);
#2068=ORIENTED_EDGE('',*,*,#1593,.F.);
#2069=ORIENTED_EDGE('',*,*,#1591,.F.);
#2070=ORIENTED_EDGE('',*,*,#1594,.F.);
#2071=ORIENTED_EDGE('',*,*,#1595,.T.);
#2072=ORIENTED_EDGE('',*,*,#1596,.F.);
#2073=ORIENTED_EDGE('',*,*,#1597,.F.);
#2074=ORIENTED_EDGE('',*,*,#1598,.F.);
#2075=ORIENTED_EDGE('',*,*,#1599,.F.);
#2076=ORIENTED_EDGE('',*,*,#1600,.F.);
#2077=ORIENTED_EDGE('',*,*,#1599,.T.);
#2078=ORIENTED_EDGE('',*,*,#1601,.F.);
#2079=ORIENTED_EDGE('',*,*,#1602,.F.);
#2080=ORIENTED_EDGE('',*,*,#1603,.F.);
#2081=ORIENTED_EDGE('',*,*,#1604,.F.);
#2082=ORIENTED_EDGE('',*,*,#1605,.F.);
#2083=ORIENTED_EDGE('',*,*,#1604,.T.);
#2084=ORIENTED_EDGE('',*,*,#1606,.F.);
#2085=ORIENTED_EDGE('',*,*,#1607,.F.);
#2086=ORIENTED_EDGE('',*,*,#1608,.F.);
#2087=ORIENTED_EDGE('',*,*,#1609,.F.);
#2088=ORIENTED_EDGE('',*,*,#1610,.F.);
#2089=ORIENTED_EDGE('',*,*,#1609,.T.);
#2090=ORIENTED_EDGE('',*,*,#1611,.F.);
#2091=ORIENTED_EDGE('',*,*,#1612,.F.);
#2092=ORIENTED_EDGE('',*,*,#1613,.F.);
#2093=ORIENTED_EDGE('',*,*,#1595,.F.);
#2094=ORIENTED_EDGE('',*,*,#1614,.T.);
#2095=ORIENTED_EDGE('',*,*,#1615,.T.);
#2096=ORIENTED_EDGE('',*,*,#1616,.T.);
#2097=ORIENTED_EDGE('',*,*,#1617,.T.);
#2098=ORIENTED_EDGE('',*,*,#1618,.T.);
#2099=ORIENTED_EDGE('',*,*,#1619,.T.);
#2100=ORIENTED_EDGE('',*,*,#1620,.T.);
#2101=ORIENTED_EDGE('',*,*,#1621,.T.);
#2102=ORIENTED_EDGE('',*,*,#1615,.F.);
#2103=ORIENTED_EDGE('',*,*,#1622,.F.);
#2104=ORIENTED_EDGE('',*,*,#1610,.T.);
#2105=ORIENTED_EDGE('',*,*,#1623,.T.);
#2106=ORIENTED_EDGE('',*,*,#1614,.F.);
#2107=ORIENTED_EDGE('',*,*,#1624,.F.);
#2108=ORIENTED_EDGE('',*,*,#1605,.T.);
#2109=ORIENTED_EDGE('',*,*,#1622,.T.);
#2110=ORIENTED_EDGE('',*,*,#1617,.F.);
#2111=ORIENTED_EDGE('',*,*,#1625,.F.);
#2112=ORIENTED_EDGE('',*,*,#1600,.T.);
#2113=ORIENTED_EDGE('',*,*,#1624,.T.);
#2114=ORIENTED_EDGE('',*,*,#1616,.F.);
#2115=ORIENTED_EDGE('',*,*,#1623,.F.);
#2116=ORIENTED_EDGE('',*,*,#1594,.T.);
#2117=ORIENTED_EDGE('',*,*,#1625,.T.);
#2118=ORIENTED_EDGE('',*,*,#1626,.F.);
#2119=ORIENTED_EDGE('',*,*,#1627,.T.);
#2120=ORIENTED_EDGE('',*,*,#1628,.F.);
#2121=ORIENTED_EDGE('',*,*,#1627,.F.);
#2122=ORIENTED_EDGE('',*,*,#1587,.T.);
#2123=ORIENTED_EDGE('',*,*,#1588,.T.);
#2124=ORIENTED_EDGE('',*,*,#1592,.T.);
#2125=ORIENTED_EDGE('',*,*,#1593,.T.);
#2126=ORIENTED_EDGE('',*,*,#1629,.T.);
#2127=ORIENTED_EDGE('',*,*,#1630,.T.);
#2128=ORIENTED_EDGE('',*,*,#1618,.F.);
#2129=ORIENTED_EDGE('',*,*,#1631,.F.);
#2130=ORIENTED_EDGE('',*,*,#1626,.T.);
#2131=ORIENTED_EDGE('',*,*,#1632,.T.);
#2132=ORIENTED_EDGE('',*,*,#1631,.T.);
#2133=ORIENTED_EDGE('',*,*,#1621,.F.);
#2134=ORIENTED_EDGE('',*,*,#1633,.F.);
#2135=ORIENTED_EDGE('',*,*,#1634,.T.);
#2136=ORIENTED_EDGE('',*,*,#1633,.T.);
#2137=ORIENTED_EDGE('',*,*,#1620,.F.);
#2138=ORIENTED_EDGE('',*,*,#1635,.F.);
#2139=ORIENTED_EDGE('',*,*,#1628,.T.);
#2140=ORIENTED_EDGE('',*,*,#1636,.T.);
#2141=ORIENTED_EDGE('',*,*,#1635,.T.);
#2142=ORIENTED_EDGE('',*,*,#1619,.F.);
#2143=ORIENTED_EDGE('',*,*,#1630,.F.);
#2144=ORIENTED_EDGE('',*,*,#1636,.F.);
#2145=ORIENTED_EDGE('',*,*,#1629,.F.);
#2146=ORIENTED_EDGE('',*,*,#1632,.F.);
#2147=ORIENTED_EDGE('',*,*,#1634,.F.);
#2148=ORIENTED_EDGE('',*,*,#1590,.T.);
#2149=ORIENTED_EDGE('',*,*,#1575,.T.);
#2150=ORIENTED_EDGE('',*,*,#1637,.T.);
#2151=ORIENTED_EDGE('',*,*,#1638,.T.);
#2152=ORIENTED_EDGE('',*,*,#1639,.T.);
#2153=ORIENTED_EDGE('',*,*,#1640,.T.);
#2154=ORIENTED_EDGE('',*,*,#1641,.F.);
#2155=ORIENTED_EDGE('',*,*,#1582,.T.);
#2156=ORIENTED_EDGE('',*,*,#1642,.T.);
#2157=ORIENTED_EDGE('',*,*,#1643,.T.);
#2158=ORIENTED_EDGE('',*,*,#1644,.T.);
#2159=ORIENTED_EDGE('',*,*,#1645,.T.);
#2160=ORIENTED_EDGE('',*,*,#1646,.T.);
#2161=ORIENTED_EDGE('',*,*,#1647,.T.);
#2162=ORIENTED_EDGE('',*,*,#1639,.F.);
#2163=ORIENTED_EDGE('',*,*,#1648,.T.);
#2164=ORIENTED_EDGE('',*,*,#1649,.T.);
#2165=ORIENTED_EDGE('',*,*,#1650,.T.);
#2166=ORIENTED_EDGE('',*,*,#1637,.F.);
#2167=ORIENTED_EDGE('',*,*,#1581,.T.);
#2168=ORIENTED_EDGE('',*,*,#1651,.T.);
#2169=ORIENTED_EDGE('',*,*,#1652,.T.);
#2170=ORIENTED_EDGE('',*,*,#1646,.F.);
#2171=ORIENTED_EDGE('',*,*,#1653,.F.);
#2172=ORIENTED_EDGE('',*,*,#1642,.F.);
#2173=ORIENTED_EDGE('',*,*,#1580,.T.);
#2174=ORIENTED_EDGE('',*,*,#1654,.T.);
#2175=ORIENTED_EDGE('',*,*,#1655,.F.);
#2176=ORIENTED_EDGE('',*,*,#1651,.F.);
#2177=ORIENTED_EDGE('',*,*,#1611,.T.);
#2178=ORIENTED_EDGE('',*,*,#1608,.T.);
#2179=ORIENTED_EDGE('',*,*,#1656,.T.);
#2180=ORIENTED_EDGE('',*,*,#1657,.T.);
#2181=ORIENTED_EDGE('',*,*,#1658,.T.);
#2182=ORIENTED_EDGE('',*,*,#1607,.T.);
#2183=ORIENTED_EDGE('',*,*,#1659,.F.);
#2184=ORIENTED_EDGE('',*,*,#1660,.T.);
#2185=ORIENTED_EDGE('',*,*,#1656,.F.);
#2186=ORIENTED_EDGE('',*,*,#1606,.T.);
#2187=ORIENTED_EDGE('',*,*,#1603,.T.);
#2188=ORIENTED_EDGE('',*,*,#1661,.T.);
#2189=ORIENTED_EDGE('',*,*,#1662,.T.);
#2190=ORIENTED_EDGE('',*,*,#1659,.T.);
#2191=ORIENTED_EDGE('',*,*,#1602,.T.);
#2192=ORIENTED_EDGE('',*,*,#1663,.F.);
#2193=ORIENTED_EDGE('',*,*,#1664,.F.);
#2194=ORIENTED_EDGE('',*,*,#1661,.F.);
#2195=ORIENTED_EDGE('',*,*,#1640,.F.);
#2196=ORIENTED_EDGE('',*,*,#1647,.F.);
#2197=ORIENTED_EDGE('',*,*,#1652,.F.);
#2198=ORIENTED_EDGE('',*,*,#1665,.F.);
#2199=ORIENTED_EDGE('',*,*,#1657,.F.);
#2200=ORIENTED_EDGE('',*,*,#1660,.F.);
#2201=ORIENTED_EDGE('',*,*,#1662,.F.);
#2202=ORIENTED_EDGE('',*,*,#1666,.F.);
#2203=ORIENTED_EDGE('',*,*,#1666,.T.);
#2204=ORIENTED_EDGE('',*,*,#1664,.T.);
#2205=ORIENTED_EDGE('',*,*,#1667,.F.);
#2206=ORIENTED_EDGE('',*,*,#1668,.T.);
#2207=ORIENTED_EDGE('',*,*,#1669,.F.);
#2208=ORIENTED_EDGE('',*,*,#1670,.T.);
#2209=ORIENTED_EDGE('',*,*,#1665,.T.);
#2210=ORIENTED_EDGE('',*,*,#1655,.T.);
#2211=ORIENTED_EDGE('',*,*,#1671,.T.);
#2212=ORIENTED_EDGE('',*,*,#1672,.T.);
#2213=ORIENTED_EDGE('',*,*,#1673,.T.);
#2214=ORIENTED_EDGE('',*,*,#1674,.T.);
#2215=ORIENTED_EDGE('',*,*,#1675,.T.);
#2216=ORIENTED_EDGE('',*,*,#1638,.F.);
#2217=ORIENTED_EDGE('',*,*,#1676,.F.);
#2218=ORIENTED_EDGE('',*,*,#1653,.T.);
#2219=ORIENTED_EDGE('',*,*,#1677,.T.);
#2220=ORIENTED_EDGE('',*,*,#1644,.F.);
#2221=ORIENTED_EDGE('',*,*,#1678,.T.);
#2222=ORIENTED_EDGE('',*,*,#1649,.F.);
#2223=ORIENTED_EDGE('',*,*,#1676,.T.);
#2224=ORIENTED_EDGE('',*,*,#1650,.F.);
#2225=ORIENTED_EDGE('',*,*,#1678,.F.);
#2226=ORIENTED_EDGE('',*,*,#1643,.F.);
#2227=ORIENTED_EDGE('',*,*,#1648,.F.);
#2228=ORIENTED_EDGE('',*,*,#1675,.F.);
#2229=ORIENTED_EDGE('',*,*,#1645,.F.);
#2230=ORIENTED_EDGE('',*,*,#1677,.F.);
#2231=ORIENTED_EDGE('',*,*,#1579,.T.);
#2232=ORIENTED_EDGE('',*,*,#1679,.T.);
#2233=ORIENTED_EDGE('',*,*,#1671,.F.);
#2234=ORIENTED_EDGE('',*,*,#1654,.F.);
#2235=ORIENTED_EDGE('',*,*,#1578,.T.);
#2236=ORIENTED_EDGE('',*,*,#1680,.T.);
#2237=ORIENTED_EDGE('',*,*,#1672,.F.);
#2238=ORIENTED_EDGE('',*,*,#1679,.F.);
#2239=ORIENTED_EDGE('',*,*,#1577,.T.);
#2240=ORIENTED_EDGE('',*,*,#1681,.T.);
#2241=ORIENTED_EDGE('',*,*,#1673,.F.);
#2242=ORIENTED_EDGE('',*,*,#1680,.F.);
#2243=ORIENTED_EDGE('',*,*,#1576,.T.);
#2244=ORIENTED_EDGE('',*,*,#1641,.T.);
#2245=ORIENTED_EDGE('',*,*,#1674,.F.);
#2246=ORIENTED_EDGE('',*,*,#1681,.F.);
#2247=ORIENTED_EDGE('',*,*,#1612,.T.);
#2248=ORIENTED_EDGE('',*,*,#1658,.F.);
#2249=ORIENTED_EDGE('',*,*,#1670,.F.);
#2250=ORIENTED_EDGE('',*,*,#1682,.F.);
#2251=ORIENTED_EDGE('',*,*,#1596,.T.);
#2252=ORIENTED_EDGE('',*,*,#1613,.T.);
#2253=ORIENTED_EDGE('',*,*,#1682,.T.);
#2254=ORIENTED_EDGE('',*,*,#1669,.T.);
#2255=ORIENTED_EDGE('',*,*,#1683,.T.);
#2256=ORIENTED_EDGE('',*,*,#1601,.T.);
#2257=ORIENTED_EDGE('',*,*,#1598,.T.);
#2258=ORIENTED_EDGE('',*,*,#1684,.T.);
#2259=ORIENTED_EDGE('',*,*,#1667,.T.);
#2260=ORIENTED_EDGE('',*,*,#1663,.T.);
#2261=ORIENTED_EDGE('',*,*,#1597,.T.);
#2262=ORIENTED_EDGE('',*,*,#1683,.F.);
#2263=ORIENTED_EDGE('',*,*,#1668,.F.);
#2264=ORIENTED_EDGE('',*,*,#1684,.F.);
#2265=ORIENTED_EDGE('',*,*,#1685,.F.);
#2266=ORIENTED_EDGE('',*,*,#1686,.F.);
#2267=ORIENTED_EDGE('',*,*,#1687,.F.);
#2268=ORIENTED_EDGE('',*,*,#1688,.F.);
#2269=ORIENTED_EDGE('',*,*,#1689,.F.);
#2270=ORIENTED_EDGE('',*,*,#1690,.F.);
#2271=ORIENTED_EDGE('',*,*,#1691,.F.);
#2272=ORIENTED_EDGE('',*,*,#1692,.F.);
#2273=ORIENTED_EDGE('',*,*,#1685,.T.);
#2274=ORIENTED_EDGE('',*,*,#1693,.F.);
#2275=ORIENTED_EDGE('',*,*,#1694,.F.);
#2276=ORIENTED_EDGE('',*,*,#1695,.F.);
#2277=ORIENTED_EDGE('',*,*,#1696,.T.);
#2278=ORIENTED_EDGE('',*,*,#1691,.T.);
#2279=ORIENTED_EDGE('',*,*,#1697,.T.);
#2280=ORIENTED_EDGE('',*,*,#1698,.F.);
#2281=ORIENTED_EDGE('',*,*,#1699,.F.);
#2282=ORIENTED_EDGE('',*,*,#1700,.T.);
#2283=ORIENTED_EDGE('',*,*,#1692,.T.);
#2284=ORIENTED_EDGE('',*,*,#1700,.F.);
#2285=ORIENTED_EDGE('',*,*,#1701,.T.);
#2286=ORIENTED_EDGE('',*,*,#1702,.F.);
#2287=ORIENTED_EDGE('',*,*,#1703,.T.);
#2288=ORIENTED_EDGE('',*,*,#1704,.F.);
#2289=ORIENTED_EDGE('',*,*,#1705,.F.);
#2290=ORIENTED_EDGE('',*,*,#1706,.F.);
#2291=ORIENTED_EDGE('',*,*,#1707,.T.);
#2292=ORIENTED_EDGE('',*,*,#1708,.F.);
#2293=ORIENTED_EDGE('',*,*,#1688,.T.);
#2294=ORIENTED_EDGE('',*,*,#1709,.T.);
#2295=ORIENTED_EDGE('',*,*,#1710,.T.);
#2296=ORIENTED_EDGE('',*,*,#1711,.T.);
#2297=ORIENTED_EDGE('',*,*,#1712,.T.);
#2298=ORIENTED_EDGE('',*,*,#1713,.T.);
#2299=ORIENTED_EDGE('',*,*,#1714,.T.);
#2300=ORIENTED_EDGE('',*,*,#1693,.T.);
#2301=ORIENTED_EDGE('',*,*,#1690,.T.);
#2302=ORIENTED_EDGE('',*,*,#1715,.T.);
#2303=ORIENTED_EDGE('',*,*,#1716,.T.);
#2304=ORIENTED_EDGE('',*,*,#1697,.F.);
#2305=ORIENTED_EDGE('',*,*,#1717,.F.);
#2306=ORIENTED_EDGE('',*,*,#1718,.F.);
#2307=ORIENTED_EDGE('',*,*,#1719,.F.);
#2308=ORIENTED_EDGE('',*,*,#1720,.F.);
#2309=ORIENTED_EDGE('',*,*,#1721,.F.);
#2310=ORIENTED_EDGE('',*,*,#1722,.F.);
#2311=ORIENTED_EDGE('',*,*,#1723,.F.);
#2312=ORIENTED_EDGE('',*,*,#1724,.F.);
#2313=ORIENTED_EDGE('',*,*,#1725,.F.);
#2314=ORIENTED_EDGE('',*,*,#1726,.F.);
#2315=ORIENTED_EDGE('',*,*,#1727,.F.);
#2316=ORIENTED_EDGE('',*,*,#1728,.F.);
#2317=ORIENTED_EDGE('',*,*,#1729,.F.);
#2318=ORIENTED_EDGE('',*,*,#1730,.F.);
#2319=ORIENTED_EDGE('',*,*,#1731,.F.);
#2320=ORIENTED_EDGE('',*,*,#1732,.F.);
#2321=ORIENTED_EDGE('',*,*,#1724,.T.);
#2322=ORIENTED_EDGE('',*,*,#1733,.F.);
#2323=ORIENTED_EDGE('',*,*,#1734,.F.);
#2324=ORIENTED_EDGE('',*,*,#1735,.T.);
#2325=ORIENTED_EDGE('',*,*,#1736,.F.);
#2326=ORIENTED_EDGE('',*,*,#1737,.F.);
#2327=ORIENTED_EDGE('',*,*,#1738,.F.);
#2328=ORIENTED_EDGE('',*,*,#1739,.F.);
#2329=ORIENTED_EDGE('',*,*,#1720,.T.);
#2330=ORIENTED_EDGE('',*,*,#1740,.T.);
#2331=ORIENTED_EDGE('',*,*,#1741,.F.);
#2332=ORIENTED_EDGE('',*,*,#1742,.T.);
#2333=ORIENTED_EDGE('',*,*,#1743,.T.);
#2334=ORIENTED_EDGE('',*,*,#1744,.T.);
#2335=ORIENTED_EDGE('',*,*,#1745,.T.);
#2336=ORIENTED_EDGE('',*,*,#1717,.T.);
#2337=ORIENTED_EDGE('',*,*,#1745,.F.);
#2338=ORIENTED_EDGE('',*,*,#1746,.F.);
#2339=ORIENTED_EDGE('',*,*,#1747,.F.);
#2340=ORIENTED_EDGE('',*,*,#1725,.T.);
#2341=ORIENTED_EDGE('',*,*,#1748,.T.);
#2342=ORIENTED_EDGE('',*,*,#1723,.T.);
#2343=ORIENTED_EDGE('',*,*,#1749,.T.);
#2344=ORIENTED_EDGE('',*,*,#1727,.T.);
#2345=ORIENTED_EDGE('',*,*,#1750,.T.);
#2346=ORIENTED_EDGE('',*,*,#1722,.T.);
#2347=ORIENTED_EDGE('',*,*,#1751,.F.);
#2348=ORIENTED_EDGE('',*,*,#1728,.T.);
#2349=ORIENTED_EDGE('',*,*,#1749,.F.);
#2350=ORIENTED_EDGE('',*,*,#1752,.F.);
#2351=ORIENTED_EDGE('',*,*,#1753,.F.);
#2352=ORIENTED_EDGE('',*,*,#1754,.F.);
#2353=ORIENTED_EDGE('',*,*,#1755,.T.);
#2354=ORIENTED_EDGE('',*,*,#1756,.F.);
#2355=ORIENTED_EDGE('',*,*,#1755,.F.);
#2356=ORIENTED_EDGE('',*,*,#1757,.F.);
#2357=ORIENTED_EDGE('',*,*,#1758,.T.);
#2358=ORIENTED_EDGE('',*,*,#1759,.F.);
#2359=ORIENTED_EDGE('',*,*,#1758,.F.);
#2360=ORIENTED_EDGE('',*,*,#1760,.F.);
#2361=ORIENTED_EDGE('',*,*,#1761,.T.);
#2362=ORIENTED_EDGE('',*,*,#1762,.F.);
#2363=ORIENTED_EDGE('',*,*,#1761,.F.);
#2364=ORIENTED_EDGE('',*,*,#1763,.F.);
#2365=ORIENTED_EDGE('',*,*,#1753,.T.);
#2366=ORIENTED_EDGE('',*,*,#1764,.F.);
#2367=ORIENTED_EDGE('',*,*,#1765,.F.);
#2368=ORIENTED_EDGE('',*,*,#1766,.F.);
#2369=ORIENTED_EDGE('',*,*,#1767,.T.);
#2370=ORIENTED_EDGE('',*,*,#1768,.F.);
#2371=ORIENTED_EDGE('',*,*,#1767,.F.);
#2372=ORIENTED_EDGE('',*,*,#1769,.F.);
#2373=ORIENTED_EDGE('',*,*,#1770,.T.);
#2374=ORIENTED_EDGE('',*,*,#1771,.F.);
#2375=ORIENTED_EDGE('',*,*,#1770,.F.);
#2376=ORIENTED_EDGE('',*,*,#1772,.F.);
#2377=ORIENTED_EDGE('',*,*,#1773,.T.);
#2378=ORIENTED_EDGE('',*,*,#1774,.F.);
#2379=ORIENTED_EDGE('',*,*,#1773,.F.);
#2380=ORIENTED_EDGE('',*,*,#1775,.F.);
#2381=ORIENTED_EDGE('',*,*,#1765,.T.);
#2382=ORIENTED_EDGE('',*,*,#1776,.F.);
#2383=ORIENTED_EDGE('',*,*,#1777,.F.);
#2384=ORIENTED_EDGE('',*,*,#1778,.F.);
#2385=ORIENTED_EDGE('',*,*,#1779,.T.);
#2386=ORIENTED_EDGE('',*,*,#1780,.F.);
#2387=ORIENTED_EDGE('',*,*,#1779,.F.);
#2388=ORIENTED_EDGE('',*,*,#1781,.F.);
#2389=ORIENTED_EDGE('',*,*,#1782,.T.);
#2390=ORIENTED_EDGE('',*,*,#1783,.F.);
#2391=ORIENTED_EDGE('',*,*,#1784,.F.);
#2392=ORIENTED_EDGE('',*,*,#1785,.F.);
#2393=ORIENTED_EDGE('',*,*,#1786,.T.);
#2394=ORIENTED_EDGE('',*,*,#1787,.F.);
#2395=ORIENTED_EDGE('',*,*,#1786,.F.);
#2396=ORIENTED_EDGE('',*,*,#1788,.F.);
#2397=ORIENTED_EDGE('',*,*,#1789,.T.);
#2398=ORIENTED_EDGE('',*,*,#1790,.F.);
#2399=ORIENTED_EDGE('',*,*,#1789,.F.);
#2400=ORIENTED_EDGE('',*,*,#1791,.F.);
#2401=ORIENTED_EDGE('',*,*,#1792,.F.);
#2402=ORIENTED_EDGE('',*,*,#1793,.F.);
#2403=ORIENTED_EDGE('',*,*,#1794,.F.);
#2404=ORIENTED_EDGE('',*,*,#1795,.F.);
#2405=ORIENTED_EDGE('',*,*,#1796,.T.);
#2406=ORIENTED_EDGE('',*,*,#1797,.F.);
#2407=ORIENTED_EDGE('',*,*,#1796,.F.);
#2408=ORIENTED_EDGE('',*,*,#1798,.F.);
#2409=ORIENTED_EDGE('',*,*,#1799,.T.);
#2410=ORIENTED_EDGE('',*,*,#1800,.F.);
#2411=ORIENTED_EDGE('',*,*,#1799,.F.);
#2412=ORIENTED_EDGE('',*,*,#1801,.F.);
#2413=ORIENTED_EDGE('',*,*,#1802,.F.);
#2414=ORIENTED_EDGE('',*,*,#1803,.F.);
#2415=ORIENTED_EDGE('',*,*,#1804,.F.);
#2416=ORIENTED_EDGE('',*,*,#1805,.F.);
#2417=ORIENTED_EDGE('',*,*,#1806,.T.);
#2418=ORIENTED_EDGE('',*,*,#1807,.F.);
#2419=ORIENTED_EDGE('',*,*,#1806,.F.);
#2420=ORIENTED_EDGE('',*,*,#1808,.F.);
#2421=ORIENTED_EDGE('',*,*,#1809,.F.);
#2422=ORIENTED_EDGE('',*,*,#1794,.T.);
#2423=ORIENTED_EDGE('',*,*,#1810,.T.);
#2424=ORIENTED_EDGE('',*,*,#1811,.T.);
#2425=ORIENTED_EDGE('',*,*,#1705,.T.);
#2426=ORIENTED_EDGE('',*,*,#1812,.F.);
#2427=ORIENTED_EDGE('',*,*,#1777,.T.);
#2428=ORIENTED_EDGE('',*,*,#1813,.T.);
#2429=ORIENTED_EDGE('',*,*,#1802,.T.);
#2430=ORIENTED_EDGE('',*,*,#1814,.F.);
#2431=ORIENTED_EDGE('',*,*,#1784,.T.);
#2432=ORIENTED_EDGE('',*,*,#1815,.T.);
#2433=ORIENTED_EDGE('',*,*,#1809,.T.);
#2434=ORIENTED_EDGE('',*,*,#1816,.F.);
#2435=ORIENTED_EDGE('',*,*,#1817,.T.);
#2436=ORIENTED_EDGE('',*,*,#1818,.F.);
#2437=ORIENTED_EDGE('',*,*,#1819,.F.);
#2438=ORIENTED_EDGE('',*,*,#1820,.T.);
#2439=ORIENTED_EDGE('',*,*,#1821,.T.);
#2440=ORIENTED_EDGE('',*,*,#1822,.T.);
#2441=ORIENTED_EDGE('',*,*,#1823,.F.);
#2442=ORIENTED_EDGE('',*,*,#1824,.T.);
#2443=ORIENTED_EDGE('',*,*,#1825,.T.);
#2444=ORIENTED_EDGE('',*,*,#1826,.T.);
#2445=ORIENTED_EDGE('',*,*,#1827,.T.);
#2446=ORIENTED_EDGE('',*,*,#1828,.T.);
#2447=ORIENTED_EDGE('',*,*,#1829,.T.);
#2448=ORIENTED_EDGE('',*,*,#1830,.T.);
#2449=ORIENTED_EDGE('',*,*,#1831,.T.);
#2450=ORIENTED_EDGE('',*,*,#1832,.T.);
#2451=ORIENTED_EDGE('',*,*,#1833,.T.);
#2452=ORIENTED_EDGE('',*,*,#1834,.F.);
#2453=ORIENTED_EDGE('',*,*,#1835,.T.);
#2454=ORIENTED_EDGE('',*,*,#1803,.T.);
#2455=ORIENTED_EDGE('',*,*,#1807,.T.);
#2456=ORIENTED_EDGE('',*,*,#1815,.F.);
#2457=ORIENTED_EDGE('',*,*,#1783,.T.);
#2458=ORIENTED_EDGE('',*,*,#1787,.T.);
#2459=ORIENTED_EDGE('',*,*,#1790,.T.);
#2460=ORIENTED_EDGE('',*,*,#1836,.F.);
#2461=ORIENTED_EDGE('',*,*,#1837,.F.);
#2462=ORIENTED_EDGE('',*,*,#1838,.T.);
#2463=ORIENTED_EDGE('',*,*,#1839,.F.);
#2464=ORIENTED_EDGE('',*,*,#1840,.F.);
#2465=ORIENTED_EDGE('',*,*,#1841,.F.);
#2466=ORIENTED_EDGE('',*,*,#1810,.F.);
#2467=ORIENTED_EDGE('',*,*,#1793,.T.);
#2468=ORIENTED_EDGE('',*,*,#1797,.T.);
#2469=ORIENTED_EDGE('',*,*,#1800,.T.);
#2470=ORIENTED_EDGE('',*,*,#1813,.F.);
#2471=ORIENTED_EDGE('',*,*,#1776,.T.);
#2472=ORIENTED_EDGE('',*,*,#1780,.T.);
#2473=ORIENTED_EDGE('',*,*,#1842,.T.);
#2474=ORIENTED_EDGE('',*,*,#1843,.T.);
#2475=ORIENTED_EDGE('',*,*,#1844,.T.);
#2476=ORIENTED_EDGE('',*,*,#1845,.T.);
#2477=ORIENTED_EDGE('',*,*,#1846,.T.);
#2478=ORIENTED_EDGE('',*,*,#1847,.T.);
#2479=ORIENTED_EDGE('',*,*,#1848,.T.);
#2480=ORIENTED_EDGE('',*,*,#1849,.T.);
#2481=ORIENTED_EDGE('',*,*,#1764,.T.);
#2482=ORIENTED_EDGE('',*,*,#1768,.T.);
#2483=ORIENTED_EDGE('',*,*,#1771,.T.);
#2484=ORIENTED_EDGE('',*,*,#1774,.T.);
#2485=ORIENTED_EDGE('',*,*,#1752,.T.);
#2486=ORIENTED_EDGE('',*,*,#1756,.T.);
#2487=ORIENTED_EDGE('',*,*,#1759,.T.);
#2488=ORIENTED_EDGE('',*,*,#1762,.T.);
#2489=ORIENTED_EDGE('',*,*,#1781,.T.);
#2490=ORIENTED_EDGE('',*,*,#1778,.T.);
#2491=ORIENTED_EDGE('',*,*,#1814,.T.);
#2492=ORIENTED_EDGE('',*,*,#1801,.T.);
#2493=ORIENTED_EDGE('',*,*,#1798,.T.);
#2494=ORIENTED_EDGE('',*,*,#1795,.T.);
#2495=ORIENTED_EDGE('',*,*,#1812,.T.);
#2496=ORIENTED_EDGE('',*,*,#1704,.T.);
#2497=ORIENTED_EDGE('',*,*,#1850,.T.);
#2498=ORIENTED_EDGE('',*,*,#1791,.T.);
#2499=ORIENTED_EDGE('',*,*,#1788,.T.);
#2500=ORIENTED_EDGE('',*,*,#1785,.T.);
#2501=ORIENTED_EDGE('',*,*,#1816,.T.);
#2502=ORIENTED_EDGE('',*,*,#1808,.T.);
#2503=ORIENTED_EDGE('',*,*,#1805,.T.);
#2504=ORIENTED_EDGE('',*,*,#1851,.F.);
#2505=ORIENTED_EDGE('',*,*,#1766,.T.);
#2506=ORIENTED_EDGE('',*,*,#1775,.T.);
#2507=ORIENTED_EDGE('',*,*,#1772,.T.);
#2508=ORIENTED_EDGE('',*,*,#1769,.T.);
#2509=ORIENTED_EDGE('',*,*,#1754,.T.);
#2510=ORIENTED_EDGE('',*,*,#1763,.T.);
#2511=ORIENTED_EDGE('',*,*,#1760,.T.);
#2512=ORIENTED_EDGE('',*,*,#1757,.T.);
#2513=ORIENTED_EDGE('',*,*,#1842,.F.);
#2514=ORIENTED_EDGE('',*,*,#1852,.F.);
#2515=ORIENTED_EDGE('',*,*,#1853,.F.);
#2516=ORIENTED_EDGE('',*,*,#1854,.T.);
#2517=ORIENTED_EDGE('',*,*,#1843,.F.);
#2518=ORIENTED_EDGE('',*,*,#1854,.F.);
#2519=ORIENTED_EDGE('',*,*,#1855,.F.);
#2520=ORIENTED_EDGE('',*,*,#1856,.T.);
#2521=ORIENTED_EDGE('',*,*,#1844,.F.);
#2522=ORIENTED_EDGE('',*,*,#1856,.F.);
#2523=ORIENTED_EDGE('',*,*,#1857,.F.);
#2524=ORIENTED_EDGE('',*,*,#1858,.T.);
#2525=ORIENTED_EDGE('',*,*,#1845,.F.);
#2526=ORIENTED_EDGE('',*,*,#1858,.F.);
#2527=ORIENTED_EDGE('',*,*,#1859,.F.);
#2528=ORIENTED_EDGE('',*,*,#1852,.T.);
#2529=ORIENTED_EDGE('',*,*,#1846,.F.);
#2530=ORIENTED_EDGE('',*,*,#1860,.F.);
#2531=ORIENTED_EDGE('',*,*,#1861,.F.);
#2532=ORIENTED_EDGE('',*,*,#1862,.T.);
#2533=ORIENTED_EDGE('',*,*,#1847,.F.);
#2534=ORIENTED_EDGE('',*,*,#1862,.F.);
#2535=ORIENTED_EDGE('',*,*,#1863,.F.);
#2536=ORIENTED_EDGE('',*,*,#1864,.T.);
#2537=ORIENTED_EDGE('',*,*,#1848,.F.);
#2538=ORIENTED_EDGE('',*,*,#1864,.F.);
#2539=ORIENTED_EDGE('',*,*,#1865,.F.);
#2540=ORIENTED_EDGE('',*,*,#1866,.T.);
#2541=ORIENTED_EDGE('',*,*,#1849,.F.);
#2542=ORIENTED_EDGE('',*,*,#1866,.F.);
#2543=ORIENTED_EDGE('',*,*,#1867,.F.);
#2544=ORIENTED_EDGE('',*,*,#1860,.T.);
#2545=ORIENTED_EDGE('',*,*,#1827,.F.);
#2546=ORIENTED_EDGE('',*,*,#1868,.F.);
#2547=ORIENTED_EDGE('',*,*,#1869,.F.);
#2548=ORIENTED_EDGE('',*,*,#1870,.T.);
#2549=ORIENTED_EDGE('',*,*,#1828,.F.);
#2550=ORIENTED_EDGE('',*,*,#1870,.F.);
#2551=ORIENTED_EDGE('',*,*,#1871,.F.);
#2552=ORIENTED_EDGE('',*,*,#1872,.F.);
#2553=ORIENTED_EDGE('',*,*,#1821,.F.);
#2554=ORIENTED_EDGE('',*,*,#1873,.F.);
#2555=ORIENTED_EDGE('',*,*,#1874,.F.);
#2556=ORIENTED_EDGE('',*,*,#1875,.T.);
#2557=ORIENTED_EDGE('',*,*,#1822,.F.);
#2558=ORIENTED_EDGE('',*,*,#1875,.F.);
#2559=ORIENTED_EDGE('',*,*,#1876,.F.);
#2560=ORIENTED_EDGE('',*,*,#1877,.F.);
#2561=ORIENTED_EDGE('',*,*,#1820,.F.);
#2562=ORIENTED_EDGE('',*,*,#1878,.F.);
#2563=ORIENTED_EDGE('',*,*,#1879,.F.);
#2564=ORIENTED_EDGE('',*,*,#1873,.T.);
#2565=ORIENTED_EDGE('',*,*,#1831,.F.);
#2566=ORIENTED_EDGE('',*,*,#1880,.F.);
#2567=ORIENTED_EDGE('',*,*,#1881,.F.);
#2568=ORIENTED_EDGE('',*,*,#1882,.T.);
#2569=ORIENTED_EDGE('',*,*,#1832,.F.);
#2570=ORIENTED_EDGE('',*,*,#1882,.F.);
#2571=ORIENTED_EDGE('',*,*,#1883,.F.);
#2572=ORIENTED_EDGE('',*,*,#1884,.F.);
#2573=ORIENTED_EDGE('',*,*,#1830,.F.);
#2574=ORIENTED_EDGE('',*,*,#1885,.F.);
#2575=ORIENTED_EDGE('',*,*,#1886,.F.);
#2576=ORIENTED_EDGE('',*,*,#1880,.T.);
#2577=ORIENTED_EDGE('',*,*,#1825,.F.);
#2578=ORIENTED_EDGE('',*,*,#1887,.F.);
#2579=ORIENTED_EDGE('',*,*,#1888,.F.);
#2580=ORIENTED_EDGE('',*,*,#1889,.F.);
#2581=ORIENTED_EDGE('',*,*,#1824,.F.);
#2582=ORIENTED_EDGE('',*,*,#1890,.F.);
#2583=ORIENTED_EDGE('',*,*,#1891,.F.);
#2584=ORIENTED_EDGE('',*,*,#1887,.T.);
#2585=ORIENTED_EDGE('',*,*,#1884,.T.);
#2586=ORIENTED_EDGE('',*,*,#1892,.F.);
#2587=ORIENTED_EDGE('',*,*,#1735,.F.);
#2588=ORIENTED_EDGE('',*,*,#1833,.F.);
#2589=ORIENTED_EDGE('',*,*,#1868,.T.);
#2590=ORIENTED_EDGE('',*,*,#1826,.F.);
#2591=ORIENTED_EDGE('',*,*,#1889,.T.);
#2592=ORIENTED_EDGE('',*,*,#1893,.F.);
#2593=ORIENTED_EDGE('',*,*,#1878,.T.);
#2594=ORIENTED_EDGE('',*,*,#1819,.T.);
#2595=ORIENTED_EDGE('',*,*,#1737,.T.);
#2596=ORIENTED_EDGE('',*,*,#1894,.F.);
#2597=ORIENTED_EDGE('',*,*,#1719,.T.);
#2598=ORIENTED_EDGE('',*,*,#1895,.F.);
#2599=ORIENTED_EDGE('',*,*,#1731,.T.);
#2600=ORIENTED_EDGE('',*,*,#1896,.F.);
#2601=ORIENTED_EDGE('',*,*,#1897,.T.);
#2602=ORIENTED_EDGE('',*,*,#1898,.F.);
#2603=ORIENTED_EDGE('',*,*,#1740,.F.);
#2604=ORIENTED_EDGE('',*,*,#1896,.T.);
#2605=ORIENTED_EDGE('',*,*,#1899,.T.);
#2606=ORIENTED_EDGE('',*,*,#1900,.T.);
#2607=ORIENTED_EDGE('',*,*,#1741,.T.);
#2608=ORIENTED_EDGE('',*,*,#1898,.T.);
#2609=ORIENTED_EDGE('',*,*,#1901,.T.);
#2610=ORIENTED_EDGE('',*,*,#1902,.T.);
#2611=ORIENTED_EDGE('',*,*,#1903,.T.);
#2612=ORIENTED_EDGE('',*,*,#1695,.T.);
#2613=ORIENTED_EDGE('',*,*,#1904,.T.);
#2614=ORIENTED_EDGE('',*,*,#1905,.T.);
#2615=ORIENTED_EDGE('',*,*,#1906,.T.);
#2616=ORIENTED_EDGE('',*,*,#1907,.T.);
#2617=ORIENTED_EDGE('',*,*,#1908,.T.);
#2618=ORIENTED_EDGE('',*,*,#1839,.T.);
#2619=ORIENTED_EDGE('',*,*,#1909,.T.);
#2620=ORIENTED_EDGE('',*,*,#1910,.F.);
#2621=ORIENTED_EDGE('',*,*,#1911,.T.);
#2622=ORIENTED_EDGE('',*,*,#1910,.T.);
#2623=ORIENTED_EDGE('',*,*,#1912,.T.);
#2624=ORIENTED_EDGE('',*,*,#1913,.F.);
#2625=ORIENTED_EDGE('',*,*,#1914,.T.);
#2626=ORIENTED_EDGE('',*,*,#1913,.T.);
#2627=ORIENTED_EDGE('',*,*,#1698,.T.);
#2628=ORIENTED_EDGE('',*,*,#1716,.F.);
#2629=ORIENTED_EDGE('',*,*,#1900,.F.);
#2630=ORIENTED_EDGE('',*,*,#1915,.F.);
#2631=ORIENTED_EDGE('',*,*,#1916,.T.);
#2632=ORIENTED_EDGE('',*,*,#1742,.F.);
#2633=ORIENTED_EDGE('',*,*,#1743,.F.);
#2634=ORIENTED_EDGE('',*,*,#1916,.F.);
#2635=ORIENTED_EDGE('',*,*,#1917,.F.);
#2636=ORIENTED_EDGE('',*,*,#1918,.T.);
#2637=ORIENTED_EDGE('',*,*,#1744,.F.);
#2638=ORIENTED_EDGE('',*,*,#1918,.F.);
#2639=ORIENTED_EDGE('',*,*,#1919,.F.);
#2640=ORIENTED_EDGE('',*,*,#1746,.T.);
#2641=ORIENTED_EDGE('',*,*,#1718,.T.);
#2642=ORIENTED_EDGE('',*,*,#1748,.F.);
#2643=ORIENTED_EDGE('',*,*,#1732,.T.);
#2644=ORIENTED_EDGE('',*,*,#1895,.T.);
#2645=ORIENTED_EDGE('',*,*,#1901,.F.);
#2646=ORIENTED_EDGE('',*,*,#1920,.T.);
#2647=ORIENTED_EDGE('',*,*,#1710,.F.);
#2648=ORIENTED_EDGE('',*,*,#1921,.F.);
#2649=ORIENTED_EDGE('',*,*,#1907,.F.);
#2650=ORIENTED_EDGE('',*,*,#1922,.T.);
#2651=ORIENTED_EDGE('',*,*,#1711,.F.);
#2652=ORIENTED_EDGE('',*,*,#1920,.F.);
#2653=ORIENTED_EDGE('',*,*,#1906,.F.);
#2654=ORIENTED_EDGE('',*,*,#1923,.T.);
#2655=ORIENTED_EDGE('',*,*,#1712,.F.);
#2656=ORIENTED_EDGE('',*,*,#1922,.F.);
#2657=ORIENTED_EDGE('',*,*,#1905,.F.);
#2658=ORIENTED_EDGE('',*,*,#1924,.T.);
#2659=ORIENTED_EDGE('',*,*,#1713,.F.);
#2660=ORIENTED_EDGE('',*,*,#1923,.F.);
#2661=ORIENTED_EDGE('',*,*,#1904,.F.);
#2662=ORIENTED_EDGE('',*,*,#1694,.T.);
#2663=ORIENTED_EDGE('',*,*,#1714,.F.);
#2664=ORIENTED_EDGE('',*,*,#1924,.F.);
#2665=ORIENTED_EDGE('',*,*,#1686,.T.);
#2666=ORIENTED_EDGE('',*,*,#1696,.F.);
#2667=ORIENTED_EDGE('',*,*,#1903,.F.);
#2668=ORIENTED_EDGE('',*,*,#1925,.T.);
#2669=ORIENTED_EDGE('',*,*,#1687,.T.);
#2670=ORIENTED_EDGE('',*,*,#1925,.F.);
#2671=ORIENTED_EDGE('',*,*,#1902,.F.);
#2672=ORIENTED_EDGE('',*,*,#1921,.T.);
#2673=ORIENTED_EDGE('',*,*,#1709,.F.);
#2674=ORIENTED_EDGE('',*,*,#1707,.F.);
#2675=ORIENTED_EDGE('',*,*,#1926,.T.);
#2676=ORIENTED_EDGE('',*,*,#1911,.F.);
#2677=ORIENTED_EDGE('',*,*,#1927,.F.);
#2678=ORIENTED_EDGE('',*,*,#1689,.T.);
#2679=ORIENTED_EDGE('',*,*,#1708,.T.);
#2680=ORIENTED_EDGE('',*,*,#1927,.T.);
#2681=ORIENTED_EDGE('',*,*,#1914,.F.);
#2682=ORIENTED_EDGE('',*,*,#1715,.F.);
#2683=ORIENTED_EDGE('',*,*,#1701,.F.);
#2684=ORIENTED_EDGE('',*,*,#1699,.T.);
#2685=ORIENTED_EDGE('',*,*,#1912,.F.);
#2686=ORIENTED_EDGE('',*,*,#1928,.F.);
#2687=ORIENTED_EDGE('',*,*,#1929,.F.);
#2688=ORIENTED_EDGE('',*,*,#1702,.T.);
#2689=ORIENTED_EDGE('',*,*,#1928,.T.);
#2690=ORIENTED_EDGE('',*,*,#1909,.F.);
#2691=ORIENTED_EDGE('',*,*,#1838,.F.);
#2692=ORIENTED_EDGE('',*,*,#1706,.T.);
#2693=ORIENTED_EDGE('',*,*,#1930,.F.);
#2694=ORIENTED_EDGE('',*,*,#1840,.T.);
#2695=ORIENTED_EDGE('',*,*,#1908,.F.);
#2696=ORIENTED_EDGE('',*,*,#1926,.F.);
#2697=ORIENTED_EDGE('',*,*,#1929,.T.);
#2698=ORIENTED_EDGE('',*,*,#1837,.T.);
#2699=ORIENTED_EDGE('',*,*,#1931,.T.);
#2700=ORIENTED_EDGE('',*,*,#1792,.T.);
#2701=ORIENTED_EDGE('',*,*,#1850,.F.);
#2702=ORIENTED_EDGE('',*,*,#1703,.F.);
#2703=ORIENTED_EDGE('',*,*,#1931,.F.);
#2704=ORIENTED_EDGE('',*,*,#1836,.T.);
#2705=ORIENTED_EDGE('',*,*,#1930,.T.);
#2706=ORIENTED_EDGE('',*,*,#1811,.F.);
#2707=ORIENTED_EDGE('',*,*,#1841,.T.);
#2708=ORIENTED_EDGE('',*,*,#1721,.T.);
#2709=ORIENTED_EDGE('',*,*,#1932,.T.);
#2710=ORIENTED_EDGE('',*,*,#1729,.T.);
#2711=ORIENTED_EDGE('',*,*,#1751,.T.);
#2712=ORIENTED_EDGE('',*,*,#1726,.T.);
#2713=ORIENTED_EDGE('',*,*,#1747,.T.);
#2714=ORIENTED_EDGE('',*,*,#1919,.T.);
#2715=ORIENTED_EDGE('',*,*,#1917,.T.);
#2716=ORIENTED_EDGE('',*,*,#1915,.T.);
#2717=ORIENTED_EDGE('',*,*,#1899,.F.);
#2718=ORIENTED_EDGE('',*,*,#1897,.F.);
#2719=ORIENTED_EDGE('',*,*,#1730,.T.);
#2720=ORIENTED_EDGE('',*,*,#1933,.T.);
#2721=ORIENTED_EDGE('',*,*,#1934,.F.);
#2722=ORIENTED_EDGE('',*,*,#1817,.F.);
#2723=ORIENTED_EDGE('',*,*,#1782,.F.);
#2724=ORIENTED_EDGE('',*,*,#1851,.T.);
#2725=ORIENTED_EDGE('',*,*,#1804,.T.);
#2726=ORIENTED_EDGE('',*,*,#1835,.F.);
#2727=ORIENTED_EDGE('',*,*,#1935,.F.);
#2728=ORIENTED_EDGE('',*,*,#1936,.T.);
#2729=ORIENTED_EDGE('',*,*,#1750,.F.);
#2730=ORIENTED_EDGE('',*,*,#1936,.F.);
#2731=ORIENTED_EDGE('',*,*,#1937,.F.);
#2732=ORIENTED_EDGE('',*,*,#1733,.T.);
#2733=ORIENTED_EDGE('',*,*,#1934,.T.);
#2734=ORIENTED_EDGE('',*,*,#1938,.T.);
#2735=ORIENTED_EDGE('',*,*,#1738,.T.);
#2736=ORIENTED_EDGE('',*,*,#1818,.T.);
#2737=ORIENTED_EDGE('',*,*,#1932,.F.);
#2738=ORIENTED_EDGE('',*,*,#1739,.T.);
#2739=ORIENTED_EDGE('',*,*,#1938,.F.);
#2740=ORIENTED_EDGE('',*,*,#1933,.F.);
#2741=ORIENTED_EDGE('',*,*,#1935,.T.);
#2742=ORIENTED_EDGE('',*,*,#1834,.T.);
#2743=ORIENTED_EDGE('',*,*,#1734,.T.);
#2744=ORIENTED_EDGE('',*,*,#1937,.T.);
#2745=ORIENTED_EDGE('',*,*,#1872,.T.);
#2746=ORIENTED_EDGE('',*,*,#1939,.F.);
#2747=ORIENTED_EDGE('',*,*,#1885,.T.);
#2748=ORIENTED_EDGE('',*,*,#1829,.F.);
#2749=ORIENTED_EDGE('',*,*,#1877,.T.);
#2750=ORIENTED_EDGE('',*,*,#1940,.F.);
#2751=ORIENTED_EDGE('',*,*,#1890,.T.);
#2752=ORIENTED_EDGE('',*,*,#1823,.T.);
#2753=ORIENTED_EDGE('',*,*,#1869,.T.);
#2754=ORIENTED_EDGE('',*,*,#1893,.T.);
#2755=ORIENTED_EDGE('',*,*,#1888,.T.);
#2756=ORIENTED_EDGE('',*,*,#1891,.T.);
#2757=ORIENTED_EDGE('',*,*,#1940,.T.);
#2758=ORIENTED_EDGE('',*,*,#1876,.T.);
#2759=ORIENTED_EDGE('',*,*,#1874,.T.);
#2760=ORIENTED_EDGE('',*,*,#1879,.T.);
#2761=ORIENTED_EDGE('',*,*,#1894,.T.);
#2762=ORIENTED_EDGE('',*,*,#1736,.T.);
#2763=ORIENTED_EDGE('',*,*,#1892,.T.);
#2764=ORIENTED_EDGE('',*,*,#1883,.T.);
#2765=ORIENTED_EDGE('',*,*,#1881,.T.);
#2766=ORIENTED_EDGE('',*,*,#1886,.T.);
#2767=ORIENTED_EDGE('',*,*,#1939,.T.);
#2768=ORIENTED_EDGE('',*,*,#1871,.T.);
#2769=ORIENTED_EDGE('',*,*,#1853,.T.);
#2770=ORIENTED_EDGE('',*,*,#1859,.T.);
#2771=ORIENTED_EDGE('',*,*,#1857,.T.);
#2772=ORIENTED_EDGE('',*,*,#1855,.T.);
#2773=ORIENTED_EDGE('',*,*,#1861,.T.);
#2774=ORIENTED_EDGE('',*,*,#1867,.T.);
#2775=ORIENTED_EDGE('',*,*,#1865,.T.);
#2776=ORIENTED_EDGE('',*,*,#1863,.T.);
#2777=ORIENTED_EDGE('',*,*,#1941,.T.);
#2778=ORIENTED_EDGE('',*,*,#1942,.F.);
#2779=ORIENTED_EDGE('',*,*,#1943,.T.);
#2780=ORIENTED_EDGE('',*,*,#1944,.T.);
#2781=ORIENTED_EDGE('',*,*,#1945,.T.);
#2782=ORIENTED_EDGE('',*,*,#1946,.F.);
#2783=ORIENTED_EDGE('',*,*,#1947,.F.);
#2784=ORIENTED_EDGE('',*,*,#1942,.T.);
#2785=ORIENTED_EDGE('',*,*,#1948,.T.);
#2786=ORIENTED_EDGE('',*,*,#1949,.F.);
#2787=ORIENTED_EDGE('',*,*,#1950,.T.);
#2788=ORIENTED_EDGE('',*,*,#1946,.T.);
#2789=ORIENTED_EDGE('',*,*,#1951,.T.);
#2790=ORIENTED_EDGE('',*,*,#1944,.F.);
#2791=ORIENTED_EDGE('',*,*,#1952,.T.);
#2792=ORIENTED_EDGE('',*,*,#1949,.T.);
#2793=ORIENTED_EDGE('',*,*,#1947,.T.);
#2794=ORIENTED_EDGE('',*,*,#1950,.F.);
#2795=ORIENTED_EDGE('',*,*,#1952,.F.);
#2796=ORIENTED_EDGE('',*,*,#1943,.F.);
#2797=ORIENTED_EDGE('',*,*,#1948,.F.);
#2798=ORIENTED_EDGE('',*,*,#1945,.F.);
#2799=ORIENTED_EDGE('',*,*,#1941,.F.);
#2800=ORIENTED_EDGE('',*,*,#1951,.F.);
#2801=TOROIDAL_SURFACE('',#2977,4.5,3.);
#2802=TOROIDAL_SURFACE('',#3005,4.5,3.);
#2803=ADVANCED_FACE('',(#819),#2801,.T.);
#2804=ADVANCED_FACE('',(#820),#764,.F.);
#2805=ADVANCED_FACE('',(#821,#37),#59,.T.);
#2806=ADVANCED_FACE('',(#822),#765,.F.);
#2807=ADVANCED_FACE('',(#823),#29,.F.);
#2808=ADVANCED_FACE('',(#824),#30,.F.);
#2809=ADVANCED_FACE('',(#825),#31,.F.);
#2810=ADVANCED_FACE('',(#826),#32,.F.);
#2811=ADVANCED_FACE('',(#827,#38),#60,.F.);
#2812=ADVANCED_FACE('',(#828),#61,.T.);
#2813=ADVANCED_FACE('',(#829),#62,.T.);
#2814=ADVANCED_FACE('',(#830),#63,.T.);
#2815=ADVANCED_FACE('',(#831),#64,.T.);
#2816=ADVANCED_FACE('',(#832,#39,#40),#766,.F.);
#2817=ADVANCED_FACE('',(#833,#41),#65,.T.);
#2818=ADVANCED_FACE('',(#834),#66,.T.);
#2819=ADVANCED_FACE('',(#835,#42),#67,.T.);
#2820=ADVANCED_FACE('',(#836),#68,.T.);
#2821=ADVANCED_FACE('',(#837,#43),#69,.F.);
#2822=ADVANCED_FACE('',(#838,#44),#70,.T.);
#2823=ADVANCED_FACE('',(#839),#2802,.T.);
#2824=ADVANCED_FACE('',(#840),#767,.F.);
#2825=ADVANCED_FACE('',(#841),#768,.F.);
#2826=ADVANCED_FACE('',(#842),#33,.F.);
#2827=ADVANCED_FACE('',(#843),#34,.F.);
#2828=ADVANCED_FACE('',(#844),#35,.F.);
#2829=ADVANCED_FACE('',(#845),#36,.F.);
#2830=ADVANCED_FACE('',(#846,#45),#71,.F.);
#2831=ADVANCED_FACE('',(#847),#72,.T.);
#2832=ADVANCED_FACE('',(#848),#73,.T.);
#2833=ADVANCED_FACE('',(#849),#74,.T.);
#2834=ADVANCED_FACE('',(#850),#75,.T.);
#2835=ADVANCED_FACE('',(#851,#46,#47),#769,.F.);
#2836=ADVANCED_FACE('',(#852,#48),#76,.T.);
#2837=ADVANCED_FACE('',(#853),#77,.T.);
#2838=ADVANCED_FACE('',(#854,#49),#78,.T.);
#2839=ADVANCED_FACE('',(#855),#79,.T.);
#2840=ADVANCED_FACE('',(#856,#50),#80,.F.);
#2841=ADVANCED_FACE('',(#857),#770,.F.);
#2842=ADVANCED_FACE('',(#858),#81,.F.);
#2843=ADVANCED_FACE('',(#859),#771,.F.);
#2844=ADVANCED_FACE('',(#860),#82,.F.);
#2845=ADVANCED_FACE('',(#861),#772,.T.);
#2846=ADVANCED_FACE('',(#862),#83,.T.);
#2847=ADVANCED_FACE('',(#863),#773,.T.);
#2848=ADVANCED_FACE('',(#864),#84,.T.);
#2849=ADVANCED_FACE('',(#865),#774,.F.);
#2850=ADVANCED_FACE('',(#866),#85,.T.);
#2851=ADVANCED_FACE('',(#867),#775,.T.);
#2852=ADVANCED_FACE('',(#868),#776,.F.);
#2853=ADVANCED_FACE('',(#869),#86,.T.);
#2854=ADVANCED_FACE('',(#870),#87,.T.);
#2855=ADVANCED_FACE('',(#871),#777,.F.);
#2856=ADVANCED_FACE('',(#872),#88,.F.);
#2857=ADVANCED_FACE('',(#873),#778,.F.);
#2858=ADVANCED_FACE('',(#874),#89,.F.);
#2859=ADVANCED_FACE('',(#875),#90,.T.);
#2860=ADVANCED_FACE('',(#876),#779,.T.);
#2861=ADVANCED_FACE('',(#877),#780,.T.);
#2862=ADVANCED_FACE('',(#878),#91,.T.);
#2863=ADVANCED_FACE('',(#879),#781,.F.);
#2864=ADVANCED_FACE('',(#880),#782,.F.);
#2865=ADVANCED_FACE('',(#881),#783,.T.);
#2866=ADVANCED_FACE('',(#882),#92,.F.);
#2867=ADVANCED_FACE('',(#883),#93,.T.);
#2868=ADVANCED_FACE('',(#884),#784,.F.);
#2869=ADVANCED_FACE('',(#885),#785,.F.);
#2870=ADVANCED_FACE('',(#886),#94,.F.);
#2871=ADVANCED_FACE('',(#887),#786,.F.);
#2872=ADVANCED_FACE('',(#888),#787,.T.);
#2873=ADVANCED_FACE('',(#889),#95,.T.);
#2874=ADVANCED_FACE('',(#890),#96,.F.);
#2875=ADVANCED_FACE('',(#891),#788,.F.);
#2876=ADVANCED_FACE('',(#892),#97,.F.);
#2877=ADVANCED_FACE('',(#893),#789,.F.);
#2878=ADVANCED_FACE('',(#894),#98,.F.);
#2879=ADVANCED_FACE('',(#895),#790,.F.);
#2880=ADVANCED_FACE('',(#896),#99,.F.);
#2881=ADVANCED_FACE('',(#897),#791,.F.);
#2882=ADVANCED_FACE('',(#898),#100,.F.);
#2883=ADVANCED_FACE('',(#899),#792,.F.);
#2884=ADVANCED_FACE('',(#900),#101,.F.);
#2885=ADVANCED_FACE('',(#901),#793,.F.);
#2886=ADVANCED_FACE('',(#902),#102,.F.);
#2887=ADVANCED_FACE('',(#903),#103,.F.);
#2888=ADVANCED_FACE('',(#904),#794,.F.);
#2889=ADVANCED_FACE('',(#905),#104,.F.);
#2890=ADVANCED_FACE('',(#906),#795,.F.);
#2891=ADVANCED_FACE('',(#907),#105,.F.);
#2892=ADVANCED_FACE('',(#908),#106,.T.);
#2893=ADVANCED_FACE('',(#909),#107,.T.);
#2894=ADVANCED_FACE('',(#910),#108,.T.);
#2895=ADVANCED_FACE('',(#911,#51,#52,#53,#54),#109,.T.);
#2896=ADVANCED_FACE('',(#912,#55,#56),#110,.T.);
#2897=ADVANCED_FACE('',(#913),#111,.F.);
#2898=ADVANCED_FACE('',(#914),#796,.F.);
#2899=ADVANCED_FACE('',(#915),#112,.F.);
#2900=ADVANCED_FACE('',(#916),#797,.F.);
#2901=ADVANCED_FACE('',(#917),#113,.F.);
#2902=ADVANCED_FACE('',(#918),#798,.F.);
#2903=ADVANCED_FACE('',(#919),#114,.F.);
#2904=ADVANCED_FACE('',(#920),#799,.F.);
#2905=ADVANCED_FACE('',(#921),#800,.F.);
#2906=ADVANCED_FACE('',(#922),#115,.F.);
#2907=ADVANCED_FACE('',(#923),#801,.F.);
#2908=ADVANCED_FACE('',(#924),#116,.F.);
#2909=ADVANCED_FACE('',(#925),#117,.F.);
#2910=ADVANCED_FACE('',(#926),#802,.F.);
#2911=ADVANCED_FACE('',(#927),#118,.F.);
#2912=ADVANCED_FACE('',(#928),#119,.F.);
#2913=ADVANCED_FACE('',(#929),#803,.F.);
#2914=ADVANCED_FACE('',(#930),#120,.F.);
#2915=ADVANCED_FACE('',(#931),#121,.T.);
#2916=ADVANCED_FACE('',(#932),#122,.T.);
#2917=ADVANCED_FACE('',(#933),#123,.T.);
#2918=ADVANCED_FACE('',(#934),#804,.F.);
#2919=ADVANCED_FACE('',(#935),#124,.T.);
#2920=ADVANCED_FACE('',(#936),#805,.F.);
#2921=ADVANCED_FACE('',(#937),#125,.F.);
#2922=ADVANCED_FACE('',(#938),#15,.F.);
#2923=ADVANCED_FACE('',(#939),#806,.T.);
#2924=ADVANCED_FACE('',(#940),#16,.F.);
#2925=ADVANCED_FACE('',(#941),#126,.F.);
#2926=ADVANCED_FACE('',(#942),#807,.F.);
#2927=ADVANCED_FACE('',(#943),#127,.F.);
#2928=ADVANCED_FACE('',(#944),#128,.F.);
#2929=ADVANCED_FACE('',(#945),#129,.F.);
#2930=ADVANCED_FACE('',(#946),#808,.F.);
#2931=ADVANCED_FACE('',(#947),#130,.F.);
#2932=ADVANCED_FACE('',(#948),#809,.F.);
#2933=ADVANCED_FACE('',(#949),#131,.F.);
#2934=ADVANCED_FACE('',(#950),#132,.F.);
#2935=ADVANCED_FACE('',(#951),#810,.F.);
#2936=ADVANCED_FACE('',(#952),#133,.T.);
#2937=ADVANCED_FACE('',(#953),#811,.T.);
#2938=ADVANCED_FACE('',(#954),#134,.T.);
#2939=ADVANCED_FACE('',(#955),#812,.T.);
#2940=ADVANCED_FACE('',(#956),#813,.T.);
#2941=ADVANCED_FACE('',(#957),#135,.T.);
#2942=ADVANCED_FACE('',(#958),#136,.T.);
#2943=ADVANCED_FACE('',(#959),#137,.T.);
#2944=ADVANCED_FACE('',(#960),#814,.T.);
#2945=ADVANCED_FACE('',(#961),#138,.T.);
#2946=ADVANCED_FACE('',(#962),#139,.T.);
#2947=ADVANCED_FACE('',(#963),#815,.T.);
#2948=ADVANCED_FACE('',(#964),#140,.T.);
#2949=ADVANCED_FACE('',(#965),#816,.T.);
#2950=ADVANCED_FACE('',(#966),#141,.T.);
#2951=ADVANCED_FACE('',(#967),#142,.T.);
#2952=ADVANCED_FACE('',(#968,#57,#58),#143,.T.);
#2953=ADVANCED_FACE('',(#969),#144,.T.);
#2954=ADVANCED_FACE('',(#970),#817,.T.);
#2955=ADVANCED_FACE('',(#971),#145,.T.);
#2956=ADVANCED_FACE('',(#972),#818,.F.);
#2957=ADVANCED_FACE('',(#973),#146,.T.);
#2958=ADVANCED_FACE('',(#974),#147,.T.);
#2959=CLOSED_SHELL('',(#2803,#2804,#2805,#2806,#2807,#2808,#2809,#2810,
#2811,#2812,#2813,#2814,#2815,#2816,#2817,#2818,#2819,#2820,#2821));
#2960=CLOSED_SHELL('',(#2822,#2823,#2824,#2825,#2826,#2827,#2828,#2829,
#2830,#2831,#2832,#2833,#2834,#2835,#2836,#2837,#2838,#2839,#2840,#2841,
#2842,#2843,#2844,#2845,#2846,#2847,#2848,#2849,#2850,#2851,#2852,#2853,
#2854,#2855,#2856,#2857,#2858,#2859,#2860,#2861,#2862));
#2961=CLOSED_SHELL('',(#2863,#2864,#2865,#2866,#2867,#2868,#2869,#2870,
#2871,#2872,#2873,#2874,#2875,#2876,#2877,#2878,#2879,#2880,#2881,#2882,
#2883,#2884,#2885,#2886,#2887,#2888,#2889,#2890,#2891,#2892,#2893,#2894,
#2895,#2896,#2897,#2898,#2899,#2900,#2901,#2902,#2903,#2904,#2905,#2906,
#2907,#2908,#2909,#2910,#2911,#2912,#2913,#2914,#2915,#2916,#2917,#2918,
#2919,#2920,#2921,#2922,#2923,#2924,#2925,#2926,#2927,#2928,#2929,#2930,
#2931,#2932,#2933,#2934,#2935,#2936,#2937,#2938,#2939,#2940,#2941,#2942,
#2943,#2944,#2945,#2946,#2947,#2948,#2949,#2950,#2951,#2952));
#2962=CLOSED_SHELL('',(#2953,#2954,#2955,#2956,#2957,#2958));
#2963=DERIVED_UNIT_ELEMENT(#2965,1.);
#2964=DERIVED_UNIT_ELEMENT(#5572,-3.);
#2965=(
MASS_UNIT()
NAMED_UNIT(*)
SI_UNIT(.KILO.,.GRAM.)
);
#2966=DERIVED_UNIT((#2963,#2964));
#2967=MEASURE_REPRESENTATION_ITEM('density measure',
POSITIVE_RATIO_MEASURE(7850.),#2966);
#2968=PROPERTY_DEFINITION_REPRESENTATION(#2973,#2970);
#2969=PROPERTY_DEFINITION_REPRESENTATION(#2974,#2971);
#2970=REPRESENTATION('material name',(#2972),#5569);
#2971=REPRESENTATION('density',(#2967),#5569);
#2972=DESCRIPTIVE_REPRESENTATION_ITEM('Steel','Steel');
#2973=PROPERTY_DEFINITION('material property','material name',#5584);
#2974=PROPERTY_DEFINITION('material property','density of part',#5584);
#2975=AXIS2_PLACEMENT_3D('',#4022,#3226,#3227);
#2976=AXIS2_PLACEMENT_3D('',#4023,#3228,#3229);
#2977=AXIS2_PLACEMENT_3D('',#4024,#3230,#3231);
#2978=AXIS2_PLACEMENT_3D('',#4026,#3232,#3233);
#2979=AXIS2_PLACEMENT_3D('',#4028,#3234,#3235);
#2980=AXIS2_PLACEMENT_3D('',#4030,#3236,#3237);
#2981=AXIS2_PLACEMENT_3D('',#4031,#3238,#3239);
#2982=AXIS2_PLACEMENT_3D('',#4032,#3240,#3241);
#2983=AXIS2_PLACEMENT_3D('',#4080,#3243,#3244);
#2984=AXIS2_PLACEMENT_3D('',#4119,#3245,#3246);
#2985=AXIS2_PLACEMENT_3D('',#4121,#3247,#3248);
#2986=AXIS2_PLACEMENT_3D('',#4317,#3258,#3259);
#2987=AXIS2_PLACEMENT_3D('',#4334,#3268,#3269);
#2988=AXIS2_PLACEMENT_3D('',#4337,#3272,#3273);
#2989=AXIS2_PLACEMENT_3D('',#4339,#3275,#3276);
#2990=AXIS2_PLACEMENT_3D('',#4341,#3278,#3279);
#2991=AXIS2_PLACEMENT_3D('',#4342,#3280,#3281);
#2992=AXIS2_PLACEMENT_3D('',#4344,#3282,#3283);
#2993=AXIS2_PLACEMENT_3D('',#4347,#3285,#3286);
#2994=AXIS2_PLACEMENT_3D('',#4348,#3287,#3288);
#2995=AXIS2_PLACEMENT_3D('',#4354,#3292,#3293);
#2996=AXIS2_PLACEMENT_3D('',#4358,#3296,#3297);
#2997=AXIS2_PLACEMENT_3D('',#4362,#3300,#3301);
#2998=AXIS2_PLACEMENT_3D('',#4364,#3303,#3304);
#2999=AXIS2_PLACEMENT_3D('',#4365,#3305,#3306);
#3000=AXIS2_PLACEMENT_3D('',#4368,#3307,#3308);
#3001=AXIS2_PLACEMENT_3D('',#4372,#3310,#3311);
#3002=AXIS2_PLACEMENT_3D('',#4376,#3313,#3314);
#3003=AXIS2_PLACEMENT_3D('',#4380,#3316,#3317);
#3004=AXIS2_PLACEMENT_3D('',#4383,#3319,#3320);
#3005=AXIS2_PLACEMENT_3D('',#4384,#3321,#3322);
#3006=AXIS2_PLACEMENT_3D('',#4386,#3323,#3324);
#3007=AXIS2_PLACEMENT_3D('',#4388,#3325,#3326);
#3008=AXIS2_PLACEMENT_3D('',#4389,#3327,#3328);
#3009=AXIS2_PLACEMENT_3D('',#4390,#3329,#3330);
#3010=AXIS2_PLACEMENT_3D('',#4438,#3332,#3333);
#3011=AXIS2_PLACEMENT_3D('',#4440,#3334,#3335);
#3012=AXIS2_PLACEMENT_3D('',#4526,#3339,#3340);
#3013=AXIS2_PLACEMENT_3D('',#4530,#3342,#3343);
#3014=AXIS2_PLACEMENT_3D('',#4571,#3346,#3347);
#3015=AXIS2_PLACEMENT_3D('',#4575,#3349,#3350);
#3016=AXIS2_PLACEMENT_3D('',#4612,#3353,#3354);
#3017=AXIS2_PLACEMENT_3D('',#4616,#3356,#3357);
#3018=AXIS2_PLACEMENT_3D('',#4656,#3360,#3361);
#3019=AXIS2_PLACEMENT_3D('',#4659,#3363,#3364);
#3020=AXIS2_PLACEMENT_3D('',#4660,#3365,#3366);
#3021=AXIS2_PLACEMENT_3D('',#4677,#3375,#3376);
#3022=AXIS2_PLACEMENT_3D('',#4680,#3379,#3380);
#3023=AXIS2_PLACEMENT_3D('',#4682,#3382,#3383);
#3024=AXIS2_PLACEMENT_3D('',#4684,#3385,#3386);
#3025=AXIS2_PLACEMENT_3D('',#4685,#3387,#3388);
#3026=AXIS2_PLACEMENT_3D('',#4687,#3389,#3390);
#3027=AXIS2_PLACEMENT_3D('',#4690,#3392,#3393);
#3028=AXIS2_PLACEMENT_3D('',#4691,#3394,#3395);
#3029=AXIS2_PLACEMENT_3D('',#4697,#3399,#3400);
#3030=AXIS2_PLACEMENT_3D('',#4701,#3403,#3404);
#3031=AXIS2_PLACEMENT_3D('',#4705,#3407,#3408);
#3032=AXIS2_PLACEMENT_3D('',#4707,#3410,#3411);
#3033=AXIS2_PLACEMENT_3D('',#4708,#3412,#3413);
#3034=AXIS2_PLACEMENT_3D('',#4733,#3418,#3419);
#3035=AXIS2_PLACEMENT_3D('',#4750,#3429,#3430);
#3036=AXIS2_PLACEMENT_3D('',#4770,#3433,#3434);
#3037=AXIS2_PLACEMENT_3D('',#4774,#3437,#3438);
#3038=AXIS2_PLACEMENT_3D('',#4795,#3441,#3442);
#3039=AXIS2_PLACEMENT_3D('',#4799,#3445,#3446);
#3040=AXIS2_PLACEMENT_3D('',#4818,#3448,#3449);
#3041=AXIS2_PLACEMENT_3D('',#4822,#3452,#3453);
#3042=AXIS2_PLACEMENT_3D('',#4825,#3456,#3457);
#3043=AXIS2_PLACEMENT_3D('',#4827,#3458,#3459);
#3044=AXIS2_PLACEMENT_3D('',#4831,#3461,#3462);
#3045=AXIS2_PLACEMENT_3D('',#4834,#3464,#3465);
#3046=AXIS2_PLACEMENT_3D('',#4838,#3467,#3468);
#3047=AXIS2_PLACEMENT_3D('',#4840,#3470,#3471);
#3048=AXIS2_PLACEMENT_3D('',#4841,#3472,#3473);
#3049=AXIS2_PLACEMENT_3D('',#4842,#3474,#3475);
#3050=AXIS2_PLACEMENT_3D('',#4843,#3476,#3477);
#3051=AXIS2_PLACEMENT_3D('',#4844,#3478,#3479);
#3052=AXIS2_PLACEMENT_3D('',#4845,#3480,#3481);
#3053=AXIS2_PLACEMENT_3D('',#4846,#3482,#3483);
#3054=AXIS2_PLACEMENT_3D('',#4847,#3484,#3485);
#3055=AXIS2_PLACEMENT_3D('',#4848,#3486,#3487);
#3056=AXIS2_PLACEMENT_3D('',#4850,#3489,#3490);
#3057=AXIS2_PLACEMENT_3D('',#4852,#3492,#3493);
#3058=AXIS2_PLACEMENT_3D('',#4854,#3495,#3496);
#3059=AXIS2_PLACEMENT_3D('',#4855,#3497,#3498);
#3060=AXIS2_PLACEMENT_3D('',#4857,#3500,#3501);
#3061=AXIS2_PLACEMENT_3D('',#4859,#3503,#3504);
#3062=AXIS2_PLACEMENT_3D('',#4861,#3506,#3507);
#3063=AXIS2_PLACEMENT_3D('',#4862,#3508,#3509);
#3064=AXIS2_PLACEMENT_3D('',#4923,#3514,#3515);
#3065=AXIS2_PLACEMENT_3D('',#4925,#3516,#3517);
#3066=AXIS2_PLACEMENT_3D('',#4929,#3519,#3520);
#3067=AXIS2_PLACEMENT_3D('',#4931,#3522,#3523);
#3068=AXIS2_PLACEMENT_3D('',#4935,#3525,#3526);
#3069=AXIS2_PLACEMENT_3D('',#4938,#3528,#3529);
#3070=AXIS2_PLACEMENT_3D('',#4939,#3530,#3531);
#3071=AXIS2_PLACEMENT_3D('',#4943,#3533,#3534);
#3072=AXIS2_PLACEMENT_3D('',#4951,#3538,#3539);
#3073=AXIS2_PLACEMENT_3D('',#4954,#3541,#3542);
#3074=AXIS2_PLACEMENT_3D('',#4956,#3543,#3544);
#3075=AXIS2_PLACEMENT_3D('',#4960,#3546,#3547);
#3076=AXIS2_PLACEMENT_3D('',#4964,#3549,#3550);
#3077=AXIS2_PLACEMENT_3D('',#4966,#3552,#3553);
#3078=AXIS2_PLACEMENT_3D('',#4969,#3555,#3556);
#3079=AXIS2_PLACEMENT_3D('',#4970,#3557,#3558);
#3080=AXIS2_PLACEMENT_3D('',#5033,#3563,#3564);
#3081=AXIS2_PLACEMENT_3D('',#5096,#3569,#3570);
#3082=AXIS2_PLACEMENT_3D('',#5100,#3572,#3573);
#3083=AXIS2_PLACEMENT_3D('',#5108,#3577,#3578);
#3084=AXIS2_PLACEMENT_3D('',#5113,#3581,#3582);
#3085=AXIS2_PLACEMENT_3D('',#5117,#3584,#3585);
#3086=AXIS2_PLACEMENT_3D('',#5120,#3587,#3588);
#3087=AXIS2_PLACEMENT_3D('',#5121,#3589,#3590);
#3088=AXIS2_PLACEMENT_3D('',#5124,#3592,#3593);
#3089=AXIS2_PLACEMENT_3D('',#5126,#3595,#3596);
#3090=AXIS2_PLACEMENT_3D('',#5129,#3599,#3600);
#3091=AXIS2_PLACEMENT_3D('',#5131,#3602,#3603);
#3092=AXIS2_PLACEMENT_3D('',#5140,#3608,#3609);
#3093=AXIS2_PLACEMENT_3D('',#5142,#3610,#3611);
#3094=AXIS2_PLACEMENT_3D('',#5144,#3612,#3613);
#3095=AXIS2_PLACEMENT_3D('',#5146,#3615,#3616);
#3096=AXIS2_PLACEMENT_3D('',#5152,#3620,#3621);
#3097=AXIS2_PLACEMENT_3D('',#5153,#3622,#3623);
#3098=AXIS2_PLACEMENT_3D('',#5154,#3624,#3625);
#3099=AXIS2_PLACEMENT_3D('',#5155,#3626,#3627);
#3100=AXIS2_PLACEMENT_3D('',#5164,#3632,#3633);
#3101=AXIS2_PLACEMENT_3D('',#5166,#3634,#3635);
#3102=AXIS2_PLACEMENT_3D('',#5168,#3636,#3637);
#3103=AXIS2_PLACEMENT_3D('',#5170,#3639,#3640);
#3104=AXIS2_PLACEMENT_3D('',#5176,#3644,#3645);
#3105=AXIS2_PLACEMENT_3D('',#5177,#3646,#3647);
#3106=AXIS2_PLACEMENT_3D('',#5178,#3648,#3649);
#3107=AXIS2_PLACEMENT_3D('',#5179,#3650,#3651);
#3108=AXIS2_PLACEMENT_3D('',#5188,#3656,#3657);
#3109=AXIS2_PLACEMENT_3D('',#5190,#3658,#3659);
#3110=AXIS2_PLACEMENT_3D('',#5192,#3660,#3661);
#3111=AXIS2_PLACEMENT_3D('',#5194,#3663,#3664);
#3112=AXIS2_PLACEMENT_3D('',#5203,#3669,#3670);
#3113=AXIS2_PLACEMENT_3D('',#5205,#3671,#3672);
#3114=AXIS2_PLACEMENT_3D('',#5207,#3673,#3674);
#3115=AXIS2_PLACEMENT_3D('',#5209,#3676,#3677);
#3116=AXIS2_PLACEMENT_3D('',#5215,#3681,#3682);
#3117=AXIS2_PLACEMENT_3D('',#5224,#3687,#3688);
#3118=AXIS2_PLACEMENT_3D('',#5226,#3689,#3690);
#3119=AXIS2_PLACEMENT_3D('',#5228,#3691,#3692);
#3120=AXIS2_PLACEMENT_3D('',#5230,#3694,#3695);
#3121=AXIS2_PLACEMENT_3D('',#5236,#3699,#3700);
#3122=AXIS2_PLACEMENT_3D('',#5239,#3701,#3702);
#3123=AXIS2_PLACEMENT_3D('',#5243,#3704,#3705);
#3124=AXIS2_PLACEMENT_3D('',#5245,#3707,#3708);
#3125=AXIS2_PLACEMENT_3D('',#5251,#3712,#3713);
#3126=AXIS2_PLACEMENT_3D('',#5256,#3717,#3718);
#3127=AXIS2_PLACEMENT_3D('',#5259,#3721,#3722);
#3128=AXIS2_PLACEMENT_3D('',#5262,#3725,#3726);
#3129=AXIS2_PLACEMENT_3D('',#5271,#3731,#3732);
#3130=AXIS2_PLACEMENT_3D('',#5279,#3736,#3737);
#3131=AXIS2_PLACEMENT_3D('',#5283,#3739,#3740);
#3132=AXIS2_PLACEMENT_3D('',#5291,#3744,#3745);
#3133=AXIS2_PLACEMENT_3D('',#5305,#3753,#3754);
#3134=AXIS2_PLACEMENT_3D('',#5313,#3758,#3759);
#3135=AXIS2_PLACEMENT_3D('',#5316,#3761,#3762);
#3136=AXIS2_PLACEMENT_3D('',#5321,#3764,#3765);
#3137=AXIS2_PLACEMENT_3D('',#5324,#3767,#3768);
#3138=AXIS2_PLACEMENT_3D('',#5325,#3769,#3770);
#3139=AXIS2_PLACEMENT_3D('',#5328,#3773,#3774);
#3140=AXIS2_PLACEMENT_3D('',#5334,#3778,#3779);
#3141=AXIS2_PLACEMENT_3D('',#5336,#3780,#3781);
#3142=AXIS2_PLACEMENT_3D('',#5338,#3783,#3784);
#3143=AXIS2_PLACEMENT_3D('',#5342,#3787,#3788);
#3144=AXIS2_PLACEMENT_3D('',#5343,#3789,#3790);
#3145=AXIS2_PLACEMENT_3D('',#5344,#3791,#3792);
#3146=AXIS2_PLACEMENT_3D('',#5350,#3796,#3797);
#3147=AXIS2_PLACEMENT_3D('',#5352,#3798,#3799);
#3148=AXIS2_PLACEMENT_3D('',#5354,#3801,#3802);
#3149=AXIS2_PLACEMENT_3D('',#5358,#3805,#3806);
#3150=AXIS2_PLACEMENT_3D('',#5359,#3807,#3808);
#3151=AXIS2_PLACEMENT_3D('',#5360,#3809,#3810);
#3152=AXIS2_PLACEMENT_3D('',#5364,#3812,#3813);
#3153=AXIS2_PLACEMENT_3D('',#5366,#3815,#3816);
#3154=AXIS2_PLACEMENT_3D('',#5370,#3819,#3820);
#3155=AXIS2_PLACEMENT_3D('',#5374,#3822,#3823);
#3156=AXIS2_PLACEMENT_3D('',#5376,#3825,#3826);
#3157=AXIS2_PLACEMENT_3D('',#5380,#3829,#3830);
#3158=AXIS2_PLACEMENT_3D('',#5384,#3833,#3834);
#3159=AXIS2_PLACEMENT_3D('',#5388,#3836,#3837);
#3160=AXIS2_PLACEMENT_3D('',#5390,#3839,#3840);
#3161=AXIS2_PLACEMENT_3D('',#5394,#3843,#3844);
#3162=AXIS2_PLACEMENT_3D('',#5398,#3847,#3848);
#3163=AXIS2_PLACEMENT_3D('',#5402,#3850,#3851);
#3164=AXIS2_PLACEMENT_3D('',#5404,#3853,#3854);
#3165=AXIS2_PLACEMENT_3D('',#5408,#3857,#3858);
#3166=AXIS2_PLACEMENT_3D('',#5410,#3860,#3861);
#3167=AXIS2_PLACEMENT_3D('',#5412,#3863,#3864);
#3168=AXIS2_PLACEMENT_3D('',#5414,#3866,#3867);
#3169=AXIS2_PLACEMENT_3D('',#5417,#3870,#3871);
#3170=AXIS2_PLACEMENT_3D('',#5421,#3874,#3875);
#3171=AXIS2_PLACEMENT_3D('',#5423,#3876,#3877);
#3172=AXIS2_PLACEMENT_3D('',#5425,#3879,#3880);
#3173=AXIS2_PLACEMENT_3D('',#5430,#3882,#3883);
#3174=AXIS2_PLACEMENT_3D('',#5435,#3886,#3887);
#3175=AXIS2_PLACEMENT_3D('',#5438,#3889,#3890);
#3176=AXIS2_PLACEMENT_3D('',#5455,#3891,#3892);
#3177=AXIS2_PLACEMENT_3D('',#5457,#3893,#3894);
#3178=AXIS2_PLACEMENT_3D('',#5458,#3895,#3896);
#3179=AXIS2_PLACEMENT_3D('',#5459,#3897,#3898);
#3180=AXIS2_PLACEMENT_3D('',#5463,#3901,#3902);
#3181=AXIS2_PLACEMENT_3D('',#5479,#3903,#3904);
#3182=AXIS2_PLACEMENT_3D('',#5480,#3905,#3906);
#3183=AXIS2_PLACEMENT_3D('',#5484,#3909,#3910);
#3184=AXIS2_PLACEMENT_3D('',#5486,#3911,#3912);
#3185=AXIS2_PLACEMENT_3D('',#5488,#3914,#3915);
#3186=AXIS2_PLACEMENT_3D('',#5490,#3917,#3918);
#3187=AXIS2_PLACEMENT_3D('',#5491,#3919,#3920);
#3188=AXIS2_PLACEMENT_3D('',#5494,#3923,#3924);
#3189=AXIS2_PLACEMENT_3D('',#5496,#3926,#3927);
#3190=AXIS2_PLACEMENT_3D('',#5498,#3929,#3930);
#3191=AXIS2_PLACEMENT_3D('',#5500,#3932,#3933);
#3192=AXIS2_PLACEMENT_3D('',#5501,#3934,#3935);
#3193=AXIS2_PLACEMENT_3D('',#5503,#3937,#3938);
#3194=AXIS2_PLACEMENT_3D('',#5504,#3939,#3940);
#3195=AXIS2_PLACEMENT_3D('',#5507,#3943,#3944);
#3196=AXIS2_PLACEMENT_3D('',#5508,#3945,#3946);
#3197=AXIS2_PLACEMENT_3D('',#5510,#3948,#3949);
#3198=AXIS2_PLACEMENT_3D('',#5511,#3950,#3951);
#3199=AXIS2_PLACEMENT_3D('',#5512,#3952,#3953);
#3200=AXIS2_PLACEMENT_3D('',#5513,#3954,#3955);
#3201=AXIS2_PLACEMENT_3D('',#5514,#3956,#3957);
#3202=AXIS2_PLACEMENT_3D('',#5516,#3959,#3960);
#3203=AXIS2_PLACEMENT_3D('',#5517,#3961,#3962);
#3204=AXIS2_PLACEMENT_3D('',#5518,#3963,#3964);
#3205=AXIS2_PLACEMENT_3D('',#5520,#3966,#3967);
#3206=AXIS2_PLACEMENT_3D('',#5523,#3969,#3970);
#3207=AXIS2_PLACEMENT_3D('',#5525,#3971,#3972);
#3208=AXIS2_PLACEMENT_3D('',#5527,#3974,#3975);
#3209=AXIS2_PLACEMENT_3D('',#5529,#3977,#3978);
#3210=AXIS2_PLACEMENT_3D('',#5531,#3980,#3981);
#3211=AXIS2_PLACEMENT_3D('',#5532,#3982,#3983);
#3212=AXIS2_PLACEMENT_3D('',#5533,#3984,#3985);
#3213=AXIS2_PLACEMENT_3D('',#5535,#3987,#3988);
#3214=AXIS2_PLACEMENT_3D('',#5537,#3990,#3991);
#3215=AXIS2_PLACEMENT_3D('',#5538,#3992,#3993);
#3216=AXIS2_PLACEMENT_3D('',#5547,#3998,#3999);
#3217=AXIS2_PLACEMENT_3D('',#5549,#4000,#4001);
#3218=AXIS2_PLACEMENT_3D('',#5552,#4003,#4004);
#3219=AXIS2_PLACEMENT_3D('',#5553,#4005,#4006);
#3220=AXIS2_PLACEMENT_3D('',#5559,#4010,#4011);
#3221=AXIS2_PLACEMENT_3D('',#5560,#4012,#4013);
#3222=AXIS2_PLACEMENT_3D('',#5561,#4014,#4015);
#3223=AXIS2_PLACEMENT_3D('',#5562,#4016,#4017);
#3224=AXIS2_PLACEMENT_3D('',#5563,#4018,#4019);
#3225=AXIS2_PLACEMENT_3D('',#5564,#4020,#4021);
#3226=DIRECTION('axis',(0.,0.,1.));
#3227=DIRECTION('refdir',(1.,0.,0.));
#3228=DIRECTION('axis',(0.,0.,1.));
#3229=DIRECTION('refdir',(1.,0.,0.));
#3230=DIRECTION('center_axis',(-1.84833025221055E-31,9.77120488310049E-32,
-1.));
#3231=DIRECTION('ref_axis',(-1.,0.,0.));
#3232=DIRECTION('center_axis',(1.84833025221055E-31,-9.77120488310049E-32,
1.));
#3233=DIRECTION('ref_axis',(1.,1.9542409766201E-31,-1.84833025221055E-31));
#3234=DIRECTION('center_axis',(-1.22464679914735E-16,-1.,-9.77120488310049E-32));
#3235=DIRECTION('ref_axis',(1.,-1.22464679914735E-16,0.));
#3236=DIRECTION('center_axis',(-1.84833025221055E-31,9.77120488310049E-32,
-1.));
#3237=DIRECTION('ref_axis',(1.,1.9542409766201E-31,0.));
#3238=DIRECTION('center_axis',(-1.84833025221055E-31,9.77120488310049E-32,
-1.));
#3239=DIRECTION('ref_axis',(1.,1.9542409766201E-31,0.));
#3240=DIRECTION('center_axis',(0.,0.,1.));
#3241=DIRECTION('ref_axis',(1.,0.,0.));
#3242=DIRECTION('',(0.,0.,1.));
#3243=DIRECTION('center_axis',(1.84833025221055E-31,-9.77120488310049E-32,
1.));
#3244=DIRECTION('ref_axis',(1.,0.,-1.84833025221055E-31));
#3245=DIRECTION('center_axis',(0.,0.,1.));
#3246=DIRECTION('ref_axis',(1.,0.,0.));
#3247=DIRECTION('center_axis',(0.,0.,1.));
#3248=DIRECTION('ref_axis',(1.,0.,0.));
#3249=DIRECTION('',(0.,0.,1.));
#3250=DIRECTION('',(-1.00929365875014E-16,1.,0.));
#3251=DIRECTION('',(-0.611477842580967,-0.525941106632964,0.591169011693119));
#3252=DIRECTION('',(-0.611477842580738,0.525941106633478,0.591169011692899));
#3253=DIRECTION('',(1.,0.,0.));
#3254=DIRECTION('',(0.442730406125481,0.545677304175115,0.711495655081706));
#3255=DIRECTION('',(8.07434927000114E-16,-1.,0.));
#3256=DIRECTION('',(0.442730406125688,-0.545677304174514,0.711495655082038));
#3257=DIRECTION('',(-1.,0.,0.));
#3258=DIRECTION('center_axis',(0.,0.,1.));
#3259=DIRECTION('ref_axis',(1.,0.,0.));
#3260=DIRECTION('',(8.07434927000114E-16,-1.,0.));
#3261=DIRECTION('',(-1.,0.,0.));
#3262=DIRECTION('',(-1.00929365875014E-16,1.,0.));
#3263=DIRECTION('',(1.,0.,0.));
#3264=DIRECTION('',(1.,0.,0.));
#3265=DIRECTION('',(3.36431219583381E-16,1.,0.));
#3266=DIRECTION('',(-1.,0.,0.));
#3267=DIRECTION('',(-8.41078048958452E-17,-1.,0.));
#3268=DIRECTION('center_axis',(0.,-1.,0.));
#3269=DIRECTION('ref_axis',(-1.,0.,0.));
#3270=DIRECTION('',(0.,0.,-1.));
#3271=DIRECTION('',(0.,0.,-1.));
#3272=DIRECTION('center_axis',(1.,8.07434927000114E-16,0.));
#3273=DIRECTION('ref_axis',(8.07434927000114E-16,-1.,0.));
#3274=DIRECTION('',(0.,0.,-1.));
#3275=DIRECTION('center_axis',(0.,1.,0.));
#3276=DIRECTION('ref_axis',(1.,0.,0.));
#3277=DIRECTION('',(0.,0.,-1.));
#3278=DIRECTION('center_axis',(-1.,-1.00929365875014E-16,0.));
#3279=DIRECTION('ref_axis',(-1.00929365875014E-16,1.,0.));
#3280=DIRECTION('center_axis',(0.,1.,0.));
#3281=DIRECTION('ref_axis',(1.,0.,0.));
#3282=DIRECTION('center_axis',(0.,1.,0.));
#3283=DIRECTION('ref_axis',(1.,0.,0.));
#3284=DIRECTION('',(0.,1.,0.));
#3285=DIRECTION('center_axis',(0.,-1.,0.));
#3286=DIRECTION('ref_axis',(1.,0.,0.));
#3287=DIRECTION('center_axis',(0.,-1.,0.));
#3288=DIRECTION('ref_axis',(1.,0.,0.));
#3289=DIRECTION('',(1.,0.,0.));
#3290=DIRECTION('',(0.,0.,1.));
#3291=DIRECTION('',(0.,0.,1.));
#3292=DIRECTION('center_axis',(-1.,8.41078048958452E-17,0.));
#3293=DIRECTION('ref_axis',(-8.41078048958452E-17,-1.,0.));
#3294=DIRECTION('',(-8.41078048958452E-17,-1.,0.));
#3295=DIRECTION('',(0.,0.,1.));
#3296=DIRECTION('center_axis',(0.,1.,0.));
#3297=DIRECTION('ref_axis',(-1.,0.,0.));
#3298=DIRECTION('',(-1.,0.,0.));
#3299=DIRECTION('',(0.,0.,1.));
#3300=DIRECTION('center_axis',(1.,-3.36431219583381E-16,0.));
#3301=DIRECTION('ref_axis',(3.36431219583381E-16,1.,0.));
#3302=DIRECTION('',(3.36431219583381E-16,1.,0.));
#3303=DIRECTION('center_axis',(0.,0.,1.));
#3304=DIRECTION('ref_axis',(1.,0.,0.));
#3305=DIRECTION('center_axis',(9.77120488310049E-32,1.84833025221055E-31,
1.));
#3306=DIRECTION('ref_axis',(0.,1.,-1.84833025221055E-31));
#3307=DIRECTION('center_axis',(0.,0.,-1.));
#3308=DIRECTION('ref_axis',(-1.,2.22044604925031E-16,0.));
#3309=DIRECTION('',(1.93082265152201E-16,1.,0.));
#3310=DIRECTION('center_axis',(0.,0.,-1.));
#3311=DIRECTION('ref_axis',(0.,-1.,0.));
#3312=DIRECTION('',(-1.,-2.01858731750028E-16,0.));
#3313=DIRECTION('center_axis',(0.,0.,-1.));
#3314=DIRECTION('ref_axis',(1.,5.55111512312579E-15,0.));
#3315=DIRECTION('',(-1.93082265152202E-16,-1.,0.));
#3316=DIRECTION('center_axis',(0.,0.,-1.));
#3317=DIRECTION('ref_axis',(0.,1.,0.));
#3318=DIRECTION('',(1.,-2.22044604925031E-16,0.));
#3319=DIRECTION('center_axis',(9.77120488310049E-32,1.84833025221055E-31,
1.));
#3320=DIRECTION('ref_axis',(-1.9542409766201E-31,1.,-1.84833025221055E-31));
#3321=DIRECTION('center_axis',(-9.77120488310049E-32,-1.84833025221055E-31,
-1.));
#3322=DIRECTION('ref_axis',(0.,-1.,0.));
#3323=DIRECTION('center_axis',(1.,-1.22464679914727E-16,-9.77120488310049E-32));
#3324=DIRECTION('ref_axis',(1.22464679914727E-16,1.,0.));
#3325=DIRECTION('center_axis',(-9.77120488310049E-32,-1.84833025221055E-31,
-1.));
#3326=DIRECTION('ref_axis',(-1.9542409766201E-31,1.,0.));
#3327=DIRECTION('center_axis',(-9.77120488310049E-32,-1.84833025221055E-31,
-1.));
#3328=DIRECTION('ref_axis',(-1.9542409766201E-31,1.,0.));
#3329=DIRECTION('center_axis',(0.,0.,1.));
#3330=DIRECTION('ref_axis',(0.,1.,0.));
#3331=DIRECTION('',(0.,0.,1.));
#3332=DIRECTION('center_axis',(0.,0.,1.));
#3333=DIRECTION('ref_axis',(0.,1.,0.));
#3334=DIRECTION('center_axis',(0.,0.,1.));
#3335=DIRECTION('ref_axis',(0.,1.,0.));
#3336=DIRECTION('',(0.,0.,1.));
#3337=DIRECTION('',(-1.,-1.00929365875014E-16,0.));
#3338=DIRECTION('',(0.525941106632964,-0.611477842580967,0.591169011693119));
#3339=DIRECTION('center_axis',(0.,0.,1.));
#3340=DIRECTION('ref_axis',(0.707106781186547,-0.707106781186548,0.));
#3341=DIRECTION('',(1.,0.,0.));
#3342=DIRECTION('center_axis',(0.,0.,1.));
#3343=DIRECTION('ref_axis',(-0.707106781186547,-0.707106781186548,0.));
#3344=DIRECTION('',(-0.525941106633478,-0.611477842580738,0.591169011692899));
#3345=DIRECTION('',(0.,1.,0.));
#3346=DIRECTION('center_axis',(0.,0.,1.));
#3347=DIRECTION('ref_axis',(-0.707106781186547,-0.707106781186548,0.));
#3348=DIRECTION('',(-1.1842378929335E-16,-1.,0.));
#3349=DIRECTION('center_axis',(0.,0.,1.));
#3350=DIRECTION('ref_axis',(-0.707106781186547,0.707106781186548,0.));
#3351=DIRECTION('',(-0.545677304175115,0.442730406125481,0.711495655081706));
#3352=DIRECTION('',(1.,8.07434927000114E-16,0.));
#3353=DIRECTION('center_axis',(0.,0.,1.));
#3354=DIRECTION('ref_axis',(-0.707106781186547,0.707106781186548,0.));
#3355=DIRECTION('',(-1.,5.28677630773884E-17,0.));
#3356=DIRECTION('center_axis',(0.,0.,1.));
#3357=DIRECTION('ref_axis',(0.707106781186547,0.707106781186548,0.));
#3358=DIRECTION('',(0.545677304174514,0.442730406125688,0.711495655082038));
#3359=DIRECTION('',(0.,-1.,0.));
#3360=DIRECTION('center_axis',(0.,0.,1.));
#3361=DIRECTION('ref_axis',(0.707106781186547,0.707106781186548,0.));
#3362=DIRECTION('',(-1.1842378929335E-16,1.,0.));
#3363=DIRECTION('center_axis',(0.,0.,1.));
#3364=DIRECTION('ref_axis',(0.707106781186547,-0.707106781186548,0.));
#3365=DIRECTION('center_axis',(0.,0.,1.));
#3366=DIRECTION('ref_axis',(0.,1.,0.));
#3367=DIRECTION('',(1.,8.07434927000114E-16,0.));
#3368=DIRECTION('',(0.,-1.,0.));
#3369=DIRECTION('',(-1.,-1.00929365875014E-16,0.));
#3370=DIRECTION('',(0.,1.,0.));
#3371=DIRECTION('',(0.,1.,0.));
#3372=DIRECTION('',(-1.,3.36431219583381E-16,0.));
#3373=DIRECTION('',(0.,-1.,0.));
#3374=DIRECTION('',(1.,-8.41078048958452E-17,0.));
#3375=DIRECTION('center_axis',(1.,0.,0.));
#3376=DIRECTION('ref_axis',(0.,-1.,0.));
#3377=DIRECTION('',(0.,0.,-1.));
#3378=DIRECTION('',(0.,0.,-1.));
#3379=DIRECTION('center_axis',(-8.07434927000114E-16,1.,0.));
#3380=DIRECTION('ref_axis',(1.,8.07434927000114E-16,0.));
#3381=DIRECTION('',(0.,0.,-1.));
#3382=DIRECTION('center_axis',(-1.,0.,0.));
#3383=DIRECTION('ref_axis',(0.,1.,0.));
#3384=DIRECTION('',(0.,0.,-1.));
#3385=DIRECTION('center_axis',(1.00929365875014E-16,-1.,0.));
#3386=DIRECTION('ref_axis',(-1.,-1.00929365875014E-16,0.));
#3387=DIRECTION('center_axis',(-1.,0.,0.));
#3388=DIRECTION('ref_axis',(0.,1.,0.));
#3389=DIRECTION('center_axis',(-1.,0.,0.));
#3390=DIRECTION('ref_axis',(0.,1.,0.));
#3391=DIRECTION('',(-1.,0.,0.));
#3392=DIRECTION('center_axis',(1.,0.,0.));
#3393=DIRECTION('ref_axis',(0.,1.,0.));
#3394=DIRECTION('center_axis',(1.,0.,0.));
#3395=DIRECTION('ref_axis',(0.,1.,0.));
#3396=DIRECTION('',(0.,1.,0.));
#3397=DIRECTION('',(0.,0.,1.));
#3398=DIRECTION('',(0.,0.,1.));
#3399=DIRECTION('center_axis',(-8.41078048958452E-17,-1.,0.));
#3400=DIRECTION('ref_axis',(1.,-8.41078048958452E-17,0.));
#3401=DIRECTION('',(1.,-8.41078048958452E-17,0.));
#3402=DIRECTION('',(0.,0.,1.));
#3403=DIRECTION('center_axis',(-1.,0.,0.));
#3404=DIRECTION('ref_axis',(0.,-1.,0.));
#3405=DIRECTION('',(0.,-1.,0.));
#3406=DIRECTION('',(0.,0.,1.));
#3407=DIRECTION('center_axis',(3.36431219583381E-16,1.,0.));
#3408=DIRECTION('ref_axis',(-1.,3.36431219583381E-16,0.));
#3409=DIRECTION('',(-1.,3.36431219583381E-16,0.));
#3410=DIRECTION('center_axis',(0.,0.,1.));
#3411=DIRECTION('ref_axis',(0.,1.,0.));
#3412=DIRECTION('center_axis',(0.,0.,1.));
#3413=DIRECTION('ref_axis',(-1.,2.22044604925031E-16,0.));
#3414=DIRECTION('',(0.,0.,1.));
#3415=DIRECTION('',(0.,0.,1.));
#3416=DIRECTION('',(0.,0.,1.));
#3417=DIRECTION('',(0.,0.,1.));
#3418=DIRECTION('center_axis',(2.22044604925031E-16,1.,0.));
#3419=DIRECTION('ref_axis',(-1.,2.22044604925031E-16,0.));
#3420=DIRECTION('',(0.,0.,1.));
#3421=DIRECTION('',(-1.,2.22044604925031E-16,0.));
#3422=DIRECTION('',(0.,0.,1.));
#3423=DIRECTION('',(1.,-2.22044604925031E-16,0.));
#3424=DIRECTION('',(0.,0.,1.));
#3425=DIRECTION('',(-1.,0.,0.));
#3426=DIRECTION('',(1.,-2.22044604925031E-16,0.));
#3427=DIRECTION('',(0.,0.,-1.));
#3428=DIRECTION('',(-1.,2.22044604925031E-16,0.));
#3429=DIRECTION('center_axis',(0.,0.,1.));
#3430=DIRECTION('ref_axis',(0.,1.,0.));
#3431=DIRECTION('',(0.,0.,1.));
#3432=DIRECTION('',(0.,0.,1.));
#3433=DIRECTION('center_axis',(1.,-1.93082265152202E-16,0.));
#3434=DIRECTION('ref_axis',(1.93082265152202E-16,1.,0.));
#3435=DIRECTION('',(0.,0.,1.));
#3436=DIRECTION('',(-1.93082265152202E-16,-1.,0.));
#3437=DIRECTION('center_axis',(0.,0.,1.));
#3438=DIRECTION('ref_axis',(0.707106781186547,0.707106781186548,0.));
#3439=DIRECTION('',(0.,0.,1.));
#3440=DIRECTION('',(0.,0.,-1.));
#3441=DIRECTION('center_axis',(5.28677630773884E-17,1.,0.));
#3442=DIRECTION('ref_axis',(-1.,5.28677630773884E-17,0.));
#3443=DIRECTION('',(0.,0.,-1.));
#3444=DIRECTION('',(1.,0.,0.));
#3445=DIRECTION('center_axis',(0.,0.,1.));
#3446=DIRECTION('ref_axis',(-0.707106781186547,0.707106781186548,0.));
#3447=DIRECTION('',(0.,0.,1.));
#3448=DIRECTION('center_axis',(-1.,1.1842378929335E-16,0.));
#3449=DIRECTION('ref_axis',(-1.1842378929335E-16,-1.,0.));
#3450=DIRECTION('',(0.,0.,-1.));
#3451=DIRECTION('',(-1.1842378929335E-16,-1.,0.));
#3452=DIRECTION('center_axis',(-1.,0.,0.));
#3453=DIRECTION('ref_axis',(0.,-0.748329986599624,-0.663326639865916));
#3454=DIRECTION('',(-1.,0.,0.));
#3455=DIRECTION('',(-1.,0.,0.));
#3456=DIRECTION('center_axis',(0.,0.,1.));
#3457=DIRECTION('ref_axis',(1.,0.,0.));
#3458=DIRECTION('center_axis',(0.,0.,-1.));
#3459=DIRECTION('ref_axis',(-0.707106781186547,-0.707106781186548,0.));
#3460=DIRECTION('',(1.,0.,0.));
#3461=DIRECTION('center_axis',(0.,0.,-1.));
#3462=DIRECTION('ref_axis',(0.707106781186547,-0.707106781186548,0.));
#3463=DIRECTION('',(-1.1842378929335E-16,1.,0.));
#3464=DIRECTION('center_axis',(0.,0.,-1.));
#3465=DIRECTION('ref_axis',(1.,5.55111512312579E-15,0.));
#3466=DIRECTION('',(-1.,-2.01858731750028E-16,0.));
#3467=DIRECTION('center_axis',(0.,0.,-1.));
#3468=DIRECTION('ref_axis',(0.,-1.,0.));
#3469=DIRECTION('',(1.93082265152201E-16,1.,0.));
#3470=DIRECTION('center_axis',(0.,0.,1.));
#3471=DIRECTION('ref_axis',(1.,0.,0.));
#3472=DIRECTION('center_axis',(0.,0.,1.));
#3473=DIRECTION('ref_axis',(1.,0.,0.));
#3474=DIRECTION('center_axis',(0.,0.,-1.));
#3475=DIRECTION('ref_axis',(1.,0.,0.));
#3476=DIRECTION('center_axis',(0.,0.,1.));
#3477=DIRECTION('ref_axis',(1.,0.,0.));
#3478=DIRECTION('center_axis',(0.,0.,-1.));
#3479=DIRECTION('ref_axis',(1.,0.,0.));
#3480=DIRECTION('center_axis',(0.,0.,-1.));
#3481=DIRECTION('ref_axis',(1.,0.,0.));
#3482=DIRECTION('center_axis',(0.,0.,-1.));
#3483=DIRECTION('ref_axis',(1.,0.,0.));
#3484=DIRECTION('center_axis',(0.,0.,1.));
#3485=DIRECTION('ref_axis',(1.,0.,0.));
#3486=DIRECTION('center_axis',(0.,0.,1.));
#3487=DIRECTION('ref_axis',(1.,5.55111512312579E-15,0.));
#3488=DIRECTION('',(0.,0.,1.));
#3489=DIRECTION('center_axis',(2.01858731750028E-16,-1.,0.));
#3490=DIRECTION('ref_axis',(1.,2.01858731750028E-16,0.));
#3491=DIRECTION('',(0.,0.,1.));
#3492=DIRECTION('center_axis',(0.,0.,1.));
#3493=DIRECTION('ref_axis',(0.,-1.,0.));
#3494=DIRECTION('',(0.,0.,1.));
#3495=DIRECTION('center_axis',(-1.,1.93082265152201E-16,0.));
#3496=DIRECTION('ref_axis',(-1.93082265152201E-16,-1.,0.));
#3497=DIRECTION('center_axis',(1.,1.1842378929335E-16,0.));
#3498=DIRECTION('ref_axis',(-1.1842378929335E-16,1.,0.));
#3499=DIRECTION('',(0.,0.,1.));
#3500=DIRECTION('center_axis',(0.,0.,1.));
#3501=DIRECTION('ref_axis',(0.707106781186547,-0.707106781186548,0.));
#3502=DIRECTION('',(0.,0.,-1.));
#3503=DIRECTION('center_axis',(0.,0.,1.));
#3504=DIRECTION('ref_axis',(-0.707106781186547,-0.707106781186548,0.));
#3505=DIRECTION('',(0.,0.,1.));
#3506=DIRECTION('center_axis',(0.,-1.,0.));
#3507=DIRECTION('ref_axis',(1.,0.,0.));
#3508=DIRECTION('center_axis',(-1.,0.,0.));
#3509=DIRECTION('ref_axis',(0.,-0.245541521265398,0.969386074448501));
#3510=DIRECTION('',(1.,0.,0.));
#3511=DIRECTION('',(1.,0.,0.));
#3512=DIRECTION('',(-1.,0.,0.));
#3513=DIRECTION('',(1.,0.,0.));
#3514=DIRECTION('center_axis',(0.,0.,-1.));
#3515=DIRECTION('ref_axis',(1.,-8.81129384623142E-16,0.));
#3516=DIRECTION('center_axis',(0.,0.,1.));
#3517=DIRECTION('ref_axis',(1.,-8.81129384623142E-16,0.));
#3518=DIRECTION('',(0.,0.,-1.));
#3519=DIRECTION('center_axis',(0.,0.,-1.));
#3520=DIRECTION('ref_axis',(1.,-8.81129384623142E-16,0.));
#3521=DIRECTION('',(0.,0.,-1.));
#3522=DIRECTION('center_axis',(0.,0.,1.));
#3523=DIRECTION('ref_axis',(1.,0.,0.));
#3524=DIRECTION('',(0.,0.,1.));
#3525=DIRECTION('center_axis',(0.,0.,1.));
#3526=DIRECTION('ref_axis',(1.,0.,0.));
#3527=DIRECTION('',(0.,0.,1.));
#3528=DIRECTION('center_axis',(0.,0.,1.));
#3529=DIRECTION('ref_axis',(1.,0.,0.));
#3530=DIRECTION('center_axis',(0.,0.,1.));
#3531=DIRECTION('ref_axis',(-1.,0.,0.));
#3532=DIRECTION('',(0.,-1.,0.));
#3533=DIRECTION('center_axis',(0.,0.,1.));
#3534=DIRECTION('ref_axis',(-8.88178419700126E-16,-1.,0.));
#3535=DIRECTION('',(0.,1.,0.));
#3536=DIRECTION('',(1.,0.,0.));
#3537=DIRECTION('',(0.,1.,0.));
#3538=DIRECTION('center_axis',(0.,0.,1.));
#3539=DIRECTION('ref_axis',(-1.,0.,0.));
#3540=DIRECTION('',(0.,1.,0.));
#3541=DIRECTION('center_axis',(0.,0.,1.));
#3542=DIRECTION('ref_axis',(0.,1.,0.));
#3543=DIRECTION('center_axis',(0.,0.,1.));
#3544=DIRECTION('ref_axis',(-4.84621161542727E-16,1.,0.));
#3545=DIRECTION('',(-7.83686840911863E-15,-1.,0.));
#3546=DIRECTION('center_axis',(0.,0.,1.));
#3547=DIRECTION('ref_axis',(-1.,-2.60902410786909E-14,0.));
#3548=DIRECTION('',(1.,3.70074341541718E-16,0.));
#3549=DIRECTION('center_axis',(0.,0.,1.));
#3550=DIRECTION('ref_axis',(5.5511151231258E-16,-1.,0.));
#3551=DIRECTION('',(1.30614473485312E-15,1.,0.));
#3552=DIRECTION('center_axis',(0.,1.,0.));
#3553=DIRECTION('ref_axis',(-1.,0.,0.));
#3554=DIRECTION('',(0.,0.,1.));
#3555=DIRECTION('center_axis',(0.,1.,0.));
#3556=DIRECTION('ref_axis',(-1.,0.,8.88178419699756E-14));
#3557=DIRECTION('center_axis',(-1.,0.,0.));
#3558=DIRECTION('ref_axis',(0.,-0.235889894354068,0.971779788708135));
#3559=DIRECTION('',(1.,0.,0.));
#3560=DIRECTION('',(1.,0.,0.));
#3561=DIRECTION('',(-1.,0.,0.));
#3562=DIRECTION('',(1.,0.,0.));
#3563=DIRECTION('center_axis',(-1.,0.,0.));
#3564=DIRECTION('ref_axis',(0.,-0.635889894354069,-0.771779788708134));
#3565=DIRECTION('',(-1.,0.,0.));
#3566=DIRECTION('',(1.,0.,0.));
#3567=DIRECTION('',(-1.,0.,0.));
#3568=DIRECTION('',(-1.,0.,0.));
#3569=DIRECTION('center_axis',(0.,0.,1.));
#3570=DIRECTION('ref_axis',(-1.,0.,0.));
#3571=DIRECTION('',(0.,1.,0.));
#3572=DIRECTION('center_axis',(0.,0.,1.));
#3573=DIRECTION('ref_axis',(0.707106781186547,-0.707106781186547,0.));
#3574=DIRECTION('',(0.,1.,0.));
#3575=DIRECTION('',(1.,0.,0.));
#3576=DIRECTION('',(0.,1.,0.));
#3577=DIRECTION('center_axis',(0.,0.,1.));
#3578=DIRECTION('ref_axis',(-0.707106781186547,-0.707106781186547,0.));
#3579=DIRECTION('',(0.,-1.,0.));
#3580=DIRECTION('',(0.,-1.,0.));
#3581=DIRECTION('center_axis',(0.,0.,-1.));
#3582=DIRECTION('ref_axis',(-7.40148683083439E-16,-1.,0.));
#3583=DIRECTION('',(1.,0.,0.));
#3584=DIRECTION('center_axis',(0.,0.,1.));
#3585=DIRECTION('ref_axis',(-1.11022302462516E-15,-1.,0.));
#3586=DIRECTION('',(3.28954970259307E-15,1.,0.));
#3587=DIRECTION('center_axis',(0.,0.,1.));
#3588=DIRECTION('ref_axis',(1.,-2.20282346155785E-16,0.));
#3589=DIRECTION('center_axis',(0.,0.,-1.));
#3590=DIRECTION('ref_axis',(1.,-2.20282346155785E-16,0.));
#3591=DIRECTION('',(0.,0.,-1.));
#3592=DIRECTION('center_axis',(0.,0.,-1.));
#3593=DIRECTION('ref_axis',(1.,-2.20282346155785E-16,0.));
#3594=DIRECTION('',(0.,0.,-1.));
#3595=DIRECTION('center_axis',(0.,0.,1.));
#3596=DIRECTION('ref_axis',(0.707106781186548,0.707106781186548,0.));
#3597=DIRECTION('',(0.,0.,1.));
#3598=DIRECTION('',(0.,0.,-1.));
#3599=DIRECTION('center_axis',(0.,1.,0.));
#3600=DIRECTION('ref_axis',(-1.,0.,0.));
#3601=DIRECTION('',(0.,0.,-1.));
#3602=DIRECTION('center_axis',(0.,0.,-1.));
#3603=DIRECTION('ref_axis',(1.,0.,0.));
#3604=DIRECTION('',(-1.,0.,0.));
#3605=DIRECTION('',(0.,-1.,0.));
#3606=DIRECTION('',(1.,0.,0.));
#3607=DIRECTION('',(0.,-1.,0.));
#3608=DIRECTION('center_axis',(0.,-1.,0.));
#3609=DIRECTION('ref_axis',(0.,0.,-1.));
#3610=DIRECTION('center_axis',(0.,1.,0.));
#3611=DIRECTION('ref_axis',(0.,0.,-1.));
#3612=DIRECTION('center_axis',(0.,-1.,0.));
#3613=DIRECTION('ref_axis',(0.,0.,-1.));
#3614=DIRECTION('',(0.,-1.,0.));
#3615=DIRECTION('center_axis',(1.11022302462516E-14,0.,1.));
#3616=DIRECTION('ref_axis',(-1.,0.,1.11022302462516E-14));
#3617=DIRECTION('',(1.,0.,-1.11022302462516E-14));
#3618=DIRECTION('',(-1.,0.,1.11022302462516E-14));
#3619=DIRECTION('',(0.,-1.,0.));
#3620=DIRECTION('center_axis',(0.,-1.,0.));
#3621=DIRECTION('ref_axis',(0.,0.,1.));
#3622=DIRECTION('center_axis',(0.,1.,0.));
#3623=DIRECTION('ref_axis',(0.,0.,1.));
#3624=DIRECTION('center_axis',(0.,-1.,0.));
#3625=DIRECTION('ref_axis',(0.,0.,1.));
#3626=DIRECTION('center_axis',(-1.11022300808271E-14,0.,1.));
#3627=DIRECTION('ref_axis',(-1.,0.,-1.11022300808271E-14));
#3628=DIRECTION('',(1.,0.,1.11022300808271E-14));
#3629=DIRECTION('',(0.,-1.,0.));
#3630=DIRECTION('',(-1.,0.,-1.11022300808271E-14));
#3631=DIRECTION('',(0.,-1.,0.));
#3632=DIRECTION('center_axis',(0.,-1.,0.));
#3633=DIRECTION('ref_axis',(0.,0.,1.));
#3634=DIRECTION('center_axis',(0.,1.,0.));
#3635=DIRECTION('ref_axis',(0.,0.,1.));
#3636=DIRECTION('center_axis',(0.,-1.,0.));
#3637=DIRECTION('ref_axis',(0.,0.,1.));
#3638=DIRECTION('',(0.,-1.,0.));
#3639=DIRECTION('center_axis',(1.11022300808271E-14,0.,-1.));
#3640=DIRECTION('ref_axis',(1.,0.,1.11022300808271E-14));
#3641=DIRECTION('',(-1.,0.,-1.11022300808271E-14));
#3642=DIRECTION('',(1.,0.,1.11022300808271E-14));
#3643=DIRECTION('',(0.,-1.,0.));
#3644=DIRECTION('center_axis',(0.,-1.,0.));
#3645=DIRECTION('ref_axis',(-1.67802280007602E-12,0.,-1.));
#3646=DIRECTION('center_axis',(0.,1.,0.));
#3647=DIRECTION('ref_axis',(-1.67802280007602E-12,0.,-1.));
#3648=DIRECTION('center_axis',(0.,-1.,0.));
#3649=DIRECTION('ref_axis',(-1.67802280007602E-12,0.,-1.));
#3650=DIRECTION('center_axis',(0.,0.,1.));
#3651=DIRECTION('ref_axis',(-1.,0.,0.));
#3652=DIRECTION('',(1.,0.,0.));
#3653=DIRECTION('',(0.,-1.,0.));
#3654=DIRECTION('',(-1.,0.,0.));
#3655=DIRECTION('',(0.,-1.,0.));
#3656=DIRECTION('center_axis',(0.,-1.,0.));
#3657=DIRECTION('ref_axis',(0.,0.,1.));
#3658=DIRECTION('center_axis',(0.,1.,0.));
#3659=DIRECTION('ref_axis',(0.,0.,1.));
#3660=DIRECTION('center_axis',(0.,-1.,0.));
#3661=DIRECTION('ref_axis',(0.,0.,1.));
#3662=DIRECTION('',(0.,-1.,0.));
#3663=DIRECTION('center_axis',(0.,0.,-1.));
#3664=DIRECTION('ref_axis',(1.,0.,0.));
#3665=DIRECTION('',(-1.,0.,0.));
#3666=DIRECTION('',(0.,-1.,0.));
#3667=DIRECTION('',(1.,0.,0.));
#3668=DIRECTION('',(0.,-1.,0.));
#3669=DIRECTION('center_axis',(0.,-1.,0.));
#3670=DIRECTION('ref_axis',(0.,0.,-1.));
#3671=DIRECTION('center_axis',(0.,1.,0.));
#3672=DIRECTION('ref_axis',(0.,0.,-1.));
#3673=DIRECTION('center_axis',(0.,-1.,0.));
#3674=DIRECTION('ref_axis',(0.,0.,-1.));
#3675=DIRECTION('',(0.,-1.,0.));
#3676=DIRECTION('center_axis',(-2.1316282072803E-14,0.,1.));
#3677=DIRECTION('ref_axis',(-1.,0.,-2.1316282072803E-14));
#3678=DIRECTION('',(1.,0.,2.1316282072803E-14));
#3679=DIRECTION('',(-1.,0.,-2.1316282072803E-14));
#3680=DIRECTION('',(0.,1.,0.));
#3681=DIRECTION('center_axis',(0.,0.,1.));
#3682=DIRECTION('ref_axis',(-1.,0.,0.));
#3683=DIRECTION('',(1.,0.,0.));
#3684=DIRECTION('',(0.,-1.,0.));
#3685=DIRECTION('',(-1.,0.,0.));
#3686=DIRECTION('',(0.,-1.,0.));
#3687=DIRECTION('center_axis',(0.,-1.,0.));
#3688=DIRECTION('ref_axis',(0.,0.,1.));
#3689=DIRECTION('center_axis',(0.,1.,0.));
#3690=DIRECTION('ref_axis',(0.,0.,1.));
#3691=DIRECTION('center_axis',(0.,-1.,0.));
#3692=DIRECTION('ref_axis',(0.,0.,1.));
#3693=DIRECTION('',(0.,-1.,0.));
#3694=DIRECTION('center_axis',(0.,0.,-1.));
#3695=DIRECTION('ref_axis',(1.,0.,0.));
#3696=DIRECTION('',(-1.,0.,0.));
#3697=DIRECTION('',(1.,0.,0.));
#3698=DIRECTION('',(0.,1.,0.));
#3699=DIRECTION('center_axis',(0.,-1.,0.));
#3700=DIRECTION('ref_axis',(0.,0.,-1.));
#3701=DIRECTION('center_axis',(0.,1.,0.));
#3702=DIRECTION('ref_axis',(0.,0.,-1.));
#3703=DIRECTION('',(0.,-1.,0.));
#3704=DIRECTION('center_axis',(0.,-1.,0.));
#3705=DIRECTION('ref_axis',(0.,0.,-1.));
#3706=DIRECTION('',(0.,-1.,0.));
#3707=DIRECTION('center_axis',(0.,0.,1.));
#3708=DIRECTION('ref_axis',(-1.,0.,0.));
#3709=DIRECTION('',(1.,0.,0.));
#3710=DIRECTION('',(-1.,0.,0.));
#3711=DIRECTION('',(0.,1.,0.));
#3712=DIRECTION('center_axis',(-1.,0.,0.));
#3713=DIRECTION('ref_axis',(0.,0.,1.));
#3714=DIRECTION('',(0.,0.,1.));
#3715=DIRECTION('',(0.,1.,0.));
#3716=DIRECTION('',(0.,0.,1.));
#3717=DIRECTION('center_axis',(-1.,0.,0.));
#3718=DIRECTION('ref_axis',(0.,0.,1.));
#3719=DIRECTION('',(0.,0.,1.));
#3720=DIRECTION('',(0.,0.,1.));
#3721=DIRECTION('center_axis',(1.,0.,-1.58603289232165E-16));
#3722=DIRECTION('ref_axis',(-1.58603289232165E-16,0.,-1.));
#3723=DIRECTION('',(-1.58603289232165E-16,0.,-1.));
#3724=DIRECTION('',(-1.58603289232165E-16,0.,-1.));
#3725=DIRECTION('center_axis',(0.,-1.,0.));
#3726=DIRECTION('ref_axis',(1.,0.,0.));
#3727=DIRECTION('',(-1.,0.,0.));
#3728=DIRECTION('',(0.,0.,1.));
#3729=DIRECTION('',(1.58603289232165E-16,0.,1.));
#3730=DIRECTION('',(1.,0.,0.));
#3731=DIRECTION('center_axis',(0.,1.,0.));
#3732=DIRECTION('ref_axis',(0.,0.,1.));
#3733=DIRECTION('',(-1.,0.,0.));
#3734=DIRECTION('',(1.58603289232165E-16,0.,1.));
#3735=DIRECTION('',(1.,0.,0.));
#3736=DIRECTION('center_axis',(0.,1.,0.));
#3737=DIRECTION('ref_axis',(0.,0.,1.));
#3738=DIRECTION('',(1.,0.,0.));
#3739=DIRECTION('center_axis',(0.,1.,0.));
#3740=DIRECTION('ref_axis',(0.,0.,-1.));
#3741=DIRECTION('',(1.,0.,0.));
#3742=DIRECTION('',(0.,0.,1.));
#3743=DIRECTION('',(-1.,0.,0.));
#3744=DIRECTION('center_axis',(0.,1.,0.));
#3745=DIRECTION('ref_axis',(0.,0.,-1.));
#3746=DIRECTION('',(1.,0.,2.1316282072803E-14));
#3747=DIRECTION('',(0.,0.,1.));
#3748=DIRECTION('',(0.,0.,-1.));
#3749=DIRECTION('',(-1.,0.,0.));
#3750=DIRECTION('',(-1.58603289232165E-16,0.,-1.));
#3751=DIRECTION('',(1.,0.,0.));
#3752=DIRECTION('',(0.,0.,1.));
#3753=DIRECTION('center_axis',(0.,1.,0.));
#3754=DIRECTION('ref_axis',(-1.,0.,3.9474596431116E-15));
#3755=DIRECTION('',(0.,0.,1.));
#3756=DIRECTION('',(1.,0.,0.));
#3757=DIRECTION('',(1.,0.,0.));
#3758=DIRECTION('center_axis',(0.,1.,0.));
#3759=DIRECTION('ref_axis',(0.,0.,1.));
#3760=DIRECTION('',(-1.,0.,0.));
#3761=DIRECTION('center_axis',(0.,1.,0.));
#3762=DIRECTION('ref_axis',(0.,0.,-1.));
#3763=DIRECTION('',(1.,0.,0.));
#3764=DIRECTION('center_axis',(0.,1.,0.));
#3765=DIRECTION('ref_axis',(0.,0.,1.));
#3766=DIRECTION('',(-1.,0.,0.));
#3767=DIRECTION('center_axis',(0.,1.,0.));
#3768=DIRECTION('ref_axis',(0.,0.,-1.));
#3769=DIRECTION('center_axis',(0.,1.,0.));
#3770=DIRECTION('ref_axis',(0.,0.,1.));
#3771=DIRECTION('',(-1.58603289232165E-16,0.,-1.));
#3772=DIRECTION('',(1.,0.,0.));
#3773=DIRECTION('center_axis',(0.,0.,1.));
#3774=DIRECTION('ref_axis',(-1.,0.,0.));
#3775=DIRECTION('',(0.,-1.,0.));
#3776=DIRECTION('',(-1.,0.,0.));
#3777=DIRECTION('',(0.,-1.,0.));
#3778=DIRECTION('center_axis',(0.,-1.,0.));
#3779=DIRECTION('ref_axis',(0.,0.,1.));
#3780=DIRECTION('center_axis',(0.,-1.,0.));
#3781=DIRECTION('ref_axis',(0.,0.,1.));
#3782=DIRECTION('',(0.,-1.,0.));
#3783=DIRECTION('center_axis',(0.,0.,-1.));
#3784=DIRECTION('ref_axis',(1.,0.,0.));
#3785=DIRECTION('',(1.,0.,0.));
#3786=DIRECTION('',(0.,-1.,0.));
#3787=DIRECTION('center_axis',(0.,-1.,0.));
#3788=DIRECTION('ref_axis',(0.,0.,-1.));
#3789=DIRECTION('center_axis',(0.,-1.,0.));
#3790=DIRECTION('ref_axis',(0.,0.,-1.));
#3791=DIRECTION('center_axis',(0.,0.,1.));
#3792=DIRECTION('ref_axis',(-1.,0.,0.));
#3793=DIRECTION('',(0.,-1.,0.));
#3794=DIRECTION('',(-1.,0.,0.));
#3795=DIRECTION('',(0.,-1.,0.));
#3796=DIRECTION('center_axis',(0.,-1.,0.));
#3797=DIRECTION('ref_axis',(0.,0.,1.));
#3798=DIRECTION('center_axis',(0.,-1.,0.));
#3799=DIRECTION('ref_axis',(0.,0.,1.));
#3800=DIRECTION('',(0.,-1.,0.));
#3801=DIRECTION('center_axis',(0.,0.,-1.));
#3802=DIRECTION('ref_axis',(1.,0.,0.));
#3803=DIRECTION('',(1.,0.,0.));
#3804=DIRECTION('',(0.,-1.,0.));
#3805=DIRECTION('center_axis',(0.,-1.,0.));
#3806=DIRECTION('ref_axis',(0.,0.,-1.));
#3807=DIRECTION('center_axis',(0.,-1.,0.));
#3808=DIRECTION('ref_axis',(0.,0.,-1.));
#3809=DIRECTION('center_axis',(0.,-1.,0.));
#3810=DIRECTION('ref_axis',(0.,0.,-1.));
#3811=DIRECTION('',(0.,-1.,0.));
#3812=DIRECTION('center_axis',(0.,-1.,0.));
#3813=DIRECTION('ref_axis',(0.,0.,-1.));
#3814=DIRECTION('',(0.,-1.,0.));
#3815=DIRECTION('center_axis',(0.,0.,1.));
#3816=DIRECTION('ref_axis',(-1.,0.,0.));
#3817=DIRECTION('',(-1.,0.,0.));
#3818=DIRECTION('',(0.,1.,0.));
#3819=DIRECTION('center_axis',(0.,-1.,0.));
#3820=DIRECTION('ref_axis',(0.,0.,1.));
#3821=DIRECTION('',(0.,-1.,0.));
#3822=DIRECTION('center_axis',(0.,-1.,0.));
#3823=DIRECTION('ref_axis',(0.,0.,1.));
#3824=DIRECTION('',(0.,-1.,0.));
#3825=DIRECTION('center_axis',(0.,0.,-1.));
#3826=DIRECTION('ref_axis',(1.,0.,0.));
#3827=DIRECTION('',(1.,0.,0.));
#3828=DIRECTION('',(0.,1.,0.));
#3829=DIRECTION('center_axis',(0.,0.,1.));
#3830=DIRECTION('ref_axis',(-1.,0.,0.));
#3831=DIRECTION('',(0.,-1.,0.));
#3832=DIRECTION('',(-1.,0.,0.));
#3833=DIRECTION('center_axis',(0.,-1.,0.));
#3834=DIRECTION('ref_axis',(0.,0.,-1.));
#3835=DIRECTION('',(0.,-1.,0.));
#3836=DIRECTION('center_axis',(0.,-1.,0.));
#3837=DIRECTION('ref_axis',(0.,0.,-1.));
#3838=DIRECTION('',(0.,-1.,0.));
#3839=DIRECTION('center_axis',(-2.1316282072803E-14,0.,1.));
#3840=DIRECTION('ref_axis',(-1.,0.,-2.1316282072803E-14));
#3841=DIRECTION('',(-1.,0.,-2.1316282072803E-14));
#3842=DIRECTION('',(0.,1.,0.));
#3843=DIRECTION('center_axis',(0.,0.,-1.));
#3844=DIRECTION('ref_axis',(1.,0.,0.));
#3845=DIRECTION('',(0.,-1.,0.));
#3846=DIRECTION('',(1.,0.,0.));
#3847=DIRECTION('center_axis',(0.,-1.,0.));
#3848=DIRECTION('ref_axis',(0.,0.,1.));
#3849=DIRECTION('',(0.,-1.,0.));
#3850=DIRECTION('center_axis',(0.,-1.,0.));
#3851=DIRECTION('ref_axis',(0.,0.,1.));
#3852=DIRECTION('',(0.,1.,0.));
#3853=DIRECTION('center_axis',(0.,0.,1.));
#3854=DIRECTION('ref_axis',(-1.,0.,0.));
#3855=DIRECTION('',(0.,-1.,0.));
#3856=DIRECTION('',(-1.,0.,0.));
#3857=DIRECTION('center_axis',(1.,0.,0.));
#3858=DIRECTION('ref_axis',(0.,0.,-1.));
#3859=DIRECTION('',(0.,0.,-1.));
#3860=DIRECTION('center_axis',(0.,0.,-1.));
#3861=DIRECTION('ref_axis',(-1.,0.,0.));
#3862=DIRECTION('',(-1.,0.,0.));
#3863=DIRECTION('center_axis',(-1.,0.,1.58603289232165E-16));
#3864=DIRECTION('ref_axis',(1.58603289232165E-16,0.,1.));
#3865=DIRECTION('',(1.58603289232165E-16,0.,1.));
#3866=DIRECTION('center_axis',(0.,0.,1.));
#3867=DIRECTION('ref_axis',(-1.,2.22044604925031E-16,0.));
#3868=DIRECTION('',(0.,0.,-1.));
#3869=DIRECTION('',(0.,0.,1.));
#3870=DIRECTION('center_axis',(1.,0.,0.));
#3871=DIRECTION('ref_axis',(0.,1.,0.));
#3872=DIRECTION('',(0.,-1.,0.));
#3873=DIRECTION('',(0.,0.,1.));
#3874=DIRECTION('center_axis',(0.,0.,1.));
#3875=DIRECTION('ref_axis',(-7.40148683083439E-16,-1.,0.));
#3876=DIRECTION('center_axis',(0.,0.,1.));
#3877=DIRECTION('ref_axis',(-7.40148683083439E-16,-1.,0.));
#3878=DIRECTION('',(0.,0.,-1.));
#3879=DIRECTION('center_axis',(0.,0.,1.));
#3880=DIRECTION('ref_axis',(-1.,0.,0.));
#3881=DIRECTION('',(7.83686840911863E-15,1.,0.));
#3882=DIRECTION('center_axis',(0.,0.,-1.));
#3883=DIRECTION('ref_axis',(-4.84621161542727E-16,1.,0.));
#3884=DIRECTION('',(1.,2.7755575615626E-15,0.));
#3885=DIRECTION('',(-1.30614473485312E-15,-1.,0.));
#3886=DIRECTION('center_axis',(0.,0.,-1.));
#3887=DIRECTION('ref_axis',(5.5511151231258E-16,-1.,0.));
#3888=DIRECTION('',(-1.,-3.70074341541718E-16,0.));
#3889=DIRECTION('center_axis',(0.,0.,-1.));
#3890=DIRECTION('ref_axis',(-1.,-2.60902410786909E-14,0.));
#3891=DIRECTION('center_axis',(0.,0.,1.));
#3892=DIRECTION('ref_axis',(-1.,0.,0.));
#3893=DIRECTION('center_axis',(0.,0.,1.));
#3894=DIRECTION('ref_axis',(-8.88178419700126E-16,-1.,0.));
#3895=DIRECTION('center_axis',(5.84327907697446E-17,1.,5.84327907697446E-17));
#3896=DIRECTION('ref_axis',(-1.,5.84327907697446E-17,0.));
#3897=DIRECTION('center_axis',(2.60208521396521E-16,1.,0.));
#3898=DIRECTION('ref_axis',(-1.,0.,0.));
#3899=DIRECTION('',(0.,-1.,0.));
#3900=DIRECTION('',(0.,1.,0.));
#3901=DIRECTION('center_axis',(0.,1.,0.));
#3902=DIRECTION('ref_axis',(-1.,0.,0.));
#3903=DIRECTION('center_axis',(0.,0.,1.));
#3904=DIRECTION('ref_axis',(0.,1.,0.));
#3905=DIRECTION('center_axis',(0.,-1.,0.));
#3906=DIRECTION('ref_axis',(-1.,0.,0.));
#3907=DIRECTION('',(-1.,0.,0.));
#3908=DIRECTION('',(0.,0.,-1.));
#3909=DIRECTION('center_axis',(0.,0.,-1.));
#3910=DIRECTION('ref_axis',(-1.11022302462516E-15,-1.,0.));
#3911=DIRECTION('center_axis',(0.,0.,-1.));
#3912=DIRECTION('ref_axis',(-1.11022302462516E-15,-1.,0.));
#3913=DIRECTION('',(0.,0.,-1.));
#3914=DIRECTION('center_axis',(1.,-3.28954970259307E-15,0.));
#3915=DIRECTION('ref_axis',(-3.28954970259307E-15,-1.,0.));
#3916=DIRECTION('',(-3.28954970259307E-15,-1.,0.));
#3917=DIRECTION('center_axis',(2.05596856412066E-16,1.,0.));
#3918=DIRECTION('ref_axis',(1.,-2.05596856412066E-16,0.));
#3919=DIRECTION('center_axis',(-1.,7.83686840911863E-15,0.));
#3920=DIRECTION('ref_axis',(7.83686840911863E-15,1.,0.));
#3921=DIRECTION('',(0.,0.,-1.));
#3922=DIRECTION('',(0.,0.,-1.));
#3923=DIRECTION('center_axis',(0.,0.,-1.));
#3924=DIRECTION('ref_axis',(-1.,-2.60902410786909E-14,0.));
#3925=DIRECTION('',(0.,0.,-1.));
#3926=DIRECTION('center_axis',(3.70074341541718E-16,-1.,0.));
#3927=DIRECTION('ref_axis',(-1.,-3.70074341541718E-16,0.));
#3928=DIRECTION('',(0.,0.,-1.));
#3929=DIRECTION('center_axis',(0.,0.,-1.));
#3930=DIRECTION('ref_axis',(5.5511151231258E-16,-1.,0.));
#3931=DIRECTION('',(0.,0.,-1.));
#3932=DIRECTION('center_axis',(1.,-1.30614473485312E-15,0.));
#3933=DIRECTION('ref_axis',(-1.30614473485312E-15,-1.,0.));
#3934=DIRECTION('center_axis',(-2.7755575615626E-15,1.,0.));
#3935=DIRECTION('ref_axis',(1.,2.7755575615626E-15,0.));
#3936=DIRECTION('',(0.,0.,-1.));
#3937=DIRECTION('center_axis',(0.,0.,-1.));
#3938=DIRECTION('ref_axis',(-4.84621161542727E-16,1.,0.));
#3939=DIRECTION('center_axis',(-1.,0.,0.));
#3940=DIRECTION('ref_axis',(0.,-1.,0.));
#3941=DIRECTION('',(0.,0.,1.));
#3942=DIRECTION('',(0.,0.,1.));
#3943=DIRECTION('center_axis',(0.,0.,1.));
#3944=DIRECTION('ref_axis',(0.,1.,0.));
#3945=DIRECTION('center_axis',(1.,0.,0.));
#3946=DIRECTION('ref_axis',(0.,1.,0.));
#3947=DIRECTION('',(0.,0.,1.));
#3948=DIRECTION('center_axis',(0.,0.,1.));
#3949=DIRECTION('ref_axis',(-8.88178419700126E-16,-1.,0.));
#3950=DIRECTION('center_axis',(0.,0.,-1.));
#3951=DIRECTION('ref_axis',(-8.88178419700126E-16,-1.,0.));
#3952=DIRECTION('center_axis',(0.,0.,1.));
#3953=DIRECTION('ref_axis',(-1.,0.,0.));
#3954=DIRECTION('center_axis',(0.,0.,-1.));
#3955=DIRECTION('ref_axis',(-1.,0.,0.));
#3956=DIRECTION('center_axis',(0.,0.,1.));
#3957=DIRECTION('ref_axis',(1.,0.,0.));
#3958=DIRECTION('',(0.,1.,0.));
#3959=DIRECTION('center_axis',(1.,0.,-1.58603289232165E-16));
#3960=DIRECTION('ref_axis',(-1.58603289232165E-16,0.,-1.));
#3961=DIRECTION('center_axis',(0.,0.,1.));
#3962=DIRECTION('ref_axis',(1.,0.,0.));
#3963=DIRECTION('center_axis',(0.,0.,1.));
#3964=DIRECTION('ref_axis',(-0.707106781186548,0.707106781186548,0.));
#3965=DIRECTION('',(0.,0.,1.));
#3966=DIRECTION('center_axis',(0.,0.,1.));
#3967=DIRECTION('ref_axis',(1.,0.,0.));
#3968=DIRECTION('',(0.,-1.,0.));
#3969=DIRECTION('center_axis',(0.,0.,-1.));
#3970=DIRECTION('ref_axis',(-0.707106781186547,-0.707106781186547,0.));
#3971=DIRECTION('center_axis',(0.,0.,-1.));
#3972=DIRECTION('ref_axis',(0.707106781186547,-0.707106781186547,0.));
#3973=DIRECTION('',(0.,1.,0.));
#3974=DIRECTION('center_axis',(1.,0.,0.));
#3975=DIRECTION('ref_axis',(0.,1.,0.));
#3976=DIRECTION('',(0.,0.,1.));
#3977=DIRECTION('center_axis',(0.,0.,1.));
#3978=DIRECTION('ref_axis',(-0.707106781186547,-0.707106781186547,0.));
#3979=DIRECTION('',(0.,0.,-1.));
#3980=DIRECTION('center_axis',(-1.,0.,0.));
#3981=DIRECTION('ref_axis',(0.,-1.,0.));
#3982=DIRECTION('center_axis',(0.,0.,1.));
#3983=DIRECTION('ref_axis',(0.707106781186547,-0.707106781186547,0.));
#3984=DIRECTION('center_axis',(1.,0.,0.));
#3985=DIRECTION('ref_axis',(0.,0.,-1.));
#3986=DIRECTION('',(0.,0.,-1.));
#3987=DIRECTION('center_axis',(-1.,0.,1.58603289232165E-16));
#3988=DIRECTION('ref_axis',(1.58603289232165E-16,0.,1.));
#3989=DIRECTION('',(1.58603289232165E-16,0.,1.));
#3990=DIRECTION('center_axis',(0.,1.,0.));
#3991=DIRECTION('ref_axis',(0.,0.,1.));
#3992=DIRECTION('center_axis',(0.0250647284464152,0.999685830342667,0.));
#3993=DIRECTION('ref_axis',(-0.999685830342667,0.0250647284464152,0.));
#3994=DIRECTION('',(-0.999685830342667,0.0250647284464152,0.));
#3995=DIRECTION('',(0.,0.,1.));
#3996=DIRECTION('',(-0.999685830342667,0.0250647284464152,0.));
#3997=DIRECTION('',(0.,0.,1.));
#3998=DIRECTION('center_axis',(0.,0.,1.));
#3999=DIRECTION('ref_axis',(0.999949720534459,-0.0100277815621124,0.));
#4000=DIRECTION('center_axis',(0.,0.,1.));
#4001=DIRECTION('ref_axis',(0.999949720534459,-0.0100277815621124,0.));
#4002=DIRECTION('',(0.,0.,1.));
#4003=DIRECTION('center_axis',(0.,0.,-1.));
#4004=DIRECTION('ref_axis',(0.999949720534459,-0.0100277815621124,0.));
#4005=DIRECTION('center_axis',(-0.00225047265714688,0.999997467683203,0.));
#4006=DIRECTION('ref_axis',(-0.999997467683203,-0.00225047265714688,0.));
#4007=DIRECTION('',(-0.999997467683203,-0.00225047265714688,0.));
#4008=DIRECTION('',(0.,0.,1.));
#4009=DIRECTION('',(-0.999997467683203,-0.00225047265714688,0.));
#4010=DIRECTION('center_axis',(0.,0.,1.));
#4011=DIRECTION('ref_axis',(1.,1.11022302462516E-15,0.));
#4012=DIRECTION('center_axis',(0.,0.,-1.));
#4013=DIRECTION('ref_axis',(1.,1.11022302462516E-15,0.));
#4014=DIRECTION('center_axis',(0.,0.,-1.));
#4015=DIRECTION('ref_axis',(1.,1.11022302462516E-15,0.));
#4016=DIRECTION('center_axis',(0.,0.,-1.));
#4017=DIRECTION('ref_axis',(1.,0.,0.));
#4018=DIRECTION('center_axis',(0.,0.,1.));
#4019=DIRECTION('ref_axis',(1.,0.,0.));
#4020=DIRECTION('',(0.,0.,1.));
#4021=DIRECTION('',(0.,1.,0.));
#4022=CARTESIAN_POINT('',(0.,0.,0.));
#4023=CARTESIAN_POINT('',(0.,0.,0.));
#4024=CARTESIAN_POINT('Origin',(0.,0.,11.5));
#4025=CARTESIAN_POINT('',(4.5,-5.51091059616309E-16,14.5));
#4026=CARTESIAN_POINT('Origin',(5.54499075663164E-31,-2.93136146493015E-31,
14.5));
#4027=CARTESIAN_POINT('',(1.5,-1.83697019872103E-16,11.5));
#4028=CARTESIAN_POINT('Origin',(4.5,-5.51091059616309E-16,11.5));
#4029=CARTESIAN_POINT('',(-1.5,1.83697019872103E-16,11.5));
#4030=CARTESIAN_POINT('Origin',(0.,0.,11.5));
#4031=CARTESIAN_POINT('Origin',(0.,0.,11.5));
#4032=CARTESIAN_POINT('Origin',(0.,0.,0.));
#4033=CARTESIAN_POINT('',(1.5,1.73472347597681E-17,5.32287565553229));
#4034=CARTESIAN_POINT('',(-1.5,-1.83697019872103E-16,5.32287565553229));
#4035=CARTESIAN_POINT('Ctrl Pts',(1.5,1.73472347597681E-17,5.32287565553229));
#4036=CARTESIAN_POINT('Ctrl Pts',(1.5,0.100723386075348,5.32287565553229));
#4037=CARTESIAN_POINT('Ctrl Pts',(1.48974583350185,0.201811381065458,5.3347554317946));
#4038=CARTESIAN_POINT('Ctrl Pts',(1.44953237443404,0.398724788920903,5.37829545279992));
#4039=CARTESIAN_POINT('Ctrl Pts',(1.4195644162679,0.49457148973624,5.40985135192354));
#4040=CARTESIAN_POINT('Ctrl Pts',(1.303843723586,0.767495400852899,5.52031784901275));
#4041=CARTESIAN_POINT('Ctrl Pts',(1.19092971376025,0.930390629799394,5.61409326413472));
#4042=CARTESIAN_POINT('Ctrl Pts',(0.933130594290207,1.18818974926944,5.7753577611569));
#4043=CARTESIAN_POINT('Ctrl Pts',(0.769911777763962,1.30274300441431,5.85586217420729));
#4044=CARTESIAN_POINT('Ctrl Pts',(0.402146265299122,1.45882900147136,5.96856980239933));
#4045=CARTESIAN_POINT('Ctrl Pts',(0.197209734128676,1.5,6.));
#4046=CARTESIAN_POINT('Ctrl Pts',(-0.197209734128677,1.5,6.));
#4047=CARTESIAN_POINT('Ctrl Pts',(-0.402146265299122,1.45882900147136,5.96856980239933));
#4048=CARTESIAN_POINT('Ctrl Pts',(-0.769911777763962,1.30274300441431,5.85586217420729));
#4049=CARTESIAN_POINT('Ctrl Pts',(-0.933130594290208,1.18818974926944,5.7753577611569));
#4050=CARTESIAN_POINT('Ctrl Pts',(-1.19092971376025,0.930390629799392,5.61409326413472));
#4051=CARTESIAN_POINT('Ctrl Pts',(-1.303843723586,0.767495400852899,5.52031784901275));
#4052=CARTESIAN_POINT('Ctrl Pts',(-1.4195644162679,0.49457148973624,5.40985135192354));
#4053=CARTESIAN_POINT('Ctrl Pts',(-1.44953237443404,0.398724788920903,5.37829545279992));
#4054=CARTESIAN_POINT('Ctrl Pts',(-1.48974583350185,0.201811381065458,5.3347554317946));
#4055=CARTESIAN_POINT('Ctrl Pts',(-1.5,0.100723386075348,5.32287565553229));
#4056=CARTESIAN_POINT('Ctrl Pts',(-1.5,3.12250225675825E-16,5.32287565553229));
#4057=CARTESIAN_POINT('Ctrl Pts',(-1.5,-5.20417042793042E-17,5.32287565553229));
#4058=CARTESIAN_POINT('Ctrl Pts',(-1.5,-0.100723386075347,5.32287565553229));
#4059=CARTESIAN_POINT('Ctrl Pts',(-1.48974583350185,-0.201811381065457,
5.3347554317946));
#4060=CARTESIAN_POINT('Ctrl Pts',(-1.44953237443404,-0.398724788920902,
5.37829545279992));
#4061=CARTESIAN_POINT('Ctrl Pts',(-1.4195644162679,-0.49457148973624,5.40985135192354));
#4062=CARTESIAN_POINT('Ctrl Pts',(-1.303843723586,-0.767495400852899,5.52031784901275));
#4063=CARTESIAN_POINT('Ctrl Pts',(-1.19092971376025,-0.930390629799393,
5.61409326413472));
#4064=CARTESIAN_POINT('Ctrl Pts',(-0.933130594290207,-1.18818974926944,
5.7753577611569));
#4065=CARTESIAN_POINT('Ctrl Pts',(-0.769911777763962,-1.30274300441431,
5.85586217420729));
#4066=CARTESIAN_POINT('Ctrl Pts',(-0.402146265299122,-1.45882900147136,
5.96856980239933));
#4067=CARTESIAN_POINT('Ctrl Pts',(-0.197209734128676,-1.5,6.));
#4068=CARTESIAN_POINT('Ctrl Pts',(0.197209734128677,-1.5,6.));
#4069=CARTESIAN_POINT('Ctrl Pts',(0.402146265299122,-1.45882900147136,5.96856980239933));
#4070=CARTESIAN_POINT('Ctrl Pts',(0.769911777763962,-1.30274300441431,5.85586217420729));
#4071=CARTESIAN_POINT('Ctrl Pts',(0.933130594290207,-1.18818974926944,5.7753577611569));
#4072=CARTESIAN_POINT('Ctrl Pts',(1.19092971376025,-0.930390629799393,5.61409326413472));
#4073=CARTESIAN_POINT('Ctrl Pts',(1.303843723586,-0.767495400852899,5.52031784901275));
#4074=CARTESIAN_POINT('Ctrl Pts',(1.4195644162679,-0.49457148973624,5.40985135192354));
#4075=CARTESIAN_POINT('Ctrl Pts',(1.44953237443404,-0.398724788920903,5.37829545279992));
#4076=CARTESIAN_POINT('Ctrl Pts',(1.48974583350185,-0.201811381065458,5.3347554317946));
#4077=CARTESIAN_POINT('Ctrl Pts',(1.5,-0.100723386075348,5.32287565553229));
#4078=CARTESIAN_POINT('Ctrl Pts',(1.5,-5.20417042793042E-17,5.32287565553229));
#4079=CARTESIAN_POINT('',(-1.5,-1.83697019872103E-16,0.));
#4080=CARTESIAN_POINT('Origin',(-0.451446344811605,1.38777878078145E-15,
14.5));
#4081=CARTESIAN_POINT('',(-8.60306103916253,-8.16898854420843,14.5));
#4082=CARTESIAN_POINT('',(-8.60306103916253,8.16898854420844,14.5));
#4083=CARTESIAN_POINT('Ctrl Pts',(-8.60306103916253,-8.16898854420844,14.5));
#4084=CARTESIAN_POINT('Ctrl Pts',(-9.10401711830795,-7.37540219286855,14.5));
#4085=CARTESIAN_POINT('Ctrl Pts',(-9.37549385727705,-6.43862028322213,14.5));
#4086=CARTESIAN_POINT('Ctrl Pts',(-9.3733414600704,-1.83267879611177,14.5));
#4087=CARTESIAN_POINT('Ctrl Pts',(-9.3733414600704,1.83267879611178,14.5));
#4088=CARTESIAN_POINT('Ctrl Pts',(-9.37549385727706,6.43862028322213,14.5));
#4089=CARTESIAN_POINT('Ctrl Pts',(-9.10401711830795,7.37540219286855,14.5));
#4090=CARTESIAN_POINT('Ctrl Pts',(-8.60306103916254,8.16898854420844,14.5));
#4091=CARTESIAN_POINT('',(7.36675942275603,-7.80083191771012,14.5));
#4092=CARTESIAN_POINT('Ctrl Pts',(7.36675942275603,-7.80083191771012,14.5));
#4093=CARTESIAN_POINT('Ctrl Pts',(5.87103052178242,-9.49151894107241,14.5));
#4094=CARTESIAN_POINT('Ctrl Pts',(3.6361243244699,-10.5090452017266,14.5));
#4095=CARTESIAN_POINT('Ctrl Pts',(-0.54397908167296,-10.49568689049,14.5));
#4096=CARTESIAN_POINT('Ctrl Pts',(-2.45783617256967,-10.5005499267851,14.5));
#4097=CARTESIAN_POINT('Ctrl Pts',(-5.38328953231234,-10.5018912053621,14.5));
#4098=CARTESIAN_POINT('Ctrl Pts',(-7.05812777769174,-9.9757377659678,14.5));
#4099=CARTESIAN_POINT('Ctrl Pts',(-8.24445181728733,-8.73707703697663,14.5));
#4100=CARTESIAN_POINT('Ctrl Pts',(-8.60306103916253,-8.16898854420843,14.5));
#4101=CARTESIAN_POINT('',(7.36675942275602,7.80083191771013,14.5));
#4102=CARTESIAN_POINT('Ctrl Pts',(7.36675942275602,7.80083191771013,14.5));
#4103=CARTESIAN_POINT('Ctrl Pts',(8.64653962354782,6.35424104363779,14.5));
#4104=CARTESIAN_POINT('Ctrl Pts',(9.37908108224913,4.4330466838125,14.5));
#4105=CARTESIAN_POINT('Ctrl Pts',(9.37264511004219,0.832210179601679,14.5));
#4106=CARTESIAN_POINT('Ctrl Pts',(9.37264511004219,-0.832210179601682,14.5));
#4107=CARTESIAN_POINT('Ctrl Pts',(9.37908108224913,-4.4330466838125,14.5));
#4108=CARTESIAN_POINT('Ctrl Pts',(8.64653962354782,-6.35424104363778,14.5));
#4109=CARTESIAN_POINT('Ctrl Pts',(7.36675942275603,-7.80083191771012,14.5));
#4110=CARTESIAN_POINT('Ctrl Pts',(-8.60306103916253,8.16898854420844,14.5));
#4111=CARTESIAN_POINT('Ctrl Pts',(-8.24445181728733,8.73707703697663,14.5));
#4112=CARTESIAN_POINT('Ctrl Pts',(-7.05812777769174,9.9757377659678,14.5));
#4113=CARTESIAN_POINT('Ctrl Pts',(-5.38328953231234,10.5018912053621,14.5));
#4114=CARTESIAN_POINT('Ctrl Pts',(-2.45783617256967,10.5005499267851,14.5));
#4115=CARTESIAN_POINT('Ctrl Pts',(-0.54397908167296,10.49568689049,14.5));
#4116=CARTESIAN_POINT('Ctrl Pts',(3.6361243244699,10.5090452017266,14.5));
#4117=CARTESIAN_POINT('Ctrl Pts',(5.87103052178241,9.49151894107241,14.5));
#4118=CARTESIAN_POINT('Ctrl Pts',(7.36675942275602,7.80083191771013,14.5));
#4119=CARTESIAN_POINT('Origin',(0.,0.,0.));
#4120=CARTESIAN_POINT('',(-1.5,1.83697019872103E-16,0.));
#4121=CARTESIAN_POINT('Origin',(0.,0.,0.));
#4122=CARTESIAN_POINT('',(-1.5,-1.83697019872103E-16,2.67712434446771));
#4123=CARTESIAN_POINT('',(-1.5,-1.83697019872103E-16,0.));
#4124=CARTESIAN_POINT('',(1.5,0.,2.67712434446771));
#4125=CARTESIAN_POINT('Ctrl Pts',(1.5,0.,2.67712434446771));
#4126=CARTESIAN_POINT('Ctrl Pts',(1.5,-0.100723386075347,2.67712434446771));
#4127=CARTESIAN_POINT('Ctrl Pts',(1.48974583350185,-0.201811381065458,2.6652445682054));
#4128=CARTESIAN_POINT('Ctrl Pts',(1.44953237443404,-0.398724788920903,2.62170454720008));
#4129=CARTESIAN_POINT('Ctrl Pts',(1.4195644162679,-0.49457148973624,2.59014864807646));
#4130=CARTESIAN_POINT('Ctrl Pts',(1.303843723586,-0.767495400852899,2.47968215098725));
#4131=CARTESIAN_POINT('Ctrl Pts',(1.19092971376025,-0.930390629799393,2.38590673586528));
#4132=CARTESIAN_POINT('Ctrl Pts',(0.933130594290207,-1.18818974926944,2.2246422388431));
#4133=CARTESIAN_POINT('Ctrl Pts',(0.769911777763962,-1.30274300441431,2.14413782579271));
#4134=CARTESIAN_POINT('Ctrl Pts',(0.402146265299122,-1.45882900147136,2.03143019760067));
#4135=CARTESIAN_POINT('Ctrl Pts',(0.197209734128676,-1.5,2.));
#4136=CARTESIAN_POINT('Ctrl Pts',(-0.197209734128676,-1.5,2.));
#4137=CARTESIAN_POINT('Ctrl Pts',(-0.402146265299122,-1.45882900147136,
2.03143019760067));
#4138=CARTESIAN_POINT('Ctrl Pts',(-0.769911777763961,-1.30274300441431,
2.14413782579271));
#4139=CARTESIAN_POINT('Ctrl Pts',(-0.933130594290207,-1.18818974926944,
2.2246422388431));
#4140=CARTESIAN_POINT('Ctrl Pts',(-1.19092971376025,-0.930390629799393,
2.38590673586528));
#4141=CARTESIAN_POINT('Ctrl Pts',(-1.303843723586,-0.767495400852899,2.47968215098725));
#4142=CARTESIAN_POINT('Ctrl Pts',(-1.4195644162679,-0.49457148973624,2.59014864807646));
#4143=CARTESIAN_POINT('Ctrl Pts',(-1.44953237443404,-0.398724788920903,
2.62170454720008));
#4144=CARTESIAN_POINT('Ctrl Pts',(-1.48974583350185,-0.201811381065458,
2.6652445682054));
#4145=CARTESIAN_POINT('Ctrl Pts',(-1.5,-0.100723386075348,2.6771243444677));
#4146=CARTESIAN_POINT('Ctrl Pts',(-1.5,-5.20417042793042E-17,2.6771243444677));
#4147=CARTESIAN_POINT('Ctrl Pts',(-1.5,0.,2.67712434446771));
#4148=CARTESIAN_POINT('Ctrl Pts',(-1.5,0.100723386075347,2.67712434446771));
#4149=CARTESIAN_POINT('Ctrl Pts',(-1.48974583350185,0.201811381065457,2.6652445682054));
#4150=CARTESIAN_POINT('Ctrl Pts',(-1.44953237443404,0.398724788920902,2.62170454720008));
#4151=CARTESIAN_POINT('Ctrl Pts',(-1.4195644162679,0.49457148973624,2.59014864807646));
#4152=CARTESIAN_POINT('Ctrl Pts',(-1.303843723586,0.767495400852899,2.47968215098725));
#4153=CARTESIAN_POINT('Ctrl Pts',(-1.19092971376025,0.930390629799393,2.38590673586528));
#4154=CARTESIAN_POINT('Ctrl Pts',(-0.933130594290208,1.18818974926944,2.2246422388431));
#4155=CARTESIAN_POINT('Ctrl Pts',(-0.769911777763962,1.30274300441431,2.14413782579271));
#4156=CARTESIAN_POINT('Ctrl Pts',(-0.402146265299122,1.45882900147136,2.03143019760067));
#4157=CARTESIAN_POINT('Ctrl Pts',(-0.197209734128677,1.5,2.));
#4158=CARTESIAN_POINT('Ctrl Pts',(0.197209734128676,1.5,2.));
#4159=CARTESIAN_POINT('Ctrl Pts',(0.402146265299122,1.45882900147136,2.03143019760067));
#4160=CARTESIAN_POINT('Ctrl Pts',(0.769911777763962,1.30274300441431,2.14413782579271));
#4161=CARTESIAN_POINT('Ctrl Pts',(0.933130594290207,1.18818974926944,2.2246422388431));
#4162=CARTESIAN_POINT('Ctrl Pts',(1.19092971376025,0.930390629799394,2.38590673586528));
#4163=CARTESIAN_POINT('Ctrl Pts',(1.303843723586,0.767495400852899,2.47968215098725));
#4164=CARTESIAN_POINT('Ctrl Pts',(1.4195644162679,0.49457148973624,2.59014864807646));
#4165=CARTESIAN_POINT('Ctrl Pts',(1.44953237443404,0.398724788920902,2.62170454720008));
#4166=CARTESIAN_POINT('Ctrl Pts',(1.48974583350185,0.201811381065457,2.6652445682054));
#4167=CARTESIAN_POINT('Ctrl Pts',(1.5,0.100723386075347,2.67712434446771));
#4168=CARTESIAN_POINT('Ctrl Pts',(1.5,-1.73472347597681E-17,2.67712434446771));
#4169=CARTESIAN_POINT('Ctrl Pts',(-5.50000000000379,-5.5000000000018,11.5));
#4170=CARTESIAN_POINT('Ctrl Pts',(-6.53435367972337,-6.38966284807068,12.5));
#4171=CARTESIAN_POINT('Ctrl Pts',(-7.56870735944295,-7.27932569613956,13.5));
#4172=CARTESIAN_POINT('Ctrl Pts',(-8.60306103916253,-8.16898854420844,14.5));
#4173=CARTESIAN_POINT('Ctrl Pts',(-5.50000000000379,-4.87927233188849,11.5));
#4174=CARTESIAN_POINT('Ctrl Pts',(-6.70205182000121,-5.71152698372387,12.5));
#4175=CARTESIAN_POINT('Ctrl Pts',(-7.90196529831052,-6.54314754103317,13.5));
#4176=CARTESIAN_POINT('Ctrl Pts',(-9.10401711830795,-7.37540219286855,14.5));
#4177=CARTESIAN_POINT('Ctrl Pts',(-5.50000000000379,-4.25854466377517,11.5));
#4178=CARTESIAN_POINT('Ctrl Pts',(-6.79179533219569,-4.98522854037682,12.5));
#4179=CARTESIAN_POINT('Ctrl Pts',(-8.08369852508515,-5.71193640662048,13.5));
#4180=CARTESIAN_POINT('Ctrl Pts',(-9.37549385727705,-6.43862028322213,14.5));
#4181=CARTESIAN_POINT('Ctrl Pts',(-5.50000000000379,-1.21260566522182,11.5));
#4182=CARTESIAN_POINT('Ctrl Pts',(-6.79159733996392,-1.41945788497998,12.5));
#4183=CARTESIAN_POINT('Ctrl Pts',(-8.08174412011027,-1.62582657635361,13.5));
#4184=CARTESIAN_POINT('Ctrl Pts',(-9.3733414600704,-1.83267879611177,14.5));
#4185=CARTESIAN_POINT('Ctrl Pts',(-5.50000000000379,1.21260566521823,11.5));
#4186=CARTESIAN_POINT('Ctrl Pts',(-6.79159733996391,1.41945788497758,12.5));
#4187=CARTESIAN_POINT('Ctrl Pts',(-8.08174412011028,1.62582657635242,13.5));
#4188=CARTESIAN_POINT('Ctrl Pts',(-9.3733414600704,1.83267879611178,14.5));
#4189=CARTESIAN_POINT('Ctrl Pts',(-5.50000000000379,4.25854466377158,11.5));
#4190=CARTESIAN_POINT('Ctrl Pts',(-6.7917953321957,4.98522854037443,12.5));
#4191=CARTESIAN_POINT('Ctrl Pts',(-8.08369852508515,5.71193640661928,13.5));
#4192=CARTESIAN_POINT('Ctrl Pts',(-9.37549385727706,6.43862028322213,14.5));
#4193=CARTESIAN_POINT('Ctrl Pts',(-5.50000000000379,4.87927233188489,11.5));
#4194=CARTESIAN_POINT('Ctrl Pts',(-6.70205182000121,5.71152698372147,12.5));
#4195=CARTESIAN_POINT('Ctrl Pts',(-7.90196529831052,6.54314754103197,13.5));
#4196=CARTESIAN_POINT('Ctrl Pts',(-9.10401711830795,7.37540219286855,14.5));
#4197=CARTESIAN_POINT('Ctrl Pts',(-5.50000000000379,5.4999999999982,11.5));
#4198=CARTESIAN_POINT('Ctrl Pts',(-6.53435367972337,6.38966284806828,12.5));
#4199=CARTESIAN_POINT('Ctrl Pts',(-7.56870735944295,7.27932569613836,13.5));
#4200=CARTESIAN_POINT('Ctrl Pts',(-8.60306103916254,8.16898854420844,14.5));
#4201=CARTESIAN_POINT('',(-5.50000000000379,-5.5000000000018,11.5));
#4202=CARTESIAN_POINT('',(-5.50000000000379,5.4999999999982,11.5));
#4203=CARTESIAN_POINT('',(-5.50000000000379,-5.5000000000018,11.5));
#4204=CARTESIAN_POINT('',(-5.50000000000379,-5.5000000000018,11.5));
#4205=CARTESIAN_POINT('',(-5.50000000000379,5.4999999999982,11.5));
#4206=CARTESIAN_POINT('Ctrl Pts',(-5.50000000000379,5.4999999999982,11.5));
#4207=CARTESIAN_POINT('Ctrl Pts',(-6.53435367972337,6.38966284806828,12.5));
#4208=CARTESIAN_POINT('Ctrl Pts',(-7.56870735944295,7.27932569613836,13.5));
#4209=CARTESIAN_POINT('Ctrl Pts',(-8.60306103916253,8.16898854420844,14.5));
#4210=CARTESIAN_POINT('Ctrl Pts',(-5.07917844100398,5.4999999999982,11.5));
#4211=CARTESIAN_POINT('Ctrl Pts',(-6.13438285554114,6.57846076529886,12.5));
#4212=CARTESIAN_POINT('Ctrl Pts',(-7.18924740275017,7.65861627167597,13.5));
#4213=CARTESIAN_POINT('Ctrl Pts',(-8.24445181728733,8.73707703697663,14.5));
#4214=CARTESIAN_POINT('Ctrl Pts',(-4.02712454350445,5.4999999999982,11.5));
#4215=CARTESIAN_POINT('Ctrl Pts',(-5.03744875427062,6.99267060863516,12.5));
#4216=CARTESIAN_POINT('Ctrl Pts',(-6.04780356692558,8.48306715733084,13.5));
#4217=CARTESIAN_POINT('Ctrl Pts',(-7.05812777769174,9.9757377659678,14.5));
#4218=CARTESIAN_POINT('Ctrl Pts',(-2.97507064600493,5.4999999999982,11.5));
#4219=CARTESIAN_POINT('Ctrl Pts',(-3.77792536510346,7.16683293270835,12.5));
#4220=CARTESIAN_POINT('Ctrl Pts',(-4.5804348132138,8.83505827265194,13.5));
#4221=CARTESIAN_POINT('Ctrl Pts',(-5.38328953231234,10.5018912053621,14.5));
#4222=CARTESIAN_POINT('Ctrl Pts',(-1.14323420573741,5.4999999999982,11.5));
#4223=CARTESIAN_POINT('Ctrl Pts',(-1.58112816154399,7.16716804406999,12.5));
#4224=CARTESIAN_POINT('Ctrl Pts',(-2.01994221676309,8.83338188271333,13.5));
#4225=CARTESIAN_POINT('Ctrl Pts',(-2.45783617256967,10.5005499267851,14.5));
#4226=CARTESIAN_POINT('Ctrl Pts',(0.0573698960303998,5.4999999999982,11.5));
#4227=CARTESIAN_POINT('Ctrl Pts',(-0.142975716292725,7.16520045173125,12.5));
#4228=CARTESIAN_POINT('Ctrl Pts',(-0.343633469349835,8.83048643875699,13.5));
#4229=CARTESIAN_POINT('Ctrl Pts',(-0.54397908167296,10.49568689049,14.5));
#4230=CARTESIAN_POINT('Ctrl Pts',(2.67198266519754,5.4999999999982,11.5));
#4231=CARTESIAN_POINT('Ctrl Pts',(2.99328802824984,7.16965000056978,12.5));
#4232=CARTESIAN_POINT('Ctrl Pts',(3.3148189614176,8.839395201155,13.5));
#4233=CARTESIAN_POINT('Ctrl Pts',(3.6361243244699,10.5090452017266,14.5));
#4234=CARTESIAN_POINT('Ctrl Pts',(4.08599133259687,5.4999999999982,11.5));
#4235=CARTESIAN_POINT('Ctrl Pts',(4.68302048925023,6.83449831432617,12.5));
#4236=CARTESIAN_POINT('Ctrl Pts',(5.27400136512905,8.15702062674445,13.5));
#4237=CARTESIAN_POINT('Ctrl Pts',(5.87103052178241,9.49151894107241,14.5));
#4238=CARTESIAN_POINT('Ctrl Pts',(5.4999999999962,5.4999999999982,11.5));
#4239=CARTESIAN_POINT('Ctrl Pts',(6.12225314091614,6.26694397256884,12.5));
#4240=CARTESIAN_POINT('Ctrl Pts',(6.74450628183608,7.03388794513949,13.5));
#4241=CARTESIAN_POINT('Ctrl Pts',(7.36675942275602,7.80083191771013,14.5));
#4242=CARTESIAN_POINT('',(5.4999999999962,5.4999999999982,11.5));
#4243=CARTESIAN_POINT('',(-5.50000000000379,5.4999999999982,11.5));
#4244=CARTESIAN_POINT('',(5.4999999999962,5.4999999999982,11.5));
#4245=CARTESIAN_POINT('Ctrl Pts',(5.4999999999962,5.4999999999982,11.5));
#4246=CARTESIAN_POINT('Ctrl Pts',(6.12225314091614,6.26694397256884,12.5));
#4247=CARTESIAN_POINT('Ctrl Pts',(6.74450628183608,7.03388794513949,13.5));
#4248=CARTESIAN_POINT('Ctrl Pts',(7.36675942275602,7.80083191771013,14.5));
#4249=CARTESIAN_POINT('Ctrl Pts',(5.49999999999621,4.21925355207843,11.5));
#4250=CARTESIAN_POINT('Ctrl Pts',(6.55141285527461,4.93192005673266,12.5));
#4251=CARTESIAN_POINT('Ctrl Pts',(7.59512676826942,5.64157453898356,13.5));
#4252=CARTESIAN_POINT('Ctrl Pts',(8.64653962354782,6.35424104363779,14.5));
#4253=CARTESIAN_POINT('Ctrl Pts',(5.49999999999621,2.93850710415865,11.5));
#4254=CARTESIAN_POINT('Ctrl Pts',(6.79297160361839,3.43667780773594,12.5));
#4255=CARTESIAN_POINT('Ctrl Pts',(8.08610947862695,3.93487598023521,13.5));
#4256=CARTESIAN_POINT('Ctrl Pts',(9.37908108224913,4.4330466838125,14.5));
#4257=CARTESIAN_POINT('Ctrl Pts',(5.49999999999621,0.552586885411756,11.5));
#4258=CARTESIAN_POINT('Ctrl Pts',(6.79123285841138,0.645832719263356,12.5));
#4259=CARTESIAN_POINT('Ctrl Pts',(8.08141225162703,0.738964345750079,13.5));
#4260=CARTESIAN_POINT('Ctrl Pts',(9.37264511004219,0.832210179601679,14.5));
#4261=CARTESIAN_POINT('Ctrl Pts',(5.49999999999621,-0.552586885415366,11.5));
#4262=CARTESIAN_POINT('Ctrl Pts',(6.79123285841137,-0.645832719265764,12.5));
#4263=CARTESIAN_POINT('Ctrl Pts',(8.08141225162703,-0.738964345751285,13.5));
#4264=CARTESIAN_POINT('Ctrl Pts',(9.37264511004219,-0.832210179601682,14.5));
#4265=CARTESIAN_POINT('Ctrl Pts',(5.49999999999621,-2.93850710416226,11.5));
#4266=CARTESIAN_POINT('Ctrl Pts',(6.7929716036184,-3.43667780773834,12.5));
#4267=CARTESIAN_POINT('Ctrl Pts',(8.08610947862695,-3.93487598023641,13.5));
#4268=CARTESIAN_POINT('Ctrl Pts',(9.37908108224913,-4.4330466838125,14.5));
#4269=CARTESIAN_POINT('Ctrl Pts',(5.49999999999621,-4.21925355208203,11.5));
#4270=CARTESIAN_POINT('Ctrl Pts',(6.55141285527461,-4.93192005673506,12.5));
#4271=CARTESIAN_POINT('Ctrl Pts',(7.59512676826942,-5.64157453898475,13.5));
#4272=CARTESIAN_POINT('Ctrl Pts',(8.64653962354782,-6.35424104363778,14.5));
#4273=CARTESIAN_POINT('Ctrl Pts',(5.49999999999621,-5.5000000000018,11.5));
#4274=CARTESIAN_POINT('Ctrl Pts',(6.12225314091615,-6.26694397257124,12.5));
#4275=CARTESIAN_POINT('Ctrl Pts',(6.74450628183609,-7.03388794514068,13.5));
#4276=CARTESIAN_POINT('Ctrl Pts',(7.36675942275603,-7.80083191771012,14.5));
#4277=CARTESIAN_POINT('',(5.49999999999621,-5.5000000000018,11.5));
#4278=CARTESIAN_POINT('',(5.4999999999962,5.4999999999982,11.5));
#4279=CARTESIAN_POINT('',(5.49999999999621,-5.5000000000018,11.5));
#4280=CARTESIAN_POINT('Ctrl Pts',(5.49999999999621,-5.5000000000018,11.5));
#4281=CARTESIAN_POINT('Ctrl Pts',(6.12225314091615,-6.26694397257124,12.5));
#4282=CARTESIAN_POINT('Ctrl Pts',(6.74450628183609,-7.03388794514068,13.5));
#4283=CARTESIAN_POINT('Ctrl Pts',(7.36675942275603,-7.80083191771012,14.5));
#4284=CARTESIAN_POINT('Ctrl Pts',(4.08599133259688,-5.5000000000018,11.5));
#4285=CARTESIAN_POINT('Ctrl Pts',(4.68302048925024,-6.83449831432857,12.5));
#4286=CARTESIAN_POINT('Ctrl Pts',(5.27400136512906,-8.15702062674564,13.5));
#4287=CARTESIAN_POINT('Ctrl Pts',(5.87103052178242,-9.49151894107241,14.5));
#4288=CARTESIAN_POINT('Ctrl Pts',(2.67198266519754,-5.5000000000018,11.5));
#4289=CARTESIAN_POINT('Ctrl Pts',(2.99328802824984,-7.16965000057218,12.5));
#4290=CARTESIAN_POINT('Ctrl Pts',(3.3148189614176,-8.8393952011562,13.5));
#4291=CARTESIAN_POINT('Ctrl Pts',(3.6361243244699,-10.5090452017266,14.5));
#4292=CARTESIAN_POINT('Ctrl Pts',(0.0573698960303999,-5.5000000000018,11.5));
#4293=CARTESIAN_POINT('Ctrl Pts',(-0.142975716292726,-7.16520045173365,
12.5));
#4294=CARTESIAN_POINT('Ctrl Pts',(-0.343633469349834,-8.83048643875819,
13.5));
#4295=CARTESIAN_POINT('Ctrl Pts',(-0.54397908167296,-10.49568689049,14.5));
#4296=CARTESIAN_POINT('Ctrl Pts',(-1.14323420573741,-5.5000000000018,11.5));
#4297=CARTESIAN_POINT('Ctrl Pts',(-1.58112816154399,-7.16716804407239,12.5));
#4298=CARTESIAN_POINT('Ctrl Pts',(-2.01994221676309,-8.83338188271452,13.5));
#4299=CARTESIAN_POINT('Ctrl Pts',(-2.45783617256967,-10.5005499267851,14.5));
#4300=CARTESIAN_POINT('Ctrl Pts',(-2.97507064600493,-5.5000000000018,11.5));
#4301=CARTESIAN_POINT('Ctrl Pts',(-3.77792536510346,-7.16683293271075,12.5));
#4302=CARTESIAN_POINT('Ctrl Pts',(-4.5804348132138,-8.83505827265314,13.5));
#4303=CARTESIAN_POINT('Ctrl Pts',(-5.38328953231234,-10.5018912053621,14.5));
#4304=CARTESIAN_POINT('Ctrl Pts',(-4.02712454350445,-5.5000000000018,11.5));
#4305=CARTESIAN_POINT('Ctrl Pts',(-5.03744875427061,-6.99267060863757,12.5));
#4306=CARTESIAN_POINT('Ctrl Pts',(-6.04780356692558,-8.48306715733203,13.5));
#4307=CARTESIAN_POINT('Ctrl Pts',(-7.05812777769174,-9.9757377659678,14.5));
#4308=CARTESIAN_POINT('Ctrl Pts',(-5.07917844100398,-5.5000000000018,11.5));
#4309=CARTESIAN_POINT('Ctrl Pts',(-6.13438285554114,-6.57846076530126,12.5));
#4310=CARTESIAN_POINT('Ctrl Pts',(-7.18924740275017,-7.65861627167717,13.5));
#4311=CARTESIAN_POINT('Ctrl Pts',(-8.24445181728733,-8.73707703697663,14.5));
#4312=CARTESIAN_POINT('Ctrl Pts',(-5.50000000000379,-5.5000000000018,11.5));
#4313=CARTESIAN_POINT('Ctrl Pts',(-6.53435367972337,-6.38966284807068,12.5));
#4314=CARTESIAN_POINT('Ctrl Pts',(-7.56870735944295,-7.27932569613956,13.5));
#4315=CARTESIAN_POINT('Ctrl Pts',(-8.60306103916253,-8.16898854420843,14.5));
#4316=CARTESIAN_POINT('',(5.49999999999621,-5.5000000000018,11.5));
#4317=CARTESIAN_POINT('Origin',(-3.78752584850872E-12,-1.79911641140507E-12,
10.));
#4318=CARTESIAN_POINT('',(5.4999999999962,5.4999999999982,10.));
#4319=CARTESIAN_POINT('',(5.49999999999621,-5.5000000000018,10.));
#4320=CARTESIAN_POINT('',(5.49999999999621,2.7499999999982,10.));
#4321=CARTESIAN_POINT('',(-5.50000000000379,-5.5000000000018,10.));
#4322=CARTESIAN_POINT('',(2.74999999999621,-5.5000000000018,10.));
#4323=CARTESIAN_POINT('',(-5.50000000000379,5.4999999999982,10.));
#4324=CARTESIAN_POINT('',(-5.50000000000379,-2.7500000000018,10.));
#4325=CARTESIAN_POINT('',(-2.75000000000379,5.4999999999982,10.));
#4326=CARTESIAN_POINT('',(-5.,-3.3,10.));
#4327=CARTESIAN_POINT('',(5.,-3.3,10.));
#4328=CARTESIAN_POINT('',(-5.,-3.3,10.));
#4329=CARTESIAN_POINT('',(5.,3.3,10.));
#4330=CARTESIAN_POINT('',(5.,-3.3,10.));
#4331=CARTESIAN_POINT('',(-5.,3.3,10.));
#4332=CARTESIAN_POINT('',(5.,3.3,10.));
#4333=CARTESIAN_POINT('',(-5.,3.3,10.));
#4334=CARTESIAN_POINT('Origin',(5.49999999999621,-5.5000000000018,11.5));
#4335=CARTESIAN_POINT('',(5.49999999999621,-5.5000000000018,11.5));
#4336=CARTESIAN_POINT('',(-5.50000000000379,-5.5000000000018,11.5));
#4337=CARTESIAN_POINT('Origin',(5.4999999999962,5.4999999999982,11.5));
#4338=CARTESIAN_POINT('',(5.4999999999962,5.4999999999982,11.5));
#4339=CARTESIAN_POINT('Origin',(-5.50000000000379,5.4999999999982,11.5));
#4340=CARTESIAN_POINT('',(-5.50000000000379,5.4999999999982,11.5));
#4341=CARTESIAN_POINT('Origin',(-5.50000000000379,-5.5000000000018,11.5));
#4342=CARTESIAN_POINT('Origin',(0.,-3.3,4.));
#4343=CARTESIAN_POINT('',(-2.,-3.3,4.));
#4344=CARTESIAN_POINT('Origin',(0.,-3.3,4.));
#4345=CARTESIAN_POINT('',(-2.,3.3,4.));
#4346=CARTESIAN_POINT('',(-2.,-3.3,4.));
#4347=CARTESIAN_POINT('Origin',(0.,3.3,4.));
#4348=CARTESIAN_POINT('Origin',(-5.,-3.3,0.));
#4349=CARTESIAN_POINT('',(-5.,-3.3,0.));
#4350=CARTESIAN_POINT('',(5.,-3.3,0.));
#4351=CARTESIAN_POINT('',(-5.,-3.3,0.));
#4352=CARTESIAN_POINT('',(5.,-3.3,0.));
#4353=CARTESIAN_POINT('',(-5.,-3.3,0.));
#4354=CARTESIAN_POINT('Origin',(-5.,3.3,0.));
#4355=CARTESIAN_POINT('',(-5.,3.3,0.));
#4356=CARTESIAN_POINT('',(-5.,3.3,0.));
#4357=CARTESIAN_POINT('',(-5.,3.3,0.));
#4358=CARTESIAN_POINT('Origin',(5.,3.3,0.));
#4359=CARTESIAN_POINT('',(5.,3.3,0.));
#4360=CARTESIAN_POINT('',(5.,3.3,0.));
#4361=CARTESIAN_POINT('',(5.,3.3,0.));
#4362=CARTESIAN_POINT('Origin',(5.,-3.3,0.));
#4363=CARTESIAN_POINT('',(5.,-3.3,0.));
#4364=CARTESIAN_POINT('Origin',(1.11022302462516E-15,0.,0.));
#4365=CARTESIAN_POINT('Origin',(-1.81576975677444E-12,-0.451446344807835,
4.));
#4366=CARTESIAN_POINT('',(-7.50000000000002,1.37499999999998,4.));
#4367=CARTESIAN_POINT('',(-2.50000000000002,6.37499999999998,4.));
#4368=CARTESIAN_POINT('Origin',(-2.50000000000002,1.37499999999998,4.));
#4369=CARTESIAN_POINT('',(-7.50000000000002,-4.37500000000001,4.));
#4370=CARTESIAN_POINT('',(-7.50000000000002,0.687499999999982,4.));
#4371=CARTESIAN_POINT('',(-5.50000000000002,-6.37500000000002,4.));
#4372=CARTESIAN_POINT('Origin',(-5.50000000000002,-4.37500000000002,4.));
#4373=CARTESIAN_POINT('',(5.49999999999998,-6.37500000000002,4.));
#4374=CARTESIAN_POINT('',(-2.75000000000001,-6.37500000000002,4.));
#4375=CARTESIAN_POINT('',(7.49999999999998,-4.37500000000001,4.));
#4376=CARTESIAN_POINT('Origin',(5.49999999999998,-4.37500000000002,4.));
#4377=CARTESIAN_POINT('',(7.49999999999998,1.37499999999998,4.));
#4378=CARTESIAN_POINT('',(7.49999999999998,-2.18750000000002,4.));
#4379=CARTESIAN_POINT('',(2.49999999999999,6.37499999999998,4.));
#4380=CARTESIAN_POINT('Origin',(2.49999999999999,1.37499999999998,4.));
#4381=CARTESIAN_POINT('',(1.24999999999999,6.37499999999998,4.));
#4382=CARTESIAN_POINT('',(-1.81383088693405E-12,4.50000000000377,4.));
#4383=CARTESIAN_POINT('Origin',(-1.81438197799366E-12,3.77031739162703E-12,
4.));
#4384=CARTESIAN_POINT('Origin',(-1.81438197799366E-12,3.77031739162703E-12,
0.999999999999999));
#4385=CARTESIAN_POINT('',(-1.81419828097379E-12,1.50000000000377,0.999999999999999));
#4386=CARTESIAN_POINT('Origin',(-1.81383088693405E-12,4.50000000000377,
0.999999999999999));
#4387=CARTESIAN_POINT('',(-1.81456567501353E-12,-1.49999999999623,0.999999999999999));
#4388=CARTESIAN_POINT('Origin',(-1.81438197799366E-12,3.77031739162703E-12,
0.999999999999999));
#4389=CARTESIAN_POINT('Origin',(-1.81438197799366E-12,3.77031739162703E-12,
0.999999999999999));
#4390=CARTESIAN_POINT('Origin',(-1.81438197799366E-12,3.77031739162703E-12,
-10.5));
#4391=CARTESIAN_POINT('',(-1.81439932522842E-12,1.50000000000377,-5.1771243444677));
#4392=CARTESIAN_POINT('',(-1.81419828097379E-12,-1.49999999999623,-5.1771243444677));
#4393=CARTESIAN_POINT('Ctrl Pts',(-1.81441667246318E-12,1.50000000000377,
-5.1771243444677));
#4394=CARTESIAN_POINT('Ctrl Pts',(-0.100723386077162,1.50000000000377,-5.1771243444677));
#4395=CARTESIAN_POINT('Ctrl Pts',(-0.201811381067272,1.48974583350562,-5.1652445682054));
#4396=CARTESIAN_POINT('Ctrl Pts',(-0.398724788922718,1.44953237443781,-5.12170454720008));
#4397=CARTESIAN_POINT('Ctrl Pts',(-0.494571489738055,1.41956441627167,-5.09014864807645));
#4398=CARTESIAN_POINT('Ctrl Pts',(-0.767495400854714,1.30384372358977,-4.97968215098724));
#4399=CARTESIAN_POINT('Ctrl Pts',(-0.930390629801208,1.19092971376402,-4.88590673586527));
#4400=CARTESIAN_POINT('Ctrl Pts',(-1.18818974927125,0.933130594293977,-4.7246422388431));
#4401=CARTESIAN_POINT('Ctrl Pts',(-1.30274300441612,0.769911777767732,-4.6441378257927));
#4402=CARTESIAN_POINT('Ctrl Pts',(-1.45882900147317,0.402146265302892,-4.53143019760066));
#4403=CARTESIAN_POINT('Ctrl Pts',(-1.50000000000181,0.197209734132446,-4.49999999999999));
#4404=CARTESIAN_POINT('Ctrl Pts',(-1.50000000000181,-0.197209734124906,
-4.49999999999999));
#4405=CARTESIAN_POINT('Ctrl Pts',(-1.45882900147317,-0.402146265295352,
-4.53143019760066));
#4406=CARTESIAN_POINT('Ctrl Pts',(-1.30274300441612,-0.769911777760192,
-4.6441378257927));
#4407=CARTESIAN_POINT('Ctrl Pts',(-1.18818974927125,-0.933130594286437,
-4.7246422388431));
#4408=CARTESIAN_POINT('Ctrl Pts',(-0.930390629801207,-1.19092971375648,
-4.88590673586527));
#4409=CARTESIAN_POINT('Ctrl Pts',(-0.767495400854713,-1.30384372358223,
-4.97968215098724));
#4410=CARTESIAN_POINT('Ctrl Pts',(-0.494571489738054,-1.41956441626413,
-5.09014864807645));
#4411=CARTESIAN_POINT('Ctrl Pts',(-0.398724788922717,-1.44953237443027,
-5.12170454720008));
#4412=CARTESIAN_POINT('Ctrl Pts',(-0.201811381067272,-1.48974583349808,
-5.1652445682054));
#4413=CARTESIAN_POINT('Ctrl Pts',(-0.100723386077162,-1.49999999999623,
-5.1771243444677));
#4414=CARTESIAN_POINT('Ctrl Pts',(-1.81472892268886E-12,-1.49999999999623,
-5.1771243444677));
#4415=CARTESIAN_POINT('Ctrl Pts',(-1.81443401969794E-12,-1.49999999999623,
-5.1771243444677));
#4416=CARTESIAN_POINT('Ctrl Pts',(0.100723386073533,-1.49999999999623,-5.1771243444677));
#4417=CARTESIAN_POINT('Ctrl Pts',(0.201811381063643,-1.48974583349808,-5.1652445682054));
#4418=CARTESIAN_POINT('Ctrl Pts',(0.398724788919088,-1.44953237443027,-5.12170454720008));
#4419=CARTESIAN_POINT('Ctrl Pts',(0.494571489734425,-1.41956441626413,-5.09014864807645));
#4420=CARTESIAN_POINT('Ctrl Pts',(0.767495400851085,-1.30384372358223,-4.97968215098724));
#4421=CARTESIAN_POINT('Ctrl Pts',(0.930390629797579,-1.19092971375648,-4.88590673586527));
#4422=CARTESIAN_POINT('Ctrl Pts',(1.18818974926762,-0.933130594286437,-4.7246422388431));
#4423=CARTESIAN_POINT('Ctrl Pts',(1.30274300441249,-0.769911777760191,-4.6441378257927));
#4424=CARTESIAN_POINT('Ctrl Pts',(1.45882900146954,-0.402146265295351,-4.53143019760066));
#4425=CARTESIAN_POINT('Ctrl Pts',(1.49999999999819,-0.197209734124906,-4.49999999999999));
#4426=CARTESIAN_POINT('Ctrl Pts',(1.49999999999819,0.197209734132447,-4.49999999999999));
#4427=CARTESIAN_POINT('Ctrl Pts',(1.45882900146954,0.402146265302892,-4.53143019760066));
#4428=CARTESIAN_POINT('Ctrl Pts',(1.30274300441249,0.769911777767732,-4.6441378257927));
#4429=CARTESIAN_POINT('Ctrl Pts',(1.18818974926762,0.933130594293977,-4.7246422388431));
#4430=CARTESIAN_POINT('Ctrl Pts',(0.930390629797579,1.19092971376402,-4.88590673586527));
#4431=CARTESIAN_POINT('Ctrl Pts',(0.767495400851085,1.30384372358977,-4.97968215098724));
#4432=CARTESIAN_POINT('Ctrl Pts',(0.494571489734426,1.41956441627167,-5.09014864807645));
#4433=CARTESIAN_POINT('Ctrl Pts',(0.398724788919089,1.44953237443781,-5.12170454720008));
#4434=CARTESIAN_POINT('Ctrl Pts',(0.201811381063644,1.48974583350562,-5.1652445682054));
#4435=CARTESIAN_POINT('Ctrl Pts',(0.100723386073533,1.50000000000377,-5.1771243444677));
#4436=CARTESIAN_POINT('Ctrl Pts',(-1.81438197799366E-12,1.50000000000377,
-5.1771243444677));
#4437=CARTESIAN_POINT('',(-1.81419828097379E-12,-1.49999999999623,-10.5));
#4438=CARTESIAN_POINT('Origin',(-1.81438197799366E-12,3.77031739162703E-12,
-10.5));
#4439=CARTESIAN_POINT('',(-1.81456567501353E-12,-1.49999999999623,-10.5));
#4440=CARTESIAN_POINT('Origin',(-1.81438197799366E-12,3.77031739162703E-12,
-10.5));
#4441=CARTESIAN_POINT('',(-1.81419828097379E-12,-1.49999999999623,-7.82287565553229));
#4442=CARTESIAN_POINT('',(-1.81419828097379E-12,-1.49999999999623,-10.5));
#4443=CARTESIAN_POINT('',(-1.81438197799366E-12,1.50000000000377,-7.82287565553229));
#4444=CARTESIAN_POINT('Ctrl Pts',(-1.81439932522842E-12,1.50000000000377,
-7.82287565553229));
#4445=CARTESIAN_POINT('Ctrl Pts',(0.100723386073533,1.50000000000377,-7.82287565553229));
#4446=CARTESIAN_POINT('Ctrl Pts',(0.201811381063643,1.48974583350562,-7.83475543179459));
#4447=CARTESIAN_POINT('Ctrl Pts',(0.398724788919088,1.44953237443781,-7.87829545279991));
#4448=CARTESIAN_POINT('Ctrl Pts',(0.494571489734425,1.41956441627167,-7.90985135192353));
#4449=CARTESIAN_POINT('Ctrl Pts',(0.767495400851085,1.30384372358977,-8.02031784901274));
#4450=CARTESIAN_POINT('Ctrl Pts',(0.930390629797579,1.19092971376402,-8.11409326413471));
#4451=CARTESIAN_POINT('Ctrl Pts',(1.18818974926762,0.933130594293978,-8.27535776115689));
#4452=CARTESIAN_POINT('Ctrl Pts',(1.30274300441249,0.769911777767732,-8.35586217420728));
#4453=CARTESIAN_POINT('Ctrl Pts',(1.45882900146954,0.402146265302892,-8.46856980239933));
#4454=CARTESIAN_POINT('Ctrl Pts',(1.49999999999819,0.197209734132447,-8.49999999999999));
#4455=CARTESIAN_POINT('Ctrl Pts',(1.49999999999819,-0.197209734124906,-8.49999999999999));
#4456=CARTESIAN_POINT('Ctrl Pts',(1.45882900146954,-0.402146265295351,-8.46856980239933));
#4457=CARTESIAN_POINT('Ctrl Pts',(1.30274300441249,-0.769911777760191,-8.35586217420728));
#4458=CARTESIAN_POINT('Ctrl Pts',(1.18818974926762,-0.933130594286437,-8.27535776115689));
#4459=CARTESIAN_POINT('Ctrl Pts',(0.930390629797579,-1.19092971375648,-8.11409326413471));
#4460=CARTESIAN_POINT('Ctrl Pts',(0.767495400851085,-1.30384372358223,-8.02031784901274));
#4461=CARTESIAN_POINT('Ctrl Pts',(0.494571489734425,-1.41956441626413,-7.90985135192353));
#4462=CARTESIAN_POINT('Ctrl Pts',(0.398724788919089,-1.44953237443027,-7.87829545279991));
#4463=CARTESIAN_POINT('Ctrl Pts',(0.201811381063644,-1.48974583349808,-7.83475543179459));
#4464=CARTESIAN_POINT('Ctrl Pts',(0.100723386073533,-1.49999999999623,-7.82287565553229));
#4465=CARTESIAN_POINT('Ctrl Pts',(-1.81438197799366E-12,-1.49999999999623,
-7.82287565553229));
#4466=CARTESIAN_POINT('Ctrl Pts',(-1.81438197799366E-12,-1.49999999999623,
-7.82287565553229));
#4467=CARTESIAN_POINT('Ctrl Pts',(-0.100723386077162,-1.49999999999623,
-7.82287565553229));
#4468=CARTESIAN_POINT('Ctrl Pts',(-0.201811381067272,-1.48974583349808,
-7.83475543179459));
#4469=CARTESIAN_POINT('Ctrl Pts',(-0.398724788922717,-1.44953237443027,
-7.87829545279991));
#4470=CARTESIAN_POINT('Ctrl Pts',(-0.494571489738054,-1.41956441626413,
-7.90985135192353));
#4471=CARTESIAN_POINT('Ctrl Pts',(-0.767495400854713,-1.30384372358223,
-8.02031784901274));
#4472=CARTESIAN_POINT('Ctrl Pts',(-0.930390629801207,-1.19092971375648,
-8.11409326413471));
#4473=CARTESIAN_POINT('Ctrl Pts',(-1.18818974927125,-0.933130594286437,
-8.27535776115689));
#4474=CARTESIAN_POINT('Ctrl Pts',(-1.30274300441612,-0.769911777760192,
-8.35586217420728));
#4475=CARTESIAN_POINT('Ctrl Pts',(-1.45882900147317,-0.402146265295352,
-8.46856980239933));
#4476=CARTESIAN_POINT('Ctrl Pts',(-1.50000000000181,-0.197209734124906,
-8.49999999999999));
#4477=CARTESIAN_POINT('Ctrl Pts',(-1.50000000000181,0.197209734132447,-8.49999999999999));
#4478=CARTESIAN_POINT('Ctrl Pts',(-1.45882900147317,0.402146265302892,-8.46856980239933));
#4479=CARTESIAN_POINT('Ctrl Pts',(-1.30274300441612,0.769911777767732,-8.35586217420728));
#4480=CARTESIAN_POINT('Ctrl Pts',(-1.18818974927125,0.933130594293977,-8.27535776115689));
#4481=CARTESIAN_POINT('Ctrl Pts',(-0.930390629801208,1.19092971376402,-8.11409326413471));
#4482=CARTESIAN_POINT('Ctrl Pts',(-0.767495400854714,1.30384372358977,-8.02031784901274));
#4483=CARTESIAN_POINT('Ctrl Pts',(-0.494571489738054,1.41956441627167,-7.90985135192353));
#4484=CARTESIAN_POINT('Ctrl Pts',(-0.398724788922717,1.44953237443781,-7.87829545279991));
#4485=CARTESIAN_POINT('Ctrl Pts',(-0.201811381067272,1.48974583350562,-7.83475543179459));
#4486=CARTESIAN_POINT('Ctrl Pts',(-0.100723386077162,1.50000000000377,-7.82287565553229));
#4487=CARTESIAN_POINT('Ctrl Pts',(-1.8143646307589E-12,1.50000000000377,
-7.82287565553229));
#4488=CARTESIAN_POINT('Ctrl Pts',(5.49999999999999,-5.50000000000002,1.00000000000001));
#4489=CARTESIAN_POINT('Ctrl Pts',(6.38966284806886,-6.5343536797196,2.00000000000001));
#4490=CARTESIAN_POINT('Ctrl Pts',(7.27932569613774,-7.56870735943918,3.00000000000001));
#4491=CARTESIAN_POINT('Ctrl Pts',(8.16898854420662,-8.60306103915876,4.00000000000001));
#4492=CARTESIAN_POINT('Ctrl Pts',(4.87927233188667,-5.50000000000002,1.00000000000001));
#4493=CARTESIAN_POINT('Ctrl Pts',(5.71152698372205,-6.70205181999744,2.));
#4494=CARTESIAN_POINT('Ctrl Pts',(6.54314754103135,-7.90196529830675,3.00000000000001));
#4495=CARTESIAN_POINT('Ctrl Pts',(7.37540219286673,-9.10401711830417,4.00000000000001));
#4496=CARTESIAN_POINT('Ctrl Pts',(4.25854466377336,-5.50000000000002,1.00000000000001));
#4497=CARTESIAN_POINT('Ctrl Pts',(4.98522854037501,-6.79179533219192,2.00000000000001));
#4498=CARTESIAN_POINT('Ctrl Pts',(5.71194724383691,-8.08373278981545,3.));
#4499=CARTESIAN_POINT('Ctrl Pts',(6.43863112043856,-9.37552812200736,4.00000000000001));
#4500=CARTESIAN_POINT('Ctrl Pts',(1.21260566522001,-5.50000000000002,1.00000000000001));
#4501=CARTESIAN_POINT('Ctrl Pts',(1.41945788497816,-6.79159733996015,2.));
#4502=CARTESIAN_POINT('Ctrl Pts',(1.62584190544675,-8.08192823994495,3.00000000000001));
#4503=CARTESIAN_POINT('Ctrl Pts',(1.83269412520491,-9.37352557990508,4.00000000000001));
#4504=CARTESIAN_POINT('Ctrl Pts',(-1.21260566522004,-5.50000000000002,1.00000000000001));
#4505=CARTESIAN_POINT('Ctrl Pts',(-1.4194578849794,-6.79159733996014,2.00000000000001));
#4506=CARTESIAN_POINT('Ctrl Pts',(-1.62584190544919,-8.08192823994496,3.));
#4507=CARTESIAN_POINT('Ctrl Pts',(-1.83269412520854,-9.37352557990508,4.));
#4508=CARTESIAN_POINT('Ctrl Pts',(-4.25854466377339,-5.50000000000002,1.));
#4509=CARTESIAN_POINT('Ctrl Pts',(-4.98522854037624,-6.79179533219193,2.));
#4510=CARTESIAN_POINT('Ctrl Pts',(-5.71194724383934,-8.08373278981545,3.00000000000001));
#4511=CARTESIAN_POINT('Ctrl Pts',(-6.43863112044219,-9.37552812200736,4.00000000000001));
#4512=CARTESIAN_POINT('Ctrl Pts',(-4.87927233188671,-5.50000000000002,1.00000000000001));
#4513=CARTESIAN_POINT('Ctrl Pts',(-5.71152698372329,-6.70205181999744,2.00000000000001));
#4514=CARTESIAN_POINT('Ctrl Pts',(-6.54314754103378,-7.90196529830675,3.));
#4515=CARTESIAN_POINT('Ctrl Pts',(-7.37540219287036,-9.10401711830417,4.00000000000001));
#4516=CARTESIAN_POINT('Ctrl Pts',(-5.50000000000002,-5.50000000000002,1.00000000000001));
#4517=CARTESIAN_POINT('Ctrl Pts',(-6.38966284807009,-6.5343536797196,2.00000000000001));
#4518=CARTESIAN_POINT('Ctrl Pts',(-7.27932569614017,-7.56870735943918,3.00000000000001));
#4519=CARTESIAN_POINT('Ctrl Pts',(-8.16898854421025,-8.60306103915877,4.00000000000001));
#4520=CARTESIAN_POINT('',(5.49999999999999,-5.50000000000002,1.00000000000001));
#4521=CARTESIAN_POINT('',(-5.50000000000002,-5.50000000000002,1.00000000000001));
#4522=CARTESIAN_POINT('',(5.49999999999999,-5.50000000000002,1.00000000000001));
#4523=CARTESIAN_POINT('',(8.16898854420662,-8.60306103915876,4.00000000000001));
#4524=CARTESIAN_POINT('',(5.49999999999999,-5.50000000000002,1.00000000000001));
#4525=CARTESIAN_POINT('',(5.49999999999998,-9.37500000000002,4.));
#4526=CARTESIAN_POINT('Origin',(5.49999999999999,-4.37500000000002,4.));
#4527=CARTESIAN_POINT('',(-5.50000000000002,-9.37500000000002,4.));
#4528=CARTESIAN_POINT('',(-5.25000000000002,-9.37500000000002,4.));
#4529=CARTESIAN_POINT('',(-8.16898854421025,-8.60306103915877,4.00000000000001));
#4530=CARTESIAN_POINT('Origin',(-5.50000000000002,-4.37500000000002,4.));
#4531=CARTESIAN_POINT('',(-5.50000000000002,-5.50000000000002,1.00000000000001));
#4532=CARTESIAN_POINT('Ctrl Pts',(-5.50000000000002,-5.50000000000002,1.00000000000001));
#4533=CARTESIAN_POINT('Ctrl Pts',(-6.38966284807009,-6.5343536797196,2.00000000000001));
#4534=CARTESIAN_POINT('Ctrl Pts',(-7.27932569614017,-7.56870735943918,3.00000000000001));
#4535=CARTESIAN_POINT('Ctrl Pts',(-8.16898854421025,-8.60306103915877,4.00000000000001));
#4536=CARTESIAN_POINT('Ctrl Pts',(-5.50000000000002,-5.07917844100021,1.00000000000001));
#4537=CARTESIAN_POINT('Ctrl Pts',(-6.57846076530068,-6.13438285553737,2.00000000000001));
#4538=CARTESIAN_POINT('Ctrl Pts',(-7.65861627167778,-7.1892474027464,3.00000000000001));
#4539=CARTESIAN_POINT('Ctrl Pts',(-8.73707703697844,-8.24445181728356,4.00000000000001));
#4540=CARTESIAN_POINT('Ctrl Pts',(-5.50000000000002,-4.02712454350068,1.00000000000001));
#4541=CARTESIAN_POINT('Ctrl Pts',(-6.99267060863698,-5.03744875426685,2.00000000000001));
#4542=CARTESIAN_POINT('Ctrl Pts',(-8.48308056504381,-6.04781718677265,3.00000000000001));
#4543=CARTESIAN_POINT('Ctrl Pts',(-9.97575117368077,-7.05814139753881,4.00000000000001));
#4544=CARTESIAN_POINT('Ctrl Pts',(-5.50000000000002,-2.97507064600116,1.00000000000001));
#4545=CARTESIAN_POINT('Ctrl Pts',(-7.16683293271017,-3.77792536509969,2.00000000000001));
#4546=CARTESIAN_POINT('Ctrl Pts',(-8.83504629518909,-4.58041985448196,3.00000000000001));
#4547=CARTESIAN_POINT('Ctrl Pts',(-10.5018792278992,-5.38327457358049,4.00000000000001));
#4548=CARTESIAN_POINT('Ctrl Pts',(-5.50000000000002,-1.14323420573364,1.00000000000001));
#4549=CARTESIAN_POINT('Ctrl Pts',(-7.1671680440718,-1.58112816154022,2.));
#4550=CARTESIAN_POINT('Ctrl Pts',(-8.83347453346387,-2.01982799646476,3.00000000000001));
#4551=CARTESIAN_POINT('Ctrl Pts',(-10.5006425775357,-2.45772195227134,4.00000000000001));
#4552=CARTESIAN_POINT('Ctrl Pts',(-5.50000000000002,0.0573698960341698,
1.00000000000001));
#4553=CARTESIAN_POINT('Ctrl Pts',(-7.16520045173306,-0.142975716288955,
2.00000000000001));
#4554=CARTESIAN_POINT('Ctrl Pts',(-8.83046995714606,-0.343585747141413,
3.));
#4555=CARTESIAN_POINT('Ctrl Pts',(-10.4956704088791,-0.543931359464538,
4.00000000000001));
#4556=CARTESIAN_POINT('Ctrl Pts',(-5.50000000000002,2.67198266520131,1.00000000000001));
#4557=CARTESIAN_POINT('Ctrl Pts',(-7.1696500005716,2.99328802825361,2.00000000000001));
#4558=CARTESIAN_POINT('Ctrl Pts',(-8.84011438453935,3.31518158045584,3.00000000000001));
#4559=CARTESIAN_POINT('Ctrl Pts',(-10.5097643851109,3.63648694350815,4.00000000000001));
#4560=CARTESIAN_POINT('Ctrl Pts',(-5.50000000000002,4.08599133260064,1.00000000000001));
#4561=CARTESIAN_POINT('Ctrl Pts',(-6.83449831432798,4.683020489254,2.));
#4562=CARTESIAN_POINT('Ctrl Pts',(-8.15702062674626,5.27400136513282,3.00000000000001));
#4563=CARTESIAN_POINT('Ctrl Pts',(-9.49151894107423,5.87103052178618,4.00000000000001));
#4564=CARTESIAN_POINT('Ctrl Pts',(-5.50000000000002,5.49999999999997,1.00000000000001));
#4565=CARTESIAN_POINT('Ctrl Pts',(-6.26694397257066,6.12225314091991,2.00000000000001));
#4566=CARTESIAN_POINT('Ctrl Pts',(-7.0338879451413,6.74450628183985,3.00000000000001));
#4567=CARTESIAN_POINT('Ctrl Pts',(-7.80083191771194,7.36675942275979,4.00000000000001));
#4568=CARTESIAN_POINT('',(-5.50000000000002,5.49999999999998,1.00000000000001));
#4569=CARTESIAN_POINT('',(-5.50000000000002,-5.50000000000002,1.00000000000001));
#4570=CARTESIAN_POINT('',(-10.5,-4.37500000000002,4.));
#4571=CARTESIAN_POINT('Origin',(-5.50000000000002,-4.37500000000002,4.));
#4572=CARTESIAN_POINT('',(-10.5,1.37499999999998,4.));
#4573=CARTESIAN_POINT('',(-10.5,4.68749999999998,4.));
#4574=CARTESIAN_POINT('',(-7.80083191771194,7.36675942275979,4.00000000000001));
#4575=CARTESIAN_POINT('Origin',(-2.50000000000002,1.37499999999998,4.));
#4576=CARTESIAN_POINT('',(-5.50000000000002,5.49999999999998,1.00000000000001));
#4577=CARTESIAN_POINT('Ctrl Pts',(-5.50000000000002,5.49999999999998,1.00000000000001));
#4578=CARTESIAN_POINT('Ctrl Pts',(-6.26694397257066,6.12225314091991,2.00000000000001));
#4579=CARTESIAN_POINT('Ctrl Pts',(-7.0338879451413,6.74450628183985,3.00000000000001));
#4580=CARTESIAN_POINT('Ctrl Pts',(-7.80083191771194,7.36675942275979,4.00000000000001));
#4581=CARTESIAN_POINT('Ctrl Pts',(-4.21925355208024,5.49999999999998,1.00000000000001));
#4582=CARTESIAN_POINT('Ctrl Pts',(-4.93192005673448,6.55141285527838,2.00000000000001));
#4583=CARTESIAN_POINT('Ctrl Pts',(-5.64157453898537,7.59512676827319,3.00000000000001));
#4584=CARTESIAN_POINT('Ctrl Pts',(-6.35424104363961,8.64653962355159,4.00000000000001));
#4585=CARTESIAN_POINT('Ctrl Pts',(-2.93850710416047,5.49999999999997,1.00000000000001));
#4586=CARTESIAN_POINT('Ctrl Pts',(-3.43667780773775,6.79297160362215,2.));
#4587=CARTESIAN_POINT('Ctrl Pts',(-3.93505655400545,8.08660518314305,3.00000000000001));
#4588=CARTESIAN_POINT('Ctrl Pts',(-4.43322725758274,9.37957678676523,4.00000000000001));
#4589=CARTESIAN_POINT('Ctrl Pts',(-0.552586885413571,5.49999999999998,1.00000000000001));
#4590=CARTESIAN_POINT('Ctrl Pts',(-0.645832719265171,6.79123285841515,2.00000000000001));
#4591=CARTESIAN_POINT('Ctrl Pts',(-0.73894180073844,8.08163964545394,3.));
#4592=CARTESIAN_POINT('Ctrl Pts',(-0.83218763459004,9.3728725038691,4.00000000000001));
#4593=CARTESIAN_POINT('Ctrl Pts',(0.552586885413552,5.49999999999998,1.));
#4594=CARTESIAN_POINT('Ctrl Pts',(0.645832719263949,6.79123285841514,2.));
#4595=CARTESIAN_POINT('Ctrl Pts',(0.738941800736016,8.08163964545394,3.00000000000001));
#4596=CARTESIAN_POINT('Ctrl Pts',(0.832187634586414,9.3728725038691,4.));
#4597=CARTESIAN_POINT('Ctrl Pts',(2.93850710416045,5.49999999999999,1.00000000000001));
#4598=CARTESIAN_POINT('Ctrl Pts',(3.43667780773653,6.79297160362217,2.00000000000001));
#4599=CARTESIAN_POINT('Ctrl Pts',(3.93505655400302,8.08660518314305,3.00000000000001));
#4600=CARTESIAN_POINT('Ctrl Pts',(4.43322725757911,9.37957678676523,4.00000000000001));
#4601=CARTESIAN_POINT('Ctrl Pts',(4.21925355208021,5.49999999999998,1.00000000000001));
#4602=CARTESIAN_POINT('Ctrl Pts',(4.93192005673324,6.55141285527838,2.));
#4603=CARTESIAN_POINT('Ctrl Pts',(5.64157453898294,7.59512676827319,3.00000000000001));
#4604=CARTESIAN_POINT('Ctrl Pts',(6.35424104363597,8.64653962355159,4.00000000000001));
#4605=CARTESIAN_POINT('Ctrl Pts',(5.49999999999998,5.49999999999998,1.00000000000001));
#4606=CARTESIAN_POINT('Ctrl Pts',(6.26694397256942,6.12225314091992,2.00000000000001));
#4607=CARTESIAN_POINT('Ctrl Pts',(7.03388794513886,6.74450628183986,3.00000000000001));
#4608=CARTESIAN_POINT('Ctrl Pts',(7.8008319177083,7.3667594227598,4.00000000000001));
#4609=CARTESIAN_POINT('',(5.49999999999999,5.49999999999998,1.00000000000001));
#4610=CARTESIAN_POINT('',(-5.50000000000002,5.49999999999998,1.00000000000001));
#4611=CARTESIAN_POINT('',(-2.50000000000001,9.37499999999998,4.));
#4612=CARTESIAN_POINT('Origin',(-2.50000000000002,1.37499999999998,4.));
#4613=CARTESIAN_POINT('',(2.49999999999999,9.37499999999998,4.));
#4614=CARTESIAN_POINT('',(5.24999999999999,9.37499999999998,4.));
#4615=CARTESIAN_POINT('',(7.8008319177083,7.3667594227598,4.00000000000001));
#4616=CARTESIAN_POINT('Origin',(2.49999999999999,1.37499999999998,4.));
#4617=CARTESIAN_POINT('',(5.49999999999999,5.49999999999998,1.00000000000001));
#4618=CARTESIAN_POINT('Ctrl Pts',(5.49999999999999,5.49999999999998,1.00000000000001));
#4619=CARTESIAN_POINT('Ctrl Pts',(6.26694397256943,6.12225314091992,2.00000000000001));
#4620=CARTESIAN_POINT('Ctrl Pts',(7.03388794513886,6.74450628183986,3.00000000000001));
#4621=CARTESIAN_POINT('Ctrl Pts',(7.8008319177083,7.3667594227598,4.00000000000001));
#4622=CARTESIAN_POINT('Ctrl Pts',(5.49999999999999,4.08599133260065,1.00000000000001));
#4623=CARTESIAN_POINT('Ctrl Pts',(6.83449831432675,4.68302048925401,2.00000000000001));
#4624=CARTESIAN_POINT('Ctrl Pts',(8.15702062674383,5.27400136513283,3.));
#4625=CARTESIAN_POINT('Ctrl Pts',(9.49151894107059,5.87103052178619,4.00000000000001));
#4626=CARTESIAN_POINT('Ctrl Pts',(5.49999999999998,2.67198266520131,1.00000000000001));
#4627=CARTESIAN_POINT('Ctrl Pts',(7.16965000057036,2.99328802825361,2.));
#4628=CARTESIAN_POINT('Ctrl Pts',(8.84011438453692,3.31518158045585,3.00000000000001));
#4629=CARTESIAN_POINT('Ctrl Pts',(10.5097643851073,3.63648694350815,4.));
#4630=CARTESIAN_POINT('Ctrl Pts',(5.49999999999999,0.0573698960341698,1.00000000000001));
#4631=CARTESIAN_POINT('Ctrl Pts',(7.16520045173184,-0.142975716288956,2.00000000000001));
#4632=CARTESIAN_POINT('Ctrl Pts',(8.83046995714363,-0.343585747141411,3.00000000000001));
#4633=CARTESIAN_POINT('Ctrl Pts',(10.4956704088755,-0.543931359464536,4.00000000000001));
#4634=CARTESIAN_POINT('Ctrl Pts',(5.49999999999999,-1.14323420573364,1.00000000000001));
#4635=CARTESIAN_POINT('Ctrl Pts',(7.16716804407057,-1.58112816154022,2.00000000000001));
#4636=CARTESIAN_POINT('Ctrl Pts',(8.83347453346143,-2.01982799646476,3.00000000000001));
#4637=CARTESIAN_POINT('Ctrl Pts',(10.500642577532,-2.45772195227134,4.00000000000001));
#4638=CARTESIAN_POINT('Ctrl Pts',(5.49999999999999,-2.97507064600116,1.00000000000001));
#4639=CARTESIAN_POINT('Ctrl Pts',(7.16683293270894,-3.77792536509969,2.00000000000001));
#4640=CARTESIAN_POINT('Ctrl Pts',(8.83504629518666,-4.58041985448195,3.));
#4641=CARTESIAN_POINT('Ctrl Pts',(10.5018792278956,-5.38327457358049,4.00000000000001));
#4642=CARTESIAN_POINT('Ctrl Pts',(5.49999999999998,-4.02712454350068,1.00000000000001));
#4643=CARTESIAN_POINT('Ctrl Pts',(6.99267060863575,-5.03744875426684,2.));
#4644=CARTESIAN_POINT('Ctrl Pts',(8.48308056504137,-6.04781718677264,3.00000000000001));
#4645=CARTESIAN_POINT('Ctrl Pts',(9.97575117367713,-7.0581413975388,4.));
#4646=CARTESIAN_POINT('Ctrl Pts',(5.49999999999999,-5.07917844100021,1.00000000000001));
#4647=CARTESIAN_POINT('Ctrl Pts',(6.57846076529944,-6.13438285553737,2.00000000000001));
#4648=CARTESIAN_POINT('Ctrl Pts',(7.65861627167536,-7.1892474027464,3.00000000000001));
#4649=CARTESIAN_POINT('Ctrl Pts',(8.73707703697481,-8.24445181728356,4.00000000000001));
#4650=CARTESIAN_POINT('Ctrl Pts',(5.49999999999999,-5.50000000000002,1.00000000000001));
#4651=CARTESIAN_POINT('Ctrl Pts',(6.38966284806886,-6.5343536797196,2.00000000000001));
#4652=CARTESIAN_POINT('Ctrl Pts',(7.27932569613774,-7.56870735943918,3.00000000000001));
#4653=CARTESIAN_POINT('Ctrl Pts',(8.16898854420662,-8.60306103915876,4.00000000000001));
#4654=CARTESIAN_POINT('',(5.49999999999999,5.49999999999998,1.00000000000001));
#4655=CARTESIAN_POINT('',(10.5,1.37499999999998,4.));
#4656=CARTESIAN_POINT('Origin',(2.49999999999999,1.37499999999998,4.));
#4657=CARTESIAN_POINT('',(10.5,-4.37500000000002,4.));
#4658=CARTESIAN_POINT('',(10.5,-4.68750000000002,4.));
#4659=CARTESIAN_POINT('Origin',(5.49999999999999,-4.37500000000002,4.));
#4660=CARTESIAN_POINT('Origin',(-1.52655665885959E-14,-1.72084568816899E-14,
-0.499999999999994));
#4661=CARTESIAN_POINT('',(-5.50000000000002,5.49999999999998,-0.499999999999994));
#4662=CARTESIAN_POINT('',(5.49999999999999,5.49999999999998,-0.499999999999994));
#4663=CARTESIAN_POINT('',(-2.75000000000002,5.49999999999998,-0.499999999999994));
#4664=CARTESIAN_POINT('',(5.49999999999999,-5.50000000000002,-0.499999999999994));
#4665=CARTESIAN_POINT('',(5.49999999999999,2.74999999999998,-0.499999999999994));
#4666=CARTESIAN_POINT('',(-5.50000000000002,-5.50000000000002,-0.499999999999994));
#4667=CARTESIAN_POINT('',(2.74999999999999,-5.50000000000002,-0.499999999999994));
#4668=CARTESIAN_POINT('',(-5.50000000000002,-2.75000000000002,-0.499999999999994));
#4669=CARTESIAN_POINT('',(3.29999999999819,-4.99999999999623,-0.499999999999994));
#4670=CARTESIAN_POINT('',(3.29999999999819,5.00000000000377,-0.499999999999994));
#4671=CARTESIAN_POINT('',(3.29999999999819,-4.99999999999623,-0.499999999999994));
#4672=CARTESIAN_POINT('',(-3.30000000000181,5.00000000000377,-0.499999999999994));
#4673=CARTESIAN_POINT('',(3.29999999999819,5.00000000000377,-0.499999999999994));
#4674=CARTESIAN_POINT('',(-3.30000000000181,-4.99999999999623,-0.499999999999994));
#4675=CARTESIAN_POINT('',(-3.30000000000181,5.00000000000377,-0.499999999999994));
#4676=CARTESIAN_POINT('',(-3.30000000000181,-4.99999999999623,-0.499999999999994));
#4677=CARTESIAN_POINT('Origin',(5.49999999999999,5.49999999999998,1.00000000000001));
#4678=CARTESIAN_POINT('',(5.49999999999999,5.49999999999998,1.00000000000001));
#4679=CARTESIAN_POINT('',(5.49999999999999,-5.50000000000002,1.00000000000001));
#4680=CARTESIAN_POINT('Origin',(-5.50000000000002,5.49999999999998,1.00000000000001));
#4681=CARTESIAN_POINT('',(-5.50000000000002,5.49999999999998,1.00000000000001));
#4682=CARTESIAN_POINT('Origin',(-5.50000000000002,-5.50000000000002,1.00000000000001));
#4683=CARTESIAN_POINT('',(-5.50000000000002,-5.50000000000002,1.00000000000001));
#4684=CARTESIAN_POINT('Origin',(5.49999999999999,-5.50000000000002,1.00000000000001));
#4685=CARTESIAN_POINT('Origin',(3.29999999999819,3.77031739162703E-12,-6.49999999999999));
#4686=CARTESIAN_POINT('',(3.29999999999819,-1.99999999999623,-6.49999999999999));
#4687=CARTESIAN_POINT('Origin',(3.29999999999819,3.77031739162703E-12,-6.49999999999999));
#4688=CARTESIAN_POINT('',(-3.30000000000181,-1.99999999999623,-6.49999999999999));
#4689=CARTESIAN_POINT('',(3.29999999999819,-1.99999999999623,-6.49999999999999));
#4690=CARTESIAN_POINT('Origin',(-3.30000000000181,3.77031739162703E-12,
-6.49999999999999));
#4691=CARTESIAN_POINT('Origin',(3.29999999999819,-4.99999999999623,-10.5));
#4692=CARTESIAN_POINT('',(3.29999999999819,-4.99999999999623,-10.5));
#4693=CARTESIAN_POINT('',(3.29999999999819,5.00000000000377,-10.5));
#4694=CARTESIAN_POINT('',(3.29999999999819,-4.99999999999623,-10.5));
#4695=CARTESIAN_POINT('',(3.29999999999819,5.00000000000377,-10.5));
#4696=CARTESIAN_POINT('',(3.29999999999819,-4.99999999999623,-10.5));
#4697=CARTESIAN_POINT('Origin',(-3.30000000000181,-4.99999999999623,-10.5));
#4698=CARTESIAN_POINT('',(-3.30000000000181,-4.99999999999623,-10.5));
#4699=CARTESIAN_POINT('',(-3.30000000000181,-4.99999999999623,-10.5));
#4700=CARTESIAN_POINT('',(-3.30000000000181,-4.99999999999623,-10.5));
#4701=CARTESIAN_POINT('Origin',(-3.30000000000181,5.00000000000377,-10.5));
#4702=CARTESIAN_POINT('',(-3.30000000000181,5.00000000000377,-10.5));
#4703=CARTESIAN_POINT('',(-3.30000000000181,5.00000000000377,-10.5));
#4704=CARTESIAN_POINT('',(-3.30000000000181,5.00000000000377,-10.5));
#4705=CARTESIAN_POINT('Origin',(3.29999999999819,5.00000000000377,-10.5));
#4706=CARTESIAN_POINT('',(3.29999999999819,5.00000000000377,-10.5));
#4707=CARTESIAN_POINT('Origin',(-1.81438197799366E-12,3.77142761465166E-12,
-10.5));
#4708=CARTESIAN_POINT('Origin',(-2.50000000000002,1.37499999999998,0.));
#4709=CARTESIAN_POINT('',(-2.50000000000002,6.37499999999998,5.));
#4710=CARTESIAN_POINT('',(-2.50000000000002,6.37499999999998,0.));
#4711=CARTESIAN_POINT('',(-2.50000000000002,6.37499999999998,31.));
#4712=CARTESIAN_POINT('',(-2.50000000000002,6.37499999999998,0.));
#4713=CARTESIAN_POINT('',(-2.50000000000002,6.37499999999998,32.6391458674543));
#4714=CARTESIAN_POINT('',(-2.50000000000002,6.37499999999998,0.));
#4715=CARTESIAN_POINT('',(-7.50000000000002,1.37499999999998,36.));
#4716=CARTESIAN_POINT('Ctrl Pts',(-2.50000000000002,6.37499999999998,32.6391458674543));
#4717=CARTESIAN_POINT('Ctrl Pts',(-3.10778900555206,6.37499999999998,32.6391458674543));
#4718=CARTESIAN_POINT('Ctrl Pts',(-3.75492369475448,6.256780755642,32.6785738003231));
#4719=CARTESIAN_POINT('Ctrl Pts',(-4.93999890318545,5.78555732447845,32.8610727682491));
#4720=CARTESIAN_POINT('Ctrl Pts',(-5.47758551265928,5.43282553639505,33.007132789872));
#4721=CARTESIAN_POINT('Ctrl Pts',(-6.09456069808171,4.86061677336771,33.2897423887306));
#4722=CARTESIAN_POINT('Ctrl Pts',(-6.28861306204326,4.64976935082295,33.3998427530447));
#4723=CARTESIAN_POINT('Ctrl Pts',(-6.62914417804651,4.20834985945824,33.6505254637176));
#4724=CARTESIAN_POINT('Ctrl Pts',(-6.77583713642842,3.97807025210476,33.7913316344027));
#4725=CARTESIAN_POINT('Ctrl Pts',(-7.10255552885516,3.37775338636216,34.1857969060789));
#4726=CARTESIAN_POINT('Ctrl Pts',(-7.26430914414058,2.95010740672317,34.5014164668169));
#4727=CARTESIAN_POINT('Ctrl Pts',(-7.46144829042692,2.12575637345745,35.2091863279442));
#4728=CARTESIAN_POINT('Ctrl Pts',(-7.49888444530547,1.729662517811,35.6014757045508));
#4729=CARTESIAN_POINT('Ctrl Pts',(-7.49999138394569,1.38572312252081,35.9879150413403));
#4730=CARTESIAN_POINT('Ctrl Pts',(-7.50000000000002,1.38035912127252,35.993954123189));
#4731=CARTESIAN_POINT('Ctrl Pts',(-7.50000000000002,1.37499999999998,36.));
#4732=CARTESIAN_POINT('',(-7.50000000000002,1.37499999999998,0.));
#4733=CARTESIAN_POINT('Origin',(2.49999999999999,6.37499999999998,0.));
#4734=CARTESIAN_POINT('',(2.49999999999999,6.37499999999998,5.));
#4735=CARTESIAN_POINT('',(2.49999999999999,6.37499999999998,0.));
#4736=CARTESIAN_POINT('',(1.49999999999998,6.37499999999998,5.));
#4737=CARTESIAN_POINT('',(1.24999999999998,6.37499999999998,5.));
#4738=CARTESIAN_POINT('',(1.49999999999998,6.37499999999998,31.));
#4739=CARTESIAN_POINT('',(1.49999999999998,6.37499999999998,5.));
#4740=CARTESIAN_POINT('',(2.49999999999999,6.37499999999998,31.));
#4741=CARTESIAN_POINT('',(1.24999999999998,6.37499999999998,31.));
#4742=CARTESIAN_POINT('',(2.49999999999999,6.37499999999998,32.6391458674543));
#4743=CARTESIAN_POINT('',(2.49999999999999,6.37499999999998,0.));
#4744=CARTESIAN_POINT('',(10.5,6.37499999999998,32.6391458674543));
#4745=CARTESIAN_POINT('',(-1.50000000000002,6.37499999999998,31.));
#4746=CARTESIAN_POINT('',(1.24999999999998,6.37499999999998,31.));
#4747=CARTESIAN_POINT('',(-1.50000000000002,6.37499999999998,5.));
#4748=CARTESIAN_POINT('',(-1.50000000000002,6.37499999999998,5.));
#4749=CARTESIAN_POINT('',(1.24999999999998,6.37499999999998,5.));
#4750=CARTESIAN_POINT('Origin',(2.49999999999999,1.37499999999998,0.));
#4751=CARTESIAN_POINT('',(7.49999999999998,1.37499999999998,36.));
#4752=CARTESIAN_POINT('',(7.49999999999998,1.37499999999998,0.));
#4753=CARTESIAN_POINT('Ctrl Pts',(7.49999999999999,1.37499999999998,36.));
#4754=CARTESIAN_POINT('Ctrl Pts',(7.49999999999999,1.38035912127253,35.993954123189));
#4755=CARTESIAN_POINT('Ctrl Pts',(7.49999138394566,1.3857231225208,35.9879150413403));
#4756=CARTESIAN_POINT('Ctrl Pts',(7.49888444530544,1.729662517811,35.6014757045508));
#4757=CARTESIAN_POINT('Ctrl Pts',(7.46144829042689,2.12575637345746,35.2091863279442));
#4758=CARTESIAN_POINT('Ctrl Pts',(7.26430914414055,2.95010740672318,34.5014164668169));
#4759=CARTESIAN_POINT('Ctrl Pts',(7.10255552885513,3.37775338636216,34.1857969060789));
#4760=CARTESIAN_POINT('Ctrl Pts',(6.77583713642839,3.97807025210475,33.7913316344027));
#4761=CARTESIAN_POINT('Ctrl Pts',(6.62914417804648,4.20834985945824,33.6505254637176));
#4762=CARTESIAN_POINT('Ctrl Pts',(6.28861306204323,4.64976935082295,33.3998427530447));
#4763=CARTESIAN_POINT('Ctrl Pts',(6.09456069808168,4.86061677336771,33.2897423887306));
#4764=CARTESIAN_POINT('Ctrl Pts',(5.47758551265925,5.43282553639504,33.007132789872));
#4765=CARTESIAN_POINT('Ctrl Pts',(4.93999890318542,5.78555732447844,32.8610727682491));
#4766=CARTESIAN_POINT('Ctrl Pts',(3.75492369475445,6.256780755642,32.6785738003231));
#4767=CARTESIAN_POINT('Ctrl Pts',(3.10778900555202,6.37499999999998,32.6391458674543));
#4768=CARTESIAN_POINT('Ctrl Pts',(2.49999999999999,6.37499999999998,32.6391458674543));
#4769=CARTESIAN_POINT('',(2.49999999999999,6.37499999999998,0.));
#4770=CARTESIAN_POINT('Origin',(7.49999999999998,-4.37500000000001,0.));
#4771=CARTESIAN_POINT('',(7.49999999999998,-4.37500000000001,36.));
#4772=CARTESIAN_POINT('',(7.49999999999998,-4.37500000000001,0.));
#4773=CARTESIAN_POINT('',(7.49999999999998,-2.18750000000002,36.));
#4774=CARTESIAN_POINT('Origin',(2.49999999999999,1.37499999999998,0.));
#4775=CARTESIAN_POINT('',(2.49999999999999,9.37499999999998,32.));
#4776=CARTESIAN_POINT('',(2.49999999999999,9.37499999999998,0.));
#4777=CARTESIAN_POINT('',(10.5,1.37499999999998,36.));
#4778=CARTESIAN_POINT('Ctrl Pts',(2.49999999999999,9.37499999999998,32.));
#4779=CARTESIAN_POINT('Ctrl Pts',(3.43072259360833,9.37499999999998,32.));
#4780=CARTESIAN_POINT('Ctrl Pts',(4.42763641071125,9.20218746458974,32.0101158554246));
#4781=CARTESIAN_POINT('Ctrl Pts',(6.27797710017378,8.49592192972541,32.0994526332471));
#4782=CARTESIAN_POINT('Ctrl Pts',(7.1311245333489,7.96242116537509,32.1840039431434));
#4783=CARTESIAN_POINT('Ctrl Pts',(8.11262097585747,7.08949719657325,32.40956387352));
#4784=CARTESIAN_POINT('Ctrl Pts',(8.41349061796877,6.77968674377436,32.4996552765781));
#4785=CARTESIAN_POINT('Ctrl Pts',(8.9519801927976,6.12389053854756,32.725228288325));
#4786=CARTESIAN_POINT('Ctrl Pts',(9.18972411952063,5.77822341236887,32.8613396533492));
#4787=CARTESIAN_POINT('Ctrl Pts',(9.70143051571629,4.91531044414904,33.2472926178677));
#4788=CARTESIAN_POINT('Ctrl Pts',(9.96706737341387,4.31108428226286,33.5691336269542));
#4789=CARTESIAN_POINT('Ctrl Pts',(10.3279072875049,3.13612234741118,34.3481948227592));
#4790=CARTESIAN_POINT('Ctrl Pts',(10.4258026786973,2.56664550739116,34.8060637169664));
#4791=CARTESIAN_POINT('Ctrl Pts',(10.4903399283973,1.83748878251547,35.5003034438041));
#4792=CARTESIAN_POINT('Ctrl Pts',(10.5,1.60168918168855,35.74426127024));
#4793=CARTESIAN_POINT('Ctrl Pts',(10.5,1.37499999999998,36.));
#4794=CARTESIAN_POINT('',(10.5,1.37499999999998,0.));
#4795=CARTESIAN_POINT('Origin',(10.5,9.37499999999998,0.));
#4796=CARTESIAN_POINT('',(-2.50000000000002,9.37499999999998,32.));
#4797=CARTESIAN_POINT('',(-2.50000000000002,9.37499999999998,0.));
#4798=CARTESIAN_POINT('',(10.5,9.37499999999998,32.));
#4799=CARTESIAN_POINT('Origin',(-2.50000000000002,1.37499999999998,0.));
#4800=CARTESIAN_POINT('',(-10.5,1.37499999999998,36.));
#4801=CARTESIAN_POINT('',(-10.5,1.37499999999998,0.));
#4802=CARTESIAN_POINT('Ctrl Pts',(-10.5,1.37499999999998,36.));
#4803=CARTESIAN_POINT('Ctrl Pts',(-10.5,1.6016891764606,35.7442612761379));
#4804=CARTESIAN_POINT('Ctrl Pts',(-10.4903399290851,1.83748877474488,35.5003034512025));
#4805=CARTESIAN_POINT('Ctrl Pts',(-10.4258026786973,2.56664550739116,34.8060637169664));
#4806=CARTESIAN_POINT('Ctrl Pts',(-10.3279072875049,3.13612234741118,34.3481948227592));
#4807=CARTESIAN_POINT('Ctrl Pts',(-9.9670673734139,4.31108428226286,33.5691336269542));
#4808=CARTESIAN_POINT('Ctrl Pts',(-9.70143051571632,4.91531044414904,33.2472926178677));
#4809=CARTESIAN_POINT('Ctrl Pts',(-9.18972411952066,5.77822341236887,32.8613396533492));
#4810=CARTESIAN_POINT('Ctrl Pts',(-8.95198019279763,6.12389053854756,32.725228288325));
#4811=CARTESIAN_POINT('Ctrl Pts',(-8.4134906179688,6.77968674377435,32.4996552765781));
#4812=CARTESIAN_POINT('Ctrl Pts',(-8.1126209758575,7.08949719657325,32.40956387352));
#4813=CARTESIAN_POINT('Ctrl Pts',(-7.13112453334892,7.96242116537509,32.1840039431434));
#4814=CARTESIAN_POINT('Ctrl Pts',(-6.2779771001738,8.49592192972541,32.0994526332471));
#4815=CARTESIAN_POINT('Ctrl Pts',(-4.42763641071127,9.20218746458974,32.0101158554246));
#4816=CARTESIAN_POINT('Ctrl Pts',(-3.43072259360835,9.37499999999998,32.));
#4817=CARTESIAN_POINT('Ctrl Pts',(-2.50000000000001,9.37499999999998,32.));
#4818=CARTESIAN_POINT('Origin',(-10.5,9.37499999999998,0.));
#4819=CARTESIAN_POINT('',(-10.5,-4.37500000000002,36.));
#4820=CARTESIAN_POINT('',(-10.5,-4.37500000000002,0.));
#4821=CARTESIAN_POINT('',(-10.5,9.37499999999998,36.));
#4822=CARTESIAN_POINT('Origin',(10.5,10.3549598391955,43.959919678391));
#4823=CARTESIAN_POINT('',(10.5,1.37499999999998,36.));
#4824=CARTESIAN_POINT('',(10.5,1.37499999999998,36.));
#4825=CARTESIAN_POINT('Origin',(-1.55431223447522E-14,-1.99840144432528E-14,
36.));
#4826=CARTESIAN_POINT('',(-5.50000000000002,-9.37500000000002,36.));
#4827=CARTESIAN_POINT('Origin',(-5.50000000000002,-4.37500000000002,36.));
#4828=CARTESIAN_POINT('',(5.49999999999999,-9.37500000000002,36.));
#4829=CARTESIAN_POINT('',(-10.5,-9.37500000000002,36.));
#4830=CARTESIAN_POINT('',(10.5,-4.37500000000002,36.));
#4831=CARTESIAN_POINT('Origin',(5.49999999999999,-4.37500000000002,36.));
#4832=CARTESIAN_POINT('',(10.5,-9.37500000000002,36.));
#4833=CARTESIAN_POINT('',(5.49999999999998,-6.37500000000002,36.));
#4834=CARTESIAN_POINT('Origin',(5.49999999999998,-4.37500000000002,36.));
#4835=CARTESIAN_POINT('',(-5.50000000000002,-6.37500000000002,36.));
#4836=CARTESIAN_POINT('',(-2.75000000000002,-6.37500000000002,36.));
#4837=CARTESIAN_POINT('',(-7.50000000000002,-4.37500000000001,36.));
#4838=CARTESIAN_POINT('Origin',(-5.50000000000002,-4.37500000000002,36.));
#4839=CARTESIAN_POINT('',(-7.50000000000002,0.687499999999982,36.));
#4840=CARTESIAN_POINT('Origin',(-1.69309011255336E-14,6.37499999999998,
5.));
#4841=CARTESIAN_POINT('Origin',(-1.69309011255336E-14,6.37499999999998,
31.));
#4842=CARTESIAN_POINT('Origin',(-1.69309011255336E-14,6.37499999999998,
5.));
#4843=CARTESIAN_POINT('Origin',(-1.69309011255336E-14,6.37499999999998,
5.));
#4844=CARTESIAN_POINT('Origin',(-1.69309011255336E-14,6.37499999999998,
31.));
#4845=CARTESIAN_POINT('Origin',(-1.69309011255336E-14,6.37499999999998,
5.));
#4846=CARTESIAN_POINT('Origin',(-1.66533453693773E-14,5.12499999999998,
5.));
#4847=CARTESIAN_POINT('Origin',(-1.67921232474555E-14,5.12499999999998,
31.));
#4848=CARTESIAN_POINT('Origin',(5.49999999999998,-4.37500000000002,0.));
#4849=CARTESIAN_POINT('',(5.49999999999998,-6.37500000000002,0.));
#4850=CARTESIAN_POINT('Origin',(-5.50000000000002,-6.37500000000002,0.));
#4851=CARTESIAN_POINT('',(-5.50000000000002,-6.37500000000002,0.));
#4852=CARTESIAN_POINT('Origin',(-5.50000000000002,-4.37500000000002,0.));
#4853=CARTESIAN_POINT('',(-7.50000000000002,-4.37500000000001,0.));
#4854=CARTESIAN_POINT('Origin',(-7.50000000000002,1.37499999999998,0.));
#4855=CARTESIAN_POINT('Origin',(10.5,-9.37500000000002,0.));
#4856=CARTESIAN_POINT('',(10.5,-4.37500000000002,0.));
#4857=CARTESIAN_POINT('Origin',(5.49999999999999,-4.37500000000002,0.));
#4858=CARTESIAN_POINT('',(5.49999999999999,-9.37500000000002,0.));
#4859=CARTESIAN_POINT('Origin',(-5.50000000000002,-4.37500000000002,0.));
#4860=CARTESIAN_POINT('',(-5.50000000000002,-9.37500000000002,0.));
#4861=CARTESIAN_POINT('Origin',(-10.5,-9.37500000000002,0.));
#4862=CARTESIAN_POINT('Origin',(9.5,11.9108305296161,62.1122796733205));
#4863=CARTESIAN_POINT('',(0.200000000000009,3.62499999999999,80.3151644016948));
#4864=CARTESIAN_POINT('',(6.00932585940152,-0.237432963119015,78.0000011622906));
#4865=CARTESIAN_POINT('Ctrl Pts',(0.200000000000012,3.62499999999999,80.3151644016948));
#4866=CARTESIAN_POINT('Ctrl Pts',(1.00014803390528,3.62499999999999,80.3151644016948));
#4867=CARTESIAN_POINT('Ctrl Pts',(1.84690099878477,3.46234645220182,80.2436988952621));
#4868=CARTESIAN_POINT('Ctrl Pts',(3.38066901239212,2.82614863037842,79.9334415942598));
#4869=CARTESIAN_POINT('Ctrl Pts',(4.06723336470492,2.3532931085002,79.6910206047713));
#4870=CARTESIAN_POINT('Ctrl Pts',(4.8539578636016,1.58628908932877,79.2437527751434));
#4871=CARTESIAN_POINT('Ctrl Pts',(5.10549813336739,1.29550003449643,79.0664961615634));
#4872=CARTESIAN_POINT('Ctrl Pts',(5.53924724245044,0.689702224791277,78.6717777968352));
#4873=CARTESIAN_POINT('Ctrl Pts',(5.72185198429826,0.375098868150335,78.4541291327084));
#4874=CARTESIAN_POINT('Ctrl Pts',(5.91467394046718,-0.0205039082268459,
78.1640852644115));
#4875=CARTESIAN_POINT('Ctrl Pts',(5.96351497851102,-0.128254289887666,78.0834826917926));
#4876=CARTESIAN_POINT('Ctrl Pts',(6.00932585940152,-0.237432963119015,78.0000011622906));
#4877=CARTESIAN_POINT('',(-0.200000000000033,3.62499999999999,80.3151644016948));
#4878=CARTESIAN_POINT('',(9.5,3.62500000000002,80.3151644016948));
#4879=CARTESIAN_POINT('',(-6.00932585940155,-0.237432963119015,78.0000011622906));
#4880=CARTESIAN_POINT('Ctrl Pts',(-6.00932585940155,-0.237432963119015,
78.0000011622906));
#4881=CARTESIAN_POINT('Ctrl Pts',(-5.96351497854349,-0.128254289964986,
78.0834826917335));
#4882=CARTESIAN_POINT('Ctrl Pts',(-5.9146739405156,-0.0205039083261338,
78.1640852643387));
#4883=CARTESIAN_POINT('Ctrl Pts',(-5.72185198429829,0.375098868150334,78.4541291327084));
#4884=CARTESIAN_POINT('Ctrl Pts',(-5.53924724245046,0.689702224791277,78.6717777968352));
#4885=CARTESIAN_POINT('Ctrl Pts',(-5.10549813336741,1.29550003449643,79.0664961615634));
#4886=CARTESIAN_POINT('Ctrl Pts',(-4.85395786360162,1.58628908932877,79.2437527751434));
#4887=CARTESIAN_POINT('Ctrl Pts',(-4.06723336470494,2.3532931085002,79.6910206047713));
#4888=CARTESIAN_POINT('Ctrl Pts',(-3.38066901239214,2.82614863037841,79.9334415942598));
#4889=CARTESIAN_POINT('Ctrl Pts',(-1.84690099878479,3.46234645220181,80.2436988952621));
#4890=CARTESIAN_POINT('Ctrl Pts',(-1.0001480339053,3.62499999999999,80.3151644016948));
#4891=CARTESIAN_POINT('Ctrl Pts',(-0.20000000000003,3.62499999999999,80.3151644016948));
#4892=CARTESIAN_POINT('',(-9.17486863083309,-0.237432963119015,78.0000011622906));
#4893=CARTESIAN_POINT('',(9.5,-0.237434483183738,78.));
#4894=CARTESIAN_POINT('',(-0.20000000000003,6.62499999999999,81.401136446395));
#4895=CARTESIAN_POINT('Ctrl Pts',(-0.200000000000029,6.62499999999999,81.401136446395));
#4896=CARTESIAN_POINT('Ctrl Pts',(-1.32930144373993,6.62499999999999,81.401136446395));
#4897=CARTESIAN_POINT('Ctrl Pts',(-2.53360299279145,6.40578006005923,81.3452430580495));
#4898=CARTESIAN_POINT('Ctrl Pts',(-4.74499663022355,5.52556442543484,81.0712051103896));
#4899=CARTESIAN_POINT('Ctrl Pts',(-5.75146116343122,4.86480765724939,80.8472600616823));
#4900=CARTESIAN_POINT('Ctrl Pts',(-6.90302582642337,3.79025335804714,80.3930871044079));
#4901=CARTESIAN_POINT('Ctrl Pts',(-7.26152527459226,3.3989562601445,80.2163836557218));
#4902=CARTESIAN_POINT('Ctrl Pts',(-7.89211746829014,2.57756243782246,79.8069311735639));
#4903=CARTESIAN_POINT('Ctrl Pts',(-8.16453576675825,2.14797043446538,79.5736713891967));
#4904=CARTESIAN_POINT('Ctrl Pts',(-8.71900065094618,1.12297360707606,78.9690839029227));
#4905=CARTESIAN_POINT('Ctrl Pts',(-8.99174363018742,0.436814267397791,78.5155523079506));
#4906=CARTESIAN_POINT('Ctrl Pts',(-9.17486863083309,-0.237432963119012,
78.0000011622906));
#4907=CARTESIAN_POINT('',(0.200000000000012,6.62499999999999,81.401136446395));
#4908=CARTESIAN_POINT('',(9.5,6.62499999999999,81.401136446395));
#4909=CARTESIAN_POINT('',(9.17486863083306,-0.237432963119015,78.0000011622906));
#4910=CARTESIAN_POINT('Ctrl Pts',(9.17486863083306,-0.237432963119015,78.0000011622906));
#4911=CARTESIAN_POINT('Ctrl Pts',(8.9917436301874,0.436814267397779,78.5155523079505));
#4912=CARTESIAN_POINT('Ctrl Pts',(8.71900065094615,1.12297360707607,78.9690839029227));
#4913=CARTESIAN_POINT('Ctrl Pts',(8.16453576675822,2.14797043446538,79.5736713891967));
#4914=CARTESIAN_POINT('Ctrl Pts',(7.89211746829011,2.57756243782246,79.8069311735639));
#4915=CARTESIAN_POINT('Ctrl Pts',(7.26152527459224,3.3989562601445,80.2163836557218));
#4916=CARTESIAN_POINT('Ctrl Pts',(6.90302582642334,3.79025335804714,80.3930871044079));
#4917=CARTESIAN_POINT('Ctrl Pts',(5.75146116343119,4.8648076572494,80.8472600616823));
#4918=CARTESIAN_POINT('Ctrl Pts',(4.74499663022353,5.52556442543484,81.0712051103896));
#4919=CARTESIAN_POINT('Ctrl Pts',(2.53360299279142,6.40578006005923,81.3452430580495));
#4920=CARTESIAN_POINT('Ctrl Pts',(1.32930144373991,6.62499999999999,81.401136446395));
#4921=CARTESIAN_POINT('Ctrl Pts',(0.200000000000013,6.62499999999999,81.401136446395));
#4922=CARTESIAN_POINT('',(9.5,-0.237434483183738,78.));
#4923=CARTESIAN_POINT('Origin',(0.200000000000012,-2.675,89.));
#4924=CARTESIAN_POINT('',(6.5,-2.675,78.));
#4925=CARTESIAN_POINT('Origin',(0.200000000000012,-2.675,78.));
#4926=CARTESIAN_POINT('',(6.5,-2.675,89.));
#4927=CARTESIAN_POINT('',(6.5,-2.675,89.));
#4928=CARTESIAN_POINT('',(0.200000000000009,3.62499999999999,89.));
#4929=CARTESIAN_POINT('Origin',(0.200000000000012,-2.675,89.));
#4930=CARTESIAN_POINT('',(0.200000000000009,3.62499999999999,89.));
#4931=CARTESIAN_POINT('Origin',(0.200000000000012,-2.675,78.));
#4932=CARTESIAN_POINT('',(0.200000000000012,6.62499999999999,89.));
#4933=CARTESIAN_POINT('',(0.200000000000013,6.62499999999999,78.));
#4934=CARTESIAN_POINT('',(9.5,-2.675,89.));
#4935=CARTESIAN_POINT('Origin',(0.200000000000012,-2.675,89.));
#4936=CARTESIAN_POINT('',(9.5,-2.675,78.));
#4937=CARTESIAN_POINT('',(9.5,-2.675,78.));
#4938=CARTESIAN_POINT('Origin',(0.200000000000012,-2.675,78.));
#4939=CARTESIAN_POINT('Origin',(-1.66533453693773E-14,-1.37500000000001,
78.));
#4940=CARTESIAN_POINT('',(9.5,-4.37500000000002,78.));
#4941=CARTESIAN_POINT('',(9.5,-2.675,78.));
#4942=CARTESIAN_POINT('',(5.49999999999999,-9.27397948556637,78.));
#4943=CARTESIAN_POINT('Origin',(4.5,-4.37500000000001,78.));
#4944=CARTESIAN_POINT('',(5.49999999999999,-7.12500000000001,78.));
#4945=CARTESIAN_POINT('',(5.49999999999999,-9.37500000000001,78.));
#4946=CARTESIAN_POINT('',(-5.50000000000001,-7.12500000000001,78.));
#4947=CARTESIAN_POINT('',(-5.50000000000001,-7.12500000000001,78.));
#4948=CARTESIAN_POINT('',(-5.50000000000001,-9.27397948556637,78.));
#4949=CARTESIAN_POINT('',(-5.50000000000001,-9.37500000000001,78.));
#4950=CARTESIAN_POINT('',(-9.50000000000003,-4.375,78.));
#4951=CARTESIAN_POINT('Origin',(-4.50000000000002,-4.375,78.));
#4952=CARTESIAN_POINT('',(-9.50000000000003,-2.67500000000001,78.));
#4953=CARTESIAN_POINT('',(-9.50000000000003,-4.375,78.));
#4954=CARTESIAN_POINT('Origin',(-0.20000000000003,-2.67500000000001,78.));
#4955=CARTESIAN_POINT('',(-6.50000000000003,-2.67500000000003,78.));
#4956=CARTESIAN_POINT('Origin',(-0.20000000000003,-2.67500000000001,78.));
#4957=CARTESIAN_POINT('',(-6.50000000000004,-4.37500000000006,78.));
#4958=CARTESIAN_POINT('',(-6.50000000000003,-2.87500000000001,78.));
#4959=CARTESIAN_POINT('',(-4.50000000000002,-6.37500000000001,78.));
#4960=CARTESIAN_POINT('Origin',(-4.50000000000002,-4.375,78.));
#4961=CARTESIAN_POINT('',(4.5,-6.37500000000001,78.));
#4962=CARTESIAN_POINT('',(2.24999999999999,-6.37500000000001,78.));
#4963=CARTESIAN_POINT('',(6.5,-4.37500000000001,78.));
#4964=CARTESIAN_POINT('Origin',(4.5,-4.37500000000001,78.));
#4965=CARTESIAN_POINT('',(6.5,-2.02500000000001,78.));
#4966=CARTESIAN_POINT('Origin',(0.200000000000012,6.62499999999999,78.));
#4967=CARTESIAN_POINT('',(-0.20000000000003,6.62499999999999,89.));
#4968=CARTESIAN_POINT('',(-0.20000000000003,6.62499999999999,78.));
#4969=CARTESIAN_POINT('Origin',(5.30009029578597E-14,6.62499999999999,89.));
#4970=CARTESIAN_POINT('Origin',(9.99999999999999,12.3427978870813,27.5644042258373));
#4971=CARTESIAN_POINT('',(2.70000000000005,4.62499999999999,46.0153011084867));
#4972=CARTESIAN_POINT('',(8.86441400296903,-0.375000000000001,43.));
#4973=CARTESIAN_POINT('Ctrl Pts',(2.70000000000005,4.62499999999999,46.0153011084867));
#4974=CARTESIAN_POINT('Ctrl Pts',(3.51330533701943,4.62499999999999,46.0153011084867));
#4975=CARTESIAN_POINT('Ctrl Pts',(4.37383279346083,4.45708397658929,45.9477030672108));
#4976=CARTESIAN_POINT('Ctrl Pts',(5.9306982950011,3.79918910318806,45.651330991169));
#4977=CARTESIAN_POINT('Ctrl Pts',(6.62655079784082,3.30976608464365,45.4187849764868));
#4978=CARTESIAN_POINT('Ctrl Pts',(7.41918813040162,2.51448907526551,44.9853856293114));
#4979=CARTESIAN_POINT('Ctrl Pts',(7.67092637864029,2.21403449554436,44.8138386452263));
#4980=CARTESIAN_POINT('Ctrl Pts',(8.10274455851664,1.58767518030155,44.4304106131056));
#4981=CARTESIAN_POINT('Ctrl Pts',(8.28320995185271,1.26216683278722,44.2183163720948));
#4982=CARTESIAN_POINT('Ctrl Pts',(8.61778312099794,0.536262500527212,43.7159945175247));
#4983=CARTESIAN_POINT('Ctrl Pts',(8.76860717482532,0.0793022715300856,43.3743117242441));
#4984=CARTESIAN_POINT('Ctrl Pts',(8.86441400296903,-0.375,43.));
#4985=CARTESIAN_POINT('',(-2.00000000000001,4.62499999999999,46.0153011084867));
#4986=CARTESIAN_POINT('',(9.99999999999999,4.62499999999998,46.0153011084867));
#4987=CARTESIAN_POINT('',(-7.00000000000001,-0.375000000000011,43.));
#4988=CARTESIAN_POINT('Ctrl Pts',(-7.00000000000001,-0.375000000000015,
43.));
#4989=CARTESIAN_POINT('Ctrl Pts',(-7.00000000000001,0.210009552807665,43.4820049296104));
#4990=CARTESIAN_POINT('Ctrl Pts',(-6.89083172622059,0.87280657945846,43.9661828689392));
#4991=CARTESIAN_POINT('Ctrl Pts',(-6.36924092344638,2.15225031056308,44.7903084533798));
#4992=CARTESIAN_POINT('Ctrl Pts',(-5.95463589173336,2.7670759554185,45.1316988757444));
#4993=CARTESIAN_POINT('Ctrl Pts',(-5.01108258207307,3.65901568356906,45.5864468637105));
#4994=CARTESIAN_POINT('Ctrl Pts',(-4.4703208281789,4.01976338372097,45.7522259341011));
#4995=CARTESIAN_POINT('Ctrl Pts',(-3.2735538677202,4.50296017850279,45.9656732668747));
#4996=CARTESIAN_POINT('Ctrl Pts',(-2.61773375811293,4.62499999999999,46.0153011084867));
#4997=CARTESIAN_POINT('Ctrl Pts',(-2.00000000000001,4.62499999999999,46.0153011084867));
#4998=CARTESIAN_POINT('',(-10.,-0.375000000000011,43.));
#4999=CARTESIAN_POINT('',(9.99999999999999,-0.375000000000001,43.));
#5000=CARTESIAN_POINT('',(-2.00000000000001,7.62499999999999,47.));
#5001=CARTESIAN_POINT('Ctrl Pts',(-2.00000000000001,7.62499999999999,47.));
#5002=CARTESIAN_POINT('Ctrl Pts',(-3.03367617953449,7.62499999999999,47.));
#5003=CARTESIAN_POINT('Ctrl Pts',(-4.13187988192747,7.41181812579819,46.9520312812806));
#5004=CARTESIAN_POINT('Ctrl Pts',(-6.13063101290492,6.56166506576163,46.7157268708959));
#5005=CARTESIAN_POINT('Ctrl Pts',(-7.03058904892732,5.92479643262827,46.5220672874347));
#5006=CARTESIAN_POINT('Ctrl Pts',(-8.0455843084493,4.88421129927882,46.1248954328729));
#5007=CARTESIAN_POINT('Ctrl Pts',(-8.35989772823257,4.50203114219052,45.9686365807746));
#5008=CARTESIAN_POINT('Ctrl Pts',(-8.90092839434711,3.70064949249699,45.6062074372666));
#5009=CARTESIAN_POINT('Ctrl Pts',(-9.12797057222586,3.28187479869621,45.3995788318552));
#5010=CARTESIAN_POINT('Ctrl Pts',(-9.61899205612297,2.1850901207288,44.8116573216803));
#5011=CARTESIAN_POINT('Ctrl Pts',(-9.83678601198219,1.4035037383715,44.3333067087378));
#5012=CARTESIAN_POINT('Ctrl Pts',(-9.97931078730855,0.299526571407829,43.5376791313492));
#5013=CARTESIAN_POINT('Ctrl Pts',(-10.,-0.0447306180578608,43.2721177277046));
#5014=CARTESIAN_POINT('Ctrl Pts',(-10.,-0.375000000000009,43.));
#5015=CARTESIAN_POINT('',(1.99999999999999,7.62499999999999,47.));
#5016=CARTESIAN_POINT('',(9.99999999999999,7.62499999999999,47.));
#5017=CARTESIAN_POINT('',(9.99999999999999,-0.375000000000011,43.));
#5018=CARTESIAN_POINT('Ctrl Pts',(9.99999999999999,-0.375000000000009,43.));
#5019=CARTESIAN_POINT('Ctrl Pts',(9.99999999999999,-0.0447306180578608,
43.2721177277046));
#5020=CARTESIAN_POINT('Ctrl Pts',(9.97931078730852,0.299526571407829,43.5376791313492));
#5021=CARTESIAN_POINT('Ctrl Pts',(9.83678601198217,1.4035037383715,44.3333067087378));
#5022=CARTESIAN_POINT('Ctrl Pts',(9.61899205612294,2.1850901207288,44.8116573216803));
#5023=CARTESIAN_POINT('Ctrl Pts',(9.12797057222584,3.28187479869621,45.3995788318552));
#5024=CARTESIAN_POINT('Ctrl Pts',(8.90092839434709,3.70064949249699,45.6062074372666));
#5025=CARTESIAN_POINT('Ctrl Pts',(8.35989772823254,4.50203114219052,45.9686365807746));
#5026=CARTESIAN_POINT('Ctrl Pts',(8.04558430844927,4.88421129927882,46.1248954328729));
#5027=CARTESIAN_POINT('Ctrl Pts',(7.0305890489273,5.92479643262828,46.5220672874347));
#5028=CARTESIAN_POINT('Ctrl Pts',(6.13063101290489,6.56166506576163,46.7157268708959));
#5029=CARTESIAN_POINT('Ctrl Pts',(4.13187988192745,7.41181812579818,46.9520312812806));
#5030=CARTESIAN_POINT('Ctrl Pts',(3.03367617953447,7.62499999999999,47.));
#5031=CARTESIAN_POINT('Ctrl Pts',(1.99999999999999,7.62499999999999,47.));
#5032=CARTESIAN_POINT('',(9.99999999999999,-0.375000000000001,43.));
#5033=CARTESIAN_POINT('Origin',(9.99999999999999,12.3427978870814,86.4355957741627));
#5034=CARTESIAN_POINT('',(8.86441400296903,-0.375000000000014,71.));
#5035=CARTESIAN_POINT('',(2.70000000000005,4.62499999999999,67.9846988915133));
#5036=CARTESIAN_POINT('Ctrl Pts',(8.86441400296904,-0.375000000000017,71.));
#5037=CARTESIAN_POINT('Ctrl Pts',(8.76860717482533,0.0793022715300695,70.6256882757559));
#5038=CARTESIAN_POINT('Ctrl Pts',(8.61778312099794,0.536262500527211,70.2840054824753));
#5039=CARTESIAN_POINT('Ctrl Pts',(8.28320995185271,1.26216683278722,69.7816836279052));
#5040=CARTESIAN_POINT('Ctrl Pts',(8.10274455851664,1.58767518030155,69.5695893868944));
#5041=CARTESIAN_POINT('Ctrl Pts',(7.67092637864028,2.21403449554437,69.1861613547738));
#5042=CARTESIAN_POINT('Ctrl Pts',(7.41918813040162,2.51448907526551,69.0146143706886));
#5043=CARTESIAN_POINT('Ctrl Pts',(6.62655079784082,3.30976608464365,68.5812150235132));
#5044=CARTESIAN_POINT('Ctrl Pts',(5.93069829500109,3.79918910318806,68.348669008831));
#5045=CARTESIAN_POINT('Ctrl Pts',(4.37383279346082,4.45708397658929,68.0522969327892));
#5046=CARTESIAN_POINT('Ctrl Pts',(3.51330533701942,4.62499999999999,67.9846988915133));
#5047=CARTESIAN_POINT('Ctrl Pts',(2.70000000000005,4.62499999999999,67.9846988915133));
#5048=CARTESIAN_POINT('',(9.99999999999999,-0.375000000000011,71.));
#5049=CARTESIAN_POINT('',(9.99999999999999,-0.375000000000014,71.));
#5050=CARTESIAN_POINT('',(1.99999999999999,7.62499999999999,67.));
#5051=CARTESIAN_POINT('Ctrl Pts',(1.99999999999999,7.62499999999999,67.));
#5052=CARTESIAN_POINT('Ctrl Pts',(3.03367617953447,7.62499999999999,67.));
#5053=CARTESIAN_POINT('Ctrl Pts',(4.13187988192745,7.41181812579818,67.0479687187194));
#5054=CARTESIAN_POINT('Ctrl Pts',(6.13063101290489,6.56166506576163,67.2842731291041));
#5055=CARTESIAN_POINT('Ctrl Pts',(7.0305890489273,5.92479643262828,67.4779327125653));
#5056=CARTESIAN_POINT('Ctrl Pts',(8.04558430844927,4.88421129927882,67.8751045671271));
#5057=CARTESIAN_POINT('Ctrl Pts',(8.35989772823254,4.50203114219052,68.0313634192254));
#5058=CARTESIAN_POINT('Ctrl Pts',(8.90092839434709,3.70064949249699,68.3937925627334));
#5059=CARTESIAN_POINT('Ctrl Pts',(9.12797057222584,3.28187479869621,68.6004211681448));
#5060=CARTESIAN_POINT('Ctrl Pts',(9.61899205612294,2.1850901207288,69.1883426783197));
#5061=CARTESIAN_POINT('Ctrl Pts',(9.83678601198217,1.40350373837149,69.6666932912622));
#5062=CARTESIAN_POINT('Ctrl Pts',(9.97931078730852,0.299526571407823,70.4623208686508));
#5063=CARTESIAN_POINT('Ctrl Pts',(9.99999999999999,-0.044730618057862,70.7278822722954));
#5064=CARTESIAN_POINT('Ctrl Pts',(9.99999999999999,-0.375000000000012,71.));
#5065=CARTESIAN_POINT('',(-2.00000000000001,7.62499999999999,67.));
#5066=CARTESIAN_POINT('',(9.99999999999999,7.62499999999999,67.));
#5067=CARTESIAN_POINT('',(-10.,-0.375000000000011,71.));
#5068=CARTESIAN_POINT('Ctrl Pts',(-10.,-0.37500000000001,71.));
#5069=CARTESIAN_POINT('Ctrl Pts',(-10.,-0.0447306180578601,70.7278822722954));
#5070=CARTESIAN_POINT('Ctrl Pts',(-9.97931078730855,0.299526571407821,70.4623208686508));
#5071=CARTESIAN_POINT('Ctrl Pts',(-9.8367860119822,1.40350373837149,69.6666932912622));
#5072=CARTESIAN_POINT('Ctrl Pts',(-9.61899205612297,2.1850901207288,69.1883426783197));
#5073=CARTESIAN_POINT('Ctrl Pts',(-9.12797057222587,3.28187479869621,68.6004211681448));
#5074=CARTESIAN_POINT('Ctrl Pts',(-8.90092839434712,3.70064949249699,68.3937925627334));
#5075=CARTESIAN_POINT('Ctrl Pts',(-8.35989772823257,4.50203114219051,68.0313634192254));
#5076=CARTESIAN_POINT('Ctrl Pts',(-8.0455843084493,4.88421129927882,67.8751045671271));
#5077=CARTESIAN_POINT('Ctrl Pts',(-7.03058904892732,5.92479643262828,67.4779327125653));
#5078=CARTESIAN_POINT('Ctrl Pts',(-6.13063101290492,6.56166506576163,67.2842731291041));
#5079=CARTESIAN_POINT('Ctrl Pts',(-4.13187988192748,7.41181812579818,67.0479687187194));
#5080=CARTESIAN_POINT('Ctrl Pts',(-3.0336761795345,7.62499999999999,67.));
#5081=CARTESIAN_POINT('Ctrl Pts',(-2.00000000000001,7.62499999999999,67.));
#5082=CARTESIAN_POINT('',(-7.00000000000001,-0.375000000000011,71.));
#5083=CARTESIAN_POINT('',(9.99999999999999,-0.375000000000014,71.));
#5084=CARTESIAN_POINT('',(-2.00000000000001,4.62499999999999,67.9846988915133));
#5085=CARTESIAN_POINT('Ctrl Pts',(-2.00000000000001,4.62499999999999,67.9846988915133));
#5086=CARTESIAN_POINT('Ctrl Pts',(-2.64283185746109,4.62499999999999,67.9846988915133));
#5087=CARTESIAN_POINT('Ctrl Pts',(-3.32318613105295,4.49291465328058,68.0383157441399));
#5088=CARTESIAN_POINT('Ctrl Pts',(-4.55619528574753,3.9739394642045,68.2685158470629));
#5089=CARTESIAN_POINT('Ctrl Pts',(-5.10859689766021,3.58747091420526,68.447399444737));
#5090=CARTESIAN_POINT('Ctrl Pts',(-6.02223764572855,2.67383016613693,68.9195685361025));
#5091=CARTESIAN_POINT('Ctrl Pts',(-6.41025404068411,2.07348201165173,69.2574199749217));
#5092=CARTESIAN_POINT('Ctrl Pts',(-6.89804821191359,0.831036995590009,70.0640369265617));
#5093=CARTESIAN_POINT('Ctrl Pts',(-7.00000000000001,0.190576913319693,70.5340061388988));
#5094=CARTESIAN_POINT('Ctrl Pts',(-7.00000000000001,-0.375000000000013,
71.));
#5095=CARTESIAN_POINT('',(9.99999999999999,4.62499999999998,67.9846988915133));
#5096=CARTESIAN_POINT('Origin',(-1.33226762955019E-14,-0.875000000000011,
43.));
#5097=CARTESIAN_POINT('',(9.99999999999999,-4.87500000000001,43.));
#5098=CARTESIAN_POINT('',(9.99999999999999,-9.37500000000001,43.));
#5099=CARTESIAN_POINT('',(5.49999999999999,-9.37500000000001,43.));
#5100=CARTESIAN_POINT('Origin',(5.49999999999999,-4.87500000000001,43.));
#5101=CARTESIAN_POINT('',(5.49999999999999,-7.12500000000001,43.));
#5102=CARTESIAN_POINT('',(5.49999999999999,-9.37500000000001,43.));
#5103=CARTESIAN_POINT('',(-5.50000000000002,-7.12500000000001,43.));
#5104=CARTESIAN_POINT('',(-5.50000000000002,-7.12500000000001,43.));
#5105=CARTESIAN_POINT('',(-5.50000000000002,-9.37500000000001,43.));
#5106=CARTESIAN_POINT('',(-5.50000000000002,-9.37500000000001,43.));
#5107=CARTESIAN_POINT('',(-10.,-4.87500000000001,43.));
#5108=CARTESIAN_POINT('Origin',(-5.50000000000001,-4.87500000000001,43.));
#5109=CARTESIAN_POINT('',(-10.,7.62499999999999,43.));
#5110=CARTESIAN_POINT('',(-7.00000000000001,-4.87500000000002,43.));
#5111=CARTESIAN_POINT('',(-7.00000000000001,-0.375000000000011,43.));
#5112=CARTESIAN_POINT('',(-5.50000000000001,-6.37500000000001,43.));
#5113=CARTESIAN_POINT('Origin',(-5.50000000000001,-4.87500000000002,43.));
#5114=CARTESIAN_POINT('',(7.00000000000005,-6.37500000000001,43.));
#5115=CARTESIAN_POINT('',(3.50000000000002,-6.37500000000001,43.));
#5116=CARTESIAN_POINT('',(9.00000000000005,-4.375,43.));
#5117=CARTESIAN_POINT('Origin',(7.00000000000006,-4.37500000000002,43.));
#5118=CARTESIAN_POINT('',(9.00000000000006,-1.67500000000002,43.));
#5119=CARTESIAN_POINT('',(9.00000000000006,-1.27500000000003,43.));
#5120=CARTESIAN_POINT('Origin',(2.70000000000005,-1.67500000000002,43.));
#5121=CARTESIAN_POINT('Origin',(2.70000000000005,-1.67500000000002,71.));
#5122=CARTESIAN_POINT('',(9.00000000000006,-1.67500000000002,71.));
#5123=CARTESIAN_POINT('',(9.00000000000006,-1.67500000000002,71.));
#5124=CARTESIAN_POINT('Origin',(2.70000000000005,-1.67500000000002,71.));
#5125=CARTESIAN_POINT('',(2.70000000000005,4.62499999999999,71.));
#5126=CARTESIAN_POINT('Origin',(1.99999999999999,-0.375000000000011,43.));
#5127=CARTESIAN_POINT('',(1.99999999999999,7.62499999999999,43.));
#5128=CARTESIAN_POINT('',(9.99999999999999,-0.375000000000011,43.));
#5129=CARTESIAN_POINT('Origin',(9.99999999999999,7.62499999999999,43.));
#5130=CARTESIAN_POINT('',(-2.00000000000001,7.62499999999999,43.));
#5131=CARTESIAN_POINT('Origin',(-4.00000000000002,-7.12500000000001,72.55));
#5132=CARTESIAN_POINT('',(3.99999999999999,-9.37500000000001,72.55));
#5133=CARTESIAN_POINT('',(-4.00000000000002,-9.37500000000001,72.55));
#5134=CARTESIAN_POINT('',(-2.00000000000002,-9.37500000000001,72.55));
#5135=CARTESIAN_POINT('',(3.99999999999999,-7.12500000000001,72.55));
#5136=CARTESIAN_POINT('',(3.99999999999999,-7.12500000000001,72.55));
#5137=CARTESIAN_POINT('',(-4.00000000000002,-7.12500000000001,72.55));
#5138=CARTESIAN_POINT('',(-2.00000000000002,-7.12500000000001,72.55));
#5139=CARTESIAN_POINT('',(-4.00000000000002,-7.12500000000001,72.55));
#5140=CARTESIAN_POINT('Origin',(-4.00000000000002,-7.12500000000001,73.075));
#5141=CARTESIAN_POINT('',(-4.00000000000002,-9.37500000000001,73.6));
#5142=CARTESIAN_POINT('Origin',(-4.00000000000002,-9.37500000000001,73.075));
#5143=CARTESIAN_POINT('',(-4.00000000000002,-7.12500000000001,73.6));
#5144=CARTESIAN_POINT('Origin',(-4.00000000000002,-7.12500000000001,73.075));
#5145=CARTESIAN_POINT('',(-4.00000000000002,-7.12500000000001,73.6));
#5146=CARTESIAN_POINT('Origin',(3.99999999999999,-7.12500000000001,73.6));
#5147=CARTESIAN_POINT('',(3.99999999999999,-9.37500000000001,73.6));
#5148=CARTESIAN_POINT('',(2.00000000000018,-9.37500000000001,73.6));
#5149=CARTESIAN_POINT('',(3.99999999999999,-7.12500000000001,73.6));
#5150=CARTESIAN_POINT('',(1.99999999999998,-7.12500000000001,73.6));
#5151=CARTESIAN_POINT('',(3.99999999999999,-7.12500000000001,73.6));
#5152=CARTESIAN_POINT('Origin',(3.99999999999999,-7.12500000000001,73.075));
#5153=CARTESIAN_POINT('Origin',(3.99999999999999,-9.37500000000001,73.075));
#5154=CARTESIAN_POINT('Origin',(3.99999999999999,-7.12500000000001,73.075));
#5155=CARTESIAN_POINT('Origin',(3.99999999999999,-7.12500000000001,77.5));
#5156=CARTESIAN_POINT('',(-4.00000011919913,-9.37500000000001,77.5000000000001));
#5157=CARTESIAN_POINT('',(3.99999999999999,-9.37500000000001,77.5));
#5158=CARTESIAN_POINT('',(1.99999999999978,-9.37500000000001,77.5));
#5159=CARTESIAN_POINT('',(-4.00000011919913,-7.12500000000001,77.5000000000001));
#5160=CARTESIAN_POINT('',(-4.00000011919913,-7.12500000000001,77.5000000000001));
#5161=CARTESIAN_POINT('',(3.99999999999999,-7.12500000000001,77.5));
#5162=CARTESIAN_POINT('',(1.99999999999997,-7.12500000000001,77.5));
#5163=CARTESIAN_POINT('',(3.99999999999999,-7.12500000000001,77.5));
#5164=CARTESIAN_POINT('Origin',(3.99999999999999,-7.12500000000001,76.975));
#5165=CARTESIAN_POINT('',(3.99999999999999,-9.37500000000001,76.45));
#5166=CARTESIAN_POINT('Origin',(3.99999999999999,-9.37500000000001,76.975));
#5167=CARTESIAN_POINT('',(3.99999999999999,-7.12500000000001,76.45));
#5168=CARTESIAN_POINT('Origin',(3.99999999999999,-7.12500000000001,76.975));
#5169=CARTESIAN_POINT('',(3.99999999999999,-7.12500000000001,76.45));
#5170=CARTESIAN_POINT('Origin',(-4.00000011920089,-7.12500000000001,76.4499999999999));
#5171=CARTESIAN_POINT('',(-4.00000011920089,-9.37500000000001,76.4499999999999));
#5172=CARTESIAN_POINT('',(-2.00000005960066,-9.37500000000001,76.4499999999999));
#5173=CARTESIAN_POINT('',(-4.00000011920089,-7.12500000000001,76.4499999999999));
#5174=CARTESIAN_POINT('',(-2.00000005960046,-7.12500000000001,76.4499999999999));
#5175=CARTESIAN_POINT('',(-4.00000011920089,-7.12500000000001,76.4499999999999));
#5176=CARTESIAN_POINT('Origin',(-4.00000011920001,-7.12500000000001,76.975));
#5177=CARTESIAN_POINT('Origin',(-4.00000011920001,-9.37500000000001,76.975));
#5178=CARTESIAN_POINT('Origin',(-4.00000011920001,-7.12500000000001,76.975));
#5179=CARTESIAN_POINT('Origin',(-3.00000000000002,-7.12500000000001,71.65));
#5180=CARTESIAN_POINT('',(-5.50000000000002,-9.37500000000001,71.65));
#5181=CARTESIAN_POINT('',(-3.00000000000002,-9.37500000000001,71.65));
#5182=CARTESIAN_POINT('',(-1.50000000000002,-9.37500000000001,71.65));
#5183=CARTESIAN_POINT('',(-5.50000000000002,-7.12500000000001,71.65));
#5184=CARTESIAN_POINT('',(-5.50000000000001,-8.25000000000001,71.65));
#5185=CARTESIAN_POINT('',(-3.00000000000002,-7.12500000000001,71.65));
#5186=CARTESIAN_POINT('',(-1.50000000000001,-7.12500000000001,71.65));
#5187=CARTESIAN_POINT('',(-3.00000000000002,-7.12500000000001,71.65));
#5188=CARTESIAN_POINT('Origin',(-3.00000000000002,-7.12500000000001,71.125));
#5189=CARTESIAN_POINT('',(-2.49009804864074,-9.37500000000001,71.));
#5190=CARTESIAN_POINT('Origin',(-3.00000000000002,-9.37500000000001,71.125));
#5191=CARTESIAN_POINT('',(-2.49009804864074,-7.12500000000001,71.));
#5192=CARTESIAN_POINT('Origin',(-3.00000000000002,-7.12500000000001,71.125));
#5193=CARTESIAN_POINT('',(-2.49009804864074,-7.12500000000001,71.));
#5194=CARTESIAN_POINT('Origin',(2.99999999999999,-7.12500000000001,74.5));
#5195=CARTESIAN_POINT('',(5.49999999999999,-9.37500000000001,74.5));
#5196=CARTESIAN_POINT('',(2.99999999999999,-9.37500000000001,74.5));
#5197=CARTESIAN_POINT('',(1.49999999999999,-9.37500000000001,74.5));
#5198=CARTESIAN_POINT('',(5.49999999999999,-7.12500000000001,74.5));
#5199=CARTESIAN_POINT('',(5.49999999999999,-8.25000000000001,74.5));
#5200=CARTESIAN_POINT('',(2.99999999999999,-7.12500000000001,74.5));
#5201=CARTESIAN_POINT('',(1.49999999999999,-7.12500000000001,74.5));
#5202=CARTESIAN_POINT('',(2.99999999999999,-7.12500000000001,74.5));
#5203=CARTESIAN_POINT('Origin',(2.99999999999999,-7.12500000000001,75.025));
#5204=CARTESIAN_POINT('',(2.99999999999999,-9.37500000000001,75.55));
#5205=CARTESIAN_POINT('Origin',(2.99999999999999,-9.37500000000001,75.025));
#5206=CARTESIAN_POINT('',(2.99999999999999,-7.12500000000001,75.55));
#5207=CARTESIAN_POINT('Origin',(2.99999999999999,-7.12500000000001,75.025));
#5208=CARTESIAN_POINT('',(2.99999999999999,-7.12500000000001,75.55));
#5209=CARTESIAN_POINT('Origin',(5.49999999999999,-7.12500000000001,75.55));
#5210=CARTESIAN_POINT('',(5.49999999999999,-9.37500000000001,75.55));
#5211=CARTESIAN_POINT('',(2.7499999999996,-9.37500000000001,75.55));
#5212=CARTESIAN_POINT('',(5.49999999999999,-7.12500000000001,75.55));
#5213=CARTESIAN_POINT('',(2.74999999999998,-7.12500000000001,75.55));
#5214=CARTESIAN_POINT('',(5.49999999999999,-8.25000000000001,75.55));
#5215=CARTESIAN_POINT('Origin',(-3.00000000000001,-7.12500000000001,75.55));
#5216=CARTESIAN_POINT('',(-5.50000000000002,-9.37500000000001,75.55));
#5217=CARTESIAN_POINT('',(-3.00000000000001,-9.37500000000001,75.55));
#5218=CARTESIAN_POINT('',(-1.50000000000001,-9.37500000000001,75.55));
#5219=CARTESIAN_POINT('',(-5.50000000000002,-7.12500000000001,75.55));
#5220=CARTESIAN_POINT('',(-5.50000000000001,-8.25000000000001,75.55));
#5221=CARTESIAN_POINT('',(-3.00000000000001,-7.12500000000001,75.55));
#5222=CARTESIAN_POINT('',(-1.50000000000001,-7.12500000000001,75.55));
#5223=CARTESIAN_POINT('',(-3.00000000000001,-7.12500000000001,75.55));
#5224=CARTESIAN_POINT('Origin',(-3.00000000000001,-7.12500000000001,75.025));
#5225=CARTESIAN_POINT('',(-3.00000000000001,-9.37500000000001,74.5));
#5226=CARTESIAN_POINT('Origin',(-3.00000000000001,-9.37500000000001,75.025));
#5227=CARTESIAN_POINT('',(-3.00000000000001,-7.12500000000001,74.5));
#5228=CARTESIAN_POINT('Origin',(-3.00000000000001,-7.12500000000001,75.025));
#5229=CARTESIAN_POINT('',(-3.00000000000001,-7.12500000000001,74.5));
#5230=CARTESIAN_POINT('Origin',(-5.50000000000002,-7.12500000000001,74.5));
#5231=CARTESIAN_POINT('',(-5.50000000000002,-9.37500000000001,74.5));
#5232=CARTESIAN_POINT('',(-2.75000000000002,-9.37500000000001,74.5));
#5233=CARTESIAN_POINT('',(-5.50000000000002,-7.12500000000001,74.5));
#5234=CARTESIAN_POINT('',(-2.75000000000002,-7.12500000000001,74.5));
#5235=CARTESIAN_POINT('',(-5.50000000000001,-8.25000000000001,74.5));
#5236=CARTESIAN_POINT('Origin',(2.99999999999999,-7.12500000000001,71.125));
#5237=CARTESIAN_POINT('',(2.49009804864071,-9.37500000000001,71.));
#5238=CARTESIAN_POINT('',(2.99999999999999,-9.37500000000001,71.65));
#5239=CARTESIAN_POINT('Origin',(2.99999999999999,-9.37500000000001,71.125));
#5240=CARTESIAN_POINT('',(2.49009804864071,-7.12500000000001,71.));
#5241=CARTESIAN_POINT('',(2.49009804864071,-7.12500000000001,71.));
#5242=CARTESIAN_POINT('',(2.99999999999999,-7.12500000000001,71.65));
#5243=CARTESIAN_POINT('Origin',(2.99999999999999,-7.12500000000001,71.125));
#5244=CARTESIAN_POINT('',(2.99999999999999,-7.12500000000001,71.65));
#5245=CARTESIAN_POINT('Origin',(5.49999999999999,-7.12500000000001,71.65));
#5246=CARTESIAN_POINT('',(5.49999999999999,-9.37500000000001,71.65));
#5247=CARTESIAN_POINT('',(2.74999999999999,-9.37500000000001,71.65));
#5248=CARTESIAN_POINT('',(5.49999999999999,-7.12500000000001,71.65));
#5249=CARTESIAN_POINT('',(2.74999999999999,-7.12500000000001,71.65));
#5250=CARTESIAN_POINT('',(5.49999999999999,-8.25000000000001,71.65));
#5251=CARTESIAN_POINT('Origin',(-5.50000000000001,-9.37500000000001,71.));
#5252=CARTESIAN_POINT('',(-5.50000000000001,-9.37500000000001,78.));
#5253=CARTESIAN_POINT('',(-5.50000000000001,-9.37500000000001,71.));
#5254=CARTESIAN_POINT('',(-5.50000000000001,-9.37500000000001,78.));
#5255=CARTESIAN_POINT('',(-5.50000000000001,-7.12500000000001,71.));
#5256=CARTESIAN_POINT('Origin',(-5.50000000000001,-9.37500000000001,71.));
#5257=CARTESIAN_POINT('',(-5.50000000000001,-9.37500000000001,71.));
#5258=CARTESIAN_POINT('',(-5.50000000000001,-7.12500000000001,71.));
#5259=CARTESIAN_POINT('Origin',(5.49999999999999,-9.37500000000001,78.));
#5260=CARTESIAN_POINT('',(5.49999999999999,-9.37500000000001,78.));
#5261=CARTESIAN_POINT('',(5.49999999999999,-7.12500000000001,78.));
#5262=CARTESIAN_POINT('Origin',(-1.55431223447522E-14,-9.37500000000001,
39.5));
#5263=CARTESIAN_POINT('',(-5.50000000000001,-9.37500000000001,71.));
#5264=CARTESIAN_POINT('',(-2.75000000000002,-9.37500000000001,71.));
#5265=CARTESIAN_POINT('',(-5.50000000000001,-9.37500000000001,41.25));
#5266=CARTESIAN_POINT('',(-5.50000000000002,-9.37500000000001,40.55));
#5267=CARTESIAN_POINT('',(-5.50000000000002,-9.37500000000001,36.));
#5268=CARTESIAN_POINT('',(-3.00000000000001,-9.37500000000001,40.55));
#5269=CARTESIAN_POINT('',(-1.50000000000001,-9.37500000000001,40.55));
#5270=CARTESIAN_POINT('',(-3.00000000000001,-9.37500000000001,39.5));
#5271=CARTESIAN_POINT('Origin',(-3.00000000000001,-9.37500000000001,40.025));
#5272=CARTESIAN_POINT('',(-5.50000000000002,-9.37500000000001,39.5));
#5273=CARTESIAN_POINT('',(-2.75000000000002,-9.37500000000001,39.5));
#5274=CARTESIAN_POINT('',(-5.50000000000002,-9.37500000000001,36.65));
#5275=CARTESIAN_POINT('',(-5.50000000000002,-9.37500000000001,36.));
#5276=CARTESIAN_POINT('',(-3.00000000000002,-9.37500000000001,36.65));
#5277=CARTESIAN_POINT('',(-1.50000000000002,-9.37500000000001,36.65));
#5278=CARTESIAN_POINT('',(-2.49009804864073,-9.37500000000001,36.));
#5279=CARTESIAN_POINT('Origin',(-3.00000000000002,-9.37500000000001,36.125));
#5280=CARTESIAN_POINT('',(2.4900980486407,-9.37500000000001,36.));
#5281=CARTESIAN_POINT('',(-5.50000000000002,-9.37500000000001,36.));
#5282=CARTESIAN_POINT('',(2.99999999999999,-9.37500000000001,36.65));
#5283=CARTESIAN_POINT('Origin',(2.99999999999999,-9.37500000000001,36.125));
#5284=CARTESIAN_POINT('',(5.49999999999999,-9.37500000000001,36.65));
#5285=CARTESIAN_POINT('',(2.74999999999999,-9.37500000000001,36.65));
#5286=CARTESIAN_POINT('',(5.49999999999999,-9.37500000000001,39.5));
#5287=CARTESIAN_POINT('',(5.49999999999999,-9.37500000000001,36.));
#5288=CARTESIAN_POINT('',(2.99999999999999,-9.37500000000001,39.5));
#5289=CARTESIAN_POINT('',(1.49999999999999,-9.37500000000001,39.5));
#5290=CARTESIAN_POINT('',(2.99999999999999,-9.37500000000001,40.5499999999999));
#5291=CARTESIAN_POINT('Origin',(2.99999999999999,-9.37500000000001,40.025));
#5292=CARTESIAN_POINT('',(5.49999999999999,-9.37500000000001,40.55));
#5293=CARTESIAN_POINT('',(2.74999999999998,-9.37500000000001,40.5499999999999));
#5294=CARTESIAN_POINT('',(5.49999999999999,-9.37500000000001,36.));
#5295=CARTESIAN_POINT('',(5.49999999999999,-9.37500000000001,71.));
#5296=CARTESIAN_POINT('',(5.49999999999999,-9.37500000000001,41.25));
#5297=CARTESIAN_POINT('',(1.24504902432035,-9.37500000000001,71.));
#5298=CARTESIAN_POINT('',(5.49999999999999,-9.37500000000001,78.));
#5299=CARTESIAN_POINT('',(5.49999999999999,-9.37500000000001,78.));
#5300=CARTESIAN_POINT('',(4.5,-9.37500000000001,78.));
#5301=CARTESIAN_POINT('',(-5.50000000000001,-9.37500000000001,78.));
#5302=CARTESIAN_POINT('',(4.5,-9.37500000000001,89.));
#5303=CARTESIAN_POINT('',(4.5,-9.37500000000001,78.));
#5304=CARTESIAN_POINT('',(-4.50000000000002,-9.37500000000001,89.));
#5305=CARTESIAN_POINT('Origin',(5.27376038960431E-14,-9.37500000000001,
89.));
#5306=CARTESIAN_POINT('',(-4.50000000000002,-9.37500000000001,78.));
#5307=CARTESIAN_POINT('',(-4.50000000000002,-9.37500000000001,78.));
#5308=CARTESIAN_POINT('',(-5.50000000000001,-9.37500000000001,78.));
#5309=CARTESIAN_POINT('',(-4.00000000000002,-9.37500000000001,38.6));
#5310=CARTESIAN_POINT('',(3.99999999999999,-9.37500000000001,38.6));
#5311=CARTESIAN_POINT('',(1.99999999999999,-9.37500000000001,38.6));
#5312=CARTESIAN_POINT('',(3.99999999999999,-9.37500000000001,37.55));
#5313=CARTESIAN_POINT('Origin',(3.99999999999999,-9.37500000000001,38.075));
#5314=CARTESIAN_POINT('',(-4.00000000000002,-9.37500000000001,37.55));
#5315=CARTESIAN_POINT('',(-2.00000000000002,-9.37500000000001,37.55));
#5316=CARTESIAN_POINT('Origin',(-4.00000000000002,-9.37500000000001,38.075));
#5317=CARTESIAN_POINT('',(-4.00000011920001,-9.37500000000001,42.5));
#5318=CARTESIAN_POINT('',(3.99999999999999,-9.37500000000001,42.5));
#5319=CARTESIAN_POINT('',(1.99999999999999,-9.37500000000001,42.5));
#5320=CARTESIAN_POINT('',(3.99999999999999,-9.37500000000001,41.45));
#5321=CARTESIAN_POINT('Origin',(3.99999999999999,-9.37500000000001,41.975));
#5322=CARTESIAN_POINT('',(-4.00000011920001,-9.37500000000001,41.45));
#5323=CARTESIAN_POINT('',(-2.00000005960001,-9.37500000000001,41.45));
#5324=CARTESIAN_POINT('Origin',(-4.00000011920001,-9.37500000000001,41.975));
#5325=CARTESIAN_POINT('Origin',(-1.33226762955019E-14,-7.12500000000001,
74.5));
#5326=CARTESIAN_POINT('',(5.49999999999999,-7.12500000000001,78.));
#5327=CARTESIAN_POINT('',(-1.33226762955019E-14,-7.12500000000001,71.));
#5328=CARTESIAN_POINT('Origin',(3.99999999999999,-7.12500000000001,38.6));
#5329=CARTESIAN_POINT('',(-4.00000000000002,-7.12500000000001,38.6));
#5330=CARTESIAN_POINT('',(-4.00000000000002,-7.12500000000001,38.6));
#5331=CARTESIAN_POINT('',(3.99999999999999,-7.12500000000001,38.6));
#5332=CARTESIAN_POINT('',(1.99999999999999,-7.12500000000001,38.6));
#5333=CARTESIAN_POINT('',(3.99999999999999,-7.12500000000001,38.6));
#5334=CARTESIAN_POINT('Origin',(3.99999999999999,-7.12500000000001,38.075));
#5335=CARTESIAN_POINT('',(3.99999999999999,-7.12500000000001,37.55));
#5336=CARTESIAN_POINT('Origin',(3.99999999999999,-7.12500000000001,38.075));
#5337=CARTESIAN_POINT('',(3.99999999999999,-7.12500000000001,37.55));
#5338=CARTESIAN_POINT('Origin',(-4.00000000000002,-7.12500000000001,37.55));
#5339=CARTESIAN_POINT('',(-4.00000000000002,-7.12500000000001,37.55));
#5340=CARTESIAN_POINT('',(-2.00000000000002,-7.12500000000001,37.55));
#5341=CARTESIAN_POINT('',(-4.00000000000002,-7.12500000000001,37.55));
#5342=CARTESIAN_POINT('Origin',(-4.00000000000002,-7.12500000000001,38.075));
#5343=CARTESIAN_POINT('Origin',(-4.00000000000002,-7.12500000000001,38.075));
#5344=CARTESIAN_POINT('Origin',(3.99999999999999,-7.12500000000001,42.5));
#5345=CARTESIAN_POINT('',(-4.00000011920001,-7.12500000000001,42.5));
#5346=CARTESIAN_POINT('',(-4.00000011920001,-7.12500000000001,42.5));
#5347=CARTESIAN_POINT('',(3.99999999999999,-7.12500000000001,42.5));
#5348=CARTESIAN_POINT('',(1.99999999999999,-7.12500000000001,42.5));
#5349=CARTESIAN_POINT('',(3.99999999999999,-7.12500000000001,42.5));
#5350=CARTESIAN_POINT('Origin',(3.99999999999999,-7.12500000000001,41.975));
#5351=CARTESIAN_POINT('',(3.99999999999999,-7.12500000000001,41.45));
#5352=CARTESIAN_POINT('Origin',(3.99999999999999,-7.12500000000001,41.975));
#5353=CARTESIAN_POINT('',(3.99999999999999,-7.12500000000001,41.45));
#5354=CARTESIAN_POINT('Origin',(-4.00000011920001,-7.12500000000001,41.45));
#5355=CARTESIAN_POINT('',(-4.00000011920001,-7.12500000000001,41.45));
#5356=CARTESIAN_POINT('',(-2.00000005960001,-7.12500000000001,41.45));
#5357=CARTESIAN_POINT('',(-4.00000011920001,-7.12500000000001,41.45));
#5358=CARTESIAN_POINT('Origin',(-4.00000011920001,-7.12500000000001,41.975));
#5359=CARTESIAN_POINT('Origin',(-4.00000011920001,-7.12500000000001,41.975));
#5360=CARTESIAN_POINT('Origin',(2.99999999999999,-7.12500000000001,36.125));
#5361=CARTESIAN_POINT('',(2.4900980486407,-7.12500000000001,36.));
#5362=CARTESIAN_POINT('',(2.4900980486407,-7.12500000000001,36.));
#5363=CARTESIAN_POINT('',(2.99999999999999,-7.12500000000001,36.65));
#5364=CARTESIAN_POINT('Origin',(2.99999999999999,-7.12500000000001,36.125));
#5365=CARTESIAN_POINT('',(2.99999999999999,-7.12500000000001,36.65));
#5366=CARTESIAN_POINT('Origin',(5.49999999999999,-7.12500000000001,36.65));
#5367=CARTESIAN_POINT('',(5.49999999999999,-7.12500000000001,36.65));
#5368=CARTESIAN_POINT('',(2.74999999999999,-7.12500000000001,36.65));
#5369=CARTESIAN_POINT('',(5.49999999999999,-8.25000000000001,36.65));
#5370=CARTESIAN_POINT('Origin',(-3.00000000000001,-7.12500000000001,40.025));
#5371=CARTESIAN_POINT('',(-3.00000000000001,-7.12500000000001,40.55));
#5372=CARTESIAN_POINT('',(-3.00000000000001,-7.12500000000001,40.55));
#5373=CARTESIAN_POINT('',(-3.00000000000001,-7.12500000000001,39.5));
#5374=CARTESIAN_POINT('Origin',(-3.00000000000001,-7.12500000000001,40.025));
#5375=CARTESIAN_POINT('',(-3.00000000000001,-7.12500000000001,39.5));
#5376=CARTESIAN_POINT('Origin',(-5.50000000000002,-7.12500000000001,39.5));
#5377=CARTESIAN_POINT('',(-5.50000000000002,-7.12500000000001,39.5));
#5378=CARTESIAN_POINT('',(-2.75000000000002,-7.12500000000001,39.5));
#5379=CARTESIAN_POINT('',(-5.50000000000002,-8.25000000000001,39.5));
#5380=CARTESIAN_POINT('Origin',(-3.00000000000001,-7.12500000000001,40.55));
#5381=CARTESIAN_POINT('',(-5.50000000000002,-7.12500000000001,40.55));
#5382=CARTESIAN_POINT('',(-5.50000000000002,-8.25000000000001,40.55));
#5383=CARTESIAN_POINT('',(-1.50000000000001,-7.12500000000001,40.55));
#5384=CARTESIAN_POINT('Origin',(2.99999999999999,-7.12500000000001,40.025));
#5385=CARTESIAN_POINT('',(2.99999999999999,-7.12500000000001,39.5));
#5386=CARTESIAN_POINT('',(2.99999999999999,-7.12500000000001,39.5));
#5387=CARTESIAN_POINT('',(2.99999999999999,-7.12500000000001,40.5499999999999));
#5388=CARTESIAN_POINT('Origin',(2.99999999999999,-7.12500000000001,40.025));
#5389=CARTESIAN_POINT('',(2.99999999999999,-7.12500000000001,40.5499999999999));
#5390=CARTESIAN_POINT('Origin',(5.49999999999999,-7.12500000000001,40.55));
#5391=CARTESIAN_POINT('',(5.49999999999999,-7.12500000000001,40.55));
#5392=CARTESIAN_POINT('',(2.74999999999998,-7.12500000000001,40.5499999999999));
#5393=CARTESIAN_POINT('',(5.49999999999999,-8.25000000000001,40.55));
#5394=CARTESIAN_POINT('Origin',(2.99999999999999,-7.12500000000001,39.5));
#5395=CARTESIAN_POINT('',(5.49999999999999,-7.12500000000001,39.5));
#5396=CARTESIAN_POINT('',(5.49999999999999,-8.25000000000001,39.5));
#5397=CARTESIAN_POINT('',(1.49999999999999,-7.12500000000001,39.5));
#5398=CARTESIAN_POINT('Origin',(-3.00000000000002,-7.12500000000001,36.125));
#5399=CARTESIAN_POINT('',(-3.00000000000002,-7.12500000000001,36.65));
#5400=CARTESIAN_POINT('',(-3.00000000000002,-7.12500000000001,36.65));
#5401=CARTESIAN_POINT('',(-2.49009804864073,-7.12500000000001,36.));
#5402=CARTESIAN_POINT('Origin',(-3.00000000000002,-7.12500000000001,36.125));
#5403=CARTESIAN_POINT('',(-2.49009804864073,-7.12500000000001,36.));
#5404=CARTESIAN_POINT('Origin',(-3.00000000000002,-7.12500000000001,36.65));
#5405=CARTESIAN_POINT('',(-5.50000000000002,-7.12500000000001,36.65));
#5406=CARTESIAN_POINT('',(-5.50000000000002,-8.25000000000001,36.65));
#5407=CARTESIAN_POINT('',(-1.50000000000002,-7.12500000000001,36.65));
#5408=CARTESIAN_POINT('Origin',(5.49999999999999,-9.37500000000001,43.));
#5409=CARTESIAN_POINT('',(5.49999999999999,-7.12500000000001,36.));
#5410=CARTESIAN_POINT('Origin',(5.49999999999999,-9.37500000000001,36.));
#5411=CARTESIAN_POINT('',(-5.50000000000002,-7.12500000000001,36.));
#5412=CARTESIAN_POINT('Origin',(-5.50000000000002,-9.37500000000001,36.));
#5413=CARTESIAN_POINT('',(-5.50000000000002,-7.12500000000001,36.));
#5414=CARTESIAN_POINT('Origin',(-2.00000000000001,-0.375000000000012,43.));
#5415=CARTESIAN_POINT('',(-2.00000000000001,4.62499999999999,43.));
#5416=CARTESIAN_POINT('',(-7.00000000000001,-0.375000000000011,43.));
#5417=CARTESIAN_POINT('Origin',(-7.00000000000001,-4.87500000000002,43.));
#5418=CARTESIAN_POINT('',(-7.00000000000001,-4.87500000000002,71.));
#5419=CARTESIAN_POINT('',(-7.00000000000001,-2.87500000000001,71.));
#5420=CARTESIAN_POINT('',(-7.00000000000001,-4.87500000000002,43.));
#5421=CARTESIAN_POINT('Origin',(-5.50000000000001,-4.87500000000002,43.));
#5422=CARTESIAN_POINT('',(-5.50000000000001,-6.37500000000001,71.));
#5423=CARTESIAN_POINT('Origin',(-5.50000000000001,-4.87500000000002,71.));
#5424=CARTESIAN_POINT('',(-5.50000000000001,-6.37500000000001,43.));
#5425=CARTESIAN_POINT('Origin',(-4.74999999999999,-1.37500000000001,89.));
#5426=CARTESIAN_POINT('',(-6.50000000000004,-4.37500000000006,89.));
#5427=CARTESIAN_POINT('',(-6.50000000000003,-2.67500000000003,89.));
#5428=CARTESIAN_POINT('',(-6.50000000000003,-2.87500000000001,89.));
#5429=CARTESIAN_POINT('',(-0.200000000000033,3.62499999999999,89.));
#5430=CARTESIAN_POINT('Origin',(-0.20000000000003,-2.67500000000001,89.));
#5431=CARTESIAN_POINT('',(-0.100000000000032,3.62499999999999,89.));
#5432=CARTESIAN_POINT('',(6.5,-4.37500000000001,89.));
#5433=CARTESIAN_POINT('',(6.5,-2.02500000000001,89.));
#5434=CARTESIAN_POINT('',(4.5,-6.37500000000001,89.));
#5435=CARTESIAN_POINT('Origin',(4.5,-4.37500000000001,89.));
#5436=CARTESIAN_POINT('',(-4.50000000000002,-6.37500000000001,89.));
#5437=CARTESIAN_POINT('',(2.24999999999999,-6.37500000000001,89.));
#5438=CARTESIAN_POINT('Origin',(-4.50000000000002,-4.375,89.));
#5439=CARTESIAN_POINT('Ctrl Pts',(-4.49999999999991,-9.37500000000001,89.));
#5440=CARTESIAN_POINT('Ctrl Pts',(-4.49999999999991,-9.37500000000001,93.5));
#5441=CARTESIAN_POINT('Ctrl Pts',(4.88498130835069E-14,-9.37500000000001,
93.5));
#5442=CARTESIAN_POINT('Ctrl Pts',(4.50000000000001,-9.37500000000001,93.5));
#5443=CARTESIAN_POINT('Ctrl Pts',(4.50000000000001,-9.37500000000001,89.));
#5444=CARTESIAN_POINT('Ctrl Pts',(-9.50000000000003,-9.37500000000014,89.));
#5445=CARTESIAN_POINT('Ctrl Pts',(-9.50000000000003,-9.37500000000014,98.5000000000001));
#5446=CARTESIAN_POINT('Ctrl Pts',(4.88498130835069E-14,-9.37500000000014,
98.5000000000001));
#5447=CARTESIAN_POINT('Ctrl Pts',(9.50000000000013,-9.37500000000014,98.5000000000001));
#5448=CARTESIAN_POINT('Ctrl Pts',(9.50000000000013,-9.37500000000014,89.));
#5449=CARTESIAN_POINT('Ctrl Pts',(-9.50000000000003,-4.375,89.));
#5450=CARTESIAN_POINT('Ctrl Pts',(-9.50000000000003,-4.375,98.5000000000001));
#5451=CARTESIAN_POINT('Ctrl Pts',(5.01508556904895E-14,-4.375,98.5000000000001));
#5452=CARTESIAN_POINT('Ctrl Pts',(9.50000000000013,-4.375,98.5000000000001));
#5453=CARTESIAN_POINT('Ctrl Pts',(9.50000000000013,-4.375,89.));
#5454=CARTESIAN_POINT('',(-9.50000000000003,-4.375,89.));
#5455=CARTESIAN_POINT('Origin',(-4.50000000000002,-4.375,89.));
#5456=CARTESIAN_POINT('',(9.5,-4.37500000000002,89.));
#5457=CARTESIAN_POINT('Origin',(4.5,-4.37500000000001,89.));
#5458=CARTESIAN_POINT('Origin',(5.31129735071732E-14,-4.375,89.));
#5459=CARTESIAN_POINT('Origin',(5.03720329336765E-14,-3.52500000000001,
89.));
#5460=CARTESIAN_POINT('',(-9.50000000000003,-2.67500000000001,89.));
#5461=CARTESIAN_POINT('',(-9.50000000000003,-4.375,89.));
#5462=CARTESIAN_POINT('',(9.5,-2.675,89.));
#5463=CARTESIAN_POINT('Origin',(5.31129735071732E-14,-2.67500000000001,
89.));
#5464=CARTESIAN_POINT('Ctrl Pts',(-9.50000000000003,-2.67500000000001,89.));
#5465=CARTESIAN_POINT('Ctrl Pts',(-9.50000000000003,-2.67500000000001,98.5000000000001));
#5466=CARTESIAN_POINT('Ctrl Pts',(5.05932101768636E-14,-2.67500000000001,
98.5000000000001));
#5467=CARTESIAN_POINT('Ctrl Pts',(9.50000000000014,-2.67500000000002,98.5000000000001));
#5468=CARTESIAN_POINT('Ctrl Pts',(9.50000000000013,-2.67500000000002,89.));
#5469=CARTESIAN_POINT('Ctrl Pts',(-9.50000000000003,6.62500000000011,89.));
#5470=CARTESIAN_POINT('Ctrl Pts',(-9.50000000000003,6.62500000000011,98.5000000000001));
#5471=CARTESIAN_POINT('Ctrl Pts',(5.30131494258513E-14,6.62500000000011,
98.5000000000001));
#5472=CARTESIAN_POINT('Ctrl Pts',(9.50000000000014,6.62500000000011,98.5000000000001));
#5473=CARTESIAN_POINT('Ctrl Pts',(9.50000000000014,6.62500000000011,89.));
#5474=CARTESIAN_POINT('Ctrl Pts',(-0.199999999999907,6.62499999999999,89.));
#5475=CARTESIAN_POINT('Ctrl Pts',(-0.199999999999907,6.62499999999999,89.2));
#5476=CARTESIAN_POINT('Ctrl Pts',(5.30131494258512E-14,6.62499999999999,
89.2));
#5477=CARTESIAN_POINT('Ctrl Pts',(0.200000000000013,6.62499999999999,89.2));
#5478=CARTESIAN_POINT('Ctrl Pts',(0.200000000000013,6.62499999999999,89.));
#5479=CARTESIAN_POINT('Origin',(-0.20000000000003,-2.67500000000001,89.));
#5480=CARTESIAN_POINT('Origin',(7.00000000000005,-6.37500000000001,71.));
#5481=CARTESIAN_POINT('',(7.00000000000005,-6.37500000000001,71.));
#5482=CARTESIAN_POINT('',(3.50000000000002,-6.37500000000001,71.));
#5483=CARTESIAN_POINT('',(7.00000000000005,-6.37500000000001,71.));
#5484=CARTESIAN_POINT('Origin',(7.00000000000006,-4.37500000000002,71.));
#5485=CARTESIAN_POINT('',(9.00000000000005,-4.375,71.));
#5486=CARTESIAN_POINT('Origin',(7.00000000000006,-4.37500000000002,71.));
#5487=CARTESIAN_POINT('',(9.00000000000005,-4.375,71.));
#5488=CARTESIAN_POINT('Origin',(9.00000000000006,-1.67500000000002,71.));
#5489=CARTESIAN_POINT('',(9.00000000000006,-1.27500000000003,71.));
#5490=CARTESIAN_POINT('Origin',(-2.69999999999995,4.62499999999999,71.));
#5491=CARTESIAN_POINT('Origin',(-6.50000000000004,-4.37500000000006,89.));
#5492=CARTESIAN_POINT('',(-6.50000000000004,-4.37500000000006,89.));
#5493=CARTESIAN_POINT('',(-6.50000000000003,-2.67500000000003,89.));
#5494=CARTESIAN_POINT('Origin',(-4.50000000000002,-4.375,89.));
#5495=CARTESIAN_POINT('',(-4.50000000000002,-6.37500000000001,89.));
#5496=CARTESIAN_POINT('Origin',(4.5,-6.37500000000001,89.));
#5497=CARTESIAN_POINT('',(4.5,-6.37500000000001,89.));
#5498=CARTESIAN_POINT('Origin',(4.5,-4.37500000000001,89.));
#5499=CARTESIAN_POINT('',(6.5,-4.37500000000001,89.));
#5500=CARTESIAN_POINT('Origin',(6.5,-2.675,89.));
#5501=CARTESIAN_POINT('Origin',(-0.200000000000033,3.62499999999999,89.));
#5502=CARTESIAN_POINT('',(-0.200000000000033,3.62499999999999,89.));
#5503=CARTESIAN_POINT('Origin',(-0.20000000000003,-2.67500000000001,89.));
#5504=CARTESIAN_POINT('Origin',(-9.50000000000003,-2.67500000000001,78.));
#5505=CARTESIAN_POINT('',(-9.50000000000003,-4.375,78.));
#5506=CARTESIAN_POINT('',(-9.50000000000003,-2.67500000000001,78.));
#5507=CARTESIAN_POINT('Origin',(-0.20000000000003,-2.67500000000001,78.));
#5508=CARTESIAN_POINT('Origin',(9.5,-4.37500000000001,78.));
#5509=CARTESIAN_POINT('',(9.5,-4.37500000000002,78.));
#5510=CARTESIAN_POINT('Origin',(4.5,-4.37500000000001,78.));
#5511=CARTESIAN_POINT('Origin',(4.5,-4.37500000000001,78.));
#5512=CARTESIAN_POINT('Origin',(-4.50000000000002,-4.375,78.));
#5513=CARTESIAN_POINT('Origin',(-4.50000000000002,-4.375,78.));
#5514=CARTESIAN_POINT('Origin',(-5.50000000000001,-9.37500000000001,78.));
#5515=CARTESIAN_POINT('',(5.49999999999999,-9.37500000000001,78.));
#5516=CARTESIAN_POINT('Origin',(5.49999999999999,-9.37500000000001,78.));
#5517=CARTESIAN_POINT('Origin',(-5.50000000000001,-9.37500000000001,78.));
#5518=CARTESIAN_POINT('Origin',(-2.00000000000001,-0.375000000000011,43.));
#5519=CARTESIAN_POINT('',(-10.,-0.375000000000011,43.));
#5520=CARTESIAN_POINT('Origin',(-1.33226762955019E-14,-0.875000000000011,
71.));
#5521=CARTESIAN_POINT('',(-10.,-4.87500000000001,71.));
#5522=CARTESIAN_POINT('',(-10.,7.62499999999999,71.));
#5523=CARTESIAN_POINT('Origin',(-5.50000000000001,-4.87500000000001,71.));
#5524=CARTESIAN_POINT('',(9.99999999999999,-4.87500000000001,71.));
#5525=CARTESIAN_POINT('Origin',(5.49999999999999,-4.87500000000001,71.));
#5526=CARTESIAN_POINT('',(9.99999999999999,-9.37500000000001,71.));
#5527=CARTESIAN_POINT('Origin',(9.99999999999999,-9.37500000000001,43.));
#5528=CARTESIAN_POINT('',(9.99999999999999,-4.87500000000001,41.25));
#5529=CARTESIAN_POINT('Origin',(-5.50000000000001,-4.87500000000001,41.25));
#5530=CARTESIAN_POINT('',(-10.,-4.87500000000001,41.25));
#5531=CARTESIAN_POINT('Origin',(-10.,7.62499999999999,43.));
#5532=CARTESIAN_POINT('Origin',(5.49999999999999,-4.87500000000001,41.25));
#5533=CARTESIAN_POINT('Origin',(5.49999999999999,-9.37500000000001,43.));
#5534=CARTESIAN_POINT('',(5.49999999999999,-7.12500000000001,36.));
#5535=CARTESIAN_POINT('Origin',(-5.50000000000002,-9.37500000000001,36.));
#5536=CARTESIAN_POINT('',(-5.50000000000002,-7.12500000000001,36.));
#5537=CARTESIAN_POINT('Origin',(-1.55431223447522E-14,-7.12500000000001,
39.5));
#5538=CARTESIAN_POINT('Origin',(2.84987430133617,4.59993054609471,48.));
#5539=CARTESIAN_POINT('',(1.85000000000002,4.62499999999999,66.));
#5540=CARTESIAN_POINT('',(2.84987430133617,4.59993054609471,66.));
#5541=CARTESIAN_POINT('',(1.61603771294483,4.63086604412481,66.));
#5542=CARTESIAN_POINT('',(2.84987430133617,4.59993054609471,48.));
#5543=CARTESIAN_POINT('',(2.84987430133617,4.59993054609471,48.));
#5544=CARTESIAN_POINT('',(1.85000000000002,4.62499999999999,48.));
#5545=CARTESIAN_POINT('',(2.84987430133617,4.59993054609471,48.));
#5546=CARTESIAN_POINT('',(1.85000000000002,4.62499999999999,48.));
#5547=CARTESIAN_POINT('Origin',(0.350000000000019,4.62499999999999,48.));
#5548=CARTESIAN_POINT('',(-2.14999898707126,4.62274952392349,66.));
#5549=CARTESIAN_POINT('Origin',(0.350000000000019,4.62499999999999,66.));
#5550=CARTESIAN_POINT('',(-2.14999898707126,4.62274952392349,48.));
#5551=CARTESIAN_POINT('',(-2.14999898707126,4.62274952392349,48.));
#5552=CARTESIAN_POINT('Origin',(0.350000000000019,4.62499999999999,48.));
#5553=CARTESIAN_POINT('Origin',(-1.14999999999998,4.62499999999999,48.));
#5554=CARTESIAN_POINT('',(-1.14999999999998,4.62499999999999,66.));
#5555=CARTESIAN_POINT('',(-0.401441511595177,4.6266846146764,66.));
#5556=CARTESIAN_POINT('',(-1.14999999999998,4.62499999999999,48.));
#5557=CARTESIAN_POINT('',(-1.14999999999998,4.62499999999999,48.));
#5558=CARTESIAN_POINT('',(-1.14999999999998,4.62499999999999,48.));
#5559=CARTESIAN_POINT('Origin',(0.350000000000019,4.62499999999999,48.));
#5560=CARTESIAN_POINT('Origin',(0.350000000000019,4.62499999999999,66.));
#5561=CARTESIAN_POINT('Origin',(0.350000000000019,4.62499999999999,48.));
#5562=CARTESIAN_POINT('Origin',(0.349937657132452,3.37499999999999,48.));
#5563=CARTESIAN_POINT('Origin',(0.349937657132452,3.37499999999999,66.));
#5564=CARTESIAN_POINT('',(-1.81438197799366E-12,3.77031739162703E-12,-10.5));
#5565=UNCERTAINTY_MEASURE_WITH_UNIT(LENGTH_MEASURE(0.01),#5571,
'DISTANCE_ACCURACY_VALUE',
'Maximum model space distance between geometric entities at asserted c
onnectivities');
#5566=UNCERTAINTY_MEASURE_WITH_UNIT(LENGTH_MEASURE(0.01),#5571,
'DISTANCE_ACCURACY_VALUE',
'Maximum model space distance between geometric entities at asserted c
onnectivities');
#5567=UNCERTAINTY_MEASURE_WITH_UNIT(LENGTH_MEASURE(0.01),#5571,
'DISTANCE_ACCURACY_VALUE',
'Maximum model space distance between geometric entities at asserted c
onnectivities');
#5568=(
GEOMETRIC_REPRESENTATION_CONTEXT(3)
GLOBAL_UNCERTAINTY_ASSIGNED_CONTEXT((#5565))
GLOBAL_UNIT_ASSIGNED_CONTEXT((#5571,#5573,#5574))
REPRESENTATION_CONTEXT('','3D')
);
#5569=(
GEOMETRIC_REPRESENTATION_CONTEXT(3)
GLOBAL_UNCERTAINTY_ASSIGNED_CONTEXT((#5566))
GLOBAL_UNIT_ASSIGNED_CONTEXT((#5571,#5573,#5574))
REPRESENTATION_CONTEXT('','3D')
);
#5570=(
GEOMETRIC_REPRESENTATION_CONTEXT(3)
GLOBAL_UNCERTAINTY_ASSIGNED_CONTEXT((#5567))
GLOBAL_UNIT_ASSIGNED_CONTEXT((#5571,#5573,#5574))
REPRESENTATION_CONTEXT('','3D')
);
#5571=(
LENGTH_UNIT()
NAMED_UNIT(*)
SI_UNIT(.MILLI.,.METRE.)
);
#5572=(
LENGTH_UNIT()
NAMED_UNIT(*)
SI_UNIT($,.METRE.)
);
#5573=(
NAMED_UNIT(*)
PLANE_ANGLE_UNIT()
SI_UNIT($,.RADIAN.)
);
#5574=(
NAMED_UNIT(*)
SI_UNIT($,.STERADIAN.)
SOLID_ANGLE_UNIT()
);
#5575=SHAPE_DEFINITION_REPRESENTATION(#5577,#5580);
#5576=SHAPE_DEFINITION_REPRESENTATION(#5578,#5581);
#5577=PRODUCT_DEFINITION_SHAPE('',$,#5583);
#5578=PRODUCT_DEFINITION_SHAPE('',$,#5584);
#5579=PRODUCT_DEFINITION_SHAPE($,$,#14);
#5580=SHAPE_REPRESENTATION('',(#2975,#3225),#5568);
#5581=SHAPE_REPRESENTATION('',(#2976),#5569);
#5582=PRODUCT_DEFINITION_CONTEXT('part definition',#5590,'design');
#5583=PRODUCT_DEFINITION('2026-07-21-01-01-40-497',
'finger prototype v2',#5585,#5582);
#5584=PRODUCT_DEFINITION('2026-08-04-00-03-25-236','clevis tang',#5586,
#5582);
#5585=PRODUCT_DEFINITION_FORMATION('',$,#5592);
#5586=PRODUCT_DEFINITION_FORMATION('',$,#5593);
#5587=PRODUCT_RELATED_PRODUCT_CATEGORY('finger prototype v2',
'finger prototype v2',(#5592));
#5588=PRODUCT_RELATED_PRODUCT_CATEGORY('clevis tang','clevis tang',(#5593));
#5589=APPLICATION_PROTOCOL_DEFINITION('international standard',
'automotive_design',2009,#5590);
#5590=APPLICATION_CONTEXT(
'Core Data for Automotive Mechanical Design Process');
#5591=PRODUCT_CONTEXT('part definition',#5590,'mechanical');
#5592=PRODUCT('2026-07-21-01-01-40-497','finger prototype v2',$,(#5591));
#5593=PRODUCT('2026-08-04-00-03-25-236','clevis tang',$,(#5591));
#5594=PRESENTATION_STYLE_ASSIGNMENT((#5595));
#5595=SURFACE_STYLE_USAGE(.BOTH.,#5596);
#5596=SURFACE_SIDE_STYLE('',(#5597));
#5597=SURFACE_STYLE_FILL_AREA(#5598);
#5598=FILL_AREA_STYLE('Steel - Satin',(#5599));
#5599=FILL_AREA_STYLE_COLOUR('Steel - Satin',#5600);
#5600=COLOUR_RGB('Steel - Satin',0.627450980392157,0.627450980392157,0.627450980392157);
ENDSEC;
END-ISO-10303-21;
