ISO-10303-21;
HEADER;
FILE_DESCRIPTION (( 'STEP AP214' ),
    '1' );
FILE_NAME ('palm_v1_step.STEP',
    '2026-09-16T14:34:59',
    ( '' ),
    ( '' ),
    'SwSTEP 2.0',
    'SolidWorks 2026',
    '' );
FILE_SCHEMA (( 'AUTOMOTIVE_DESIGN' ));
ENDSEC;

DATA;
#1 = CARTESIAN_POINT ( 'NONE',  ( -25.56370021568289985, -60.08850364132559463, -0.2529074035104686979 ) ) ;
#2 = CARTESIAN_POINT ( 'NONE',  ( -7.635467636035317085, -77.68097998000810378, 29.25913423042995376 ) ) ;
#3 = ORIENTED_EDGE ( 'NONE', *, *, #5706, .F. ) ;
#4 = CIRCLE ( 'NONE', #1004, 2.500000000000002220 ) ;
#5 = PLANE ( 'NONE',  #734 ) ;
#6 = CARTESIAN_POINT ( 'NONE',  ( -22.15985655337502536, -75.21445518355066895, 14.94709603073063953 ) ) ;
#7 = VERTEX_POINT ( 'NONE', #1760 ) ;
#8 = CARTESIAN_POINT ( 'NONE',  ( 21.49077775195246076, -60.21044842030077859, 3.499999999999996003 ) ) ;
#9 = CARTESIAN_POINT ( 'NONE',  ( 16.94314627415916519, -74.68097998000807536, 10.67085501047413487 ) ) ;
#10 = CARTESIAN_POINT ( 'NONE',  ( 7.018082754724229488, -77.68097998000808957, 20.54548031675605557 ) ) ;
#11 = CARTESIAN_POINT ( 'NONE',  ( -36.22357518104757901, 47.86511602732442583, 0.03220820070971208010 ) ) ;
#12 = CARTESIAN_POINT ( 'NONE',  ( 22.09143249191676972, -69.43777919450940317, 18.70460644001931527 ) ) ;
#13 = CARTESIAN_POINT ( 'NONE',  ( 20.26199969574585680, -63.25016876502037633, 4.144878181806888051 ) ) ;
#14 = CARTESIAN_POINT ( 'NONE',  ( 17.12334204847211439, -77.68097998000808957, 11.08030481609445950 ) ) ;
#15 = FACE_OUTER_BOUND ( 'NONE', #2540, .T. ) ;
#16 = CARTESIAN_POINT ( 'NONE',  ( -19.35029129958832073, -64.71120318647541581, 4.265110686613368784 ) ) ;
#17 = CARTESIAN_POINT ( 'NONE',  ( -40.19999999999998863, 50.00000000000000711, 0.000000000000000000 ) ) ;
#18 = LINE ( 'NONE', #7200, #6308 ) ;
#19 = CARTESIAN_POINT ( 'NONE',  ( -16.69887295139411876, -74.68097998000808957, 14.82144251774775512 ) ) ;
#20 = CARTESIAN_POINT ( 'NONE',  ( -38.49999999999999289, 50.00000000000000711, 32.07106781186548261 ) ) ;
#21 = EDGE_LOOP ( 'NONE', ( #674, #1881, #868, #5566, #3510 ) ) ;
#22 = DIRECTION ( 'NONE',  ( -0.000000000000000000, -0.000000000000000000, -1.000000000000000000 ) ) ;
#23 = DIRECTION ( 'NONE',  ( -0.7071067811865471286, 0.000000000000000000, -0.7071067811865479058 ) ) ;
#24 = ADVANCED_FACE ( 'NONE', ( #463 ), #1716, .T. ) ;
#25 = CARTESIAN_POINT ( 'NONE',  ( -7.460633389138650706, -64.72925797676153081, 2.707478998034529294 ) ) ;
#26 = CARTESIAN_POINT ( 'NONE',  ( 22.13333020349537961, -72.53824569640859465, 10.41853363515840236 ) ) ;
#27 = LINE ( 'NONE', #1792, #4086 ) ;
#28 = CARTESIAN_POINT ( 'NONE',  ( -21.11861617424172977, -64.42647446873782258, 20.44003068664438771 ) ) ;
#29 = CARTESIAN_POINT ( 'NONE',  ( -17.13529237767746594, -77.68097998000808957, 11.10748736551046001 ) ) ;
#30 = ORIENTED_EDGE ( 'NONE', *, *, #7709, .F. ) ;
#31 = CARTESIAN_POINT ( 'NONE',  ( 11.91968504268730911, -67.02388922762821721, 22.18759070164546543 ) ) ;
#32 = VERTEX_POINT ( 'NONE', #3526 ) ;
#33 = CARTESIAN_POINT ( 'NONE',  ( -28.68629150101522640, -14.68097998000808957, 16.50000000000000000 ) ) ;
#34 = ORIENTED_EDGE ( 'NONE', *, *, #3838, .T. ) ;
#35 = ADVANCED_FACE ( 'NONE', ( #4670 ), #4542, .T. ) ;
#36 = ADVANCED_FACE ( 'NONE', ( #184 ), #2798, .F. ) ;
#37 = CARTESIAN_POINT ( 'NONE',  ( -25.05894920403238046, -58.40486459085621362, 26.34498742466510990 ) ) ;
#38 = CARTESIAN_POINT ( 'NONE',  ( 45.15457764644591521, 35.40314264424764445, 1.493434110931143755 ) ) ;
#39 = CARTESIAN_POINT ( 'NONE',  ( -14.44428175279539239, -60.08850364132560173, 25.00776252446869563 ) ) ;
#40 = ORIENTED_EDGE ( 'NONE', *, *, #5414, .T. ) ;
#41 = CARTESIAN_POINT ( 'NONE',  ( 48.50000000000001421, -47.11324865405205031, 0.000000000000000000 ) ) ;
#42 = LINE ( 'NONE', #1845, #6962 ) ;
#43 = ORIENTED_EDGE ( 'NONE', *, *, #122, .F. ) ;
#44 = EDGE_CURVE ( 'NONE', #2744, #5602, #293, .T. ) ;
#45 = DIRECTION ( 'NONE',  ( -1.000000000000000000, 0.000000000000000000, 0.000000000000000000 ) ) ;
#46 = CARTESIAN_POINT ( 'NONE',  ( -37.34279739473009840, 47.77880125871114814, 21.27080431685413231 ) ) ;
#47 = ORIENTED_EDGE ( 'NONE', *, *, #5402, .F. ) ;
#48 = CARTESIAN_POINT ( 'NONE',  ( 23.89205702367453199, -62.72378349277124698, 20.50467309258988635 ) ) ;
#49 = CARTESIAN_POINT ( 'NONE',  ( 14.94454481776161003, -74.70721205156766587, 2.644266692864448043 ) ) ;
#50 = CARTESIAN_POINT ( 'NONE',  ( -35.99999999999999289, 50.00000000000000711, 3.499999999999999556 ) ) ;
#51 = CARTESIAN_POINT ( 'NONE',  ( -16.96111408424213352, -74.68097998000810378, 10.71136935902496745 ) ) ;
#52 = CARTESIAN_POINT ( 'NONE',  ( -21.59393509400978317, -68.25385901014449530, 5.691853365837379108 ) ) ;
#53 = PLANE ( 'NONE',  #108 ) ;
#54 = CARTESIAN_POINT ( 'NONE',  ( -6.920907836083364018, -74.68097998000808957, 20.55758294841786693 ) ) ;
#55 = CIRCLE ( 'NONE', #4194, 1.700000000000000178 ) ;
#56 = CARTESIAN_POINT ( 'NONE',  ( -43.49999999999998579, -49.99999999999998579, 12.50000000000000000 ) ) ;
#57 = VERTEX_POINT ( 'NONE', #6809 ) ;
#58 = DIRECTION ( 'NONE',  ( -0.000000000000000000, 1.000000000000000000, -0.000000000000000000 ) ) ;
#59 = CARTESIAN_POINT ( 'NONE',  ( 24.86611085946165645, -58.40486459085619231, 10.26562834597241647 ) ) ;
#60 = CARTESIAN_POINT ( 'NONE',  ( 42.44912001597861462, -41.58805546911109019, 0.2362661543939524045 ) ) ;
#61 = CARTESIAN_POINT ( 'NONE',  ( -9.544904344521778938, -72.45041930633023242, 1.246468439089978064 ) ) ;
#62 = LINE ( 'NONE', #731, #3230 ) ;
#63 = FACE_OUTER_BOUND ( 'NONE', #5521, .T. ) ;
#64 = CARTESIAN_POINT ( 'NONE',  ( -17.67205243912765056, -67.65029723824262931, 20.85911970917134539 ) ) ;
#65 = CARTESIAN_POINT ( 'NONE',  ( -3.542648928175877288, -74.68097998000808957, 3.848670233493412418 ) ) ;
#66 = CARTESIAN_POINT ( 'NONE',  ( 16.49520037808108697, -63.80364293305017043, 21.28973416611061253 ) ) ;
#67 = VERTEX_POINT ( 'NONE', #7484 ) ;
#68 = CARTESIAN_POINT ( 'NONE',  ( -16.06493252481537937, -77.68097998000808957, -1.279037226550271855 ) ) ;
#69 = CARTESIAN_POINT ( 'NONE',  ( -24.94317924871467795, -58.40486459085620652, 21.44258561650556061 ) ) ;
#70 = AXIS2_PLACEMENT_3D ( 'NONE', #6423, #5797, #2832 ) ;
#71 = CARTESIAN_POINT ( 'NONE',  ( -25.92971761545421572, -78.57975569811023320, 14.29112581168903873 ) ) ;
#72 = CARTESIAN_POINT ( 'NONE',  ( -10.60879064121277793, -78.46065648618760235, 28.71540431614764088 ) ) ;
#73 = DIRECTION ( 'NONE',  ( -0.000000000000000000, 0.000000000000000000, -1.000000000000000000 ) ) ;
#74 = EDGE_CURVE ( 'NONE', #2110, #6359, #6629, .T. ) ;
#75 = ADVANCED_FACE ( 'NONE', ( #5632 ), #2657, .T. ) ;
#76 = ORIENTED_EDGE ( 'NONE', *, *, #4320, .F. ) ;
#77 = B_SPLINE_CURVE_WITH_KNOTS ( 'NONE', 3,
 ( #7191, #1812, #4205, #639, #3034, #5423, #2441, #4836, #7229, #1260, #3657, #3072, #3841, #2670, #7383, #306, #270, #3219, #7454, #3884, #6305, #6902 ),
 .UNSPECIFIED., .F., .F.,
 ( 4, 2, 2, 2, 2, 2, 2, 2, 2, 2, 4 ),
 ( 0.000000000000000000, 0.001591449465601114943, 0.002387174198401669813, 0.003182898931202225116, 0.004774348396803335288, 0.006365797862404445895, 0.007957247328005557369, 0.008752972060806116575, 0.009548696793606677516, 0.01114014625920780634, 0.01273159572480893689 ),
 .UNSPECIFIED. ) ;
#78 = CARTESIAN_POINT ( 'NONE',  ( 12.36694661346250612, -77.68097998000808957, 18.54794120696523763 ) ) ;
#79 = CARTESIAN_POINT ( 'NONE',  ( -21.51792626048056079, -61.32458856655829038, 19.79675223043161481 ) ) ;
#80 = ORIENTED_EDGE ( 'NONE', *, *, #7685, .F. ) ;
#81 = CARTESIAN_POINT ( 'NONE',  ( -28.68629150101522640, -22.68097998000808957, 8.499999999999998224 ) ) ;
#82 = CARTESIAN_POINT ( 'NONE',  ( 16.93884107035009379, -74.68097998000808957, 10.66119856178070435 ) ) ;
#83 = CARTESIAN_POINT ( 'NONE',  ( -40.09320149786615417, -44.91207059725916650, 1.450000000000001732 ) ) ;
#84 =( NAMED_UNIT ( * ) PLANE_ANGLE_UNIT ( ) SI_UNIT ( $, .RADIAN. ) );
#85 = EDGE_CURVE ( 'NONE', #3442, #4353, #2102, .T. ) ;
#86 = VERTEX_POINT ( 'NONE', #3282 ) ;
#87 = CARTESIAN_POINT ( 'NONE',  ( 22.68280733128546345, -65.45736882400019852, 19.76324829489254853 ) ) ;
#88 = CARTESIAN_POINT ( 'NONE',  ( 15.14209366962184156, -69.34872530492872045, 3.330733884462273586 ) ) ;
#89 = CARTESIAN_POINT ( 'NONE',  ( -4.419071297123816855, -77.68097998000808957, 3.963485450298333657 ) ) ;
#90 = CARTESIAN_POINT ( 'NONE',  ( 45.00000000000000000, 33.00000000000000711, 17.50000000000000000 ) ) ;
#91 = CARTESIAN_POINT ( 'NONE',  ( -36.91997221243714478, -46.90093244955306773, 0.1260308235419630163 ) ) ;
#92 = DIRECTION ( 'NONE',  ( -1.000000000000000000, 0.000000000000000000, 0.000000000000000000 ) ) ;
#93 = CARTESIAN_POINT ( 'NONE',  ( -3.447648144306207918, -77.68097998000808957, 21.21224322138780138 ) ) ;
#94 = CARTESIAN_POINT ( 'NONE',  ( 21.53547676668731725, -62.62909853906165125, 20.83851922621300190 ) ) ;
#95 = B_SPLINE_CURVE_WITH_KNOTS ( 'NONE', 3,
 ( #3186, #5063, #7458, #4512 ),
 .UNSPECIFIED., .F., .F.,
 ( 4, 4 ),
 ( 0.000000000000000000, 0.001524608330382710986 ),
 .UNSPECIFIED. ) ;
#96 = ORIENTED_EDGE ( 'NONE', *, *, #4536, .F. ) ;
#97 = CARTESIAN_POINT ( 'NONE',  ( 45.00000000000000000, 33.00000000000000711, 17.50000000000000000 ) ) ;
#98 = CARTESIAN_POINT ( 'NONE',  ( 41.87284245155842655, -46.89798796427945149, 21.50000000000000000 ) ) ;
#99 = CARTESIAN_POINT ( 'NONE',  ( 25.08282398096125831, -77.68097998000807536, 17.20009727132843125 ) ) ;
#100 = CARTESIAN_POINT ( 'NONE',  ( -10.72991679976136048, -65.80485113131311437, 2.817763656496435232 ) ) ;
#101 = CARTESIAN_POINT ( 'NONE',  ( -12.02346287270559344, -41.57723895259432112, 25.00000000000000000 ) ) ;
#102 = CARTESIAN_POINT ( 'NONE',  ( 25.99999999999999645, -74.68097998000808957, 13.53429071612318424 ) ) ;
#103 = VECTOR ( 'NONE', #5776, 1000.000000000000000 ) ;
#104 = CARTESIAN_POINT ( 'NONE',  ( -18.19431433158284861, -75.63203541726119283, 20.52709593518233433 ) ) ;
#105 = CARTESIAN_POINT ( 'NONE',  ( -9.539679826134229046, -74.68097998000808957, 5.201381551879559417 ) ) ;
#106 = CARTESIAN_POINT ( 'NONE',  ( 14.21908382397405468, -69.45547048402657708, 21.96079395297361714 ) ) ;
#107 = ORIENTED_EDGE ( 'NONE', *, *, #6196, .T. ) ;
#108 = AXIS2_PLACEMENT_3D ( 'NONE', #166, #6718, #2561 ) ;
#109 = CARTESIAN_POINT ( 'NONE',  ( 40.50000000000000000, 35.96046863561493012, 0.000000000000000000 ) ) ;
#110 = CARTESIAN_POINT ( 'NONE',  ( -24.60084272001516936, -77.68097998000808957, 18.16405979322060915 ) ) ;
#111 = CARTESIAN_POINT ( 'NONE',  ( 10.06553689499127202, -60.55867118170122154, 3.548534833663580468 ) ) ;
#112 = CARTESIAN_POINT ( 'NONE',  ( 22.01627518401574690, -69.56051038901819084, 12.50000000000000178 ) ) ;
#113 = CARTESIAN_POINT ( 'NONE',  ( 2.047426502804879700, -60.08850364132558752, 24.82904850786074391 ) ) ;
#114 = VECTOR ( 'NONE', #4928, 1000.000000000000000 ) ;
#115 = CARTESIAN_POINT ( 'NONE',  ( -25.42915365090140511, -77.68097998000810378, 16.26758448493341191 ) ) ;
#116 = ORIENTED_EDGE ( 'NONE', *, *, #4581, .T. ) ;
#117 = CARTESIAN_POINT ( 'NONE',  ( 11.17054101212927542, -74.68097998000808957, 19.13247705448230462 ) ) ;
#118 = VECTOR ( 'NONE', #7020, 999.9999999999998863 ) ;
#119 = CARTESIAN_POINT ( 'NONE',  ( 40.50000000000000000, 40.00000000000000711, 0.000000000000000000 ) ) ;
#120 = ORIENTED_EDGE ( 'NONE', *, *, #6377, .F. ) ;
#121 = DIRECTION ( 'NONE',  ( -0.000000000000000000, -0.000000000000000000, -1.000000000000000000 ) ) ;
#122 = EDGE_CURVE ( 'NONE', #2902, #3724, #7626, .T. ) ;
#123 = EDGE_CURVE ( 'NONE', #5678, #493, #1124, .T. ) ;
#124 = CARTESIAN_POINT ( 'NONE',  ( 16.94480386407143513, -74.68097998000808957, 10.67457818950632564 ) ) ;
#125 = CARTESIAN_POINT ( 'NONE',  ( -40.03534546830282892, 49.13522193679118288, 1.409428335625810824 ) ) ;
#126 = VECTOR ( 'NONE', #6517, 1000.000000000000000 ) ;
#127 = CARTESIAN_POINT ( 'NONE',  ( 22.18281483921535724, -71.98837970976140355, 17.75620488863780011 ) ) ;
#128 = CARTESIAN_POINT ( 'NONE',  ( -36.94593255341830229, 51.96465593492390411, 3.611116469890113478 ) ) ;
#129 = ADVANCED_FACE ( 'NONE', ( #4101 ), #7008, .T. ) ;
#130 = CARTESIAN_POINT ( 'NONE',  ( -17.26099663365021186, -74.68097998000810378, 11.39341774375057703 ) ) ;
#131 = CARTESIAN_POINT ( 'NONE',  ( -36.79999999999998295, -44.31902001999193175, 12.50000000000000000 ) ) ;
#132 = CARTESIAN_POINT ( 'NONE',  ( 25.65897025554845712, -77.20986595498888505, 9.655499843195412879 ) ) ;
#133 = CARTESIAN_POINT ( 'NONE',  ( 22.16687723080956829, -72.12074518451312599, 12.49999999999998579 ) ) ;
#134 = DIRECTION ( 'NONE',  ( 0.000000000000000000, 0.000000000000000000, 1.000000000000000000 ) ) ;
#135 = ORIENTED_EDGE ( 'NONE', *, *, #3343, .T. ) ;
#136 = CARTESIAN_POINT ( 'NONE',  ( 41.00000000000000711, 34.67391381385331073, 21.50000000000000000 ) ) ;
#137 = CARTESIAN_POINT ( 'NONE',  ( 24.62304033231383116, -78.57975569811021899, 17.71604793273155565 ) ) ;
#138 = CARTESIAN_POINT ( 'NONE',  ( 24.64196912394495342, -77.68097998000808957, 18.08180698536104458 ) ) ;
#139 = CARTESIAN_POINT ( 'NONE',  ( -13.10926307948654213, -60.21757473479338785, 3.520503570081718436 ) ) ;
#140 = CARTESIAN_POINT ( 'NONE',  ( 25.65675476115115572, -77.68097998000808957, 15.33428754590540244 ) ) ;
#141 = CARTESIAN_POINT ( 'NONE',  ( 4.932654410398797928, -74.68097998000810378, 25.17181357731005065 ) ) ;
#142 = CARTESIAN_POINT ( 'NONE',  ( -19.35926881383687004, -72.71731392693229168, 19.75625551084268494 ) ) ;
#143 = CARTESIAN_POINT ( 'NONE',  ( -4.419071297123816855, -77.68097998000808957, 3.963485450298333657 ) ) ;
#144 = CARTESIAN_POINT ( 'NONE',  ( 15.14209366962194103, -69.34872530492887677, 21.66926611553770599 ) ) ;
#145 = ORIENTED_EDGE ( 'NONE', *, *, #1897, .F. ) ;
#146 = CARTESIAN_POINT ( 'NONE',  ( 41.55286334169137064, 37.39206216142596872, 0.06877356328560732535 ) ) ;
#147 = CARTESIAN_POINT ( 'NONE',  ( -25.00000000000000000, -60.68097998000807536, 25.19434969769170962 ) ) ;
#148 = EDGE_CURVE ( 'NONE', #3085, #3973, #4879, .T. ) ;
#149 = CARTESIAN_POINT ( 'NONE',  ( 5.472419390552169638, -66.13061731726736525, 2.225557779258309665 ) ) ;
#150 = DIRECTION ( 'NONE',  ( 0.8571673007021104462, 1.049727191138616354E-16, -0.5150380749100574862 ) ) ;
#151 = CARTESIAN_POINT ( 'NONE',  ( -15.66787898838768811, -78.46065648618757393, 26.66206494587440190 ) ) ;
#152 = AXIS2_PLACEMENT_3D ( 'NONE', #4811, #1665, #7127 ) ;
#153 = CARTESIAN_POINT ( 'NONE',  ( -36.55720157958153749, -41.92416494995737253, 0.06934676724655064461 ) ) ;
#154 = ORIENTED_EDGE ( 'NONE', *, *, #386, .T. ) ;
#155 = VECTOR ( 'NONE', #5557, 1000.000000000000000 ) ;
#156 = CARTESIAN_POINT ( 'NONE',  ( 17.57257356311983187, -74.68097998000808957, 12.89786075271126187 ) ) ;
#157 = FACE_OUTER_BOUND ( 'NONE', #4241, .T. ) ;
#158 = VERTEX_POINT ( 'NONE', #5986 ) ;
#159 = PLANE ( 'NONE',  #3375 ) ;
#160 = CARTESIAN_POINT ( 'NONE',  ( 10.66813238574225409, -77.69904329675881627, 33.96922468514760141 ) ) ;
#161 = DIRECTION ( 'NONE',  ( -0.000000000000000000, -0.000000000000000000, -1.000000000000000000 ) ) ;
#162 = CARTESIAN_POINT ( 'NONE',  ( -19.88701745122055797, -74.68097998000808957, 5.815151382808955383 ) ) ;
#163 = CARTESIAN_POINT ( 'NONE',  ( 8.622716828144502799, -77.68097998000808957, 4.897973167114450632 ) ) ;
#164 = CARTESIAN_POINT ( 'NONE',  ( -17.04070498758162699, -74.68097998000808957, 10.89234606932126503 ) ) ;
#165 = CARTESIAN_POINT ( 'NONE',  ( -23.47651897361858531, -65.32131658112361094, 5.409134992954714782 ) ) ;
#166 = CARTESIAN_POINT ( 'NONE',  ( 46.75000000000003553, -44.08215974080651023, 25.00000000000000000 ) ) ;
#167 = DIRECTION ( 'NONE',  ( -1.000000000000000000, 0.000000000000000000, 0.000000000000000000 ) ) ;
#168 = EDGE_CURVE ( 'NONE', #7541, #341, #3120, .T. ) ;
#169 = EDGE_CURVE ( 'NONE', #5277, #7427, #7074, .T. ) ;
#170 = CARTESIAN_POINT ( 'NONE',  ( -28.68629150101522640, -14.68097998000808957, 8.499999999999998224 ) ) ;
#171 = ORIENTED_EDGE ( 'NONE', *, *, #4695, .F. ) ;
#172 = CARTESIAN_POINT ( 'NONE',  ( -43.49999999999998579, -49.99999999999998579, 17.00000000000000000 ) ) ;
#173 = DIRECTION ( 'NONE',  ( 0.000000000000000000, 0.000000000000000000, 1.000000000000000000 ) ) ;
#174 = CARTESIAN_POINT ( 'NONE',  ( -12.57260239942579894, -64.28997208145563036, 3.235644028971024433 ) ) ;
#175 = DIRECTION ( 'NONE',  ( -0.000000000000000000, -0.000000000000000000, -1.000000000000000000 ) ) ;
#176 = CARTESIAN_POINT ( 'NONE',  ( -12.61944796579872374, -74.68097998000810378, 23.32716269394336095 ) ) ;
#177 = CARTESIAN_POINT ( 'NONE',  ( 41.00000000000000711, -41.57723895259431401, 3.500000000000000000 ) ) ;
#178 = CARTESIAN_POINT ( 'NONE',  ( -12.09388970174424749, -60.33425290269605767, 21.46791384707757189 ) ) ;
#179 = EDGE_CURVE ( 'NONE', #3368, #3514, #4568, .T. ) ;
#180 = CARTESIAN_POINT ( 'NONE',  ( 11.89271580238554193, -77.68097998000808957, 6.208465292192633100 ) ) ;
#181 = CARTESIAN_POINT ( 'NONE',  ( 14.55592638336466926, -64.06082949571727170, 21.52635791771855267 ) ) ;
#182 = ORIENTED_EDGE ( 'NONE', *, *, #169, .T. ) ;
#183 = CARTESIAN_POINT ( 'NONE',  ( 14.30685850671820702, -77.68097998000808957, -2.130486135708939965 ) ) ;
#184 = FACE_OUTER_BOUND ( 'NONE', #6595, .T. ) ;
#185 = CARTESIAN_POINT ( 'NONE',  ( 2.483281994197171993, -72.64618826983125643, 0.1830806995233896506 ) ) ;
#186 = CARTESIAN_POINT ( 'NONE',  ( 22.27594339145248270, -73.97486991544273849, 12.49999999999999289 ) ) ;
#187 = CARTESIAN_POINT ( 'NONE',  ( 23.96113957846803544, -78.46065648618760235, 19.15036738369987290 ) ) ;
#188 = LINE ( 'NONE', #1880, #6508 ) ;
#189 = VERTEX_POINT ( 'NONE', #4737 ) ;
#190 = B_SPLINE_SURFACE_WITH_KNOTS ( 'NONE', 3, 1, ( 
 ( #509, #6981, #5219, #6463 ),
 ( #2907, #1175, #2238, #4633 ),
 ( #7022, #3570, #7696, #2316 ),
 ( #4711, #2355, #4039, #1058 ),
 ( #7144, #1680, #7101, #4119 ),
 ( #3530, #7736, #5921, #551 ),
 ( #1765, #5962, #1602, #591 ),
 ( #5181, #467, #7656, #7580 ),
 ( #2870, #2278, #2201, #5257 ),
 ( #4002, #6388, #4673, #1023 ),
 ( #3412, #1956, #5417, #39 ),
 ( #4348, #6665, #1879, #7260 ),
 ( #151, #3611, #6002, #4275 ),
 ( #4864, #1287, #7300, #5486 ),
 ( #5526, #1323, #1916, #4827 ),
 ( #72, #3140, #4905, #7221 ),
 ( #2398, #2, #2434, #3651 ),
 ( #2467, #631, #3688, #4311 ),
 ( #3065, #6074, #6038, #5450 ),
 ( #1842, #2545, #708, #6701 ),
 ( #3722, #3099, #4236, #4945 ),
 ( #4198, #7339, #6106, #113 ),
 ( #1216, #744, #6628, #6738 ),
 ( #1360, #3028, #5374, #1254 ),
 ( #6590, #670, #7182, #3764 ),
 ( #6143, #2987, #2509, #4790 ),
 ( #1804, #7444, #6776, #7488 ),
 ( #222, #4454, #894, #3327 ),
 ( #7375, #2701, #5130, #3873 ),
 ( #2151, #857, #2107, #1396 ),
 ( #4497, #3176, #6296, #6849 ),
 ( #2661, #4980, #339, #6812 ),
 ( #2066, #6257, #5674, #7409 ),
 ( #3286, #6893, #1432, #297 ),
 ( #187, #818, #1512, #1553 ),
 ( #4537, #3213, #5597, #6933 ),
 ( #5561, #3913, #932, #5715 ),
 ( #2742, #3800, #6179, #2584 ),
 ( #1990, #2622, #5014, #2028 ),
 ( #4417, #4663, #1089, #7569 ) ),
 .UNSPECIFIED., .F., .F., .F.,
 ( 4, 3, 2, 2, 2, 2, 2, 2, 2, 2, 2, 2, 2, 2, 2, 2, 2, 3, 4 ),
 ( 2, 1, 1, 2 ),
 ( -0.01076716973520723715, 0.000000000000000000, 0.06249999999999990286, 0.1249999999999998057, 0.1874999999999997224, 0.2499999999999996114, 0.3124999999999996669, 0.3749999999999997224, 0.4374999999999998335, 0.4999999999999998890, 0.5624999999999998890, 0.6249999999999998890, 0.6874999999999998890, 0.7499999999999998890, 0.8125000000000000000, 0.8750000000000000000, 0.9375000000000000000, 1.000000000000000000, 1.010767169735208526 ),
 ( -0.04586332389291247064, 0.000000000000000000, 1.000000000000000000, 1.034851549334264043 ),
 .UNSPECIFIED. ) ;
#191 = CARTESIAN_POINT ( 'NONE',  ( 16.77618712260964884, -77.68097998000808957, 14.68277962994319985 ) ) ;
#193 = CARTESIAN_POINT ( 'NONE',  ( -2.372433802662502700, -61.18497540003683355, 21.49999999999998934 ) ) ;
#192 = VECTOR ( 'NONE', #3294, 1000.000000000000000 ) ;
#194 = ORIENTED_EDGE ( 'NONE', *, *, #6982, .T. ) ;
#195 = AXIS2_PLACEMENT_3D ( 'NONE', #1573, #7466, #5188 ) ;
#196 = CARTESIAN_POINT ( 'NONE',  ( 44.80020500600675604, 37.13625207257719296, 18.75834271537713249 ) ) ;
#197 = DIRECTION ( 'NONE',  ( -0.000000000000000000, -0.000000000000000000, -1.000000000000000000 ) ) ;
#198 = VECTOR ( 'NONE', #1144, 1000.000000000000000 ) ;
#199 = CARTESIAN_POINT ( 'NONE',  ( 21.23287851237443746, -74.68097998000806115, 2.400147823038478734 ) ) ;
#200 = CARTESIAN_POINT ( 'NONE',  ( -39.80020500600674893, 52.13625207257718586, 6.241657284622867508 ) ) ;
#201 = CARTESIAN_POINT ( 'NONE',  ( -16.89690286744915682, -74.68097998000808957, 10.56772399600014367 ) ) ;
#202 = DIRECTION ( 'NONE',  ( 0.000000000000000000, 0.000000000000000000, 1.000000000000000000 ) ) ;
#203 = CARTESIAN_POINT ( 'NONE',  ( 43.50000000000000711, 35.00000000000000711, 0.000000000000000000 ) ) ;
#204 = DIRECTION ( 'NONE',  ( -0.000000000000000000, -0.000000000000000000, -1.000000000000000000 ) ) ;
#205 = DIRECTION ( 'NONE',  ( 0.000000000000000000, 0.000000000000000000, 1.000000000000000000 ) ) ;
#206 = VERTEX_POINT ( 'NONE', #7128 ) ;
#207 = CARTESIAN_POINT ( 'NONE',  ( 43.24592553799990213, -41.66318175202810181, 0.4848374605513445790 ) ) ;
#208 = CARTESIAN_POINT ( 'NONE',  ( -12.28334177505666069, -76.22665996389861220, 1.216285252232980341 ) ) ;
#209 = CARTESIAN_POINT ( 'NONE',  ( 10.66813238574208178, -77.69904329675864574, -8.969224685147477061 ) ) ;
#210 = EDGE_CURVE ( 'NONE', #392, #2735, #5946, .T. ) ;
#211 = CARTESIAN_POINT ( 'NONE',  ( 44.62570346583773073, 37.23363532189350167, 5.803240654089904638 ) ) ;
#212 = CARTESIAN_POINT ( 'NONE',  ( -16.39162555192604742, -62.47835174388004731, 21.36267265781824420 ) ) ;
#213 = CARTESIAN_POINT ( 'NONE',  ( 6.057925242327780069, -77.68097998000808957, 4.250739765659842462 ) ) ;
#214 = CARTESIAN_POINT ( 'NONE',  ( 17.51257824588245526, -75.73889334648934835, 21.01963085587286884 ) ) ;
#215 = ORIENTED_EDGE ( 'NONE', *, *, #1653, .F. ) ;
#216 = CARTESIAN_POINT ( 'NONE',  ( 21.84978241376886388, -77.68097998000808957, 3.014867397376943536 ) ) ;
#217 = CARTESIAN_POINT ( 'NONE',  ( -26.05286915988835617, -78.57975569811024741, 13.39560750896158936 ) ) ;
#218 = CARTESIAN_POINT ( 'NONE',  ( 3.076965311743850684, -62.33183625387479054, 3.173644006424887642 ) ) ;
#219 = VECTOR ( 'NONE', #4147, 1000.000000000000000 ) ;
#220 = EDGE_CURVE ( 'NONE', #189, #6854, #5294, .T. ) ;
#221 = CARTESIAN_POINT ( 'NONE',  ( 22.15985655337502180, -75.21445518355101001, 14.94709603073061110 ) ) ;
#222 = CARTESIAN_POINT ( 'NONE',  ( 15.66787898838769344, -78.46065648618760235, 26.66206494587440545 ) ) ;
#223 = CARTESIAN_POINT ( 'NONE',  ( 42.61880735090973360, -42.65557230157635615, 21.16081040207497566 ) ) ;
#224 = VERTEX_POINT ( 'NONE', #2566 ) ;
#225 = CIRCLE ( 'NONE', #3239, 1.700000000000000178 ) ;
#226 = CARTESIAN_POINT ( 'NONE',  ( 16.18451032361781472, -74.68097998000808957, 15.58668532851837440 ) ) ;
#227 = CARTESIAN_POINT ( 'NONE',  ( -39.99999999999999289, 55.00000000000000711, 12.50000000000000000 ) ) ;
#228 = ORIENTED_EDGE ( 'NONE', *, *, #1654, .T. ) ;
#229 = CARTESIAN_POINT ( 'NONE',  ( 43.56706622681630137, 37.50194933155760424, 20.57180368837161311 ) ) ;
#230 = CARTESIAN_POINT ( 'NONE',  ( -10.46332772291167501, -77.68097998000806115, -3.552475960547269995 ) ) ;
#231 = CARTESIAN_POINT ( 'NONE',  ( -38.43933072484645663, 47.49723695952854285, 20.67423107032475826 ) ) ;
#232 = B_SPLINE_CURVE_WITH_KNOTS ( 'NONE', 3,
 ( #7238, #6753, #5465, #3739 ),
 .UNSPECIFIED., .F., .F.,
 ( 4, 4 ),
 ( 0.5000000000000000000, 0.7506793545368227738 ),
 .UNSPECIFIED. ) ;
#233 = CARTESIAN_POINT ( 'NONE',  ( 25.59344066623103942, -77.68097998000808957, 9.417352158021625286 ) ) ;
#234 = EDGE_LOOP ( 'NONE', ( #531, #5753, #3746, #2027 ) ) ;
#235 = CIRCLE ( 'NONE', #1468, 1.700000000000000178 ) ;
#236 = CARTESIAN_POINT ( 'NONE',  ( -9.903622830633146634, -74.68097998000807536, -2.925568438097754242 ) ) ;
#237 = LINE ( 'NONE', #6867, #7261 ) ;
#238 = CARTESIAN_POINT ( 'NONE',  ( -6.058253791800229493, -74.68097998000807536, 4.252846541938990477 ) ) ;
#239 = EDGE_CURVE ( 'NONE', #1373, #4040, #4297, .T. ) ;
#240 = LINE ( 'NONE', #4363, #7675 ) ;
#241 = VECTOR ( 'NONE', #2306, 1000.000000000000000 ) ;
#242 = DIRECTION ( 'NONE',  ( 0.000000000000000000, -1.000000000000000000, 0.000000000000000000 ) ) ;
#243 = CARTESIAN_POINT ( 'NONE',  ( 24.75480636822037184, -77.68097998000808957, 7.143867503189789581 ) ) ;
#244 = ORIENTED_EDGE ( 'NONE', *, *, #6300, .T. ) ;
#245 = CARTESIAN_POINT ( 'NONE',  ( 41.87284245155842655, -46.89798796427944438, 12.50000000000000000 ) ) ;
#246 = CARTESIAN_POINT ( 'NONE',  ( 24.49313816524955811, -78.57975569811021899, 7.054973048864425778 ) ) ;
#247 = CARTESIAN_POINT ( 'NONE',  ( 24.49313816524955811, -78.57975569811021899, 7.054973048864425778 ) ) ;
#248 = CARTESIAN_POINT ( 'NONE',  ( -9.531031648861272743, -64.57767807472302479, 2.902482752562507873 ) ) ;
#249 = CARTESIAN_POINT ( 'NONE',  ( 41.00000000000000711, -41.57723895259431401, 7.500000000000000000 ) ) ;
#250 = LINE ( 'NONE', #2096, #1814 ) ;
#251 = CARTESIAN_POINT ( 'NONE',  ( -15.14362717295567862, -76.01553879346279530, 22.46253710267943760 ) ) ;
#252 = CARTESIAN_POINT ( 'NONE',  ( 17.12334204847211439, -74.68097998000808957, 11.08030481609445950 ) ) ;
#253 = CARTESIAN_POINT ( 'NONE',  ( 21.29784547859679833, -59.19680096853775098, 21.77429746288994039 ) ) ;
#254 = ORIENTED_EDGE ( 'NONE', *, *, #2477, .T. ) ;
#255 = CARTESIAN_POINT ( 'NONE',  ( 25.59826332794542125, -74.68097998000808957, 9.435546880697581074 ) ) ;
#256 = CARTESIAN_POINT ( 'NONE',  ( -21.43064860050461107, -58.54923741320743602, 4.473290292038403670 ) ) ;
#257 = CARTESIAN_POINT ( 'NONE',  ( 6.825151676534364498, -68.66506452937782967, 1.708124819116784598 ) ) ;
#258 = CARTESIAN_POINT ( 'NONE',  ( -7.781211056619573796, -74.68097998000807536, 20.37901315538778135 ) ) ;
#259 = CARTESIAN_POINT ( 'NONE',  ( 21.50891913036295833, -70.74279990588878775, 19.32035157223146271 ) ) ;
#260 = CARTESIAN_POINT ( 'NONE',  ( 42.76058957307552788, -42.60752996012725191, 21.09519741299278195 ) ) ;
#261 = FACE_BOUND ( 'NONE', #2776, .T. ) ;
#262 = VERTEX_POINT ( 'NONE', #6685 ) ;
#263 = EDGE_CURVE ( 'NONE', #7427, #3365, #2321, .T. ) ;
#264 = EDGE_CURVE ( 'NONE', #4389, #4910, #6723, .T. ) ;
#265 = ORIENTED_EDGE ( 'NONE', *, *, #1409, .F. ) ;
#266 = CARTESIAN_POINT ( 'NONE',  ( 44.68675562938401669, 33.40857202510637336, 1.181360439751168778 ) ) ;
#267 = VERTEX_POINT ( 'NONE', #172 ) ;
#268 = CARTESIAN_POINT ( 'NONE',  ( 16.28415423009058571, -61.15498946782336986, 3.549207920918573400 ) ) ;
#269 = VECTOR ( 'NONE', #2901, 1000.000000000000000 ) ;
#270 = CARTESIAN_POINT ( 'NONE',  ( -42.76651485323699120, 55.23604424990248418, 4.643347400835692973 ) ) ;
#271 = CARTESIAN_POINT ( 'NONE',  ( -13.54166666666666785, -60.68097998000806825, 0.000000000000000000 ) ) ;
#272 = CARTESIAN_POINT ( 'NONE',  ( -39.40131949302671188, 47.66624088712598706, 19.61094763098920168 ) ) ;
#273 = ORIENTED_EDGE ( 'NONE', *, *, #6164, .T. ) ;
#274 = ADVANCED_FACE ( 'NONE', ( #1307 ), #2494, .F. ) ;
#275 = CARTESIAN_POINT ( 'NONE',  ( -21.21969041963356517, -74.68097998000808957, 2.390016250204251680 ) ) ;
#276 = CYLINDRICAL_SURFACE ( 'NONE', #2367, 1.499999999999999556 ) ;
#277 = CARTESIAN_POINT ( 'NONE',  ( -10.46381376619620340, -74.68097998000808957, 5.571206713197589089 ) ) ;
#278 = CARTESIAN_POINT ( 'NONE',  ( -5.472419390552245133, -66.13061731726749315, 22.77444222074171876 ) ) ;
#279 = CARTESIAN_POINT ( 'NONE',  ( -40.19999999999946994, 50.20365789956878189, 1.526206676143816443 ) ) ;
#280 = DIRECTION ( 'NONE',  ( -1.000000000000000000, 0.000000000000000000, 0.000000000000000000 ) ) ;
#281 = CARTESIAN_POINT ( 'NONE',  ( 24.31447694444712226, -77.68097998000808957, 6.263208655643290435 ) ) ;
#282 = ORIENTED_EDGE ( 'NONE', *, *, #3631, .F. ) ;
#283 = CARTESIAN_POINT ( 'NONE',  ( 20.75438224076945914, -69.74201985475694698, 5.648259332032803393 ) ) ;
#284 = DIRECTION ( 'NONE',  ( -0.4999999999999948375, 0.8660254037844417052, 0.000000000000000000 ) ) ;
#285 = CARTESIAN_POINT ( 'NONE',  ( 25.00000000000000000, -60.68097998000806825, 10.41666666666668917 ) ) ;
#286 = CARTESIAN_POINT ( 'NONE',  ( -17.98824709115315912, -72.97375503990751611, 4.404245858940754488 ) ) ;
#287 = CARTESIAN_POINT ( 'NONE',  ( -43.28867024858912771, 55.06863694924784625, 18.84574687058012188 ) ) ;
#288 = CARTESIAN_POINT ( 'NONE',  ( -38.49999999999998579, 50.00000000000000711, 1.450000000000001732 ) ) ;
#289 = CARTESIAN_POINT ( 'NONE',  ( 45.00000000000000000, 42.48381121475496514, 12.50000000000000000 ) ) ;
#290 = CARTESIAN_POINT ( 'NONE',  ( 21.14947223478090166, -72.28943878771947595, 18.52927521784590681 ) ) ;
#291 = VERTEX_POINT ( 'NONE', #728 ) ;
#292 = CARTESIAN_POINT ( 'NONE',  ( -8.499666697446190966, -77.68097998000810378, 29.05449466519476331 ) ) ;
#293 = LINE ( 'NONE', #6252, #984 ) ;
#294 = CARTESIAN_POINT ( 'NONE',  ( 5.021177491593257436, -60.96008614159772065, 3.540064226914271472 ) ) ;
#295 = CARTESIAN_POINT ( 'NONE',  ( -17.74748603729677754, -74.68097998000808957, 12.50000000000004974 ) ) ;
#296 = CARTESIAN_POINT ( 'NONE',  ( 21.98138733961769020, -69.75614079734599215, 14.99583472116932370 ) ) ;
#297 = CARTESIAN_POINT ( 'NONE',  ( 20.75962482619189231, -60.08850364132558752, 25.14775112904507992 ) ) ;
#298 = CARTESIAN_POINT ( 'NONE',  ( 41.94593255341830229, -43.03534406507609589, 21.38888353010989363 ) ) ;
#299 = FACE_OUTER_BOUND ( 'NONE', #6067, .T. ) ;
#300 = ORIENTED_EDGE ( 'NONE', *, *, #802, .T. ) ;
#301 = CARTESIAN_POINT ( 'NONE',  ( 8.089018239127216958, -69.91397567847445771, 23.43399030695279706 ) ) ;
#302 = ORIENTED_EDGE ( 'NONE', *, *, #3676, .F. ) ;
#303 = FILL_AREA_STYLE ('',( #4669 ) ) ;
#304 = VERTEX_POINT ( 'NONE', #98 ) ;
#305 = CARTESIAN_POINT ( 'NONE',  ( 14.39181443285369966, -70.77071686628289626, 2.945879232704893713 ) ) ;
#306 = CARTESIAN_POINT ( 'NONE',  ( -42.65198497835088887, 55.27237010267902662, 4.405650348145027984 ) ) ;
#307 = CARTESIAN_POINT ( 'NONE',  ( -21.20681151644157936, -78.46065648618755972, 2.300147199530602204 ) ) ;
#308 = EDGE_CURVE ( 'NONE', #4963, #392, #654, .T. ) ;
#309 = CARTESIAN_POINT ( 'NONE',  ( 21.23287851237443746, -74.68097998000806115, 2.400147823038478734 ) ) ;
#310 = EDGE_CURVE ( 'NONE', #6854, #4810, #6023, .T. ) ;
#311 = EDGE_LOOP ( 'NONE', ( #7404, #182, #1289, #6237 ) ) ;
#312 = DIRECTION ( 'NONE',  ( 1.000000000000000000, 0.000000000000000000, 0.000000000000000000 ) ) ;
#313 = CARTESIAN_POINT ( 'NONE',  ( -37.20582925616533032, 52.14478918706690536, 3.683695595035404224 ) ) ;
#314 = CARTESIAN_POINT ( 'NONE',  ( -12.76293085427665552, -74.68097998000807536, 6.676032230656784527 ) ) ;
#315 = CARTESIAN_POINT ( 'NONE',  ( -7.273716032205721049, -72.53971994787949029, 24.22069078581628787 ) ) ;
#316 = CIRCLE ( 'NONE', #3584, 2.499999999999995115 ) ;
#317 = ADVANCED_FACE ( 'NONE', ( #2455 ), #4808, .T. ) ;
#318 =( BOUNDED_SURFACE ( )  B_SPLINE_SURFACE ( 3, 1, ( 
 ( #6063, #697 ),
 ( #102, #2499 ),
 ( #4186, #4301 ),
 ( #1906, #1203 ) ),
 .UNSPECIFIED., .F., .F., .F. ) 
 B_SPLINE_SURFACE_WITH_KNOTS ( ( 4, 4 ),
 ( 2, 2 ),
 ( 0.000000000000000000, 1.000000000000000000 ),
 ( 0.000000000000000000, 1.000000000000000000 ),
 .UNSPECIFIED. ) 
 GEOMETRIC_REPRESENTATION_ITEM ( )  RATIONAL_B_SPLINE_SURFACE ( (
 ( 1.000000000000000000, 1.000000000000000000),
 ( 0.9973887364014040191, 0.9973887364014040191),
 ( 0.9973887364014040191, 0.9973887364014040191),
 ( 1.000000000000000000, 1.000000000000000000) ) ) 
 REPRESENTATION_ITEM ( '' )  SURFACE ( )  );
#319 = DIRECTION ( 'NONE',  ( -1.321694076934710155E-16, 1.000000000000000000, 0.000000000000000000 ) ) ;
#320 = CARTESIAN_POINT ( 'NONE',  ( 48.17829858671218091, 40.23776994407030116, 5.736487060947369265 ) ) ;
#321 = CARTESIAN_POINT ( 'NONE',  ( -39.22943372865397293, 47.59930559120691385, 5.118432014549832765 ) ) ;
#322 = CARTESIAN_POINT ( 'NONE',  ( 0.000000000000000000, -74.68097998000808957, 12.50000000000000000 ) ) ;
#323 = EDGE_LOOP ( 'NONE', ( #7731, #954, #1660, #7438 ) ) ;
#324 = CARTESIAN_POINT ( 'NONE',  ( 24.08550133035955909, -61.42879780529344202, 4.028728779475078348 ) ) ;
#325 = CARTESIAN_POINT ( 'NONE',  ( 24.99999999999999645, -60.68097998000807536, 12.49999999999999289 ) ) ;
#326 = CARTESIAN_POINT ( 'NONE',  ( 25.05894920403238046, -58.40486459085619941, -1.344987424664924269 ) ) ;
#327 = CARTESIAN_POINT ( 'NONE',  ( -16.80177390410500848, -67.78363272100908432, 3.883071645087676771 ) ) ;
#328 = LINE ( 'NONE', #4443, #103 ) ;
#329 = CARTESIAN_POINT ( 'NONE',  ( 42.88768201503440736, 43.87898322632387504, 3.964570120360116690 ) ) ;
#330 = CARTESIAN_POINT ( 'NONE',  ( -15.27812424975108385, -61.28473688166990740, 21.47319042081329954 ) ) ;
#331 = CARTESIAN_POINT ( 'NONE',  ( 21.53548173089494355, -62.62936715082967254, 4.161554236880633084 ) ) ;
#332 = CARTESIAN_POINT ( 'NONE',  ( 20.28389709185470480, -60.62261015456053315, 21.41833121103936577 ) ) ;
#333 = ORIENTED_EDGE ( 'NONE', *, *, #7461, .F. ) ;
#334 = CARTESIAN_POINT ( 'NONE',  ( -11.49338024487481746, -77.68097998000808957, 28.21412921790204464 ) ) ;
#335 = CARTESIAN_POINT ( 'NONE',  ( -21.95376938277124879, -71.07245120821934847, 9.073475177121034463 ) ) ;
#336 = CARTESIAN_POINT ( 'NONE',  ( -3.787008615506119114, -73.91325562319710230, -0.06681985422567313093 ) ) ;
#337 = CARTESIAN_POINT ( 'NONE',  ( 7.872856649912359117, -74.68097998000807536, 20.35354813716787703 ) ) ;
#338 = CARTESIAN_POINT ( 'NONE',  ( 21.73432409607677940, -72.25054599859430482, 17.67629897935194094 ) ) ;
#339 = CARTESIAN_POINT ( 'NONE',  ( 17.70833333333336057, -60.68097998000807536, 25.00000000000000000 ) ) ;
#340 = DIRECTION ( 'NONE',  ( -1.321694076934710155E-16, 1.000000000000000000, 0.000000000000000000 ) ) ;
#341 = VERTEX_POINT ( 'NONE', #6835 ) ;
#342 = CARTESIAN_POINT ( 'NONE',  ( 7.765493409426762028, -67.32383783934348287, 22.86080553967993012 ) ) ;
#343 = ORIENTED_EDGE ( 'NONE', *, *, #3921, .T. ) ;
#344 = ORIENTED_EDGE ( 'NONE', *, *, #998, .T. ) ;
#345 = CARTESIAN_POINT ( 'NONE',  ( 11.74353916982572343, -65.71230145461149164, 2.969020998864739802 ) ) ;
#346 = CARTESIAN_POINT ( 'NONE',  ( 44.96090406157414066, 37.03076136718536304, 18.14204239650613459 ) ) ;
#347 = AXIS2_PLACEMENT_3D ( 'NONE', #3705, #6757, #5432 ) ;
#348 = CARTESIAN_POINT ( 'NONE',  ( -13.39986135547579060, -60.08850364132558752, 0.01421403008056037164 ) ) ;
#349 = CARTESIAN_POINT ( 'NONE',  ( 44.96093943942540960, -42.96927719662924972, 6.858505953384772980 ) ) ;
#350 = VECTOR ( 'NONE', #1808, 1000.000000000000000 ) ;
#351 = B_SPLINE_CURVE_WITH_KNOTS ( 'NONE', 3,
 ( #3258, #905, #2632, #1404, #5646, #7497, #2034, #6859, #1482, #3183, #3807, #3297, #4545, #5685, #5140, #827, #5603, #2160, #229, #3770, #2118, #7416, #6149, #4508, #791, #3922, #5567, #196, #5022, #346, #4986, #2590 ),
 .UNSPECIFIED., .F., .F.,
 ( 4, 2, 2, 2, 2, 2, 2, 2, 2, 2, 2, 2, 2, 2, 2, 4 ),
 ( 0.000000000000000000, 0.0004822847810010813855, 0.0009645695620021627710, 0.001446854343003244319, 0.001929139124004325542, 0.002411423905005406765, 0.002893708686006488638, 0.003375993467007569644, 0.003858278248008651084, 0.004340563029009732524, 0.004822847810010813530, 0.005305132591011895403, 0.005787417372012977276, 0.006269702153014058282, 0.006751986934015139288, 0.007716556496017307372 ),
 .UNSPECIFIED. ) ;
#352 = ORIENTED_EDGE ( 'NONE', *, *, #1279, .F. ) ;
#353 = CARTESIAN_POINT ( 'NONE',  ( -21.70156503552968985, -64.21043786475532045, 12.49999999999999112 ) ) ;
#354 = EDGE_CURVE ( 'NONE', #1713, #5410, #7472, .T. ) ;
#355 = VECTOR ( 'NONE', #1273, 1000.000000000000000 ) ;
#356 = CARTESIAN_POINT ( 'NONE',  ( -37.34279739473009840, 52.22119874128887318, 3.729195683145869911 ) ) ;
#357 = CARTESIAN_POINT ( 'NONE',  ( -14.93878298481307176, -74.68097998000810378, 8.171987260300120681 ) ) ;
#358 = CARTESIAN_POINT ( 'NONE',  ( -6.541019888128403181, -66.07902412054350805, 22.67495815538186577 ) ) ;
#359 = CARTESIAN_POINT ( 'NONE',  ( -39.99999999999997868, -42.99999999999998579, 7.500000000000000000 ) ) ;
#360 = DIRECTION ( 'NONE',  ( -0.000000000000000000, 1.000000000000000000, -0.000000000000000000 ) ) ;
#361 = AXIS2_PLACEMENT_3D ( 'NONE', #556, #7025, #434 ) ;
#362 = DIRECTION ( 'NONE',  ( 1.321694076934710155E-16, -1.000000000000000000, 0.000000000000000000 ) ) ;
#363 = EDGE_CURVE ( 'NONE', #793, #6004, #5074, .T. ) ;
#364 = VERTEX_POINT ( 'NONE', #4521 ) ;
#365 = CIRCLE ( 'NONE', #7012, 1.700000000000000178 ) ;
#366 = CARTESIAN_POINT ( 'NONE',  ( -38.49999999999998579, 50.00000000000000711, 0.000000000000000000 ) ) ;
#367 = CARTESIAN_POINT ( 'NONE',  ( 25.00000000000000000, -60.68097998000806825, 2.083333333333341031 ) ) ;
#368 = CARTESIAN_POINT ( 'NONE',  ( 42.76058957307549946, 32.60752996012728744, 3.904802587007218051 ) ) ;
#369 = CARTESIAN_POINT ( 'NONE',  ( -17.12844472315430977, -71.76526453838590669, 3.966783005298625042 ) ) ;
#370 = CARTESIAN_POINT ( 'NONE',  ( -40.15457764644591521, 49.59685735575239818, 1.493434110931140202 ) ) ;
#371 = CARTESIAN_POINT ( 'NONE',  ( -25.65639081652327391, -76.26764005264446666, 9.664307650278919581 ) ) ;
#372 = CARTESIAN_POINT ( 'NONE',  ( -12.47728117658835778, -70.94956164247273023, 22.67693432147919097 ) ) ;
#373 = DIRECTION ( 'NONE',  ( -0.000000000000000000, -0.000000000000000000, -1.000000000000000000 ) ) ;
#374 = CARTESIAN_POINT ( 'NONE',  ( 19.34742661900736138, -70.03840463778584535, 20.01912014594775613 ) ) ;
#375 = ORIENTED_EDGE ( 'NONE', *, *, #122, .T. ) ;
#376 = DIRECTION ( 'NONE',  ( 1.593074305255970310E-16, -1.000000000000000000, -0.000000000000000000 ) ) ;
#377 = CARTESIAN_POINT ( 'NONE',  ( -22.19388934060635776, -72.57995105105852929, 11.46027925155542704 ) ) ;
#378 = CARTESIAN_POINT ( 'NONE',  ( -5.146585803489429622, -75.18199043948312976, -0.2938628769270901775 ) ) ;
#379 = CARTESIAN_POINT ( 'NONE',  ( -38.24856875884171359, 52.65512210827038331, 0.4858035165760372087 ) ) ;
#380 = CARTESIAN_POINT ( 'NONE',  ( -21.49077775195247852, -60.21044842030078570, 3.500000000000000444 ) ) ;
#381 = CARTESIAN_POINT ( 'NONE',  ( -22.98493214369461057, -67.95499743651426172, 18.77060404764342394 ) ) ;
#382 = CARTESIAN_POINT ( 'NONE',  ( -0.007630428499740279404, -74.68097998000808957, 2.751657186812441758 ) ) ;
#383 = ORIENTED_EDGE ( 'NONE', *, *, #5633, .F. ) ;
#384 = CARTESIAN_POINT ( 'NONE',  ( 3.076965311743928400, -62.33183625387481186, 21.82635599357511325 ) ) ;
#385 = VERTEX_POINT ( 'NONE', #325 ) ;
#386 = EDGE_CURVE ( 'NONE', #3332, #7368, #839, .T. ) ;
#387 = CARTESIAN_POINT ( 'NONE',  ( -36.32294463434200793, 51.23949925199494260, 21.48793464318604762 ) ) ;
#388 = ORIENTED_EDGE ( 'NONE', *, *, #1184, .F. ) ;
#389 = DIRECTION ( 'NONE',  ( -1.000000000000000000, 0.000000000000000000, 0.000000000000000000 ) ) ;
#390 = CARTESIAN_POINT ( 'NONE',  ( -23.94592117670051934, -60.08850364132558752, -0.2182825254529404402 ) ) ;
#391 = CARTESIAN_POINT ( 'NONE',  ( -39.84761309033729759, 47.89381931908830836, 18.60504224491261027 ) ) ;
#392 = VERTEX_POINT ( 'NONE', #5113 ) ;
#393 = CARTESIAN_POINT ( 'NONE',  ( 42.44417996127226900, 44.16383012171926481, 24.77543667095767077 ) ) ;
#394 = CARTESIAN_POINT ( 'NONE',  ( -39.40131949302669767, -42.66624088712596574, 5.389052369010793875 ) ) ;
#395 = CARTESIAN_POINT ( 'NONE',  ( 10.17705551382383611, -74.68097998000808957, 5.457128489225359758 ) ) ;
#396 = CARTESIAN_POINT ( 'NONE',  ( -3.011440608509780237, -61.04343902621578621, 21.46780182507266943 ) ) ;
#397 = CARTESIAN_POINT ( 'NONE',  ( 16.20679900776891813, -74.68097998000807536, 21.71973952067466129 ) ) ;
#398 = DIRECTION ( 'NONE',  ( -1.000000000000000000, 0.000000000000000000, 0.000000000000000000 ) ) ;
#399 = CARTESIAN_POINT ( 'NONE',  ( 45.00000000000000000, 33.00000000000000711, 32.07106781186548261 ) ) ;
#400 = VECTOR ( 'NONE', #7759, 1000.000000000000000 ) ;
#401 = CARTESIAN_POINT ( 'NONE',  ( -1.556906051385460232, -77.68097998000810378, -5.000000000000002665 ) ) ;
#402 = CARTESIAN_POINT ( 'NONE',  ( 22.19467755870265790, -61.67099295009833071, 3.960703003928354615 ) ) ;
#403 = CARTESIAN_POINT ( 'NONE',  ( -25.99999999999999645, -74.68097998000808957, 12.50000000000000000 ) ) ;
#404 = CARTESIAN_POINT ( 'NONE',  ( 24.94317924871467795, -58.40486459085619941, 21.44258561650558903 ) ) ;
#405 = CARTESIAN_POINT ( 'NONE',  ( -18.47641731381773766, -66.17910924360253944, 4.261008234112464876 ) ) ;
#406 = DIRECTION ( 'NONE',  ( -0.000000000000000000, -0.000000000000000000, -1.000000000000000000 ) ) ;
#407 = CARTESIAN_POINT ( 'NONE',  ( 44.07344598287280490, 43.10515646045757165, 4.926024249879195516 ) ) ;
#408 = EDGE_CURVE ( 'NONE', #1559, #5556, #6201, .T. ) ;
#409 = CARTESIAN_POINT ( 'NONE',  ( -10.06553689499134130, -60.55867118170120023, 21.45146516633642619 ) ) ;
#410 = ADVANCED_FACE ( 'NONE', ( #3233 ), #1454, .F. ) ;
#411 = CARTESIAN_POINT ( 'NONE',  ( -21.49077775195247852, -60.21044842030078570, 3.500000000000000444 ) ) ;
#412 = ORIENTED_EDGE ( 'NONE', *, *, #5973, .T. ) ;
#413 = CARTESIAN_POINT ( 'NONE',  ( 43.50000000000000711, -44.31902001999193175, 0.000000000000000000 ) ) ;
#414 = CARTESIAN_POINT ( 'NONE',  ( -21.53745693383747550, -61.42060013598757706, 12.49999999999999467 ) ) ;
#415 = CARTESIAN_POINT ( 'NONE',  ( -1.155144159076699539, -68.80164823120449569, 1.259812750432978357 ) ) ;
#416 = CARTESIAN_POINT ( 'NONE',  ( -28.68629150101522640, -14.68097998000808957, 8.499999999999998224 ) ) ;
#417 = CARTESIAN_POINT ( 'NONE',  ( 43.50000000000000711, -44.31902001999193175, 12.50000000000000000 ) ) ;
#418 = EDGE_CURVE ( 'NONE', #3964, #7, #2685, .T. ) ;
#419 = CARTESIAN_POINT ( 'NONE',  ( -20.66132021255323892, -71.08805801176106343, 19.14315538317774923 ) ) ;
#420 = AXIS2_PLACEMENT_3D ( 'NONE', #6251, #3867, #3907 ) ;
#421 = CARTESIAN_POINT ( 'NONE',  ( 43.49745445198746552, -46.89035320242370375, 0.5815738986061002036 ) ) ;
#422 = ORIENTED_EDGE ( 'NONE', *, *, #6028, .F. ) ;
#423 = CARTESIAN_POINT ( 'NONE',  ( 4.015906937572420787, -61.01007100716080345, 21.46450202217197401 ) ) ;
#424 = EDGE_LOOP ( 'NONE', ( #993, #5838, #2826, #7550, #273, #6978, #1217, #6668 ) ) ;
#425 = CARTESIAN_POINT ( 'NONE',  ( -38.43854917509006697, 52.50270613395819908, 20.67478695072366435 ) ) ;
#426 = VERTEX_POINT ( 'NONE', #5153 ) ;
#427 = CYLINDRICAL_SURFACE ( 'NONE', #3880, 4.000000000000003553 ) ;
#428 = CARTESIAN_POINT ( 'NONE',  ( 21.48072207726319149, -59.70234513774107654, 21.49999999999967670 ) ) ;
#429 = CARTESIAN_POINT ( 'NONE',  ( 40.99999999999999289, -44.99999999999999289, 3.499999999999999556 ) ) ;
#430 = B_SPLINE_CURVE_WITH_KNOTS ( 'NONE', 3,
 ( #1139, #550, #2949, #5335, #7021, #5256, #5218, #2354, #7735, #2986, #4077, #4197, #4038, #2831, #1098, #7695, #6422, #4750, #5296, #466, #7143, #1764, #6462, #6544, #5373, #3489, #1022, #3411, #5796, #4672 ),
 .UNSPECIFIED., .F., .F.,
 ( 4, 2, 2, 2, 2, 2, 2, 2, 2, 2, 2, 2, 2, 2, 4 ),
 ( 0.004785657857171181709, 0.004853948916263950419, 0.008620093637365402323, 0.01238623835846685423, 0.01615238307956831307, 0.01991852780066977191, 0.02368467252177123422, 0.02745081724287269653, 0.03121696196397415191, 0.03498310668507560728, 0.03874925140617706265, 0.04251539612727851802, 0.04628154084837998727, 0.05004768556948143571, 0.05011597662860318991 ),
 .UNSPECIFIED. ) ;
#431 = VECTOR ( 'NONE', #5079, 1000.000000000000114 ) ;
#432 = EDGE_LOOP ( 'NONE', ( #2313, #7697, #5967 ) ) ;
#433 = CARTESIAN_POINT ( 'NONE',  ( -22.35799744229857566, -75.36978877982625136, 13.31647633643721740 ) ) ;
#434 = DIRECTION ( 'NONE',  ( 1.000000000000000000, 0.000000000000000000, 0.000000000000000000 ) ) ;
#435 = B_SPLINE_CURVE_WITH_KNOTS ( 'NONE', 3,
 ( #3274, #1499, #5663, #287, #4767, #605, #7160, #6477, #2968, #4056, #5352, #6566, #1192, #487, #7715, #3589, #1074, #7077, #3549, #3005, #6403, #5898, #2297, #3426 ),
 .UNSPECIFIED., .F., .F.,
 ( 4, 2, 2, 2, 2, 2, 2, 2, 2, 2, 2, 4 ),
 ( 0.000000000000000000, 0.001591416178734176559, 0.002387124268101266898, 0.003182832357468357021, 0.004774248536202531194, 0.005569956625569624786, 0.006365664714936717511, 0.007957080893670906430, 0.009548497072405095348, 0.01034420516177220022, 0.01113991325113930335, 0.01273132942987348533 ),
 .UNSPECIFIED. ) ;
#436 = CARTESIAN_POINT ( 'NONE',  ( -7.747895389472502004, -76.40968599437294984, 25.15192032001862543 ) ) ;
#437 = CARTESIAN_POINT ( 'NONE',  ( -7.349007215372710178, -77.68097998000808957, 20.45160604976729246 ) ) ;
#438 = CARTESIAN_POINT ( 'NONE',  ( -39.40916183181366961, 47.66574102970334081, 5.384228933700822672 ) ) ;
#439 = CARTESIAN_POINT ( 'NONE',  ( 3.113612652743705134, -77.68097998000807536, -4.905133212289968903 ) ) ;
#440 = CARTESIAN_POINT ( 'NONE',  ( 19.95714967683369778, -73.92659889124601591, 5.802858872606107887 ) ) ;
#441 = CIRCLE ( 'NONE', #1197, 3.149999999999999911 ) ;
#442 = CARTESIAN_POINT ( 'NONE',  ( -26.00000000000000355, -74.68097998000808957, 11.47189402371152589 ) ) ;
#443 = CARTESIAN_POINT ( 'NONE',  ( 43.56706622681630137, 32.49805066844241708, 4.428196311628386006 ) ) ;
#444 = CARTESIAN_POINT ( 'NONE',  ( -14.41339608955880713, -62.73782479837587545, 3.495086951526474195 ) ) ;
#445 = CARTESIAN_POINT ( 'NONE',  ( -25.74755384765393984, -74.68097998000806115, 10.44973463657109214 ) ) ;
#446 = EDGE_LOOP ( 'NONE', ( #3182, #7420, #542, #7053 ) ) ;
#447 = PLANE ( 'NONE',  #5807 ) ;
#448 = CARTESIAN_POINT ( 'NONE',  ( -12.87369410322702734, -73.55946903996765229, 23.01527710799940607 ) ) ;
#449 = B_SPLINE_CURVE_WITH_KNOTS ( 'NONE', 3,
 ( #3712, #5362, #539, #4895, #4855, #3599, #1831, #2344, #6027, #4226, #3640, #660, #2977, #6616, #6577, #3678 ),
 .UNSPECIFIED., .F., .F.,
 ( 4, 2, 2, 2, 2, 2, 2, 4 ),
 ( 0.000000000000000000, 0.0008563163956896355494, 0.001712632791379271099, 0.002568949187068906865, 0.003425265582758542197, 0.004281581978448177096, 0.005137898374137813730, 0.006850531165517076589 ),
 .UNSPECIFIED. ) ;
#450 = CYLINDRICAL_SURFACE ( 'NONE', #6480, 1.700000000000000178 ) ;
#451 = ORIENTED_EDGE ( 'NONE', *, *, #6046, .F. ) ;
#452 = CARTESIAN_POINT ( 'NONE',  ( 8.499447118483034913, -77.68097998000807536, 29.05452890125528853 ) ) ;
#453 = CARTESIAN_POINT ( 'NONE',  ( -38.56630492300755719, -42.49800975218373367, 20.57246939068700087 ) ) ;
#454 = EDGE_CURVE ( 'NONE', #3758, #3964, #1241, .T. ) ;
#455 = CARTESIAN_POINT ( 'NONE',  ( -1.100871088935123643, -66.23230280176775864, 2.015502582620256167 ) ) ;
#456 = CARTESIAN_POINT ( 'NONE',  ( 22.19388934060635776, -72.57995105105854350, 12.50000000000002309 ) ) ;
#457 = LINE ( 'NONE', #1632, #1745 ) ;
#458 = CARTESIAN_POINT ( 'NONE',  ( -16.18451032361756248, -77.68097998000808957, 9.413314671481312956 ) ) ;
#459 = ORIENTED_EDGE ( 'NONE', *, *, #2186, .T. ) ;
#460 = CARTESIAN_POINT ( 'NONE',  ( 6.392915371072022346, -75.15581201012653878, 25.09501251141615086 ) ) ;
#461 = ORIENTED_EDGE ( 'NONE', *, *, #6546, .T. ) ;
#462 = CARTESIAN_POINT ( 'NONE',  ( -21.45495460367103391, -58.68626100954069358, 3.499999999999997335 ) ) ;
#463 = FACE_OUTER_BOUND ( 'NONE', #4587, .T. ) ;
#464 = ADVANCED_FACE ( 'NONE', ( #1578 ), #3975, .T. ) ;
#465 = CARTESIAN_POINT ( 'NONE',  ( -36.26081876375378243, 57.06635228812105964, 3.499999999999999556 ) ) ;
#466 = CARTESIAN_POINT ( 'NONE',  ( 9.903622830633155516, -74.68097998000808957, 27.92556843809774847 ) ) ;
#467 = CARTESIAN_POINT ( 'NONE',  ( -22.38017953614121325, -77.68097998000808957, 21.44415598567542602 ) ) ;
#468 = ORIENTED_EDGE ( 'NONE', *, *, #4684, .F. ) ;
#469 = DIRECTION ( 'NONE',  ( -1.000000000000000000, 0.000000000000000000, 0.000000000000000000 ) ) ;
#470 = DIRECTION ( 'NONE',  ( -0.000000000000000000, -0.000000000000000000, -1.000000000000000000 ) ) ;
#471 = VECTOR ( 'NONE', #1196, 1000.000000000000000 ) ;
#472 = CARTESIAN_POINT ( 'NONE',  ( -35.99999999999997158, -44.83693954168132478, 3.500000000000000444 ) ) ;
#473 = CARTESIAN_POINT ( 'NONE',  ( 14.85114999228759736, -74.68097998000808957, 8.098738490930029954 ) ) ;
#474 = CARTESIAN_POINT ( 'NONE',  ( 2.483281994197237275, -72.64618826983148381, 24.81691930047666261 ) ) ;
#475 = AXIS2_PLACEMENT_3D ( 'NONE', #2807, #7596, #2217 ) ;
#476 = LINE ( 'NONE', #1261, #1692 ) ;
#477 = CARTESIAN_POINT ( 'NONE',  ( -39.75211998259641888, 48.52996651939313466, 1.223194419969098945 ) ) ;
#478 = CARTESIAN_POINT ( 'NONE',  ( -38.04050957348078299, 47.53838129721022199, 4.055944164296441556 ) ) ;
#479 = CARTESIAN_POINT ( 'NONE',  ( 13.39986135547580304, -60.08850364132559463, 0.01421403008056051215 ) ) ;
#480 = VECTOR ( 'NONE', #2910, 1000.000000000000000 ) ;
#481 = EDGE_CURVE ( 'NONE', #6418, #5755, #874, .T. ) ;
#482 = EDGE_CURVE ( 'NONE', #4584, #2242, #5769, .T. ) ;
#483 = CARTESIAN_POINT ( 'NONE',  ( 17.19020846335550701, -59.70272581777086884, 3.414343488047467901 ) ) ;
#484 = CARTESIAN_POINT ( 'NONE',  ( -21.37918666975486559, -58.73000564658311617, 12.49999999999999645 ) ) ;
#485 = CARTESIAN_POINT ( 'NONE',  ( 45.00000000000000000, 33.00000000000000711, 7.500000000000000000 ) ) ;
#486 = CARTESIAN_POINT ( 'NONE',  ( -22.99881989768721269, -62.84679878203472470, 4.417054376407240746 ) ) ;
#487 = CARTESIAN_POINT ( 'NONE',  ( -40.74465095512646684, 55.85570171296846098, 23.06327971960537226 ) ) ;
#488 = ORIENTED_EDGE ( 'NONE', *, *, #4582, .T. ) ;
#489 = AXIS2_PLACEMENT_3D ( 'NONE', #2265, #5322, #3012 ) ;
#490 = DIRECTION ( 'NONE',  ( -0.000000000000000000, -0.000000000000000000, -1.000000000000000000 ) ) ;
#491 = CARTESIAN_POINT ( 'NONE',  ( -9.544904344521777162, -72.45041930633043137, 23.75353156091006568 ) ) ;
#492 = DIRECTION ( 'NONE',  ( 0.000000000000000000, 0.000000000000000000, 1.000000000000000000 ) ) ;
#493 = VERTEX_POINT ( 'NONE', #5311 ) ;
#494 = CARTESIAN_POINT ( 'NONE',  ( 45.19999999999949125, -44.52267791956069942, 1.526206676143815111 ) ) ;
#495 = VECTOR ( 'NONE', #7228, 1000.000000000000114 ) ;
#496 = DIRECTION ( 'NONE',  ( 1.321694076934710155E-16, -1.000000000000000000, 0.000000000000000000 ) ) ;
#497 = CARTESIAN_POINT ( 'NONE',  ( -7.765493409426746929, -67.32383783934332655, 2.139194460320105406 ) ) ;
#498 = CARTESIAN_POINT ( 'NONE',  ( 21.84127280223648881, -74.95842917117720106, 8.435182956424556622 ) ) ;
#499 = DIRECTION ( 'NONE',  ( 1.000000000000000000, 0.000000000000000000, 0.000000000000000000 ) ) ;
#500 = CARTESIAN_POINT ( 'NONE',  ( -25.65450740949632547, -77.20981649125567969, 9.656587779411214711 ) ) ;
#501 = CARTESIAN_POINT ( 'NONE',  ( -38.49999999999998579, -44.99999999999999289, 12.50000000000000000 ) ) ;
#502 = ORIENTED_EDGE ( 'NONE', *, *, #4695, .T. ) ;
#503 = CARTESIAN_POINT ( 'NONE',  ( 11.09210836079967066, -68.41769540938526006, 22.57213141337575735 ) ) ;
#504 = EDGE_LOOP ( 'NONE', ( #2172, #4341, #7537, #5689 ) ) ;
#505 = CARTESIAN_POINT ( 'NONE',  ( -5.372574769376193160, -77.68097998000810378, -4.637840178250224099 ) ) ;
#506 = CARTESIAN_POINT ( 'NONE',  ( -25.08720281525328843, -78.57975569811020478, 8.102132950046614823 ) ) ;
#507 = FACE_OUTER_BOUND ( 'NONE', #7188, .T. ) ;
#508 = CYLINDRICAL_SURFACE ( 'NONE', #2946, 8.000000000000000000 ) ;
#509 = CARTESIAN_POINT ( 'NONE',  ( -24.77787623129915318, -78.46065648618758814, 17.41047865230664016 ) ) ;
#510 = ADVANCED_FACE ( 'NONE', ( #7630 ), #4014, .F. ) ;
#511 = EDGE_CURVE ( 'NONE', #621, #2872, #566, .T. ) ;
#512 = ORIENTED_EDGE ( 'NONE', *, *, #4345, .F. ) ;
#513 = FACE_BOUND ( 'NONE', #2720, .T. ) ;
#514 = CARTESIAN_POINT ( 'NONE',  ( 43.83248053826337554, 43.26450136000230628, 24.27714327103553060 ) ) ;
#515 = ORIENTED_EDGE ( 'NONE', *, *, #3474, .F. ) ;
#516 = CYLINDRICAL_SURFACE ( 'NONE', #6496, 1.700000000000000178 ) ;
#517 = CARTESIAN_POINT ( 'NONE',  ( 12.59430362268181369, -74.68097998000808957, 6.581669161222131414 ) ) ;
#518 = CARTESIAN_POINT ( 'NONE',  ( 2.006974279447307552, -61.07680704527077609, 21.47110162797338617 ) ) ;
#519 = CARTESIAN_POINT ( 'NONE',  ( -5.622376121349792477, -77.68097998000808957, 20.83506243202801400 ) ) ;
#520 = CARTESIAN_POINT ( 'NONE',  ( -35.70671428425492167, -42.83854630583698508, 0.001090318094378442838 ) ) ;
#521 = EDGE_CURVE ( 'NONE', #3046, #570, #1118, .T. ) ;
#522 = CARTESIAN_POINT ( 'NONE',  ( 4.097437745281522936, -60.08850364132560173, 0.1580390040907701521 ) ) ;
#523 = CARTESIAN_POINT ( 'NONE',  ( 20.85644092540767502, -68.40379013938360231, 19.59329920667280334 ) ) ;
#524 = CARTESIAN_POINT ( 'NONE',  ( 19.35926881383681319, -72.71731392693205009, 5.243744489157260880 ) ) ;
#525 = DIRECTION ( 'NONE',  ( 0.000000000000000000, 0.000000000000000000, 1.000000000000000000 ) ) ;
#526 = CARTESIAN_POINT ( 'NONE',  ( -21.62809653433946977, -73.49322507334022703, 7.213303143059988543 ) ) ;
#527 = CARTESIAN_POINT ( 'NONE',  ( -20.02769494084595081, -71.23549179560357913, 5.489849189540668917 ) ) ;
#528 = PLANE ( 'NONE',  #6243 ) ;
#529 = ORIENTED_EDGE ( 'NONE', *, *, #263, .T. ) ;
#530 = CARTESIAN_POINT ( 'NONE',  ( 0.000000000000000000, 0.000000000000000000, 12.50000000000000000 ) ) ;
#531 = ORIENTED_EDGE ( 'NONE', *, *, #4251, .F. ) ;
#532 = CARTESIAN_POINT ( 'NONE',  ( -8.601804563764856582, -73.79314864622043046, 24.29869489416950756 ) ) ;
#533 = CARTESIAN_POINT ( 'NONE',  ( -25.61808094222642040, -75.21003179747822287, 15.48945708599381277 ) ) ;
#534 = ORIENTED_EDGE ( 'NONE', *, *, #4733, .T. ) ;
#535 = CARTESIAN_POINT ( 'NONE',  ( 43.50000000000000711, 35.00000000000000711, 0.000000000000000000 ) ) ;
#536 = CARTESIAN_POINT ( 'NONE',  ( 25.99999999999999645, -74.68097998000808957, 12.50000000000000000 ) ) ;
#537 = CARTESIAN_POINT ( 'NONE',  ( -4.193978860473784209, -63.59068966151626512, 2.842737697240798056 ) ) ;
#538 = CARTESIAN_POINT ( 'NONE',  ( 22.21001561302318805, -73.92854157489195188, 10.63356269532810394 ) ) ;
#539 = CARTESIAN_POINT ( 'NONE',  ( 44.96884903803245948, 42.50496574853218590, 18.07321069389732315 ) ) ;
#540 = CARTESIAN_POINT ( 'NONE',  ( -23.26286136411594541, -60.25208665492810667, 21.44146792014266012 ) ) ;
#541 = CARTESIAN_POINT ( 'NONE',  ( -13.52024464577556095, -77.68097998000808957, 7.104376667777173360 ) ) ;
#542 = ORIENTED_EDGE ( 'NONE', *, *, #2357, .F. ) ;
#543 = CARTESIAN_POINT ( 'NONE',  ( 10.99701315223031628, -74.98412965267183949, 23.92842733374883579 ) ) ;
#544 = CARTESIAN_POINT ( 'NONE',  ( 5.372568474695050611, -77.68097998000808957, -4.637852579363347161 ) ) ;
#545 = CARTESIAN_POINT ( 'NONE',  ( -25.86412541772802953, -74.68097998000808957, 10.43546977629970129 ) ) ;
#546 = CARTESIAN_POINT ( 'NONE',  ( 7.311646392572523467, -63.43108502970378026, 2.990432086091033614 ) ) ;
#547 = CARTESIAN_POINT ( 'NONE',  ( -25.00000000000000000, -60.68097998000807536, -0.3886993953833787763 ) ) ;
#548 = VERTEX_POINT ( 'NONE', #4647 ) ;
#549 = VECTOR ( 'NONE', #6573, 1000.000000000000000 ) ;
#550 = CARTESIAN_POINT ( 'NONE',  ( -21.21969041963348346, -74.68097998000810378, 22.60998374979581627 ) ) ;
#551 = CARTESIAN_POINT ( 'NONE',  ( -22.88186145036129204, -60.08850364132559463, 25.19492868241661299 ) ) ;
#552 = ORIENTED_EDGE ( 'NONE', *, *, #5059, .T. ) ;
#553 = CARTESIAN_POINT ( 'NONE',  ( 0.000000000000000000, -77.68097998000808957, 12.50000000000000000 ) ) ;
#554 = CARTESIAN_POINT ( 'NONE',  ( -21.79673559039148500, -69.62172576142172886, 17.48011414135951469 ) ) ;
#555 = ORIENTED_EDGE ( 'NONE', *, *, #1500, .F. ) ;
#556 = CARTESIAN_POINT ( 'NONE',  ( -38.49999999999998579, -44.31902001999193175, 12.50000000000000000 ) ) ;
#557 = EDGE_CURVE ( 'NONE', #1438, #825, #3037, .T. ) ;
#558 = CARTESIAN_POINT ( 'NONE',  ( 15.30598872803909671, -74.68097998000808957, 8.490848175149903199 ) ) ;
#559 = CARTESIAN_POINT ( 'NONE',  ( -1.127535234487974325, -67.51697551648625506, 23.36234233347343192 ) ) ;
#560 = CARTESIAN_POINT ( 'NONE',  ( 4.857460020035079928, -77.68097998000808957, 20.96917652337255333 ) ) ;
#561 = AXIS2_PLACEMENT_3D ( 'NONE', #530, #6018, #5394 ) ;
#562 = CARTESIAN_POINT ( 'NONE',  ( -37.44912001597860751, 47.26903544911915844, 0.2362661543939522935 ) ) ;
#563 = DIRECTION ( 'NONE',  ( -1.593074305255970310E-16, 1.000000000000000000, 0.000000000000000000 ) ) ;
#564 = CARTESIAN_POINT ( 'NONE',  ( 23.26286136411591698, -60.25208665492808535, 21.44146792014266723 ) ) ;
#565 = CARTESIAN_POINT ( 'NONE',  ( 20.28389709185461243, -60.62261015456050472, 3.581668788960619132 ) ) ;
#566 = LINE ( 'NONE', #7073, #7503 ) ;
#567 = EDGE_CURVE ( 'NONE', #7121, #6319, #4726, .T. ) ;
#568 = CARTESIAN_POINT ( 'NONE',  ( -20.26798658114874030, -59.31716825284097894, 3.280411882653621269 ) ) ;
#569 = CARTESIAN_POINT ( 'NONE',  ( -25.82352941176470296, -74.68097998000808957, 11.47483980139979209 ) ) ;
#570 = VERTEX_POINT ( 'NONE', #6996 ) ;
#571 = CARTESIAN_POINT ( 'NONE',  ( -1.703936981057003308, -74.68097998000808957, 21.35416549431224098 ) ) ;
#572 = CARTESIAN_POINT ( 'NONE',  ( 21.45495460367103036, -58.68626100954066516, 3.500000000000000000 ) ) ;
#573 = ORIENTED_EDGE ( 'NONE', *, *, #7411, .F. ) ;
#574 = CARTESIAN_POINT ( 'NONE',  ( -39.99999999999997868, -47.00000000000000000, 32.07106781186548261 ) ) ;
#575 = CARTESIAN_POINT ( 'NONE',  ( -36.60290671860214928, -43.36396165068376263, 21.45593948359873693 ) ) ;
#576 = CARTESIAN_POINT ( 'NONE',  ( -7.609620385704651824, -66.02743092381935242, 2.424525909978016536 ) ) ;
#577 = CARTESIAN_POINT ( 'NONE',  ( 21.86567313722191486, -67.00027559352304252, 11.05578436411588328 ) ) ;
#578 = FACE_OUTER_BOUND ( 'NONE', #4974, .T. ) ;
#579 = AXIS2_PLACEMENT_3D ( 'NONE', #6041, #6006, #1179 ) ;
#580 =( BOUNDED_SURFACE ( )  B_SPLINE_SURFACE ( 3, 1, ( 
 ( #3073, #7231 ),
 ( #6010, #160 ),
 ( #3772, #4987 ),
 ( #3731, #1963 ) ),
 .UNSPECIFIED., .F., .F., .F. ) 
 B_SPLINE_SURFACE_WITH_KNOTS ( ( 4, 4 ),
 ( 2, 2 ),
 ( 0.000000000000000000, 1.000000000000000000 ),
 ( 0.000000000000000000, 1.000000000000000000 ),
 .UNSPECIFIED. ) 
 GEOMETRIC_REPRESENTATION_ITEM ( )  RATIONAL_B_SPLINE_SURFACE ( (
 ( 1.000000000000000000, 1.000000000000000000),
 ( 0.6879350130686409104, 0.6879350130686409104),
 ( 0.6879350130686409104, 0.6879350130686409104),
 ( 1.000000000000000000, 1.000000000000000000) ) ) 
 REPRESENTATION_ITEM ( '' )  SURFACE ( )  );
#581 = CARTESIAN_POINT ( 'NONE',  ( -17.19020846335560648, -59.70272581777090437, 21.58565651195253210 ) ) ;
#582 = CARTESIAN_POINT ( 'NONE',  ( -43.50000000000000000, 55.00000000000000711, 12.50000000000000000 ) ) ;
#583 = ORIENTED_EDGE ( 'NONE', *, *, #7511, .F. ) ;
#584 = CARTESIAN_POINT ( 'NONE',  ( 12.07158440641126518, -74.92861274425074214, 23.57851183822465657 ) ) ;
#585 = ORIENTED_EDGE ( 'NONE', *, *, #700, .F. ) ;
#586 = CARTESIAN_POINT ( 'NONE',  ( -13.39192060796703387, -77.68097998000808957, -2.517809811595482561 ) ) ;
#587 = CARTESIAN_POINT ( 'NONE',  ( -25.44682351704895140, -78.57975569811023320, 8.957667168756641374 ) ) ;
#588 = CARTESIAN_POINT ( 'NONE',  ( 7.765493409426608373, -67.32383783934341182, 2.139194460320088087 ) ) ;
#589 = CARTESIAN_POINT ( 'NONE',  ( 21.61036000839346727, -74.76901982924501056, 17.36759788882798006 ) ) ;
#590 = CARTESIAN_POINT ( 'NONE',  ( 45.19061331312724406, -44.11413516158030745, 1.519364268661460793 ) ) ;
#591 = CARTESIAN_POINT ( 'NONE',  ( -20.75962482619187099, -60.08850364132560173, 25.14775112904508347 ) ) ;
#592 = ORIENTED_EDGE ( 'NONE', *, *, #2908, .F. ) ;
#593 = CARTESIAN_POINT ( 'NONE',  ( -38.49999999999998579, -44.31902001999193175, 0.000000000000000000 ) ) ;
#594 = CARTESIAN_POINT ( 'NONE',  ( 25.59826332794822079, -74.68097998000808957, 15.56445311928334974 ) ) ;
#595 = ORIENTED_EDGE ( 'NONE', *, *, #7556, .T. ) ;
#596 = CARTESIAN_POINT ( 'NONE',  ( 19.06165324956872453, -60.36641447851950915, 3.500000000000001332 ) ) ;
#597 = CARTESIAN_POINT ( 'NONE',  ( 1.003561322427253266, -61.09361194289425612, 21.47311775300519443 ) ) ;
#598 = CARTESIAN_POINT ( 'NONE',  ( -8.622716828144152856, -77.68097998000808957, 20.10202683288566661 ) ) ;
#599 = EDGE_CURVE ( 'NONE', #6567, #5367, #6861, .T. ) ;
#600 = CARTESIAN_POINT ( 'NONE',  ( 15.34428339347285331, -74.68097998000806115, 2.837648281569876474 ) ) ;
#601 = CARTESIAN_POINT ( 'NONE',  ( 19.35334771642209262, -71.37785928235885535, 5.112312171604738609 ) ) ;
#602 = CARTESIAN_POINT ( 'NONE',  ( 11.09144526588921487, -77.68097998000808957, 5.832334050879171450 ) ) ;
#603 = CARTESIAN_POINT ( 'NONE',  ( -21.49077775195247852, -60.21044842030078570, 3.500000000000000444 ) ) ;
#604 = CARTESIAN_POINT ( 'NONE',  ( -20.16261887503433670, -67.22250487062530055, 4.895796183093505505 ) ) ;
#605 = CARTESIAN_POINT ( 'NONE',  ( -43.06598938458379422, 55.14041115894865186, 19.61284570259835647 ) ) ;
#606 = ORIENTED_EDGE ( 'NONE', *, *, #3017, .T. ) ;
#607 = CARTESIAN_POINT ( 'NONE',  ( -6.920907836083364018, -77.68097998000808957, 20.55758294841786693 ) ) ;
#608 = EDGE_CURVE ( 'NONE', #4952, #6954, #2293, .T. ) ;
#609 = CARTESIAN_POINT ( 'NONE',  ( -35.99999999999999289, 55.00000000000000711, 17.50000000000000000 ) ) ;
#610 = ORIENTED_EDGE ( 'NONE', *, *, #1460, .T. ) ;
#611 = CARTESIAN_POINT ( 'NONE',  ( 25.42915597813461659, -77.68097998000808957, 16.26757818503822151 ) ) ;
#612 = CARTESIAN_POINT ( 'NONE',  ( -39.99999999999997868, -41.57723895259432823, 21.50000000000000000 ) ) ;
#613 = CARTESIAN_POINT ( 'NONE',  ( -6.969807528041361167, -69.95756570129252339, 1.399229640918743467 ) ) ;
#614 = VECTOR ( 'NONE', #6410, 1000.000000000000000 ) ;
#615 = CARTESIAN_POINT ( 'NONE',  ( 21.69731558365934987, -70.88581337803651650, 6.803241100279739051 ) ) ;
#616 = B_SPLINE_CURVE_WITH_KNOTS ( 'NONE', 3,
 ( #2800, #279, #4643, #1491 ),
 .UNSPECIFIED., .F., .F.,
 ( 4, 4 ),
 ( 0.0006088996035320515775, 0.001218624425003855642 ),
 .UNSPECIFIED. ) ;
#617 = LINE ( 'NONE', #5326, #829 ) ;
#618 = CARTESIAN_POINT ( 'NONE',  ( -18.28706623837488010, -60.88743203113210711, 21.42699409807463695 ) ) ;
#619 = EDGE_CURVE ( 'NONE', #5489, #3321, #4092, .T. ) ;
#620 = CARTESIAN_POINT ( 'NONE',  ( -28.68629150101522640, -14.68097998000808957, 12.50000000000000000 ) ) ;
#621 = VERTEX_POINT ( 'NONE', #7157 ) ;
#622 = AXIS2_PLACEMENT_3D ( 'NONE', #1885, #1221, #3656 ) ;
#623 = CARTESIAN_POINT ( 'NONE',  ( 12.87369410322701668, -73.55946903996763808, 23.01527710799941318 ) ) ;
#624 = ORIENTED_EDGE ( 'NONE', *, *, #3642, .T. ) ;
#625 = DIRECTION ( 'NONE',  ( -1.000000000000000000, 0.000000000000000000, 0.000000000000000000 ) ) ;
#626 = VERTEX_POINT ( 'NONE', #1693 ) ;
#627 = CARTESIAN_POINT ( 'NONE',  ( 10.38835596852046450, -63.18522974918990087, 3.192710183092678733 ) ) ;
#628 = AXIS2_PLACEMENT_3D ( 'NONE', #1923, #6746, #2405 ) ;
#629 = CARTESIAN_POINT ( 'NONE',  ( -26.05286915988835617, -78.57975569811024741, 13.39560750896158936 ) ) ;
#630 = CARTESIAN_POINT ( 'NONE',  ( 45.19061331312723695, 35.20488485841163140, 1.519364268661468564 ) ) ;
#631 = CARTESIAN_POINT ( 'NONE',  ( -6.153061036717898169, -77.68097998000810378, 29.53463352733636427 ) ) ;
#632 = ORIENTED_EDGE ( 'NONE', *, *, #418, .F. ) ;
#633 = EDGE_CURVE ( 'NONE', #4121, #5083, #7762, .T. ) ;
#634 = AXIS2_PLACEMENT_3D ( 'NONE', #3345, #5731, #1068 ) ;
#635 = DIRECTION ( 'NONE',  ( -0.000000000000000000, -0.000000000000000000, -1.000000000000000000 ) ) ;
#636 = CARTESIAN_POINT ( 'NONE',  ( -22.08557058925520522, -73.83730790969708835, 15.29197718674632966 ) ) ;
#637 = ORIENTED_EDGE ( 'NONE', *, *, #2475, .T. ) ;
#638 = CARTESIAN_POINT ( 'NONE',  ( -39.99999999999997868, -47.97927405783629951, 25.00000000000000000 ) ) ;
#639 = CARTESIAN_POINT ( 'NONE',  ( -37.29543072649464364, 56.80635231353495129, 0.1998276297453366046 ) ) ;
#640 = DIRECTION ( 'NONE',  ( -0.000000000000000000, -0.000000000000000000, -1.000000000000000000 ) ) ;
#641 = CARTESIAN_POINT ( 'NONE',  ( -38.24592553799988082, 47.34416173203617717, 0.4848374605513444680 ) ) ;
#642 = ORIENTED_EDGE ( 'NONE', *, *, #7276, .T. ) ;
#643 = DIRECTION ( 'NONE',  ( -1.321694076934710155E-16, 1.000000000000000000, -0.000000000000000000 ) ) ;
#644 = CARTESIAN_POINT ( 'NONE',  ( 12.90338135548890186, -66.92246275434629865, 3.010922953078922326 ) ) ;
#645 = CARTESIAN_POINT ( 'NONE',  ( 16.85400159180974100, -77.68097998000808957, 10.47273313003709738 ) ) ;
#646 = CARTESIAN_POINT ( 'NONE',  ( -17.65999546002224108, -74.68097998000811799, 12.30099151250713518 ) ) ;
#647 = CARTESIAN_POINT ( 'NONE',  ( -20.48538726743253946, -73.78781522718614383, 6.241029474111146946 ) ) ;
#648 = CARTESIAN_POINT ( 'NONE',  ( 0.000000000000000000, -74.68097998000808957, 12.50000000000000000 ) ) ;
#649 = DIRECTION ( 'NONE',  ( -1.321694076934710155E-16, 1.000000000000000000, -0.000000000000000000 ) ) ;
#650 = CARTESIAN_POINT ( 'NONE',  ( -10.68616235950688598, -77.68097998000808957, 19.34184003423209575 ) ) ;
#651 = FACE_OUTER_BOUND ( 'NONE', #3448, .T. ) ;
#652 = EDGE_LOOP ( 'NONE', ( #6974, #6270, #1325, #6683, #3075 ) ) ;
#653 = DIRECTION ( 'NONE',  ( -0.000000000000000000, -0.000000000000000000, -1.000000000000000000 ) ) ;
#654 = LINE ( 'NONE', #4812, #114 ) ;
#655 = CARTESIAN_POINT ( 'NONE',  ( 24.60084272001519778, -77.68097998000808957, 18.16405979322055586 ) ) ;
#656 = CARTESIAN_POINT ( 'NONE',  ( -6.028205923975934688, -60.89449903058036995, 3.543811641880756813 ) ) ;
#657 = DIRECTION ( 'NONE',  ( 0.000000000000000000, -0.000000000000000000, -1.000000000000000000 ) ) ;
#658 = EDGE_CURVE ( 'NONE', #4270, #6446, #3960, .T. ) ;
#659 = EDGE_CURVE ( 'NONE', #973, #1438, #6715, .T. ) ;
#660 = CARTESIAN_POINT ( 'NONE',  ( 42.88862043856521922, 43.87838121946539616, 21.03495593421186882 ) ) ;
#661 = CARTESIAN_POINT ( 'NONE',  ( -18.43926551569437322, -64.85166717333476072, 20.89339330522258109 ) ) ;
#662 = CARTESIAN_POINT ( 'NONE',  ( 16.12763008922675922, -74.68097998000808957, 9.357240089103676439 ) ) ;
#663 = ORIENTED_EDGE ( 'NONE', *, *, #1777, .T. ) ;
#664 = CARTESIAN_POINT ( 'NONE',  ( 9.869050018731428509, -67.18725846881650909, 22.54362758751786444 ) ) ;
#665 = ORIENTED_EDGE ( 'NONE', *, *, #4594, .F. ) ;
#666 = CARTESIAN_POINT ( 'NONE',  ( -20.61994711224305732, -77.68097998000807536, 1.815483390381168682 ) ) ;
#667 = CARTESIAN_POINT ( 'NONE',  ( -24.53643888760427672, -78.57975569811021899, 17.86870061166763080 ) ) ;
#668 = ADVANCED_FACE ( 'NONE', ( #4803 ), #1819, .F. ) ;
#669 = CARTESIAN_POINT ( 'NONE',  ( -25.00000000000000000, -60.68097998000807536, 25.19434969769170962 ) ) ;
#670 = CARTESIAN_POINT ( 'NONE',  ( 10.46332772291168034, -77.68097998000810378, 28.55247596054726245 ) ) ;
#671 = ORIENTED_EDGE ( 'NONE', *, *, #3586, .F. ) ;
#672 = CARTESIAN_POINT ( 'NONE',  ( 16.91644020938784010, -74.68097998000808957, 14.38971422161699820 ) ) ;
#673 = DIRECTION ( 'NONE',  ( 1.321694076934710155E-16, -1.000000000000000000, 0.000000000000000000 ) ) ;
#674 = ORIENTED_EDGE ( 'NONE', *, *, #5228, .T. ) ;
#675 = VECTOR ( 'NONE', #2349, 1000.000000000000000 ) ;
#676 = CARTESIAN_POINT ( 'NONE',  ( -39.99999999999997868, -22.68097998000808957, 8.499999999999998224 ) ) ;
#677 = DIRECTION ( 'NONE',  ( -1.000000000000000000, 0.000000000000000000, 0.000000000000000000 ) ) ;
#678 = CARTESIAN_POINT ( 'NONE',  ( -40.20000000000303686, -44.31902001998742691, 1.526206676146187435 ) ) ;
#679 = CARTESIAN_POINT ( 'NONE',  ( 41.00000000000000711, 35.00000000000000711, 32.07106781186548261 ) ) ;
#680 = ORIENTED_EDGE ( 'NONE', *, *, #6164, .F. ) ;
#681 = CARTESIAN_POINT ( 'NONE',  ( 7.844373268677517608, -74.68097998000804694, 0.3137201513175358891 ) ) ;
#682 = CARTESIAN_POINT ( 'NONE',  ( 12.25111018186637857, -61.65405325956169236, 3.442853262811015558 ) ) ;
#683 = CARTESIAN_POINT ( 'NONE',  ( 10.68616235950719684, -77.68097998000808957, 5.658159965768035704 ) ) ;
#684 = CARTESIAN_POINT ( 'NONE',  ( -16.67547336548189563, -74.68097998000810378, 10.14063210920082270 ) ) ;
#685 = CARTESIAN_POINT ( 'NONE',  ( -35.94300853594526757, -46.14360946986001011, 0.01188302002953465185 ) ) ;
#686 = DIRECTION ( 'NONE',  ( -0.000000000000000000, -0.000000000000000000, -1.000000000000000000 ) ) ;
#687 = DIRECTION ( 'NONE',  ( -0.4999999999999948375, 0.8660254037844417052, 0.000000000000000000 ) ) ;
#688 = CARTESIAN_POINT ( 'NONE',  ( -5.622376121349792477, -74.68097998000808957, 20.83506243202801400 ) ) ;
#689 = VECTOR ( 'NONE', #3240, 1000.000000000000000 ) ;
#690 = CARTESIAN_POINT ( 'NONE',  ( 21.49077775195246431, -60.21044842030077149, 21.50000000000000000 ) ) ;
#691 = ORIENTED_EDGE ( 'NONE', *, *, #1908, .F. ) ;
#692 = CARTESIAN_POINT ( 'NONE',  ( -39.99999999999999289, 48.00000000000000711, 12.50000000000000000 ) ) ;
#693 = CARTESIAN_POINT ( 'NONE',  ( 26.00000000000000711, -77.68097998000810378, 13.45524841108364811 ) ) ;
#694 = CARTESIAN_POINT ( 'NONE',  ( 25.00000000000000000, -60.68097998000807536, 25.00000000000000000 ) ) ;
#695 = CARTESIAN_POINT ( 'NONE',  ( -9.869050018731426732, -67.18725846881638120, 2.456372412482159984 ) ) ;
#696 = CARTESIAN_POINT ( 'NONE',  ( -19.06165276742261838, -60.36641450947651322, 21.50000000000000355 ) ) ;
#697 = CARTESIAN_POINT ( 'NONE',  ( 25.99999999999999645, -77.68097998000808957, 12.49999999999999822 ) ) ;
#698 = CARTESIAN_POINT ( 'NONE',  ( -19.35334771642214946, -71.37785928235906852, 19.88768782839521165 ) ) ;
#699 = CARTESIAN_POINT ( 'NONE',  ( 6.920907836083949327, -74.68097998000808957, 4.442417051582272514 ) ) ;
#700 = EDGE_CURVE ( 'NONE', #1767, #5367, #2283, .T. ) ;
#701 = CARTESIAN_POINT ( 'NONE',  ( 17.90361883932763831, -71.64276677349651834, 20.64939106965272941 ) ) ;
#702 = VERTEX_POINT ( 'NONE', #1891 ) ;
#703 = CARTESIAN_POINT ( 'NONE',  ( 41.22357518104757190, 37.13488397267558128, 0.03220820070971085192 ) ) ;
#704 = CARTESIAN_POINT ( 'NONE',  ( -24.62304033231382761, -78.57975569811021899, 17.71604793273155920 ) ) ;
#705 = CARTESIAN_POINT ( 'NONE',  ( 8.189553766514753974, -62.05425849650063697, 3.304799055553790499 ) ) ;
#706 = VECTOR ( 'NONE', #5878, 1000.000000000000000 ) ;
#707 = CARTESIAN_POINT ( 'NONE',  ( 21.54134882557721653, -61.48676229556313899, 12.50000000000000000 ) ) ;
#708 = CARTESIAN_POINT ( 'NONE',  ( -1.041666666666617891, -60.68097998000806825, 25.00000000000000000 ) ) ;
#709 = CARTESIAN_POINT ( 'NONE',  ( -38.49999999999998579, -44.31902001999193175, 17.00000000000000000 ) ) ;
#710 = VERTEX_POINT ( 'NONE', #1229 ) ;
#711 = EDGE_CURVE ( 'NONE', #7, #4003, #7250, .T. ) ;
#712 = CARTESIAN_POINT ( 'NONE',  ( 14.25240334010258891, -74.68097998000808957, 17.40682367773007755 ) ) ;
#713 = CARTESIAN_POINT ( 'NONE',  ( -21.55429423148308388, -73.43740735506638373, 18.04777354604835438 ) ) ;
#714 = ORIENTED_EDGE ( 'NONE', *, *, #7719, .T. ) ;
#715 = CARTESIAN_POINT ( 'NONE',  ( 24.82098456197247316, -69.18097998000807536, 3.459096507319471492 ) ) ;
#716 = CARTESIAN_POINT ( 'NONE',  ( -39.99999999999999289, 55.00000000000000711, 25.00000000000000000 ) ) ;
#717 = CARTESIAN_POINT ( 'NONE',  ( 22.32770437604482794, -59.07643368423448749, 21.82900680843351182 ) ) ;
#718 = CARTESIAN_POINT ( 'NONE',  ( 13.57179699256776217, -64.18143475136236020, 3.352770169432104819 ) ) ;
#719 = CARTESIAN_POINT ( 'NONE',  ( -36.60146092121700434, 51.63433249482979193, 3.543849878399438769 ) ) ;
#720 = CARTESIAN_POINT ( 'NONE',  ( -22.03502580760326524, -74.68097998000807536, 15.77511890049783716 ) ) ;
#721 = DIRECTION ( 'NONE',  ( 1.321694076934710155E-16, -1.000000000000000000, 0.000000000000000000 ) ) ;
#722 = DIRECTION ( 'NONE',  ( -1.000000000000000000, 0.000000000000000000, 0.000000000000000000 ) ) ;
#723 = CARTESIAN_POINT ( 'NONE',  ( -16.85400159180972324, -74.68097998000808957, 14.52726686996300209 ) ) ;
#724 = CARTESIAN_POINT ( 'NONE',  ( -25.74755384765294153, -74.68097998000808957, 14.55026536344252008 ) ) ;
#725 = ADVANCED_FACE ( 'NONE', ( #5651 ), #276, .F. ) ;
#726 = ORIENTED_EDGE ( 'NONE', *, *, #5869, .F. ) ;
#727 = CARTESIAN_POINT ( 'NONE',  ( 44.84802588720937422, 32.89408666017260430, 18.60355595011133545 ) ) ;
#728 = CARTESIAN_POINT ( 'NONE',  ( 45.20000000000000284, 35.00000000000000711, 12.50000000000000000 ) ) ;
#729 = CARTESIAN_POINT ( 'NONE',  ( 44.44134808030359096, -42.42402811168465604, 1.037491850110627389 ) ) ;
#730 = CARTESIAN_POINT ( 'NONE',  ( -11.23915983428259402, -61.76871616666235099, 3.410350102338637335 ) ) ;
#731 = CARTESIAN_POINT ( 'NONE',  ( 0.000000000000000000, -77.68097998000808957, 12.50000000000000000 ) ) ;
#732 = VECTOR ( 'NONE', #2451, 1000.000000000000000 ) ;
#733 = CARTESIAN_POINT ( 'NONE',  ( 16.91644020938784010, -77.68097998000808957, 14.38971422161699820 ) ) ;
#734 = AXIS2_PLACEMENT_3D ( 'NONE', #2952, #7105, #469 ) ;
#735 = CARTESIAN_POINT ( 'NONE',  ( -18.51232292992940032, -67.50997419503497099, 20.60587220214807758 ) ) ;
#736 = CARTESIAN_POINT ( 'NONE',  ( 8.622716828144502799, -77.68097998000808957, 4.897973167114450632 ) ) ;
#737 = CARTESIAN_POINT ( 'NONE',  ( 13.41580861795304891, -62.86101984184347202, 21.58073926321265645 ) ) ;
#738 = ORIENTED_EDGE ( 'NONE', *, *, #5823, .T. ) ;
#739 = VECTOR ( 'NONE', #888, 1000.000000000000000 ) ;
#740 = FACE_BOUND ( 'NONE', #1826, .T. ) ;
#741 = CARTESIAN_POINT ( 'NONE',  ( -21.84127280223650303, -74.95842917117722948, 8.435182956424606360 ) ) ;
#742 = CARTESIAN_POINT ( 'NONE',  ( 2.151706176900856526, -64.93410546113128134, 2.414205467053005982 ) ) ;
#743 = CARTESIAN_POINT ( 'NONE',  ( -24.49313816524949772, -78.57975569811021899, 17.94502695113566659 ) ) ;
#744 = CARTESIAN_POINT ( 'NONE',  ( 6.153061036717906163, -77.68097998000806115, 29.53463352733636071 ) ) ;
#745 = VECTOR ( 'NONE', #5028, 1000.000000000000000 ) ;
#746 = CARTESIAN_POINT ( 'NONE',  ( -37.72275323607668440, -41.58826078308634067, 0.3137326372847731859 ) ) ;
#747 = ORIENTED_EDGE ( 'NONE', *, *, #2357, .T. ) ;
#748 = CARTESIAN_POINT ( 'NONE',  ( 17.39766108894289687, -74.68097998000808957, 13.29572150542254327 ) ) ;
#749 = AXIS2_PLACEMENT_3D ( 'NONE', #1127, #1591, #499 ) ;
#750 = CARTESIAN_POINT ( 'NONE',  ( 41.55720157958155880, 32.60514492996544789, 0.06934676724655061686 ) ) ;
#751 = EDGE_LOOP ( 'NONE', ( #76, #1380, #2674, #1463, #3215, #7344, #6740, #5481, #7770, #6873, #1720, #4696, #2706, #4571, #2121, #3254 ) ) ;
#752 = CARTESIAN_POINT ( 'NONE',  ( -36.79999999999998295, -44.31902001999193175, 1.450000000000001732 ) ) ;
#753 = CARTESIAN_POINT ( 'NONE',  ( -22.26297994216955445, -74.68097998000810378, 10.85934066269383003 ) ) ;
#754 = EDGE_CURVE ( 'NONE', #7609, #4427, #237, .T. ) ;
#755 = CARTESIAN_POINT ( 'NONE',  ( 45.20000000000000284, -44.31902001999193175, 0.000000000000000000 ) ) ;
#756 = EDGE_CURVE ( 'NONE', #5034, #710, #865, .T. ) ;
#757 =( LENGTH_UNIT ( ) NAMED_UNIT ( * ) SI_UNIT ( .MILLI., .METRE. ) );
#758 = VECTOR ( 'NONE', #1324, 1000.000000000000000 ) ;
#759 = CARTESIAN_POINT ( 'NONE',  ( 14.77299651914989909, -74.68097998000810378, -1.308736367287352653 ) ) ;
#760 = CARTESIAN_POINT ( 'NONE',  ( 13.88707766829060652, -66.82103628106450799, 3.209436607803306973 ) ) ;
#761 = CARTESIAN_POINT ( 'NONE',  ( 7.349007215373219992, -77.68097998000808957, 4.548393950232842542 ) ) ;
#762 = DIRECTION ( 'NONE',  ( -0.000000000000000000, -0.000000000000000000, -1.000000000000000000 ) ) ;
#763 = CARTESIAN_POINT ( 'NONE',  ( -22.18281483921539277, -71.98837970976119038, 7.243795111362137717 ) ) ;
#764 = CYLINDRICAL_SURFACE ( 'NONE', #1106, 2.499999999999995115 ) ;
#765 = ADVANCED_FACE ( 'NONE', ( #910 ), #2111, .F. ) ;
#766 = CYLINDRICAL_SURFACE ( 'NONE', #1474, 1.499999999999999556 ) ;
#767 = CARTESIAN_POINT ( 'NONE',  ( -25.59826332794526493, -74.68097998000808957, 15.56445311930350606 ) ) ;
#768 = VERTEX_POINT ( 'NONE', #3846 ) ;
#769 = CARTESIAN_POINT ( 'NONE',  ( 44.68959399065395388, 32.80023205502988759, 19.05305162672197383 ) ) ;
#770 = CARTESIAN_POINT ( 'NONE',  ( 25.92971761545421217, -78.57975569811020478, 14.29112581168902629 ) ) ;
#771 = CARTESIAN_POINT ( 'NONE',  ( 40.50000000000001421, -43.35855138437697320, 0.000000000000000000 ) ) ;
#772 = CARTESIAN_POINT ( 'NONE',  ( -11.57340780628375043, -64.39850941154888631, 3.118517888509932945 ) ) ;
#773 = CARTESIAN_POINT ( 'NONE',  ( 21.64607475027652939, -76.68167311374332940, 22.19513932382984933 ) ) ;
#774 = CARTESIAN_POINT ( 'NONE',  ( 16.72396339815527355, -77.68097998000808957, 14.77725151686962590 ) ) ;
#775 = CARTESIAN_POINT ( 'NONE',  ( 44.80081503009845534, 37.13588228415988368, 6.243465767234686936 ) ) ;
#776 = CARTESIAN_POINT ( 'NONE',  ( -12.73566226850424243, -65.60707555774648370, 21.87234969952919883 ) ) ;
#777 = CARTESIAN_POINT ( 'NONE',  ( 6.920907836083949327, -77.68097998000808957, 4.442417051582272514 ) ) ;
#778 = CARTESIAN_POINT ( 'NONE',  ( 14.99220808540343519, -68.02760039274687642, 21.62530888277269980 ) ) ;
#779 = ORIENTED_EDGE ( 'NONE', *, *, #123, .T. ) ;
#780 = CARTESIAN_POINT ( 'NONE',  ( 45.20000000000305818, -44.31902001999643659, 1.526206676146178554 ) ) ;
#781 = CARTESIAN_POINT ( 'NONE',  ( -24.57973960995905216, -78.57975569811021899, 17.79237427219959500 ) ) ;
#782 = CARTESIAN_POINT ( 'NONE',  ( 4.594442449191415534, -68.74535125111444245, 1.450579692877372651 ) ) ;
#783 = CARTESIAN_POINT ( 'NONE',  ( 21.50708717007977100, -61.26727180716715537, 21.62049566730487271 ) ) ;
#784 = AXIS2_PLACEMENT_3D ( 'NONE', #5574, #1337, #3666 ) ;
#785 = CARTESIAN_POINT ( 'NONE',  ( -43.49999999999999289, -14.68097998000809135, 12.50000000000000000 ) ) ;
#786 = ORIENTED_EDGE ( 'NONE', *, *, #521, .T. ) ;
#787 = DIRECTION ( 'NONE',  ( -0.000000000000000000, -0.000000000000000000, -1.000000000000000000 ) ) ;
#788 = DIRECTION ( 'NONE',  ( 1.000000000000000000, 0.000000000000000000, -0.000000000000000000 ) ) ;
#789 = ORIENTED_EDGE ( 'NONE', *, *, #2010, .F. ) ;
#790 = APPLICATION_CONTEXT ( 'automotive_design' ) ;
#791 = CARTESIAN_POINT ( 'NONE',  ( 44.48141677850501452, 37.30067660070595537, 19.47592483517383855 ) ) ;
#792 = DIRECTION ( 'NONE',  ( -0.000000000000000000, -0.000000000000000000, -1.000000000000000000 ) ) ;
#793 = VERTEX_POINT ( 'NONE', #2595 ) ;
#794 = CARTESIAN_POINT ( 'NONE',  ( 45.00000000000000000, 37.00000000000001421, 7.500000000000000000 ) ) ;
#795 = EDGE_CURVE ( 'NONE', #341, #1043, #2999, .T. ) ;
#796 = CARTESIAN_POINT ( 'NONE',  ( -39.68906045779884550, 52.20005481816578907, 5.945709996259935792 ) ) ;
#797 = CARTESIAN_POINT ( 'NONE',  ( -16.96051431731988401, -74.68097998000808957, 10.71000911379278264 ) ) ;
#798 = CARTESIAN_POINT ( 'NONE',  ( -25.61808094222631382, -75.21003179747823708, 9.510542914005666759 ) ) ;
#799 = FACE_OUTER_BOUND ( 'NONE', #1899, .T. ) ;
#800 = CARTESIAN_POINT ( 'NONE',  ( -40.00000000000000000, 48.00000000000002842, 7.174456392055885701 ) ) ;
#801 = DIRECTION ( 'NONE',  ( -0.000000000000000000, -0.000000000000000000, -1.000000000000000000 ) ) ;
#802 = EDGE_CURVE ( 'NONE', #7574, #1604, #2497, .T. ) ;
#803 = ORIENTED_EDGE ( 'NONE', *, *, #3017, .F. ) ;
#804 = DIRECTION ( 'NONE',  ( 0.000000000000000000, 0.000000000000000000, 1.000000000000000000 ) ) ;
#805 = CARTESIAN_POINT ( 'NONE',  ( 24.86611085946165645, -58.40486459085619231, 14.73437165402763860 ) ) ;
#806 = CARTESIAN_POINT ( 'NONE',  ( 45.03534546830283603, -43.45424195678311463, 1.409428335625810824 ) ) ;
#807 = CARTESIAN_POINT ( 'NONE',  ( -11.07851632400201680, -60.45093107059867776, 3.543668735763143118 ) ) ;
#808 = FACE_OUTER_BOUND ( 'NONE', #1093, .T. ) ;
#809 = CARTESIAN_POINT ( 'NONE',  ( 21.61464733046742737, -74.68097998000835958, 17.38692913433354192 ) ) ;
#810 = CIRCLE ( 'NONE', #5191, 3.149999999999999911 ) ;
#811 = CARTESIAN_POINT ( 'NONE',  ( -4.857460020034343628, -74.68097998000808957, 4.030823476627345414 ) ) ;
#812 = CARTESIAN_POINT ( 'NONE',  ( 17.37202824585863326, -74.41655535215069506, 21.01575719131495390 ) ) ;
#813 = ORIENTED_EDGE ( 'NONE', *, *, #6547, .F. ) ;
#814 = CARTESIAN_POINT ( 'NONE',  ( 18.48537151916513110, -77.68097998000807536, 0.1722596341976397327 ) ) ;
#815 = CARTESIAN_POINT ( 'NONE',  ( -24.88177154653316947, -58.40486459085620652, 8.031245347946432744 ) ) ;
#816 = CARTESIAN_POINT ( 'NONE',  ( 6.147684072932945831, -62.19276607826562042, 3.242251638369022082 ) ) ;
#817 = CARTESIAN_POINT ( 'NONE',  ( 22.02978123891415052, -69.79011332229102038, 12.49999999999998579 ) ) ;
#818 = CARTESIAN_POINT ( 'NONE',  ( 23.91533722709289123, -77.68097998000810378, 19.40688617464218524 ) ) ;
#819 = CARTESIAN_POINT ( 'NONE',  ( 44.62528834764145813, -42.76616521451800423, 19.19759422017399331 ) ) ;
#820 = ORIENTED_EDGE ( 'NONE', *, *, #2861, .F. ) ;
#821 = CARTESIAN_POINT ( 'NONE',  ( 17.57257356311983187, -77.68097998000808957, 12.89786075271126187 ) ) ;
#822 = EDGE_CURVE ( 'NONE', #493, #6446, #1408, .T. ) ;
#824 = CARTESIAN_POINT ( 'NONE',  ( 43.96003450688680658, 32.66558650524849838, 0.7826496990595793735 ) ) ;
#823 = COLOUR_RGB ( '',0.7921568627450980005, 0.8196078431372548767, 0.9333333333333333481 ) ;
#825 = VERTEX_POINT ( 'NONE', #7460 ) ;
#826 = VECTOR ( 'NONE', #5570, 1000.000000000000000 ) ;
#827 = CARTESIAN_POINT ( 'NONE',  ( 43.03953047244188213, 37.46142407669294272, 20.94462415006240974 ) ) ;
#828 = PLANE ( 'NONE',  #7349 ) ;
#829 = VECTOR ( 'NONE', #5950, 1000.000000000000000 ) ;
#830 = ORIENTED_EDGE ( 'NONE', *, *, #2249, .T. ) ;
#831 = CARTESIAN_POINT ( 'NONE',  ( -19.65430195980016492, -74.68097998000807536, 1.256985265841100485 ) ) ;
#832 = CARTESIAN_POINT ( 'NONE',  ( 41.87284245155842655, -46.89798796427944438, 32.07106781186548261 ) ) ;
#833 = CARTESIAN_POINT ( 'NONE',  ( -5.511936862594976283, -74.68097998000808957, 4.147641005789954427 ) ) ;
#834 = CARTESIAN_POINT ( 'NONE',  ( -23.35988815830984677, -58.96256799630452861, 3.111249744411107798 ) ) ;
#835 = CARTESIAN_POINT ( 'NONE',  ( -17.39083232939693602, -74.68097998000808957, 13.31125439080325634 ) ) ;
#836 = DIRECTION ( 'NONE',  ( -1.000000000000000000, 0.000000000000000000, 0.000000000000000000 ) ) ;
#837 = ORIENTED_EDGE ( 'NONE', *, *, #5018, .F. ) ;
#838 = CARTESIAN_POINT ( 'NONE',  ( 43.04050957348079720, 32.53838129721022909, 20.94405583570355489 ) ) ;
#839 = LINE ( 'NONE', #6918, #1483 ) ;
#840 = CARTESIAN_POINT ( 'NONE',  ( 25.88303243258905439, -77.68097998000807536, 14.41041209536786916 ) ) ;
#841 = CARTESIAN_POINT ( 'NONE',  ( -14.75455560224882312, -73.39658396441512878, 2.748387238328869664 ) ) ;
#842 = DIRECTION ( 'NONE',  ( 1.000000000000000000, 0.000000000000000000, 0.000000000000000000 ) ) ;
#843 = CARTESIAN_POINT ( 'NONE',  ( -39.99999999999998579, -14.68097998000809135, 8.499999999999998224 ) ) ;
#844 = EDGE_CURVE ( 'NONE', #5872, #5253, #6231, .T. ) ;
#845 = CARTESIAN_POINT ( 'NONE',  ( -15.64861594070329431, -65.25638415763951627, 21.38229923068328020 ) ) ;
#846 = ADVANCED_FACE ( 'NONE', ( #5145 ), #3224, .T. ) ;
#847 = CARTESIAN_POINT ( 'NONE',  ( 16.52603377690035558, -77.68097998000808957, 9.892701233337554356 ) ) ;
#848 = CARTESIAN_POINT ( 'NONE',  ( 16.43676526278733263, -73.19729199210101456, 21.43250329657699638 ) ) ;
#849 = VERTEX_POINT ( 'NONE', #7542 ) ;
#850 = CIRCLE ( 'NONE', #1852, 2.499999999999995115 ) ;
#851 = CARTESIAN_POINT ( 'NONE',  ( -39.15881033675495360, 56.30857190057694339, 19.96799670684640660 ) ) ;
#852 = DIRECTION ( 'NONE',  ( 1.000000000000000000, 0.000000000000000000, 0.000000000000000000 ) ) ;
#853 = CARTESIAN_POINT ( 'NONE',  ( 6.253777446258312445, -73.86767720903790746, 0.2370283672762449612 ) ) ;
#854 = AXIS2_PLACEMENT_3D ( 'NONE', #101, #175, #4300 ) ;
#855 = CARTESIAN_POINT ( 'NONE',  ( 21.49160088703865412, -69.39155777118797630, 19.94566750082962159 ) ) ;
#856 = EDGE_CURVE ( 'NONE', #7449, #6280, #2165, .T. ) ;
#857 = CARTESIAN_POINT ( 'NONE',  ( 18.57315826777938028, -77.68097998000808957, 24.77726888425403118 ) ) ;
#858 = CARTESIAN_POINT ( 'NONE',  ( -21.54134882557720942, -61.48676229556309636, 12.50000000000000000 ) ) ;
#859 = CARTESIAN_POINT ( 'NONE',  ( 43.12094964912814987, -47.00504053701247642, 0.4402612109021889486 ) ) ;
#860 = ORIENTED_EDGE ( 'NONE', *, *, #6109, .T. ) ;
#861 = ORIENTED_EDGE ( 'NONE', *, *, #3006, .T. ) ;
#862 = LINE ( 'NONE', #119, #5575 ) ;
#863 = ORIENTED_EDGE ( 'NONE', *, *, #1566, .F. ) ;
#864 = CARTESIAN_POINT ( 'NONE',  ( 3.754565364000248096, -68.90558550182559827, 3.500000000000000000 ) ) ;
#865 = CIRCLE ( 'NONE', #5249, 2.500000000000002220 ) ;
#866 = CARTESIAN_POINT ( 'NONE',  ( -24.72710036683703905, -78.46065648618757393, 7.471509012336595035 ) ) ;
#867 = CARTESIAN_POINT ( 'NONE',  ( -38.17551461109292177, 47.51761952350504714, 20.86053767274171022 ) ) ;
#868 = ORIENTED_EDGE ( 'NONE', *, *, #7232, .F. ) ;
#869 = CARTESIAN_POINT ( 'NONE',  ( 48.50000000000001421, -47.11324865405205031, 25.00000000000000000 ) ) ;
#870 = CARTESIAN_POINT ( 'NONE',  ( -39.22380449635262067, 52.39476835549750433, 5.126783034840883602 ) ) ;
#871 = CARTESIAN_POINT ( 'NONE',  ( -14.97358545155752552, -74.68097998000807536, 8.201521145608493768 ) ) ;
#872 = CARTESIAN_POINT ( 'NONE',  ( -2.256339419005501501, -67.50512267560515056, 23.32934130502411207 ) ) ;
#873 = DIRECTION ( 'NONE',  ( -0.000000000000000000, -0.000000000000000000, -1.000000000000000000 ) ) ;
#874 = B_SPLINE_CURVE_WITH_KNOTS ( 'NONE', 3,
 ( #2604, #4998, #5230, #1656 ),
 .UNSPECIFIED., .F., .F.,
 ( 4, 4 ),
 ( 0.000000000000000000, 0.001524608330382732236 ),
 .UNSPECIFIED. ) ;
#875 = CARTESIAN_POINT ( 'NONE',  ( 25.53835848676049736, -60.68097998000807536, 0.000000000000000000 ) ) ;
#876 = ORIENTED_EDGE ( 'NONE', *, *, #6080, .T. ) ;
#877 = CARTESIAN_POINT ( 'NONE',  ( 23.23072555865653399, -66.63815700881886528, 5.819265472655596128 ) ) ;
#878 = CARTESIAN_POINT ( 'NONE',  ( 25.92971761545421572, -78.57975569811021899, 10.70887418831095594 ) ) ;
#879 = CARTESIAN_POINT ( 'NONE',  ( 24.86611085946165645, -58.40486459085619231, 10.26562834597241647 ) ) ;
#880 = CARTESIAN_POINT ( 'NONE',  ( -18.58320860325472523, -70.17509157243534901, 4.638925927902997515 ) ) ;
#881 = DIRECTION ( 'NONE',  ( -1.593074305255970064E-16, 1.000000000000000000, 0.000000000000000000 ) ) ;
#882 = DIRECTION ( 'NONE',  ( -1.593074305255970310E-16, 1.000000000000000000, 0.000000000000000000 ) ) ;
#883 = CARTESIAN_POINT ( 'NONE',  ( -15.98730253286807113, -75.93053228859230330, 21.98734483185614152 ) ) ;
#884 = CARTESIAN_POINT ( 'NONE',  ( 25.97137762890872992, -77.68097998000808957, 11.55117048470969721 ) ) ;
#885 = CARTESIAN_POINT ( 'NONE',  ( 20.91150306046382212, -75.01268792950622810, 18.13524269598298488 ) ) ;
#886 = ORIENTED_EDGE ( 'NONE', *, *, #5377, .F. ) ;
#887 = CARTESIAN_POINT ( 'NONE',  ( 1.082698699418197075, -77.68097998000811799, 29.99999350778998775 ) ) ;
#888 = DIRECTION ( 'NONE',  ( 1.593074305255970310E-16, -1.000000000000000000, -0.000000000000000000 ) ) ;
#889 = ADVANCED_FACE ( 'NONE', ( #2638 ), #7422, .F. ) ;
#890 = ADVANCED_FACE ( 'NONE', ( #6467 ), #7584, .F. ) ;
#891 = CARTESIAN_POINT ( 'NONE',  ( 3.147311357998889392, -63.61960519538073555, 2.814330596337369705 ) ) ;
#892 = CARTESIAN_POINT ( 'NONE',  ( 16.82821902380753798, -74.68097998000807536, 14.58725107535734367 ) ) ;
#893 = CARTESIAN_POINT ( 'NONE',  ( 21.48137684748376941, -63.94034018217695348, 22.31812960338884722 ) ) ;
#894 = CARTESIAN_POINT ( 'NONE',  ( 11.45833333333336768, -60.68097998000806825, 25.00000000000000000 ) ) ;
#895 = CARTESIAN_POINT ( 'NONE',  ( 41.07771329643640001, -44.36094737015910283, 21.49936483414511557 ) ) ;
#896 = CARTESIAN_POINT ( 'NONE',  ( 42.72275323607676256, -47.04977925689751572, 0.3137326372847818456 ) ) ;
#897 = ORIENTED_EDGE ( 'NONE', *, *, #599, .F. ) ;
#898 = CARTESIAN_POINT ( 'NONE',  ( 8.960884128208261856, -76.37580953461250033, 24.87679211543061442 ) ) ;
#899 = VERTEX_POINT ( 'NONE', #3415 ) ;
#900 = CARTESIAN_POINT ( 'NONE',  ( 43.50000000000000711, 35.00000000000000711, 0.000000000000000000 ) ) ;
#901 = ORIENTED_EDGE ( 'NONE', *, *, #6597, .F. ) ;
#902 = EDGE_CURVE ( 'NONE', #2080, #7447, #6227, .T. ) ;
#903 = CARTESIAN_POINT ( 'NONE',  ( 15.29805724327649052, -70.66831884553170084, 3.276445563889763601 ) ) ;
#904 = VECTOR ( 'NONE', #7428, 1000.000000000000000 ) ;
#905 = CARTESIAN_POINT ( 'NONE',  ( 40.99999999999998579, 35.16306045831868232, 21.50000000000000000 ) ) ;
#906 = CARTESIAN_POINT ( 'NONE',  ( -7.746784082691731577, -78.46065648618757393, -4.454472283143536160 ) ) ;
#907 = DIRECTION ( 'NONE',  ( 0.000000000000000000, -1.000000000000000000, 0.000000000000000000 ) ) ;
#908 = ORIENTED_EDGE ( 'NONE', *, *, #179, .F. ) ;
#909 = DIRECTION ( 'NONE',  ( -1.000000000000000000, 0.000000000000000000, 0.000000000000000000 ) ) ;
#910 = FACE_OUTER_BOUND ( 'NONE', #6260, .T. ) ;
#911 = CARTESIAN_POINT ( 'NONE',  ( -14.10546754915306700, -74.68097998000808957, 7.511986410230845124 ) ) ;
#912 = CARTESIAN_POINT ( 'NONE',  ( -2.052079450842640540, -62.36278547946943718, 21.84246563081117642 ) ) ;
#913 = CARTESIAN_POINT ( 'NONE',  ( 12.56950975531037251, -74.68097998000806115, 23.34530654876262190 ) ) ;
#914 = CARTESIAN_POINT ( 'NONE',  ( -9.856188008211079321, -74.68097998000810378, 33.43510881909568155 ) ) ;
#915 = CARTESIAN_POINT ( 'NONE',  ( 20.75962482619188165, -60.08850364132560173, -0.1477511290450775894 ) ) ;
#916 = ORIENTED_EDGE ( 'NONE', *, *, #2592, .F. ) ;
#917 = CARTESIAN_POINT ( 'NONE',  ( 22.44883895174223198, -70.63756611667132290, 6.922311474553569433 ) ) ;
#918 = CARTESIAN_POINT ( 'NONE',  ( 25.05894920403238046, -58.40486459085619941, -1.344987424664924269 ) ) ;
#919 = CARTESIAN_POINT ( 'NONE',  ( 25.92971761545421217, -78.57975569811020478, 14.29112581168902629 ) ) ;
#920 = CARTESIAN_POINT ( 'NONE',  ( -18.34460436924686277, -62.20584569648685402, 3.762473609837497790 ) ) ;
#921 = CARTESIAN_POINT ( 'NONE',  ( -39.99999999999999289, 52.00000000000001421, 12.50000000000000000 ) ) ;
#922 = CARTESIAN_POINT ( 'NONE',  ( 48.50000000000000711, -47.11324865405205031, 21.68629150101523351 ) ) ;
#923 = CARTESIAN_POINT ( 'NONE',  ( -16.58733917319553441, -74.51728046752216983, 21.46541367103920095 ) ) ;
#924 = CARTESIAN_POINT ( 'NONE',  ( 22.31747927760338257, -74.68097998000807536, 13.31965619281419677 ) ) ;
#925 = CARTESIAN_POINT ( 'NONE',  ( 21.73250879638442257, -66.92739287752277733, 19.62693059876817969 ) ) ;
#926 = ORIENTED_EDGE ( 'NONE', *, *, #2527, .F. ) ;
#927 = CARTESIAN_POINT ( 'NONE',  ( 7.465891482307032589, -77.68097998000808957, 29.27880961244837010 ) ) ;
#928 = CARTESIAN_POINT ( 'NONE',  ( -22.27594339145246138, -73.97486991544239743, 12.49999999999999822 ) ) ;
#929 = CARTESIAN_POINT ( 'NONE',  ( -2.424533570874003452, -71.36102274495075903, 0.5550033624445400715 ) ) ;
#930 = CARTESIAN_POINT ( 'NONE',  ( -4.347175699742963140, -74.68097998000810378, 21.13706630210239368 ) ) ;
#931 = CARTESIAN_POINT ( 'NONE',  ( 22.11183528976026125, -71.18503218667491694, 13.64347582380988833 ) ) ;
#932 = CARTESIAN_POINT ( 'NONE',  ( 25.00000000000000000, -60.68097998000807536, 25.00000000000000000 ) ) ;
#933 = EDGE_CURVE ( 'NONE', #5782, #5602, #4638, .T. ) ;
#934 = CARTESIAN_POINT ( 'NONE',  ( -41.74999999999997868, -46.96891108675445281, 25.00000000000000000 ) ) ;
#935 = ORIENTED_EDGE ( 'NONE', *, *, #454, .T. ) ;
#936 = CARTESIAN_POINT ( 'NONE',  ( 6.680495825027612966, -67.37256335746319280, 22.98298000268517782 ) ) ;
#937 = ORIENTED_EDGE ( 'NONE', *, *, #6244, .F. ) ;
#938 = VERTEX_POINT ( 'NONE', #5341 ) ;
#939 = CARTESIAN_POINT ( 'NONE',  ( 11.91968504268719897, -67.02388922762808932, 2.812409298354537679 ) ) ;
#940 = FACE_OUTER_BOUND ( 'NONE', #2356, .T. ) ;
#941 = CARTESIAN_POINT ( 'NONE',  ( -10.60879064121277437, -78.46065648618754551, -3.715404316147632002 ) ) ;
#942 = CARTESIAN_POINT ( 'NONE',  ( 40.99999999999999289, -44.99999999999999289, 32.07106781186548261 ) ) ;
#943 = EDGE_CURVE ( 'NONE', #1315, #5919, #3750, .T. ) ;
#944 = ORIENTED_EDGE ( 'NONE', *, *, #3192, .T. ) ;
#945 = CARTESIAN_POINT ( 'NONE',  ( -22.02978123891412920, -69.79011332229077880, 12.49999999999999289 ) ) ;
#946 = CARTESIAN_POINT ( 'NONE',  ( -38.17551461109294308, 52.48238047649499549, 4.139462327258298657 ) ) ;
#947 = CARTESIAN_POINT ( 'NONE',  ( 4.812772216244844969, -74.68097998000810378, 4.026651583391349654 ) ) ;
#948 = CARTESIAN_POINT ( 'NONE',  ( -6.680495825027560564, -67.37256335746322122, 22.98298000268517782 ) ) ;
#949 = VECTOR ( 'NONE', #643, 1000.000000000000000 ) ;
#950 = CARTESIAN_POINT ( 'NONE',  ( 0.9753408198026833897, -74.68097998000810378, 25.46044385558571577 ) ) ;
#951 = CARTESIAN_POINT ( 'NONE',  ( 41.80000000000000426, -44.31902001999193175, 12.50000000000000000 ) ) ;
#952 = CARTESIAN_POINT ( 'NONE',  ( 40.50000000000000000, 40.00000000000000711, 0.000000000000000000 ) ) ;
#953 = CARTESIAN_POINT ( 'NONE',  ( 23.95833333333333570, -60.68097998000807536, 0.000000000000000000 ) ) ;
#954 = ORIENTED_EDGE ( 'NONE', *, *, #2082, .T. ) ;
#955 = CARTESIAN_POINT ( 'NONE',  ( 21.88772403744691530, -70.78831138779153775, 6.579989289222857529 ) ) ;
#956 = CARTESIAN_POINT ( 'NONE',  ( 25.06445558290797138, -58.40486459085619941, -1.554345678593188840 ) ) ;
#957 = CARTESIAN_POINT ( 'NONE',  ( 25.00000000000000000, -60.68097998000807536, -0.5830490930748685185 ) ) ;
#958 = CARTESIAN_POINT ( 'NONE',  ( -17.37213960546792535, -62.34222920456436867, 3.703631489777679864 ) ) ;
#959 = CARTESIAN_POINT ( 'NONE',  ( -39.99999999999997868, -42.99999999999998579, 32.07106781186548261 ) ) ;
#960 = CARTESIAN_POINT ( 'NONE',  ( -25.99999999999999645, -74.68097998000808957, 12.50000000000000000 ) ) ;
#961 = CARTESIAN_POINT ( 'NONE',  ( -9.004605784490154363, -68.56039138758954721, 22.97117096561938965 ) ) ;
#962 = ADVANCED_FACE ( 'NONE', ( #7108 ), #516, .F. ) ;
#963 = FACE_BOUND ( 'NONE', #7138, .T. ) ;
#964 = CARTESIAN_POINT ( 'NONE',  ( 20.11894675680564504, -68.55372126862255300, 19.87845177918300266 ) ) ;
#965 = ORIENTED_EDGE ( 'NONE', *, *, #7618, .F. ) ;
#966 = CARTESIAN_POINT ( 'NONE',  ( -2.161340569159248215, -77.68097998000808957, 29.95470529358291856 ) ) ;
#967 = CARTESIAN_POINT ( 'NONE',  ( -22.13333020349537961, -72.53824569640859465, 10.41853363515843256 ) ) ;
#968 = CARTESIAN_POINT ( 'NONE',  ( -3.076965311743936393, -62.33183625387478344, 3.173644006424892972 ) ) ;
#969 = DIRECTION ( 'NONE',  ( -1.000000000000000000, 0.000000000000000000, 0.000000000000000000 ) ) ;
#970 = CARTESIAN_POINT ( 'NONE',  ( 25.65639081652324904, -76.26764005264477930, 15.33569234972120654 ) ) ;
#971 = CARTESIAN_POINT ( 'NONE',  ( -25.65675389976340881, -77.68097998000808957, 9.665712661770600178 ) ) ;
#972 = PLANE ( 'NONE',  #1274 ) ;
#973 = VERTEX_POINT ( 'NONE', #7742 ) ;
#974 = CARTESIAN_POINT ( 'NONE',  ( 3.787008615506103570, -73.91325562319730125, 25.06681985422573788 ) ) ;
#975 = EDGE_LOOP ( 'NONE', ( #5913, #3029, #2301, #1973 ) ) ;
#976 = PRESENTATION_STYLE_ASSIGNMENT (( #3443 ) ) ;
#977 = ORIENTED_EDGE ( 'NONE', *, *, #1557, .T. ) ;
#978 = CARTESIAN_POINT ( 'NONE',  ( -25.04793644628120219, -58.40486459085621362, -0.9262709168083923528 ) ) ;
#979 = CARTESIAN_POINT ( 'NONE',  ( -20.83333333333333215, -60.68097998000806825, 0.000000000000000000 ) ) ;
#980 = CARTESIAN_POINT ( 'NONE',  ( 42.76115894736753376, -42.60734206604199414, 3.905070364942054617 ) ) ;
#981 = VECTOR ( 'NONE', #873, 1000.000000000000000 ) ;
#982 = ORIENTED_EDGE ( 'NONE', *, *, #943, .F. ) ;
#983 = CARTESIAN_POINT ( 'NONE',  ( 48.50000000000000000, 40.00000000000000711, 17.00000000000000000 ) ) ;
#984 = VECTOR ( 'NONE', #2815, 1000.000000000000000 ) ;
#985 = CARTESIAN_POINT ( 'NONE',  ( -36.12455426886086940, -44.20411025235608093, 3.501470167852021032 ) ) ;
#986 = EDGE_CURVE ( 'NONE', #3844, #3836, #2205, .T. ) ;
#987 = ADVANCED_FACE ( 'NONE', ( #1103 ), #4125, .F. ) ;
#988 = CARTESIAN_POINT ( 'NONE',  ( -10.54363723684924459, -74.68097998000810378, 5.603665597054344971 ) ) ;
#989 = CARTESIAN_POINT ( 'NONE',  ( -4.808524193031206373, -71.32082310411551873, 24.24686620400003889 ) ) ;
#990 = CARTESIAN_POINT ( 'NONE',  ( -21.61464733046744158, -74.68097998000808957, 7.613070865666383469 ) ) ;
#991 = DIRECTION ( 'NONE',  ( 0.000000000000000000, -0.000000000000000000, -1.000000000000000000 ) ) ;
#992 = CARTESIAN_POINT ( 'NONE',  ( 1.041666666666657859, -60.68097998000806115, 0.000000000000000000 ) ) ;
#993 = ORIENTED_EDGE ( 'NONE', *, *, #2917, .T. ) ;
#994 = AXIS2_PLACEMENT_3D ( 'NONE', #1336, #5428, #6121 ) ;
#995 = CARTESIAN_POINT ( 'NONE',  ( 22.09462983555210869, -62.97831729995911587, 4.331785656118067429 ) ) ;
#996 = DIRECTION ( 'NONE',  ( -1.000000000000000000, -1.593074305255970310E-16, 0.000000000000000000 ) ) ;
#997 = B_SPLINE_CURVE_WITH_KNOTS ( 'NONE', 1,
 ( #5274, #1780 ),
 .UNSPECIFIED., .F., .F.,
 ( 2, 2 ),
 ( 0.000000000000000000, 0.01402420053665705962 ),
 .UNSPECIFIED. ) ;
#998 = EDGE_CURVE ( 'NONE', #5782, #1524, #7387, .T. ) ;
#999 = CARTESIAN_POINT ( 'NONE',  ( 25.88303243258905795, -77.68097998000808957, 10.58958790463211663 ) ) ;
#1000 = CARTESIAN_POINT ( 'NONE',  ( -17.52823973180034045, -64.99213116019389247, 3.948102702941449049 ) ) ;
#1001 = CARTESIAN_POINT ( 'NONE',  ( -4.740459527603283263, -61.13521016417722365, 3.500000000000001332 ) ) ;
#1002 = CARTESIAN_POINT ( 'NONE',  ( 44.75735313547401972, 42.64801715423830331, 6.099907854761147163 ) ) ;
#1003 = CARTESIAN_POINT ( 'NONE',  ( -8.779300601199661713, -75.08486007896513570, 24.58768076618371623 ) ) ;
#1004 = AXIS2_PLACEMENT_3D ( 'NONE', #1114, #7671, #1072 ) ;
#1005 = DIRECTION ( 'NONE',  ( 0.8660254037844417052, 0.4999999999999948375, -0.000000000000000000 ) ) ;
#1006 = CARTESIAN_POINT ( 'NONE',  ( 17.28711727639148776, -61.02057035546271635, 21.43509607468589806 ) ) ;
#1007 = ORIENTED_EDGE ( 'NONE', *, *, #1142, .F. ) ;
#1008 = CARTESIAN_POINT ( 'NONE',  ( 44.16877089628041375, 37.17438754433059955, 0.8878204592290630526 ) ) ;
#1009 = CARTESIAN_POINT ( 'NONE',  ( -21.83137280944552217, -66.97200857749460567, 9.610709532913400466 ) ) ;
#1010 = CARTESIAN_POINT ( 'NONE',  ( -4.132032147143061011E-14, -63.66295737233097896, 2.771192414807534199 ) ) ;
#1011 = CARTESIAN_POINT ( 'NONE',  ( -39.16621187613258570, 52.17668277800845544, 0.8864716109234465069 ) ) ;
#1012 = CARTESIAN_POINT ( 'NONE',  ( -43.50000000000000000, 55.00000000000000711, 8.000000000000000000 ) ) ;
#1013 = CARTESIAN_POINT ( 'NONE',  ( -21.14947223478096916, -72.28943878771946174, 18.52927521784586062 ) ) ;
#1014 =( BOUNDED_CURVE ( )  B_SPLINE_CURVE ( 3, ( #4318, #6708, #6115, #6044 ),
 .UNSPECIFIED., .F., .T. ) 
 B_SPLINE_CURVE_WITH_KNOTS ( ( 4, 4 ),
 ( 5.710363460747668540, 5.958552916380432940 ),
 .UNSPECIFIED. ) 
 CURVE ( )  GEOMETRIC_REPRESENTATION_ITEM ( )  RATIONAL_B_SPLINE_CURVE ( ( 1.000000000000000000, 0.9948734168135242584, 0.9948734168135242584, 1.000000000000000000 ) ) 
 REPRESENTATION_ITEM ( '' )  );
#1015 = DIRECTION ( 'NONE',  ( 0.000000000000000000, 0.000000000000000000, 1.000000000000000000 ) ) ;
#1016 = VERTEX_POINT ( 'NONE', #7621 ) ;
#1017 = CARTESIAN_POINT ( 'NONE',  ( 7.273716032205729043, -72.53971994787947608, 24.22069078581628432 ) ) ;
#1018 = ORIENTED_EDGE ( 'NONE', *, *, #169, .F. ) ;
#1019 = CARTESIAN_POINT ( 'NONE',  ( -39.68959399065393256, 52.19976794497013373, 19.05305162672197739 ) ) ;
#1020 = VERTEX_POINT ( 'NONE', #2244 ) ;
#1021 = CARTESIAN_POINT ( 'NONE',  ( -24.94317924871467795, -58.40486459085620652, 3.557414383494446497 ) ) ;
#1022 = CARTESIAN_POINT ( 'NONE',  ( 20.46309068487978067, -74.68097998000808957, 23.18882751987998958 ) ) ;
#1023 = CARTESIAN_POINT ( 'NONE',  ( -16.54023072239563064, -60.08850364132560173, 25.05319528772024640 ) ) ;
#1024 = ORIENTED_EDGE ( 'NONE', *, *, #2294, .F. ) ;
#1025 = CARTESIAN_POINT ( 'NONE',  ( -21.86567313722191130, -67.00027559352304252, 12.49999999999999289 ) ) ;
#1026 = CARTESIAN_POINT ( 'NONE',  ( -39.62528834764143681, -42.76616521451799002, 5.802405779826029786 ) ) ;
#1027 = CARTESIAN_POINT ( 'NONE',  ( 15.05072674614280004, -74.68097998000810378, 8.264812358289095329 ) ) ;
#1028 = CARTESIAN_POINT ( 'NONE',  ( -5.021177491593276088, -60.96008614159776329, 21.45993577308573208 ) ) ;
#1029 = PLANE ( 'NONE',  #6198 ) ;
#1030 = CARTESIAN_POINT ( 'NONE',  ( 0.000000000000000000, -74.68097998000808957, 12.50000000000000000 ) ) ;
#1031 = EDGE_CURVE ( 'NONE', #2565, #4165, #7549, .T. ) ;
#1032 = CARTESIAN_POINT ( 'NONE',  ( 7.181129364893386047, -60.08850364132560173, 0.1238092911977994454 ) ) ;
#1033 = CARTESIAN_POINT ( 'NONE',  ( 22.30159721909725334, -68.10197713995356139, 5.966784009829269486 ) ) ;
#1034 = DIRECTION ( 'NONE',  ( -1.593074305255970310E-16, 1.000000000000000000, 0.000000000000000000 ) ) ;
#1035 = CARTESIAN_POINT ( 'NONE',  ( -21.57671080201685854, -65.05230877576777004, 4.808653015071902459 ) ) ;
#1036 = CARTESIAN_POINT ( 'NONE',  ( -15.29805724327656691, -70.66831884553170084, 3.276445563889793355 ) ) ;
#1037 = CARTESIAN_POINT ( 'NONE',  ( -25.99999999999999645, -74.68097998000808957, 12.50000000000000000 ) ) ;
#1038 = ORIENTED_EDGE ( 'NONE', *, *, #7473, .F. ) ;
#1039 = CARTESIAN_POINT ( 'NONE',  ( -38.49999999999998579, 50.00000000000000711, 0.000000000000000000 ) ) ;
#1040 = CARTESIAN_POINT ( 'NONE',  ( -11.07851632400200259, -60.45093107059868487, 21.45633126423686221 ) ) ;
#1041 = EDGE_CURVE ( 'NONE', #2851, #5330, #5255, .T. ) ;
#1042 = LINE ( 'NONE', #5901, #471 ) ;
#1043 = VERTEX_POINT ( 'NONE', #2992 ) ;
#1044 = DIRECTION ( 'NONE',  ( -0.000000000000000000, -0.000000000000000000, -1.000000000000000000 ) ) ;
#1045 = STYLED_ITEM ( 'NONE', ( #4271 ), #5179 ) ;
#1046 = CARTESIAN_POINT ( 'NONE',  ( -39.40916183181369092, -42.66574102970333371, 19.61577106629918177 ) ) ;
#1047 = CARTESIAN_POINT ( 'NONE',  ( -1.269873893826233058, -73.94033909007801242, -0.2515669139415794842 ) ) ;
#1048 = CARTESIAN_POINT ( 'NONE',  ( -37.85877032672654252, 52.72395231462780174, 0.3543979852199177216 ) ) ;
#1049 = CARTESIAN_POINT ( 'NONE',  ( 41.80000000000001137, 35.00000000000000711, 17.00000000000000000 ) ) ;
#1050 = FACE_OUTER_BOUND ( 'NONE', #1863, .T. ) ;
#1051 = ORIENTED_EDGE ( 'NONE', *, *, #454, .F. ) ;
#1052 = CARTESIAN_POINT ( 'NONE',  ( 3.533437471243659811, -70.05455626177925410, 23.98553950884791774 ) ) ;
#1053 = ORIENTED_EDGE ( 'NONE', *, *, #5202, .T. ) ;
#1054 = CARTESIAN_POINT ( 'NONE',  ( -39.84802588720936001, 52.10591333982741702, 18.60355595011134611 ) ) ;
#1055 = CARTESIAN_POINT ( 'NONE',  ( -24.57973960995905927, -78.57975569811021899, 7.207625727800418325 ) ) ;
#1056 = CARTESIAN_POINT ( 'NONE',  ( -24.53643888760428737, -78.57975569811021899, 7.131299388332391409 ) ) ;
#1057 = CARTESIAN_POINT ( 'NONE',  ( 45.00000000000000000, 40.00000000000000711, 12.50000000000000000 ) ) ;
#1058 = CARTESIAN_POINT ( 'NONE',  ( -25.01247793074002601, -60.08850364132559463, 25.24110974515365058 ) ) ;
#1059 = ORIENTED_EDGE ( 'NONE', *, *, #6625, .T. ) ;
#1060 = ADVANCED_FACE ( 'NONE', ( #2361 ), #5422, .T. ) ;
#1061 = DIRECTION ( 'NONE',  ( 0.8660254037844415942, 0.4999999999999947820, -0.000000000000000000 ) ) ;
#1062 = CARTESIAN_POINT ( 'NONE',  ( -21.90622993233806426, -68.36429191225097668, 15.19489206313989804 ) ) ;
#1063 = DIRECTION ( 'NONE',  ( 0.000000000000000000, 0.000000000000000000, 1.000000000000000000 ) ) ;
#1064 = CARTESIAN_POINT ( 'NONE',  ( 7.405753683246876662, -74.68097998000808957, 4.566424950826839968 ) ) ;
#1065 = CARTESIAN_POINT ( 'NONE',  ( 1.211309899116209898, -71.37099366064143169, 24.49587708175435807 ) ) ;
#1066 = DIRECTION ( 'NONE',  ( -1.000000000000000000, 0.000000000000000000, 0.000000000000000000 ) ) ;
#1067 = CARTESIAN_POINT ( 'NONE',  ( -43.50000000000000000, 55.00000000000000711, 8.000000000000000000 ) ) ;
#1068 = DIRECTION ( 'NONE',  ( -1.000000000000000000, 0.000000000000000000, 0.000000000000000000 ) ) ;
#1069 = CARTESIAN_POINT ( 'NONE',  ( -6.153061036717902610, -77.68097998000808957, -4.534633527336366043 ) ) ;
#1070 = CARTESIAN_POINT ( 'NONE',  ( 19.41421314457585012, -75.39980409940714878, 5.447530586489842896 ) ) ;
#1071 = DIRECTION ( 'NONE',  ( 1.321694076934710155E-16, -1.000000000000000000, 0.000000000000000000 ) ) ;
#1072 = DIRECTION ( 'NONE',  ( 1.000000000000000000, 0.000000000000000000, 0.000000000000000000 ) ) ;
#1073 = CARTESIAN_POINT ( 'NONE',  ( -20.28134915541000893, -61.93303024238515064, 3.872686045210428585 ) ) ;
#1074 = CARTESIAN_POINT ( 'NONE',  ( -39.01150253913488797, 56.35041234689798273, 24.20656846427347730 ) ) ;
#1075 = ORIENTED_EDGE ( 'NONE', *, *, #1226, .T. ) ;
#1076 = CARTESIAN_POINT ( 'NONE',  ( -25.99999999999999645, -74.68097998000808957, 12.50000000000000000 ) ) ;
#1077 = CARTESIAN_POINT ( 'NONE',  ( -10.60611371669028813, -72.38904144069557844, 23.46262017092557528 ) ) ;
#1078 =( BOUNDED_CURVE ( )  B_SPLINE_CURVE ( 3, ( #2711, #2120, #4426, #309 ),
 .UNSPECIFIED., .F., .F. ) 
 B_SPLINE_CURVE_WITH_KNOTS ( ( 4, 4 ),
 ( 0.6152153610753421376, 2.526377292514456752 ),
 .UNSPECIFIED. ) 
 CURVE ( )  GEOMETRIC_REPRESENTATION_ITEM ( )  RATIONAL_B_SPLINE_CURVE ( ( 1.000000000000000000, 0.7180896067413924388, 0.7180896067413924388, 1.000000000000000000 ) ) 
 REPRESENTATION_ITEM ( '' )  );
#1079 = DIRECTION ( 'NONE',  ( -0.000000000000000000, -0.000000000000000000, -1.000000000000000000 ) ) ;
#1080 = ORIENTED_EDGE ( 'NONE', *, *, #3265, .F. ) ;
#1081 = CARTESIAN_POINT ( 'NONE',  ( -24.99999999999999645, -60.68097998000808246, 25.00000000000000000 ) ) ;
#1082 = CARTESIAN_POINT ( 'NONE',  ( -21.63134072365710026, -72.29440195330954566, 18.15243830442080863 ) ) ;
#1083 = CARTESIAN_POINT ( 'NONE',  ( -2.100643855524185089, -63.64852072924517756, 2.785923495433947128 ) ) ;
#1084 = CARTESIAN_POINT ( 'NONE',  ( 21.96112556548719752, -73.74607424450222481, 8.782482931179107055 ) ) ;
#1085 = B_SPLINE_CURVE_WITH_KNOTS ( 'NONE', 1,
 ( #1744, #4142 ),
 .UNSPECIFIED., .F., .F.,
 ( 2, 2 ),
 ( 0.000000000000000000, 0.01402420053665705962 ),
 .UNSPECIFIED. ) ;
#1086 = ADVANCED_FACE ( 'NONE', ( #3071 ), #3694, .F. ) ;
#1087 = EDGE_CURVE ( 'NONE', #3218, #5498, #7307, .T. ) ;
#1088 = CARTESIAN_POINT ( 'NONE',  ( 45.19999999999999574, 35.00000000000000711, 17.00000000000000000 ) ) ;
#1089 = CARTESIAN_POINT ( 'NONE',  ( 25.53835848676042275, -60.68097998000807536, 25.00000000000000000 ) ) ;
#1090 = CARTESIAN_POINT ( 'NONE',  ( 41.67588936473351424, -46.78478031815300398, 0.08588626348088587714 ) ) ;
#1091 = VERTEX_POINT ( 'NONE', #5636 ) ;
#1092 = CARTESIAN_POINT ( 'NONE',  ( 13.07810359153834234, -68.23572770314983416, 22.11238257578358102 ) ) ;
#1093 = EDGE_LOOP ( 'NONE', ( #3655, #3604, #6630, #1169, #1519, #2439, #5215, #7652, #5365, #1051, #2614, #2867 ) ) ;
#1094 = CARTESIAN_POINT ( 'NONE',  ( -36.82687052743025902, 51.86446297007391593, 21.41525718696718172 ) ) ;
#1095 = CARTESIAN_POINT ( 'NONE',  ( -25.59344066623607006, -74.68097998000808957, 9.417352158040566579 ) ) ;
#1096 = ADVANCED_FACE ( 'NONE', ( #3617 ), #4757, .F. ) ;
#1097 = DIRECTION ( 'NONE',  ( 1.000000000000000000, 0.000000000000000000, 0.000000000000000000 ) ) ;
#1098 = CARTESIAN_POINT ( 'NONE',  ( -1.465981454082130320, -74.68097998000808957, 29.11764705882353610 ) ) ;
#1099 = DIRECTION ( 'NONE',  ( -0.000000000000000000, -0.000000000000000000, -1.000000000000000000 ) ) ;
#1100 = ORIENTED_EDGE ( 'NONE', *, *, #2663, .T. ) ;
#1101 = CARTESIAN_POINT ( 'NONE',  ( 21.84978653842363627, -77.68097998000808957, 21.98512355680433927 ) ) ;
#1102 = CARTESIAN_POINT ( 'NONE',  ( 44.49712804749066208, 42.82313768944045762, 23.93434193917115493 ) ) ;
#1103 = FACE_OUTER_BOUND ( 'NONE', #6290, .T. ) ;
#1104 = CARTESIAN_POINT ( 'NONE',  ( 12.66273829020710018, -74.68097998000810378, 6.619688691105106493 ) ) ;
#1105 = CARTESIAN_POINT ( 'NONE',  ( 2.151706176900945344, -64.93410546113135240, 22.58579453294701977 ) ) ;
#1106 = AXIS2_PLACEMENT_3D ( 'NONE', #4256, #1302, #6123 ) ;
#1107 = CARTESIAN_POINT ( 'NONE',  ( -16.39801473810168631, -77.68097998000808957, 15.29153128852962773 ) ) ;
#1108 = CARTESIAN_POINT ( 'NONE',  ( 43.60730532037405283, 43.41234261535947780, 0.6239664616254561036 ) ) ;
#1109 = CARTESIAN_POINT ( 'NONE',  ( -36.02441913338045509, -42.37623025675437560, 0.01562328875052382618 ) ) ;
#1110 = CARTESIAN_POINT ( 'NONE',  ( 14.58333333333334281, -60.68097998000808246, 0.000000000000000000 ) ) ;
#1111 = VECTOR ( 'NONE', #4047, 1000.000000000000000 ) ;
#1112 = CARTESIAN_POINT ( 'NONE',  ( 20.26798658114865148, -59.31716825284101446, 3.280411882653627043 ) ) ;
#1113 = CARTESIAN_POINT ( 'NONE',  ( -16.44962808176705593, -77.68097998000808957, 9.758157174275556400 ) ) ;
#1114 = CARTESIAN_POINT ( 'NONE',  ( 43.50000000000000000, -44.99999999999999289, 12.50000000000000000 ) ) ;
#1115 = CARTESIAN_POINT ( 'NONE',  ( -22.27183264669839602, -60.37146349834620906, 3.570333979355246434 ) ) ;
#1116 = CARTESIAN_POINT ( 'NONE',  ( 45.00000000000000000, 40.00000000000000711, 25.00000000000000000 ) ) ;
#1117 = ORIENTED_EDGE ( 'NONE', *, *, #3173, .F. ) ;
#1118 = CIRCLE ( 'NONE', #2745, 1.499999999999999556 ) ;
#1119 = CARTESIAN_POINT ( 'NONE',  ( -8.960884128208228105, -76.37580953461252875, 24.87679211543063573 ) ) ;
#1120 = DIRECTION ( 'NONE',  ( 1.321694076934710155E-16, -1.000000000000000000, 0.000000000000000000 ) ) ;
#1121 = VECTOR ( 'NONE', #389, 1000.000000000000000 ) ;
#1122 = ORIENTED_EDGE ( 'NONE', *, *, #1279, .T. ) ;
#1123 = CARTESIAN_POINT ( 'NONE',  ( -17.74748603729677754, -74.68097998000808957, 12.50000000000004974 ) ) ;
#1124 = LINE ( 'NONE', #536, #614 ) ;
#1125 = CARTESIAN_POINT ( 'NONE',  ( -5.125804643244953773, -62.25438712407238029, 3.213486443915852586 ) ) ;
#1126 = CARTESIAN_POINT ( 'NONE',  ( 22.19388934060635421, -72.57995105105854350, 11.46027925155544303 ) ) ;
#1127 = CARTESIAN_POINT ( 'NONE',  ( 43.50000000000000000, -44.99999999999999289, 12.50000000000000000 ) ) ;
#1128 = CIRCLE ( 'NONE', #5510, 2.500000000000002220 ) ;
#1129 = CARTESIAN_POINT ( 'NONE',  ( -22.71486306426912094, -69.28675252358159753, 18.39917216225489582 ) ) ;
#1130 = CARTESIAN_POINT ( 'NONE',  ( -16.18451032361756248, -74.68097998000808957, 9.413314671481312956 ) ) ;
#1131 = ORIENTED_EDGE ( 'NONE', *, *, #3101, .T. ) ;
#1132 = EDGE_CURVE ( 'NONE', #4062, #5164, #4911, .T. ) ;
#1133 = CARTESIAN_POINT ( 'NONE',  ( 12.57260239942582736, -64.28997208145570141, 21.76435597102898711 ) ) ;
#1134 = VERTEX_POINT ( 'NONE', #6008 ) ;
#1135 = CARTESIAN_POINT ( 'NONE',  ( 4.307310632724280275, -77.68097998000807536, -4.773487482278382821 ) ) ;
#1136 = CARTESIAN_POINT ( 'NONE',  ( -25.99999999999998934, -77.68097998000808957, 11.46570928387681754 ) ) ;
#1137 = CARTESIAN_POINT ( 'NONE',  ( 10.11872895088673374, -76.33262014631263526, 0.4585716118607685021 ) ) ;
#1138 = CARTESIAN_POINT ( 'NONE',  ( -39.86849320834540578, 56.10895620326174793, 6.448938981231008505 ) ) ;
#1139 = CARTESIAN_POINT ( 'NONE',  ( -21.23287851237422430, -74.68097998000811799, 22.59985217696168647 ) ) ;
#1140 = CARTESIAN_POINT ( 'NONE',  ( -25.99999999999999645, -74.68097998000808957, 12.50000000000000000 ) ) ;
#1141 = VERTEX_POINT ( 'NONE', #4835 ) ;
#1142 = EDGE_CURVE ( 'NONE', #3365, #5556, #6554, .T. ) ;
#1143 = CARTESIAN_POINT ( 'NONE',  ( 45.19999999999949125, 34.79634210043122522, 1.526206676143825769 ) ) ;
#1144 = DIRECTION ( 'NONE',  ( 1.000000000000000000, -0.000000000000000000, -0.000000000000000000 ) ) ;
#1145 = EDGE_LOOP ( 'NONE', ( #4708, #375, #3895, #7535, #3329, #3059 ) ) ;
#1146 = CARTESIAN_POINT ( 'NONE',  ( -36.01580038723126620, -44.67656001810628652, 3.499911403380803865 ) ) ;
#1147 = CARTESIAN_POINT ( 'NONE',  ( 14.83115435065707466, -74.68097998000808957, 8.082207033702804466 ) ) ;
#1148 = CARTESIAN_POINT ( 'NONE',  ( -1.003561322427178215, -61.09361194289425612, 21.47311775300519443 ) ) ;
#1149 = CARTESIAN_POINT ( 'NONE',  ( -12.28923492230212666, -77.68097998000808957, 18.58913938628042928 ) ) ;
#1150 = CARTESIAN_POINT ( 'NONE',  ( 40.49999999999998579, 45.36654358009725030, 0.000000000000000000 ) ) ;
#1151 = CARTESIAN_POINT ( 'NONE',  ( -21.61464733046747355, -74.68097998000806115, 17.38692913433354548 ) ) ;
#1152 = CARTESIAN_POINT ( 'NONE',  ( 3.956876714949669527, -74.68097998000813220, -0.3214430726837952945 ) ) ;
#1153 = CARTESIAN_POINT ( 'NONE',  ( 18.19431433158274203, -75.63203541726089441, 4.472904064817601721 ) ) ;
#1154 = CARTESIAN_POINT ( 'NONE',  ( -10.76563052743963311, -77.68097998000808957, 5.691588591280334342 ) ) ;
#1155 = CARTESIAN_POINT ( 'NONE',  ( 41.80000000000000426, 35.00000000000000711, 1.450000000000001732 ) ) ;
#1156 = CARTESIAN_POINT ( 'NONE',  ( -21.14947223478090521, -72.28943878771923437, 6.470724782154041677 ) ) ;
#1157 = CARTESIAN_POINT ( 'NONE',  ( -25.59826332794822790, -74.68097998000808957, 9.435546880716678686 ) ) ;
#1158 = AXIS2_PLACEMENT_3D ( 'NONE', #4368, #6684, #1938 ) ;
#1159 = CARTESIAN_POINT ( 'NONE',  ( -16.69887295139411876, -77.68097998000808957, 14.82144251774775512 ) ) ;
#1160 = ORIENTED_EDGE ( 'NONE', *, *, #633, .T. ) ;
#1161 = CARTESIAN_POINT ( 'NONE',  ( -37.20919598196368838, -42.85315327082484060, 21.31525685961194228 ) ) ;
#1162 = CARTESIAN_POINT ( 'NONE',  ( -4.489228872032261286, -67.45737934833084637, 1.799155853313281872 ) ) ;
#1163 = CARTESIAN_POINT ( 'NONE',  ( 21.85017999398595734, -70.99770916956148881, 7.935600897247497620 ) ) ;
#1164 = CARTESIAN_POINT ( 'NONE',  ( 41.80000000000001137, -44.31902001999193175, 17.00000000000000000 ) ) ;
#1165 = CARTESIAN_POINT ( 'NONE',  ( -17.81899058750205356, -70.31177850708527899, 20.70302799824623818 ) ) ;
#1166 = DIRECTION ( 'NONE',  ( -0.000000000000000000, -0.000000000000000000, -1.000000000000000000 ) ) ;
#1167 = ORIENTED_EDGE ( 'NONE', *, *, #557, .F. ) ;
#1168 = CARTESIAN_POINT ( 'NONE',  ( 11.86602652514696210, -73.62905334474484675, 23.37411120133167941 ) ) ;
#1169 = ORIENTED_EDGE ( 'NONE', *, *, #6892, .T. ) ;
#1170 = CARTESIAN_POINT ( 'NONE',  ( 45.00000000000000000, 40.00000000000000711, 12.50000000000000000 ) ) ;
#1171 = ORIENTED_EDGE ( 'NONE', *, *, #5770, .T. ) ;
#1172 = CARTESIAN_POINT ( 'NONE',  ( -25.00000000000000000, -60.68097998000806825, 10.41666666666667496 ) ) ;
#1173 = VECTOR ( 'NONE', #376, 1000.000000000000000 ) ;
#1174 = FACE_OUTER_BOUND ( 'NONE', #6110, .T. ) ;
#1175 = CARTESIAN_POINT ( 'NONE',  ( -24.75480636822033986, -77.68097998000808957, 17.85613249681026815 ) ) ;
#1176 = EDGE_CURVE ( 'NONE', #5498, #4295, #4317, .T. ) ;
#1177 = VERTEX_POINT ( 'NONE', #4281 ) ;
#1178 = FACE_OUTER_BOUND ( 'NONE', #3222, .T. ) ;
#1179 = DIRECTION ( 'NONE',  ( -1.000000000000000000, 0.000000000000000000, 0.000000000000000000 ) ) ;
#1180 = ORIENTED_EDGE ( 'NONE', *, *, #6442, .T. ) ;
#1181 = DIRECTION ( 'NONE',  ( 0.000000000000000000, 0.000000000000000000, 1.000000000000000000 ) ) ;
#1182 = CARTESIAN_POINT ( 'NONE',  ( 16.71593865362958908, -74.68097998000810378, 10.20948526921134558 ) ) ;
#1183 = CARTESIAN_POINT ( 'NONE',  ( 1.299882894431907632, -75.22501180479662253, 25.62941183003529844 ) ) ;
#1184 = EDGE_CURVE ( 'NONE', #3321, #7634, #5493, .T. ) ;
#1185 = DIRECTION ( 'NONE',  ( -1.321694076934710155E-16, 1.000000000000000000, 0.000000000000000000 ) ) ;
#1186 = VECTOR ( 'NONE', #362, 1000.000000000000000 ) ;
#1187 = CARTESIAN_POINT ( 'NONE',  ( 23.35988815830989296, -58.96256799630454282, 21.88875025558889931 ) ) ;
#1188 = CARTESIAN_POINT ( 'NONE',  ( 21.29784547859666333, -59.19680096853778650, 3.225702537110076484 ) ) ;
#1189 = CARTESIAN_POINT ( 'NONE',  ( 1.703936981057209588, -77.68097998000808957, 3.645834505687790994 ) ) ;
#1190 = CARTESIAN_POINT ( 'NONE',  ( -21.61611948207463740, -68.67969096419072628, 5.806203609789506004 ) ) ;
#1191 = CARTESIAN_POINT ( 'NONE',  ( -21.73250879638449717, -66.92739287752262101, 5.373069401231799880 ) ) ;
#1192 = CARTESIAN_POINT ( 'NONE',  ( -41.29958825116474941, 55.68982243331520721, 22.51653942855243429 ) ) ;
#1193 = EDGE_CURVE ( 'NONE', #2069, #6319, #1847, .T. ) ;
#1194 = VERTEX_POINT ( 'NONE', #2473 ) ;
#1195 = CARTESIAN_POINT ( 'NONE',  ( -17.12334204847205399, -74.68097998000808957, 13.91969518390568616 ) ) ;
#1196 = DIRECTION ( 'NONE',  ( -0.000000000000000000, -0.000000000000000000, -1.000000000000000000 ) ) ;
#1197 = AXIS2_PLACEMENT_3D ( 'NONE', #900, #7414, #6220 ) ;
#1198 = ORIENTED_EDGE ( 'NONE', *, *, #5974, .T. ) ;
#1199 = LINE ( 'NONE', #7084, #2933 ) ;
#1200 = CARTESIAN_POINT ( 'NONE',  ( 45.00000000000000000, 40.00000000000000711, 25.00000000000000000 ) ) ;
#1201 = CARTESIAN_POINT ( 'NONE',  ( -5.354996126554417479, -64.83889085128618035, 2.555214162263296451 ) ) ;
#1202 = CARTESIAN_POINT ( 'NONE',  ( 22.11183528976024704, -71.18503218667467536, 12.50000000000002487 ) ) ;
#1203 = CARTESIAN_POINT ( 'NONE',  ( 25.59344066623607006, -77.68097998000808957, 15.58264784195944586 ) ) ;
#1204 = ADVANCED_FACE ( 'NONE', ( #4872 ), #4242, .F. ) ;
#1205 = VECTOR ( 'NONE', #4374, 1000.000000000000000 ) ;
#1206 = CARTESIAN_POINT ( 'NONE',  ( -19.35340260394041678, -66.03784784941055364, 20.53164111319758689 ) ) ;
#1207 = CARTESIAN_POINT ( 'NONE',  ( 41.21837871325909930, -46.46654828523524117, 0.02907310681219321680 ) ) ;
#1208 = ORIENTED_EDGE ( 'NONE', *, *, #1403, .F. ) ;
#1209 = CARTESIAN_POINT ( 'NONE',  ( 10.06553689499136262, -60.55867118170123575, 21.45146516633642264 ) ) ;
#1210 = ORIENTED_EDGE ( 'NONE', *, *, #3861, .F. ) ;
#1211 = CARTESIAN_POINT ( 'NONE',  ( 45.00000000000001421, -43.00000000000000000, 12.50000000000000000 ) ) ;
#1212 = CARTESIAN_POINT ( 'NONE',  ( -25.00000000000000000, -60.68097998000807536, -0.1943496976916893881 ) ) ;
#1213 = CARTESIAN_POINT ( 'NONE',  ( 8.601804563764739342, -73.79314864622017467, 0.7013051058305318497 ) ) ;
#1214 = CARTESIAN_POINT ( 'NONE',  ( 21.55429423148303769, -73.43740735506668216, 18.04777354604836503 ) ) ;
#1215 = CARTESIAN_POINT ( 'NONE',  ( 41.00000000000000000, 35.32608618614669638, 3.499999999999999556 ) ) ;
#1216 = CARTESIAN_POINT ( 'NONE',  ( 6.244163685090621918, -78.46065648618755972, 29.74260689353624798 ) ) ;
#1217 = ORIENTED_EDGE ( 'NONE', *, *, #44, .T. ) ;
#1218 = CARTESIAN_POINT ( 'NONE',  ( 48.50000000000000000, 40.00000000000000711, 12.50000000000000000 ) ) ;
#1219 = CARTESIAN_POINT ( 'NONE',  ( -21.76591886413030252, -66.91612268059452617, 16.82999400131069478 ) ) ;
#1220 = VERTEX_POINT ( 'NONE', #752 ) ;
#1221 = DIRECTION ( 'NONE',  ( -0.000000000000000000, -0.000000000000000000, -1.000000000000000000 ) ) ;
#1222 = CARTESIAN_POINT ( 'NONE',  ( 17.21180889599744290, -74.68097998000807536, 11.28153392824443912 ) ) ;
#1223 = CARTESIAN_POINT ( 'NONE',  ( -36.94593255341830229, 48.03534406507613141, 21.38888353010989718 ) ) ;
#1224 = CIRCLE ( 'NONE', #6860, 1.700000000000000178 ) ;
#1225 = CARTESIAN_POINT ( 'NONE',  ( 13.54216473939272802, -74.68097998000810378, 2.029199204809557067 ) ) ;
#1226 = EDGE_CURVE ( 'NONE', #6954, #4401, #3146, .T. ) ;
#1227 = EDGE_CURVE ( 'NONE', #2859, #5755, #6888, .T. ) ;
#1228 = CARTESIAN_POINT ( 'NONE',  ( 19.34742661900737204, -70.03840463778567482, 4.980879854052217226 ) ) ;
#1229 = CARTESIAN_POINT ( 'NONE',  ( -39.99999999999999289, 52.00000000000001421, 12.50000000000000000 ) ) ;
#1230 = DIRECTION ( 'NONE',  ( -1.000000000000000000, 0.000000000000000000, 0.000000000000000000 ) ) ;
#1231 = CARTESIAN_POINT ( 'NONE',  ( -19.35259342073115363, -67.36965115182715635, 4.647375304875173363 ) ) ;
#1232 = LINE ( 'NONE', #3703, #5611 ) ;
#1233 = CARTESIAN_POINT ( 'NONE',  ( 3.542648928176507894, -74.68097998000808957, 21.15132976650651386 ) ) ;
#1234 = CIRCLE ( 'NONE', #5109, 2.500000000000002220 ) ;
#1235 = CARTESIAN_POINT ( 'NONE',  ( -21.37918666975486559, -58.73000564658311617, 12.49999999999999645 ) ) ;
#1236 = EDGE_CURVE ( 'NONE', #1283, #4200, #4841, .T. ) ;
#1237 = ORIENTED_EDGE ( 'NONE', *, *, #1184, .T. ) ;
#1238 = LINE ( 'NONE', #574, #5909 ) ;
#1239 = CARTESIAN_POINT ( 'NONE',  ( 26.00000000000000000, -77.68097998000810378, 11.54475158891634301 ) ) ;
#1240 = CARTESIAN_POINT ( 'NONE',  ( -7.035234356358532892, -60.82891191956301213, 3.547559056847241266 ) ) ;
#1241 = CIRCLE ( 'NONE', #6365, 101.5772389525943282 ) ;
#1242 = CARTESIAN_POINT ( 'NONE',  ( 21.66030707124192745, -69.52108075747898397, 6.282781179911498981 ) ) ;
#1243 = DIRECTION ( 'NONE',  ( -0.000000000000000000, 1.000000000000000000, -0.000000000000000000 ) ) ;
#1244 = CARTESIAN_POINT ( 'NONE',  ( -18.80426373807938489, -75.51591975833430581, 20.03978267434620975 ) ) ;
#1245 = CARTESIAN_POINT ( 'NONE',  ( 15.98458317706142040, -77.68097998000808957, 9.188939740610393869 ) ) ;
#1246 = EDGE_LOOP ( 'NONE', ( #7295, #7097, #860 ) ) ;
#1247 = AXIS2_PLACEMENT_3D ( 'NONE', #5940, #7751, #3466 ) ;
#1248 = CARTESIAN_POINT ( 'NONE',  ( 12.28334177505665892, -76.22665996389885379, 23.78371474776706762 ) ) ;
#1249 = ORIENTED_EDGE ( 'NONE', *, *, #2862, .F. ) ;
#1250 = DIRECTION ( 'NONE',  ( -1.000000000000000000, -1.330321911110254761E-16, -0.000000000000000000 ) ) ;
#1251 = CARTESIAN_POINT ( 'NONE',  ( -26.00000000000000000, -77.68097998000808957, 11.54475158891635189 ) ) ;
#1252 = CARTESIAN_POINT ( 'NONE',  ( 9.358926424361772689, -71.15515952895589180, 1.508440135568760665 ) ) ;
#1253 = CARTESIAN_POINT ( 'NONE',  ( -26.05286915988835972, -78.57975569811023320, 11.60439249103841952 ) ) ;
#1254 = CARTESIAN_POINT ( 'NONE',  ( 5.123743942441875809, -60.08850364132558752, 24.85156257324691964 ) ) ;
#1255 = VERTEX_POINT ( 'NONE', #4494 ) ;
#1256 = CARTESIAN_POINT ( 'NONE',  ( 13.52024464577594465, -77.68097998000808957, 17.89562333222256996 ) ) ;
#1257 = CARTESIAN_POINT ( 'NONE',  ( -21.53312115140106897, -61.40117526047752250, 16.14868453742584009 ) ) ;
#1258 = ORIENTED_EDGE ( 'NONE', *, *, #6300, .F. ) ;
#1259 = DIRECTION ( 'NONE',  ( -0.000000000000000000, -0.000000000000000000, -1.000000000000000000 ) ) ;
#1260 = CARTESIAN_POINT ( 'NONE',  ( -40.32865419412888741, 55.97763417801641594, 1.600681901157397613 ) ) ;
#1261 = CARTESIAN_POINT ( 'NONE',  ( -43.49999999999998579, -49.99999999999998579, 0.000000000000000000 ) ) ;
#1262 = CARTESIAN_POINT ( 'NONE',  ( 10.73596026948013282, -74.68097998000807536, 1.044212620678621528 ) ) ;
#1263 = CARTESIAN_POINT ( 'NONE',  ( 12.40954253034726840, -62.97286860516484808, 3.343637757471223271 ) ) ;
#1264 = CARTESIAN_POINT ( 'NONE',  ( -3.542648928175877288, -77.68097998000808957, 3.848670233493412418 ) ) ;
#1265 = CARTESIAN_POINT ( 'NONE',  ( 24.64196912394494632, -77.68097998000808957, 6.918193014638942984 ) ) ;
#1266 = PLANE ( 'NONE',  #4664 ) ;
#1267 = DIRECTION ( 'NONE',  ( -1.000000000000000000, 0.000000000000000000, 0.000000000000000000 ) ) ;
#1268 = CARTESIAN_POINT ( 'NONE',  ( -15.21300846162351661, -77.68097998000808957, 16.60009969536301355 ) ) ;
#1269 = EDGE_CURVE ( 'NONE', #1638, #5580, #2817, .T. ) ;
#1270 = DIRECTION ( 'NONE',  ( -1.000000000000000000, -1.330321911110254761E-16, -0.000000000000000000 ) ) ;
#1271 = EDGE_LOOP ( 'NONE', ( #5911, #6537, #3370, #6671 ) ) ;
#1272 = CARTESIAN_POINT ( 'NONE',  ( -36.79999999999998295, -44.31902001999193175, 0.000000000000000000 ) ) ;
#1273 = DIRECTION ( 'NONE',  ( -1.321694076934710155E-16, 1.000000000000000000, -0.000000000000000000 ) ) ;
#1274 = AXIS2_PLACEMENT_3D ( 'NONE', #5131, #3364, #3253 ) ;
#1275 = CARTESIAN_POINT ( 'NONE',  ( 25.00000000000000000, -60.68097998000807536, 25.19434969769159594 ) ) ;
#1276 = CARTESIAN_POINT ( 'NONE',  ( -4.015906937572406576, -61.01007100716081055, 3.535497977828034433 ) ) ;
#1277 = B_SPLINE_CURVE_WITH_KNOTS ( 'NONE', 3,
 ( #5749, #1509, #6847, #7486, #5713, #1011, #4027, #6412, #3870, #379, #2780, #1048, #5168, #3436, #7566, #2189, #6254, #4575, #6969, #2105, #1590, #3990, #6294, #5786 ),
 .UNSPECIFIED., .F., .F.,
 ( 4, 2, 2, 2, 2, 2, 2, 2, 2, 2, 2, 4 ),
 ( 0.000000000000000000, 0.0008327406145006760376, 0.001665481229001352075, 0.002498221843502028330, 0.002914592150752370360, 0.003330962458002713258, 0.003747332765253055288, 0.004163703072503397752, 0.004580073379753741084, 0.004996443687004082680, 0.005829184301504755465, 0.006661924916005429118 ),
 .UNSPECIFIED. ) ;
#1278 = CARTESIAN_POINT ( 'NONE',  ( 25.65639081652324904, -76.26764005264477930, 15.33569234972120654 ) ) ;
#1279 = EDGE_CURVE ( 'NONE', #4062, #5545, #6617, .T. ) ;
#1280 = CARTESIAN_POINT ( 'NONE',  ( -17.01169957695931245, -70.43890236870916510, 21.04792101249882208 ) ) ;
#1281 = CARTESIAN_POINT ( 'NONE',  ( 1.703936981057209588, -74.68097998000808957, 3.645834505687790994 ) ) ;
#1282 = CARTESIAN_POINT ( 'NONE',  ( 14.41339608955883023, -62.73782479837593229, 21.50491304847352936 ) ) ;
#1283 = VERTEX_POINT ( 'NONE', #3361 ) ;
#1284 = CARTESIAN_POINT ( 'NONE',  ( 40.58571804303889508, 36.22820682047720453, -7.146840492458156029E-18 ) ) ;
#1285 = CARTESIAN_POINT ( 'NONE',  ( -24.49313816524949772, -78.57975569811021899, 17.94502695113566659 ) ) ;
#1286 = CARTESIAN_POINT ( 'NONE',  ( -25.00000000000000000, -60.68097998000807536, 25.38869939538342280 ) ) ;
#1287 = CARTESIAN_POINT ( 'NONE',  ( -14.31858073156626077, -77.68097998000808957, 27.13977319463091220 ) ) ;
#1288 = CARTESIAN_POINT ( 'NONE',  ( 43.50000000000000711, 35.00000000000000711, 12.50000000000000000 ) ) ;
#1289 = ORIENTED_EDGE ( 'NONE', *, *, #5303, .F. ) ;
#1290 = CARTESIAN_POINT ( 'NONE',  ( 17.13529237767749436, -77.68097998000808957, 13.89251263448946538 ) ) ;
#1291 = CARTESIAN_POINT ( 'NONE',  ( -21.40767530291819298, -58.58174830468939120, 18.51933683875948944 ) ) ;
#1292 = ORIENTED_EDGE ( 'NONE', *, *, #3982, .F. ) ;
#1293 = CARTESIAN_POINT ( 'NONE',  ( -12.02346287270559344, -41.57723895259432112, 25.00000000000000000 ) ) ;
#1294 = CARTESIAN_POINT ( 'NONE',  ( 17.20332840837364685, -74.68097998000808957, 11.26224376280201867 ) ) ;
#1295 = CARTESIAN_POINT ( 'NONE',  ( -40.19061331312722274, -44.52390487840355604, 1.519364268661468564 ) ) ;
#1296 = EDGE_CURVE ( 'NONE', #7273, #4539, #1277, .T. ) ;
#1297 = CARTESIAN_POINT ( 'NONE',  ( 20.28539599597615251, -74.68097998000806115, 6.145081704379034448 ) ) ;
#1298 = CARTESIAN_POINT ( 'NONE',  ( 13.07936727024293155, -74.86233724854123750, 1.812740012101680120 ) ) ;
#1299 = CARTESIAN_POINT ( 'NONE',  ( -36.24697137239955680, 51.09546561571080758, 3.507161445076463657 ) ) ;
#1300 = CARTESIAN_POINT ( 'NONE',  ( -17.37575195817656137, -74.68097998000808957, 11.65444337962085797 ) ) ;
#1301 = CARTESIAN_POINT ( 'NONE',  ( -23.89205702367450712, -62.72378349277116172, 4.495326907410085227 ) ) ;
#1302 = DIRECTION ( 'NONE',  ( -0.000000000000000000, -0.000000000000000000, -1.000000000000000000 ) ) ;
#1303 = CARTESIAN_POINT ( 'NONE',  ( -12.28923492230212666, -74.68097998000808957, 18.58913938628042928 ) ) ;
#1304 = CARTESIAN_POINT ( 'NONE',  ( -35.99999999999998579, -44.99999999999999289, 21.50000000000000000 ) ) ;
#1305 = EDGE_LOOP ( 'NONE', ( #5433, #6649, #2973 ) ) ;
#1306 = CARTESIAN_POINT ( 'NONE',  ( 43.17616481289909558, 32.51757276674033648, 20.86007454811908346 ) ) ;
#1307 = FACE_OUTER_BOUND ( 'NONE', #2629, .T. ) ;
#1308 = CARTESIAN_POINT ( 'NONE',  ( 43.50000000000000000, -44.99999999999999289, 21.50000000000000000 ) ) ;
#1309 = CARTESIAN_POINT ( 'NONE',  ( -13.41580861795301516, -62.86101984184342939, 3.419260736787349320 ) ) ;
#1310 = CARTESIAN_POINT ( 'NONE',  ( 22.01694537661047235, -74.68097998000808957, 3.191705906948054228 ) ) ;
#1311 = CARTESIAN_POINT ( 'NONE',  ( -20.99164996175315778, -74.68097998000807536, 18.16443744052519804 ) ) ;
#1312 = CARTESIAN_POINT ( 'NONE',  ( -18.54822854604105231, -68.84083914646726043, 20.47275263840863246 ) ) ;
#1313 = CARTESIAN_POINT ( 'NONE',  ( 7.349007215373219992, -77.68097998000808957, 4.548393950232842542 ) ) ;
#1314 = CARTESIAN_POINT ( 'NONE',  ( 17.59943202369504078, -66.32037063779485209, 20.94634241857746559 ) ) ;
#1315 = VERTEX_POINT ( 'NONE', #6375 ) ;
#1316 = CARTESIAN_POINT ( 'NONE',  ( 42.72180911087508548, 37.74325149948388258, 0.3096981344597281582 ) ) ;
#1317 = CARTESIAN_POINT ( 'NONE',  ( -25.05344282515679311, -58.40486459085621362, 26.13562917073675251 ) ) ;
#1318 = ADVANCED_FACE ( 'NONE', ( #3911 ), #7442, .F. ) ;
#1319 = EDGE_CURVE ( 'NONE', #1020, #6807, #3337, .T. ) ;
#1320 = CARTESIAN_POINT ( 'NONE',  ( 2.424533570873905752, -71.36102274495074482, 0.5550033624445332991 ) ) ;
#1321 = AXIS2_PLACEMENT_3D ( 'NONE', #7616, #1099, #3447 ) ;
#1322 = CARTESIAN_POINT ( 'NONE',  ( -25.44682351704895140, -78.57975569811020478, 16.04233283124336751 ) ) ;
#1323 = CARTESIAN_POINT ( 'NONE',  ( -11.80860400651024555, -77.68097998000806115, 28.12153036022160890 ) ) ;
#1324 = DIRECTION ( 'NONE',  ( -0.000000000000000000, -0.000000000000000000, -1.000000000000000000 ) ) ;
#1325 = ORIENTED_EDGE ( 'NONE', *, *, #5544, .T. ) ;
#1326 = DIRECTION ( 'NONE',  ( 0.000000000000000000, 0.000000000000000000, 1.000000000000000000 ) ) ;
#1327 = CARTESIAN_POINT ( 'NONE',  ( 42.45427641008133435, 32.28250812956559912, 0.2411249763493155951 ) ) ;
#1328 = ORIENTED_EDGE ( 'NONE', *, *, #7610, .T. ) ;
#1329 = EDGE_CURVE ( 'NONE', #4539, #1341, #5948, .T. ) ;
#1330 = DIRECTION ( 'NONE',  ( 0.000000000000000000, -0.000000000000000000, -1.000000000000000000 ) ) ;
#1331 = DIRECTION ( 'NONE',  ( -1.321694076934710155E-16, 1.000000000000000000, 0.000000000000000000 ) ) ;
#1332 = CARTESIAN_POINT ( 'NONE',  ( 25.86412541772634199, -74.68097998000808957, 10.43546977628689554 ) ) ;
#1333 = CARTESIAN_POINT ( 'NONE',  ( -25.99999999999999645, -77.68097998000808957, 12.50000000000000000 ) ) ;
#1334 = CARTESIAN_POINT ( 'NONE',  ( 14.05308074613227554, -68.13825338254544306, 3.124321327414840255 ) ) ;
#1335 = CARTESIAN_POINT ( 'NONE',  ( -8.707446609725854714, -77.68097998000808957, 4.924616934072944652 ) ) ;
#1336 = CARTESIAN_POINT ( 'NONE',  ( -38.49999999999998579, -44.31902001999193175, 12.50000000000000000 ) ) ;
#1337 = DIRECTION ( 'NONE',  ( -0.000000000000000000, 1.000000000000000000, -0.000000000000000000 ) ) ;
#1338 = CYLINDRICAL_SURFACE ( 'NONE', #4244, 8.000000000000000000 ) ;
#1339 = LINE ( 'NONE', #2598, #7124 ) ;
#1340 = CYLINDRICAL_SURFACE ( 'NONE', #3850, 4.000000000000003553 ) ;
#1341 = VERTEX_POINT ( 'NONE', #5906 ) ;
#1342 = CARTESIAN_POINT ( 'NONE',  ( 21.49077775195246076, -60.21044842030077859, 3.499999999999996003 ) ) ;
#1343 = CARTESIAN_POINT ( 'NONE',  ( 25.08720281525328843, -78.57975569811020478, 16.89786704995338340 ) ) ;
#1344 = CARTESIAN_POINT ( 'NONE',  ( 43.61614460239676561, -41.79963017226332056, 0.6307844203485656331 ) ) ;
#1345 = CARTESIAN_POINT ( 'NONE',  ( -11.09210836079969198, -68.41769540938511796, 2.427868586624270630 ) ) ;
#1346 = CARTESIAN_POINT ( 'NONE',  ( -14.20351202541198887, -60.68097998001167070, 21.50000000000000000 ) ) ;
#1347 = AXIS2_PLACEMENT_3D ( 'NONE', #6483, #4178, #5279 ) ;
#1348 = CARTESIAN_POINT ( 'NONE',  ( -25.99999999999999645, -74.68097998000808957, 12.50000000000000000 ) ) ;
#1349 = AXIS2_PLACEMENT_3D ( 'NONE', #7355, #4886, #6680 ) ;
#1350 = CARTESIAN_POINT ( 'NONE',  ( 43.56630492300761404, 37.50199024781626633, 4.427530609313000021 ) ) ;
#1351 = CARTESIAN_POINT ( 'NONE',  ( -14.94454481776170418, -74.70721205156790745, 22.35573330713554441 ) ) ;
#1352 = CARTESIAN_POINT ( 'NONE',  ( -1.791487525088896637, -77.68097998000808957, 3.687517655318166110 ) ) ;
#1353 = CARTESIAN_POINT ( 'NONE',  ( 15.98730253286804270, -75.93053228859233172, 21.98734483185615929 ) ) ;
#1354 = ORIENTED_EDGE ( 'NONE', *, *, #844, .F. ) ;
#1355 = VECTOR ( 'NONE', #4882, 1000.000000000000000 ) ;
#1356 = CARTESIAN_POINT ( 'NONE',  ( -39.99999999999999289, 56.07135982689438691, 17.50000000000000000 ) ) ;
#1357 = CARTESIAN_POINT ( 'NONE',  ( -24.55971631608538885, -77.68097998000808957, 18.24631260108017017 ) ) ;
#1358 = CARTESIAN_POINT ( 'NONE',  ( 1.299882894431856784, -75.22501180479638094, -0.6294118300352243844 ) ) ;
#1359 = CARTESIAN_POINT ( 'NONE',  ( 21.51242442404263500, -58.43724795388573057, 24.54647319745295775 ) ) ;
#1360 = CARTESIAN_POINT ( 'NONE',  ( 7.746784082691738682, -78.46065648618760235, 29.45447228314353794 ) ) ;
#1361 = CARTESIAN_POINT ( 'NONE',  ( -38.96003450688677816, -41.98460652524043013, 0.7826496990595794845 ) ) ;
#1362 = ADVANCED_FACE ( 'NONE', ( #5324 ), #3619, .F. ) ;
#1363 = ORIENTED_EDGE ( 'NONE', *, *, #239, .F. ) ;
#1364 = CARTESIAN_POINT ( 'NONE',  ( 6.160766860776845988, -74.68097998000808957, 20.73819215370812685 ) ) ;
#1365 = CIRCLE ( 'NONE', #2712, 1.499999999999997780 ) ;
#1366 = PLANE ( 'NONE',  #2203 ) ;
#1367 = ORIENTED_EDGE ( 'NONE', *, *, #1633, .F. ) ;
#1368 = CARTESIAN_POINT ( 'NONE',  ( -36.12455426886088361, 49.20411025235610225, 21.49852983214798385 ) ) ;
#1369 = CARTESIAN_POINT ( 'NONE',  ( -21.23287851237434509, -74.68097998000808957, 2.400147823038407235 ) ) ;
#1370 = AXIS2_PLACEMENT_3D ( 'NONE', #6165, #7246, #3709 ) ;
#1371 = ADVANCED_FACE ( 'NONE', ( #1385, #7398 ), #5001, .F. ) ;
#1372 =( BOUNDED_CURVE ( )  B_SPLINE_CURVE ( 3, ( #6906, #5183, #3451, #7063 ),
 .UNSPECIFIED., .F., .F. ) 
 B_SPLINE_CURVE_WITH_KNOTS ( ( 4, 4 ),
 ( 3.466225044388945964, 3.714414039258178590 ),
 .UNSPECIFIED. ) 
 CURVE ( )  GEOMETRIC_REPRESENTATION_ITEM ( )  RATIONAL_B_SPLINE_CURVE ( ( 1.000000000000000000, 0.9948734358240685083, 0.9948734358240685083, 1.000000000000000000 ) ) 
 REPRESENTATION_ITEM ( '' )  );
#1373 = VERTEX_POINT ( 'NONE', #6026 ) ;
#1374 = CARTESIAN_POINT ( 'NONE',  ( 13.63000766128985930, -74.68097998000810378, -1.762166160284285299 ) ) ;
#1375 = CARTESIAN_POINT ( 'NONE',  ( -38.80513664280996977, 52.48417792552698558, 4.643951098472048677 ) ) ;
#1376 = CARTESIAN_POINT ( 'NONE',  ( -17.23231044342648133, -74.68097998000808957, 11.32816734186508967 ) ) ;
#1377 = CARTESIAN_POINT ( 'NONE',  ( -36.03163597842455346, -46.25329790979221656, 0.01710388481034085320 ) ) ;
#1378 = CARTESIAN_POINT ( 'NONE',  ( -17.74748603729677754, -74.68097998000808957, 12.50000000000004796 ) ) ;
#1379 = FACE_OUTER_BOUND ( 'NONE', #6568, .T. ) ;
#1380 = ORIENTED_EDGE ( 'NONE', *, *, #7511, .T. ) ;
#1381 = CARTESIAN_POINT ( 'NONE',  ( 44.96093943942540250, 32.96927719662927814, 18.14149404661522169 ) ) ;
#1382 = CARTESIAN_POINT ( 'NONE',  ( 24.53643888760432645, -78.57975569811021899, 17.86870061166753842 ) ) ;
#1383 = CARTESIAN_POINT ( 'NONE',  ( 44.16877089628044217, -42.14463247566138193, 0.8878204592290754871 ) ) ;
#1384 = CARTESIAN_POINT ( 'NONE',  ( -10.22432474607252573, -61.87308994540751428, 3.374502953139636663 ) ) ;
#1385 = FACE_BOUND ( 'NONE', #2116, .T. ) ;
#1386 = CARTESIAN_POINT ( 'NONE',  ( 16.87180702193326454, -77.68097998000808957, 14.48864745459707848 ) ) ;
#1387 = CARTESIAN_POINT ( 'NONE',  ( 45.20000000000024443, 35.10169113174410427, 1.526206676144377106 ) ) ;
#1388 = CARTESIAN_POINT ( 'NONE',  ( -13.88707766829069001, -66.82103628106463589, 21.79056339219669525 ) ) ;
#1389 = CARTESIAN_POINT ( 'NONE',  ( 15.53663826102332024, -74.68097998000808957, 8.701548597921471284 ) ) ;
#1390 = CARTESIAN_POINT ( 'NONE',  ( 14.57318501755132800, -72.08365041534922568, 22.15286676448312519 ) ) ;
#1391 = VERTEX_POINT ( 'NONE', #2017 ) ;
#1392 = CARTESIAN_POINT ( 'NONE',  ( -37.75306297373936104, 56.68763153762488116, 21.10473960346054412 ) ) ;
#1393 = CARTESIAN_POINT ( 'NONE',  ( -25.00000000000000000, -60.68097998000806825, 22.91666666666666785 ) ) ;
#1394 = CARTESIAN_POINT ( 'NONE',  ( 4.699656026350696791, -70.03332315389799589, 1.102003532441474309 ) ) ;
#1395 = CARTESIAN_POINT ( 'NONE',  ( 21.51792626048056079, -61.32458856655832591, 19.79675223043186350 ) ) ;
#1396 = CARTESIAN_POINT ( 'NONE',  ( 14.44428175279544213, -60.08850364132559463, 25.00776252446869563 ) ) ;
#1397 = AXIS2_PLACEMENT_3D ( 'NONE', #5208, #5051, #3914 ) ;
#1398 = CARTESIAN_POINT ( 'NONE',  ( 42.34279739473010551, -42.77880125871113393, 21.27080431685413942 ) ) ;
#1399 = ORIENTED_EDGE ( 'NONE', *, *, #7284, .F. ) ;
#1400 = CARTESIAN_POINT ( 'NONE',  ( -35.49999999999998579, -54.61880215351700230, 25.00000000000000000 ) ) ;
#1401 = CARTESIAN_POINT ( 'NONE',  ( -21.37918666975486559, -58.73000564658311617, 9.499646983363263075 ) ) ;
#1402 = EDGE_LOOP ( 'NONE', ( #4070, #4412, #2195 ) ) ;
#1403 = EDGE_CURVE ( 'NONE', #2259, #6541, #1927, .T. ) ;
#1404 = CARTESIAN_POINT ( 'NONE',  ( 41.07771329643639291, 35.63905262984088296, 21.49936483414511557 ) ) ;
#1405 = DIRECTION ( 'NONE',  ( -0.000000000000000000, -0.000000000000000000, -1.000000000000000000 ) ) ;
#1406 = DIRECTION ( 'NONE',  ( 1.000000000000000000, 0.000000000000000000, 0.000000000000000000 ) ) ;
#1407 = CARTESIAN_POINT ( 'NONE',  ( 21.20647657184567692, -74.68097998000808957, 2.379886057682901956 ) ) ;
#1408 = LINE ( 'NONE', #1526, #3866 ) ;
#1409 = EDGE_CURVE ( 'NONE', #5301, #1559, #3639, .T. ) ;
#1410 = ADVANCED_FACE ( 'NONE', ( #808 ), #4406, .T. ) ;
#1411 = CARTESIAN_POINT ( 'NONE',  ( -5.676451492069330307, -74.68097998000808957, 4.178278335877111616 ) ) ;
#1412 = CARTESIAN_POINT ( 'NONE',  ( -23.69861271698939476, -64.01876918024888141, 4.961925035345087664 ) ) ;
#1413 = DIRECTION ( 'NONE',  ( -1.000000000000000000, 0.000000000000000000, 0.000000000000000000 ) ) ;
#1414 = CARTESIAN_POINT ( 'NONE',  ( 25.01247793074002601, -60.08850364132559463, -0.2411097451536484970 ) ) ;
#1415 = VERTEX_POINT ( 'NONE', #140 ) ;
#1416 = CARTESIAN_POINT ( 'NONE',  ( 43.56630492300759983, 32.49800975218378341, 20.57246939068701508 ) ) ;
#1417 = CARTESIAN_POINT ( 'NONE',  ( -35.99999999999997868, -41.57723895259432112, 3.500000000000000000 ) ) ;
#1418 = ADVANCED_FACE ( 'NONE', ( #3089 ), #7133, .T. ) ;
#1419 = CARTESIAN_POINT ( 'NONE',  ( 26.05286915988835972, -78.57975569811023320, 11.60439249103840886 ) ) ;
#1420 = CARTESIAN_POINT ( 'NONE',  ( -10.99701315223030207, -74.98412965267161212, 1.071572666251209061 ) ) ;
#1421 = DIRECTION ( 'NONE',  ( -0.000000000000000000, -0.000000000000000000, -1.000000000000000000 ) ) ;
#1422 = LINE ( 'NONE', #843, #689 ) ;
#1423 = CARTESIAN_POINT ( 'NONE',  ( -15.46319894975093590, -71.98563806083541294, 21.78502402618014600 ) ) ;
#1424 = VECTOR ( 'NONE', #4559, 999.9999999999998863 ) ;
#1425 = CARTESIAN_POINT ( 'NONE',  ( 16.89984342426836506, -74.68097998000808957, 10.57354799686090452 ) ) ;
#1426 = CARTESIAN_POINT ( 'NONE',  ( 16.80177390410506177, -67.78363272100922643, 21.11692835491231079 ) ) ;
#1427 = ORIENTED_EDGE ( 'NONE', *, *, #6731, .T. ) ;
#1428 = CARTESIAN_POINT ( 'NONE',  ( -39.97298041314476080, 56.07911275808006479, 18.03582377938154835 ) ) ;
#1429 = DIRECTION ( 'NONE',  ( 0.000000000000000000, 0.000000000000000000, 1.000000000000000000 ) ) ;
#1430 = CARTESIAN_POINT ( 'NONE',  ( 3.453110808381183006, -68.76790363687352681, 1.374683882648354283 ) ) ;
#1431 = CARTESIAN_POINT ( 'NONE',  ( 21.60589344344227314, -64.09659905143469416, 19.05193386920104359 ) ) ;
#1432 = CARTESIAN_POINT ( 'NONE',  ( 20.83333333333334991, -60.68097998000806825, 25.00000000000000000 ) ) ;
#1433 = CARTESIAN_POINT ( 'NONE',  ( 41.60146092121700434, -43.36566750517022228, 21.45615012160056168 ) ) ;
#1434 = ORIENTED_EDGE ( 'NONE', *, *, #4775, .F. ) ;
#1435 = VERTEX_POINT ( 'NONE', #3051 ) ;
#1437 = CARTESIAN_POINT ( 'NONE',  ( -21.37918666975486559, -58.73000564658311617, 12.49999999999999645 ) ) ;
#1436 = MECHANICAL_DESIGN_GEOMETRIC_PRESENTATION_REPRESENTATION (  '', ( #6193 ), #7189 ) ;
#1438 = VERTEX_POINT ( 'NONE', #5438 ) ;
#1439 = AXIS2_PLACEMENT_3D ( 'NONE', #2001, #6785, #1406 ) ;
#1440 = DIRECTION ( 'NONE',  ( -0.8660254037844381525, 0.5000000000000008882, 0.000000000000000000 ) ) ;
#1441 = CARTESIAN_POINT ( 'NONE',  ( -25.19621869238764944, -60.08850364132559463, -0.2450422979392551381 ) ) ;
#1442 = CARTESIAN_POINT ( 'NONE',  ( 43.56630492300759272, -42.49800975218374788, 4.427530609312990251 ) ) ;
#1443 = ORIENTED_EDGE ( 'NONE', *, *, #3698, .F. ) ;
#1444 = CARTESIAN_POINT ( 'NONE',  ( -21.30246791587255117, -74.68097998000811799, 7.223467152940471259 ) ) ;
#1445 = CARTESIAN_POINT ( 'NONE',  ( -0.007630428499740279404, -74.68097998000808957, 1.251657186812441980 ) ) ;
#1446 = CARTESIAN_POINT ( 'NONE',  ( -0.9335412055993113079, -74.68097998000811799, 3.658952763816035070 ) ) ;
#1447 = CARTESIAN_POINT ( 'NONE',  ( -2.424533570873947053, -71.36102274495094377, 24.44499663755551211 ) ) ;
#1448 = DIRECTION ( 'NONE',  ( -1.000000000000000000, 0.000000000000000000, 0.000000000000000000 ) ) ;
#1449 = EDGE_CURVE ( 'NONE', #4270, #2080, #62, .T. ) ;
#1450 = ADVANCED_FACE ( 'NONE', ( #2458 ), #2250, .F. ) ;
#1451 = CARTESIAN_POINT ( 'NONE',  ( 24.77787623129919226, -78.46065648618757393, 7.589521347693436226 ) ) ;
#1452 = ORIENTED_EDGE ( 'NONE', *, *, #3290, .T. ) ;
#1453 = CARTESIAN_POINT ( 'NONE',  ( 21.59393509400965172, -68.25385901014449530, 5.691853365837333811 ) ) ;
#1454 = PLANE ( 'NONE',  #6747 ) ;
#1455 = CARTESIAN_POINT ( 'NONE',  ( 25.00000000000000000, -60.68097998000807536, -0.1943496976916228303 ) ) ;
#1456 = CARTESIAN_POINT ( 'NONE',  ( -12.07158440641126873, -74.92861274425051477, 1.421488161775385173 ) ) ;
#1457 = CARTESIAN_POINT ( 'NONE',  ( 41.00000000000000711, 35.00000000000000711, 21.50000000000000000 ) ) ;
#1458 = CARTESIAN_POINT ( 'NONE',  ( 44.68959399065393967, 37.19976794497012662, 5.946948373278022615 ) ) ;
#1459 = CARTESIAN_POINT ( 'NONE',  ( -15.80265010053239649, -74.61800558289361618, 21.91507015076346221 ) ) ;
#1460 = EDGE_CURVE ( 'NONE', #5884, #364, #5550, .T. ) ;
#1461 = CARTESIAN_POINT ( 'NONE',  ( 21.62540611165023563, -69.88775308333661940, 6.143668502190856806 ) ) ;
#1462 = CARTESIAN_POINT ( 'NONE',  ( 19.95714967683374397, -73.92659889124625749, 19.19714112739382728 ) ) ;
#1463 = ORIENTED_EDGE ( 'NONE', *, *, #3110, .T. ) ;
#1464 = VECTOR ( 'NONE', #4435, 1000.000000000000000 ) ;
#1465 = CARTESIAN_POINT ( 'NONE',  ( 48.50000000000001421, -47.11324865405205031, 17.00000000000000000 ) ) ;
#1466 = CARTESIAN_POINT ( 'NONE',  ( -21.94772718806802203, -68.39519445790691066, 11.15310323875507770 ) ) ;
#1467 = CARTESIAN_POINT ( 'NONE',  ( 4.015906937572313318, -61.01007100716085318, 3.535497977828027327 ) ) ;
#1468 = AXIS2_PLACEMENT_3D ( 'NONE', #7555, #3236, #5623 ) ;
#1469 = CARTESIAN_POINT ( 'NONE',  ( 22.31747927760338612, -74.68097998000810378, 11.67947506471714014 ) ) ;
#1470 = CARTESIAN_POINT ( 'NONE',  ( 21.46532545357950639, -58.50054859129872398, 22.53534804813500614 ) ) ;
#1471 = CARTESIAN_POINT ( 'NONE',  ( 40.99999999999999289, -44.99999999999999289, 21.50000000000000000 ) ) ;
#1472 = CARTESIAN_POINT ( 'NONE',  ( 44.94090448680925931, -45.43731994932189622, 1.344090183017305984 ) ) ;
#1473 = ORIENTED_EDGE ( 'NONE', *, *, #822, .T. ) ;
#1474 = AXIS2_PLACEMENT_3D ( 'NONE', #3157, #5615, #2680 ) ;
#1475 = B_SPLINE_CURVE_WITH_KNOTS ( 'NONE', 3,
 ( #109, #1284, #4380, #3683, #6068, #703, #2504, #146, #6696, #4900, #7296, #1912, #1316, #3718, #6102, #3135, #5522, #4531, #1008, #3397, #2264, #6844, #4572, #3986, #4616, #6927 ),
 .UNSPECIFIED., .F., .F.,
 ( 4, 2, 2, 2, 2, 2, 2, 2, 2, 2, 2, 2, 4 ),
 ( 0.000000000000000000, 0.0008323978398506557286, 0.001248596759775992158, 0.001664795679701328371, 0.002080994599626664367, 0.002497193519552001230, 0.003329591359402678859, 0.003745790279328006615, 0.004161989199253333938, 0.004994387039103980776, 0.005410585959029302894, 0.005826784878954625879, 0.006659182718805254503 ),
 .UNSPECIFIED. ) ;
#1476 = CARTESIAN_POINT ( 'NONE',  ( 3.963494385744672943, -76.48504140101991311, 25.78780762090682543 ) ) ;
#1477 = ORIENTED_EDGE ( 'NONE', *, *, #44, .F. ) ;
#1478 = CARTESIAN_POINT ( 'NONE',  ( 11.83966574198975685, -60.82620724439806281, 21.50000000000000000 ) ) ;
#1479 = ORIENTED_EDGE ( 'NONE', *, *, #3147, .T. ) ;
#1480 = B_SPLINE_CURVE_WITH_KNOTS ( 'NONE', 3,
 ( #7302, #7262, #1957, #7376, #1917, #7340, #1361, #4312, #4349, #6702, #5527, #1730, #746, #5307, #1991, #6471, #4946, #2468, #153, #2546, #1109, #520, #4276, #2919 ),
 .UNSPECIFIED., .F., .F.,
 ( 4, 2, 2, 2, 2, 2, 2, 2, 2, 2, 2, 4 ),
 ( 0.000000000000000000, 0.0008327406145006686650, 0.001665481229001337330, 0.002498221843502006212, 0.002914592150752344773, 0.003330962458002683767, 0.003747332765253021895, 0.004163703072503361323, 0.004580073379753699450, 0.004996443687004038445, 0.005829184301504732914, 0.006661924916005426515 ),
 .UNSPECIFIED. ) ;
#1481 = CARTESIAN_POINT ( 'NONE',  ( 16.49520037808100525, -63.80364293305012779, 3.710265833889375475 ) ) ;
#1482 = CARTESIAN_POINT ( 'NONE',  ( 41.60146092121702566, 36.63433249482978482, 21.45615012160056168 ) ) ;
#1483 = VECTOR ( 'NONE', #1537, 1000.000000000000000 ) ;
#1484 = CARTESIAN_POINT ( 'NONE',  ( -10.41666666666666785, -60.68097998000806825, 0.000000000000000000 ) ) ;
#1485 = DIRECTION ( 'NONE',  ( -1.000000000000000000, 0.000000000000000000, 0.000000000000000000 ) ) ;
#1486 = ORIENTED_EDGE ( 'NONE', *, *, #6080, .F. ) ;
#1487 = DIRECTION ( 'NONE',  ( 0.000000000000000000, 0.000000000000000000, 1.000000000000000000 ) ) ;
#1488 = CARTESIAN_POINT ( 'NONE',  ( -39.40131949302671899, 52.33375911287402005, 5.389052369010789434 ) ) ;
#1489 = CARTESIAN_POINT ( 'NONE',  ( -15.74861944124880253, -74.68097998000810378, 8.929855849391936218 ) ) ;
#1490 = CARTESIAN_POINT ( 'NONE',  ( -2.151706176900900935, -64.93410546113133819, 22.58579453294701622 ) ) ;
#1491 = CARTESIAN_POINT ( 'NONE',  ( -40.09320149786616838, 50.59305057726720634, 1.450000000000001732 ) ) ;
#1492 = CARTESIAN_POINT ( 'NONE',  ( 21.37918666975485849, -58.73000564658308775, 12.49999999999999289 ) ) ;
#1493 = CARTESIAN_POINT ( 'NONE',  ( 22.94826103524158611, -77.68097998000810378, 4.239442201779479724 ) ) ;
#1494 = EDGE_LOOP ( 'NONE', ( #637, #2724, #1477, #3467 ) ) ;
#1495 = CARTESIAN_POINT ( 'NONE',  ( 20.94756383570931391, -67.07494887407398210, 5.134432792162621162 ) ) ;
#1496 = CARTESIAN_POINT ( 'NONE',  ( 25.00000000000000000, -60.68097998000807536, -0.3886993953832456605 ) ) ;
#1497 = CARTESIAN_POINT ( 'NONE',  ( 26.00000000000000000, -77.68097998000810378, 11.54475158891634301 ) ) ;
#1498 = CARTESIAN_POINT ( 'NONE',  ( -17.24518986934935327, -73.09162670806283302, 3.981487023096086375 ) ) ;
#1499 = CARTESIAN_POINT ( 'NONE',  ( -43.50000000000000711, 55.00000000000001421, 17.53830907123376548 ) ) ;
#1500 = EDGE_CURVE ( 'NONE', #3724, #849, #5212, .T. ) ;
#1501 = CARTESIAN_POINT ( 'NONE',  ( 48.50000000000001421, -47.11324865405205031, 17.00000000000000000 ) ) ;
#1502 = CARTESIAN_POINT ( 'NONE',  ( -16.16749892677277245, -59.83453578855544919, 21.55095221786870496 ) ) ;
#1503 = CARTESIAN_POINT ( 'NONE',  ( 17.56915918334686566, -74.68097998000808957, 12.09437280459840736 ) ) ;
#1504 = CARTESIAN_POINT ( 'NONE',  ( 21.44041873374006002, -69.59180966811725000, 19.02304469394655584 ) ) ;
#1505 = ORIENTED_EDGE ( 'NONE', *, *, #599, .T. ) ;
#1506 = CARTESIAN_POINT ( 'NONE',  ( -7.466105873685559224, -77.68097998000813220, 29.27874986315208616 ) ) ;
#1507 = CARTESIAN_POINT ( 'NONE',  ( -21.85017999398597155, -70.99770916956151723, 7.935600897247504726 ) ) ;
#1508 = CARTESIAN_POINT ( 'NONE',  ( -1.299882894431973801, -75.22501180479638094, -0.6294118300352182782 ) ) ;
#1509 = CARTESIAN_POINT ( 'NONE',  ( -40.03519270640567385, 50.86549552699914045, 1.409321211018964570 ) ) ;
#1510 = ADVANCED_FACE ( 'NONE', ( #2569 ), #4967, .T. ) ;
#1511 = CARTESIAN_POINT ( 'NONE',  ( 21.52552370594081665, -61.36288191351794552, 17.97271838392891041 ) ) ;
#1512 = CARTESIAN_POINT ( 'NONE',  ( 22.91666666666667496, -60.68097998000807536, 25.00000000000000000 ) ) ;
#1513 = CARTESIAN_POINT ( 'NONE',  ( 41.49853076112383121, -43.49334131041798912, 21.46980502701095972 ) ) ;
#1514 = CARTESIAN_POINT ( 'NONE',  ( 41.92482008767477453, -46.90292002522090087, 0.1268938943760942184 ) ) ;
#1515 = ORIENTED_EDGE ( 'NONE', *, *, #481, .F. ) ;
#1516 = CARTESIAN_POINT ( 'NONE',  ( 5.354996126554409486, -64.83889085128625140, 22.44478583773673108 ) ) ;
#1517 = ORIENTED_EDGE ( 'NONE', *, *, #6347, .T. ) ;
#1518 = LINE ( 'NONE', #6303, #4048 ) ;
#1519 = ORIENTED_EDGE ( 'NONE', *, *, #3474, .T. ) ;
#1520 = CARTESIAN_POINT ( 'NONE',  ( -24.99999999999999645, -60.68097998000808246, 12.50000000000000000 ) ) ;
#1521 = CARTESIAN_POINT ( 'NONE',  ( -14.31858073156625721, -77.68097998000810378, -2.139773194630915754 ) ) ;
#1522 = CARTESIAN_POINT ( 'NONE',  ( -21.78975967305888517, -58.49296121260353942, 3.500000000000000000 ) ) ;
#1523 = AXIS2_PLACEMENT_3D ( 'NONE', #5783, #2777, #7602 ) ;
#1524 = VERTEX_POINT ( 'NONE', #921 ) ;
#1525 = CARTESIAN_POINT ( 'NONE',  ( -21.48072207726319505, -59.70234513774107654, 21.49999999999984013 ) ) ;
#1526 = CARTESIAN_POINT ( 'NONE',  ( 0.000000000000000000, -77.68097998000808957, 12.50000000000000000 ) ) ;
#1527 = CARTESIAN_POINT ( 'NONE',  ( -11.09395578667939297, -74.68097998000808957, 5.836296695972872151 ) ) ;
#1528 = ADVANCED_FACE ( 'NONE', ( #5156 ), #2688, .F. ) ;
#1529 = CARTESIAN_POINT ( 'NONE',  ( -4.489228872032186679, -67.45737934833101690, 23.20084414668674455 ) ) ;
#1530 = CARTESIAN_POINT ( 'NONE',  ( 13.49570766492085561, -74.68097998000806115, 22.99011941645321500 ) ) ;
#1531 = CARTESIAN_POINT ( 'NONE',  ( 48.50000000000000711, 40.00000000000000000, 7.416511602811677761 ) ) ;
#1532 = CARTESIAN_POINT ( 'NONE',  ( -21.84978241376935415, -77.68097998000808957, 21.98513260262339841 ) ) ;
#1533 =( GEOMETRIC_REPRESENTATION_CONTEXT ( 3 ) GLOBAL_UNCERTAINTY_ASSIGNED_CONTEXT ( ( #4390 ) ) GLOBAL_UNIT_ASSIGNED_CONTEXT ( ( #6499, #7771, #3647 ) ) REPRESENTATION_CONTEXT ( 'NONE', 'WORKASPACE' ) );
#1534 = CARTESIAN_POINT ( 'NONE',  ( 21.05339583163971895, -77.68097998000806115, 2.199280868717139903 ) ) ;
#1535 = ORIENTED_EDGE ( 'NONE', *, *, #7371, .F. ) ;
#1536 = LINE ( 'NONE', #3386, #904 ) ;
#1537 = DIRECTION ( 'NONE',  ( -0.000000000000000000, 1.000000000000000000, -0.000000000000000000 ) ) ;
#1538 = CARTESIAN_POINT ( 'NONE',  ( 24.88177154653316592, -58.40486459085619231, 8.031245347946448732 ) ) ;
#1539 = CARTESIAN_POINT ( 'NONE',  ( -16.29582183645260685, -71.87545129961056034, 3.590879489559240856 ) ) ;
#1540 = CARTESIAN_POINT ( 'NONE',  ( 43.50000000000000711, 35.00000000000000711, 0.000000000000000000 ) ) ;
#1541 = CARTESIAN_POINT ( 'NONE',  ( 44.96771424278763618, 42.50573523438636414, 6.919362087505919412 ) ) ;
#1542 = CARTESIAN_POINT ( 'NONE',  ( -9.178538056489200514, -69.85860738540591797, 23.23044792080807852 ) ) ;
#1543 = LINE ( 'NONE', #4487, #7620 ) ;
#1544 = CARTESIAN_POINT ( 'NONE',  ( 19.24043152249672062, -59.44397593831899229, 21.67001708952596672 ) ) ;
#1545 = VERTEX_POINT ( 'NONE', #5116 ) ;
#1546 = CARTESIAN_POINT ( 'NONE',  ( -20.62003650863962534, -77.68097998000808957, 23.18440755058640690 ) ) ;
#1547 = CARTESIAN_POINT ( 'NONE',  ( -22.02978123891413276, -69.79011332229080722, 12.49999999999999289 ) ) ;
#1548 = CARTESIAN_POINT ( 'NONE',  ( -3.372784145518914478, -67.48125101196794162, 1.734907274144600109 ) ) ;
#1549 = CARTESIAN_POINT ( 'NONE',  ( 15.90764138402878203, -74.68097998000808957, 15.94506442953797709 ) ) ;
#1550 = B_SPLINE_CURVE_WITH_KNOTS ( 'NONE', 3,
 ( #690, #94, #6021, #7357, #6609, #1862, #3744, #4259 ),
 .UNSPECIFIED., .F., .F.,
 ( 4, 2, 2, 4 ),
 ( 0.07098969868961617358, 0.07851240355972025076, 0.08227375599477228241, 0.08603510842982431406 ),
 .UNSPECIFIED. ) ;
#1551 = AXIS2_PLACEMENT_3D ( 'NONE', #288, #7400, #3610 ) ;
#1552 = CARTESIAN_POINT ( 'NONE',  ( -0.007630428499740279404, -77.68097998000808957, 23.75165718681244442 ) ) ;
#1553 = CARTESIAN_POINT ( 'NONE',  ( 22.88186145036130270, -60.08850364132559463, 25.19492868241661299 ) ) ;
#1554 = DIRECTION ( 'NONE',  ( -0.8660254037844381525, 0.5000000000000008882, 0.000000000000000000 ) ) ;
#1555 = ORIENTED_EDGE ( 'NONE', *, *, #5018, .T. ) ;
#1556 = ADVANCED_FACE ( 'NONE', ( #7519 ), #3852, .F. ) ;
#1557 = EDGE_CURVE ( 'NONE', #267, #5980, #328, .T. ) ;
#1558 = CARTESIAN_POINT ( 'NONE',  ( 5.723047528791981975, -68.71122229984690932, 23.43635243845011473 ) ) ;
#1559 = VERTEX_POINT ( 'NONE', #3978 ) ;
#1560 = CARTESIAN_POINT ( 'NONE',  ( -36.00000000000000000, 50.32608618614673190, 21.50000000000000355 ) ) ;
#1561 = ORIENTED_EDGE ( 'NONE', *, *, #511, .F. ) ;
#1562 = FACE_OUTER_BOUND ( 'NONE', #2551, .T. ) ;
#1563 = CARTESIAN_POINT ( 'NONE',  ( -22.38017953614121325, -77.68097998000807536, 3.555844014324573088 ) ) ;
#1564 = CARTESIAN_POINT ( 'NONE',  ( -38.80513664280996977, 47.51582207447300021, 20.35604890152795221 ) ) ;
#1565 = ORIENTED_EDGE ( 'NONE', *, *, #354, .T. ) ;
#1566 = EDGE_CURVE ( 'NONE', #5072, #2859, #5404, .T. ) ;
#1567 = CARTESIAN_POINT ( 'NONE',  ( -21.49077775195247497, -60.21044842030077859, 21.50000000000000000 ) ) ;
#1568 = CARTESIAN_POINT ( 'NONE',  ( -39.12587301329661926, -42.57725152544963976, 4.999126497448795448 ) ) ;
#1569 = CARTESIAN_POINT ( 'NONE',  ( -15.08375440375867527, -74.68097998000808957, 8.296298186859839774 ) ) ;
#1570 = CARTESIAN_POINT ( 'NONE',  ( -7.427791005011650682, -73.83041292762929686, 24.53083326344665593 ) ) ;
#1571 = VECTOR ( 'NONE', #640, 1000.000000000000000 ) ;
#1572 = CARTESIAN_POINT ( 'NONE',  ( -17.50307347795880375, -74.68097998000808957, 20.94436505221417733 ) ) ;
#1573 = CARTESIAN_POINT ( 'NONE',  ( 43.50000000000000711, -44.31902001999193175, 12.50000000000000000 ) ) ;
#1574 = PLANE ( 'NONE',  #3491 ) ;
#1575 = CARTESIAN_POINT ( 'NONE',  ( 25.99999999999999645, -77.68097998000808957, 12.49999999999999289 ) ) ;
#1576 = ORIENTED_EDGE ( 'NONE', *, *, #3773, .T. ) ;
#1577 = CARTESIAN_POINT ( 'NONE',  ( 22.09143249191674840, -69.43777919450924685, 6.295393559980611009 ) ) ;
#1578 = FACE_OUTER_BOUND ( 'NONE', #1636, .T. ) ;
#1579 = CARTESIAN_POINT ( 'NONE',  ( 40.99999999999999289, 34.83693954168134610, 3.499999999999999112 ) ) ;
#1580 = CARTESIAN_POINT ( 'NONE',  ( -17.59943202369505499, -66.32037063779468156, 4.053657581422532630 ) ) ;
#1581 = DIRECTION ( 'NONE',  ( -0.000000000000000000, -0.000000000000000000, -1.000000000000000000 ) ) ;
#1582 = CARTESIAN_POINT ( 'NONE',  ( -25.65889400384263297, -76.73875299237752756, 15.34448326870712087 ) ) ;
#1583 = CARTESIAN_POINT ( 'NONE',  ( -11.86602652514696565, -73.62905334474493202, 23.37411120133168296 ) ) ;
#1584 = CARTESIAN_POINT ( 'NONE',  ( -19.06165276742261128, -60.36641450947649190, 3.499999999999998668 ) ) ;
#1585 = CARTESIAN_POINT ( 'NONE',  ( 20.66132021255321050, -71.08805801176107764, 19.14315538317777410 ) ) ;
#1586 = ORIENTED_EDGE ( 'NONE', *, *, #4049, .F. ) ;
#1587 = FACE_OUTER_BOUND ( 'NONE', #4878, .T. ) ;
#1588 = CARTESIAN_POINT ( 'NONE',  ( -22.35799744229856856, -75.36978877982625136, 11.68352366356275773 ) ) ;
#1589 = CARTESIAN_POINT ( 'NONE',  ( 1.240591896471127997, -72.65566637535962968, 0.1262780021520564511 ) ) ;
#1590 = CARTESIAN_POINT ( 'NONE',  ( -36.02441913338045509, 51.94278976323756325, 0.01562328875052616459 ) ) ;
#1591 = DIRECTION ( 'NONE',  ( 0.000000000000000000, 0.000000000000000000, 1.000000000000000000 ) ) ;
#1592 = CARTESIAN_POINT ( 'NONE',  ( -21.33260991109963101, -74.87651464294073378, 17.68190961479850998 ) ) ;
#1593 = CARTESIAN_POINT ( 'NONE',  ( 43.96003450688682790, -46.65343351474343336, 0.7826496990595886993 ) ) ;
#1594 = ORIENTED_EDGE ( 'NONE', *, *, #1654, .F. ) ;
#1595 = CARTESIAN_POINT ( 'NONE',  ( 4.290821192239119064, -64.87981377176313913, 22.50490886598020879 ) ) ;
#1596 = ORIENTED_EDGE ( 'NONE', *, *, #7141, .F. ) ;
#1597 = VECTOR ( 'NONE', #1942, 1000.000000000000000 ) ;
#1598 = CARTESIAN_POINT ( 'NONE',  ( -39.99999999999999289, 52.00000000000001421, 17.50000000000000000 ) ) ;
#1599 = ORIENTED_EDGE ( 'NONE', *, *, #2773, .T. ) ;
#1600 = DIRECTION ( 'NONE',  ( -0.000000000000000000, -0.000000000000000000, -1.000000000000000000 ) ) ;
#1601 = CARTESIAN_POINT ( 'NONE',  ( -14.58333333333333748, -60.68097998000806825, 0.000000000000000000 ) ) ;
#1602 = CARTESIAN_POINT ( 'NONE',  ( -20.83333333333332860, -60.68097998000808246, 25.00000000000000355 ) ) ;
#1603 = EDGE_CURVE ( 'NONE', #291, #1016, #6242, .T. ) ;
#1604 = VERTEX_POINT ( 'NONE', #7476 ) ;
#1605 = CARTESIAN_POINT ( 'NONE',  ( -22.11183528976023993, -71.18503218667464694, 12.49999999999999289 ) ) ;
#1606 = CARTESIAN_POINT ( 'NONE',  ( -35.99999999999998579, -44.99999999999999289, 3.499999999999999556 ) ) ;
#1607 = CARTESIAN_POINT ( 'NONE',  ( 16.79214718816923479, -74.68097998000810378, 10.35109137701227588 ) ) ;
#1608 = CARTESIAN_POINT ( 'NONE',  ( -7.586107986135863790, -75.12033604454583724, 24.84134663879993354 ) ) ;
#1609 = EDGE_CURVE ( 'NONE', #4794, #7164, #6795, .T. ) ;
#1610 = CARTESIAN_POINT ( 'NONE',  ( 17.57257356311983187, -77.68097998000808957, 12.89786075271126187 ) ) ;
#1611 = PRODUCT_DEFINITION_SHAPE ( 'NONE', 'NONE',  #3237 ) ;
#1612 = CARTESIAN_POINT ( 'NONE',  ( 25.59826332794542125, -74.68097998000808957, 9.435546880697581074 ) ) ;
#1613 = CARTESIAN_POINT ( 'NONE',  ( -36.24767653315797133, 48.90296122910098831, 3.507199410860478483 ) ) ;
#1614 = VECTOR ( 'NONE', #1922, 1000.000000000000000 ) ;
#1615 = CARTESIAN_POINT ( 'NONE',  ( -1.041666666666675622, -60.68097998000806825, 0.000000000000000000 ) ) ;
#1616 = VECTOR ( 'NONE', #2190, 999.9999999999998863 ) ;
#1617 = DIRECTION ( 'NONE',  ( -1.000000000000000000, 0.000000000000000000, 0.000000000000000000 ) ) ;
#1618 = CARTESIAN_POINT ( 'NONE',  ( -13.52024464577556095, -77.68097998000808957, 7.104376667777173360 ) ) ;
#1619 = CARTESIAN_POINT ( 'NONE',  ( 44.96090406157414066, 32.96923863281464406, 6.857957603493867182 ) ) ;
#1620 = CARTESIAN_POINT ( 'NONE',  ( -17.45018966863413112, -63.66718018237912702, 3.825867096359564457 ) ) ;
#1621 = CARTESIAN_POINT ( 'NONE',  ( -25.59826332794526493, -74.68097998000808957, 15.56445311930350606 ) ) ;
#1622 = ORIENTED_EDGE ( 'NONE', *, *, #6398, .F. ) ;
#1623 = CARTESIAN_POINT ( 'NONE',  ( -25.65675963003178595, -77.68097998000808957, 15.33429889683900527 ) ) ;
#1624 = CARTESIAN_POINT ( 'NONE',  ( -11.20103536297176561, -76.27964005510587242, 24.16257156795316163 ) ) ;
#1625 = DIRECTION ( 'NONE',  ( -0.000000000000000000, -0.000000000000000000, -1.000000000000000000 ) ) ;
#1626 = ORIENTED_EDGE ( 'NONE', *, *, #4431, .F. ) ;
#1627 = CARTESIAN_POINT ( 'NONE',  ( 19.23233396769052206, -77.68097998000808957, 24.29886878662091121 ) ) ;
#1628 = CARTESIAN_POINT ( 'NONE',  ( -39.68959399065392546, -42.80023205502985917, 19.05305162672197739 ) ) ;
#1629 = CARTESIAN_POINT ( 'NONE',  ( 1.025945117527604422, -62.37828465761262464, 3.149037330901178766 ) ) ;
#1630 = CARTESIAN_POINT ( 'NONE',  ( -16.92525316627810383, -74.68097998000806115, 14.37078502964574156 ) ) ;
#1631 = ADVANCED_FACE ( 'NONE', ( #7432 ), #6204, .F. ) ;
#1632 = CARTESIAN_POINT ( 'NONE',  ( -39.99999999999999289, 52.00000000000001421, 32.07106781186548261 ) ) ;
#1633 = EDGE_CURVE ( 'NONE', #189, #206, #4482, .T. ) ;
#1634 = CARTESIAN_POINT ( 'NONE',  ( -24.39420752376037882, -58.85695899862254521, 21.95082462590692529 ) ) ;
#1635 = DIRECTION ( 'NONE',  ( 0.000000000000000000, 0.000000000000000000, -1.000000000000000000 ) ) ;
#1636 = EDGE_LOOP ( 'NONE', ( #610, #4907, #1965, #3945 ) ) ;
#1637 = CARTESIAN_POINT ( 'NONE',  ( 6.969807528041355837, -69.95756570129269392, 23.60077035908129872 ) ) ;
#1638 = VERTEX_POINT ( 'NONE', #1457 ) ;
#1639 = ORIENTED_EDGE ( 'NONE', *, *, #822, .F. ) ;
#1640 = CARTESIAN_POINT ( 'NONE',  ( -36.51833422720392264, 57.00270572868454622, 3.525267618473792108 ) ) ;
#1641 = CARTESIAN_POINT ( 'NONE',  ( 21.49077775195246431, -60.21044842030077149, 21.50000000000000000 ) ) ;
#1642 = CARTESIAN_POINT ( 'NONE',  ( 25.59826332794822079, -74.68097998000808957, 15.56445311928334974 ) ) ;
#1643 = ORIENTED_EDGE ( 'NONE', *, *, #5403, .T. ) ;
#1644 = CARTESIAN_POINT ( 'NONE',  ( -22.02978123891412920, -69.79011332229079301, 13.74723089917525165 ) ) ;
#1645 = VECTOR ( 'NONE', #5789, 1000.000000000000000 ) ;
#1646 = CARTESIAN_POINT ( 'NONE',  ( -43.50000000000000000, 55.00000000000000711, 25.00000000000000000 ) ) ;
#1647 = CARTESIAN_POINT ( 'NONE',  ( 16.62794828632500455, -74.68097998000811799, 10.06135117063346485 ) ) ;
#1648 = CARTESIAN_POINT ( 'NONE',  ( -1.211309899116213451, -71.37099366064143169, 24.49587708175436518 ) ) ;
#1649 = CARTESIAN_POINT ( 'NONE',  ( -16.12763008922658159, -77.68097998000808957, 15.64275991089654561 ) ) ;
#1650 = CARTESIAN_POINT ( 'NONE',  ( -39.99999999999999289, 48.00000000000000711, 7.500000000000000000 ) ) ;
#1651 = CARTESIAN_POINT ( 'NONE',  ( 21.23287851239101798, -74.68097998000804694, 22.59985217694878656 ) ) ;
#1652 = CARTESIAN_POINT ( 'NONE',  ( 11.45833333333334458, -60.68097998000806825, 0.000000000000000000 ) ) ;
#1653 = EDGE_CURVE ( 'NONE', #5330, #2851, #4868, .T. ) ;
#1654 = EDGE_CURVE ( 'NONE', #1746, #4040, #235, .T. ) ;
#1655 = CARTESIAN_POINT ( 'NONE',  ( 21.27786486927645981, -60.49703682645336045, 3.576001384157934115 ) ) ;
#1656 = CARTESIAN_POINT ( 'NONE',  ( 21.49077775195246076, -60.21044842030077859, 3.499999999999996003 ) ) ;
#1657 = CARTESIAN_POINT ( 'NONE',  ( -21.63134072365712157, -72.29440195330957408, 6.847561695579215346 ) ) ;
#1658 = CARTESIAN_POINT ( 'NONE',  ( -21.01362485803132074, -73.64903156312627175, 6.679200075616137156 ) ) ;
#1659 = DIRECTION ( 'NONE',  ( 1.000000000000000000, 0.000000000000000000, 0.000000000000000000 ) ) ;
#1660 = ORIENTED_EDGE ( 'NONE', *, *, #4015, .T. ) ;
#1661 = CARTESIAN_POINT ( 'NONE',  ( -11.09210836079966178, -68.41769540938530270, 22.57213141337576090 ) ) ;
#1662 = DIRECTION ( 'NONE',  ( -0.000000000000000000, -0.000000000000000000, -1.000000000000000000 ) ) ;
#1663 = ADVANCED_FACE ( 'NONE', ( #2649 ), #5740, .T. ) ;
#1664 = ORIENTED_EDGE ( 'NONE', *, *, #1603, .T. ) ;
#1665 = DIRECTION ( 'NONE',  ( -0.000000000000000000, 1.000000000000000000, -0.000000000000000000 ) ) ;
#1666 = CARTESIAN_POINT ( 'NONE',  ( -38.04050957348077588, -42.53838129721020778, 20.94405583570356555 ) ) ;
#1667 = CARTESIAN_POINT ( 'NONE',  ( -2.311779167571052174, -68.79045602263263959, 1.298788072419339912 ) ) ;
#1668 = CARTESIAN_POINT ( 'NONE',  ( 21.82699029441976890, -68.30317378103767112, 8.462514284079071913 ) ) ;
#1669 = LINE ( 'NONE', #3950, #6503 ) ;
#1670 = CARTESIAN_POINT ( 'NONE',  ( -14.25240334010217502, -77.68097998000808957, 7.593176322269598266 ) ) ;
#1671 = ORIENTED_EDGE ( 'NONE', *, *, #998, .F. ) ;
#1672 = CARTESIAN_POINT ( 'NONE',  ( 11.23915983428262066, -61.76871616666241493, 21.58964989766137066 ) ) ;
#1673 = VERTEX_POINT ( 'NONE', #6838 ) ;
#1674 = CARTESIAN_POINT ( 'NONE',  ( -38.04050957348078299, 52.46161870278979933, 20.94405583570356200 ) ) ;
#1675 = ORIENTED_EDGE ( 'NONE', *, *, #633, .F. ) ;
#1676 = B_SPLINE_CURVE_WITH_KNOTS ( 'NONE', 3,
 ( #5860, #494, #2379, #1747 ),
 .UNSPECIFIED., .F., .F.,
 ( 4, 4 ),
 ( 0.0006088996035320513606, 0.001218624425003856510 ),
 .UNSPECIFIED. ) ;
#1677 = CARTESIAN_POINT ( 'NONE',  ( 12.67548763990757443, -72.25451534121999941, 2.153894285260697927 ) ) ;
#1678 = CARTESIAN_POINT ( 'NONE',  ( -40.19999999999998863, -44.31902001999193175, 0.000000000000000000 ) ) ;
#1679 = CARTESIAN_POINT ( 'NONE',  ( 45.20000000000024443, -44.21732888824783458, 1.526206676144366226 ) ) ;
#1680 = CARTESIAN_POINT ( 'NONE',  ( -24.31447694444713292, -77.68097998000808957, 18.73679134435670690 ) ) ;
#1681 = ORIENTED_EDGE ( 'NONE', *, *, #2186, .F. ) ;
#1682 = DIRECTION ( 'NONE',  ( -1.000000000000000000, 0.000000000000000000, 0.000000000000000000 ) ) ;
#1683 = CARTESIAN_POINT ( 'NONE',  ( 40.99828500629151051, 45.06552545935772258, 25.00000000000000355 ) ) ;
#1684 = CARTESIAN_POINT ( 'NONE',  ( -25.65675389976340881, -77.68097998000808957, 9.665712661770600178 ) ) ;
#1685 = CARTESIAN_POINT ( 'NONE',  ( 11.32673753920096793, -74.68097998000808957, 5.934178808915006265 ) ) ;
#1686 = CARTESIAN_POINT ( 'NONE',  ( 2.202768498277722919, -66.21969019301745618, 22.95751256132796314 ) ) ;
#1687 = CARTESIAN_POINT ( 'NONE',  ( -11.09144526588892532, -77.68097998000808957, 19.16766594912096622 ) ) ;
#1688 = CARTESIAN_POINT ( 'NONE',  ( -37.34525904103471561, 47.77756113221352052, 3.730092861129445492 ) ) ;
#1689 = CARTESIAN_POINT ( 'NONE',  ( 14.44428175279542081, -60.08850364132560173, -0.007762524468696041860 ) ) ;
#1690 =( BOUNDED_SURFACE ( )  B_SPLINE_SURFACE ( 3, 1, ( 
 ( #3659, #233 ),
 ( #1332, #4393 ),
 ( #3184, #5460 ),
 ( #1964, #3221 ) ),
 .UNSPECIFIED., .F., .F., .F. ) 
 B_SPLINE_SURFACE_WITH_KNOTS ( ( 4, 4 ),
 ( 2, 2 ),
 ( 0.000000000000000000, 1.000000000000000000 ),
 ( 0.000000000000000000, 1.000000000000000000 ),
 .UNSPECIFIED. ) 
 GEOMETRIC_REPRESENTATION_ITEM ( )  RATIONAL_B_SPLINE_SURFACE ( (
 ( 1.000000000000000000, 1.000000000000000000),
 ( 0.9973887364013718226, 0.9973887364013718226),
 ( 0.9973887364013718226, 0.9973887364013718226),
 ( 1.000000000000000000, 1.000000000000000000) ) ) 
 REPRESENTATION_ITEM ( '' )  SURFACE ( )  );
#1691 = CARTESIAN_POINT ( 'NONE',  ( 19.24043152249661404, -59.44397593831902071, 3.329982910474039937 ) ) ;
#1692 = VECTOR ( 'NONE', #4245, 1000.000000000000114 ) ;
#1693 = CARTESIAN_POINT ( 'NONE',  ( 48.50000000000001421, -47.11324865405205031, 12.50000000000000000 ) ) ;
#1694 = CARTESIAN_POINT ( 'NONE',  ( -20.28389709185470124, -60.62261015456046920, 3.581668788960619576 ) ) ;
#1695 = LINE ( 'NONE', #4018, #7641 ) ;
#1696 = VERTEX_POINT ( 'NONE', #3858 ) ;
#1697 = FACE_OUTER_BOUND ( 'NONE', #6218, .T. ) ;
#1698 = EDGE_CURVE ( 'NONE', #2824, #1949, #435, .T. ) ;
#1699 = CARTESIAN_POINT ( 'NONE',  ( -8.830673512491108212, -67.26217538977316224, 22.71189401043070077 ) ) ;
#1700 = EDGE_CURVE ( 'NONE', #2242, #3766, #4654, .T. ) ;
#1701 = DIRECTION ( 'NONE',  ( -1.000000000000000000, -1.330321911110254761E-16, -0.000000000000000000 ) ) ;
#1702 = ORIENTED_EDGE ( 'NONE', *, *, #3343, .F. ) ;
#1703 = DIRECTION ( 'NONE',  ( 0.000000000000000000, 0.000000000000000000, 1.000000000000000000 ) ) ;
#1704 = CARTESIAN_POINT ( 'NONE',  ( -38.91681784657451715, -42.53269080068910313, 20.24179698722871024 ) ) ;
#1705 = CARTESIAN_POINT ( 'NONE',  ( -8.502926913581578816, -64.66031570919453486, 2.799728585330454322 ) ) ;
#1706 = CARTESIAN_POINT ( 'NONE',  ( 21.38470200533177490, -58.61425919617131086, 8.488036030442456692 ) ) ;
#1707 = CARTESIAN_POINT ( 'NONE',  ( 25.86574135804051267, -74.68097998000808957, 14.55223283043450166 ) ) ;
#1708 = EDGE_CURVE ( 'NONE', #1810, #7164, #6999, .T. ) ;
#1709 = CARTESIAN_POINT ( 'NONE',  ( -22.32770437604480662, -59.07643368423450170, 21.82900680843350116 ) ) ;
#1710 = DIRECTION ( 'NONE',  ( 0.000000000000000000, 0.000000000000000000, 1.000000000000000000 ) ) ;
#1711 = VERTEX_POINT ( 'NONE', #5233 ) ;
#1712 = CARTESIAN_POINT ( 'NONE',  ( 12.47728117658835956, -70.94956164247271602, 22.67693432147919808 ) ) ;
#1713 = VERTEX_POINT ( 'NONE', #2334 ) ;
#1714 = CARTESIAN_POINT ( 'NONE',  ( 2.161340569186634752, -77.68097998000808957, -4.954705293583551828 ) ) ;
#1715 = CARTESIAN_POINT ( 'NONE',  ( -25.59344066623607006, -77.68097998000808957, 9.417352158040566579 ) ) ;
#1716 =( BOUNDED_SURFACE ( )  B_SPLINE_SURFACE ( 3, 1, ( 
 ( #3024, #2275 ),
 ( #2431, #1136 ),
 ( #545, #6460 ),
 ( #1095, #1715 ) ),
 .UNSPECIFIED., .F., .F., .F. ) 
 B_SPLINE_SURFACE_WITH_KNOTS ( ( 4, 4 ),
 ( 2, 2 ),
 ( 0.000000000000000000, 1.000000000000000000 ),
 ( 0.000000000000000000, 1.000000000000000000 ),
 .UNSPECIFIED. ) 
 GEOMETRIC_REPRESENTATION_ITEM ( )  RATIONAL_B_SPLINE_SURFACE ( (
 ( 1.000000000000000000, 1.000000000000000000),
 ( 0.9973887364014042411, 0.9973887364014042411),
 ( 0.9973887364014042411, 0.9973887364014042411),
 ( 1.000000000000000000, 1.000000000000000000) ) ) 
 REPRESENTATION_ITEM ( '' )  SURFACE ( )  );
#1717 = CARTESIAN_POINT ( 'NONE',  ( -24.51858991215563321, -77.68097998000808957, 6.671434591060301678 ) ) ;
#1718 = DIRECTION ( 'NONE',  ( 0.000000000000000000, 0.000000000000000000, 1.000000000000000000 ) ) ;
#1719 = CARTESIAN_POINT ( 'NONE',  ( 40.99999999999997158, -44.67391381385328231, 3.499999999999998668 ) ) ;
#1720 = ORIENTED_EDGE ( 'NONE', *, *, #2716, .T. ) ;
#1721 = CARTESIAN_POINT ( 'NONE',  ( -43.49999999999999289, -22.68097998000809312, 12.50000000000000000 ) ) ;
#1722 = CARTESIAN_POINT ( 'NONE',  ( -21.52623737368730872, -72.09404204058934340, 18.69503564363322567 ) ) ;
#1723 = ORIENTED_EDGE ( 'NONE', *, *, #5026, .F. ) ;
#1724 = CIRCLE ( 'NONE', #6107, 1.700000000000000178 ) ;
#1725 = CARTESIAN_POINT ( 'NONE',  ( -38.80513664280997688, -42.51582207447299311, 4.643951098472048677 ) ) ;
#1726 = CARTESIAN_POINT ( 'NONE',  ( 10.24997295804505804, -74.68097998000808957, 5.485699130245012434 ) ) ;
#1727 = CARTESIAN_POINT ( 'NONE',  ( -1.025945117527645722, -62.37828465761265306, 21.85096266909883056 ) ) ;
#1728 = AXIS2_PLACEMENT_3D ( 'NONE', #6830, #3191, #7425 ) ;
#1729 = DIRECTION ( 'NONE',  ( -1.321694076934710155E-16, 1.000000000000000000, 0.000000000000000000 ) ) ;
#1730 = CARTESIAN_POINT ( 'NONE',  ( -37.85877032672648568, -41.59506770536413711, 0.3543979852199103386 ) ) ;
#1731 = CARTESIAN_POINT ( 'NONE',  ( 11.96799147100968952, -78.46065648618754551, -3.264694118174014559 ) ) ;
#1732 = VECTOR ( 'NONE', #6321, 1000.000000000000000 ) ;
#1733 = B_SPLINE_CURVE_WITH_KNOTS ( 'NONE', 3,
 ( #4118, #5920, #428, #1641 ),
 .UNSPECIFIED., .F., .F.,
 ( 4, 4 ),
 ( 0.000000000000000000, 0.001524608330382731585 ),
 .UNSPECIFIED. ) ;
#1734 = CARTESIAN_POINT ( 'NONE',  ( 21.11861617424176529, -64.42647446873782258, 20.44003068664439837 ) ) ;
#1735 = CARTESIAN_POINT ( 'NONE',  ( 20.02769494084587976, -71.23549179560359335, 5.489849189540628061 ) ) ;
#1736 = CARTESIAN_POINT ( 'NONE',  ( -11.97183421273550330, -77.68097998000808957, 6.247968454798265903 ) ) ;
#1737 = CARTESIAN_POINT ( 'NONE',  ( -39.99999999999998579, -14.68097998000809135, 8.499999999999998224 ) ) ;
#1738 = CARTESIAN_POINT ( 'NONE',  ( -20.91150306046384344, -75.01268792950595810, 6.864757304016964490 ) ) ;
#1739 = DIRECTION ( 'NONE',  ( -0.000000000000000000, -0.000000000000000000, -1.000000000000000000 ) ) ;
#1740 = ORIENTED_EDGE ( 'NONE', *, *, #5973, .F. ) ;
#1741 = AXIS2_PLACEMENT_3D ( 'NONE', #2042, #4429, #7064 ) ;
#1742 = CARTESIAN_POINT ( 'NONE',  ( 45.00000000000000000, 37.00000000000001421, 12.50000000000000000 ) ) ;
#1743 = CARTESIAN_POINT ( 'NONE',  ( -6.057925242327042881, -74.68097998000808957, 20.74926023434031919 ) ) ;
#1744 = CARTESIAN_POINT ( 'NONE',  ( 24.99999999999999645, -60.68097998000807536, 12.49999999999999289 ) ) ;
#1745 = VECTOR ( 'NONE', #5245, 1000.000000000000000 ) ;
#1746 = VERTEX_POINT ( 'NONE', #1782 ) ;
#1747 = CARTESIAN_POINT ( 'NONE',  ( 45.09320149786618259, -44.91207059725913098, 1.450000000000001732 ) ) ;
#1748 = CARTESIAN_POINT ( 'NONE',  ( -37.76115894736750533, -42.60734206604198704, 21.09492963505794449 ) ) ;
#1749 = ADVANCED_FACE ( 'NONE', ( #5315 ), #7633, .T. ) ;
#1750 = CARTESIAN_POINT ( 'NONE',  ( -9.922441898049335407, -75.03964656109269526, 0.7216571707270320601 ) ) ;
#1751 = CARTESIAN_POINT ( 'NONE',  ( -35.50000000000000000, 55.00000000000000711, 0.000000000000000000 ) ) ;
#1752 = LINE ( 'NONE', #7169, #4586 ) ;
#1753 = AXIS2_PLACEMENT_3D ( 'NONE', #5896, #7631, #7158 ) ;
#1754 = CARTESIAN_POINT ( 'NONE',  ( -21.29494548426054479, -70.94062422791834877, 18.77615995589619402 ) ) ;
#1755 = CARTESIAN_POINT ( 'NONE',  ( -17.57257356311983898, -77.68097998000808957, 12.10213924728873991 ) ) ;
#1756 = EDGE_LOOP ( 'NONE', ( #215, #7752 ) ) ;
#1757 = CARTESIAN_POINT ( 'NONE',  ( 9.544904344521805584, -72.45041930633041716, 23.75353156091006213 ) ) ;
#1758 = EDGE_LOOP ( 'NONE', ( #4692, #820, #4448, #7381, #1292, #3925, #6380 ) ) ;
#1759 = LINE ( 'NONE', #1170, #7563 ) ;
#1760 = CARTESIAN_POINT ( 'NONE',  ( -35.99999999999999289, 50.00000000000000711, 3.499999999999999556 ) ) ;
#1761 = EDGE_CURVE ( 'NONE', #5545, #1711, #4175, .T. ) ;
#1762 = CARTESIAN_POINT ( 'NONE',  ( 10.99701315223019904, -74.98412965267161212, 1.071572666251175310 ) ) ;
#1763 = LINE ( 'NONE', #5525, #5506 ) ;
#1764 = CARTESIAN_POINT ( 'NONE',  ( 13.63000766128987173, -74.68097998000806115, 26.76216616028427708 ) ) ;
#1765 = CARTESIAN_POINT ( 'NONE',  ( -23.04525864944430324, -78.46065648618760235, 20.56612288739502148 ) ) ;
#1766 = B_SPLINE_CURVE_WITH_KNOTS ( 'NONE', 3,
 ( #6208, #2181, #2774, #2142, #924, #2058 ),
 .UNSPECIFIED., .F., .F.,
 ( 4, 2, 4 ),
 ( 0.0008452678299788344901, 0.003325877550674385518, 0.005806487271369940341 ),
 .UNSPECIFIED. ) ;
#1767 = VERTEX_POINT ( 'NONE', #7039 ) ;
#1768 = LINE ( 'NONE', #3572, #6358 ) ;
#1769 = CARTESIAN_POINT ( 'NONE',  ( -21.82699029441977601, -68.30317378103765691, 16.53748571592085170 ) ) ;
#1770 = ORIENTED_EDGE ( 'NONE', *, *, #5587, .T. ) ;
#1771 = DIRECTION ( 'NONE',  ( 0.000000000000000000, 1.000000000000000000, 0.000000000000000000 ) ) ;
#1772 = CARTESIAN_POINT ( 'NONE',  ( 15.99788113623375274, -74.68097998000810378, 9.203386361354496614 ) ) ;
#1773 = CARTESIAN_POINT ( 'NONE',  ( 1.075474961041369415, -64.94763008704946117, 22.60665250128613479 ) ) ;
#1774 = CARTESIAN_POINT ( 'NONE',  ( 0.9169528873832551996, -77.68097998000808957, 21.35050488399557267 ) ) ;
#1775 = CARTESIAN_POINT ( 'NONE',  ( -38.11789580651399234, 47.31328536573270327, 0.4391854821513219709 ) ) ;
#1776 = CARTESIAN_POINT ( 'NONE',  ( 9.772465470676445776, -74.68097998000806115, 0.7720627998266255121 ) ) ;
#1777 = EDGE_CURVE ( 'NONE', #5213, #1043, #1695, .T. ) ;
#1778 = CARTESIAN_POINT ( 'NONE',  ( 18.72968222534413130, -74.18162999984470218, 4.897581547841360461 ) ) ;
#1779 = CARTESIAN_POINT ( 'NONE',  ( -17.39766108894288976, -77.68097998000808957, 11.70427849457743186 ) ) ;
#1780 = CARTESIAN_POINT ( 'NONE',  ( 25.82352941176470651, -74.68097998000811799, 12.49999999999997513 ) ) ;
#1781 = CARTESIAN_POINT ( 'NONE',  ( -21.17831476564905202, -63.11424303248971768, 4.238331918962486178 ) ) ;
#1782 = CARTESIAN_POINT ( 'NONE',  ( 45.20000000000000284, 35.00000000000000711, 12.50000000000000000 ) ) ;
#1783 = EDGE_LOOP ( 'NONE', ( #7700, #4386, #4849, #6633, #254 ) ) ;
#1784 = VECTOR ( 'NONE', #6128, 1000.000000000000000 ) ;
#1785 = CARTESIAN_POINT ( 'NONE',  ( -16.89984342426819452, -77.68097998000808957, 14.42645200313948273 ) ) ;
#1786 = LINE ( 'NONE', #4614, #3480 ) ;
#1787 = ORIENTED_EDGE ( 'NONE', *, *, #1227, .T. ) ;
#1788 = CARTESIAN_POINT ( 'NONE',  ( -21.64607475027650452, -76.68167311374256201, 22.19513932382988486 ) ) ;
#1789 = CARTESIAN_POINT ( 'NONE',  ( 21.23287851237443746, -74.68097998000806115, 2.400147823038478734 ) ) ;
#1790 = CARTESIAN_POINT ( 'NONE',  ( -5.595498240628475450, -67.42128887558278905, 1.894845534309608004 ) ) ;
#1791 = CARTESIAN_POINT ( 'NONE',  ( 21.61464733046743447, -74.68097998000807536, 7.613070865666352383 ) ) ;
#1792 = CARTESIAN_POINT ( 'NONE',  ( -28.68629150101522640, -14.68097998000808957, 12.50000000000000000 ) ) ;
#1793 = CARTESIAN_POINT ( 'NONE',  ( -20.26199969574592075, -63.25016876502044738, 20.85512181819308708 ) ) ;
#1794 = CARTESIAN_POINT ( 'NONE',  ( 21.40534760126482183, -58.71490162573355320, 6.499659632394514830 ) ) ;
#1795 = ORIENTED_EDGE ( 'NONE', *, *, #2819, .T. ) ;
#1796 = CARTESIAN_POINT ( 'NONE',  ( 10.55913638414095423, -64.49504044025158578, 21.99476308020545190 ) ) ;
#1797 = ORIENTED_EDGE ( 'NONE', *, *, #3543, .F. ) ;
#1798 = CARTESIAN_POINT ( 'NONE',  ( 45.00000000000000000, 40.00000000000000711, 12.50000000000000000 ) ) ;
#1799 = CARTESIAN_POINT ( 'NONE',  ( -24.94317924871467795, -58.40486459085620652, 3.557414383494446497 ) ) ;
#1800 = CARTESIAN_POINT ( 'NONE',  ( 11.09210836079956586, -68.41769540938516059, 2.427868586624242653 ) ) ;
#1801 = DIRECTION ( 'NONE',  ( -0.000000000000000000, -0.000000000000000000, -1.000000000000000000 ) ) ;
#1802 = VECTOR ( 'NONE', #6139, 1000.000000000000000 ) ;
#1803 = CARTESIAN_POINT ( 'NONE',  ( -12.02346287270559344, -41.57723895259432112, 12.50000000000000000 ) ) ;
#1804 = CARTESIAN_POINT ( 'NONE',  ( 14.49753548012706439, -78.46065648618755972, 27.23791030571363692 ) ) ;
#1805 = EDGE_CURVE ( 'NONE', #1638, #5630, #2889, .T. ) ;
#1806 = EDGE_CURVE ( 'NONE', #4947, #4191, #6579, .T. ) ;
#1807 = ORIENTED_EDGE ( 'NONE', *, *, #7371, .T. ) ;
#1808 = DIRECTION ( 'NONE',  ( 1.321694076934710155E-16, -1.000000000000000000, 0.000000000000000000 ) ) ;
#1809 = CARTESIAN_POINT ( 'NONE',  ( -21.96112556548721528, -73.74607424450223903, 16.21751706882078992 ) ) ;
#1810 = VERTEX_POINT ( 'NONE', #5812 ) ;
#1811 = DIRECTION ( 'NONE',  ( -0.000000000000000000, -0.000000000000000000, -1.000000000000000000 ) ) ;
#1812 = CARTESIAN_POINT ( 'NONE',  ( -36.02358090675753743, 57.12544294776005671, 4.269046054161672230E-16 ) ) ;
#1813 = PLANE ( 'NONE',  #5964 ) ;
#1814 = VECTOR ( 'NONE', #7364, 1000.000000000000000 ) ;
#1815 = EDGE_CURVE ( 'NONE', #1843, #1091, #6864, .T. ) ;
#1816 =( BOUNDED_CURVE ( )  B_SPLINE_CURVE ( 3, ( #6492, #5750, #1707, #6413 ),
 .UNSPECIFIED., .F., .F. ) 
 B_SPLINE_CURVE_WITH_KNOTS ( ( 4, 4 ),
 ( 3.141592653589793116, 3.317611778973799552 ),
 .UNSPECIFIED. ) 
 CURVE ( )  GEOMETRIC_REPRESENTATION_ITEM ( )  RATIONAL_B_SPLINE_CURVE ( ( 1.000000000000000000, 0.9974197717393371576, 0.9974197717393371576, 1.000000000000000000 ) ) 
 REPRESENTATION_ITEM ( '' )  );
#1817 = CARTESIAN_POINT ( 'NONE',  ( 22.99881989768723400, -62.84679878203480996, 20.58294562359273172 ) ) ;
#1818 = CARTESIAN_POINT ( 'NONE',  ( 18.39193494247052740, -63.52875643491078250, 3.934540152307442806 ) ) ;
#1819 = CYLINDRICAL_SURFACE ( 'NONE', #5117, 1.700000000000000178 ) ;
#1820 = CARTESIAN_POINT ( 'NONE',  ( -16.83358282560381269, -74.68097998000808957, 10.43384940508659753 ) ) ;
#1821 = CARTESIAN_POINT ( 'NONE',  ( -22.32770437604476044, -59.07643368423455144, 3.170993191566520597 ) ) ;
#1822 = FACE_OUTER_BOUND ( 'NONE', #3956, .T. ) ;
#1823 = CARTESIAN_POINT ( 'NONE',  ( 4.419071297124619768, -77.68097998000808957, 21.03651454970155754 ) ) ;
#1824 = DIRECTION ( 'NONE',  ( -1.321694076934710155E-16, 1.000000000000000000, 0.000000000000000000 ) ) ;
#1825 = AXIS2_PLACEMENT_3D ( 'NONE', #2672, #1405, #1485 ) ;
#1826 = EDGE_LOOP ( 'NONE', ( #1131, #4706 ) ) ;
#1827 = CARTESIAN_POINT ( 'NONE',  ( 40.99999999999999289, -44.99999999999999289, 21.50000000000000000 ) ) ;
#1828 = CARTESIAN_POINT ( 'NONE',  ( 26.05286915988835972, -78.57975569811023320, 11.60439249103840886 ) ) ;
#1829 = CARTESIAN_POINT ( 'NONE',  ( -6.541019888128463577, -66.07902412054336594, 2.325041844618167541 ) ) ;
#1830 = CARTESIAN_POINT ( 'NONE',  ( 21.68165856366043798, -64.18744190798183524, 9.221912725020056101 ) ) ;
#1831 = CARTESIAN_POINT ( 'NONE',  ( 44.39134775729378646, 42.89370545187018990, 19.63786544730220740 ) ) ;
#1832 = VECTOR ( 'NONE', #5804, 1000.000000000000000 ) ;
#1833 = CARTESIAN_POINT ( 'NONE',  ( -21.23801335705636006, -61.80201159624179041, 21.08330547543058486 ) ) ;
#1834 = CARTESIAN_POINT ( 'NONE',  ( 14.18721143106746396, -74.68097998000808957, 7.546083808395056991 ) ) ;
#1835 = ORIENTED_EDGE ( 'NONE', *, *, #902, .F. ) ;
#1836 = CARTESIAN_POINT ( 'NONE',  ( 9.178538056489241370, -69.85860738540593218, 23.23044792080807497 ) ) ;
#1837 = ORIENTED_EDGE ( 'NONE', *, *, #3429, .F. ) ;
#1838 = CARTESIAN_POINT ( 'NONE',  ( 21.23287851237443746, -74.68097998000806115, 2.400147823038478734 ) ) ;
#1839 = CARTESIAN_POINT ( 'NONE',  ( -24.62304033231383116, -78.57975569811021899, 7.283952067268446129 ) ) ;
#1840 = CARTESIAN_POINT ( 'NONE',  ( 9.544904344521675910, -72.45041930633023242, 1.246468439089954527 ) ) ;
#1841 = CARTESIAN_POINT ( 'NONE',  ( -24.88177154653316947, -58.40486459085620652, 8.031245347946432744 ) ) ;
#1842 = CARTESIAN_POINT ( 'NONE',  ( -1.580536642169199313, -78.46065648618760235, 30.22931661946457282 ) ) ;
#1843 = VERTEX_POINT ( 'NONE', #6440 ) ;
#1844 = CARTESIAN_POINT ( 'NONE',  ( 15.26720647818649645, -77.68097998000808957, 16.55106062549140589 ) ) ;
#1845 = CARTESIAN_POINT ( 'NONE',  ( -43.50000000000000000, 55.00000000000000711, 12.50000000000000000 ) ) ;
#1846 = ORIENTED_EDGE ( 'NONE', *, *, #5596, .F. ) ;
#1847 = LINE ( 'NONE', #638, #1614 ) ;
#1848 = ADVANCED_FACE ( 'NONE', ( #4691 ), #528, .T. ) ;
#1849 = CARTESIAN_POINT ( 'NONE',  ( 16.94142172117978262, -74.68097998000807536, 10.66698530415867729 ) ) ;
#1850 = CARTESIAN_POINT ( 'NONE',  ( -36.24697137239955680, 48.90453438428920663, 21.49283855492354434 ) ) ;
#1851 = EDGE_LOOP ( 'NONE', ( #680, #6181, #876, #2576 ) ) ;
#1852 = AXIS2_PLACEMENT_3D ( 'NONE', #5319, #492, #2300 ) ;
#1853 = CARTESIAN_POINT ( 'NONE',  ( 23.69861271698941607, -64.01876918024899510, 20.03807496465487148 ) ) ;
#1854 = CARTESIAN_POINT ( 'NONE',  ( 15.46319894975083109, -71.98563806083522820, 3.214975973819825139 ) ) ;
#1855 = CARTESIAN_POINT ( 'NONE',  ( -0.9169528873829552174, -77.68097998000808957, 3.649495116004406903 ) ) ;
#1856 = EDGE_CURVE ( 'NONE', #1810, #3717, #7267, .T. ) ;
#1857 = CARTESIAN_POINT ( 'NONE',  ( -39.99999999999999289, 56.07135982689438691, 7.500000000000000000 ) ) ;
#1858 = CARTESIAN_POINT ( 'NONE',  ( -35.58571804303888086, -45.54722684046912917, -6.432156443212340889E-18 ) ) ;
#1859 = LINE ( 'NONE', #3156, #3859 ) ;
#1860 = CARTESIAN_POINT ( 'NONE',  ( 4.419071297124619768, -74.68097998000808957, 21.03651454970155754 ) ) ;
#1861 = VECTOR ( 'NONE', #635, 1000.000000000000000 ) ;
#1862 = CARTESIAN_POINT ( 'NONE',  ( 21.63134202110792970, -72.29307705241001258, 18.15283759012949005 ) ) ;
#1863 = EDGE_LOOP ( 'NONE', ( #6500, #4666, #5492, #5709 ) ) ;
#1864 = CARTESIAN_POINT ( 'NONE',  ( 44.62570346583773784, 32.76636467810652675, 19.19675934591009892 ) ) ;
#1865 = CARTESIAN_POINT ( 'NONE',  ( 24.94317924871467795, -58.40486459085619941, 21.44258561650558903 ) ) ;
#1866 = CARTESIAN_POINT ( 'NONE',  ( 24.62304033231383116, -78.57975569811021899, 17.71604793273155565 ) ) ;
#1867 = CARTESIAN_POINT ( 'NONE',  ( -5.850596816955507151, -70.00115572411077380, 1.232449588790244244 ) ) ;
#1868 = CARTESIAN_POINT ( 'NONE',  ( 0.000000000000000000, -74.68097998000808957, 12.50000000000000000 ) ) ;
#1869 = CYLINDRICAL_SURFACE ( 'NONE', #7096, 4.000000000000003553 ) ;
#1870 = CARTESIAN_POINT ( 'NONE',  ( -17.24518986934939946, -73.09162670806306039, 21.01851297690389941 ) ) ;
#1871 = CARTESIAN_POINT ( 'NONE',  ( -6.160766860776319298, -74.68097998000808957, 4.261807846291757684 ) ) ;
#1872 = VECTOR ( 'NONE', #6765, 1000.000000000000000 ) ;
#1873 = CARTESIAN_POINT ( 'NONE',  ( 13.26306052945035141, -61.53939035246110478, 21.52464357671660977 ) ) ;
#1874 = ORIENTED_EDGE ( 'NONE', *, *, #7577, .T. ) ;
#1875 = CARTESIAN_POINT ( 'NONE',  ( -21.73432409607678650, -72.25054599859403481, 7.323701020648046622 ) ) ;
#1876 = ADVANCED_FACE ( 'NONE', ( #6525 ), #3081, .T. ) ;
#1877 = CARTESIAN_POINT ( 'NONE',  ( 10.55913638414086009, -64.49504044025150051, 3.005236919794548989 ) ) ;
#1878 = CARTESIAN_POINT ( 'NONE',  ( -24.98891076837313463, -58.40486459085620652, 23.68205322983630978 ) ) ;
#1879 = CARTESIAN_POINT ( 'NONE',  ( -13.54166666666664831, -60.68097998000807536, 25.00000000000000000 ) ) ;
#1880 = CARTESIAN_POINT ( 'NONE',  ( 24.99999999999999645, -60.68097998000807536, 25.00000000000000000 ) ) ;
#1881 = ORIENTED_EDGE ( 'NONE', *, *, #7685, .T. ) ;
#1882 = CARTESIAN_POINT ( 'NONE',  ( 10.76563052744017313, -74.68097998000808957, 19.30841140871943651 ) ) ;
#1883 = CARTESIAN_POINT ( 'NONE',  ( -21.77805212901342458, -73.60954770939163438, 17.13672453559262365 ) ) ;
#1884 = EDGE_LOOP ( 'NONE', ( #7457, #5471, #2707, #116 ) ) ;
#1885 = CARTESIAN_POINT ( 'NONE',  ( -38.49999999999998579, 50.00000000000000711, 12.50000000000000000 ) ) ;
#1886 = CARTESIAN_POINT ( 'NONE',  ( 16.93286280222301343, -74.68097998000808957, 10.64782088256527359 ) ) ;
#1887 = SHAPE_DEFINITION_REPRESENTATION ( #1611, #4283 ) ;
#1888 = ORIENTED_EDGE ( 'NONE', *, *, #1761, .T. ) ;
#1889 = CARTESIAN_POINT ( 'NONE',  ( -0.9753408198027233578, -74.68097998000808957, -0.4604438555857244819 ) ) ;
#1890 = CARTESIAN_POINT ( 'NONE',  ( 14.27209426941141501, -61.41448429551638100, 3.504411237454815975 ) ) ;
#1891 = CARTESIAN_POINT ( 'NONE',  ( 40.35000000000000142, 35.00000000000000711, 0.000000000000000000 ) ) ;
#1892 = CARTESIAN_POINT ( 'NONE',  ( -16.96680715107003579, -74.68097998000808957, 10.72430315927125299 ) ) ;
#1893 = CARTESIAN_POINT ( 'NONE',  ( -22.44883895174226751, -70.63756611667130869, 6.922311474553589861 ) ) ;
#1894 = CARTESIAN_POINT ( 'NONE',  ( 43.50000000000000711, 35.00000000000000711, 1.450000000000001732 ) ) ;
#1895 = CARTESIAN_POINT ( 'NONE',  ( -15.53663826102311774, -77.68097998000808957, 16.29845140207872234 ) ) ;
#1896 = ADVANCED_FACE ( 'NONE', ( #1822 ), #764, .T. ) ;
#1897 = EDGE_CURVE ( 'NONE', #1843, #6004, #1232, .T. ) ;
#1898 = CARTESIAN_POINT ( 'NONE',  ( -25.65675963003178595, -77.68097998000808957, 15.33429889683900527 ) ) ;
#1899 = EDGE_LOOP ( 'NONE', ( #5173, #1664, #5421, #7083, #3829 ) ) ;
#1900 = LINE ( 'NONE', #7394, #1784 ) ;
#1901 = DIRECTION ( 'NONE',  ( -0.000000000000000000, -0.000000000000000000, -1.000000000000000000 ) ) ;
#1902 = VECTOR ( 'NONE', #2858, 1000.000000000000000 ) ;
#1903 = CARTESIAN_POINT ( 'NONE',  ( 25.44682351704894074, -78.57975569811016214, 16.04233283124334974 ) ) ;
#1904 = CARTESIAN_POINT ( 'NONE',  ( -13.72778536718267794, -65.50184966088133365, 3.286279602076882522 ) ) ;
#1905 = CARTESIAN_POINT ( 'NONE',  ( 21.48565329626486786, -68.03249414443889975, 4.450818509865881900 ) ) ;
#1906 = CARTESIAN_POINT ( 'NONE',  ( 25.59344066623607006, -74.68097998000808957, 15.58264784195944586 ) ) ;
#1907 = CARTESIAN_POINT ( 'NONE',  ( -19.37600169300815267, -74.05914381481885300, 19.64767786792035409 ) ) ;
#1908 = EDGE_CURVE ( 'NONE', #5094, #3440, #1859, .T. ) ;
#1909 = CARTESIAN_POINT ( 'NONE',  ( -11.17054101212875317, -74.68097998000808957, 5.867522945517469779 ) ) ;
#1910 = CARTESIAN_POINT ( 'NONE',  ( 14.27209426941154646, -61.41448429551645205, 21.49558876254518935 ) ) ;
#1911 = ORIENTED_EDGE ( 'NONE', *, *, #7275, .F. ) ;
#1912 = CARTESIAN_POINT ( 'NONE',  ( 42.44912001597860041, 37.73096455088084156, 0.2362661543939450770 ) ) ;
#1913 = CARTESIAN_POINT ( 'NONE',  ( -25.92971761545421572, -78.57975569811023320, 14.29112581168903873 ) ) ;
#1914 = CARTESIAN_POINT ( 'NONE',  ( 2.602216207361162770, -75.21645103991636461, -0.5607739519211601964 ) ) ;
#1915 = CARTESIAN_POINT ( 'NONE',  ( -25.00000000000000000, -60.68097998000806825, 14.58333333333334281 ) ) ;
#1916 = CARTESIAN_POINT ( 'NONE',  ( -8.333333333333303727, -60.68097998000808246, 25.00000000000000000 ) ) ;
#1917 = CARTESIAN_POINT ( 'NONE',  ( -39.53145831704460988, -42.51606759085697007, 1.086915341121200473 ) ) ;
#1918 = EDGE_LOOP ( 'NONE', ( #6916, #2163, #2049, #1565 ) ) ;
#1919 = LINE ( 'NONE', #4983, #2995 ) ;
#1920 = CARTESIAN_POINT ( 'NONE',  ( 43.50000000000000711, 35.00000000000000711, 32.07106781186548261 ) ) ;
#1921 = VERTEX_POINT ( 'NONE', #5467 ) ;
#1922 = DIRECTION ( 'NONE',  ( 0.000000000000000000, 0.000000000000000000, -1.000000000000000000 ) ) ;
#1923 = CARTESIAN_POINT ( 'NONE',  ( -43.49999999999998579, -49.99999999999998579, 25.00000000000000000 ) ) ;
#1924 = LINE ( 'NONE', #755, #3449 ) ;
#1925 = LINE ( 'NONE', #679, #7723 ) ;
#1926 = CARTESIAN_POINT ( 'NONE',  ( 21.70874116689647693, -74.74032733116689542, 17.24578800079644481 ) ) ;
#1927 = B_SPLINE_CURVE_WITH_KNOTS ( 'NONE', 3,
 ( #6688, #6096, #773, #2498, #4931, #5476 ),
 .UNSPECIFIED., .F., .F.,
 ( 4, 2, 4 ),
 ( -3.974920090257054168E-05, 0.001522209076495723012, 0.003084167353894016594 ),
 .UNSPECIFIED. ) ;
#1928 = B_SPLINE_CURVE_WITH_KNOTS ( 'NONE', 3,
 ( #6883, #3827, #6841, #1461, #2693, #5707, #331, #3943 ),
 .UNSPECIFIED., .F., .F.,
 ( 4, 2, 2, 4 ),
 ( 0.002438961037046960025, 0.006198550360019529533, 0.009958139682992098174, 0.01747731832893723719 ),
 .UNSPECIFIED. ) ;
#1929 = CARTESIAN_POINT ( 'NONE',  ( 13.41580861795293345, -62.86101984184341518, 3.419260736787342658 ) ) ;
#1930 = CARTESIAN_POINT ( 'NONE',  ( 17.74748603729676333, -77.68097998000808957, 12.49999999999998224 ) ) ;
#1931 = AXIS2_PLACEMENT_3D ( 'NONE', #7753, #6479, #2414 ) ;
#1932 = LINE ( 'NONE', #3154, #6755 ) ;
#1933 = DIRECTION ( 'NONE',  ( -0.000000000000000000, -0.000000000000000000, -1.000000000000000000 ) ) ;
#1934 = DIRECTION ( 'NONE',  ( 0.8571673007021104462, 1.049727191138616354E-16, -0.5150380749100574862 ) ) ;
#1935 = LINE ( 'NONE', #6719, #7756 ) ;
#1936 = DIRECTION ( 'NONE',  ( -0.000000000000000000, -0.000000000000000000, -1.000000000000000000 ) ) ;
#1937 = ORIENTED_EDGE ( 'NONE', *, *, #7027, .F. ) ;
#1938 = DIRECTION ( 'NONE',  ( -1.000000000000000000, 0.000000000000000000, 0.000000000000000000 ) ) ;
#1939 = CARTESIAN_POINT ( 'NONE',  ( -35.99999999999999289, 48.00000000000000711, 21.50000000000000000 ) ) ;
#1940 = CARTESIAN_POINT ( 'NONE',  ( 43.11789580651399945, -41.63230538572462081, 0.4391854821513221929 ) ) ;
#1941 = CARTESIAN_POINT ( 'NONE',  ( -11.74353916982581225, -65.71230145461150585, 2.969020998864754901 ) ) ;
#1942 = DIRECTION ( 'NONE',  ( 0.000000000000000000, 0.000000000000000000, 1.000000000000000000 ) ) ;
#1943 = ADVANCED_FACE ( 'NONE', ( #4217 ), #2524, .F. ) ;
#1944 = CARTESIAN_POINT ( 'NONE',  ( 7.850511959476801138, -74.68097998000808957, 24.72397468345195293 ) ) ;
#1945 = FACE_OUTER_BOUND ( 'NONE', #2279, .T. ) ;
#1946 = CARTESIAN_POINT ( 'NONE',  ( -14.05308074613236080, -68.13825338254559938, 21.87567867258515619 ) ) ;
#1947 = CARTESIAN_POINT ( 'NONE',  ( -11.97183421273550330, -77.68097998000808957, 6.247968454798265903 ) ) ;
#1948 = CARTESIAN_POINT ( 'NONE',  ( 15.40251082074244593, -62.60808827112796138, 21.43379285314588856 ) ) ;
#1949 = VERTEX_POINT ( 'NONE', #5505 ) ;
#1950 = CARTESIAN_POINT ( 'NONE',  ( -39.78761899933846280, 56.13201562870075634, 18.81273761431236835 ) ) ;
#1951 = CARTESIAN_POINT ( 'NONE',  ( -25.05894920403238046, -58.40486459085621362, 26.34498742466510990 ) ) ;
#1952 = CARTESIAN_POINT ( 'NONE',  ( 2.542030417520438235, -73.93135379471175384, -0.1888419633977539980 ) ) ;
#1953 = CONICAL_SURFACE ( 'NONE', #70, 1.699999999999993072, 1.029744258676650759 ) ;
#1954 = EDGE_CURVE ( 'NONE', #158, #3085, #225, .T. ) ;
#1955 = CARTESIAN_POINT ( 'NONE',  ( 21.53745693383747906, -61.42060013598759838, 14.32432318592464071 ) ) ;
#1956 = CARTESIAN_POINT ( 'NONE',  ( -18.57315826777938028, -77.68097998000806115, 24.77726888425402407 ) ) ;
#1957 = CARTESIAN_POINT ( 'NONE',  ( -39.94090448680922378, -43.20072009066195307, 1.344090183017300211 ) ) ;
#1958 = ORIENTED_EDGE ( 'NONE', *, *, #3193, .F. ) ;
#1959 = CARTESIAN_POINT ( 'NONE',  ( 17.04817713840276383, -74.68097998000808957, 14.09164343266636621 ) ) ;
#1960 = CARTESIAN_POINT ( 'NONE',  ( 43.49745445198742289, 32.42866681756821379, 0.5815738986060856597 ) ) ;
#1961 = VERTEX_POINT ( 'NONE', #3118 ) ;
#1962 = CARTESIAN_POINT ( 'NONE',  ( -22.31747927760338968, -74.68097998000811799, 11.68034380718578369 ) ) ;
#1963 = CARTESIAN_POINT ( 'NONE',  ( -22.01694537661054341, -77.69904329675881627, 21.80829409305187028 ) ) ;
#1964 = CARTESIAN_POINT ( 'NONE',  ( 25.99999999999999645, -74.68097998000808957, 12.49999999999999822 ) ) ;
#1965 = ORIENTED_EDGE ( 'NONE', *, *, #6597, .T. ) ;
#1966 = CARTESIAN_POINT ( 'NONE',  ( -2.931798655200704040, -74.68097998000810378, -4.039521468944681892 ) ) ;
#1967 = CARTESIAN_POINT ( 'NONE',  ( 15.98458317706142040, -77.68097998000808957, 9.188939740610393869 ) ) ;
#1968 = CARTESIAN_POINT ( 'NONE',  ( 0.000000000000000000, -74.68097998000808957, 12.50000000000000000 ) ) ;
#1969 = CARTESIAN_POINT ( 'NONE',  ( 45.00000000000001421, -43.00000000000000000, 32.07106781186548261 ) ) ;
#1970 =( BOUNDED_CURVE ( )  B_SPLINE_CURVE ( 3, ( #3635, #2340, #2418, #2302 ),
 .UNSPECIFIED., .F., .F. ) 
 B_SPLINE_CURVE_WITH_KNOTS ( ( 4, 4 ),
 ( 2.816960262790639380, 2.978916549008436832 ),
 .UNSPECIFIED. ) 
 CURVE ( )  GEOMETRIC_REPRESENTATION_ITEM ( )  RATIONAL_B_SPLINE_CURVE ( ( 1.000000000000000000, 0.9978153743039677170, 0.9978153743039677170, 1.000000000000000000 ) ) 
 REPRESENTATION_ITEM ( '' )  );
#1971 = CARTESIAN_POINT ( 'NONE',  ( 22.01627518401574690, -69.56051038901819084, 12.50000000000000178 ) ) ;
#1972 = CARTESIAN_POINT ( 'NONE',  ( -25.97137762885640200, -77.68097998000808957, 13.44882951620271960 ) ) ;
#1973 = ORIENTED_EDGE ( 'NONE', *, *, #2249, .F. ) ;
#1974 = CARTESIAN_POINT ( 'NONE',  ( 23.95412642242830614, -77.68097998000808957, 5.542507611605665296 ) ) ;
#1975 = CARTESIAN_POINT ( 'NONE',  ( 41.91997221243722294, -41.73710759043078156, 0.1260308235419663192 ) ) ;
#1976 = CARTESIAN_POINT ( 'NONE',  ( -10.90742652497172571, -67.11234154785972805, 2.624638835394990100 ) ) ;
#1977 = CARTESIAN_POINT ( 'NONE',  ( 21.46532545357951349, -58.50054859129873819, 2.464651951865117763 ) ) ;
#1978 = CARTESIAN_POINT ( 'NONE',  ( 15.26720647818649645, -77.68097998000808957, 16.55106062549140589 ) ) ;
#1979 = AXIS2_PLACEMENT_3D ( 'NONE', #6465, #2874, #4714 ) ;
#1980 = CARTESIAN_POINT ( 'NONE',  ( 44.99999999999999289, 37.00000000000001421, 7.174456392055883924 ) ) ;
#1981 = CARTESIAN_POINT ( 'NONE',  ( -15.52556338072286124, -63.93223621438374948, 21.40804604191458438 ) ) ;
#1982 = ADVANCED_FACE ( 'NONE', ( #3043 ), #1338, .T. ) ;
#1983 = CARTESIAN_POINT ( 'NONE',  ( 15.77045558393082381, -66.58130253721837732, 21.37024458440523134 ) ) ;
#1984 = ORIENTED_EDGE ( 'NONE', *, *, #3576, .T. ) ;
#1985 = VECTOR ( 'NONE', #4562, 1000.000000000000000 ) ;
#1986 = DIRECTION ( 'NONE',  ( -0.000000000000000000, -0.000000000000000000, -1.000000000000000000 ) ) ;
#1987 = CARTESIAN_POINT ( 'NONE',  ( -25.06445558290797138, -58.40486459085621362, 26.55434567859346728 ) ) ;
#1988 = CARTESIAN_POINT ( 'NONE',  ( 4.920255503261336649, -72.60799027789883553, 0.4041680254731899180 ) ) ;
#1989 = CARTESIAN_POINT ( 'NONE',  ( 22.19388934060637197, -72.57995105105882772, 12.49999999999998224 ) ) ;
#1990 = CARTESIAN_POINT ( 'NONE',  ( 24.72710036683704260, -78.46065648618758814, 17.52849098766339964 ) ) ;
#1991 = CARTESIAN_POINT ( 'NONE',  ( -37.32099469474372455, -41.62121243598607379, 0.2088340790491044485 ) ) ;
#1992 = VECTOR ( 'NONE', #2515, 1000.000000000000000 ) ;
#1993 = EDGE_LOOP ( 'NONE', ( #300, #7350 ) ) ;
#1994 = EDGE_CURVE ( 'NONE', #6567, #1961, #7080, .T. ) ;
#1995 = CARTESIAN_POINT ( 'NONE',  ( 16.72396339815527355, -74.68097998000808957, 14.77725151686962590 ) ) ;
#1996 = AXIS2_PLACEMENT_3D ( 'NONE', #417, #7645, #5205 ) ;
#1997 = CARTESIAN_POINT ( 'NONE',  ( -40.19999999999998863, -44.31902001999193175, 0.000000000000000000 ) ) ;
#1998 = ORIENTED_EDGE ( 'NONE', *, *, #1236, .T. ) ;
#1999 = LINE ( 'NONE', #4391, #118 ) ;
#2000 = CARTESIAN_POINT ( 'NONE',  ( 41.94838302569274902, -43.03337582222980728, 3.611695811257687350 ) ) ;
#2001 = CARTESIAN_POINT ( 'NONE',  ( 0.000000000000000000, 0.000000000000000000, 0.000000000000000000 ) ) ;
#2002 = AXIS2_PLACEMENT_3D ( 'NONE', #5189, #360, #7589 ) ;
#2003 = EDGE_CURVE ( 'NONE', #3766, #4584, #4921, .T. ) ;
#2004 = DIRECTION ( 'NONE',  ( 0.000000000000000000, 0.000000000000000000, 1.000000000000000000 ) ) ;
#2005 = DIRECTION ( 'NONE',  ( 0.000000000000000000, 0.000000000000000000, 1.000000000000000000 ) ) ;
#2006 = CARTESIAN_POINT ( 'NONE',  ( -8.052664940474301147, -74.68097998000807536, 4.743074292289890970 ) ) ;
#2007 = CARTESIAN_POINT ( 'NONE',  ( -36.79999999999998295, 50.00000000000000711, 1.450000000000001732 ) ) ;
#2008 = CARTESIAN_POINT ( 'NONE',  ( -43.49999999999999289, -14.68097998000809135, 8.499999999999998224 ) ) ;
#2009 = LINE ( 'NONE', #7468, #2860 ) ;
#2010 = EDGE_CURVE ( 'NONE', #4459, #5545, #7240, .T. ) ;
#2011 = ORIENTED_EDGE ( 'NONE', *, *, #4785, .F. ) ;
#2012 = CARTESIAN_POINT ( 'NONE',  ( 41.49994408261005674, 33.49145607019563897, 21.46963120068311071 ) ) ;
#2013 = CARTESIAN_POINT ( 'NONE',  ( 25.88303243258905795, -77.68097998000808957, 10.58958790463211663 ) ) ;
#2014 =( BOUNDED_CURVE ( )  B_SPLINE_CURVE ( 3, ( #1651, #2290, #914, #5696 ),
 .UNSPECIFIED., .F., .T. ) 
 B_SPLINE_CURVE_WITH_KNOTS ( ( 4, 4 ),
 ( 3.756808014664167139, 5.667969946104236989 ),
 .UNSPECIFIED. ) 
 CURVE ( )  GEOMETRIC_REPRESENTATION_ITEM ( )  RATIONAL_B_SPLINE_CURVE ( ( 1.000000000000000000, 0.7180896067411325356, 0.7180896067411325356, 1.000000000000000000 ) ) 
 REPRESENTATION_ITEM ( '' )  );
#2015 = CARTESIAN_POINT ( 'NONE',  ( 25.00000000000000000, -60.68097998000807536, 25.38869939538319187 ) ) ;
#2016 = CARTESIAN_POINT ( 'NONE',  ( -10.22766412655843560, -69.79082832815814186, 2.000325208522756526 ) ) ;
#2017 = CARTESIAN_POINT ( 'NONE',  ( 25.65639081652324904, -76.26764005264477930, 15.33569234972120654 ) ) ;
#2018 = CARTESIAN_POINT ( 'NONE',  ( 45.20000000000305818, 34.99999999999550937, 1.526206676146186991 ) ) ;
#2019 = CARTESIAN_POINT ( 'NONE',  ( -14.41339608955880713, -62.73782479837593229, 21.50491304847353291 ) ) ;
#2020 = CARTESIAN_POINT ( 'NONE',  ( 16.39801473810187105, -74.68097998000808957, 9.708468711470628065 ) ) ;
#2021 = CARTESIAN_POINT ( 'NONE',  ( 13.10926307948657232, -60.21757473479340206, 21.47949642991828156 ) ) ;
#2022 = ORIENTED_EDGE ( 'NONE', *, *, #6929, .F. ) ;
#2023 = CARTESIAN_POINT ( 'NONE',  ( -38.61996293101012867, 56.45642255981249491, 20.53377863101145451 ) ) ;
#2024 = CARTESIAN_POINT ( 'NONE',  ( -21.46532545357950994, -58.50054859129876661, 2.464651951865257207 ) ) ;
#2025 = CARTESIAN_POINT ( 'NONE',  ( 3.533437471243562999, -70.05455626177909778, 1.014460491152115562 ) ) ;
#2026 = CARTESIAN_POINT ( 'NONE',  ( 22.19388934060637197, -72.57995105105882772, 13.53972074844452500 ) ) ;
#2027 = ORIENTED_EDGE ( 'NONE', *, *, #2327, .T. ) ;
#2028 = CARTESIAN_POINT ( 'NONE',  ( 25.37995945403526932, -60.08850364132559463, 25.24897485072486703 ) ) ;
#2029 = CARTESIAN_POINT ( 'NONE',  ( -22.16687723080956118, -72.12074518451309757, 12.50000000000000533 ) ) ;
#2030 = ORIENTED_EDGE ( 'NONE', *, *, #7241, .F. ) ;
#2031 = ORIENTED_EDGE ( 'NONE', *, *, #6155, .F. ) ;
#2032 = DIRECTION ( 'NONE',  ( -1.000000000000000000, 0.000000000000000000, 0.000000000000000000 ) ) ;
#2033 = ORIENTED_EDGE ( 'NONE', *, *, #557, .T. ) ;
#2034 = CARTESIAN_POINT ( 'NONE',  ( 41.32187346424504426, 36.23760426441597104, 21.48801734515825856 ) ) ;
#2035 = CARTESIAN_POINT ( 'NONE',  ( -24.67632450237490360, -78.46065648618757393, 7.353496676979800029 ) ) ;
#2036 = ADVANCED_FACE ( 'NONE', ( #5541 ), #3667, .F. ) ;
#2037 = CARTESIAN_POINT ( 'NONE',  ( -39.99999999999999289, 48.00000000000000711, 17.50000000000000000 ) ) ;
#2038 = ADVANCED_FACE ( 'NONE', ( #4327 ), #53, .T. ) ;
#2039 = CARTESIAN_POINT ( 'NONE',  ( -21.44042580150797406, -75.68164327271543357, 2.600004593438561606 ) ) ;
#2040 = ORIENTED_EDGE ( 'NONE', *, *, #659, .F. ) ;
#2041 = CARTESIAN_POINT ( 'NONE',  ( -11.19532094653785670, -74.68097998000811799, -2.570672061358978411 ) ) ;
#2042 = CARTESIAN_POINT ( 'NONE',  ( 48.50000000000001421, -47.11324865405205031, 25.00000000000000000 ) ) ;
#2043 = CARTESIAN_POINT ( 'NONE',  ( -0.4874485951355904678, -74.68097998000808957, 3.648902836263706373 ) ) ;
#2044 = CARTESIAN_POINT ( 'NONE',  ( -2.663525710726517559, -76.50150033252995740, 25.93269745856454733 ) ) ;
#2045 = EDGE_CURVE ( 'NONE', #385, #626, #4806, .T. ) ;
#2046 = CARTESIAN_POINT ( 'NONE',  ( -35.99999999999997868, -41.57723895259432112, 3.500000000000000000 ) ) ;
#2047 = DIRECTION ( 'NONE',  ( 0.000000000000000000, -1.000000000000000000, 0.000000000000000000 ) ) ;
#2048 = B_SPLINE_CURVE_WITH_KNOTS ( 'NONE', 3,
 ( #2101, #4491, #7006, #1627, #5746, #6966, #4024, #6409, #5165, #3433, #5818, #452, #927, #2852, #3946, #5240, #887, #3322, #966, #3281, #5669, #1506, #292, #5084, #334, #6291, #2736, #5710, #5125, #7527, #2145, #1546, #7562, #3358 ),
 .UNSPECIFIED., .F., .F.,
 ( 4, 2, 2, 2, 2, 2, 2, 2, 2, 2, 2, 2, 2, 2, 2, 2, 4 ),
 ( 0.09959263859230076121, 0.1496441749690405887, 0.1996957113457804023, 0.2497472477225202159, 0.2997987840992600295, 0.3498503204759998431, 0.3999018568527397122, 0.4499533932294794702, 0.5000049296062192283, 0.5500564659829590974, 0.6001080023596988555, 0.6501595387364388356, 0.7002110751131785937, 0.7502626114899185739, 0.8003141478666585540, 0.8503656842433983121, 0.9004172206201382922 ),
 .UNSPECIFIED. ) ;
#2049 = ORIENTED_EDGE ( 'NONE', *, *, #5834, .F. ) ;
#2050 = CARTESIAN_POINT ( 'NONE',  ( 21.70874116689649469, -74.74032733116659699, 7.754211999203470818 ) ) ;
#2051 = CARTESIAN_POINT ( 'NONE',  ( 24.98891076837313463, -58.40486459085619231, 1.317946770163696657 ) ) ;
#2052 = CARTESIAN_POINT ( 'NONE',  ( 25.00000000000000000, -60.68097998000806825, 14.58333333333335702 ) ) ;
#2053 = CARTESIAN_POINT ( 'NONE',  ( -12.10312643694427237, -68.33320202375391261, 2.650913521018013252 ) ) ;
#2054 = DIRECTION ( 'NONE',  ( -0.8660254037844381525, 0.5000000000000008882, 0.000000000000000000 ) ) ;
#2055 = CARTESIAN_POINT ( 'NONE',  ( -40.20000000000303686, 50.00000000000451195, 1.526206676146177221 ) ) ;
#2056 = CARTESIAN_POINT ( 'NONE',  ( -16.69858866667668806, -66.45612959387194962, 21.15913751880277260 ) ) ;
#2057 = CIRCLE ( 'NONE', #1551, 1.700000000000000178 ) ;
#2058 = CARTESIAN_POINT ( 'NONE',  ( 22.31747927760338968, -74.68097998000808957, 12.50000000000002132 ) ) ;
#2059 = CARTESIAN_POINT ( 'NONE',  ( 20.02769494084594015, -71.23549179560379230, 19.51015081045931510 ) ) ;
#2060 = ORIENTED_EDGE ( 'NONE', *, *, #2527, .T. ) ;
#2061 = CARTESIAN_POINT ( 'NONE',  ( -39.58284289123878352, 56.18997113980040581, 19.29793619043609709 ) ) ;
#2062 = CARTESIAN_POINT ( 'NONE',  ( -22.05735877155652958, -71.14719324687717972, 10.21134945699456331 ) ) ;
#2063 = CARTESIAN_POINT ( 'NONE',  ( 5.263463060762699541, -76.46858246950959881, -0.6429177832490503564 ) ) ;
#2064 = DIRECTION ( 'NONE',  ( -1.330321911110254761E-16, 1.000000000000000000, 0.000000000000000000 ) ) ;
#2065 = CARTESIAN_POINT ( 'NONE',  ( 21.66030707124192034, -69.52108075747918292, 18.71721882008846549 ) ) ;
#2066 = CARTESIAN_POINT ( 'NONE',  ( 22.49889734027490817, -78.46065648618757393, 21.28107315993377924 ) ) ;
#2067 = CARTESIAN_POINT ( 'NONE',  ( 44.68906045779887393, -42.79994518183421803, 19.05429000374007487 ) ) ;
#2068 = CARTESIAN_POINT ( 'NONE',  ( 44.53145831704464541, -46.12197244912685790, 1.086915341121210021 ) ) ;
#2069 = VERTEX_POINT ( 'NONE', #7659 ) ;
#2070 = B_SPLINE_SURFACE_WITH_KNOTS ( 'NONE', 3, 1, ( 
 ( #5514, #7288, #2456, #2605 ),
 ( #4999, #7396, #2015, #3637 ),
 ( #6024, #655, #1275, #3673 ),
 ( #1866, #138, #694, #3087 ),
 ( #5474, #99, #4892, #3125 ),
 ( #1903, #4298, #6362, #404 ),
 ( #919, #840, #6202, #6240 ),
 ( #3234, #3314, #2052, #6283 ),
 ( #1419, #1497, #285, #879 ),
 ( #3388, #999, #5774, #1538 ),
 ( #2215, #2768, #3938, #3856 ),
 ( #5621, #2647, #2805, #4563 ),
 ( #5701, #7430, #6957, #5661 ),
 ( #2686, #5154, #1455, #3821 ),
 ( #5075, #3898, #5114, #326 ),
 ( #247, #3350, #957, #6322 ) ),
 .UNSPECIFIED., .F., .F., .F.,
 ( 4, 3, 2, 2, 2, 3, 4 ),
 ( 2, 1, 1, 2 ),
 ( -0.02332196372299149417, 0.000000000000000000, 0.2499999999999996669, 0.4999999999999997780, 0.7499999999999998890, 1.000000000000000000, 1.023321963722994665 ),
 ( -0.05286915988836066865, 0.000000000000000000, 1.000000000000000000, 1.133889140538345774 ),
 .UNSPECIFIED. ) ;
#2071 = CARTESIAN_POINT ( 'NONE',  ( 8.601804563764893885, -73.79314864622040204, 24.29869489416949691 ) ) ;
#2072 = VERTEX_POINT ( 'NONE', #4163 ) ;
#2074 = AXIS2_PLACEMENT_3D ( 'NONE', #1920, #6705, #2032 ) ;
#2073 = CARTESIAN_POINT ( 'NONE',  ( 43.61842451349599514, 32.48172903389436073, 0.6317624500522276421 ) ) ;
#2075 = EDGE_LOOP ( 'NONE', ( #5220, #3882, #3837, #388 ) ) ;
#2076 = CARTESIAN_POINT ( 'NONE',  ( 14.69845667717039639, -65.38383419305851874, 3.452197213036405810 ) ) ;
#2077 = FACE_OUTER_BOUND ( 'NONE', #3840, .T. ) ;
#2078 = CARTESIAN_POINT ( 'NONE',  ( -7.291666666666667851, -60.68097998000806825, 0.000000000000000000 ) ) ;
#2079 = CARTESIAN_POINT ( 'NONE',  ( 43.91681784657457399, -42.53269080068910313, 4.758203012771286211 ) ) ;
#2080 = VERTEX_POINT ( 'NONE', #6549 ) ;
#2081 = CARTESIAN_POINT ( 'NONE',  ( -20.96767586497043112, -74.68097998000804694, 6.854544829434654041 ) ) ;
#2082 = EDGE_CURVE ( 'NONE', #6385, #5919, #5338, .T. ) ;
#2083 = DIRECTION ( 'NONE',  ( -1.000000000000000000, -1.593074305255970310E-16, 0.000000000000000000 ) ) ;
#2084 = CARTESIAN_POINT ( 'NONE',  ( -8.615941419290930270, -74.68097998000808957, 4.909706835888264287 ) ) ;
#2085 = CARTESIAN_POINT ( 'NONE',  ( -3.616528881952576935, -71.34092292453323125, 24.34593142077777372 ) ) ;
#2086 = CARTESIAN_POINT ( 'NONE',  ( 47.26891961474314741, 40.89928820022929301, 3.727322815024019853 ) ) ;
#2087 = CARTESIAN_POINT ( 'NONE',  ( -39.99999999999999289, 55.00000000000000711, 25.00000000000000000 ) ) ;
#2088 = CARTESIAN_POINT ( 'NONE',  ( 24.72710036683705326, -78.46065648618757393, 7.471509012336627009 ) ) ;
#2089 = EDGE_CURVE ( 'NONE', #5556, #4353, #4832, .T. ) ;
#2090 = EDGE_LOOP ( 'NONE', ( #1100, #4926, #5099, #663 ) ) ;
#2091 = CARTESIAN_POINT ( 'NONE',  ( 22.85399449926989845, -64.14808174150829245, 4.836687081528929788 ) ) ;
#2092 = DIRECTION ( 'NONE',  ( -0.8660254037844417052, -0.4999999999999948375, 0.000000000000000000 ) ) ;
#2093 = CARTESIAN_POINT ( 'NONE',  ( -43.49999999999998579, -49.99999999999998579, 25.00000000000000000 ) ) ;
#2094 = CARTESIAN_POINT ( 'NONE',  ( -17.01169957695926627, -70.43890236870896615, 3.952078987501163709 ) ) ;
#2095 = CARTESIAN_POINT ( 'NONE',  ( 43.50000000000000711, 35.00000000000000711, 32.07106781186548261 ) ) ;
#2096 = CARTESIAN_POINT ( 'NONE',  ( -0.007630428499740096390, -74.68097998000808957, -0.2483428131875573541 ) ) ;
#2097 = DIRECTION ( 'NONE',  ( 0.8660254037844381525, -0.5000000000000008882, 0.000000000000000000 ) ) ;
#2098 = CARTESIAN_POINT ( 'NONE',  ( 20.56825818433691921, -72.43409616876503776, 18.93457009838840577 ) ) ;
#2099 = ORIENTED_EDGE ( 'NONE', *, *, #3642, .F. ) ;
#2100 = AXIS2_PLACEMENT_3D ( 'NONE', #3781, #2564, #6090 ) ;
#2101 = CARTESIAN_POINT ( 'NONE',  ( 21.84978653842363627, -77.68097998000808957, 21.98512355680433927 ) ) ;
#2102 = LINE ( 'NONE', #4450, #739 ) ;
#2103 = CARTESIAN_POINT ( 'NONE',  ( -5.643913374328850102E-14, -70.08632094592287842, 0.8819678343393370090 ) ) ;
#2104 = VECTOR ( 'NONE', #4846, 1000.000000000000000 ) ;
#2105 = CARTESIAN_POINT ( 'NONE',  ( -36.21837871325905667, 52.14752826524331653, 0.02907310681219195045 ) ) ;
#2106 = CARTESIAN_POINT ( 'NONE',  ( 21.68165856366044864, -64.18744190798194893, 15.77808727497999008 ) ) ;
#2107 = CARTESIAN_POINT ( 'NONE',  ( 14.58333333333336412, -60.68097998000807536, 25.00000000000000000 ) ) ;
#2108 = CARTESIAN_POINT ( 'NONE',  ( 44.40131949302673320, -42.66624088712597285, 19.61094763098920879 ) ) ;
#2109 = CARTESIAN_POINT ( 'NONE',  ( 43.61842451349603067, -46.83729098609758523, 0.6317624500522370790 ) ) ;
#2110 = VERTEX_POINT ( 'NONE', #1218 ) ;
#2111 = CONICAL_SURFACE ( 'NONE', #4365, 1.699999999999993072, 1.029744258676650759 ) ;
#2112 = CARTESIAN_POINT ( 'NONE',  ( 3.874401005425335054, -75.19922073969998166, 25.42731841442418528 ) ) ;
#2113 = ORIENTED_EDGE ( 'NONE', *, *, #4006, .T. ) ;
#2114 = EDGE_CURVE ( 'NONE', #6228, #2784, #7739, .T. ) ;
#2115 = DIRECTION ( 'NONE',  ( -0.000000000000000000, -0.000000000000000000, -1.000000000000000000 ) ) ;
#2116 = EDGE_LOOP ( 'NONE', ( #7306, #1038 ) ) ;
#2117 = CARTESIAN_POINT ( 'NONE',  ( 13.72778536718259268, -65.50184966088129102, 3.286279602076866535 ) ) ;
#2118 = CARTESIAN_POINT ( 'NONE',  ( 43.91677695216840505, 37.46733138671120145, 20.24187209444900404 ) ) ;
#2119 = CARTESIAN_POINT ( 'NONE',  ( -22.49889734027489396, -78.46065648618755972, 3.718926840066211881 ) ) ;
#2120 = CARTESIAN_POINT ( 'NONE',  ( -9.856188008219261221, -74.68097998000808957, -8.435108819088053878 ) ) ;
#2121 = ORIENTED_EDGE ( 'NONE', *, *, #2089, .F. ) ;
#2122 = VECTOR ( 'NONE', #6000, 1000.000000000000000 ) ;
#2123 = CARTESIAN_POINT ( 'NONE',  ( -1.465981454082145419, -74.68097998000811799, -4.117647058823535211 ) ) ;
#2124 = CARTESIAN_POINT ( 'NONE',  ( -39.96090406157413355, 52.03076136718536304, 6.857957603493868071 ) ) ;
#2125 = CARTESIAN_POINT ( 'NONE',  ( -6.813597715091670004, -74.68097998000807536, 4.414307364163502001 ) ) ;
#2126 = CARTESIAN_POINT ( 'NONE',  ( -3.874401005425313738, -75.19922073969999587, 25.42731841442418173 ) ) ;
#2127 = AXIS2_PLACEMENT_3D ( 'NONE', #6739, #3501, #5891 ) ;
#2128 = CARTESIAN_POINT ( 'NONE',  ( 15.32192177163625146, -74.68097998000804694, 22.17384952854945368 ) ) ;
#2129 = CARTESIAN_POINT ( 'NONE',  ( 25.99999999999999645, -74.68097998000808957, 12.50000000000000000 ) ) ;
#2130 = CARTESIAN_POINT ( 'NONE',  ( -38.91681784657453846, 47.53269080068913155, 4.758203012771287987 ) ) ;
#2131 = CARTESIAN_POINT ( 'NONE',  ( -39.99999999999999289, 55.00000000000000711, 12.50000000000000000 ) ) ;
#2132 = ORIENTED_EDGE ( 'NONE', *, *, #3153, .T. ) ;
#2133 = CARTESIAN_POINT ( 'NONE',  ( 48.50000000000001421, -47.11324865405205031, 8.000000000000000000 ) ) ;
#2134 = CARTESIAN_POINT ( 'NONE',  ( 24.64196912394494632, -77.68097998000808957, 6.918193014638942984 ) ) ;
#2135 = CARTESIAN_POINT ( 'NONE',  ( 41.82479628086520762, 33.13742494467481237, 3.584314859508973772 ) ) ;
#2136 = CARTESIAN_POINT ( 'NONE',  ( -16.16749892677277245, -59.83453578855543498, 3.449047782131304807 ) ) ;
#2137 = CARTESIAN_POINT ( 'NONE',  ( 2.367140548792513233, -61.18504772492914157, 3.499999999999998224 ) ) ;
#2138 = CARTESIAN_POINT ( 'NONE',  ( 43.31355240497187253, 43.60382984871327494, 4.227373670401129324 ) ) ;
#2139 = EDGE_CURVE ( 'NONE', #7244, #4114, #5243, .T. ) ;
#2140 = CARTESIAN_POINT ( 'NONE',  ( -8.256662136074464087, -71.20770582434725782, 23.72185343692456883 ) ) ;
#2141 = ADVANCED_FACE ( 'NONE', ( #3450 ), #5, .F. ) ;
#2142 = CARTESIAN_POINT ( 'NONE',  ( 22.26297994216955800, -74.68097998000804694, 14.14065933730613978 ) ) ;
#2143 = CARTESIAN_POINT ( 'NONE',  ( 19.41421314457591407, -75.39980409940736195, 19.55246941351008516 ) ) ;
#2144 = ORIENTED_EDGE ( 'NONE', *, *, #1653, .T. ) ;
#2145 = CARTESIAN_POINT ( 'NONE',  ( -19.23227741387557543, -77.68097998000810378, 24.29892683624260030 ) ) ;
#2146 = CARTESIAN_POINT ( 'NONE',  ( -21.70156503552969340, -64.21043786475530624, 10.86114661483747312 ) ) ;
#2147 = CARTESIAN_POINT ( 'NONE',  ( -2.663525710726563744, -76.50150033252971582, -0.9326974585644763893 ) ) ;
#2148 = CARTESIAN_POINT ( 'NONE',  ( 12.77889160815150582, -74.68097998000810378, 18.39090439883653616 ) ) ;
#2149 = CARTESIAN_POINT ( 'NONE',  ( -35.99999999999999289, 57.12970680410467850, 3.499999999999999556 ) ) ;
#2150 = EDGE_CURVE ( 'NONE', #7688, #1134, #6425, .T. ) ;
#2151 = CARTESIAN_POINT ( 'NONE',  ( 18.75614490102389809, -78.46065648618758814, 24.76705369495154585 ) ) ;
#2152 = CARTESIAN_POINT ( 'NONE',  ( -40.09320149786615417, -44.91207059725916650, 1.450000000000001732 ) ) ;
#2153 = ORIENTED_EDGE ( 'NONE', *, *, #6444, .T. ) ;
#2154 = CARTESIAN_POINT ( 'NONE',  ( 7.460633389138622285, -64.72925797676165871, 22.29252100196548980 ) ) ;
#2155 = ORIENTED_EDGE ( 'NONE', *, *, #7435, .F. ) ;
#2156 = CARTESIAN_POINT ( 'NONE',  ( -17.74748603729677754, -74.68097998000808957, 12.50000000000004974 ) ) ;
#2157 = ORIENTED_EDGE ( 'NONE', *, *, #1805, .F. ) ;
#2158 = CARTESIAN_POINT ( 'NONE',  ( 12.07158440641116570, -74.92861274425051477, 1.421488161775346315 ) ) ;
#2159 = AXIS2_PLACEMENT_3D ( 'NONE', #535, #653, #4736 ) ;
#2160 = CARTESIAN_POINT ( 'NONE',  ( 43.43933072484644953, 37.50276304047145715, 20.67423107032475826 ) ) ;
#2161 = CARTESIAN_POINT ( 'NONE',  ( -20.46089445454940403, -78.46065648618754551, 1.596342242834913439 ) ) ;
#2162 = CARTESIAN_POINT ( 'NONE',  ( 44.22943372865400136, -42.59930559120691385, 5.118432014549830988 ) ) ;
#2163 = ORIENTED_EDGE ( 'NONE', *, *, #2908, .T. ) ;
#2164 = CARTESIAN_POINT ( 'NONE',  ( -22.27594339145246138, -73.97486991544236901, 12.50000000000001066 ) ) ;
#2165 = LINE ( 'NONE', #6752, #745 ) ;
#2166 = CARTESIAN_POINT ( 'NONE',  ( -12.84092261356846620, -74.68097998000808957, 6.720447312648757610 ) ) ;
#2167 = CARTESIAN_POINT ( 'NONE',  ( -5.146585803489403865, -75.18199043948338556, 25.29386287692715030 ) ) ;
#2168 = CARTESIAN_POINT ( 'NONE',  ( 18.72742178150815917, -74.68097998000811799, 20.13916262396355350 ) ) ;
#2169 = CARTESIAN_POINT ( 'NONE',  ( 48.43695279970582845, 40.04687793174242927, 6.847254303232670480 ) ) ;
#2170 = FACE_OUTER_BOUND ( 'NONE', #5177, .T. ) ;
#2171 = CARTESIAN_POINT ( 'NONE',  ( -12.02346287270559344, -41.57723895259432112, 0.000000000000000000 ) ) ;
#2172 = ORIENTED_EDGE ( 'NONE', *, *, #658, .T. ) ;
#2173 = CARTESIAN_POINT ( 'NONE',  ( 25.00000000000000000, -60.68097998000806825, 8.333333333333353465 ) ) ;
#2174 = CARTESIAN_POINT ( 'NONE',  ( 43.03953047244187502, 32.53857592330707860, 4.055375849937590260 ) ) ;
#2175 = CARTESIAN_POINT ( 'NONE',  ( -16.15487841011791659, -70.55361060712033350, 3.614262275695477644 ) ) ;
#2176 = DIRECTION ( 'NONE',  ( -0.000000000000000000, -0.000000000000000000, -1.000000000000000000 ) ) ;
#2177 = VECTOR ( 'NONE', #1986, 1000.000000000000000 ) ;
#2178 = CARTESIAN_POINT ( 'NONE',  ( 40.99999999999999289, 45.06252015498433394, 3.499999999999999556 ) ) ;
#2179 = CARTESIAN_POINT ( 'NONE',  ( -7.169563502621050688, -62.13114503245888898, 21.72898316717780531 ) ) ;
#2180 =( BOUNDED_CURVE ( )  B_SPLINE_CURVE ( 3, ( #4181, #611, #4144, #2932 ),
 .UNSPECIFIED., .F., .F. ) 
 B_SPLINE_CURVE_WITH_KNOTS ( ( 4, 4 ),
 ( 3.304268202553545475, 3.466225044388945964 ),
 .UNSPECIFIED. ) 
 CURVE ( )  GEOMETRIC_REPRESENTATION_ITEM ( )  RATIONAL_B_SPLINE_CURVE ( ( 1.000000000000000000, 0.9978153593227006013, 0.9978153593227006013, 1.000000000000000000 ) ) 
 REPRESENTATION_ITEM ( '' )  );
#2181 = CARTESIAN_POINT ( 'NONE',  ( 21.85960433696929783, -74.68097998000807536, 16.59601710571587319 ) ) ;
#2182 = CARTESIAN_POINT ( 'NONE',  ( 20.26798658114876872, -59.31716825284101446, 21.71958811734636541 ) ) ;
#2183 = ORIENTED_EDGE ( 'NONE', *, *, #5974, .F. ) ;
#2184 = LINE ( 'NONE', #1123, #549 ) ;
#2185 = CARTESIAN_POINT ( 'NONE',  ( -22.28906030310527697, -75.31718419918031771, 10.86418958826301662 ) ) ;
#2186 = EDGE_CURVE ( 'NONE', #3717, #5899, #4122, .T. ) ;
#2187 = EDGE_CURVE ( 'NONE', #1016, #158, #7183, .T. ) ;
#2188 = CARTESIAN_POINT ( 'NONE',  ( -5.263463060762818557, -76.46858246950961302, -0.6429177832490299282 ) ) ;
#2189 = CARTESIAN_POINT ( 'NONE',  ( -37.05662297367701541, 52.63134923011156019, 0.1517382176756928158 ) ) ;
#2190 = DIRECTION ( 'NONE',  ( -0.8571673007021104462, 0.000000000000000000, -0.5150380749100574862 ) ) ;
#2191 = CARTESIAN_POINT ( 'NONE',  ( -21.99458211240162342, -64.28564164981997919, 20.29713169169216513 ) ) ;
#2192 = DIRECTION ( 'NONE',  ( -1.000000000000000000, 0.000000000000000000, 0.000000000000000000 ) ) ;
#2193 = VERTEX_POINT ( 'NONE', #1721 ) ;
#2194 = CARTESIAN_POINT ( 'NONE',  ( 4.193978860473793091, -63.59068966151629354, 22.15726230275921793 ) ) ;
#2195 = ORIENTED_EDGE ( 'NONE', *, *, #5160, .T. ) ;
#2196 = ORIENTED_EDGE ( 'NONE', *, *, #3204, .F. ) ;
#2197 = ADVANCED_FACE ( 'NONE', ( #4201 ), #6509, .F. ) ;
#2198 = CARTESIAN_POINT ( 'NONE',  ( 12.28656783120116636, -69.64251481987976433, 2.489417743681444861 ) ) ;
#2199 = CARTESIAN_POINT ( 'NONE',  ( -24.98891076837313463, -58.40486459085620652, 1.317946770163692660 ) ) ;
#2200 = CARTESIAN_POINT ( 'NONE',  ( -11.45833333333333393, -60.68097998000806825, 0.000000000000000000 ) ) ;
#2201 = CARTESIAN_POINT ( 'NONE',  ( -17.70833333333331794, -60.68097998000808246, 25.00000000000000355 ) ) ;
#2202 = ORIENTED_EDGE ( 'NONE', *, *, #4733, .F. ) ;
#2203 = AXIS2_PLACEMENT_3D ( 'NONE', #3768, #6146, #788 ) ;
#2204 = CARTESIAN_POINT ( 'NONE',  ( 46.28877560929327473, 41.59624985641139006, 22.54548778280608090 ) ) ;
#2205 = LINE ( 'NONE', #1646, #7509 ) ;
#2206 = CARTESIAN_POINT ( 'NONE',  ( 12.01380566948457229, -74.68097998000808957, 6.272243760968225779 ) ) ;
#2207 = CARTESIAN_POINT ( 'NONE',  ( -2.483281994197218179, -72.64618826983148381, 24.81691930047665906 ) ) ;
#2208 = CARTESIAN_POINT ( 'NONE',  ( -7.844373268677579780, -74.68097998000807536, 24.68627984868245662 ) ) ;
#2209 = CARTESIAN_POINT ( 'NONE',  ( 14.20351202541163893, -60.68097998000835247, 21.50000000000000000 ) ) ;
#2210 = CARTESIAN_POINT ( 'NONE',  ( -39.62570346583771652, 47.76636467810652675, 5.803240654089903749 ) ) ;
#2211 = CARTESIAN_POINT ( 'NONE',  ( 8.333333333333341031, -60.68097998000808246, 0.000000000000000000 ) ) ;
#2212 = ADVANCED_FACE ( 'NONE', ( #2318 ), #2608, .F. ) ;
#2213 = CARTESIAN_POINT ( 'NONE',  ( 22.99881989768715940, -62.84679878203473891, 4.417054376407233640 ) ) ;
#2214 = CARTESIAN_POINT ( 'NONE',  ( -14.25240334010217502, -77.68097998000808957, 7.593176322269598266 ) ) ;
#2215 = CARTESIAN_POINT ( 'NONE',  ( 25.44682351704894074, -78.57975569811020478, 8.957667168756628939 ) ) ;
#2216 = CARTESIAN_POINT ( 'NONE',  ( -15.62834065622524093, -73.30295727613876977, 3.153506383749921316 ) ) ;
#2217 = DIRECTION ( 'NONE',  ( 1.000000000000000000, 0.000000000000000000, 0.000000000000000000 ) ) ;
#2218 = ORIENTED_EDGE ( 'NONE', *, *, #5158, .T. ) ;
#2219 = DIRECTION ( 'NONE',  ( -1.593074305255970310E-16, 1.000000000000000000, 0.000000000000000000 ) ) ;
#2220 = CARTESIAN_POINT ( 'NONE',  ( -9.696565293775098127, -65.88357227394126880, 22.31834054193895156 ) ) ;
#2221 = CARTESIAN_POINT ( 'NONE',  ( 43.50000000000000711, 35.00000000000000711, 12.50000000000000000 ) ) ;
#2222 = EDGE_LOOP ( 'NONE', ( #7263, #6526, #7005, #5644 ) ) ;
#2223 = CARTESIAN_POINT ( 'NONE',  ( 45.00000000000001421, -43.00000000000000000, 17.50000000000000000 ) ) ;
#2224 = CARTESIAN_POINT ( 'NONE',  ( -39.99999999999999289, -42.99999999999999289, 17.82554360794411963 ) ) ;
#2225 = CARTESIAN_POINT ( 'NONE',  ( -5.898216152951681211E-14, -71.37099366064124695, 0.5041229182456975488 ) ) ;
#2226 = DIRECTION ( 'NONE',  ( 1.593074305255970310E-16, -1.000000000000000000, -0.000000000000000000 ) ) ;
#2227 = DIRECTION ( 'NONE',  ( -0.000000000000000000, -0.000000000000000000, -1.000000000000000000 ) ) ;
#2228 = CARTESIAN_POINT ( 'NONE',  ( -20.43188688697584610, -75.14354464078951423, 18.60297377081201375 ) ) ;
#2229 = PLANE ( 'NONE',  #6787 ) ;
#2230 = ORIENTED_EDGE ( 'NONE', *, *, #4320, .T. ) ;
#2231 = CARTESIAN_POINT ( 'NONE',  ( 6.118198714491761336, -72.57901266047512934, 24.43110740608553755 ) ) ;
#2232 = EDGE_LOOP ( 'NONE', ( #7213, #7015, #573, #2030 ) ) ;
#2233 = AXIS2_PLACEMENT_3D ( 'NONE', #3352, #2176, #842 ) ;
#2234 = CARTESIAN_POINT ( 'NONE',  ( 40.99999999999999289, 37.00000000000000711, 21.50000000000000000 ) ) ;
#2235 = EDGE_LOOP ( 'NONE', ( #4753, #4668, #1535, #1180, #4656 ) ) ;
#2236 = CARTESIAN_POINT ( 'NONE',  ( -25.00000000000000000, -60.68097998000807536, -0.5830490930750681366 ) ) ;
#2237 = CARTESIAN_POINT ( 'NONE',  ( -25.37995945403527642, -60.08850364132559463, -0.2489748507248619180 ) ) ;
#2238 = CARTESIAN_POINT ( 'NONE',  ( -25.35890565784024275, -60.68097998000807536, 25.00000000000000000 ) ) ;
#2239 = CIRCLE ( 'NONE', #2364, 3.149999999999999911 ) ;
#2240 = EDGE_CURVE ( 'NONE', #5944, #702, #7500, .T. ) ;
#2241 = ADVANCED_FACE ( 'NONE', ( #1178 ), #4619, .F. ) ;
#2242 = VERTEX_POINT ( 'NONE', #5262 ) ;
#2243 = CARTESIAN_POINT ( 'NONE',  ( -22.05735877155653313, -71.14719324687717972, 14.78865054300543669 ) ) ;
#2244 = CARTESIAN_POINT ( 'NONE',  ( 22.31747927760338968, -74.68097998000808957, 12.50000000000002132 ) ) ;
#2245 = CARTESIAN_POINT ( 'NONE',  ( 16.85522211501891121, -74.68097998000807536, 10.47799412686029186 ) ) ;
#2246 = CARTESIAN_POINT ( 'NONE',  ( -2.006974279447230725, -61.07680704527074056, 21.47110162797337196 ) ) ;
#2247 = CARTESIAN_POINT ( 'NONE',  ( -43.50000000000000000, 55.00000000000000711, 25.00000000000000000 ) ) ;
#2248 = CARTESIAN_POINT ( 'NONE',  ( -36.94838302569275612, 48.03337582222982860, 3.611695811257691346 ) ) ;
#2249 = EDGE_CURVE ( 'NONE', #2643, #7051, #2280, .T. ) ;
#2250 = CONICAL_SURFACE ( 'NONE', #4613, 1.699999999999993072, 1.029744258676650759 ) ;
#2251 = CARTESIAN_POINT ( 'NONE',  ( 15.66787898838767745, -78.46065648618757393, -1.662064945874401900 ) ) ;
#2252 = AXIS2_PLACEMENT_3D ( 'NONE', #7538, #6782, #2750 ) ;
#2253 = CARTESIAN_POINT ( 'NONE',  ( 20.24265023608177216, -64.56730728765556648, 4.417070318403352402 ) ) ;
#2254 = CARTESIAN_POINT ( 'NONE',  ( 25.59826332794542125, -74.68097998000808957, 9.435546880697581074 ) ) ;
#2255 = B_SPLINE_CURVE_WITH_KNOTS ( 'NONE', 3,
 ( #83, #4319, #4876, #1295, #6709, #678 ),
 .UNSPECIFIED., .F., .F.,
 ( 4, 2, 4 ),
 ( 0.000000000000000000, 0.0003044498017660450875, 0.0006088996035320901751 ),
 .UNSPECIFIED. ) ;
#2256 = CARTESIAN_POINT ( 'NONE',  ( 44.99999999999998579, 33.00000000000000711, 7.174327453771118357 ) ) ;
#2257 = CARTESIAN_POINT ( 'NONE',  ( -16.43676526278729710, -73.19729199210080139, 3.567496703423003623 ) ) ;
#2258 = DIRECTION ( 'NONE',  ( 0.000000000000000000, 0.000000000000000000, 1.000000000000000000 ) ) ;
#2259 = VERTEX_POINT ( 'NONE', #1101 ) ;
#2260 = CARTESIAN_POINT ( 'NONE',  ( -40.20000000000303686, -44.31902001998742691, 1.526206676146187435 ) ) ;
#2261 = CARTESIAN_POINT ( 'NONE',  ( -11.91968504268730733, -67.02388922762818879, 22.18759070164546188 ) ) ;
#2262 = DIRECTION ( 'NONE',  ( -0.000000000000000000, -0.000000000000000000, -1.000000000000000000 ) ) ;
#2263 = EDGE_LOOP ( 'NONE', ( #2378, #4747, #5954, #5008, #3652, #4032, #665, #194, #6144, #4745, #343, #7758, #916, #3413 ) ) ;
#2264 = CARTESIAN_POINT ( 'NONE',  ( 44.52544510510502818, 36.79550222073995513, 1.085959472542753046 ) ) ;
#2265 = CARTESIAN_POINT ( 'NONE',  ( 43.50000000000000711, 35.00000000000000711, 12.50000000000000000 ) ) ;
#2266 = CARTESIAN_POINT ( 'NONE',  ( 1.075474961041306798, -64.94763008704934748, 2.393347498713894961 ) ) ;
#2267 = CARTESIAN_POINT ( 'NONE',  ( 22.05735877155652958, -71.14719324687717972, 10.21134945699453311 ) ) ;
#2268 = CARTESIAN_POINT ( 'NONE',  ( -41.74999999999997868, -46.96891108675445281, 12.50000000000000000 ) ) ;
#2269 = CARTESIAN_POINT ( 'NONE',  ( -22.18281483921535369, -71.98837970976140355, 17.75620488863780011 ) ) ;
#2270 = CARTESIAN_POINT ( 'NONE',  ( -15.26720647818599907, -74.68097998000808957, 8.448939374508132261 ) ) ;
#2271 = ORIENTED_EDGE ( 'NONE', *, *, #3249, .F. ) ;
#2272 = CARTESIAN_POINT ( 'NONE',  ( 13.25282582758766914, -69.54899265195325597, 22.23568810464608703 ) ) ;
#2273 = ORIENTED_EDGE ( 'NONE', *, *, #7419, .F. ) ;
#2274 = CARTESIAN_POINT ( 'NONE',  ( -39.62570346583772363, 52.23363532189350877, 19.19675934591010247 ) ) ;
#2275 = CARTESIAN_POINT ( 'NONE',  ( -25.99999999999999645, -77.68097998000808957, 12.50000000000000000 ) ) ;
#2276 = LINE ( 'NONE', #1678, #5261 ) ;
#2277 = DIRECTION ( 'NONE',  ( -1.000000000000000000, 0.000000000000000000, 0.000000000000000000 ) ) ;
#2278 = CARTESIAN_POINT ( 'NONE',  ( -21.05339583163972250, -77.68097998000810378, 22.80071913128286454 ) ) ;
#2279 = EDGE_LOOP ( 'NONE', ( #1681, #4477, #6572, #1874, #7055 ) ) ;
#2280 = LINE ( 'NONE', #5924, #480 ) ;
#2281 = CARTESIAN_POINT ( 'NONE',  ( -21.83137280944552217, -66.97200857749460567, 15.38929046708656401 ) ) ;
#2282 = CIRCLE ( 'NONE', #6666, 2.500000000000002220 ) ;
#2283 = B_SPLINE_CURVE_WITH_KNOTS ( 'NONE', 3,
 ( #3624, #3040, #4253, #5427 ),
 .UNSPECIFIED., .F., .F.,
 ( 4, 4 ),
 ( 0.006938441802050270002, 0.01003869270294720922 ),
 .UNSPECIFIED. ) ;
#2284 = CARTESIAN_POINT ( 'NONE',  ( -36.32187346424503005, -43.76239573558405027, 3.511982654841744100 ) ) ;
#2285 = EDGE_CURVE ( 'NONE', #4963, #2503, #3493, .T. ) ;
#2286 = ADVANCED_FACE ( 'NONE', ( #5882, #513 ), #7698, .T. ) ;
#2287 = CARTESIAN_POINT ( 'NONE',  ( 16.22058979564511461, -74.68097998000808957, 9.468168617530627884 ) ) ;
#2288 = CARTESIAN_POINT ( 'NONE',  ( 2.367218916136506923, -70.07578936966039862, 24.07308255013728626 ) ) ;
#2289 = CARTESIAN_POINT ( 'NONE',  ( -9.457963425667369251, -77.68097998000808957, 19.82744817502644707 ) ) ;
#2290 = CARTESIAN_POINT ( 'NONE',  ( 9.856188008241423049, -74.68097998000810378, 33.43510881908920140 ) ) ;
#2291 = CARTESIAN_POINT ( 'NONE',  ( -2.047426502804836623, -60.08850364132558752, 0.1709514921392597253 ) ) ;
#2292 = CARTESIAN_POINT ( 'NONE',  ( 16.80177390410494098, -67.78363272100914116, 3.883071645087654566 ) ) ;
#2293 = LINE ( 'NONE', #2370, #4248 ) ;
#2294 = EDGE_CURVE ( 'NONE', #3020, #3179, #1768, .T. ) ;
#2295 = LINE ( 'NONE', #2887, #3381 ) ;
#2296 = CARTESIAN_POINT ( 'NONE',  ( -21.29784547859675214, -59.19680096853776519, 3.225702537110070711 ) ) ;
#2297 = CARTESIAN_POINT ( 'NONE',  ( -36.02322438992276687, 57.12552763894434804, 24.99999999999998579 ) ) ;
#2298 = ORIENTED_EDGE ( 'NONE', *, *, #5402, .T. ) ;
#2299 = CARTESIAN_POINT ( 'NONE',  ( -9.206939256293640739, -61.96367422095411115, 21.66034899565328686 ) ) ;
#2300 = DIRECTION ( 'NONE',  ( 1.000000000000000000, 0.000000000000000000, 0.000000000000000000 ) ) ;
#2301 = ORIENTED_EDGE ( 'NONE', *, *, #3070, .F. ) ;
#2302 = CARTESIAN_POINT ( 'NONE',  ( 25.65675877019941353, -77.68097998000808957, 9.665701311037965482 ) ) ;
#2303 = DIRECTION ( 'NONE',  ( -1.000000000000000000, 0.000000000000000000, 0.000000000000000000 ) ) ;
#2304 = CARTESIAN_POINT ( 'NONE',  ( -8.601804563764877898, -73.79314864622014625, 0.7013051058305626029 ) ) ;
#2305 = CARTESIAN_POINT ( 'NONE',  ( 21.63062619484087179, -68.15054352128218795, 5.781586949243447293 ) ) ;
#2306 = DIRECTION ( 'NONE',  ( -1.593074305255970310E-16, 1.000000000000000000, 0.000000000000000000 ) ) ;
#2307 = CARTESIAN_POINT ( 'NONE',  ( -21.68401558297714260, -72.13884358107402761, 18.13541498153478315 ) ) ;
#2308 = CARTESIAN_POINT ( 'NONE',  ( 40.50000000000001421, -45.27948865560689740, 0.000000000000000000 ) ) ;
#2309 = VERTEX_POINT ( 'NONE', #5600 ) ;
#2310 = CARTESIAN_POINT ( 'NONE',  ( 9.365498003947431371, -63.27178387550494421, 21.87669395293606556 ) ) ;
#2311 = ORIENTED_EDGE ( 'NONE', *, *, #3265, .T. ) ;
#2312 = CARTESIAN_POINT ( 'NONE',  ( -2.161408771601943890, -77.68097998000808957, -4.954703989807020648 ) ) ;
#2313 = ORIENTED_EDGE ( 'NONE', *, *, #5536, .F. ) ;
#2314 = LINE ( 'NONE', #3488, #4496 ) ;
#2315 = CARTESIAN_POINT ( 'NONE',  ( -24.81122499035805262, -77.68097998000808957, 7.256704747465165362 ) ) ;
#2316 = CARTESIAN_POINT ( 'NONE',  ( -25.19621869238762457, -60.08850364132559463, 25.24504229793926058 ) ) ;
#2317 = VERTEX_POINT ( 'NONE', #4387 ) ;
#2318 = FACE_OUTER_BOUND ( 'NONE', #4176, .T. ) ;
#2319 = CARTESIAN_POINT ( 'NONE',  ( 25.74755384765394339, -74.68097998000808957, 14.55026536342892385 ) ) ;
#2320 = ORIENTED_EDGE ( 'NONE', *, *, #7185, .F. ) ;
#2321 =( BOUNDED_CURVE ( )  B_SPLINE_CURVE ( 3, ( #3196, #7359, #1974, #3636 ),
 .UNSPECIFIED., .F., .T. ) 
 B_SPLINE_CURVE_WITH_KNOTS ( ( 4, 4 ),
 ( 2.568770807157871428, 2.816960262790639380 ),
 .UNSPECIFIED. ) 
 CURVE ( )  GEOMETRIC_REPRESENTATION_ITEM ( )  RATIONAL_B_SPLINE_CURVE ( ( 1.000000000000000000, 0.9948734168135242584, 0.9948734168135242584, 1.000000000000000000 ) ) 
 REPRESENTATION_ITEM ( '' )  );
#2322 = CARTESIAN_POINT ( 'NONE',  ( -38.03953047244186081, -42.53857592330704307, 4.055375849937586707 ) ) ;
#2323 = CARTESIAN_POINT ( 'NONE',  ( 8.850023222673447876, -74.68097998000808957, 4.978386273834835229 ) ) ;
#2324 = CARTESIAN_POINT ( 'NONE',  ( -1.100871088935053921, -66.23230280176785811, 22.98449741737977803 ) ) ;
#2325 = CARTESIAN_POINT ( 'NONE',  ( -16.85400159180972324, -77.68097998000808957, 14.52726686996300209 ) ) ;
#2326 = FACE_OUTER_BOUND ( 'NONE', #751, .T. ) ;
#2327 = EDGE_CURVE ( 'NONE', #1134, #3293, #1919, .T. ) ;
#2328 = CARTESIAN_POINT ( 'NONE',  ( 7.746784082691724471, -78.46065648618754551, -4.454472283143533495 ) ) ;
#2329 = CARTESIAN_POINT ( 'NONE',  ( 20.16261887503434380, -67.22250487062544266, 20.10420381690646963 ) ) ;
#2330 = CARTESIAN_POINT ( 'NONE',  ( 20.11894675680556333, -68.55372126862241089, 5.121548220816940500 ) ) ;
#2331 = CARTESIAN_POINT ( 'NONE',  ( -43.50000000000000000, 55.00000000000000711, 25.00000000000000000 ) ) ;
#2332 = CARTESIAN_POINT ( 'NONE',  ( -40.18629150101521219, -51.91317049390481486, 3.408649829048868347E-15 ) ) ;
#2333 = CARTESIAN_POINT ( 'NONE',  ( -20.20629099326303191, -65.89128847262820443, 4.670044145370040312 ) ) ;
#2334 = CARTESIAN_POINT ( 'NONE',  ( 48.50000000000000000, 40.00000000000000711, 17.00000000000000000 ) ) ;
#2335 = ORIENTED_EDGE ( 'NONE', *, *, #3062, .T. ) ;
#2336 = CARTESIAN_POINT ( 'NONE',  ( -16.12763008922658159, -77.68097998000808957, 15.64275991089654561 ) ) ;
#2337 = EDGE_CURVE ( 'NONE', #6712, #6865, #2998, .T. ) ;
#2338 = CARTESIAN_POINT ( 'NONE',  ( 0.000000000000000000, -74.68097998000808957, 12.50000000000000000 ) ) ;
#2339 = ORIENTED_EDGE ( 'NONE', *, *, #2150, .F. ) ;
#2340 = CARTESIAN_POINT ( 'NONE',  ( 25.09015867685010548, -77.68097998000808957, 7.814572120449258641 ) ) ;
#2341 = CARTESIAN_POINT ( 'NONE',  ( 21.64607475027665728, -76.68167311374305939, 2.804860676170273681 ) ) ;
#2342 = CARTESIAN_POINT ( 'NONE',  ( -6.407814757846534093, -64.78407441402384848, 2.631346580148913095 ) ) ;
#2343 = CARTESIAN_POINT ( 'NONE',  ( 22.02978123891413276, -69.79011332229079301, 11.25276910082473769 ) ) ;
#2344 = CARTESIAN_POINT ( 'NONE',  ( 44.07611897197051576, 43.10338589071509574, 20.07083650821154563 ) ) ;
#2345 = CARTESIAN_POINT ( 'NONE',  ( 41.55720157958158723, -46.71387509002652649, 0.06934676724655439162 ) ) ;
#2346 = ORIENTED_EDGE ( 'NONE', *, *, #3698, .T. ) ;
#2347 = CARTESIAN_POINT ( 'NONE',  ( 8.502926913581596580, -64.66031570919462013, 22.20027141466956522 ) ) ;
#2348 = EDGE_LOOP ( 'NONE', ( #6161, #6885, #901, #7107, #1160, #5021, #5531, #2754, #6348, #3706, #2011, #7358 ) ) ;
#2349 = DIRECTION ( 'NONE',  ( -1.593074305255970310E-16, 1.000000000000000000, 0.000000000000000000 ) ) ;
#2350 = ORIENTED_EDGE ( 'NONE', *, *, #1132, .T. ) ;
#2351 = CARTESIAN_POINT ( 'NONE',  ( 7.035234356358432528, -60.82891191956302634, 3.547559056847240377 ) ) ;
#2352 = B_SPLINE_CURVE_WITH_KNOTS ( 'NONE', 3,
 ( #7187, #4202, #2550, #6856, #193, #2588, #7380, #5530, #1478, #6112 ),
 .UNSPECIFIED., .F., .F.,
 ( 4, 2, 2, 2, 4 ),
 ( -3.580632689901383541E-05, 0.007069103376237680959, 0.01417401307937437606, 0.02127892278251107203, 0.02838383248564776626 ),
 .UNSPECIFIED. ) ;
#2353 = CARTESIAN_POINT ( 'NONE',  ( -39.45855266554168139, 56.22498411102797178, 5.473253864313817552 ) ) ;
#2354 = CARTESIAN_POINT ( 'NONE',  ( -14.77299651914989731, -74.68097998000808957, 26.30873636728734866 ) ) ;
#2355 = CARTESIAN_POINT ( 'NONE',  ( -24.64196912394494987, -77.68097998000808957, 18.08180698536105169 ) ) ;
#2356 = EDGE_LOOP ( 'NONE', ( #4284, #5280, #4997, #4072, #3347 ) ) ;
#2357 = EDGE_CURVE ( 'NONE', #4461, #267, #7386, .T. ) ;
#2358 = DIRECTION ( 'NONE',  ( -1.000000000000000000, 0.000000000000000000, 0.000000000000000000 ) ) ;
#2359 = CYLINDRICAL_SURFACE ( 'NONE', #579, 1.700000000000000178 ) ;
#2360 = ORIENTED_EDGE ( 'NONE', *, *, #7710, .F. ) ;
#2361 = FACE_OUTER_BOUND ( 'NONE', #2348, .T. ) ;
#2362 = CARTESIAN_POINT ( 'NONE',  ( 7.035266574386751515, -74.68097998000808957, 4.472095300682174646 ) ) ;
#2363 = CARTESIAN_POINT ( 'NONE',  ( 1.155144159076656241, -68.80164823120465201, 23.74018724956706805 ) ) ;
#2364 = AXIS2_PLACEMENT_3D ( 'NONE', #4364, #4922, #3780 ) ;
#2365 = CARTESIAN_POINT ( 'NONE',  ( -6.057925242327042881, -77.68097998000808957, 20.74926023434031919 ) ) ;
#2366 = CARTESIAN_POINT ( 'NONE',  ( -35.58571804303890929, 48.77179317952278836, 8.576208590949790933E-18 ) ) ;
#2367 = AXIS2_PLACEMENT_3D ( 'NONE', #1445, #3340, #2005 ) ;
#2368 = LINE ( 'NONE', #2408, #949 ) ;
#2369 = CARTESIAN_POINT ( 'NONE',  ( 17.67205243912753332, -67.65029723824248720, 4.140880290828615529 ) ) ;
#2370 = CARTESIAN_POINT ( 'NONE',  ( -28.68629150101522640, -22.68097998000808957, 16.50000000000000000 ) ) ;
#2371 = CARTESIAN_POINT ( 'NONE',  ( 43.91677695216840505, 32.53266861328881276, 4.758127905550994186 ) ) ;
#2372 = CARTESIAN_POINT ( 'NONE',  ( -20.43188688697587807, -75.14354464078924423, 6.397026229187962265 ) ) ;
#2373 = ORIENTED_EDGE ( 'NONE', *, *, #3909, .T. ) ;
#2374 = FACE_BOUND ( 'NONE', #5649, .T. ) ;
#2375 = CARTESIAN_POINT ( 'NONE',  ( -16.75367192968614560, -77.68097998000808957, 14.72483520720681049 ) ) ;
#2376 = LINE ( 'NONE', #5858, #4110 ) ;
#2377 = CIRCLE ( 'NONE', #994, 1.700000000000000178 ) ;
#2378 = ORIENTED_EDGE ( 'NONE', *, *, #3676, .T. ) ;
#2379 = CARTESIAN_POINT ( 'NONE',  ( 45.16220190579104354, -44.72670436126988136, 1.498386683516617524 ) ) ;
#2380 = CARTESIAN_POINT ( 'NONE',  ( -35.99999999999998579, -44.99999999999999289, 21.50000000000000000 ) ) ;
#2381 = CARTESIAN_POINT ( 'NONE',  ( -8.089018239127216958, -69.91397567847427297, 1.566009693047242468 ) ) ;
#2382 = CARTESIAN_POINT ( 'NONE',  ( 21.60589344344227669, -64.09659905143458047, 5.948066130798990159 ) ) ;
#2383 = EDGE_CURVE ( 'NONE', #7574, #4389, #5564, .T. ) ;
#2384 = ADVANCED_FACE ( 'NONE', ( #3653 ), #2429, .F. ) ;
#2385 = CARTESIAN_POINT ( 'NONE',  ( 41.80000000000000426, 35.00000000000000711, 12.50000000000000000 ) ) ;
#2386 = AXIS2_PLACEMENT_3D ( 'NONE', #2510, #73, #7113 ) ;
#2387 = CARTESIAN_POINT ( 'NONE',  ( -20.28389709185472611, -60.62261015456055446, 21.41833121103937998 ) ) ;
#2388 = CARTESIAN_POINT ( 'NONE',  ( -17.39766108894288976, -77.68097998000808957, 11.70427849457743186 ) ) ;
#2389 = ORIENTED_EDGE ( 'NONE', *, *, #264, .T. ) ;
#2390 = CARTESIAN_POINT ( 'NONE',  ( 8.830673512491156174, -67.26217538977317645, 22.71189401043069722 ) ) ;
#2391 = ORIENTED_EDGE ( 'NONE', *, *, #4785, .T. ) ;
#2392 = SURFACE_SIDE_STYLE ('',( #5957 ) ) ;
#2393 = CARTESIAN_POINT ( 'NONE',  ( -25.42438655634697042, -77.68097998000808957, 8.717090104463988354 ) ) ;
#2394 = CARTESIAN_POINT ( 'NONE',  ( 10.60611371669016556, -72.38904144069536528, 1.537379829074435156 ) ) ;
#2395 = EDGE_CURVE ( 'NONE', #2643, #5253, #1234, .T. ) ;
#2396 = CARTESIAN_POINT ( 'NONE',  ( -24.88177154653316947, -58.40486459085620652, 16.96875465205358324 ) ) ;
#2397 = CARTESIAN_POINT ( 'NONE',  ( 45.20000000000305818, -44.31902001999643659, 1.526206676146178554 ) ) ;
#2398 = CARTESIAN_POINT ( 'NONE',  ( -7.746784082691738682, -78.46065648618760235, 29.45447228314355215 ) ) ;
#2399 = B_SPLINE_CURVE_WITH_KNOTS ( 'NONE', 3,
 ( #2209, #3892, #7031, #6951 ),
 .UNSPECIFIED., .F., .F.,
 ( 4, 4 ),
 ( -3.580632689865023466E-05, 0.007266650978911561552 ),
 .UNSPECIFIED. ) ;
#2400 = ORIENTED_EDGE ( 'NONE', *, *, #7577, .F. ) ;
#2401 = CARTESIAN_POINT ( 'NONE',  ( 45.16220190579104354, 34.59231565872203618, 1.498386683516624407 ) ) ;
#2402 = CARTESIAN_POINT ( 'NONE',  ( -22.03065280364477019, -75.11172616792103440, 15.75838164972430100 ) ) ;
#2403 = ORIENTED_EDGE ( 'NONE', *, *, #4968, .F. ) ;
#2404 = CARTESIAN_POINT ( 'NONE',  ( 17.57236217999600214, -74.68097998000810378, 12.89778941041234361 ) ) ;
#2405 = DIRECTION ( 'NONE',  ( -0.8660254037844381525, 0.5000000000000008882, 0.000000000000000000 ) ) ;
#2406 = CARTESIAN_POINT ( 'NONE',  ( -13.44849748091317210, -77.68097998000808957, 17.94099004258849206 ) ) ;
#2407 = CARTESIAN_POINT ( 'NONE',  ( 41.48545028350026342, 44.76540342586956456, 0.04596905483589269759 ) ) ;
#2408 = CARTESIAN_POINT ( 'NONE',  ( -39.99999999999999289, 55.00000000000000711, 7.500000000000000000 ) ) ;
#2409 = CARTESIAN_POINT ( 'NONE',  ( 19.37600169300808872, -74.05914381481861142, 5.352322132079581962 ) ) ;
#2410 = CARTESIAN_POINT ( 'NONE',  ( 0.000000000000000000, -74.68097998000808957, 12.50000000000000000 ) ) ;
#2411 = CARTESIAN_POINT ( 'NONE',  ( 45.09320149786618259, -44.91207059725913098, 1.450000000000001732 ) ) ;
#2412 = CARTESIAN_POINT ( 'NONE',  ( -22.09462983555217619, -62.97831729995909456, 4.331785656118077199 ) ) ;
#2413 = CARTESIAN_POINT ( 'NONE',  ( 41.00000000000000711, 35.00000000000000711, 32.07106781186548261 ) ) ;
#2414 = DIRECTION ( 'NONE',  ( 0.000000000000000000, 0.000000000000000000, 1.000000000000000000 ) ) ;
#2415 = CARTESIAN_POINT ( 'NONE',  ( -16.12763008922658159, -74.68097998000808957, 15.64275991089654561 ) ) ;
#2416 = DIRECTION ( 'NONE',  ( -0.000000000000000000, -0.000000000000000000, -1.000000000000000000 ) ) ;
#2417 = ORIENTED_EDGE ( 'NONE', *, *, #5158, .F. ) ;
#2418 = CARTESIAN_POINT ( 'NONE',  ( 25.42915365049179144, -77.68097998000808957, 8.732415513957768383 ) ) ;
#2419 = CARTESIAN_POINT ( 'NONE',  ( 25.00000000000000000, -60.68097998000807536, 25.19434969769159594 ) ) ;
#2420 = CARTESIAN_POINT ( 'NONE',  ( -7.169563502621115525, -62.13114503245884634, 3.271016832822197351 ) ) ;
#2421 = CARTESIAN_POINT ( 'NONE',  ( 21.76591886413029897, -66.91612268059452617, 8.170005998689223503 ) ) ;
#2422 = CARTESIAN_POINT ( 'NONE',  ( 25.59826332794822079, -74.68097998000808957, 15.56445311928334974 ) ) ;
#2423 = CARTESIAN_POINT ( 'NONE',  ( -19.41421314457592118, -75.39980409940740458, 19.55246941351008516 ) ) ;
#2424 = CARTESIAN_POINT ( 'NONE',  ( -16.77618712260959200, -74.68097998000808957, 10.31722037005668469 ) ) ;
#2425 = EDGE_LOOP ( 'NONE', ( #7393, #3396, #3996, #7729, #6076 ) ) ;
#2426 = EDGE_CURVE ( 'NONE', #7, #2565, #6756, .T. ) ;
#2427 = CARTESIAN_POINT ( 'NONE',  ( 13.07936727024306300, -74.86233724854149330, 23.18725998789831522 ) ) ;
#2428 = EDGE_LOOP ( 'NONE', ( #6778, #352, #2350, #2373 ) ) ;
#2429 = B_SPLINE_SURFACE_WITH_KNOTS ( 'NONE', 3, 1, ( 
 ( #6704, #3726 ),
 ( #156, #821 ),
 ( #748, #5454 ),
 ( #6111, #1290 ),
 ( #1959, #6779 ),
 ( #672, #3767 ),
 ( #6077, #3180 ),
 ( #4908, #191 ),
 ( #1995, #3104 ),
 ( #5490, #3216 ),
 ( #226, #3143 ),
 ( #2626, #5019 ),
 ( #4351, #1844 ),
 ( #712, #5529 ),
 ( #6631, #1256 ),
 ( #6040, #78 ),
 ( #2549, #4869 ),
 ( #117, #7264 ),
 ( #1882, #4278 ),
 ( #6669, #2512 ),
 ( #7304, #4950 ),
 ( #7342, #6743 ),
 ( #1364, #3629 ),
 ( #5395, #4219 ),
 ( #1860, #1823 ),
 ( #1233, #5431 ),
 ( #7123, #4141 ),
 ( #6055, #5468 ),
 ( #3082, #7201 ),
 ( #571, #6608 ),
 ( #4292, #93 ),
 ( #688, #7282 ),
 ( #1743, #4888 ),
 ( #54, #607 ),
 ( #2450, #4177 ),
 ( #7162, #3592 ),
 ( #5981, #6019 ),
 ( #5354, #650 ),
 ( #3044, #6681 ),
 ( #3007, #7754 ),
 ( #1303, #4847 ),
 ( #7242, #2488 ),
 ( #2970, #4258 ),
 ( #6645, #1268 ),
 ( #3668, #1895 ),
 ( #5317, #7717 ),
 ( #2415, #2336 ),
 ( #3704, #6089 ),
 ( #4732, #6527 ),
 ( #19, #1159 ),
 ( #3551, #2375 ),
 ( #723, #5941 ),
 ( #4770, #1785 ),
 ( #4807, #6569 ),
 ( #1195, #4399 ),
 ( #835, #6793 ),
 ( #3227, #5542 ),
 ( #1378, #6234 ) ),
 .UNSPECIFIED., .F., .F., .F.,
 ( 4, 2, 2, 2, 2, 2, 2, 2, 2, 2, 2, 2, 2, 2, 2, 2, 2, 2, 2, 2, 2, 2, 2, 2, 2, 2, 2, 2, 4 ),
 ( 2, 2 ),
 ( 0.000000000000000000, 0.03125000000000000694, 0.04687499999999995143, 0.05468749999999998612, 0.06250000000000001388, 0.09375000000000026368, 0.1250000000000004163, 0.1875000000000007494, 0.2187500000000007772, 0.2500000000000008327, 0.3125000000000007216, 0.3750000000000006106, 0.4062500000000004996, 0.4375000000000004441, 0.5000000000000002220, 0.6249999999999998890, 0.6562499999999998890, 0.6874999999999998890, 0.7499999999999997780, 0.7812499999999997780, 0.8124999999999996669, 0.8749999999999995559, 0.9062499999999995559, 0.9218749999999994449, 0.9374999999999993339, 0.9453124999999993339, 0.9531249999999993339, 0.9687499999999995559, 1.000000000000000000 ),
 ( 0.000000000000000000, 1.000000000000000000 ),
 .UNSPECIFIED. ) ;
#2430 = CARTESIAN_POINT ( 'NONE',  ( 17.74748603729676333, -74.68097998000808957, 12.49999999999998224 ) ) ;
#2431 = CARTESIAN_POINT ( 'NONE',  ( -25.99999999999998934, -74.68097998000808957, 11.46570928387681754 ) ) ;
#2432 = CARTESIAN_POINT ( 'NONE',  ( 21.52623737368726253, -72.09404204058959920, 18.69503564363330383 ) ) ;
#2433 = LINE ( 'NONE', #4826, #5065 ) ;
#2434 = CARTESIAN_POINT ( 'NONE',  ( -5.208333333333296622, -60.68097998000808246, 25.00000000000000000 ) ) ;
#2435 = EDGE_LOOP ( 'NONE', ( #244, #1473, #3646, #3616, #3427, #3289, #7582, #4036, #529, #5762 ) ) ;
#2436 = ADVANCED_FACE ( 'NONE', ( #4434 ), #3849, .F. ) ;
#2437 = CARTESIAN_POINT ( 'NONE',  ( -38.49999999999998579, 50.00000000000000711, 17.00000000000000000 ) ) ;
#2438 = CARTESIAN_POINT ( 'NONE',  ( -21.64377600355135911, -64.14202047970822207, 17.41501057209038450 ) ) ;
#2439 = ORIENTED_EDGE ( 'NONE', *, *, #986, .F. ) ;
#2440 = DIRECTION ( 'NONE',  ( 1.000000000000000000, 1.330321911110254761E-16, 0.000000000000000000 ) ) ;
#2441 = CARTESIAN_POINT ( 'NONE',  ( -38.28880672841449950, 56.54579128562395596, 0.4973423944645496975 ) ) ;
#2442 = CARTESIAN_POINT ( 'NONE',  ( -37.61880735090973360, 47.65557230157636326, 21.16081040207497566 ) ) ;
#2443 = CARTESIAN_POINT ( 'NONE',  ( 20.99164996175311515, -74.68097998000811799, 6.835562559474767319 ) ) ;
#2444 = CARTESIAN_POINT ( 'NONE',  ( 13.25282582758755545, -69.54899265195308544, 2.764311895353909421 ) ) ;
#2445 = CARTESIAN_POINT ( 'NONE',  ( 15.21300846162374576, -77.68097998000808957, 8.399900304637194282 ) ) ;
#2446 = CARTESIAN_POINT ( 'NONE',  ( -16.68386998928867726, -74.68097998000808957, 10.15496990199832616 ) ) ;
#2447 = CARTESIAN_POINT ( 'NONE',  ( -21.48885533175655382, -73.50415052941914951, 7.104642815132339528 ) ) ;
#2448 = CARTESIAN_POINT ( 'NONE',  ( 48.50000000000001421, -47.11324865405205031, 12.50000000000000000 ) ) ;
#2449 = PLANE ( 'NONE',  #5942 ) ;
#2450 = CARTESIAN_POINT ( 'NONE',  ( -7.349007215372710178, -74.68097998000808957, 20.45160604976729246 ) ) ;
#2451 = DIRECTION ( 'NONE',  ( 1.321694076934710155E-16, -1.000000000000000000, 0.000000000000000000 ) ) ;
#2452 = ADVANCED_FACE ( 'NONE', ( #3815 ), #6194, .F. ) ;
#2453 = VERTEX_POINT ( 'NONE', #2525 ) ;
#2454 = CARTESIAN_POINT ( 'NONE',  ( 41.06293926877659572, 34.35458908523312260, 21.50140468926676007 ) ) ;
#2455 = FACE_OUTER_BOUND ( 'NONE', #5452, .T. ) ;
#2456 = CARTESIAN_POINT ( 'NONE',  ( 25.00000000000000000, -60.68097998000807536, 25.58304909307478781 ) ) ;
#2457 = CARTESIAN_POINT ( 'NONE',  ( -9.178538056489209396, -69.85860738540574744, 1.769552079191961891 ) ) ;
#2458 = FACE_OUTER_BOUND ( 'NONE', #6101, .T. ) ;
#2459 = CARTESIAN_POINT ( 'NONE',  ( 40.99999999999999289, 40.00000000000000711, 17.50000000000000000 ) ) ;
#2460 = CARTESIAN_POINT ( 'NONE',  ( -21.27786486927652732, -60.49703682645341019, 21.42399861584205212 ) ) ;
#2461 = CARTESIAN_POINT ( 'NONE',  ( -3.542648928175877288, -77.68097998000808957, 3.848670233493412418 ) ) ;
#2462 = CARTESIAN_POINT ( 'NONE',  ( 16.28415423009069229, -61.15498946782341960, 21.45079207908142394 ) ) ;
#2463 = ORIENTED_EDGE ( 'NONE', *, *, #6397, .F. ) ;
#2464 = CARTESIAN_POINT ( 'NONE',  ( -25.04793644628120219, -58.40486459085621362, 25.92627091680839513 ) ) ;
#2465 = CARTESIAN_POINT ( 'NONE',  ( 8.342640039374208172, -63.35833800181985254, 3.053901911035194594 ) ) ;
#2466 = CARTESIAN_POINT ( 'NONE',  ( -25.00000000000000000, -60.68097998000806825, 22.91666666666666785 ) ) ;
#2467 = CARTESIAN_POINT ( 'NONE',  ( -6.244163685090617477, -78.46065648618760235, 29.74260689353624798 ) ) ;
#2468 = CARTESIAN_POINT ( 'NONE',  ( -36.67588936473347871, -41.85325972183085241, 0.08588626348088040929 ) ) ;
#2469 = ORIENTED_EDGE ( 'NONE', *, *, #4801, .F. ) ;
#2470 = DIRECTION ( 'NONE',  ( 0.8660254037844381525, -0.5000000000000008882, 0.000000000000000000 ) ) ;
#2471 = CARTESIAN_POINT ( 'NONE',  ( -21.66030707124194166, -69.52108075747899818, 18.71721882008835536 ) ) ;
#2472 = ORIENTED_EDGE ( 'NONE', *, *, #1193, .T. ) ;
#2473 = CARTESIAN_POINT ( 'NONE',  ( 43.50000000000000000, 35.00000000000000711, 18.02146305234685286 ) ) ;
#2474 = CARTESIAN_POINT ( 'NONE',  ( 17.19428779917625150, -74.68097998000810378, 11.24167972976695395 ) ) ;
#2475 = EDGE_CURVE ( 'NONE', #4401, #2784, #4328, .T. ) ;
#2476 = CARTESIAN_POINT ( 'NONE',  ( -43.49999999999999289, -14.68097998000809135, 16.50000000000000000 ) ) ;
#2477 = EDGE_CURVE ( 'NONE', #32, #1220, #6994, .T. ) ;
#2478 = ORIENTED_EDGE ( 'NONE', *, *, #511, .T. ) ;
#2479 = AXIS2_PLACEMENT_3D ( 'NONE', #2171, #205, #836 ) ;
#2480 = CARTESIAN_POINT ( 'NONE',  ( 6.875679120869286898, -74.68097998000810378, 0.1263386046535379670 ) ) ;
#2481 = VECTOR ( 'NONE', #7673, 1000.000000000000000 ) ;
#2482 = CARTESIAN_POINT ( 'NONE',  ( 14.84232250118483698, -66.70647548056474818, 3.418648349992288171 ) ) ;
#2483 = CARTESIAN_POINT ( 'NONE',  ( -7.018082754723781846, -77.68097998000808957, 4.454519683243820083 ) ) ;
#2484 = CARTESIAN_POINT ( 'NONE',  ( -22.31747927760338612, -74.68097998000811799, 12.49999999999999467 ) ) ;
#2485 = CARTESIAN_POINT ( 'NONE',  ( -37.04849700672457402, -46.94783399804593671, 0.1501073233012079067 ) ) ;
#2486 = DIRECTION ( 'NONE',  ( -0.000000000000000000, -0.000000000000000000, -1.000000000000000000 ) ) ;
#2487 = EDGE_CURVE ( 'NONE', #3368, #4191, #3893, .T. ) ;
#2488 = CARTESIAN_POINT ( 'NONE',  ( -13.44849748091317210, -77.68097998000808957, 17.94099004258849206 ) ) ;
#2489 = AXIS2_PLACEMENT_3D ( 'NONE', #5768, #3309, #5847 ) ;
#2490 = B_SPLINE_CURVE_WITH_KNOTS ( 'NONE', 3,
 ( #7100, #7059, #4159, #590, #1679, #2397 ),
 .UNSPECIFIED., .F., .F.,
 ( 4, 2, 4 ),
 ( 0.000000000000000000, 0.0003044498017660256803, 0.0006088996035320513606 ),
 .UNSPECIFIED. ) ;
#2491 = DIRECTION ( 'NONE',  ( -1.000000000000000000, 0.000000000000000000, 0.000000000000000000 ) ) ;
#2492 = ORIENTED_EDGE ( 'NONE', *, *, #2619, .T. ) ;
#2493 = CARTESIAN_POINT ( 'NONE',  ( 44.40916183181370513, 32.66574102970336213, 19.61577106629918177 ) ) ;
#2494 = CYLINDRICAL_SURFACE ( 'NONE', #2615, 1.700000000000000178 ) ;
#2495 = DIRECTION ( 'NONE',  ( 0.8571673007021104462, 1.049727191138616354E-16, -0.5150380749100574862 ) ) ;
#2496 = CARTESIAN_POINT ( 'NONE',  ( -14.57318501755131024, -72.08365041534899831, 2.847133235516899230 ) ) ;
#2497 = CIRCLE ( 'NONE', #6235, 1.700000000000000178 ) ;
#2498 = CARTESIAN_POINT ( 'NONE',  ( 21.44042580150794564, -75.68164327271553304, 22.39999540656145882 ) ) ;
#2499 = CARTESIAN_POINT ( 'NONE',  ( 25.99999999999999645, -77.68097998000808957, 13.53429071612318424 ) ) ;
#2500 = CARTESIAN_POINT ( 'NONE',  ( -17.45018966863414889, -63.66718018237922649, 21.17413290364042666 ) ) ;
#2501 = CARTESIAN_POINT ( 'NONE',  ( -9.539679826134229046, -77.68097998000808957, 5.201381551879559417 ) ) ;
#2502 = CARTESIAN_POINT ( 'NONE',  ( 18.19431433158282729, -75.63203541726117862, 20.52709593518234854 ) ) ;
#2503 = VERTEX_POINT ( 'NONE', #6124 ) ;
#2504 = CARTESIAN_POINT ( 'NONE',  ( 41.32750855806379775, 37.22680099351327243, 0.04210432381487142633 ) ) ;
#2505 = CARTESIAN_POINT ( 'NONE',  ( -21.51242442404263500, -58.43724795388579452, 0.4535268025473598308 ) ) ;
#2506 = CARTESIAN_POINT ( 'NONE',  ( 8.043871396715077893, -60.74764863851541463, 3.550436574519969746 ) ) ;
#2507 = CIRCLE ( 'NONE', #2127, 1.699999999999993072 ) ;
#2508 = CARTESIAN_POINT ( 'NONE',  ( 22.31747927760338968, -74.68097998000808957, 12.50000000000002132 ) ) ;
#2509 = CARTESIAN_POINT ( 'NONE',  ( 8.333333333333373005, -60.68097998000806825, 25.00000000000000000 ) ) ;
#2510 = CARTESIAN_POINT ( 'NONE',  ( -12.02346287270559344, -41.57723895259432112, 0.000000000000000000 ) ) ;
#2511 = ORIENTED_EDGE ( 'NONE', *, *, #482, .T. ) ;
#2512 = CARTESIAN_POINT ( 'NONE',  ( 9.539679826134662477, -77.68097998000808957, 19.79861844812029403 ) ) ;
#2513 = DIRECTION ( 'NONE',  ( 1.593074305255970310E-16, -1.000000000000000000, -0.000000000000000000 ) ) ;
#2514 = ORIENTED_EDGE ( 'NONE', *, *, #4227, .F. ) ;
#2515 = DIRECTION ( 'NONE',  ( 1.321694076934710155E-16, -1.000000000000000000, 0.000000000000000000 ) ) ;
#2516 = CARTESIAN_POINT ( 'NONE',  ( -39.99999999999999289, 55.00000000000000711, 25.00000000000000000 ) ) ;
#2517 = CARTESIAN_POINT ( 'NONE',  ( 25.82352941176470651, -74.68097998000811799, 12.49999999999997513 ) ) ;
#2518 = CARTESIAN_POINT ( 'NONE',  ( 23.47651897361859596, -65.32131658112372463, 19.59086500704523459 ) ) ;
#2519 = ADVANCED_FACE ( 'NONE', ( #5655 ), #766, .F. ) ;
#2520 = CARTESIAN_POINT ( 'NONE',  ( 15.62834065622516810, -73.30295727613876977, 3.153506383749886677 ) ) ;
#2521 = CARTESIAN_POINT ( 'NONE',  ( 17.56915918334686566, -77.68097998000808957, 12.09437280459840736 ) ) ;
#2522 = CARTESIAN_POINT ( 'NONE',  ( -17.22408115150898666, -74.68097998000808957, 11.30944876680643496 ) ) ;
#2523 = CARTESIAN_POINT ( 'NONE',  ( -37.72180911087507837, -47.06227151947579301, 0.3096981344597283248 ) ) ;
#2524 = PLANE ( 'NONE',  #4113 ) ;
#2525 = CARTESIAN_POINT ( 'NONE',  ( -35.49999999999998579, -43.35855138437700873, 0.000000000000000000 ) ) ;
#2526 = CYLINDRICAL_SURFACE ( 'NONE', #2100, 8.000000000000000000 ) ;
#2527 = EDGE_CURVE ( 'NONE', #5879, #3094, #1339, .T. ) ;
#2528 = ORIENTED_EDGE ( 'NONE', *, *, #3631, .T. ) ;
#2529 = LINE ( 'NONE', #7286, #3786 ) ;
#2530 = CARTESIAN_POINT ( 'NONE',  ( 25.00000000000000000, -60.68097998000807536, 25.58304909307478781 ) ) ;
#2531 = VECTOR ( 'NONE', #3671, 1000.000000000000000 ) ;
#2532 = CARTESIAN_POINT ( 'NONE',  ( 44.52544510510504949, -42.52351779925200503, 1.085959472542764370 ) ) ;
#2533 = CARTESIAN_POINT ( 'NONE',  ( -10.79845439491431058, -73.68736621422461042, 1.305192770639765465 ) ) ;
#2534 = CARTESIAN_POINT ( 'NONE',  ( -10.66813238574190770, -74.68097998000807536, -8.969224685147517917 ) ) ;
#2535 = CARTESIAN_POINT ( 'NONE',  ( 9.762098573921576872, -74.68097998000807536, 24.27775914083282061 ) ) ;
#2536 = CIRCLE ( 'NONE', #6914, 1.700000000000000178 ) ;
#2537 = CARTESIAN_POINT ( 'NONE',  ( -18.67375795249503412, -72.84553448342003890, 20.17600482595095812 ) ) ;
#2538 = CARTESIAN_POINT ( 'NONE',  ( 11.89271580238554193, -74.68097998000808957, 6.208465292192633100 ) ) ;
#2539 = CARTESIAN_POINT ( 'NONE',  ( 16.16749892677279021, -59.83453578855549182, 21.55095221786868720 ) ) ;
#2540 = EDGE_LOOP ( 'NONE', ( #6938, #6796, #5609, #7000 ) ) ;
#2541 = CARTESIAN_POINT ( 'NONE',  ( -38.41379693514451077, 56.51218880852792381, 20.70008972061124553 ) ) ;
#2542 = CARTESIAN_POINT ( 'NONE',  ( -25.00000000000000000, -60.68097998000807536, 25.38869939538342280 ) ) ;
#2543 = CARTESIAN_POINT ( 'NONE',  ( 3.701768748729254099, -72.62708927386505309, 0.2936243624982897704 ) ) ;
#2544 = CARTESIAN_POINT ( 'NONE',  ( 40.99999999999999289, 45.06252015498433394, 3.499999999999999556 ) ) ;
#2545 = CARTESIAN_POINT ( 'NONE',  ( -1.556906051385454237, -77.68097998000810378, 30.00000000000001066 ) ) ;
#2546 = CARTESIAN_POINT ( 'NONE',  ( -36.21837871325904246, -42.17149175474866496, 0.02907310681219091308 ) ) ;
#2547 = AXIS2_PLACEMENT_3D ( 'NONE', #6661, #4192, #6584 ) ;
#2548 = ORIENTED_EDGE ( 'NONE', *, *, #3838, .F. ) ;
#2549 = CARTESIAN_POINT ( 'NONE',  ( 11.97183421273614989, -74.68097998000808957, 18.75203154520141524 ) ) ;
#2550 = CARTESIAN_POINT ( 'NONE',  ( -9.473671620594112497, -60.95551929948911862, 21.50000000000000000 ) ) ;
#2551 = EDGE_LOOP ( 'NONE', ( #908, #3728, #5798, #1807, #7738, #1984, #4651 ) ) ;
#2552 = VECTOR ( 'NONE', #1250, 1000.000000000000000 ) ;
#2553 = FACE_OUTER_BOUND ( 'NONE', #6552, .T. ) ;
#2554 = CARTESIAN_POINT ( 'NONE',  ( -35.99999999999999289, 50.00000000000000711, 21.50000000000000000 ) ) ;
#2555 = LINE ( 'NONE', #3074, #826 ) ;
#2556 = CARTESIAN_POINT ( 'NONE',  ( -21.23287851237434509, -74.68097998000808957, 2.400147823038407235 ) ) ;
#2557 = CARTESIAN_POINT ( 'NONE',  ( 13.44849748091341546, -77.68097998000808957, 7.059009957411669589 ) ) ;
#2558 = AXIS2_PLACEMENT_3D ( 'NONE', #1039, #490, #3901 ) ;
#2559 = CARTESIAN_POINT ( 'NONE',  ( -16.98235077316055808, -74.68097998000808957, 10.75964053656528385 ) ) ;
#2560 = CARTESIAN_POINT ( 'NONE',  ( 40.50000000000001421, -41.57723895259431401, 25.00000000000000000 ) ) ;
#2561 = DIRECTION ( 'NONE',  ( -0.8660254037844417052, -0.4999999999999948375, 0.000000000000000000 ) ) ;
#2562 = CARTESIAN_POINT ( 'NONE',  ( -39.99999999999999289, 48.00000000000000711, 7.500000000000000000 ) ) ;
#2563 = ADVANCED_FACE ( 'NONE', ( #2641 ), #7467, .T. ) ;
#2564 = DIRECTION ( 'NONE',  ( -1.593074305255970064E-16, 1.000000000000000000, 0.000000000000000000 ) ) ;
#2565 = VERTEX_POINT ( 'NONE', #7356 ) ;
#2566 = CARTESIAN_POINT ( 'NONE',  ( -0.007630428499740096390, -77.68097998000808957, 22.25165718681244442 ) ) ;
#2567 = CARTESIAN_POINT ( 'NONE',  ( 41.67259267457937710, -41.85514794377332493, 0.08540979611528949633 ) ) ;
#2568 = CARTESIAN_POINT ( 'NONE',  ( -12.40954253034735189, -62.97286860516484808, 3.343637757471230376 ) ) ;
#2569 = FACE_OUTER_BOUND ( 'NONE', #2075, .T. ) ;
#2570 = CARTESIAN_POINT ( 'NONE',  ( 16.44962808176726199, -77.68097998000808957, 15.24184282572404925 ) ) ;
#2571 = CARTESIAN_POINT ( 'NONE',  ( -36.79999999999999005, 50.00000000000000711, 17.00000000000000000 ) ) ;
#2572 = EDGE_CURVE ( 'NONE', #3783, #1020, #2611, .T. ) ;
#2573 = CARTESIAN_POINT ( 'NONE',  ( -14.84232250118491692, -66.70647548056481924, 21.58135165000770073 ) ) ;
#2574 = CARTESIAN_POINT ( 'NONE',  ( 13.44849748091341546, -77.68097998000808957, 7.059009957411669589 ) ) ;
#2575 = CARTESIAN_POINT ( 'NONE',  ( 15.80265010053237162, -74.61800558289363039, 21.91507015076347287 ) ) ;
#2576 = ORIENTED_EDGE ( 'NONE', *, *, #608, .F. ) ;
#2577 = AXIS2_PLACEMENT_3D ( 'NONE', #203, #7546, #398 ) ;
#2578 = CARTESIAN_POINT ( 'NONE',  ( 19.23227741387919920, -77.68097998000808957, 0.7010731637591297583 ) ) ;
#2579 = CARTESIAN_POINT ( 'NONE',  ( -21.50891913036299030, -70.74279990588860301, 5.679648427768567487 ) ) ;
#2580 = CARTESIAN_POINT ( 'NONE',  ( 2.006974279447209852, -61.07680704527076898, 3.528898372026622265 ) ) ;
#2581 = CIRCLE ( 'NONE', #3203, 1.700000000000000178 ) ;
#2582 = CARTESIAN_POINT ( 'NONE',  ( 21.38470200533177845, -58.61425919617131086, 16.51196396955763035 ) ) ;
#2583 = EDGE_CURVE ( 'NONE', #4910, #86, #2239, .T. ) ;
#2584 = CARTESIAN_POINT ( 'NONE',  ( 25.19621869238764589, -60.08850364132559463, 25.24504229793926058 ) ) ;
#2585 = DIRECTION ( 'NONE',  ( 1.000000000000000000, 0.000000000000000000, 0.000000000000000000 ) ) ;
#2586 = EDGE_LOOP ( 'NONE', ( #2202, #5025, #6263, #863, #7139, #5328 ) ) ;
#2587 = CARTESIAN_POINT ( 'NONE',  ( -21.37918666975486559, -58.73000564658311617, 15.50024679793497384 ) ) ;
#2588 = CARTESIAN_POINT ( 'NONE',  ( 2.367140548792544319, -61.18504772492910604, 21.49999999999998934 ) ) ;
#2589 = VERTEX_POINT ( 'NONE', #7391 ) ;
#2590 = CARTESIAN_POINT ( 'NONE',  ( 45.00000000000000000, 37.00000000000001421, 17.50000000000000000 ) ) ;
#2591 = CARTESIAN_POINT ( 'NONE',  ( -36.32187346424503005, 48.76239573558405027, 21.48801734515825856 ) ) ;
#2592 = EDGE_CURVE ( 'NONE', #4200, #7321, #1935, .T. ) ;
#2593 = CARTESIAN_POINT ( 'NONE',  ( -21.64607475027656847, -76.68167311374314465, 2.804860676170185307 ) ) ;
#2594 = CARTESIAN_POINT ( 'NONE',  ( 43.50000000000000711, -44.31902001999193175, 12.50000000000000000 ) ) ;
#2595 = CARTESIAN_POINT ( 'NONE',  ( 48.50000000000001421, -47.11324865405205031, 8.000000000000000000 ) ) ;
#2596 = CARTESIAN_POINT ( 'NONE',  ( -15.52293127409444295, -74.68097998000807536, 8.697397079236520057 ) ) ;
#2597 = CARTESIAN_POINT ( 'NONE',  ( -22.98493214369459281, -67.95499743651409119, 6.229395952356510335 ) ) ;
#2598 = CARTESIAN_POINT ( 'NONE',  ( 46.75000000000003553, -44.08215974080651023, 12.50000000000000000 ) ) ;
#2599 = AXIS2_PLACEMENT_3D ( 'NONE', #2338, #7125, #4655 ) ;
#2600 = DIRECTION ( 'NONE',  ( -0.000000000000000000, -0.000000000000000000, -1.000000000000000000 ) ) ;
#2601 = VECTOR ( 'NONE', #1811, 1000.000000000000000 ) ;
#2602 = ORIENTED_EDGE ( 'NONE', *, *, #6195, .F. ) ;
#2603 = CYLINDRICAL_SURFACE ( 'NONE', #1158, 4.000000000000003553 ) ;
#2604 = CARTESIAN_POINT ( 'NONE',  ( 21.45495460367103036, -58.68626100954066516, 3.500000000000000000 ) ) ;
#2605 = CARTESIAN_POINT ( 'NONE',  ( 25.06445558290796072, -58.40486459085619941, 26.55434567859310491 ) ) ;
#2606 = CARTESIAN_POINT ( 'NONE',  ( -11.27679019662765825, -69.72304927091052207, 2.231098337853551161 ) ) ;
#2607 = CARTESIAN_POINT ( 'NONE',  ( 21.54998219735380616, -64.02861143124189880, 4.313064398231627905 ) ) ;
#2608 = CONICAL_SURFACE ( 'NONE', #2739, 3.149999999999999911, 0.7853981633974477239 ) ;
#2609 = CARTESIAN_POINT ( 'NONE',  ( 42.76115894736753376, 37.39265793395801296, 3.905070364942062167 ) ) ;
#2610 = CARTESIAN_POINT ( 'NONE',  ( -15.29805724327659178, -70.66831884553185716, 21.72355443611020576 ) ) ;
#2611 = B_SPLINE_CURVE_WITH_KNOTS ( 'NONE', 3,
 ( #1492, #6277, #3119, #5508, #1971, #133, #6159 ),
 .UNSPECIFIED., .F., .F.,
 ( 4, 3, 4 ),
 ( 9.941479219548569077E-05, 0.008383980808486856534, 0.01607796213554075343 ),
 .UNSPECIFIED. ) ;
#2612 = CARTESIAN_POINT ( 'NONE',  ( 10.68616235950719684, -77.68097998000808957, 5.658159965768035704 ) ) ;
#2613 = CARTESIAN_POINT ( 'NONE',  ( 17.12844472315435596, -71.76526453838609143, 21.03321699470136252 ) ) ;
#2614 = ORIENTED_EDGE ( 'NONE', *, *, #7411, .T. ) ;
#2615 = AXIS2_PLACEMENT_3D ( 'NONE', #6093, #1901, #3672 ) ;
#2616 = CARTESIAN_POINT ( 'NONE',  ( -40.19999999999998863, 50.00000000000000711, 12.50000000000000000 ) ) ;
#2617 = CARTESIAN_POINT ( 'NONE',  ( -21.61036000839349569, -74.76901982924474055, 7.632402111171941783 ) ) ;
#2618 = EDGE_CURVE ( 'NONE', #7639, #7, #7204, .T. ) ;
#2619 = EDGE_CURVE ( 'NONE', #1091, #6857, #7032, .T. ) ;
#2620 = CARTESIAN_POINT ( 'NONE',  ( 6.680495825027492174, -67.37256335746309333, 2.017019997314843494 ) ) ;
#2621 = CARTESIAN_POINT ( 'NONE',  ( 21.90622993233807847, -68.36429191225118984, 15.19489206313994778 ) ) ;
#2622 = CARTESIAN_POINT ( 'NONE',  ( 24.75480636822035407, -77.68097998000808957, 17.85613249681023973 ) ) ;
#2623 = CARTESIAN_POINT ( 'NONE',  ( 44.12587301329666190, -42.57725152544964686, 20.00087350255121166 ) ) ;
#2624 = AXIS2_PLACEMENT_3D ( 'NONE', #416, #2064, #4452 ) ;
#2625 = ORIENTED_EDGE ( 'NONE', *, *, #2285, .F. ) ;
#2626 = CARTESIAN_POINT ( 'NONE',  ( 15.59439274787402674, -74.68097998000808957, 16.24117459109316286 ) ) ;
#2627 = AXIS2_PLACEMENT_3D ( 'NONE', #6267, #5096, #1440 ) ;
#2628 = CARTESIAN_POINT ( 'NONE',  ( 41.92482008767472479, 32.41609999477105930, 0.1268938943760873628 ) ) ;
#2629 = EDGE_LOOP ( 'NONE', ( #1740, #4735, #5902, #2144 ) ) ;
#2630 = EDGE_CURVE ( 'NONE', #7121, #2565, #5863, .T. ) ;
#2631 = B_SPLINE_CURVE_WITH_KNOTS ( 'NONE', 3,
 ( #7665, #3658, #4282, #6116 ),
 .UNSPECIFIED., .F., .F.,
 ( 4, 4 ),
 ( 0.05895780229587302412, 0.06795832094713019633 ),
 .UNSPECIFIED. ) ;
#2632 = CARTESIAN_POINT ( 'NONE',  ( 41.01580038723130883, 35.32343998189372769, 21.50008859661920368 ) ) ;
#2633 = CARTESIAN_POINT ( 'NONE',  ( -23.04525864944430680, -78.46065648618758814, 4.433877112604974968 ) ) ;
#2634 = CARTESIAN_POINT ( 'NONE',  ( -38.56706622681629426, 47.49805066844240287, 20.57180368837161666 ) ) ;
#2635 = ORIENTED_EDGE ( 'NONE', *, *, #4218, .T. ) ;
#2636 = CARTESIAN_POINT ( 'NONE',  ( 16.89247449991619732, -74.68097998000811799, -0.3358723515784008962 ) ) ;
#2637 = B_SPLINE_SURFACE_WITH_KNOTS ( 'NONE', 3, 3, ( 
 ( #589, #1214, #2432, #259, #855, #4495, #7443, #893, #5714, #1359 ),
 ( #3250, #6891, #338, #2660, #2065, #2700, #5013, #3833, #783, #1470 ),
 ( #4383, #5637, #5049, #7487, #6737, #3763, #6848, #1431, #1395, #6256 ),
 ( #221, #3871, #5560, #3285, #5673, #7338, #5088, #4453, #1511, #6214 ),
 ( #6811, #6142, #3912, #3212, #296, #2621, #7408, #2106, #3799, #2582 ),
 ( #6295, #5594, #2026, #931, #4347, #4979, #3326, #4944, #1955, #3175 ),
 ( #7374, #186, #1989, #6178, #817, #4416, #7011, #3437, #7684, #3362 ) ),
 .UNSPECIFIED., .F., .F., .F.,
 ( 4, 3, 4 ),
 ( 4, 3, 3, 4 ),
 ( 0.05404265217689004780, 0.2770213260884455964, 0.5000000000000011102 ),
 ( 0.1480422515889183721, 0.3942044041272536048, 0.6403665566655888375, 1.132690861742259303 ),
 .UNSPECIFIED. ) ;
#2638 = FACE_OUTER_BOUND ( 'NONE', #6610, .T. ) ;
#2639 = CARTESIAN_POINT ( 'NONE',  ( -15.89825354165160576, -74.68097998000808957, 9.095833427118947156 ) ) ;
#2640 = CARTESIAN_POINT ( 'NONE',  ( -35.70571487626735063, -45.79749832264609211, 0.001077623571170876864 ) ) ;
#2641 = FACE_OUTER_BOUND ( 'NONE', #5790, .T. ) ;
#2642 = CARTESIAN_POINT ( 'NONE',  ( 17.59175272264742063, -60.08850364132560173, -0.07664834569599798808 ) ) ;
#2643 = VERTEX_POINT ( 'NONE', #4558 ) ;
#2644 = CARTESIAN_POINT ( 'NONE',  ( 23.89205702367445383, -62.72378349277117593, 4.495326907410078121 ) ) ;
#2645 = CARTESIAN_POINT ( 'NONE',  ( 25.42438655634696687, -77.68097998000807536, 8.717090104463979472 ) ) ;
#2646 = PRODUCT_DEFINITION_CONTEXT ( 'detailed design', #6551, 'design' ) ;
#2647 = CARTESIAN_POINT ( 'NONE',  ( 25.08282398096125831, -77.68097998000808957, 7.799902728671555430 ) ) ;
#2648 = CARTESIAN_POINT ( 'NONE',  ( -11.46861965257060945, -71.02627380537630586, 2.030693639449548726 ) ) ;
#2649 = FACE_OUTER_BOUND ( 'NONE', #3602, .T. ) ;
#2650 = CARTESIAN_POINT ( 'NONE',  ( 44.40916183181369092, 37.33425897029664497, 5.384228933700821784 ) ) ;
#2651 = CARTESIAN_POINT ( 'NONE',  ( -14.57318501755131201, -72.08365041534921147, 22.15286676448311809 ) ) ;
#2652 = CARTESIAN_POINT ( 'NONE',  ( 25.65675877019941353, -77.68097998000808957, 9.665701311037965482 ) ) ;
#2653 = CARTESIAN_POINT ( 'NONE',  ( 19.35340260394039191, -66.03784784941056785, 20.53164111319757268 ) ) ;
#2654 = VECTOR ( 'NONE', #5172, 1000.000000000000000 ) ;
#2655 = VERTEX_POINT ( 'NONE', #1532 ) ;
#2656 = LINE ( 'NONE', #5482, #155 ) ;
#2657 = CYLINDRICAL_SURFACE ( 'NONE', #6003, 2.500000000000002220 ) ;
#2658 = CARTESIAN_POINT ( 'NONE',  ( 6.274609627564490921, -63.48912470750436654, 2.937651315679651098 ) ) ;
#2659 = CARTESIAN_POINT ( 'NONE',  ( -10.30015253808752540, -74.68097998000811799, 19.55017425003173770 ) ) ;
#2660 = CARTESIAN_POINT ( 'NONE',  ( 21.69731558365934987, -70.88581337803674387, 18.19675889972020499 ) ) ;
#2661 = CARTESIAN_POINT ( 'NONE',  ( 21.20681151644159002, -78.46065648618758814, 22.69985280046938314 ) ) ;
#2662 = CARTESIAN_POINT ( 'NONE',  ( 45.00000000000001421, -43.00000000000000000, 17.82567254622889408 ) ) ;
#2663 = EDGE_CURVE ( 'NONE', #1043, #548, #5226, .T. ) ;
#2664 = ADVANCED_FACE ( 'NONE', ( #2170 ), #1574, .F. ) ;
#2665 = CARTESIAN_POINT ( 'NONE',  ( -39.99999999999997868, -22.68097998000808957, 8.499999999999998224 ) ) ;
#2666 = VERTEX_POINT ( 'NONE', #6911 ) ;
#2667 = EDGE_LOOP ( 'NONE', ( #6733, #34, #3769, #265, #2271, #468, #2183 ) ) ;
#2668 = CYLINDRICAL_SURFACE ( 'NONE', #2074, 2.499999999999995115 ) ;
#2669 = ORIENTED_EDGE ( 'NONE', *, *, #4634, .T. ) ;
#2670 = CARTESIAN_POINT ( 'NONE',  ( -42.25952066862745937, 55.39564501550638909, 3.713067176216189758 ) ) ;
#2671 = CARTESIAN_POINT ( 'NONE',  ( -22.94826103524159677, -77.68097998000810378, 4.239442201779484165 ) ) ;
#2672 = CARTESIAN_POINT ( 'NONE',  ( -38.49999999999998579, 50.00000000000000711, 0.000000000000000000 ) ) ;
#2673 = EDGE_CURVE ( 'NONE', #6541, #3280, #2014, .T. ) ;
#2674 = ORIENTED_EDGE ( 'NONE', *, *, #7230, .F. ) ;
#2675 = CARTESIAN_POINT ( 'NONE',  ( -12.02346287270559344, -41.57723895259432112, 25.00000000000000000 ) ) ;
#2676 = DIRECTION ( 'NONE',  ( 0.000000000000000000, 0.000000000000000000, 1.000000000000000000 ) ) ;
#2677 = CARTESIAN_POINT ( 'NONE',  ( -16.39308387806319445, -74.68097998000808957, 9.696907339146846994 ) ) ;
#2678 = CARTESIAN_POINT ( 'NONE',  ( -4.193978860473709602, -63.59068966151633617, 22.15726230275922504 ) ) ;
#2679 = CARTESIAN_POINT ( 'NONE',  ( 48.50000000000000000, 40.00000000000000711, 8.000000000000000000 ) ) ;
#2680 = DIRECTION ( 'NONE',  ( 0.000000000000000000, 0.000000000000000000, 1.000000000000000000 ) ) ;
#2681 = CARTESIAN_POINT ( 'NONE',  ( 22.88186145036129560, -60.08850364132559463, -0.1949286824166106269 ) ) ;
#2682 = B_SPLINE_CURVE_WITH_KNOTS ( 'NONE', 3,
 ( #1898, #3158, #6125, #1972, #4848, #4366 ),
 .UNSPECIFIED., .F., .F.,
 ( 4, 2, 4 ),
 ( 0.2493215218815245937, 0.3746607609407622830, 0.5000000000000000000 ),
 .UNSPECIFIED. ) ;
#2683 = ORIENTED_EDGE ( 'NONE', *, *, #7203, .T. ) ;
#2684 = DIRECTION ( 'NONE',  ( -0.000000000000000000, -0.000000000000000000, -1.000000000000000000 ) ) ;
#2685 = LINE ( 'NONE', #1417, #1732 ) ;
#2686 = CARTESIAN_POINT ( 'NONE',  ( 24.57973960995906992, -78.57975569811021899, 7.207625727800428095 ) ) ;
#2687 = CARTESIAN_POINT ( 'NONE',  ( -18.51232292992938611, -67.50997419503481467, 4.394127797851907324 ) ) ;
#2688 = CYLINDRICAL_SURFACE ( 'NONE', #4631, 4.000000000000003553 ) ;
#2689 = LINE ( 'NONE', #4337, #431 ) ;
#2690 = CARTESIAN_POINT ( 'NONE',  ( -13.25282582758765848, -69.54899265195324176, 22.23568810464608347 ) ) ;
#2691 = VECTOR ( 'NONE', #3628, 1000.000000000000000 ) ;
#2692 = EDGE_CURVE ( 'NONE', #4165, #7639, #4682, .T. ) ;
#2693 = CARTESIAN_POINT ( 'NONE',  ( 21.61611948207464096, -68.67969096419075470, 5.806203609789501563 ) ) ;
#2694 = CARTESIAN_POINT ( 'NONE',  ( 18.51232292992937190, -67.50997419503498520, 20.60587220214807758 ) ) ;
#2695 = ORIENTED_EDGE ( 'NONE', *, *, #1777, .F. ) ;
#2696 = CARTESIAN_POINT ( 'NONE',  ( 45.00000000000000000, 40.00000000000000711, 7.500000000000000000 ) ) ;
#2697 = CARTESIAN_POINT ( 'NONE',  ( -21.88906146500457695, -69.68893327938374682, 8.762025568735552383 ) ) ;
#2698 = CARTESIAN_POINT ( 'NONE',  ( -3.963494385744690263, -76.48504140101967153, -0.7878076209067532698 ) ) ;
#2699 = CARTESIAN_POINT ( 'NONE',  ( 22.26282804101699853, -74.68097998000811799, 10.86030083535068691 ) ) ;
#2700 = CARTESIAN_POINT ( 'NONE',  ( 21.63062619484086824, -68.15054352128235848, 19.21841305075654205 ) ) ;
#2701 = CARTESIAN_POINT ( 'NONE',  ( 17.61050474989825076, -77.68097998000810378, 25.40784499834519394 ) ) ;
#2702 = CARTESIAN_POINT ( 'NONE',  ( 41.12455426886088361, -44.20411025235608093, 21.49852983214798385 ) ) ;
#2703 = CARTESIAN_POINT ( 'NONE',  ( 42.45427641008136987, -47.03651189042635394, 0.2411249763493231446 ) ) ;
#2704 = ORIENTED_EDGE ( 'NONE', *, *, #4474, .T. ) ;
#2705 = CARTESIAN_POINT ( 'NONE',  ( 5.031986813491705846, -73.89515745168257865, 24.94479774505366620 ) ) ;
#2706 = ORIENTED_EDGE ( 'NONE', *, *, #6310, .F. ) ;
#2707 = ORIENTED_EDGE ( 'NONE', *, *, #6020, .F. ) ;
#2708 = CARTESIAN_POINT ( 'NONE',  ( 14.99220808540333927, -68.02760039274673431, 3.374691117227280657 ) ) ;
#2709 = CARTESIAN_POINT ( 'NONE',  ( 17.74748603729676333, -77.68097998000808957, 12.49999999999998224 ) ) ;
#2710 = CARTESIAN_POINT ( 'NONE',  ( -16.54023072239565195, -60.08850364132558752, -0.05319528772024033347 ) ) ;
#2711 = CARTESIAN_POINT ( 'NONE',  ( -21.23287851237434509, -74.68097998000808957, 2.400147823038407235 ) ) ;
#2712 = AXIS2_PLACEMENT_3D ( 'NONE', #1552, #7568, #6970 ) ;
#2713 = ORIENTED_EDGE ( 'NONE', *, *, #2828, .T. ) ;
#2714 = CARTESIAN_POINT ( 'NONE',  ( -40.09320149786616838, 49.40694942273281498, 1.450000000000001732 ) ) ;
#2715 = CARTESIAN_POINT ( 'NONE',  ( -39.12587301329664768, 52.42274847455036024, 4.999126497448798112 ) ) ;
#2716 = EDGE_CURVE ( 'NONE', #5944, #86, #6433, .T. ) ;
#2717 = ADVANCED_FACE ( 'NONE', ( #4089 ), #3016, .F. ) ;
#2718 = CARTESIAN_POINT ( 'NONE',  ( -15.90912816608228830, -74.68097998000810378, 9.107954065370130081 ) ) ;
#2719 = CARTESIAN_POINT ( 'NONE',  ( -4.594442449191474154, -68.74535125111459877, 23.54942030712264867 ) ) ;
#2720 = EDGE_LOOP ( 'NONE', ( #2113, #1770 ) ) ;
#2721 = CARTESIAN_POINT ( 'NONE',  ( 1.969000188620060321, -74.68097998000808957, 25.42336745757360106 ) ) ;
#2722 = CARTESIAN_POINT ( 'NONE',  ( -38.80523836118752712, 47.51581379807348071, 4.644019108697771792 ) ) ;
#2723 = CARTESIAN_POINT ( 'NONE',  ( 41.80000000000001137, -44.31902001999193175, 17.00000000000000000 ) ) ;
#2724 = ORIENTED_EDGE ( 'NONE', *, *, #6244, .T. ) ;
#2725 = CARTESIAN_POINT ( 'NONE',  ( 21.99458211240155947, -64.28564164981990814, 4.702868308307779799 ) ) ;
#2726 = CARTESIAN_POINT ( 'NONE',  ( 24.88177154653316592, -58.40486459085619231, 8.031245347946448732 ) ) ;
#2727 = EDGE_CURVE ( 'NONE', #3954, #7368, #6126, .T. ) ;
#2728 = CARTESIAN_POINT ( 'NONE',  ( 48.50000000000001421, -47.11324865405205031, 12.50000000000000000 ) ) ;
#2729 = CARTESIAN_POINT ( 'NONE',  ( -16.59877520423609454, -65.12893412222024381, 3.783204325597018247 ) ) ;
#2730 = CARTESIAN_POINT ( 'NONE',  ( 11.83966574198447752, -60.82620724431225767, 3.500000000000000444 ) ) ;
#2731 = CARTESIAN_POINT ( 'NONE',  ( 45.00000000000000000, 42.48381121475496514, 7.500000000000000000 ) ) ;
#2732 = CARTESIAN_POINT ( 'NONE',  ( -14.39181443285379558, -70.77071686628305258, 22.05412076729508897 ) ) ;
#2733 = DIRECTION ( 'NONE',  ( -1.000000000000000000, 0.000000000000000000, 0.000000000000000000 ) ) ;
#2734 = CARTESIAN_POINT ( 'NONE',  ( 21.87108249875913657, -65.60092674490088882, 19.94571456337375892 ) ) ;
#2735 = VERTEX_POINT ( 'NONE', #2762 ) ;
#2736 = CARTESIAN_POINT ( 'NONE',  ( -14.30685850674605142, -77.68097998000808957, 27.13048613569286616 ) ) ;
#2737 = CARTESIAN_POINT ( 'NONE',  ( -21.74775065650148420, -68.24205564982435135, 7.119920631298136016 ) ) ;
#2738 = CARTESIAN_POINT ( 'NONE',  ( -3.701768748729363345, -72.62708927386508151, 0.2936243624983010392 ) ) ;
#2739 = AXIS2_PLACEMENT_3D ( 'NONE', #3534, #7225, #1682 ) ;
#2740 = CARTESIAN_POINT ( 'NONE',  ( -17.05861669624988508, -74.68097998000810378, 14.06647243687688054 ) ) ;
#2741 = DIRECTION ( 'NONE',  ( -1.000000000000000000, 0.000000000000000000, 0.000000000000000000 ) ) ;
#2742 = CARTESIAN_POINT ( 'NONE',  ( 24.67632450237490715, -78.46065648618758814, 17.64650332302019109 ) ) ;
#2743 = LINE ( 'NONE', #4623, #7301 ) ;
#2744 = VERTEX_POINT ( 'NONE', #5149 ) ;
#2745 = AXIS2_PLACEMENT_3D ( 'NONE', #2965, #5193, #7592 ) ;
#2746 = CARTESIAN_POINT ( 'NONE',  ( 5.237572862556552522, -63.54716438530501676, 22.11512945473175051 ) ) ;
#2747 = EDGE_LOOP ( 'NONE', ( #5122, #3693, #6382, #6343, #6905 ) ) ;
#2748 = CARTESIAN_POINT ( 'NONE',  ( -40.00000000000000000, 52.00000000000002132, 17.82554360794411963 ) ) ;
#2749 = ORIENTED_EDGE ( 'NONE', *, *, #148, .F. ) ;
#2750 = DIRECTION ( 'NONE',  ( -1.000000000000000000, 0.000000000000000000, 0.000000000000000000 ) ) ;
#2751 = AXIS2_PLACEMENT_3D ( 'NONE', #5841, #3379, #3537 ) ;
#2752 = CARTESIAN_POINT ( 'NONE',  ( -20.29450952261448649, -77.68097998000806115, 1.526339251378477924 ) ) ;
#2753 = CARTESIAN_POINT ( 'NONE',  ( 44.84802588720937422, -42.89408666017256877, 6.396444049888653893 ) ) ;
#2754 = ORIENTED_EDGE ( 'NONE', *, *, #5799, .T. ) ;
#2755 = CIRCLE ( 'NONE', #749, 2.500000000000002220 ) ;
#2756 = CARTESIAN_POINT ( 'NONE',  ( -21.37334883214525405, -58.63076240721984078, 12.49999999999999289 ) ) ;
#2757 = CARTESIAN_POINT ( 'NONE',  ( -39.62528834764142260, 52.23383478548200998, 5.802405779826023569 ) ) ;
#2758 = CARTESIAN_POINT ( 'NONE',  ( 5.630631893513347030, -74.68097998000807536, 4.166361116807761000 ) ) ;
#2759 = CARTESIAN_POINT ( 'NONE',  ( -6.825151676534443546, -68.66506452937797178, 23.29187518088324182 ) ) ;
#2760 = VECTOR ( 'NONE', #4689, 1000.000000000000000 ) ;
#2761 = CARTESIAN_POINT ( 'NONE',  ( -9.772465470676502619, -74.68097998000806115, 24.22793720017335772 ) ) ;
#2762 = CARTESIAN_POINT ( 'NONE',  ( -39.99999999999997868, -47.97927405783629951, 21.50000000000000000 ) ) ;
#2763 = ADVANCED_FACE ( 'NONE', ( #7068 ), #5012, .F. ) ;
#2764 = CARTESIAN_POINT ( 'NONE',  ( 24.33081087423602540, -78.46065648618757393, 6.550460222825946310 ) ) ;
#2765 = EDGE_LOOP ( 'NONE', ( #3170, #3032, #4154, #3159 ) ) ;
#2766 = CARTESIAN_POINT ( 'NONE',  ( 22.68280733128538884, -65.45736882400009904, 5.236751705107385746 ) ) ;
#2767 = CARTESIAN_POINT ( 'NONE',  ( -12.02346287270559344, -60.68097998000807536, 0.000000000000000000 ) ) ;
#2768 = CARTESIAN_POINT ( 'NONE',  ( 25.42438655634696687, -77.68097998000807536, 8.717090104463979472 ) ) ;
#2769 = CARTESIAN_POINT ( 'NONE',  ( -15.52556338072285946, -63.93223621438363580, 3.591953958085416510 ) ) ;
#2770 = CARTESIAN_POINT ( 'NONE',  ( -40.09320149786616838, 49.40694942273281498, 1.450000000000001732 ) ) ;
#2771 = DIRECTION ( 'NONE',  ( -1.321694076934710155E-16, 1.000000000000000000, 0.000000000000000000 ) ) ;
#2772 = CARTESIAN_POINT ( 'NONE',  ( -12.28656783120128360, -69.64251481987992065, 22.51058225631854626 ) ) ;
#2773 = EDGE_CURVE ( 'NONE', #7061, #2317, #2829, .T. ) ;
#2774 = CARTESIAN_POINT ( 'NONE',  ( 22.03327139581681138, -74.68097998000807536, 15.78564897219701280 ) ) ;
#2775 = CARTESIAN_POINT ( 'NONE',  ( 19.35259342073113231, -67.36965115182732688, 20.35262469512479910 ) ) ;
#2776 = EDGE_LOOP ( 'NONE', ( #5175, #7482 ) ) ;
#2777 = DIRECTION ( 'NONE',  ( -0.000000000000000000, -0.000000000000000000, -1.000000000000000000 ) ) ;
#2778 = CARTESIAN_POINT ( 'NONE',  ( -21.38470200533177845, -58.61425919617133928, 8.488036030442478008 ) ) ;
#2779 = CARTESIAN_POINT ( 'NONE',  ( -1.075474961041392286, -64.94763008704937590, 2.393347498713894961 ) ) ;
#2780 = CARTESIAN_POINT ( 'NONE',  ( -38.12094964912811434, 52.68602051702054467, 0.4402612109021867837 ) ) ;
#2781 = CARTESIAN_POINT ( 'NONE',  ( 25.65675476115115572, -77.68097998000808957, 15.33428754590540244 ) ) ;
#2782 = CARTESIAN_POINT ( 'NONE',  ( -23.14364529610454824, -61.54551582256123510, 21.00257832871444208 ) ) ;
#2783 = LINE ( 'NONE', #2665, #2654 ) ;
#2784 = VERTEX_POINT ( 'NONE', #785 ) ;
#2785 = CARTESIAN_POINT ( 'NONE',  ( 5.263463060762828327, -76.46858246950985460, 25.64291778324910354 ) ) ;
#2786 = ORIENTED_EDGE ( 'NONE', *, *, #754, .F. ) ;
#2787 = CARTESIAN_POINT ( 'NONE',  ( -36.94838302569274902, 51.96662417777018561, 21.38830418874230688 ) ) ;
#2788 = EDGE_LOOP ( 'NONE', ( #2132, #3406, #3590, #6083, #1486, #2984, #3207, #4899 ) ) ;
#2789 = CIRCLE ( 'NONE', #152, 1.500000000000001332 ) ;
#2790 = CARTESIAN_POINT ( 'NONE',  ( -25.42438655634697042, -77.68097998000808957, 8.717090104463988354 ) ) ;
#2791 = CARTESIAN_POINT ( 'NONE',  ( -11.31805765416917531, -60.08850364132558752, 0.05538538079935888953 ) ) ;
#2792 = CARTESIAN_POINT ( 'NONE',  ( 45.00000000000001421, -43.00000000000000000, 7.500000000000000000 ) ) ;
#2793 = ORIENTED_EDGE ( 'NONE', *, *, #4015, .F. ) ;
#2794 = CARTESIAN_POINT ( 'NONE',  ( -22.19388934060635066, -72.57995105105851508, 13.53972074844455165 ) ) ;
#2795 = CARTESIAN_POINT ( 'NONE',  ( -38.91677695216837662, -42.53266861328877724, 4.758127905550987968 ) ) ;
#2796 = CARTESIAN_POINT ( 'NONE',  ( 15.79964644387329287, -74.68097998000810378, 8.987946556109754681 ) ) ;
#2797 = CARTESIAN_POINT ( 'NONE',  ( -5.850596816955491164, -70.00115572411093012, 23.76755041120980394 ) ) ;
#2798 = B_SPLINE_SURFACE_WITH_KNOTS ( 'NONE', 3, 3, ( 
 ( #2617, #5592, #3719, #2579, #5523, #6103, #7257, #5010, #6140, #2505 ),
 ( #741, #3797, #1875, #4272, #7336, #4976, #7370, #4381, #7406, #2024 ),
 ( #6624, #3648, #6035, #1507, #6967, #2737, #6373, #4492, #3323, #256 ),
 ( #7528, #4532, #6845, #335, #2697, #7564, #3987, #5126, #3831, #7440 ),
 ( #2185, #6292, #967, #2062, #5711, #3359, #1009, #6887, #4573, #2778 ),
 ( #1588, #3947, #377, #3908, #5085, #1466, #5747, #2146, #4414, #6212 ),
 ( #7603, #928, #6928, #3398, #1547, #5784, #6332, #5166, #414, #3247 ) ),
 .UNSPECIFIED., .F., .F., .F.,
 ( 4, 3, 4 ),
 ( 4, 3, 3, 4 ),
 ( 0.05404265217690127493, 0.2770213260884504258, 0.4999999999999995559 ),
 ( 0.1480422515889392998, 0.3942044041272688704, 0.6403665566655984964, 1.132690861742257749 ),
 .UNSPECIFIED. ) ;
#2799 = CARTESIAN_POINT ( 'NONE',  ( 21.61464733046742737, -74.68097998000835958, 17.38692913433354192 ) ) ;
#2800 = CARTESIAN_POINT ( 'NONE',  ( -40.20000000000303686, 50.00000000000451195, 1.526206676146177221 ) ) ;
#2801 = DIRECTION ( 'NONE',  ( 1.593074305255970310E-16, -1.000000000000000000, -0.000000000000000000 ) ) ;
#2802 = CARTESIAN_POINT ( 'NONE',  ( 1.023709775831174840, -60.08850364132558042, 0.1742577466713191858 ) ) ;
#2803 = CARTESIAN_POINT ( 'NONE',  ( 21.68401558297708220, -72.13884358107384287, 6.864585018465104937 ) ) ;
#2804 = CARTESIAN_POINT ( 'NONE',  ( -25.59826332794822790, -74.68097998000808957, 9.435546880716678686 ) ) ;
#2805 = CARTESIAN_POINT ( 'NONE',  ( 25.00000000000000000, -60.68097998000806825, 2.083333333333341031 ) ) ;
#2806 = CARTESIAN_POINT ( 'NONE',  ( -16.74994038937523655, -75.83471281754056292, 3.496512156135499261 ) ) ;
#2807 = CARTESIAN_POINT ( 'NONE',  ( 40.99999999999999289, 40.00000000000000711, 17.50000000000000000 ) ) ;
#2808 = CONICAL_SURFACE ( 'NONE', #3555, 3.149999999999999911, 0.7853981633974477239 ) ;
#2809 = EDGE_CURVE ( 'NONE', #4114, #5330, #5562, .T. ) ;
#2810 = CYLINDRICAL_SURFACE ( 'NONE', #6072, 8.000000000000000000 ) ;
#2811 = CARTESIAN_POINT ( 'NONE',  ( -9.869050018731396534, -67.18725846881652330, 22.54362758751786799 ) ) ;
#2812 = B_SPLINE_CURVE_WITH_KNOTS ( 'NONE', 3,
 ( #6611, #5281, #7680, #1788, #7165, #5945 ),
 .UNSPECIFIED., .F., .F.,
 ( 4, 2, 4 ),
 ( 0.000000000000000000, 0.001561958277399305576, 0.003123916554798611151 ),
 .UNSPECIFIED. ) ;
#2813 = VERTEX_POINT ( 'NONE', #5488 ) ;
#2814 = DIRECTION ( 'NONE',  ( -1.000000000000000000, 0.000000000000000000, 0.000000000000000000 ) ) ;
#2815 = DIRECTION ( 'NONE',  ( 0.000000000000000000, 0.000000000000000000, -1.000000000000000000 ) ) ;
#2816 = CARTESIAN_POINT ( 'NONE',  ( 1.127535234487921256, -67.51697551648611295, 1.637657666526614486 ) ) ;
#2817 = LINE ( 'NONE', #6890, #4887 ) ;
#2818 = ADVANCED_FACE ( 'NONE', ( #2326 ), #4866, .T. ) ;
#2819 = EDGE_CURVE ( 'NONE', #5545, #4062, #2507, .T. ) ;
#2820 = AXIS2_PLACEMENT_3D ( 'NONE', #1803, #1718, #7181 ) ;
#2821 = CARTESIAN_POINT ( 'NONE',  ( 48.50000000000000000, 40.00000000000000711, 12.50000000000000000 ) ) ;
#2822 = CARTESIAN_POINT ( 'NONE',  ( -20.85644092540769989, -68.40379013938358810, 19.59329920667278913 ) ) ;
#2823 = CARTESIAN_POINT ( 'NONE',  ( -40.03534546830280050, -45.18379808320079150, 1.409428335625807271 ) ) ;
#2824 = VERTEX_POINT ( 'NONE', #6667 ) ;
#2825 = CARTESIAN_POINT ( 'NONE',  ( 8.779300601199697240, -75.08486007896510728, 24.58768076618370202 ) ) ;
#2826 = ORIENTED_EDGE ( 'NONE', *, *, #1633, .T. ) ;
#2827 = EDGE_LOOP ( 'NONE', ( #5745, #5642, #1208, #6581, #1210, #2403, #7613, #1837 ) ) ;
#2828 = EDGE_CURVE ( 'NONE', #4109, #291, #7522, .T. ) ;
#2829 =( BOUNDED_CURVE ( )  B_SPLINE_CURVE ( 3, ( #3177, #3723, #115, #6108 ),
 .UNSPECIFIED., .F., .T. ) 
 B_SPLINE_CURVE_WITH_KNOTS ( ( 4, 4 ),
 ( 5.958552916380432940, 6.120509202696005069 ),
 .UNSPECIFIED. ) 
 CURVE ( )  GEOMETRIC_REPRESENTATION_ITEM ( )  RATIONAL_B_SPLINE_CURVE ( ( 1.000000000000000000, 0.9978153743013314925, 0.9978153743013314925, 1.000000000000000000 ) ) 
 REPRESENTATION_ITEM ( '' )  );
#2830 = CARTESIAN_POINT ( 'NONE',  ( -25.00000000000000000, -60.68097998000806825, 2.083333333333335258 ) ) ;
#2831 = CARTESIAN_POINT ( 'NONE',  ( -2.931798655200689385, -74.68097998000808957, 29.03952146894467390 ) ) ;
#2832 = DIRECTION ( 'NONE',  ( -1.000000000000000000, 0.000000000000000000, 0.000000000000000000 ) ) ;
#2833 = ORIENTED_EDGE ( 'NONE', *, *, #1031, .F. ) ;
#2834 = PRESENTATION_LAYER_ASSIGNMENT (  '', '', ( #6193 ) ) ;
#2835 = CARTESIAN_POINT ( 'NONE',  ( 47.99853034276168273, 40.36974368392144186, 19.80190544162260480 ) ) ;
#2836 = DIRECTION ( 'NONE',  ( -0.000000000000000000, -0.000000000000000000, -1.000000000000000000 ) ) ;
#2837 = CARTESIAN_POINT ( 'NONE',  ( 12.65245452070761090, -74.68097998000811799, 6.613956535176590101 ) ) ;
#2838 = CARTESIAN_POINT ( 'NONE',  ( 2.602216207361228495, -75.21645103991662040, 25.56077395192121671 ) ) ;
#2839 = PLANE ( 'NONE',  #7600 ) ;
#2840 = CARTESIAN_POINT ( 'NONE',  ( -36.49994408261004253, 48.49145607019563187, 3.530368799316886630 ) ) ;
#2841 = CARTESIAN_POINT ( 'NONE',  ( 10.28067891613577167, -60.08850364132559463, 0.07457441105681468507 ) ) ;
#2842 = CARTESIAN_POINT ( 'NONE',  ( 17.98824709115309517, -72.97375503990753032, 4.404245858940715408 ) ) ;
#2843 = CARTESIAN_POINT ( 'NONE',  ( -12.36694661346197144, -77.68097998000808957, 6.452058793034478157 ) ) ;
#2844 = CARTESIAN_POINT ( 'NONE',  ( -25.09016021744566061, -77.68097998000810378, 7.814575201640358237 ) ) ;
#2845 = CARTESIAN_POINT ( 'NONE',  ( -15.14727413305062242, -59.96328572989730787, 3.475588738778846221 ) ) ;
#2846 = CARTESIAN_POINT ( 'NONE',  ( -12.02346287270559344, -41.57723895259432112, 12.50000000000000000 ) ) ;
#2847 = ORIENTED_EDGE ( 'NONE', *, *, #6929, .T. ) ;
#2848 = CARTESIAN_POINT ( 'NONE',  ( 21.84978241376886388, -77.68097998000808957, 3.014867397376943536 ) ) ;
#2849 = CARTESIAN_POINT ( 'NONE',  ( -9.531031648861249650, -64.57767807472309585, 22.09751724743751211 ) ) ;
#2850 = DIRECTION ( 'NONE',  ( -0.000000000000000000, -0.000000000000000000, -1.000000000000000000 ) ) ;
#2851 = VERTEX_POINT ( 'NONE', #4906 ) ;
#2852 = CARTESIAN_POINT ( 'NONE',  ( 5.372574769332100431, -77.68097998000811799, 29.63784017825902595 ) ) ;
#2853 = CARTESIAN_POINT ( 'NONE',  ( 21.33695582988901052, -75.18141388704415817, 2.499271944019246572 ) ) ;
#2854 = CARTESIAN_POINT ( 'NONE',  ( -2.602216207361273348, -75.21645103991637882, -0.5607739519211514256 ) ) ;
#2855 = CARTESIAN_POINT ( 'NONE',  ( 21.94772718806802558, -68.39519445790692487, 12.50000000000002309 ) ) ;
#2856 = LINE ( 'NONE', #2821, #241 ) ;
#2857 = CARTESIAN_POINT ( 'NONE',  ( -21.70874116689650535, -74.74032733116688121, 17.24578800079641638 ) ) ;
#2858 = DIRECTION ( 'NONE',  ( 1.000000000000000000, 1.330321911110254761E-16, -0.000000000000000000 ) ) ;
#2859 = VERTEX_POINT ( 'NONE', #3689 ) ;
#2860 = VECTOR ( 'NONE', #2600, 1000.000000000000000 ) ;
#2861 = EDGE_CURVE ( 'NONE', #621, #385, #188, .T. ) ;
#2862 = EDGE_CURVE ( 'NONE', #32, #2453, #1480, .T. ) ;
#2863 = CARTESIAN_POINT ( 'NONE',  ( 3.701768748729349578, -72.62708927386525204, 24.70637563750175758 ) ) ;
#2864 = ORIENTED_EDGE ( 'NONE', *, *, #2692, .F. ) ;
#2865 = VECTOR ( 'NONE', #1771, 1000.000000000000000 ) ;
#2866 = CARTESIAN_POINT ( 'NONE',  ( -39.96093943942540250, 52.03072280337074318, 18.14149404661522169 ) ) ;
#2867 = ORIENTED_EDGE ( 'NONE', *, *, #2619, .F. ) ;
#2868 = CARTESIAN_POINT ( 'NONE',  ( 43.50000000000000000, -44.99999999999999289, 12.50000000000000000 ) ) ;
#2869 = FACE_OUTER_BOUND ( 'NONE', #4280, .T. ) ;
#2870 = CARTESIAN_POINT ( 'NONE',  ( -21.20681151644158291, -78.46065648618760235, 22.69985280046940090 ) ) ;
#2871 = VECTOR ( 'NONE', #280, 1000.000000000000000 ) ;
#2872 = VERTEX_POINT ( 'NONE', #4130 ) ;
#2873 = EDGE_CURVE ( 'NONE', #5182, #189, #7706, .T. ) ;
#2874 = DIRECTION ( 'NONE',  ( -0.000000000000000000, -0.000000000000000000, -1.000000000000000000 ) ) ;
#2875 = CARTESIAN_POINT ( 'NONE',  ( 40.50000000000001421, 45.36654358009725030, 25.00000000000000000 ) ) ;
#2876 = AXIS2_PLACEMENT_3D ( 'NONE', #5850, #525, #2923 ) ;
#2877 = CARTESIAN_POINT ( 'NONE',  ( -36.60146092121699724, -43.36566750517022228, 3.543849878399439657 ) ) ;
#2878 = CARTESIAN_POINT ( 'NONE',  ( 15.77273579150512894, -74.68097998000810378, 8.959073508910067929 ) ) ;
#2879 = CARTESIAN_POINT ( 'NONE',  ( 1.018830235972882618E-15, -70.08632094592303474, 24.11803216566071484 ) ) ;
#2880 = CARTESIAN_POINT ( 'NONE',  ( -15.98458317706123744, -77.68097998000808957, 15.81106025938982818 ) ) ;
#2881 = CARTESIAN_POINT ( 'NONE',  ( -36.67259267457935579, 47.53612792378138607, 0.08540979611529136983 ) ) ;
#2882 = CARTESIAN_POINT ( 'NONE',  ( 45.00000000000000000, 42.48381121475496514, 21.50000000000000000 ) ) ;
#2883 = CARTESIAN_POINT ( 'NONE',  ( 2.083333333333328596, -60.68097998000806825, 0.000000000000000000 ) ) ;
#2884 = CONICAL_SURFACE ( 'NONE', #5880, 1.699999999999993072, 1.029744258676650759 ) ;
#2885 = CARTESIAN_POINT ( 'NONE',  ( 17.01169957695918811, -70.43890236870899457, 3.952078987501129959 ) ) ;
#2886 = CARTESIAN_POINT ( 'NONE',  ( -16.91644020938784720, -77.68097998000808957, 10.61028577838298048 ) ) ;
#2887 = CARTESIAN_POINT ( 'NONE',  ( 45.00000000000000000, 37.00000000000001421, 32.07106781186548261 ) ) ;
#2888 = CARTESIAN_POINT ( 'NONE',  ( -18.21531999292614401, -59.57335087804492701, 3.372163199260750588 ) ) ;
#2889 = LINE ( 'NONE', #2413, #2481 ) ;
#2890 = ORIENTED_EDGE ( 'NONE', *, *, #481, .T. ) ;
#2891 = CARTESIAN_POINT ( 'NONE',  ( 43.51524022762578170, 43.47238982939411756, 4.379135156515807203 ) ) ;
#2892 = CARTESIAN_POINT ( 'NONE',  ( -8.663213787788857090, -65.96229341656932377, 22.45444474037431704 ) ) ;
#2893 = CARTESIAN_POINT ( 'NONE',  ( -25.65639081652328812, -76.26764005264449509, 15.33569234972105555 ) ) ;
#2894 = ORIENTED_EDGE ( 'NONE', *, *, #7556, .F. ) ;
#2895 = CARTESIAN_POINT ( 'NONE',  ( -38.49999999999998579, -44.31902001999193175, 1.450000000000001732 ) ) ;
#2896 = CARTESIAN_POINT ( 'NONE',  ( -38.17616481289908137, -42.51757276674032227, 20.86007454811909057 ) ) ;
#2897 = CARTESIAN_POINT ( 'NONE',  ( -8.830673512491125976, -67.26217538977302013, 2.288105989569329424 ) ) ;
#2898 = CARTESIAN_POINT ( 'NONE',  ( 22.27594339145246494, -73.97486991544239743, 11.56798131124456042 ) ) ;
#2899 = DIRECTION ( 'NONE',  ( -1.000000000000000000, -1.593074305255970310E-16, 0.000000000000000000 ) ) ;
#2900 = CARTESIAN_POINT ( 'NONE',  ( -23.47651897361861018, -65.32131658112372463, 19.59086500704523459 ) ) ;
#2901 = DIRECTION ( 'NONE',  ( -0.000000000000000000, -0.000000000000000000, -1.000000000000000000 ) ) ;
#2902 = VERTEX_POINT ( 'NONE', #1151 ) ;
#2903 = CARTESIAN_POINT ( 'NONE',  ( 10.90742652497169907, -67.11234154785984174, 22.37536116460503166 ) ) ;
#2904 = CARTESIAN_POINT ( 'NONE',  ( -25.08282398096125831, -77.68097998000807536, 7.799902728671564311 ) ) ;
#2905 = CARTESIAN_POINT ( 'NONE',  ( -38.99297984427106201, 56.35445928246205227, 4.833590984145009983 ) ) ;
#2906 = CARTESIAN_POINT ( 'NONE',  ( -35.50000000000000000, 55.00000000000000711, 8.000000000000000000 ) ) ;
#2907 = CARTESIAN_POINT ( 'NONE',  ( -24.72710036683702839, -78.46065648618758814, 17.52849098766342095 ) ) ;
#2908 = EDGE_CURVE ( 'NONE', #626, #2110, #3542, .T. ) ;
#2909 = ORIENTED_EDGE ( 'NONE', *, *, #4430, .F. ) ;
#2910 = DIRECTION ( 'NONE',  ( -1.593074305255970310E-16, 1.000000000000000000, 0.000000000000000000 ) ) ;
#2911 = CARTESIAN_POINT ( 'NONE',  ( 47.54818099342666216, 40.69813243722207119, 20.82553916871867727 ) ) ;
#2912 = ORIENTED_EDGE ( 'NONE', *, *, #5216, .T. ) ;
#2913 = VECTOR ( 'NONE', #1933, 1000.000000000000000 ) ;
#2914 = CARTESIAN_POINT ( 'NONE',  ( -37.34279739473008419, -42.77880125871113393, 3.729195683145873019 ) ) ;
#2915 = CARTESIAN_POINT ( 'NONE',  ( 7.746307517268369303, -74.68097998000810378, 4.657436618743288292 ) ) ;
#2916 = CARTESIAN_POINT ( 'NONE',  ( 1.510779588357367700E-15, -75.22501180479662253, 25.62941183003529488 ) ) ;
#2917 = EDGE_CURVE ( 'NONE', #5782, #5182, #2959, .T. ) ;
#2918 = CARTESIAN_POINT ( 'NONE',  ( -16.75367192968614560, -77.68097998000808957, 14.72483520720681049 ) ) ;
#2919 = CARTESIAN_POINT ( 'NONE',  ( -35.49999999999998579, -43.35855138437700873, 0.000000000000000000 ) ) ;
#2920 = CARTESIAN_POINT ( 'NONE',  ( 18.57315826777936962, -77.68097998000807536, 0.2227311157459626045 ) ) ;
#2921 = CARTESIAN_POINT ( 'NONE',  ( 18.72968222534419525, -74.18162999984494377, 20.10241845215858447 ) ) ;
#2922 = CARTESIAN_POINT ( 'NONE',  ( 19.33368021630700895, -63.39033268744241667, 4.043213208255333591 ) ) ;
#2923 = DIRECTION ( 'NONE',  ( -1.000000000000000000, -3.552198176715260054E-15, 0.000000000000000000 ) ) ;
#2924 = LINE ( 'NONE', #5350, #2760 ) ;
#2925 = CARTESIAN_POINT ( 'NONE',  ( -22.85399449926994819, -64.14808174150827824, 4.836687081528938670 ) ) ;
#2926 = CARTESIAN_POINT ( 'NONE',  ( 45.20000000000000284, -44.31902001999193175, 0.000000000000000000 ) ) ;
#2927 = ORIENTED_EDGE ( 'NONE', *, *, #4978, .F. ) ;
#2928 = CARTESIAN_POINT ( 'NONE',  ( -39.99999999999999289, 55.00000000000000711, 12.50000000000000000 ) ) ;
#2929 = CARTESIAN_POINT ( 'NONE',  ( -7.927255824276918439, -68.61890675890900582, 23.14739792331636892 ) ) ;
#2930 = PLANE ( 'NONE',  #2599 ) ;
#2931 = ORIENTED_EDGE ( 'NONE', *, *, #2114, .F. ) ;
#2932 = CARTESIAN_POINT ( 'NONE',  ( 24.64196912394495342, -77.68097998000808957, 18.08180698536104458 ) ) ;
#2933 = VECTOR ( 'NONE', #6530, 999.9999999999998863 ) ;
#2934 = CARTESIAN_POINT ( 'NONE',  ( 43.50000000000000711, 35.00000000000000711, 1.450000000000001732 ) ) ;
#2935 = CARTESIAN_POINT ( 'NONE',  ( -6.392915371072047215, -75.15581201012628298, -0.09501251141607565398 ) ) ;
#2936 = CARTESIAN_POINT ( 'NONE',  ( 22.02978123891413631, -69.79011332229079301, 12.50000000000002665 ) ) ;
#2937 = CARTESIAN_POINT ( 'NONE',  ( -20.28539599597623422, -74.68097998000808957, 18.85491829562090871 ) ) ;
#2938 = EDGE_CURVE ( 'NONE', #5580, #5489, #3805, .T. ) ;
#2939 = CARTESIAN_POINT ( 'NONE',  ( -23.69861271698945515, -64.01876918024899510, 20.03807496465486793 ) ) ;
#2940 = CARTESIAN_POINT ( 'NONE',  ( -12.36694661346197144, -74.68097998000808957, 6.452058793034478157 ) ) ;
#2941 = EDGE_LOOP ( 'NONE', ( #2988, #3553, #4982, #2033, #4019, #2894, #3670, #886, #5053, #6721, #3997, #2548, #6583, #2273 ) ) ;
#2942 = CARTESIAN_POINT ( 'NONE',  ( 8.663213787788887288, -65.96229341656930956, 22.45444474037431704 ) ) ;
#2943 = ORIENTED_EDGE ( 'NONE', *, *, #5922, .F. ) ;
#2944 = CARTESIAN_POINT ( 'NONE',  ( 7.466105873695339845, -77.68097998000810378, -4.278749863149785782 ) ) ;
#2945 = CARTESIAN_POINT ( 'NONE',  ( -25.05344282515679311, -58.40486459085621362, -1.135629170736728311 ) ) ;
#2946 = AXIS2_PLACEMENT_3D ( 'NONE', #2906, #7654, #2277 ) ;
#2947 = CARTESIAN_POINT ( 'NONE',  ( 9.004605784490079756, -68.56039138758940510, 2.028829034380629892 ) ) ;
#2948 = CARTESIAN_POINT ( 'NONE',  ( -25.05894920403238046, -58.40486459085621362, -1.344987424665064379 ) ) ;
#2949 = CARTESIAN_POINT ( 'NONE',  ( -21.20647657184560586, -74.68097998000810378, 22.62011394231715400 ) ) ;
#2950 = CARTESIAN_POINT ( 'NONE',  ( 41.24767653315796423, -43.90296122910098120, 3.507199410860478928 ) ) ;
#2951 = ORIENTED_EDGE ( 'NONE', *, *, #2583, .T. ) ;
#2952 = CARTESIAN_POINT ( 'NONE',  ( -12.02346287270559344, -41.57723895259432112, 25.00000000000000000 ) ) ;
#2953 = CARTESIAN_POINT ( 'NONE',  ( -21.50891913036300096, -70.74279990588857459, 19.32035157223134192 ) ) ;
#2954 = EDGE_LOOP ( 'NONE', ( #5698, #6456, #534, #4180, #2040, #6833 ) ) ;
#2955 = CARTESIAN_POINT ( 'NONE',  ( -36.49853076112380990, -43.49334131041798202, 3.530194972989039393 ) ) ;
#2956 = CARTESIAN_POINT ( 'NONE',  ( 3.392005015345637296E-14, -62.37828465761265306, 21.85096266909883056 ) ) ;
#2957 = CARTESIAN_POINT ( 'NONE',  ( 3.542648928176507894, -77.68097998000808957, 21.15132976650651386 ) ) ;
#2958 = CARTESIAN_POINT ( 'NONE',  ( 45.12954470631725457, 42.39614417888076758, 1.470718226299365661 ) ) ;
#2959 = LINE ( 'NONE', #5451, #6882 ) ;
#2960 = CARTESIAN_POINT ( 'NONE',  ( 17.50307347795873270, -74.68097998000808957, 4.055634947785780042 ) ) ;
#2961 = EDGE_CURVE ( 'NONE', #7321, #6865, #4838, .T. ) ;
#2962 = ADVANCED_FACE ( 'NONE', ( #7445 ), #5675, .T. ) ;
#2963 = CARTESIAN_POINT ( 'NONE',  ( 18.80426373807929608, -75.51591975833402159, 4.960217325653721865 ) ) ;
#2964 = VECTOR ( 'NONE', #7351, 1000.000000000000000 ) ;
#2965 = CARTESIAN_POINT ( 'NONE',  ( -0.007630428499740279404, -74.68097998000808957, 1.251657186812441980 ) ) ;
#2966 = CARTESIAN_POINT ( 'NONE',  ( 44.80020500600673472, 32.86374792742283546, 6.241657284622866619 ) ) ;
#2967 = CARTESIAN_POINT ( 'NONE',  ( -21.11861617424173332, -64.42647446873770889, 4.559969313355579423 ) ) ;
#2968 = CARTESIAN_POINT ( 'NONE',  ( -42.41515610508238154, 55.34735120965114419, 21.05678979375421989 ) ) ;
#2969 = ORIENTED_EDGE ( 'NONE', *, *, #6176, .F. ) ;
#2970 = CARTESIAN_POINT ( 'NONE',  ( -14.18721143106714244, -74.68097998000808957, 17.45391619160518815 ) ) ;
#2971 = CARTESIAN_POINT ( 'NONE',  ( 43.50000000000000711, 35.00000000000000711, 12.50000000000000000 ) ) ;
#2972 = EDGE_CURVE ( 'NONE', #3145, #7244, #6686, .T. ) ;
#2973 = ORIENTED_EDGE ( 'NONE', *, *, #2139, .T. ) ;
#2974 = CARTESIAN_POINT ( 'NONE',  ( -36.49994408261003542, -43.49145607019561766, 21.46963120068311781 ) ) ;
#2975 = CARTESIAN_POINT ( 'NONE',  ( -4.808524193031214367, -71.32082310411533399, 0.7531337960000105136 ) ) ;
#2976 = CARTESIAN_POINT ( 'NONE',  ( 21.70156503552969696, -64.21043786475530624, 10.86114661483748378 ) ) ;
#2977 = CARTESIAN_POINT ( 'NONE',  ( 42.66487466510911020, 44.02180547211671779, 21.14549999766302690 ) ) ;
#2978 = CARTESIAN_POINT ( 'NONE',  ( -17.12844472315435596, -71.76526453838610564, 21.03321699470135897 ) ) ;
#2979 = CARTESIAN_POINT ( 'NONE',  ( -39.99999999999999289, 56.07135982689438691, 12.50000000000000000 ) ) ;
#2980 = ORIENTED_EDGE ( 'NONE', *, *, #2572, .F. ) ;
#2981 = CARTESIAN_POINT ( 'NONE',  ( 11.66732308885879910, -72.32766357506065447, 23.17170878094108133 ) ) ;
#2982 = ORIENTED_EDGE ( 'NONE', *, *, #7275, .T. ) ;
#2983 = CARTESIAN_POINT ( 'NONE',  ( -8.499447118515497834, -77.68097998000808957, -4.054528901248091621 ) ) ;
#2984 = ORIENTED_EDGE ( 'NONE', *, *, #4924, .T. ) ;
#2985 = CARTESIAN_POINT ( 'NONE',  ( 21.70351098139956747, -64.24351894454318312, 12.50000000000000178 ) ) ;
#2986 = CARTESIAN_POINT ( 'NONE',  ( -11.19532094653784426, -74.68097998000807536, 27.57067206135896953 ) ) ;
#2987 = CARTESIAN_POINT ( 'NONE',  ( 11.80860400651025977, -77.68097998000808957, 28.12153036022161245 ) ) ;
#2988 = ORIENTED_EDGE ( 'NONE', *, *, #1449, .F. ) ;
#2989 = DIRECTION ( 'NONE',  ( -0.000000000000000000, -0.000000000000000000, -1.000000000000000000 ) ) ;
#2990 = CARTESIAN_POINT ( 'NONE',  ( -21.68165856366043798, -64.18744190798183524, 15.77808727497989594 ) ) ;
#2991 = ORIENTED_EDGE ( 'NONE', *, *, #5676, .F. ) ;
#2992 = CARTESIAN_POINT ( 'NONE',  ( 45.00000000000000000, 33.00000000000000711, 12.50000000000000000 ) ) ;
#2993 = CARTESIAN_POINT ( 'NONE',  ( -12.02346287270559344, -41.57723895259432112, 21.50000000000000000 ) ) ;
#2994 = CARTESIAN_POINT ( 'NONE',  ( -1.050078833147582547, -63.66295737233106422, 22.22880758519249156 ) ) ;
#2995 = VECTOR ( 'NONE', #1326, 1000.000000000000000 ) ;
#2996 = B_SPLINE_CURVE_WITH_KNOTS ( 'NONE', 3,
 ( #5446, #3565, #666, #3484, #6623, #3060, #68, #4860, #586, #5873, #5369, #2983, #5292, #505, #7691, #2312, #4707, #7095, #1714, #1135, #544, #2944, #5331, #4307, #6174, #3796, #183, #6772, #5591, #814, #2578, #3830, #7405, #216 ),
 .UNSPECIFIED., .F., .F.,
 ( 4, 2, 2, 2, 2, 2, 2, 2, 2, 2, 2, 2, 2, 2, 2, 2, 4 ),
 ( 0.09959263859217878934, 0.1496441749689123024, 0.1996957113456458432, 0.2497472477223793841, 0.2997987840991128694, 0.3498503204758465213, 0.3999018568525801731, 0.4499533932293137140, 0.5000049296060473658, 0.5500564659827810177, 0.6001080023595145585, 0.6501595387362483214, 0.7002110751129818622, 0.7502626114897155141, 0.8003141478664490549, 0.8503656842431828178, 0.9004172206199163586 ),
 .UNSPECIFIED. ) ;
#2997 = CARTESIAN_POINT ( 'NONE',  ( 8.707446609726240183, -77.68097998000808957, 20.07538306592693544 ) ) ;
#2998 = B_SPLINE_CURVE_WITH_KNOTS ( 'NONE', 3,
 ( #4239, #3067, #2587, #3803 ),
 .UNSPECIFIED., .F., .F.,
 ( 4, 4 ),
 ( 0.05895780229588400145, 0.06795832094714036875 ),
 .UNSPECIFIED. ) ;
#2999 = CIRCLE ( 'NONE', #7384, 2.499999999999995115 ) ;
#3000 = CARTESIAN_POINT ( 'NONE',  ( -7.850511959476851764, -74.68097998000810378, 0.2760253165480595072 ) ) ;
#3001 = CARTESIAN_POINT ( 'NONE',  ( 19.35259342073110389, -67.36965115182721320, 4.647375304875156488 ) ) ;
#3002 = CARTESIAN_POINT ( 'NONE',  ( 11.89271580238554193, -77.68097998000808957, 6.208465292192633100 ) ) ;
#3003 = CARTESIAN_POINT ( 'NONE',  ( -24.99999999999999645, -60.68097998000808246, 12.50000000000000000 ) ) ;
#3004 = CARTESIAN_POINT ( 'NONE',  ( -21.29494548426048439, -70.94062422791814981, 6.223840044103721603 ) ) ;
#3005 = CARTESIAN_POINT ( 'NONE',  ( -37.55629834251190857, 56.73896420552315334, 24.73556671067408885 ) ) ;
#3006 = EDGE_CURVE ( 'NONE', #5580, #304, #1128, .T. ) ;
#3007 = CARTESIAN_POINT ( 'NONE',  ( -11.89271580238520976, -74.68097998000808957, 18.79153470780751789 ) ) ;
#3008 = ADVANCED_FACE ( 'NONE', ( #4965 ), #5548, .F. ) ;
#3009 = CYLINDRICAL_SURFACE ( 'NONE', #4610, 4.000000000000003553 ) ;
#3010 = ORIENTED_EDGE ( 'NONE', *, *, #7419, .T. ) ;
#3011 = CARTESIAN_POINT ( 'NONE',  ( -0.007630428499740279404, -77.68097998000808957, 23.75165718681244442 ) ) ;
#3012 = DIRECTION ( 'NONE',  ( 1.000000000000000000, 0.000000000000000000, 0.000000000000000000 ) ) ;
#3013 = CARTESIAN_POINT ( 'NONE',  ( -7.747895389472494898, -76.40968599437266562, -0.1519203200185392788 ) ) ;
#3014 = CARTESIAN_POINT ( 'NONE',  ( 21.86567313722191486, -67.00027559352304252, 12.50000000000002487 ) ) ;
#3015 = DIRECTION ( 'NONE',  ( 0.8660254037844381525, -0.5000000000000008882, 0.000000000000000000 ) ) ;
#3016 = CONICAL_SURFACE ( 'NONE', #634, 3.149999999999999911, 0.7853981633974477239 ) ;
#3017 = EDGE_CURVE ( 'NONE', #86, #768, #7647, .T. ) ;
#3018 = CARTESIAN_POINT ( 'NONE',  ( -17.28711727639149132, -61.02057035546275898, 21.43509607468590517 ) ) ;
#3019 = CARTESIAN_POINT ( 'NONE',  ( 21.45495460367103036, -58.68626100954066516, 3.500000000000000000 ) ) ;
#3020 = VERTEX_POINT ( 'NONE', #4929 ) ;
#3021 = CARTESIAN_POINT ( 'NONE',  ( 12.67548763990768812, -72.25451534122018415, 22.84610571473930563 ) ) ;
#3022 = ORIENTED_EDGE ( 'NONE', *, *, #1708, .F. ) ;
#3023 = CARTESIAN_POINT ( 'NONE',  ( 41.87284245155842655, -46.89798796427945149, 3.499999999999999556 ) ) ;
#3024 = CARTESIAN_POINT ( 'NONE',  ( -25.99999999999999645, -74.68097998000808957, 12.50000000000000000 ) ) ;
#3025 = CARTESIAN_POINT ( 'NONE',  ( 10.22766412655832369, -69.79082832815817028, 2.000325208522731657 ) ) ;
#3026 = CARTESIAN_POINT ( 'NONE',  ( -26.00000000000000000, -77.68097998000808957, 11.54475158891635189 ) ) ;
#3027 = DIRECTION ( 'NONE',  ( -1.321694076934710155E-16, 1.000000000000000000, -0.000000000000000000 ) ) ;
#3028 = CARTESIAN_POINT ( 'NONE',  ( 7.635467636035320638, -77.68097998000810378, 29.25913423042994310 ) ) ;
#3029 = ORIENTED_EDGE ( 'NONE', *, *, #5443, .F. ) ;
#3030 = DIRECTION ( 'NONE',  ( -0.000000000000000000, -0.000000000000000000, -1.000000000000000000 ) ) ;
#3031 = CARTESIAN_POINT ( 'NONE',  ( -22.01847730053792773, -72.45596913705496434, 15.61507521449344971 ) ) ;
#3032 = ORIENTED_EDGE ( 'NONE', *, *, #7709, .T. ) ;
#3033 = CARTESIAN_POINT ( 'NONE',  ( -39.99999999999997868, -42.99999999999998579, 7.500000000000000000 ) ) ;
#3034 = CARTESIAN_POINT ( 'NONE',  ( -37.54575535194212677, 56.74170031799426539, 0.2616588851813175798 ) ) ;
#3035 = CARTESIAN_POINT ( 'NONE',  ( -36.07771329643638580, 49.36094737015911704, 21.49936483414511557 ) ) ;
#3036 = ADVANCED_FACE ( 'NONE', ( #6652 ), #2070, .T. ) ;
#3037 = B_SPLINE_CURVE_WITH_KNOTS ( 'NONE', 3,
 ( #7748, #6400, #6437, #3387, #5773, #6522, #484 ),
 .UNSPECIFIED., .F., .F.,
 ( 4, 3, 4 ),
 ( 0.0006899994814325540382, 0.008383980808486662245, 0.01666854682477782179 ),
 .UNSPECIFIED. ) ;
#3038 = CARTESIAN_POINT ( 'NONE',  ( 22.19467755870278936, -61.67099295009835203, 21.03929699607163428 ) ) ;
#3039 = CARTESIAN_POINT ( 'NONE',  ( 15.27812424975100036, -61.28473688166987188, 3.526809579186694688 ) ) ;
#3040 = CARTESIAN_POINT ( 'NONE',  ( 25.82352941176470296, -74.68097998000811799, 11.47483980139332616 ) ) ;
#3041 = CARTESIAN_POINT ( 'NONE',  ( -16.71949844357676085, -74.68097998000808957, 10.21681460760378002 ) ) ;
#3042 = CARTESIAN_POINT ( 'NONE',  ( -20.94756383570941694, -67.07494887407396789, 5.134432792162653136 ) ) ;
#3043 = FACE_OUTER_BOUND ( 'NONE', #6302, .T. ) ;
#3044 = CARTESIAN_POINT ( 'NONE',  ( -11.09144526588892532, -74.68097998000808957, 19.16766594912096622 ) ) ;
#3045 = DIRECTION ( 'NONE',  ( 1.321694076934710155E-16, -1.000000000000000000, 0.000000000000000000 ) ) ;
#3046 = VERTEX_POINT ( 'NONE', #5194 ) ;
#3047 = CARTESIAN_POINT ( 'NONE',  ( -39.99999999999999289, 56.07135982689438691, 12.50000000000000000 ) ) ;
#3048 = CARTESIAN_POINT ( 'NONE',  ( 24.51858991215568295, -77.68097998000808957, 18.32856540893957487 ) ) ;
#3049 = CARTESIAN_POINT ( 'NONE',  ( 40.58571804303892350, -43.09081319951469879, 6.670384459627615170E-18 ) ) ;
#3050 = CARTESIAN_POINT ( 'NONE',  ( -6.825151676534486178, -68.66506452937778704, 1.708124819116800142 ) ) ;
#3051 = CARTESIAN_POINT ( 'NONE',  ( 45.00000000000000000, 42.48381121475496514, 17.50000000000000000 ) ) ;
#3052 = B_SPLINE_CURVE_WITH_KNOTS ( 'NONE', 3,
 ( #4799, #2366, #3541, #7666, #7233, #11, #7154, #4209, #2881, #4681, #5268, #562, #6558, #1775, #641, #4246, #7112, #7745, #3580, #6637, #3459, #5846, #477, #6047, #125, #4321 ),
 .UNSPECIFIED., .F., .F.,
 ( 4, 2, 2, 2, 2, 2, 2, 2, 2, 2, 2, 2, 4 ),
 ( 0.000000000000000000, 0.0008323978398506690643, 0.001248596759776006253, 0.001664795679701343333, 0.002080994599626680413, 0.002497193519552017710, 0.003329591359402697074, 0.003745790279328025697, 0.004161989199253353887, 0.004994387039104002460, 0.005410585959029312435, 0.005826784878954622410, 0.006659182718805251901 ),
 .UNSPECIFIED. ) ;
#3053 = CARTESIAN_POINT ( 'NONE',  ( -0.007630428499740096390, -77.68097998000808957, -0.2483428131875571321 ) ) ;
#3054 = CARTESIAN_POINT ( 'NONE',  ( -19.98704413389292611, -72.57875354981058535, 19.33986497893089762 ) ) ;
#3055 = CARTESIAN_POINT ( 'NONE',  ( 16.12763008922675922, -77.68097998000808957, 9.357240089103676439 ) ) ;
#3056 = ORIENTED_EDGE ( 'NONE', *, *, #1041, .T. ) ;
#3057 = PRESENTATION_LAYER_ASSIGNMENT (  '', '', ( #1045 ) ) ;
#3058 = CARTESIAN_POINT ( 'NONE',  ( 13.81412485273792967, -73.47802650219151133, 22.63344493483528552 ) ) ;
#3059 = ORIENTED_EDGE ( 'NONE', *, *, #6783, .T. ) ;
#3060 = CARTESIAN_POINT ( 'NONE',  ( -16.90074604261702262, -77.68097998000808957, -0.8184484895930218551 ) ) ;
#3061 = CARTESIAN_POINT ( 'NONE',  ( -26.05286915988835972, -78.57975569811023320, 11.60439249103841952 ) ) ;
#3062 = EDGE_CURVE ( 'NONE', #3020, #5720, #6836, .T. ) ;
#3063 = CARTESIAN_POINT ( 'NONE',  ( 10.22432474607242980, -61.87308994540755691, 3.374502953139635775 ) ) ;
#3064 = CARTESIAN_POINT ( 'NONE',  ( -25.00000000000000000, -60.68097998000807536, 25.58304909307513242 ) ) ;
#3065 = CARTESIAN_POINT ( 'NONE',  ( -3.160864686869993445, -78.46065648618757393, 30.13009892554309843 ) ) ;
#3066 = ORIENTED_EDGE ( 'NONE', *, *, #7232, .T. ) ;
#3067 = CARTESIAN_POINT ( 'NONE',  ( -21.40534784611498509, -58.71490148436927115, 18.50035517331978596 ) ) ;
#3068 = CARTESIAN_POINT ( 'NONE',  ( 25.82352941176470651, -74.68097998000811799, 12.49999999999997513 ) ) ;
#3069 = VERTEX_POINT ( 'NONE', #2728 ) ;
#3070 = EDGE_CURVE ( 'NONE', #7051, #548, #4179, .T. ) ;
#3071 = FACE_OUTER_BOUND ( 'NONE', #6498, .T. ) ;
#3072 = CARTESIAN_POINT ( 'NONE',  ( -41.48240055119433833, 55.63519085173204815, 2.663145877958873253 ) ) ;
#3073 = CARTESIAN_POINT ( 'NONE',  ( 22.01694537661062512, -74.68097998000808957, 21.80829409305178856 ) ) ;
#3074 = CARTESIAN_POINT ( 'NONE',  ( 46.75000000000003553, -44.08215974080651023, 12.50000000000000000 ) ) ;
#3075 = ORIENTED_EDGE ( 'NONE', *, *, #3607, .F. ) ;
#3076 = CARTESIAN_POINT ( 'NONE',  ( 19.13994069063506842, -74.68097998000806115, 5.199333254285527950 ) ) ;
#3077 = CARTESIAN_POINT ( 'NONE',  ( 16.15487841011783843, -70.55361060712034771, 3.614262275695446558 ) ) ;
#3078 = CARTESIAN_POINT ( 'NONE',  ( -4.857460020034343628, -77.68097998000808957, 4.030823476627345414 ) ) ;
#3079 = CARTESIAN_POINT ( 'NONE',  ( -16.76641873430311236, -74.68097998000811799, 10.30112033786850567 ) ) ;
#3080 = CARTESIAN_POINT ( 'NONE',  ( -21.70874116689647693, -74.74032733116661120, 7.754211999203456607 ) ) ;
#3081 = CYLINDRICAL_SURFACE ( 'NONE', #4990, 2.500000000000002220 ) ;
#3082 = CARTESIAN_POINT ( 'NONE',  ( 0.9169528873832551996, -74.68097998000808957, 21.35050488399557267 ) ) ;
#3083 = DIRECTION ( 'NONE',  ( -0.000000000000000000, 1.000000000000000000, -0.000000000000000000 ) ) ;
#3084 = VECTOR ( 'NONE', #6674, 1000.000000000000000 ) ;
#3085 = VERTEX_POINT ( 'NONE', #1155 ) ;
#3086 = CARTESIAN_POINT ( 'NONE',  ( 25.00000000000000000, -60.68097998000806825, 22.91666666666667851 ) ) ;
#3087 = CARTESIAN_POINT ( 'NONE',  ( 25.04793644628120219, -58.40486459085619941, 25.92627091680839868 ) ) ;
#3088 = CARTESIAN_POINT ( 'NONE',  ( -13.81412485273790836, -73.47802650219126974, 2.366555065164749116 ) ) ;
#3089 = FACE_OUTER_BOUND ( 'NONE', #311, .T. ) ;
#3090 = DIRECTION ( 'NONE',  ( 1.000000000000000000, 0.000000000000000000, 0.000000000000000000 ) ) ;
#3091 = CARTESIAN_POINT ( 'NONE',  ( -18.72968222534421301, -74.18162999984497219, 20.10241845215857381 ) ) ;
#3092 = CARTESIAN_POINT ( 'NONE',  ( 15.21300846162374576, -74.68097998000808957, 8.399900304637194282 ) ) ;
#3093 = CARTESIAN_POINT ( 'NONE',  ( 17.81899058750206777, -70.31177850708525057, 20.70302799824623463 ) ) ;
#3094 = VERTEX_POINT ( 'NONE', #7075 ) ;
#3095 = CARTESIAN_POINT ( 'NONE',  ( -37.27247820072955165, 56.81221332143697111, 21.30107571975630520 ) ) ;
#3096 = CARTESIAN_POINT ( 'NONE',  ( -24.98891076837313463, -58.40486459085620652, 23.68205322983630978 ) ) ;
#3097 = CARTESIAN_POINT ( 'NONE',  ( 8.089018239127073073, -69.91397567847435823, 1.566009693047218487 ) ) ;
#3098 = CARTESIAN_POINT ( 'NONE',  ( -25.99999999999999645, -77.68097998000810378, 13.45524841108365877 ) ) ;
#3099 = CARTESIAN_POINT ( 'NONE',  ( 1.556906051385461343, -77.68097998000810378, 30.00000000000000355 ) ) ;
#3100 = DIRECTION ( 'NONE',  ( -0.000000000000000000, -0.000000000000000000, -1.000000000000000000 ) ) ;
#3101 = EDGE_CURVE ( 'NONE', #262, #2072, #3138, .T. ) ;
#3102 = EDGE_CURVE ( 'NONE', #4221, #3918, #6221, .T. ) ;
#3103 = EDGE_LOOP ( 'NONE', ( #4890, #459, #3066, #4313, #3022 ) ) ;
#3104 = CARTESIAN_POINT ( 'NONE',  ( 16.72396339815527355, -77.68097998000808957, 14.77725151686962590 ) ) ;
#3105 = CARTESIAN_POINT ( 'NONE',  ( -21.51242442404263500, -58.43724795388580873, 24.54647319745252076 ) ) ;
#3106 = ORIENTED_EDGE ( 'NONE', *, *, #608, .T. ) ;
#3107 = DIRECTION ( 'NONE',  ( 0.000000000000000000, 0.000000000000000000, 1.000000000000000000 ) ) ;
#3108 = CARTESIAN_POINT ( 'NONE',  ( -22.31747927760338612, -74.68097998000811799, 12.49999999999999467 ) ) ;
#3109 = CARTESIAN_POINT ( 'NONE',  ( -24.99999999999998934, -60.68097998000807536, 25.00000000000000000 ) ) ;
#3110 = EDGE_CURVE ( 'NONE', #2453, #899, #2924, .T. ) ;
#3111 = AXIS2_PLACEMENT_3D ( 'NONE', #3669, #3083, #134 ) ;
#3112 = CARTESIAN_POINT ( 'NONE',  ( -4.932654410398860101, -74.68097998000810378, -0.1718135773100463726 ) ) ;
#3113 = VECTOR ( 'NONE', #5419, 1000.000000000000000 ) ;
#3114 = CARTESIAN_POINT ( 'NONE',  ( 12.09388970174419242, -60.33425290269605767, 3.532086152922432998 ) ) ;
#3115 = CARTESIAN_POINT ( 'NONE',  ( -36.82479628086521473, 51.86257505532521606, 3.584314859508971107 ) ) ;
#3116 = DIRECTION ( 'NONE',  ( -1.000000000000000000, 0.000000000000000000, 0.000000000000000000 ) ) ;
#3117 = CARTESIAN_POINT ( 'NONE',  ( -36.79999999999998295, 50.00000000000000711, 0.000000000000000000 ) ) ;
#3118 = CARTESIAN_POINT ( 'NONE',  ( 25.65675877019941353, -77.68097998000808957, 9.665701311037965482 ) ) ;
#3119 = CARTESIAN_POINT ( 'NONE',  ( 21.70351098139956747, -64.24351894454318312, 12.50000000000000178 ) ) ;
#3120 = CIRCLE ( 'NONE', #489, 2.499999999999995115 ) ;
#3121 = CARTESIAN_POINT ( 'NONE',  ( -35.99999999999997868, -41.57723895259432112, 7.500000000000000000 ) ) ;
#3122 = ORIENTED_EDGE ( 'NONE', *, *, #5799, .F. ) ;
#3123 = FACE_OUTER_BOUND ( 'NONE', #2232, .T. ) ;
#3124 = CARTESIAN_POINT ( 'NONE',  ( 41.80000000000000426, 35.00000000000000711, 0.000000000000000000 ) ) ;
#3125 = CARTESIAN_POINT ( 'NONE',  ( 24.98891076837313463, -58.40486459085619231, 23.68205322983632755 ) ) ;
#3126 = CARTESIAN_POINT ( 'NONE',  ( -11.86602652514693546, -73.62905334474466201, 1.625888798668356339 ) ) ;
#3127 = AXIS2_PLACEMENT_3D ( 'NONE', #7504, #2083, #4513 ) ;
#3128 = CARTESIAN_POINT ( 'NONE',  ( 21.49160088703866833, -69.39155777118779156, 5.054332499170354431 ) ) ;
#3129 = CARTESIAN_POINT ( 'NONE',  ( 16.77618712260964884, -77.68097998000808957, 14.68277962994319985 ) ) ;
#3130 = CARTESIAN_POINT ( 'NONE',  ( -20.11894675680563793, -68.55372126862255300, 19.87845177918299910 ) ) ;
#3131 = VECTOR ( 'NONE', #3477, 1000.000000000000114 ) ;
#3132 = CARTESIAN_POINT ( 'NONE',  ( -7.018082754723781846, -74.68097998000808957, 4.454519683243820083 ) ) ;
#3133 = CARTESIAN_POINT ( 'NONE',  ( 17.45018966863414533, -63.66718018237921228, 21.17413290364043021 ) ) ;
#3134 = ORIENTED_EDGE ( 'NONE', *, *, #263, .F. ) ;
#3135 = CARTESIAN_POINT ( 'NONE',  ( 43.49481736246190877, 37.57239102542846609, 0.5805091805388017390 ) ) ;
#3136 = CARTESIAN_POINT ( 'NONE',  ( -24.86611085946165645, -58.40486459085620652, 10.26562834597239871 ) ) ;
#3137 = CARTESIAN_POINT ( 'NONE',  ( 2.100643855524075843, -63.64852072924519177, 2.785923495433944463 ) ) ;
#3138 = CIRCLE ( 'NONE', #1753, 1.700000000000000178 ) ;
#3139 = CARTESIAN_POINT ( 'NONE',  ( -36.79999999999998295, 50.00000000000000711, 12.50000000000000000 ) ) ;
#3140 = CARTESIAN_POINT ( 'NONE',  ( -10.46332772291167501, -77.68097998000810378, 28.55247596054727310 ) ) ;
#3141 = DIRECTION ( 'NONE',  ( -0.000000000000000000, -0.000000000000000000, -1.000000000000000000 ) ) ;
#3142 = ORIENTED_EDGE ( 'NONE', *, *, #123, .F. ) ;
#3143 = CARTESIAN_POINT ( 'NONE',  ( 16.18451032361781472, -77.68097998000808957, 15.58668532851837440 ) ) ;
#3144 = CARTESIAN_POINT ( 'NONE',  ( -38.49999999999999289, -44.31902001999193175, 18.02146305234685286 ) ) ;
#3145 = VERTEX_POINT ( 'NONE', #4648 ) ;
#3146 = LINE ( 'NONE', #6634, #2865 ) ;
#3147 = EDGE_CURVE ( 'NONE', #4818, #7541, #2295, .T. ) ;
#3148 = CARTESIAN_POINT ( 'NONE',  ( 17.20724681663267930, -74.68097998000807536, 11.27115676130360633 ) ) ;
#3149 = CARTESIAN_POINT ( 'NONE',  ( 40.50000000000001421, -51.73205080756899576, 0.000000000000000000 ) ) ;
#3150 = CARTESIAN_POINT ( 'NONE',  ( -17.86907151464183841, -74.68097998000810378, 0.1834256247319702160 ) ) ;
#3151 = CARTESIAN_POINT ( 'NONE',  ( 12.73566226850415894, -65.60707555774639843, 3.127650300470803391 ) ) ;
#3152 = CARTESIAN_POINT ( 'NONE',  ( 16.52603377690035558, -77.68097998000808957, 9.892701233337554356 ) ) ;
#3153 = EDGE_CURVE ( 'NONE', #2824, #6228, #3587, .T. ) ;
#3154 = CARTESIAN_POINT ( 'NONE',  ( -0.007630428499740096390, -74.68097998000808957, 22.25165718681244442 ) ) ;
#3155 = DIRECTION ( 'NONE',  ( 0.000000000000000000, 0.000000000000000000, 1.000000000000000000 ) ) ;
#3156 = CARTESIAN_POINT ( 'NONE',  ( -40.19999999999998153, -44.31902001999193175, 17.00000000000000000 ) ) ;
#3157 = CARTESIAN_POINT ( 'NONE',  ( -0.007630428499740279404, -74.68097998000808957, 1.251657186812441980 ) ) ;
#3158 = CARTESIAN_POINT ( 'NONE',  ( -25.77095710534897322, -77.68097998000807536, 14.86617388146672170 ) ) ;
#3159 = ORIENTED_EDGE ( 'NONE', *, *, #2663, .F. ) ;
#3160 = CARTESIAN_POINT ( 'NONE',  ( 44.22943372865398715, 32.59930559120692806, 19.88156798545016457 ) ) ;
#3161 = CARTESIAN_POINT ( 'NONE',  ( 25.88303243258905439, -77.68097998000807536, 14.41041209536786916 ) ) ;
#3162 = CARTESIAN_POINT ( 'NONE',  ( -12.02346287270559344, -41.57723895259432112, 3.500000000000000000 ) ) ;
#3163 = CARTESIAN_POINT ( 'NONE',  ( -11.40327644274168861, -63.08471736848626676, 3.268014778155110989 ) ) ;
#3164 = CARTESIAN_POINT ( 'NONE',  ( 21.52623737368726964, -72.09404204058934340, 6.304964356366618006 ) ) ;
#3165 = CARTESIAN_POINT ( 'NONE',  ( 17.39766108894289687, -77.68097998000808957, 13.29572150542254327 ) ) ;
#3166 = CARTESIAN_POINT ( 'NONE',  ( 41.60290671860215639, 36.63603834931623737, 3.544060516401268401 ) ) ;
#3167 = CARTESIAN_POINT ( 'NONE',  ( -12.57260239942579183, -64.28997208145568720, 21.76435597102899067 ) ) ;
#3168 = CARTESIAN_POINT ( 'NONE',  ( 10.68616235950719684, -74.68097998000808957, 5.658159965768035704 ) ) ;
#3169 = CARTESIAN_POINT ( 'NONE',  ( 16.29582183645264237, -71.87545129961075929, 21.40912051044075781 ) ) ;
#3170 = ORIENTED_EDGE ( 'NONE', *, *, #795, .F. ) ;
#3171 = CARTESIAN_POINT ( 'NONE',  ( -36.51751300508323084, 57.00290438323074227, 21.47470639710599727 ) ) ;
#3172 = CARTESIAN_POINT ( 'NONE',  ( -24.64196912394494987, -77.68097998000808957, 18.08180698536105169 ) ) ;
#3173 = EDGE_CURVE ( 'NONE', #5817, #1767, #997, .T. ) ;
#3174 = CARTESIAN_POINT ( 'NONE',  ( 5.982619982725013053, -71.29034811191191068, 0.9007568205527732852 ) ) ;
#3175 = CARTESIAN_POINT ( 'NONE',  ( 21.37334883214525405, -58.63076240721981236, 14.50610314969503634 ) ) ;
#3176 = CARTESIAN_POINT ( 'NONE',  ( 20.29450952261449004, -77.68097998000806115, 23.47366074862151564 ) ) ;
#3177 = CARTESIAN_POINT ( 'NONE',  ( -24.64196912394494987, -77.68097998000808957, 18.08180698536105169 ) ) ;
#3178 = AXIS2_PLACEMENT_3D ( 'NONE', #5997, #3605, #625 ) ;
#3179 = VERTEX_POINT ( 'NONE', #3003 ) ;
#3180 = CARTESIAN_POINT ( 'NONE',  ( 16.87180702193326454, -77.68097998000808957, 14.48864745459707848 ) ) ;
#3181 = CARTESIAN_POINT ( 'NONE',  ( -14.20351202541198710, -60.68097998001152860, 3.500000000000000000 ) ) ;
#3182 = ORIENTED_EDGE ( 'NONE', *, *, #1698, .F. ) ;
#3183 = CARTESIAN_POINT ( 'NONE',  ( 41.82479628086522894, 36.86257505532521606, 21.41568514049103200 ) ) ;
#3184 = CARTESIAN_POINT ( 'NONE',  ( 25.99999999999998934, -74.68097998000808957, 11.46570928387037824 ) ) ;
#3185 = ORIENTED_EDGE ( 'NONE', *, *, #6046, .T. ) ;
#3186 = CARTESIAN_POINT ( 'NONE',  ( -21.45495460367103391, -58.68626100954069358, 3.499999999999997335 ) ) ;
#3187 = CARTESIAN_POINT ( 'NONE',  ( -38.56706622681629426, 52.50194933155761134, 4.428196311628382453 ) ) ;
#3188 = AXIS2_PLACEMENT_3D ( 'NONE', #5157, #5118, #7520 ) ;
#3189 = CARTESIAN_POINT ( 'NONE',  ( -16.96118118371595074, -74.68097998000808957, 10.71151769340364979 ) ) ;
#3190 = CARTESIAN_POINT ( 'NONE',  ( -36.32750855806377643, -46.54582101350518997, 0.04210432381487143327 ) ) ;
#3191 = DIRECTION ( 'NONE',  ( 1.330321911110254761E-16, -1.000000000000000000, 0.000000000000000000 ) ) ;
#3192 = EDGE_CURVE ( 'NONE', #1255, #5489, #5390, .T. ) ;
#3193 = EDGE_CURVE ( 'NONE', #1255, #57, #4, .T. ) ;
#3194 = CARTESIAN_POINT ( 'NONE',  ( 19.70145298269380163, -60.08850364132560173, -0.1239266730901794344 ) ) ;
#3195 = EDGE_LOOP ( 'NONE', ( #2157, #7176, #3536, #3920 ) ) ;
#3196 = CARTESIAN_POINT ( 'NONE',  ( 21.84978241376886388, -77.68097998000808957, 3.014867397376943536 ) ) ;
#3197 = CARTESIAN_POINT ( 'NONE',  ( -36.79999999999999005, 50.00000000000000711, 17.00000000000000000 ) ) ;
#3198 = CARTESIAN_POINT ( 'NONE',  ( -13.62433632872948941, -72.16908287828449886, 2.500513760388815676 ) ) ;
#3199 = CARTESIAN_POINT ( 'NONE',  ( -22.01694537661039419, -74.68097998000808957, 3.191705906947974736 ) ) ;
#3200 = B_SPLINE_SURFACE_WITH_KNOTS ( 'NONE', 3, 3, ( 
 ( #2050, #5035, #5073, #917, #4438, #7515, #877, #5112, #6955, #2644, #324, #3936, #3312 ),
 ( #6320, #7471, #2803, #955, #1577, #1033, #3974, #2766, #2091, #2213, #5699, #6360, #3348 ),
 ( #6834, #4603, #5152, #5735, #7551, #1453, #6238, #3270, #2725, #995, #402, #5192, #4013 ),
 ( #4478, #5659, #6399, #3422, #283, #6874, #1495, #3896, #6281, #5894, #4725, #1655, #1188 ),
 ( #7747, #440, #3583, #1735, #5388, #2330, #4171, #7711, #2253, #13, #4091, #565, #1112 ),
 ( #1070, #2409, #524, #601, #1228, #7116, #3001, #5936, #5975, #2922, #4135, #6521, #1691 ),
 ( #2963, #1778, #7072, #6562, #4802, #7195, #6473, #6602, #3505, #1818, #4212, #5808, #5310 ),
 ( #1153, #4763, #2842, #5229, #3545, #5348, #2369, #7156, #7034, #5272, #7629, #4646, #483 ),
 ( #4052, #6436, #3462, #5849, #2885, #7669, #2292, #4686, #7277, #1481, #5095, #268, #7236 ),
 ( #4917, #6049, #3883, #6858, #3077, #4323, #3296, #5463, #3699, #7453, #7496, #3039, #4842 ),
 ( #6266, #6119, #2520, #1854, #903, #88, #2708, #2482, #2076, #3663, #6013, #1890, #5684 ),
 ( #4881, #49, #4462, #7312, #305, #6901, #1334, #760, #2117, #718, #1929, #4252, #4507 ),
 ( #4287, #6714, #3737, #3623, #5426, #2444, #5537, #644, #3151, #6640, #1263, #682, #3114 ),
 ( #6676, #1298, #5501, #1677, #5833, #2198, #7056, #939, #345, #4589, #3998, #5139, #4075 ),
 ( #3487, #2158, #7098, #7179, #5999, #7773, #1800, #6586, #6542, #1877, #627, #3063, #111 ),
 ( #7218, #1762, #6663, #2394, #6036, #3025, #4786, #3527, #3685, #4234, #5413, #6626, #6502 ),
 ( #1137, #4195, #4824, #1840, #1252, #3649, #2947, #5959, #5917, #5448, #2465, #705, #2506 ),
 ( #4862, #7258, #1213, #4273, #5333, #3097, #3608, #588, #5484, #4115, #546, #7733, #2351 ),
 ( #4748, #7140, #4157, #5371, #6104, #4977, #257, #2620, #6810, #7298, #2658, #816, #4451 ),
 ( #3832, #4415, #853, #4382, #3174, #6774, #6141, #5524, #149, #6846, #7373, #7441, #294 ),
 ( #2063, #5011, #5047, #1988, #3210, #1394, #782, #6698, #7407, #3248, #5559, #5635, #1467 ),
 ( #3798, #5593, #3869, #2543, #4943, #2025, #1430, #6177, #6213, #6253, #891, #218, #3283 ),
 ( #4309, #1914, #1952, #185, #1320, #5671, #7337, #4903, #3720, #742, #3137, #4346, #2580 ),
 ( #6736, #1358, #3761, #1589, #4026, #3475, #6411, #2816, #5127, #2266, #3360, #1629, #3988 ),
 ( #6889, #7046, #7604, #6374, #2225, #2103, #3910, #4493, #5167, #5785, #1010, #4618, #5203 ),
 ( #6930, #1508, #1047, #3399, #4659, #5862, #415, #7009, #455, #2779, #3435, #6293, #5820 ),
 ( #2147, #2854, #5242, #7643, #929, #3324, #1667, #4065, #6449, #5086, #1083, #5712, #7565 ),
 ( #2698, #7485, #336, #2738, #7529, #4533, #6968, #1548, #4574, #3948, #6333, #968, #5748 ),
 ( #2188, #378, #7129, #5905, #2975, #7208, #6532, #1162, #4184, #7682, #537, #7167, #1276 ),
 ( #7247, #2935, #5323, #4264, #3517, #1867, #6575, #1790, #4776, #1201, #5437, #1125, #7724 ),
 ( #3013, #3597, #5987, #4813, #5400, #613, #3050, #6613, #1829, #2342, #6653, #5360, #656 ),
 ( #3674, #3557, #2304, #7761, #4738, #2381, #4224, #497, #576, #25, #5947, #2420, #1240 ),
 ( #3638, #1750, #6025, #61, #4146, #2457, #4853, #2897, #4699, #1705, #5283, #7086, #4102 ),
 ( #6489, #1420, #2533, #5038, #4930, #2016, #6095, #695, #4334, #248, #7397, #7361, #3749 ),
 ( #208, #1456, #3126, #6061, #2648, #2606, #1345, #1976, #100, #3788, #4371, #1384, #6166 ),
 ( #6764, #6725, #3822, #5622, #6131, #7431, #2053, #4442, #1941, #772, #3163, #730, #807 ),
 ( #5515, #6837, #3088, #3198, #5584, #5000, #4405, #6801, #5549, #174, #2568, #7325, #6687 ),
 ( #5475, #4966, #841, #2496, #6203, #3235, #4893, #7289, #1904, #4299, #1309, #3710, #139 ),
 ( #7595, #5115, #2216, #6402, #1036, #7518, #4649, #4523, #7632, #4017, #444, #3939, #3857 ),
 ( #2806, #3425, #2257, #1539, #2175, #4564, #6363, #5076, #3315, #2769, #3977, #6284, #2845 ),
 ( #6323, #3351, #1498, #369, #2094, #6998, #327, #5232, #2729, #4606, #3899, #6241, #2136 ),
 ( #7475, #6920, #286, #5195, #7554, #5811, #7038, #1580, #1000, #1620, #958, #5155, #4481 ),
 ( #6958, #5702, #3389, #5775, #880, #5662, #2687, #405, #3273, #6877, #920, #5739, #2888 ),
 ( #4805, #7159, #3588, #4055, #7198, #5351, #1231, #5939, #16, #3548, #5852, #3626, #7714 ),
 ( #4728, #4138, #6565, #527, #7076, #6524, #604, #2333, #7119, #7750, #1073, #1694, #568 ),
 ( #2372, #647, #4094, #6476, #5429, #4690, #3042, #4766, #2967, #1781, #4174, #6606, #2296 ),
 ( #1738, #1658, #1156, #3004, #4216, #52, #1191, #5978, #5391, #2412, #5275, #1115, #1821 ),
 ( #3508, #2447, #6016, #4845, #6439, #5897, #3465, #7672, #2925, #486, #5314, #4994, #834 ),
 ( #3080, #6791, #763, #1893, #7390, #2597, #6679, #165, #1412, #1301, #7315, #3778, #3226 ) ),
 .UNSPECIFIED., .F., .F., .F.,
 ( 4, 3, 3, 3, 3, 3, 3, 3, 3, 3, 3, 3, 3, 3, 3, 3, 4 ),
 ( 4, 3, 3, 3, 4 ),
 ( 0.01342630494355955169, 0.07424801682561470162, 0.1350697287076698394, 0.1958914405897249633, 0.2567131524717801150, 0.3175348643538352666, 0.3783565762358903628, 0.4391782881179455145, 0.5000000000000006661, 0.5608217118820557623, 0.6216434237641109695, 0.6824651356461661766, 0.7432868475282212728, 0.8041085594102763690, 0.8649302712923315761, 0.9257519831743867833, 0.9865736950564418795 ),
 ( 0.1269927996743389631, 0.3536997493305225060, 0.5804066989867060489, 0.8071136486428895918, 1.033820598299073135 ),
 .UNSPECIFIED. ) ;
#3201 = DIRECTION ( 'NONE',  ( -1.000000000000000000, 0.000000000000000000, 0.000000000000000000 ) ) ;
#3202 = CARTESIAN_POINT ( 'NONE',  ( -14.99220808540342453, -68.02760039274684800, 21.62530888277269980 ) ) ;
#3203 = AXIS2_PLACEMENT_3D ( 'NONE', #2594, #470, #4551 ) ;
#3204 = EDGE_CURVE ( 'NONE', #5720, #7690, #4131, .T. ) ;
#3205 = CARTESIAN_POINT ( 'NONE',  ( -6.160766860776319298, -77.68097998000808957, 4.261807846291757684 ) ) ;
#3206 = CARTESIAN_POINT ( 'NONE',  ( 16.02352640557767316, -69.22993057653771132, 21.37199265327977926 ) ) ;
#3207 = ORIENTED_EDGE ( 'NONE', *, *, #1557, .F. ) ;
#3208 = FACE_OUTER_BOUND ( 'NONE', #2941, .T. ) ;
#3209 = CARTESIAN_POINT ( 'NONE',  ( -25.00000000000000000, -60.68097998000806825, 16.66666666666667851 ) ) ;
#3210 = CARTESIAN_POINT ( 'NONE',  ( 4.808524193031095351, -71.32082310411531978, 0.7531337959999967469 ) ) ;
#3211 = VECTOR ( 'NONE', #6766, 1000.000000000000000 ) ;
#3212 = CARTESIAN_POINT ( 'NONE',  ( 22.05735877155654023, -71.14719324687743551, 14.78865054300544202 ) ) ;
#3213 = CARTESIAN_POINT ( 'NONE',  ( 24.31447694444712937, -77.68097998000808957, 18.73679134435669980 ) ) ;
#3214 = CARTESIAN_POINT ( 'NONE',  ( -22.31747927760338612, -74.68097998000811799, 12.49999999999999467 ) ) ;
#3215 = ORIENTED_EDGE ( 'NONE', *, *, #5228, .F. ) ;
#3216 = CARTESIAN_POINT ( 'NONE',  ( 16.44962808176726199, -77.68097998000808957, 15.24184282572404925 ) ) ;
#3217 = CARTESIAN_POINT ( 'NONE',  ( 40.50000000000000000, 34.03953136438509119, 0.000000000000000000 ) ) ;
#3218 = VERTEX_POINT ( 'NONE', #1737 ) ;
#3219 = CARTESIAN_POINT ( 'NONE',  ( -43.07405225946251903, 55.13802704577690861, 5.371093096724131932 ) ) ;
#3220 = CARTESIAN_POINT ( 'NONE',  ( -23.96113957846803189, -78.46065648618760235, 5.849632616300119992 ) ) ;
#3221 = CARTESIAN_POINT ( 'NONE',  ( 25.99999999999999645, -77.68097998000808957, 12.49999999999999822 ) ) ;
#3222 = EDGE_LOOP ( 'NONE', ( #789, #7145, #1122 ) ) ;
#3223 = CARTESIAN_POINT ( 'NONE',  ( -21.61464733046744158, -74.68097998000808957, 7.613070865666383469 ) ) ;
#3224 = PLANE ( 'NONE',  #3127 ) ;
#3225 = CARTESIAN_POINT ( 'NONE',  ( -12.80261708680372656, -74.68097998000807536, 6.698587553601337952 ) ) ;
#3226 = CARTESIAN_POINT ( 'NONE',  ( -24.39420752376032198, -58.85695899862250968, 3.049175374093068935 ) ) ;
#3227 = CARTESIAN_POINT ( 'NONE',  ( -17.56915918334685145, -74.68097998000808957, 12.90562719540166725 ) ) ;
#3228 = AXIS2_PLACEMENT_3D ( 'NONE', #7042, #1662, #4061 ) ;
#3229 = CARTESIAN_POINT ( 'NONE',  ( -43.49999999999999289, -22.68097998000809312, 16.50000000000000000 ) ) ;
#3230 = VECTOR ( 'NONE', #6062, 1000.000000000000000 ) ;
#3231 = ORIENTED_EDGE ( 'NONE', *, *, #6255, .T. ) ;
#3232 = CARTESIAN_POINT ( 'NONE',  ( 43.91681784657456689, 32.53269080068915997, 20.24179698722871734 ) ) ;
#3233 = FACE_OUTER_BOUND ( 'NONE', #3492, .T. ) ;
#3234 = CARTESIAN_POINT ( 'NONE',  ( 26.05286915988836682, -78.57975569811023320, 13.39560750896157870 ) ) ;
#3235 = CARTESIAN_POINT ( 'NONE',  ( -14.21908382397404047, -69.45547048402637813, 3.039206047026405066 ) ) ;
#3236 = DIRECTION ( 'NONE',  ( -0.000000000000000000, -0.000000000000000000, -1.000000000000000000 ) ) ;
#3237 = PRODUCT_DEFINITION ( 'UNKNOWN', '', #5461, #2646 ) ;
#3238 = ADVANCED_FACE ( 'NONE', ( #15 ), #7749, .F. ) ;
#3239 = AXIS2_PLACEMENT_3D ( 'NONE', #1894, #6088, #722 ) ;
#3240 = DIRECTION ( 'NONE',  ( 0.000000000000000000, 0.000000000000000000, -1.000000000000000000 ) ) ;
#3241 = CARTESIAN_POINT ( 'NONE',  ( -15.14727413305063131, -59.96328572989733630, 21.52441126122116088 ) ) ;
#3242 = CARTESIAN_POINT ( 'NONE',  ( 16.85400159180974100, -77.68097998000808957, 10.47273313003709738 ) ) ;
#3243 = CARTESIAN_POINT ( 'NONE',  ( 21.23801335705641335, -61.80201159624178331, 21.08330547543059552 ) ) ;
#3244 = ORIENTED_EDGE ( 'NONE', *, *, #6657, .T. ) ;
#3245 = AXIS2_PLACEMENT_3D ( 'NONE', #1200, #7166, #7642 ) ;
#3246 = LINE ( 'NONE', #6808, #1802 ) ;
#3247 = CARTESIAN_POINT ( 'NONE',  ( -21.37334883214525405, -58.63076240721984078, 12.50000000000000178 ) ) ;
#3248 = CARTESIAN_POINT ( 'NONE',  ( 4.290821192239030246, -64.87981377176309650, 2.495091134019804091 ) ) ;
#3249 = EDGE_CURVE ( 'NONE', #7447, #5301, #4936, .T. ) ;
#3250 = CARTESIAN_POINT ( 'NONE',  ( 21.84127280223649947, -74.95842917117751369, 16.56481704357531370 ) ) ;
#3251 = CARTESIAN_POINT ( 'NONE',  ( -21.37918666975486559, -58.73000564658311617, 12.49999999999999645 ) ) ;
#3252 = VECTOR ( 'NONE', #5979, 1000.000000000000000 ) ;
#3253 = DIRECTION ( 'NONE',  ( 1.000000000000000000, 0.000000000000000000, -0.000000000000000000 ) ) ;
#3254 = ORIENTED_EDGE ( 'NONE', *, *, #408, .F. ) ;
#3255 = VERTEX_POINT ( 'NONE', #2411 ) ;
#3256 = CARTESIAN_POINT ( 'NONE',  ( 44.53145831704463120, 33.19704757086505964, 1.086915341121202472 ) ) ;
#3257 = ORIENTED_EDGE ( 'NONE', *, *, #6941, .T. ) ;
#3258 = CARTESIAN_POINT ( 'NONE',  ( 41.00000000000000711, 35.00000000000000711, 21.50000000000000000 ) ) ;
#3259 = CARTESIAN_POINT ( 'NONE',  ( -18.75614490102388743, -78.46065648618757393, 0.2329463050484503750 ) ) ;
#3260 = LINE ( 'NONE', #1522, #4330 ) ;
#3261 = ORIENTED_EDGE ( 'NONE', *, *, #7185, .T. ) ;
#3262 = CARTESIAN_POINT ( 'NONE',  ( -35.99999999999999289, 50.00000000000000711, 21.50000000000000000 ) ) ;
#3263 = CARTESIAN_POINT ( 'NONE',  ( -39.99999999999999289, 52.00000000000001421, 7.500000000000000000 ) ) ;
#3264 = CARTESIAN_POINT ( 'NONE',  ( 5.080481734550547301, -74.68097998000811799, 4.071106073022441763 ) ) ;
#3265 = EDGE_CURVE ( 'NONE', #7321, #2902, #7272, .T. ) ;
#3266 = CARTESIAN_POINT ( 'NONE',  ( -2.202768498277683396, -66.21969019301744197, 22.95751256132795604 ) ) ;
#3267 = CARTESIAN_POINT ( 'NONE',  ( 43.50000000000000000, -44.99999999999999289, 3.499999999999999556 ) ) ;
#3268 = CARTESIAN_POINT ( 'NONE',  ( 25.00000000000000000, -60.68097998000807536, 0.000000000000000000 ) ) ;
#3269 = EDGE_LOOP ( 'NONE', ( #6304, #4608, #5316, #5143 ) ) ;
#3270 = CARTESIAN_POINT ( 'NONE',  ( 21.87108249875907973, -65.60092674490076092, 5.054285436626193118 ) ) ;
#3271 = CARTESIAN_POINT ( 'NONE',  ( 25.05344282515679311, -58.40486459085619941, -1.135629170736659921 ) ) ;
#3272 = CARTESIAN_POINT ( 'NONE',  ( 41.32187346424503716, 33.76239573558405027, 3.511982654841743656 ) ) ;
#3273 = CARTESIAN_POINT ( 'NONE',  ( -18.43926551569433059, -64.85166717333464703, 4.106606694777409139 ) ) ;
#3274 = CARTESIAN_POINT ( 'NONE',  ( -43.50000000000000000, 55.00000000000000711, 17.00000000000000000 ) ) ;
#3275 = CARTESIAN_POINT ( 'NONE',  ( 42.20919598196371680, 37.14684672917515229, 3.684743140388063498 ) ) ;
#3276 = CARTESIAN_POINT ( 'NONE',  ( -14.01195604400239425, -74.78477465005468616, 22.77149664751692626 ) ) ;
#3277 = CARTESIAN_POINT ( 'NONE',  ( 17.03494416879694029, -77.68097998000808957, 10.87713160793255796 ) ) ;
#3278 = CARTESIAN_POINT ( 'NONE',  ( 21.01362485803129942, -73.64903156312652754, 18.32079992438381311 ) ) ;
#3279 = VECTOR ( 'NONE', #6092, 1000.000000000000000 ) ;
#3280 = VERTEX_POINT ( 'NONE', #4958 ) ;
#3281 = CARTESIAN_POINT ( 'NONE',  ( -4.307310632735958933, -77.68097998000808957, 29.77348748227709052 ) ) ;
#3282 = CARTESIAN_POINT ( 'NONE',  ( 40.50000000000001421, -43.35855138437697320, 0.000000000000000000 ) ) ;
#3283 = CARTESIAN_POINT ( 'NONE',  ( 3.011440608509762029, -61.04343902621581464, 3.532198174927324796 ) ) ;
#3284 = CARTESIAN_POINT ( 'NONE',  ( 16.51480617177318777, -74.68097998000811799, 15.15820317393233019 ) ) ;
#3285 = CARTESIAN_POINT ( 'NONE',  ( 21.95376938277125234, -71.07245120821960427, 15.92652482287896731 ) ) ;
#3286 = CARTESIAN_POINT ( 'NONE',  ( 23.04525864944430680, -78.46065648618760235, 20.56612288739501437 ) ) ;
#3287 = CARTESIAN_POINT ( 'NONE',  ( -22.01627518401573624, -69.56051038901807715, 12.50000000000000000 ) ) ;
#3288 = FACE_BOUND ( 'NONE', #4506, .T. ) ;
#3289 = ORIENTED_EDGE ( 'NONE', *, *, #3249, .T. ) ;
#3290 = EDGE_CURVE ( 'NONE', #5678, #1767, #3701, .T. ) ;
#3291 = EDGE_CURVE ( 'NONE', #7017, #1415, #232, .T. ) ;
#3292 = CARTESIAN_POINT ( 'NONE',  ( 8.256662136074503167, -71.20770582434722940, 23.72185343692456172 ) ) ;
#3293 = VERTEX_POINT ( 'NONE', #3625 ) ;
#3294 = DIRECTION ( 'NONE',  ( -0.000000000000000000, -0.000000000000000000, -1.000000000000000000 ) ) ;
#3295 = ORIENTED_EDGE ( 'NONE', *, *, #4105, .T. ) ;
#3296 = CARTESIAN_POINT ( 'NONE',  ( 15.89699099475413924, -67.90561655687793063, 3.628881381157467612 ) ) ;
#3297 = CARTESIAN_POINT ( 'NONE',  ( 42.20582925616533032, 37.14478918706689115, 21.31630440496459400 ) ) ;
#3298 = CARTESIAN_POINT ( 'NONE',  ( -17.79711518877731535, -78.46065648618758814, -0.4265501256024065713 ) ) ;
#3299 = CARTESIAN_POINT ( 'NONE',  ( -39.48141677850500741, 47.69932339929405885, 19.47592483517383855 ) ) ;
#3300 = ORIENTED_EDGE ( 'NONE', *, *, #3909, .F. ) ;
#3301 = EDGE_CURVE ( 'NONE', #2072, #262, #2377, .T. ) ;
#3302 = CARTESIAN_POINT ( 'NONE',  ( -16.89247449991621153, -74.68097998000811799, -0.3358723515783976210 ) ) ;
#3303 = CARTESIAN_POINT ( 'NONE',  ( -39.48141677850500741, 52.30067660070596958, 5.524075164826161455 ) ) ;
#3304 =( BOUNDED_CURVE ( )  B_SPLINE_CURVE ( 3, ( #1612, #6432, #3931, #5654 ),
 .UNSPECIFIED., .F., .F. ) 
 B_SPLINE_CURVE_WITH_KNOTS ( ( 4, 4 ),
 ( 2.965573528204695108, 3.141592653589793116 ),
 .UNSPECIFIED. ) 
 CURVE ( )  GEOMETRIC_REPRESENTATION_ITEM ( )  RATIONAL_B_SPLINE_CURVE ( ( 1.000000000000000000, 0.9974197717393051832, 0.9974197717393051832, 1.000000000000000000 ) ) 
 REPRESENTATION_ITEM ( '' )  );
#3305 = CARTESIAN_POINT ( 'NONE',  ( -13.10562233635216245, -74.68097998000808957, 6.874660030602984584 ) ) ;
#3306 = CARTESIAN_POINT ( 'NONE',  ( -6.028205923975886726, -60.89449903058041258, 21.45618835811924896 ) ) ;
#3307 = CARTESIAN_POINT ( 'NONE',  ( 13.52024464577594465, -77.68097998000808957, 17.89562333222256996 ) ) ;
#3308 = CARTESIAN_POINT ( 'NONE',  ( 46.30062341302149775, 41.58795949133684644, 2.466516762517044103 ) ) ;
#3309 = DIRECTION ( 'NONE',  ( 0.000000000000000000, 0.000000000000000000, 1.000000000000000000 ) ) ;
#3310 = CARTESIAN_POINT ( 'NONE',  ( -39.99999999999999289, 55.00000000000000711, 12.50000000000000000 ) ) ;
#3311 = ORIENTED_EDGE ( 'NONE', *, *, #4873, .F. ) ;
#3312 = CARTESIAN_POINT ( 'NONE',  ( 24.39420752376025092, -58.85695899862253100, 3.049175374093074264 ) ) ;
#3313 = CARTESIAN_POINT ( 'NONE',  ( 24.55971631608542793, -77.68097998000808957, 6.753687398919899110 ) ) ;
#3314 = CARTESIAN_POINT ( 'NONE',  ( 26.00000000000000711, -77.68097998000810378, 13.45524841108364811 ) ) ;
#3315 = CARTESIAN_POINT ( 'NONE',  ( -15.64861594070328721, -65.25638415763937417, 3.617700769316720244 ) ) ;
#3316 = CARTESIAN_POINT ( 'NONE',  ( 4.735963003153007556, -61.13534731242026510, 3.500000000000020872 ) ) ;
#3317 = CARTESIAN_POINT ( 'NONE',  ( 45.18629150101525482, -49.02641914795682254, 25.00000000000000000 ) ) ;
#3318 = CARTESIAN_POINT ( 'NONE',  ( -16.74994038937528273, -75.83471281754083293, 21.50348784386450163 ) ) ;
#3319 = LINE ( 'NONE', #5161, #5487 ) ;
#3320 = CARTESIAN_POINT ( 'NONE',  ( 18.34460436924686633, -62.20584569648691797, 21.23752639016249333 ) ) ;
#3321 = VERTEX_POINT ( 'NONE', #90 ) ;
#3322 = CARTESIAN_POINT ( 'NONE',  ( -1.083338702728414260, -77.68097998000810378, 30.00000649868549374 ) ) ;
#3323 = CARTESIAN_POINT ( 'NONE',  ( -21.51792626048056079, -61.32458856655829038, 5.203247769568318581 ) ) ;
#3324 = CARTESIAN_POINT ( 'NONE',  ( -2.367218916136533569, -70.07578936966024230, 0.9269174498627611447 ) ) ;
#3325 = CARTESIAN_POINT ( 'NONE',  ( 22.03502580760325813, -74.68097998000810378, 9.224881099502095338 ) ) ;
#3326 = CARTESIAN_POINT ( 'NONE',  ( 21.86567313722192196, -67.00027559352321305, 13.94421563588413626 ) ) ;
#3327 = CARTESIAN_POINT ( 'NONE',  ( 11.31805765416920728, -60.08850364132558752, 24.94461461920064238 ) ) ;
#3328 = FACE_BOUND ( 'NONE', #4466, .T. ) ;
#3329 = ORIENTED_EDGE ( 'NONE', *, *, #7586, .T. ) ;
#3330 = CARTESIAN_POINT ( 'NONE',  ( 6.274609627564585068, -63.48912470750440917, 22.06234868432035867 ) ) ;
#3331 = ORIENTED_EDGE ( 'NONE', *, *, #5931, .T. ) ;
#3332 = VERTEX_POINT ( 'NONE', #4325 ) ;
#3333 = DIRECTION ( 'NONE',  ( -0.000000000000000000, -0.000000000000000000, -1.000000000000000000 ) ) ;
#3334 = CARTESIAN_POINT ( 'NONE',  ( -11.80860400651025088, -77.68097998000810378, -3.121530360221614231 ) ) ;
#3335 = DIRECTION ( 'NONE',  ( 0.000000000000000000, -0.000000000000000000, -1.000000000000000000 ) ) ;
#3336 = ADVANCED_FACE ( 'NONE', ( #7314 ), #2884, .F. ) ;
#3337 = B_SPLINE_CURVE_WITH_KNOTS ( 'NONE', 3,
 ( #5087, #1469, #2699, #3325, #7087, #1791 ),
 .UNSPECIFIED., .F., .F.,
 ( 4, 2, 4 ),
 ( 0.005806487271369940341, 0.008289726156624288925, 0.01077296504187863838 ),
 .UNSPECIFIED. ) ;
#3338 = VERTEX_POINT ( 'NONE', #1857 ) ;
#3339 = CARTESIAN_POINT ( 'NONE',  ( -21.94772718806801848, -68.39519445790691066, 12.49999999999999289 ) ) ;
#3340 = DIRECTION ( 'NONE',  ( -0.000000000000000000, 1.000000000000000000, -0.000000000000000000 ) ) ;
#3341 = CARTESIAN_POINT ( 'NONE',  ( 4.973436503208585435, -74.68097998000808957, 4.053148979677071218 ) ) ;
#3342 = CARTESIAN_POINT ( 'NONE',  ( -6.147684072932978694, -62.19276607826567016, 21.75774836163098769 ) ) ;
#3343 = EDGE_CURVE ( 'NONE', #224, #3954, #1932, .T. ) ;
#3344 = CARTESIAN_POINT ( 'NONE',  ( 3.951497889051457602, -74.68097998000804694, 25.28363329766044032 ) ) ;
#3345 = CARTESIAN_POINT ( 'NONE',  ( 43.50000000000000711, 35.00000000000000711, 0.000000000000000000 ) ) ;
#3346 = CARTESIAN_POINT ( 'NONE',  ( 23.96113957846802478, -78.46065648618757393, 5.849632616300112886 ) ) ;
#3347 = ORIENTED_EDGE ( 'NONE', *, *, #5355, .F. ) ;
#3348 = CARTESIAN_POINT ( 'NONE',  ( 23.35988815830977927, -58.96256799630454282, 3.111249744411113127 ) ) ;
#3349 = CARTESIAN_POINT ( 'NONE',  ( -12.02346287270559344, -41.57723895259432112, 3.499999999999999556 ) ) ;
#3350 = CARTESIAN_POINT ( 'NONE',  ( 24.51858991215566874, -77.68097998000808957, 6.671434591060377173 ) ) ;
#3351 = CARTESIAN_POINT ( 'NONE',  ( -17.37202824585862615, -74.41655535215042505, 3.984242808685047432 ) ) ;
#3352 = CARTESIAN_POINT ( 'NONE',  ( -38.49999999999998579, 50.00000000000000711, 12.50000000000000000 ) ) ;
#3353 = FACE_OUTER_BOUND ( 'NONE', #4541, .T. ) ;
#3354 = CARTESIAN_POINT ( 'NONE',  ( -7.311646392572536790, -63.43108502970382290, 22.00956791390897394 ) ) ;
#3355 = FACE_OUTER_BOUND ( 'NONE', #2435, .T. ) ;
#3356 = CARTESIAN_POINT ( 'NONE',  ( 20.24265023608186098, -64.56730728765565175, 20.58292968159661385 ) ) ;
#3357 = ORIENTED_EDGE ( 'NONE', *, *, #1329, .F. ) ;
#3358 = CARTESIAN_POINT ( 'NONE',  ( -21.84978241376935415, -77.68097998000808957, 21.98513260262339841 ) ) ;
#3359 = CARTESIAN_POINT ( 'NONE',  ( -21.90622993233806426, -68.36429191225099089, 9.805107936860069984 ) ) ;
#3360 = CARTESIAN_POINT ( 'NONE',  ( 1.050078833147579438, -63.66295737233096474, 2.771192414807534643 ) ) ;
#3361 = CARTESIAN_POINT ( 'NONE',  ( 17.74748603729676333, -74.68097998000808957, 12.49999999999998224 ) ) ;
#3362 = CARTESIAN_POINT ( 'NONE',  ( 21.37334883214525405, -58.63076240721981236, 12.49999999999999467 ) ) ;
#3363 = CARTESIAN_POINT ( 'NONE',  ( -24.08550133035968699, -61.42879780529349887, 20.97127122052490122 ) ) ;
#3364 = DIRECTION ( 'NONE',  ( 0.000000000000000000, 0.000000000000000000, 1.000000000000000000 ) ) ;
#3365 = VERTEX_POINT ( 'NONE', #1265 ) ;
#3366 = AXIS2_PLACEMENT_3D ( 'NONE', #2934, #4183, #2303 ) ;
#3367 = CARTESIAN_POINT ( 'NONE',  ( 3.011440608509864614, -61.04343902621579332, 21.46780182507268009 ) ) ;
#3368 = VERTEX_POINT ( 'NONE', #7353 ) ;
#3369 = FILL_AREA_STYLE_COLOUR ( '', #4419 ) ;
#3370 = ORIENTED_EDGE ( 'NONE', *, *, #4430, .T. ) ;
#3371 = CARTESIAN_POINT ( 'NONE',  ( -25.44682351704895140, -78.57975569811023320, 8.957667168756641374 ) ) ;
#3372 = CARTESIAN_POINT ( 'NONE',  ( -24.31447694444713292, -77.68097998000810378, 6.263208655643293987 ) ) ;
#3373 = CARTESIAN_POINT ( 'NONE',  ( 42.62028189883801588, -42.65505708686798414, 3.839862257852755256 ) ) ;
#3374 = ORIENTED_EDGE ( 'NONE', *, *, #6559, .F. ) ;
#3375 = AXIS2_PLACEMENT_3D ( 'NONE', #2516, #6009, #5458 ) ;
#3376 = B_SPLINE_CURVE_WITH_KNOTS ( 'NONE', 3,
 ( #4004, #3926, #1525, #1567 ),
 .UNSPECIFIED., .F., .F.,
 ( 4, 4 ),
 ( 0.000000000000000000, 0.001524608330382725297 ),
 .UNSPECIFIED. ) ;
#3377 = CARTESIAN_POINT ( 'NONE',  ( -21.37334883214525760, -58.63076240721983368, 14.50610314969496351 ) ) ;
#3378 = EDGE_CURVE ( 'NONE', #973, #5260, #4436, .T. ) ;
#3379 = DIRECTION ( 'NONE',  ( -0.000000000000000000, -0.000000000000000000, -1.000000000000000000 ) ) ;
#3380 = CARTESIAN_POINT ( 'NONE',  ( -3.533437471243616734, -70.05455626177928252, 23.98553950884791774 ) ) ;
#3381 = VECTOR ( 'NONE', #4137, 1000.000000000000000 ) ;
#3382 = CARTESIAN_POINT ( 'NONE',  ( -1.994176767725134525, -74.68097998000811799, 25.46863352428637484 ) ) ;
#3383 = CARTESIAN_POINT ( 'NONE',  ( -38.56630492300758561, 47.49800975218377630, 4.427530609312992027 ) ) ;
#3384 = CARTESIAN_POINT ( 'NONE',  ( 6.244163685090615701, -78.46065648618755972, -4.742606893536250645 ) ) ;
#3385 = EDGE_CURVE ( 'NONE', #4221, #1438, #5842, .T. ) ;
#3386 = CARTESIAN_POINT ( 'NONE',  ( 48.50000000000000000, 40.00000000000000711, 25.00000000000000000 ) ) ;
#3387 = CARTESIAN_POINT ( 'NONE',  ( -21.86567313722191130, -67.00027559352304252, 12.50000000000000000 ) ) ;
#3388 = CARTESIAN_POINT ( 'NONE',  ( 25.92971761545421572, -78.57975569811021899, 10.70887418831095594 ) ) ;
#3389 = CARTESIAN_POINT ( 'NONE',  ( -18.67375795249501635, -72.84553448341976889, 4.823995174049025891 ) ) ;
#3390 = CARTESIAN_POINT ( 'NONE',  ( 45.20000000000000284, 35.00000000000000711, 0.000000000000000000 ) ) ;
#3391 = CARTESIAN_POINT ( 'NONE',  ( 44.84663139940120402, 42.58767769691984029, 6.367161275826947353 ) ) ;
#3392 = CARTESIAN_POINT ( 'NONE',  ( -7.035234356358498253, -60.82891191956305477, 21.45244094315276584 ) ) ;
#3393 = CARTESIAN_POINT ( 'NONE',  ( 0.000000000000000000, -77.68097998000808957, 12.50000000000000000 ) ) ;
#3394 = ADVANCED_FACE ( 'NONE', ( #6635 ), #159, .T. ) ;
#3395 = CARTESIAN_POINT ( 'NONE',  ( 18.58320860325471457, -70.17509157243554796, 20.36107407209699360 ) ) ;
#3396 = ORIENTED_EDGE ( 'NONE', *, *, #4431, .T. ) ;
#3397 = CARTESIAN_POINT ( 'NONE',  ( 44.44134808030357675, 36.89499190830730413, 1.037491850110616287 ) ) ;
#3398 = CARTESIAN_POINT ( 'NONE',  ( -22.11183528976024348, -71.18503218667467536, 12.49999999999999289 ) ) ;
#3399 = CARTESIAN_POINT ( 'NONE',  ( -1.240591896471246569, -72.65566637535962968, 0.1262780021520597540 ) ) ;
#3400 = CARTESIAN_POINT ( 'NONE',  ( -12.70628939253072964, -74.68097998000808957, 18.43140454764501612 ) ) ;
#3401 = CARTESIAN_POINT ( 'NONE',  ( 21.37918666975485849, -58.73000564658308775, 12.49999999999999289 ) ) ;
#3402 = CARTESIAN_POINT ( 'NONE',  ( -20.56825818433694764, -72.43409616876502355, 18.93457009838837735 ) ) ;
#3403 = CARTESIAN_POINT ( 'NONE',  ( -35.99999999999999289, 55.00000000000000711, 17.50000000000000000 ) ) ;
#3404 = ORIENTED_EDGE ( 'NONE', *, *, #2089, .T. ) ;
#3405 = CARTESIAN_POINT ( 'NONE',  ( 6.825151676534484402, -68.66506452937794336, 23.29187518088323827 ) ) ;
#3406 = ORIENTED_EDGE ( 'NONE', *, *, #2114, .T. ) ;
#3407 = ADVANCED_FACE ( 'NONE', ( #4912 ), #7308, .F. ) ;
#3408 = CARTESIAN_POINT ( 'NONE',  ( -38.80523836118752712, 52.48418620192653350, 20.35598089130222377 ) ) ;
#3409 = ORIENTED_EDGE ( 'NONE', *, *, #2003, .F. ) ;
#3410 = CARTESIAN_POINT ( 'NONE',  ( -25.92971761545420861, -78.57975569811020478, 10.70887418831096660 ) ) ;
#3411 = CARTESIAN_POINT ( 'NONE',  ( 21.20647657185123336, -74.68097998000808957, 22.62011394231284811 ) ) ;
#3412 = CARTESIAN_POINT ( 'NONE',  ( -18.75614490102390164, -78.46065648618755972, 24.76705369495153874 ) ) ;
#3413 = ORIENTED_EDGE ( 'NONE', *, *, #5497, .T. ) ;
#3414 = CARTESIAN_POINT ( 'NONE',  ( -22.28906030310528052, -75.31718419918031771, 14.13581041173697983 ) ) ;
#3415 = CARTESIAN_POINT ( 'NONE',  ( -35.50000000000000000, 49.03953136438504856, 0.000000000000000000 ) ) ;
#3416 = CARTESIAN_POINT ( 'NONE',  ( 16.63349465723533172, -74.68097998000808957, 10.07043226718609041 ) ) ;
#3417 = CARTESIAN_POINT ( 'NONE',  ( -4.101851172645110566, -62.30088702828015812, 21.81024635633901454 ) ) ;
#3418 = CARTESIAN_POINT ( 'NONE',  ( -16.89984342426819452, -77.68097998000808957, 14.42645200313948273 ) ) ;
#3419 = CARTESIAN_POINT ( 'NONE',  ( 47.11982077720604423, 41.00632276586811997, 3.500118051005571829 ) ) ;
#3420 = CARTESIAN_POINT ( 'NONE',  ( -37.76115894736751954, 47.60734206604201546, 3.905070364942062167 ) ) ;
#3421 = CARTESIAN_POINT ( 'NONE',  ( 7.635467636035307315, -77.68097998000806115, -4.259134230429939549 ) ) ;
#3422 = CARTESIAN_POINT ( 'NONE',  ( 20.66132021255317142, -71.08805801176087868, 5.856844616822166394 ) ) ;
#3423 = CARTESIAN_POINT ( 'NONE',  ( 25.65639081652326325, -76.26764005264436719, 9.664307650278855633 ) ) ;
#3424 = CARTESIAN_POINT ( 'NONE',  ( -25.42915597759230906, -77.68097998000810378, 8.732421813493740359 ) ) ;
#3425 = CARTESIAN_POINT ( 'NONE',  ( -16.58733917319548823, -74.51728046752191403, 3.534586328960797719 ) ) ;
#3426 = CARTESIAN_POINT ( 'NONE',  ( -35.50000000000000711, 57.24982048834633730, 25.00000000000000000 ) ) ;
#3427 = ORIENTED_EDGE ( 'NONE', *, *, #902, .T. ) ;
#3428 = LINE ( 'NONE', #960, #3934 ) ;
#3429 = EDGE_CURVE ( 'NONE', #2655, #7061, #1014, .T. ) ;
#3430 = CARTESIAN_POINT ( 'NONE',  ( -10.79845439491432657, -73.68736621422486621, 23.69480722936027917 ) ) ;
#3431 = FACE_OUTER_BOUND ( 'NONE', #6113, .T. ) ;
#3432 = ORIENTED_EDGE ( 'NONE', *, *, #6353, .T. ) ;
#3433 = CARTESIAN_POINT ( 'NONE',  ( 11.49281246276280832, -77.68097998000810378, 28.21431682513915362 ) ) ;
#3434 = CARTESIAN_POINT ( 'NONE',  ( -39.22943372865397293, -42.59930559120689253, 19.88156798545016812 ) ) ;
#3435 = CARTESIAN_POINT ( 'NONE',  ( -1.050078833147661150, -63.66295737233099317, 2.771192414807533755 ) ) ;
#3436 = CARTESIAN_POINT ( 'NONE',  ( -37.45427641008136277, 52.71749187043443641, 0.2411249763493241438 ) ) ;
#3437 = CARTESIAN_POINT ( 'NONE',  ( 21.70156503552970051, -64.21043786475541992, 12.49999999999998757 ) ) ;
#3438 = ADVANCED_FACE ( 'NONE', ( #2553 ), #4355, .T. ) ;
#3439 = CARTESIAN_POINT ( 'NONE',  ( -16.44962808176705593, -77.68097998000808957, 9.758157174275556400 ) ) ;
#3440 = VERTEX_POINT ( 'NONE', #4243 ) ;
#3441 = CARTESIAN_POINT ( 'NONE',  ( 3.147311357998980430, -63.61960519538076397, 22.18566940366264717 ) ) ;
#3442 = VERTEX_POINT ( 'NONE', #3618 ) ;
#3443 = SURFACE_STYLE_USAGE ( .BOTH. , #7054 ) ;
#3444 = CARTESIAN_POINT ( 'NONE',  ( -24.60084272001518002, -77.68097998000808957, 6.835940206779403283 ) ) ;
#3445 = CARTESIAN_POINT ( 'NONE',  ( -24.57973960995905927, -78.57975569811021899, 7.207625727800418325 ) ) ;
#3446 = DIRECTION ( 'NONE',  ( -1.593074305255970310E-16, 1.000000000000000000, 0.000000000000000000 ) ) ;
#3447 = DIRECTION ( 'NONE',  ( -1.000000000000000000, 0.000000000000000000, 0.000000000000000000 ) ) ;
#3448 = EDGE_LOOP ( 'NONE', ( #2909, #2218, #7533, #4611, #344 ) ) ;
#3449 = VECTOR ( 'NONE', #792, 1000.000000000000000 ) ;
#3450 = FACE_OUTER_BOUND ( 'NONE', #7679, .T. ) ;
#3451 = CARTESIAN_POINT ( 'NONE',  ( 23.01859292597442419, -77.68097998000808957, 20.76528915666333930 ) ) ;
#3452 =( GEOMETRIC_REPRESENTATION_CONTEXT ( 3 ) GLOBAL_UNCERTAINTY_ASSIGNED_CONTEXT ( ( #6799 ) ) GLOBAL_UNIT_ASSIGNED_CONTEXT ( ( #757, #84, #6151 ) ) REPRESENTATION_CONTEXT ( 'NONE', 'WORKASPACE' ) );
#3453 = DIRECTION ( 'NONE',  ( 0.000000000000000000, -0.000000000000000000, -1.000000000000000000 ) ) ;
#3454 = CARTESIAN_POINT ( 'NONE',  ( 10.70539882447809354, -74.68097998000808957, 5.665753869635174134 ) ) ;
#3455 = CARTESIAN_POINT ( 'NONE',  ( 2.663525710726515783, -76.50150033252997162, 25.93269745856454733 ) ) ;
#3456 = AXIS2_PLACEMENT_3D ( 'NONE', #6376, #7251, #3090 ) ;
#3457 = B_SPLINE_CURVE_WITH_KNOTS ( 'NONE', 3,
 ( #4326, #798, #7239, #3740 ),
 .UNSPECIFIED., .F., .F.,
 ( 4, 4 ),
 ( 0.000000000000000000, 0.001604119846120348469 ),
 .UNSPECIFIED. ) ;
#3458 = CARTESIAN_POINT ( 'NONE',  ( 43.50000000000000000, -44.99999999999999289, 32.07106781186548261 ) ) ;
#3459 = CARTESIAN_POINT ( 'NONE',  ( -39.52544510510503528, 48.20449777926010171, 1.085959472542764370 ) ) ;
#3460 = CARTESIAN_POINT ( 'NONE',  ( -36.60290671860212797, 48.36396165068377684, 3.544060516401268401 ) ) ;
#3461 = CARTESIAN_POINT ( 'NONE',  ( 18.75614490102388388, -78.46065648618755972, 0.2329463050484492648 ) ) ;
#3462 = CARTESIAN_POINT ( 'NONE',  ( 17.24518986934927511, -73.09162670806286144, 3.981487023096041966 ) ) ;
#3463 = CARTESIAN_POINT ( 'NONE',  ( 45.00000000000000000, 33.00000000000001421, 17.50000000000000000 ) ) ;
#3464 = CARTESIAN_POINT ( 'NONE',  ( 44.48141677850502163, 32.69932339929406595, 5.524075164826165008 ) ) ;
#3465 = CARTESIAN_POINT ( 'NONE',  ( -22.49220227519136373, -66.77967298197681600, 5.601767857468341383 ) ) ;
#3466 = DIRECTION ( 'NONE',  ( -1.000000000000000000, 0.000000000000000000, 0.000000000000000000 ) ) ;
#3467 = ORIENTED_EDGE ( 'NONE', *, *, #5259, .T. ) ;
#3468 = CARTESIAN_POINT ( 'NONE',  ( 44.38854535767434584, 42.89557681353893059, 5.357762447619174750 ) ) ;
#3469 = CARTESIAN_POINT ( 'NONE',  ( -9.730882264681685712, -73.74567908370480041, 24.01550325738887537 ) ) ;
#3470 = CARTESIAN_POINT ( 'NONE',  ( 40.49999999999998579, 45.36654358009725030, 0.000000000000000000 ) ) ;
#3471 = ORIENTED_EDGE ( 'NONE', *, *, #5688, .F. ) ;
#3472 = FACE_OUTER_BOUND ( 'NONE', #424, .T. ) ;
#3473 = CARTESIAN_POINT ( 'NONE',  ( -36.32294463434200793, -43.76050074800508582, 21.48793464318604762 ) ) ;
#3474 = EDGE_CURVE ( 'NONE', #1341, #3836, #77, .T. ) ;
#3475 = CARTESIAN_POINT ( 'NONE',  ( 1.182753083665257110, -70.08632094592287842, 0.8819678343393350106 ) ) ;
#3476 = CARTESIAN_POINT ( 'NONE',  ( 21.90362439758045099, -72.37369257770129138, 8.351315935854605854 ) ) ;
#3477 = DIRECTION ( 'NONE',  ( -0.01950348607398051659, -0.9260633242332211301, -0.3768638129896234035 ) ) ;
#3478 = CARTESIAN_POINT ( 'NONE',  ( 41.02441913338049773, -46.26180978322950921, 0.01562328875052570315 ) ) ;
#3479 = EDGE_LOOP ( 'NONE', ( #2980, #3231, #2890, #1622, #5132 ) ) ;
#3480 = VECTOR ( 'NONE', #5238, 1000.000000000000000 ) ;
#3481 = CARTESIAN_POINT ( 'NONE',  ( 12.90338135548901377, -66.92246275434642655, 21.98907704692107501 ) ) ;
#3482 = EDGE_LOOP ( 'NONE', ( #6408, #2669, #228, #1363 ) ) ;
#3483 = VECTOR ( 'NONE', #4607, 1000.000000000000000 ) ;
#3484 = CARTESIAN_POINT ( 'NONE',  ( -19.23233396767506065, -77.68097998000807536, 0.7011312133681527614 ) ) ;
#3485 = CARTESIAN_POINT ( 'NONE',  ( -24.49313816524951193, -78.57975569811021899, 7.054973048864363605 ) ) ;
#3486 = EDGE_CURVE ( 'NONE', #6418, #5253, #6223, .T. ) ;
#3487 = CARTESIAN_POINT ( 'NONE',  ( 12.28334177505655589, -76.22665996389861220, 1.216285252232937930 ) ) ;
#3488 = CARTESIAN_POINT ( 'NONE',  ( 0.000000000000000000, -77.68097998000808957, 12.50000000000000000 ) ) ;
#3489 = CARTESIAN_POINT ( 'NONE',  ( 19.65430195980017203, -74.68097998000806115, 23.74301473415889419 ) ) ;
#3490 = CARTESIAN_POINT ( 'NONE',  ( -28.68629150101522640, -22.68097998000808957, 12.50000000000000000 ) ) ;
#3491 = AXIS2_PLACEMENT_3D ( 'NONE', #1030, #3932, #991 ) ;
#3492 = EDGE_LOOP ( 'NONE', ( #2463, #7772, #3404, #6042, #2022 ) ) ;
#3493 = LINE ( 'NONE', #5299, #350 ) ;
#3494 = CARTESIAN_POINT ( 'NONE',  ( 48.48377739663371955, 40.01204285048632414, 17.58603399602154838 ) ) ;
#3495 = ORIENTED_EDGE ( 'NONE', *, *, #5135, .T. ) ;
#3496 =( BOUNDED_CURVE ( )  B_SPLINE_CURVE ( 3, ( #1501, #922, #3317, #3941 ),
 .UNSPECIFIED., .F., .T. ) 
 B_SPLINE_CURVE_WITH_KNOTS ( ( 4, 4 ),
 ( 0.000000000000000000, 1.570796326794896558 ),
 .UNSPECIFIED. ) 
 CURVE ( )  GEOMETRIC_REPRESENTATION_ITEM ( )  RATIONAL_B_SPLINE_CURVE ( ( 1.000000000000000000, 0.8047378541243649375, 0.8047378541243649375, 1.000000000000000000 ) ) 
 REPRESENTATION_ITEM ( '' )  );
#3497 = AXIS2_PLACEMENT_3D ( 'NONE', #5201, #1429, #852 ) ;
#3498 = DIRECTION ( 'NONE',  ( 0.000000000000000000, -1.000000000000000000, 0.000000000000000000 ) ) ;
#3499 = CARTESIAN_POINT ( 'NONE',  ( 2.100643855524168213, -63.64852072924523441, 22.21407650456607641 ) ) ;
#3500 = CARTESIAN_POINT ( 'NONE',  ( -16.69887295139411876, -77.68097998000808957, 14.82144251774775512 ) ) ;
#3501 = DIRECTION ( 'NONE',  ( -0.000000000000000000, -0.000000000000000000, -1.000000000000000000 ) ) ;
#3502 = CARTESIAN_POINT ( 'NONE',  ( 5.123743942441834953, -60.08850364132560173, 0.1484374267530808034 ) ) ;
#3503 = ADVANCED_FACE ( 'NONE', ( #940 ), #5057, .T. ) ;
#3504 = VECTOR ( 'NONE', #2495, 999.9999999999998863 ) ;
#3505 = CARTESIAN_POINT ( 'NONE',  ( 18.43926551569426309, -64.85166717333467545, 4.106606694777394040 ) ) ;
#3506 = CARTESIAN_POINT ( 'NONE',  ( 25.63747721176363470, -75.73891969538934177, 9.586782938261636744 ) ) ;
#3507 = CARTESIAN_POINT ( 'NONE',  ( 44.12587301329664768, 32.57725152544966818, 4.999126497448800777 ) ) ;
#3508 = CARTESIAN_POINT ( 'NONE',  ( -21.33260991109962390, -74.87651464294047798, 7.318090385201401205 ) ) ;
#3509 = DIRECTION ( 'NONE',  ( -1.000000000000000000, -1.593074305255970310E-16, 0.000000000000000000 ) ) ;
#3510 = ORIENTED_EDGE ( 'NONE', *, *, #1296, .T. ) ;
#3511 = LINE ( 'NONE', #2928, #3567 ) ;
#3512 = CARTESIAN_POINT ( 'NONE',  ( -11.66732308885879732, -72.32766357506072552, 23.17170878094108488 ) ) ;
#3513 = DIRECTION ( 'NONE',  ( 1.000000000000000000, 0.000000000000000000, 0.000000000000000000 ) ) ;
#3514 = VERTEX_POINT ( 'NONE', #1520 ) ;
#3515 = DIRECTION ( 'NONE',  ( -1.000000000000000000, 0.000000000000000000, 0.000000000000000000 ) ) ;
#3516 = CARTESIAN_POINT ( 'NONE',  ( -21.62540611165022852, -69.88775308333657676, 18.85633149780915474 ) ) ;
#3517 = CARTESIAN_POINT ( 'NONE',  ( -5.982619982725126739, -71.29034811191193910, 0.9007568205527883842 ) ) ;
#3518 = CARTESIAN_POINT ( 'NONE',  ( 22.08557058925519101, -73.83730790969708835, 9.708022813253604610 ) ) ;
#3519 = CARTESIAN_POINT ( 'NONE',  ( -39.99999999999997868, -42.99999999999998579, 12.50000000000000000 ) ) ;
#3520 = CARTESIAN_POINT ( 'NONE',  ( -21.59393509400975830, -68.25385901014463741, 19.30814663416257915 ) ) ;
#3521 = CARTESIAN_POINT ( 'NONE',  ( -13.52024464577556095, -74.68097998000808957, 7.104376667777173360 ) ) ;
#3522 = ORIENTED_EDGE ( 'NONE', *, *, #6487, .F. ) ;
#3523 = CARTESIAN_POINT ( 'NONE',  ( 12.40954253034738208, -62.97286860516490492, 21.65636224252877540 ) ) ;
#3524 = ORIENTED_EDGE ( 'NONE', *, *, #3817, .F. ) ;
#3525 = FILL_AREA_STYLE ('',( #3369 ) ) ;
#3526 = CARTESIAN_POINT ( 'NONE',  ( -40.09320149786615417, -43.72596944272470409, 1.450000000000001732 ) ) ;
#3527 = CARTESIAN_POINT ( 'NONE',  ( 9.869050018731320151, -67.18725846881639541, 2.456372412482140888 ) ) ;
#3528 = CARTESIAN_POINT ( 'NONE',  ( -38.41997274602389467, 56.51053232396478876, 4.304344571679249221 ) ) ;
#3529 = CARTESIAN_POINT ( 'NONE',  ( -25.35890565784028894, -60.68097998000807536, 0.000000000000000000 ) ) ;
#3530 = CARTESIAN_POINT ( 'NONE',  ( -23.96113957846803189, -78.46065648618758814, 19.15036738369988356 ) ) ;
#3531 = ADVANCED_FACE ( 'NONE', ( #6819 ), #6185, .F. ) ;
#3532 = ADVANCED_FACE ( 'NONE', ( #2077 ), #4463, .F. ) ;
#3533 = VERTEX_POINT ( 'NONE', #2709 ) ;
#3534 = CARTESIAN_POINT ( 'NONE',  ( -38.49999999999998579, -44.31902001999193175, 0.000000000000000000 ) ) ;
#3535 = CARTESIAN_POINT ( 'NONE',  ( -21.88906146500458405, -69.68893327938374682, 16.23797443126440854 ) ) ;
#3536 = ORIENTED_EDGE ( 'NONE', *, *, #1460, .F. ) ;
#3537 = DIRECTION ( 'NONE',  ( -1.000000000000000000, 0.000000000000000000, 0.000000000000000000 ) ) ;
#3538 = CARTESIAN_POINT ( 'NONE',  ( 7.721197367474397666, -74.68097998000810378, 4.650589224031919322 ) ) ;
#3539 = CARTESIAN_POINT ( 'NONE',  ( 8.421128617785739111E-15, -67.51697551648625506, 23.36234233347342837 ) ) ;
#3540 = CARTESIAN_POINT ( 'NONE',  ( -15.53663826102311774, -77.68097998000808957, 16.29845140207872234 ) ) ;
#3541 = CARTESIAN_POINT ( 'NONE',  ( -35.70571487626734353, 48.52152169734584675, 0.001077623571170582394 ) ) ;
#3542 = LINE ( 'NONE', #5934, #4504 ) ;
#3543 = EDGE_CURVE ( 'NONE', #1638, #364, #351, .T. ) ;
#3544 = CARTESIAN_POINT ( 'NONE',  ( -15.32192177163625146, -74.68097998000804694, 2.826150471450538770 ) ) ;
#3545 = CARTESIAN_POINT ( 'NONE',  ( 17.81899058750195408, -70.31177850708508004, 4.296972001753719184 ) ) ;
#3546 = DIRECTION ( 'NONE',  ( 0.8660254037844415942, 0.4999999999999947820, -0.000000000000000000 ) ) ;
#3547 = DIRECTION ( 'NONE',  ( -1.000000000000000000, 0.000000000000000000, 0.000000000000000000 ) ) ;
#3548 = CARTESIAN_POINT ( 'NONE',  ( -19.33368021630706224, -63.39033268744237404, 4.043213208255342472 ) ) ;
#3549 = CARTESIAN_POINT ( 'NONE',  ( -38.05334766140293112, 56.60853694413916770, 24.58602471184442706 ) ) ;
#3550 = CIRCLE ( 'NONE', #3178, 3.149999999999999911 ) ;
#3551 = CARTESIAN_POINT ( 'NONE',  ( -16.75367192968614560, -74.68097998000808957, 14.72483520720681049 ) ) ;
#3552 = CARTESIAN_POINT ( 'NONE',  ( 43.50000000000000711, -44.31902001999193175, 0.000000000000000000 ) ) ;
#3553 = ORIENTED_EDGE ( 'NONE', *, *, #5110, .F. ) ;
#3554 = DIRECTION ( 'NONE',  ( 1.000000000000000000, 1.321694076934710155E-16, -0.000000000000000000 ) ) ;
#3555 = AXIS2_PLACEMENT_3D ( 'NONE', #413, #7640, #2814 ) ;
#3556 = CARTESIAN_POINT ( 'NONE',  ( -36.94838302569274191, -43.03337582222979307, 21.38830418874231043 ) ) ;
#3557 = CARTESIAN_POINT ( 'NONE',  ( -8.779300601199675924, -75.08486007896483727, 0.4123192338163629844 ) ) ;
#3558 = CARTESIAN_POINT ( 'NONE',  ( 21.83137280944552217, -66.97200857749461989, 9.610709532913395137 ) ) ;
#3559 = CARTESIAN_POINT ( 'NONE',  ( 25.61808094222629606, -75.21003179747833656, 15.48945708599439364 ) ) ;
#3560 = CARTESIAN_POINT ( 'NONE',  ( -18.62848327787488856, -71.51031302792780764, 20.26853944902397231 ) ) ;
#3561 = DIRECTION ( 'NONE',  ( -1.000000000000000000, 0.000000000000000000, 0.000000000000000000 ) ) ;
#3562 = ORIENTED_EDGE ( 'NONE', *, *, #7104, .T. ) ;
#3563 = CARTESIAN_POINT ( 'NONE',  ( 10.60611371669030234, -72.38904144069553581, 23.46262017092557173 ) ) ;
#3564 = ORIENTED_EDGE ( 'NONE', *, *, #6255, .F. ) ;
#3565 = CARTESIAN_POINT ( 'NONE',  ( -21.26428838748506323, -77.68097998000807536, 2.403858803851281589 ) ) ;
#3566 = CARTESIAN_POINT ( 'NONE',  ( -25.00000000000000000, -60.68097998000807536, -0.5830490930750681366 ) ) ;
#3567 = VECTOR ( 'NONE', #6158, 1000.000000000000000 ) ;
#3568 = CARTESIAN_POINT ( 'NONE',  ( 24.99999999999999645, -60.68097998000807536, 25.00000000000000000 ) ) ;
#3569 = CARTESIAN_POINT ( 'NONE',  ( 43.50000000000000711, -44.31902001999193175, 17.00000000000000000 ) ) ;
#3570 = CARTESIAN_POINT ( 'NONE',  ( -24.69838774608264487, -77.68097998000808957, 17.96896974108565814 ) ) ;
#3571 = ORIENTED_EDGE ( 'NONE', *, *, #308, .T. ) ;
#3572 = CARTESIAN_POINT ( 'NONE',  ( -43.49999999999998579, -49.99999999999998579, 12.50000000000000000 ) ) ;
#3573 = CARTESIAN_POINT ( 'NONE',  ( -21.74775065650148420, -68.24205564982433714, 17.88007936870180359 ) ) ;
#3574 = ORIENTED_EDGE ( 'NONE', *, *, #7230, .T. ) ;
#3575 = CARTESIAN_POINT ( 'NONE',  ( 14.20351202541164781, -60.68097998000839510, 3.500000000000000444 ) ) ;
#3576 = EDGE_CURVE ( 'NONE', #7061, #4331, #1999, .T. ) ;
#3577 = CARTESIAN_POINT ( 'NONE',  ( 9.926350115175340605, -74.68097998000808957, 5.360638568015546390 ) ) ;
#3578 = CARTESIAN_POINT ( 'NONE',  ( 1.050078833147643609, -63.66295737233106422, 22.22880758519249156 ) ) ;
#3579 = CARTESIAN_POINT ( 'NONE',  ( 11.17054101212927542, -77.68097998000808957, 19.13247705448230462 ) ) ;
#3580 = CARTESIAN_POINT ( 'NONE',  ( -39.16877089628042796, 47.82561245566945018, 0.8878204592290762642 ) ) ;
#3581 = CIRCLE ( 'NONE', #195, 1.700000000000000178 ) ;
#3582 = CARTESIAN_POINT ( 'NONE',  ( 22.44883895174223554, -70.63756611667150764, 18.07768852544634797 ) ) ;
#3583 = CARTESIAN_POINT ( 'NONE',  ( 19.98704413389288348, -72.57875354981037219, 5.660135021069033989 ) ) ;
#3584 = AXIS2_PLACEMENT_3D ( 'NONE', #3696, #5459, #3620 ) ;
#3585 = CARTESIAN_POINT ( 'NONE',  ( 3.447648144306513895, -77.68097998000808957, 3.787756778612223485 ) ) ;
#3586 = EDGE_CURVE ( 'NONE', #3338, #3964, #4948, .T. ) ;
#3587 = LINE ( 'NONE', #4054, #7146 ) ;
#3588 = CARTESIAN_POINT ( 'NONE',  ( -19.35926881383687004, -72.71731392693200746, 5.243744489157298183 ) ) ;
#3589 = CARTESIAN_POINT ( 'NONE',  ( -39.46797730738289545, 56.22326967777567575, 23.96617812316240759 ) ) ;
#3590 = ORIENTED_EDGE ( 'NONE', *, *, #2475, .F. ) ;
#3591 = PLANE ( 'NONE',  #561 ) ;
#3592 = CARTESIAN_POINT ( 'NONE',  ( -8.622716828144152856, -77.68097998000808957, 20.10202683288566661 ) ) ;
#3593 = FACE_BOUND ( 'NONE', #6341, .T. ) ;
#3594 = ORIENTED_EDGE ( 'NONE', *, *, #619, .T. ) ;
#3595 = CARTESIAN_POINT ( 'NONE',  ( 25.00000000000000000, -60.68097998000806825, -3.469446951953614189E-15 ) ) ;
#3596 = CARTESIAN_POINT ( 'NONE',  ( -24.99999999999999645, -60.68097998000808246, 12.50000000000000000 ) ) ;
#3597 = CARTESIAN_POINT ( 'NONE',  ( -7.586107986135861125, -75.12033604454555302, 0.1586533612001436722 ) ) ;
#3598 = CARTESIAN_POINT ( 'NONE',  ( 21.73432409607677229, -72.25054599859403481, 7.323701020647979121 ) ) ;
#3599 = CARTESIAN_POINT ( 'NONE',  ( 44.53043282387301360, 42.80054909352214310, 19.40053729688985840 ) ) ;
#3600 = CARTESIAN_POINT ( 'NONE',  ( -19.95714967683374397, -73.92659889124625749, 19.19714112739382017 ) ) ;
#3601 = CARTESIAN_POINT ( 'NONE',  ( 40.58541155513260179, -45.54626953308310533, -4.315338757598419425E-16 ) ) ;
#3602 = EDGE_LOOP ( 'NONE', ( #5923, #3295, #1555, #5445 ) ) ;
#3603 = CARTESIAN_POINT ( 'NONE',  ( 13.29205878515835870, -76.16340815884228732, 23.36047188764488425 ) ) ;
#3604 = ORIENTED_EDGE ( 'NONE', *, *, #1897, .T. ) ;
#3605 = DIRECTION ( 'NONE',  ( -0.000000000000000000, -0.000000000000000000, -1.000000000000000000 ) ) ;
#3606 = ORIENTED_EDGE ( 'NONE', *, *, #2938, .F. ) ;
#3607 = EDGE_CURVE ( 'NONE', #262, #426, #2276, .T. ) ;
#3608 = CARTESIAN_POINT ( 'NONE',  ( 7.927255824276840279, -68.61890675890889213, 1.852602076683653509 ) ) ;
#3609 = LINE ( 'NONE', #3568, #2122 ) ;
#3610 = DIRECTION ( 'NONE',  ( -1.000000000000000000, 0.000000000000000000, 0.000000000000000000 ) ) ;
#3611 = CARTESIAN_POINT ( 'NONE',  ( -15.48328148753916444, -77.68097998000807536, 26.58917987456321086 ) ) ;
#3612 = ORIENTED_EDGE ( 'NONE', *, *, #3193, .T. ) ;
#3613 = VECTOR ( 'NONE', #3107, 1000.000000000000000 ) ;
#3614 = CARTESIAN_POINT ( 'NONE',  ( -43.49999999999999289, -22.68097998000809312, 8.499999999999998224 ) ) ;
#3615 = CARTESIAN_POINT ( 'NONE',  ( -21.73432409607680071, -72.25054599859404902, 17.67629897935190186 ) ) ;
#3616 = ORIENTED_EDGE ( 'NONE', *, *, #1449, .T. ) ;
#3617 = FACE_OUTER_BOUND ( 'NONE', #1851, .T. ) ;
#3618 = CARTESIAN_POINT ( 'NONE',  ( 40.50000000000001421, -45.27948865560689740, 0.000000000000000000 ) ) ;
#3619 = B_SPLINE_SURFACE_WITH_KNOTS ( 'NONE', 3, 3, ( 
 ( #6491, #5821, #456, #1202, #2936, #2855, #3014, #4814, #4225, #7725 ),
 ( #5244, #2898, #1126, #7644, #2343, #6450, #577, #2976, #7168, #7209 ),
 ( #5284, #538, #26, #2267, #4660, #7047, #3558, #1830, #4739, #1706 ),
 ( #5401, #3518, #4777, #7130, #6533, #1668, #2421, #5361, #4103, #4066 ),
 ( #5988, #1084, #3476, #1163, #7763, #5864, #7683, #2382, #6576, #6614 ),
 ( #498, #4185, #3598, #615, #1242, #2305, #4700, #2607, #6167, #1977 ),
 ( #3711, #3751, #3164, #7362, #3128, #1905, #5516, #4894, #4265, #6654 ) ),
 .UNSPECIFIED., .F., .F., .F.,
 ( 4, 3, 4 ),
 ( 4, 3, 3, 4 ),
 ( 0.4999999999999991118, 0.7229786739115520167, 0.9459573478231050325 ),
 ( 0.1480422515889388835, 0.3942044041272689259, 0.6403665566655989405, 1.132690861742259081 ),
 .UNSPECIFIED. ) ;
#3620 = DIRECTION ( 'NONE',  ( 1.000000000000000000, 0.000000000000000000, 0.000000000000000000 ) ) ;
#3621 = FACE_OUTER_BOUND ( 'NONE', #1246, .T. ) ;
#3622 = CARTESIAN_POINT ( 'NONE',  ( 21.68401558297709997, -72.13884358107404182, 18.13541498153481157 ) ) ;
#3623 = CARTESIAN_POINT ( 'NONE',  ( 13.62433632872939349, -72.16908287828451307, 2.500513760388779261 ) ) ;
#3624 = CARTESIAN_POINT ( 'NONE',  ( 25.82352941176470651, -74.68097998000811799, 12.49999999999997513 ) ) ;
#3625 = CARTESIAN_POINT ( 'NONE',  ( -43.49999999999999289, -22.68097998000809312, 12.50000000000000000 ) ) ;
#3626 = CARTESIAN_POINT ( 'NONE',  ( -19.28701520035831507, -60.75429370680141972, 3.581107878536619271 ) ) ;
#3627 = DIRECTION ( 'NONE',  ( 1.593074305255970064E-16, -1.000000000000000000, 0.000000000000000000 ) ) ;
#3628 = DIRECTION ( 'NONE',  ( -0.000000000000000000, 1.000000000000000000, -0.000000000000000000 ) ) ;
#3629 = CARTESIAN_POINT ( 'NONE',  ( 6.160766860776845988, -77.68097998000808957, 20.73819215370812685 ) ) ;
#3630 = ADVANCED_FACE ( 'NONE', ( #507 ), #427, .F. ) ;
#3631 = EDGE_CURVE ( 'NONE', #938, #5872, #5386, .T. ) ;
#3632 = LINE ( 'NONE', #56, #5604 ) ;
#3633 = VECTOR ( 'NONE', #5865, 1000.000000000000114 ) ;
#3634 = ORIENTED_EDGE ( 'NONE', *, *, #4104, .T. ) ;
#3635 = CARTESIAN_POINT ( 'NONE',  ( 24.64196912394494632, -77.68097998000808957, 6.918193014638942984 ) ) ;
#3636 = CARTESIAN_POINT ( 'NONE',  ( 24.64196912394494632, -77.68097998000808957, 6.918193014638942984 ) ) ;
#3637 = CARTESIAN_POINT ( 'NONE',  ( 25.05894920403237336, -58.40486459085619941, 26.34498742466486831 ) ) ;
#3638 = CARTESIAN_POINT ( 'NONE',  ( -10.11872895088683677, -76.33262014631263526, 0.4585716118607979785 ) ) ;
#3639 = LINE ( 'NONE', #4372, #1872 ) ;
#3640 = CARTESIAN_POINT ( 'NONE',  ( 43.31505175054813606, 43.60285679674853299, 20.77159533103804279 ) ) ;
#3641 = CARTESIAN_POINT ( 'NONE',  ( -20.24265023608183256, -64.56730728765566596, 20.58292968159661385 ) ) ;
#3642 = EDGE_CURVE ( 'NONE', #7017, #3533, #2314, .T. ) ;
#3643 = CARTESIAN_POINT ( 'NONE',  ( -12.36694661346197144, -77.68097998000808957, 6.452058793034478157 ) ) ;
#3644 = EDGE_LOOP ( 'NONE', ( #4635, #3906, #47, #1434, #4112 ) ) ;
#3645 = CARTESIAN_POINT ( 'NONE',  ( 9.054704145853273545, -60.65315991010832164, 21.45051429590822778 ) ) ;
#3646 = ORIENTED_EDGE ( 'NONE', *, *, #658, .F. ) ;
#3647 =( NAMED_UNIT ( * ) SI_UNIT ( $, .STERADIAN. ) SOLID_ANGLE_UNIT ( ) );
#3648 = CARTESIAN_POINT ( 'NONE',  ( -21.96112556548720818, -73.74607424450226745, 8.782482931179167451 ) ) ;
#3649 = CARTESIAN_POINT ( 'NONE',  ( 9.178538056489117025, -69.85860738540576165, 1.769552079191943905 ) ) ;
#3650 = CARTESIAN_POINT ( 'NONE',  ( -25.42438655634697042, -77.68097998000807536, 16.28290989553602230 ) ) ;
#3651 = CARTESIAN_POINT ( 'NONE',  ( -5.123743942441792321, -60.08850364132560173, 24.85156257324691964 ) ) ;
#3652 = ORIENTED_EDGE ( 'NONE', *, *, #6880, .F. ) ;
#3653 = FACE_OUTER_BOUND ( 'NONE', #7617, .T. ) ;
#3654 = FACE_OUTER_BOUND ( 'NONE', #652, .T. ) ;
#3655 = ORIENTED_EDGE ( 'NONE', *, *, #1815, .F. ) ;
#3656 = DIRECTION ( 'NONE',  ( 1.000000000000000000, 0.000000000000000000, 0.000000000000000000 ) ) ;
#3657 = CARTESIAN_POINT ( 'NONE',  ( -40.74013293297720395, 55.85703827187975890, 1.932699519588180426 ) ) ;
#3658 = CARTESIAN_POINT ( 'NONE',  ( 21.40534784611497443, -58.71490148436929957, 18.50035517332034729 ) ) ;
#3659 = CARTESIAN_POINT ( 'NONE',  ( 25.59344066623103942, -74.68097998000808957, 9.417352158021625286 ) ) ;
#3660 = B_SPLINE_CURVE_WITH_KNOTS ( 'NONE', 3,
 ( #2422, #3559, #7210, #1278 ),
 .UNSPECIFIED., .F., .F.,
 ( 4, 4 ),
 ( 0.000000000000000000, 0.001604119846120640987 ),
 .UNSPECIFIED. ) ;
#3661 = CIRCLE ( 'NONE', #5534, 101.5772389525943282 ) ;
#3662 = CARTESIAN_POINT ( 'NONE',  ( 21.33260991109961324, -74.87651464294074799, 17.68190961479852774 ) ) ;
#3663 = CARTESIAN_POINT ( 'NONE',  ( 14.55592638336455735, -64.06082949571720064, 3.473642082281436227 ) ) ;
#3664 = CARTESIAN_POINT ( 'NONE',  ( -38.49999999999998579, -44.31902001999193175, 0.000000000000000000 ) ) ;
#3665 = CARTESIAN_POINT ( 'NONE',  ( -16.96042581021807649, -74.68097998000807536, 10.70980860321818540 ) ) ;
#3666 = DIRECTION ( 'NONE',  ( 0.000000000000000000, 0.000000000000000000, 1.000000000000000000 ) ) ;
#3667 = PLANE ( 'NONE',  #1349 ) ;
#3668 = CARTESIAN_POINT ( 'NONE',  ( -15.53663826102311774, -74.68097998000808957, 16.29845140207872234 ) ) ;
#3669 = CARTESIAN_POINT ( 'NONE',  ( -0.007630428499740279404, -77.68097998000808957, 1.251657186812441980 ) ) ;
#3670 = ORIENTED_EDGE ( 'NONE', *, *, #4775, .T. ) ;
#3671 = DIRECTION ( 'NONE',  ( -0.000000000000000000, -0.000000000000000000, -1.000000000000000000 ) ) ;
#3672 = DIRECTION ( 'NONE',  ( -1.000000000000000000, 0.000000000000000000, 0.000000000000000000 ) ) ;
#3673 = CARTESIAN_POINT ( 'NONE',  ( 25.05344282515678955, -58.40486459085619941, 26.13562917073663527 ) ) ;
#3674 = CARTESIAN_POINT ( 'NONE',  ( -8.960884128208238764, -76.37580953461221611, 0.1232078845694517671 ) ) ;
#3675 = CARTESIAN_POINT ( 'NONE',  ( -22.01694537661039419, -77.69904329675864574, 3.191705906947974736 ) ) ;
#3676 = EDGE_CURVE ( 'NONE', #1141, #1921, #4117, .T. ) ;
#3677 = ADVANCED_FACE ( 'NONE', ( #1562 ), #6261, .T. ) ;
#3678 = CARTESIAN_POINT ( 'NONE',  ( 40.99999999999999289, 45.06252015498433394, 21.50000000000000000 ) ) ;
#3679 = CARTESIAN_POINT ( 'NONE',  ( -16.90495914153338575, -69.11113584814660271, 21.07471919102184899 ) ) ;
#3680 = CARTESIAN_POINT ( 'NONE',  ( 11.09144526588921487, -77.68097998000808957, 5.832334050879171450 ) ) ;
#3681 = CARTESIAN_POINT ( 'NONE',  ( 15.64861594070330852, -65.25638415763948785, 21.38229923068328020 ) ) ;
#3682 = ORIENTED_EDGE ( 'NONE', *, *, #5951, .F. ) ;
#3683 = CARTESIAN_POINT ( 'NONE',  ( 40.94300853594529599, 36.82458944986810678, 0.01188302002953465705 ) ) ;
#3684 = CARTESIAN_POINT ( 'NONE',  ( -25.88303243258905084, -77.68097998000807536, 10.58958790463212374 ) ) ;
#3685 = CARTESIAN_POINT ( 'NONE',  ( 9.696565293775018191, -65.88357227394116933, 2.681659458061057766 ) ) ;
#3686 = EDGE_CURVE ( 'NONE', #7273, #5899, #365, .T. ) ;
#3687 = CARTESIAN_POINT ( 'NONE',  ( -24.94317924871467795, -58.40486459085620652, 21.44258561650556061 ) ) ;
#3688 = CARTESIAN_POINT ( 'NONE',  ( -4.166666666666627883, -60.68097998000808246, 25.00000000000000000 ) ) ;
#3689 = CARTESIAN_POINT ( 'NONE',  ( 14.20351202541164781, -60.68097998000839510, 3.500000000000000444 ) ) ;
#3690 = ORIENTED_EDGE ( 'NONE', *, *, #986, .T. ) ;
#3691 = CARTESIAN_POINT ( 'NONE',  ( -40.18629150101523351, -51.91317049390478644, 25.00000000000000000 ) ) ;
#3692 = CARTESIAN_POINT ( 'NONE',  ( -21.85017999398598221, -70.99770916956151723, 17.06439910275242156 ) ) ;
#3693 = ORIENTED_EDGE ( 'NONE', *, *, #2828, .F. ) ;
#3694 = CYLINDRICAL_SURFACE ( 'NONE', #5002, 1.499999999999997780 ) ;
#3695 = CARTESIAN_POINT ( 'NONE',  ( 17.74748603729676333, -74.68097998000808957, 12.49999999999998224 ) ) ;
#3696 = CARTESIAN_POINT ( 'NONE',  ( 43.50000000000000711, 35.00000000000000711, 12.50000000000000000 ) ) ;
#3697 = CARTESIAN_POINT ( 'NONE',  ( -3.951497889051504231, -74.68097998000810378, -0.2836332976604496459 ) ) ;
#3698 = EDGE_CURVE ( 'NONE', #5879, #7149, #6430, .T. ) ;
#3699 = CARTESIAN_POINT ( 'NONE',  ( 15.64861594070321438, -65.25638415763940259, 3.617700769316705145 ) ) ;
#3700 = CARTESIAN_POINT ( 'NONE',  ( -36.32187346424503005, 51.23760426441596394, 3.511982654841742768 ) ) ;
#3701 = LINE ( 'NONE', #1968, #7646 ) ;
#3702 = FACE_OUTER_BOUND ( 'NONE', #5357, .T. ) ;
#3703 = CARTESIAN_POINT ( 'NONE',  ( 48.50000000000000000, 40.00000000000000711, 25.00000000000000000 ) ) ;
#3704 = CARTESIAN_POINT ( 'NONE',  ( -16.39801473810168631, -74.68097998000808957, 15.29153128852962773 ) ) ;
#3705 = CARTESIAN_POINT ( 'NONE',  ( 48.50000000000000000, 40.00000000000000711, 25.00000000000000000 ) ) ;
#3706 = ORIENTED_EDGE ( 'NONE', *, *, #1698, .T. ) ;
#3707 = CARTESIAN_POINT ( 'NONE',  ( 45.00000000000000000, 40.00000000000000711, 7.500000000000000000 ) ) ;
#3708 = DIRECTION ( 'NONE',  ( -0.000000000000000000, -0.000000000000000000, -1.000000000000000000 ) ) ;
#3709 = DIRECTION ( 'NONE',  ( -1.000000000000000000, 0.000000000000000000, 0.000000000000000000 ) ) ;
#3710 = CARTESIAN_POINT ( 'NONE',  ( -13.26306052945034786, -61.53939035246103373, 3.475356423283398222 ) ) ;
#3711 = CARTESIAN_POINT ( 'NONE',  ( 21.61036000839346727, -74.76901982924471213, 7.632402111171885828 ) ) ;
#3712 = CARTESIAN_POINT ( 'NONE',  ( 45.00000000000000000, 42.48381121475496514, 17.50000000000000000 ) ) ;
#3713 = CARTESIAN_POINT ( 'NONE',  ( -19.35178423752188692, -68.70145445424408592, 20.17360827705202908 ) ) ;
#3714 = CARTESIAN_POINT ( 'NONE',  ( -4.419071297123816855, -74.68097998000808957, 3.963485450298333657 ) ) ;
#3715 = EDGE_CURVE ( 'NONE', #5260, #6446, #6105, .T. ) ;
#3716 = CARTESIAN_POINT ( 'NONE',  ( 17.52823973180035466, -64.99213116019399195, 21.05189729705854873 ) ) ;
#3717 = VERTEX_POINT ( 'NONE', #3139 ) ;
#3718 = CARTESIAN_POINT ( 'NONE',  ( 43.11789580651397813, 37.68671463426731805, 0.4391854821513129781 ) ) ;
#3719 = CARTESIAN_POINT ( 'NONE',  ( -21.52623737368729451, -72.09404204058938603, 6.304964356366686395 ) ) ;
#3720 = CARTESIAN_POINT ( 'NONE',  ( 2.202768498277637654, -66.21969019301735671, 2.042487438672067945 ) ) ;
#3721 = CARTESIAN_POINT ( 'NONE',  ( -24.64196912394494987, -77.68097998000808957, 18.08180698536105169 ) ) ;
#3722 = CARTESIAN_POINT ( 'NONE',  ( 1.580536642169201977, -78.46065648618760235, 30.22931661946456572 ) ) ;
#3723 = CARTESIAN_POINT ( 'NONE',  ( -25.09015867712127701, -77.68097998000810378, 17.18542787900840096 ) ) ;
#3724 = VERTEX_POINT ( 'NONE', #4196 ) ;
#3725 = EDGE_CURVE ( 'NONE', #1194, #3818, #1763, .T. ) ;
#3726 = CARTESIAN_POINT ( 'NONE',  ( 17.74748603729676333, -77.68097998000808957, 12.49999999999998224 ) ) ;
#3727 = CARTESIAN_POINT ( 'NONE',  ( 40.70671428425492877, 33.51952628584506044, 0.001090318094378420286 ) ) ;
#3728 = ORIENTED_EDGE ( 'NONE', *, *, #6742, .T. ) ;
#3729 = CARTESIAN_POINT ( 'NONE',  ( -39.84761309033729049, -42.89381931908830126, 6.394957755087387952 ) ) ;
#3730 = CARTESIAN_POINT ( 'NONE',  ( 16.98652243561048536, -74.68097998000808957, 10.76919608926417560 ) ) ;
#3731 = CARTESIAN_POINT ( 'NONE',  ( -22.01694537661054341, -74.68097998000808957, 21.80829409305187028 ) ) ;
#3732 = CARTESIAN_POINT ( 'NONE',  ( -43.49999999999999289, -14.68097998000809135, 8.499999999999998224 ) ) ;
#3733 = EDGE_LOOP ( 'NONE', ( #5994, #5251, #2912, #6199 ) ) ;
#3734 = CIRCLE ( 'NONE', #3111, 1.499999999999999112 ) ;
#3735 = CARTESIAN_POINT ( 'NONE',  ( -14.77299651914990442, -74.68097998000811799, -1.308736367287349989 ) ) ;
#3736 = VECTOR ( 'NONE', #1934, 999.9999999999998863 ) ;
#3737 = CARTESIAN_POINT ( 'NONE',  ( 13.81412485273781243, -73.47802650219128395, 2.366555065164708704 ) ) ;
#3738 = CARTESIAN_POINT ( 'NONE',  ( 16.12763008922675922, -77.68097998000808957, 9.357240089103676439 ) ) ;
#3739 = CARTESIAN_POINT ( 'NONE',  ( 25.65675476115115572, -77.68097998000808957, 15.33428754590540244 ) ) ;
#3740 = CARTESIAN_POINT ( 'NONE',  ( -25.65639081652327391, -76.26764005264446666, 9.664307650278919581 ) ) ;
#3741 = CARTESIAN_POINT ( 'NONE',  ( 25.65889400400662979, -76.73875300381664033, 9.655516731639560035 ) ) ;
#3742 = CARTESIAN_POINT ( 'NONE',  ( -38.49999999999998579, -44.31902001999193175, 1.450000000000001732 ) ) ;
#3743 = CLOSED_SHELL ( 'NONE', ( #6646, #7102, #890, #765, #2197, #1450, #5870, #3336, #4060, #1510, #2962, #6070, #5101, #7510, #3531, #2241, #6274, #4641, #3238, #2763, #274, #7664, #3963, #2384, #4741, #1204, #4152, #3036, #2286, #3677, #987, #6604, #4662, #3532, #889, #4409, #1086, #1060, #6699, #2141, #6148, #5453, #464, #3971, #4385, #75, #1848, #7523, #6855, #1318, #1096, #5578, #510, #4199, #4250, #3438, #4902, #7347, #3771, #4685, #2436, #4080, #1631, #6832, #6071 ) ) ;
#3744 = CARTESIAN_POINT ( 'NONE',  ( 21.62810822051580573, -73.49219301870037668, 17.78704421996133789 ) ) ;
#3745 = EDGE_CURVE ( 'NONE', #5817, #5556, #3609, .T. ) ;
#3746 = ORIENTED_EDGE ( 'NONE', *, *, #6501, .T. ) ;
#3747 = CARTESIAN_POINT ( 'NONE',  ( 25.08282398096125831, -77.68097998000807536, 17.20009727132843125 ) ) ;
#3748 = CARTESIAN_POINT ( 'NONE',  ( 44.68058430317779539, -42.73549150918661610, 1.178645325629313456 ) ) ;
#3749 = CARTESIAN_POINT ( 'NONE',  ( -9.054704145853262887, -60.65315991010830743, 3.549485704091773997 ) ) ;
#3750 = CIRCLE ( 'NONE', #361, 1.700000000000000178 ) ;
#3751 = CARTESIAN_POINT ( 'NONE',  ( 21.55429423148304480, -73.43740735506638373, 6.952226453951526608 ) ) ;
#3752 = LINE ( 'NONE', #4556, #1205 ) ;
#3753 = LINE ( 'NONE', #177, #6435 ) ;
#3754 = CARTESIAN_POINT ( 'NONE',  ( -13.07810359153832991, -68.23572770314981994, 22.11238257578358102 ) ) ;
#3755 = B_SPLINE_CURVE_WITH_KNOTS ( 'NONE', 3,
 ( #5989, #1311, #2937, #4740, #7132, #6534, #1572, #5551, #6910, #5767, #176, #6168, #2761, #2208, #5517, #7327, #3382, #3969, #950, #2721, #4336, #3344, #141, #1944, #2535, #913, #1530, #2128, #397, #5730, #2168, #6989, #4933, #7545, #4516, #2799 ),
 .UNSPECIFIED., .F., .F.,
 ( 4, 2, 2, 2, 2, 2, 2, 2, 2, 2, 2, 2, 2, 2, 2, 2, 2, 4 ),
 ( 0.0009032307561714831602, 0.003866167305732702390, 0.005347635580513312656, 0.006829103855293922054, 0.009792040404855147789, 0.01275497695441637526, 0.01571791350397760273, 0.01868085005353883193, 0.02460672315266128340, 0.02608819142744189801, 0.02756965970222251608, 0.03053259625178373488, 0.03645846935090619328, 0.03942140590046742249, 0.04238434245002863782, 0.04534727899958986702, 0.04682874727437048162, 0.04831021554915109623 ),
 .UNSPECIFIED. ) ;
#3756 = CARTESIAN_POINT ( 'NONE',  ( -1.791487525088896637, -74.68097998000808957, 3.687517655318166110 ) ) ;
#3757 = CARTESIAN_POINT ( 'NONE',  ( 14.84232250118492935, -66.70647548056486187, 21.58135165000769717 ) ) ;
#3758 = VERTEX_POINT ( 'NONE', #2544 ) ;
#3759 = CARTESIAN_POINT ( 'NONE',  ( -35.99999999999999289, 57.12970680410467850, 21.50000000000000000 ) ) ;
#3760 = CARTESIAN_POINT ( 'NONE',  ( -24.88177154653316947, -58.40486459085620652, 16.96875465205358324 ) ) ;
#3761 = CARTESIAN_POINT ( 'NONE',  ( 1.269873893826112932, -73.94033909007801242, -0.2515669139415830924 ) ) ;
#3762 = VECTOR ( 'NONE', #4727, 1000.000000000000000 ) ;
#3763 = CARTESIAN_POINT ( 'NONE',  ( 21.74775065650146999, -68.24205564982452188, 17.88007936870191372 ) ) ;
#3764 = CARTESIAN_POINT ( 'NONE',  ( 7.181129364893422462, -60.08850364132558752, 24.87619070880220207 ) ) ;
#3765 = DIRECTION ( 'NONE',  ( -1.000000000000000000, 0.000000000000000000, 0.000000000000000000 ) ) ;
#3766 = VERTEX_POINT ( 'NONE', #7142 ) ;
#3767 = CARTESIAN_POINT ( 'NONE',  ( 16.91644020938784010, -77.68097998000808957, 14.38971422161699820 ) ) ;
#3768 = CARTESIAN_POINT ( 'NONE',  ( 0.000000000000000000, 0.000000000000000000, 12.50000000000000000 ) ) ;
#3769 = ORIENTED_EDGE ( 'NONE', *, *, #6195, .T. ) ;
#3770 = CARTESIAN_POINT ( 'NONE',  ( 43.80513664280998398, 37.48417792552698558, 20.35604890152794511 ) ) ;
#3771 = ADVANCED_FACE ( 'NONE', ( #5960 ), #2637, .F. ) ;
#3772 = CARTESIAN_POINT ( 'NONE',  ( -10.66813238574207290, -74.68097998000807536, 33.96922468514762983 ) ) ;
#3773 = EDGE_CURVE ( 'NONE', #3069, #1843, #2856, .T. ) ;
#3774 = ORIENTED_EDGE ( 'NONE', *, *, #1409, .T. ) ;
#3775 = CARTESIAN_POINT ( 'NONE',  ( 2.931798655200698267, -74.68097998000808957, -4.039521468944683669 ) ) ;
#3776 = DIRECTION ( 'NONE',  ( -0.000000000000000000, -0.000000000000000000, -1.000000000000000000 ) ) ;
#3777 = CARTESIAN_POINT ( 'NONE',  ( -16.96244371130475415, -74.68097998000808957, 10.71438831789523149 ) ) ;
#3778 = CARTESIAN_POINT ( 'NONE',  ( -24.25119273388979479, -60.14129155595872334, 3.542945132950647391 ) ) ;
#3779 = EDGE_CURVE ( 'NONE', #7609, #4624, #1816, .T. ) ;
#3780 = DIRECTION ( 'NONE',  ( -1.000000000000000000, 0.000000000000000000, 0.000000000000000000 ) ) ;
#3781 = CARTESIAN_POINT ( 'NONE',  ( 40.50000000000001421, -41.57723895259431401, 17.00000000000000000 ) ) ;
#3782 =( BOUNDED_CURVE ( )  B_SPLINE_CURVE ( 3, ( #6485, #5398, #4773, #5903 ),
 .UNSPECIFIED., .F., .T. ) 
 B_SPLINE_CURVE_WITH_KNOTS ( ( 4, 4 ),
 ( 0.3246323907991540691, 0.5728213856684026828 ),
 .UNSPECIFIED. ) 
 CURVE ( )  GEOMETRIC_REPRESENTATION_ITEM ( )  RATIONAL_B_SPLINE_CURVE ( ( 1.000000000000000000, 0.9948734358240677311, 0.9948734358240677311, 1.000000000000000000 ) ) 
 REPRESENTATION_ITEM ( '' )  );
#3783 = VERTEX_POINT ( 'NONE', #3401 ) ;
#3784 = CARTESIAN_POINT ( 'NONE',  ( 41.82687052743027323, 33.13553702992611250, 21.41525718696719593 ) ) ;
#3785 = CARTESIAN_POINT ( 'NONE',  ( 25.00000000000000000, -60.68097998000807536, 25.00000000000000000 ) ) ;
#3786 = VECTOR ( 'NONE', #6200, 999.9999999999998863 ) ;
#3787 = CARTESIAN_POINT ( 'NONE',  ( 44.94146623516360961, -43.20235350422435516, 1.344487206410255320 ) ) ;
#3788 = CARTESIAN_POINT ( 'NONE',  ( -10.55913638414096312, -64.49504044025150051, 3.005236919794561423 ) ) ;
#3789 = CARTESIAN_POINT ( 'NONE',  ( -10.66813238574190770, -77.69904329675864574, -8.969224685147517917 ) ) ;
#3790 = CARTESIAN_POINT ( 'NONE',  ( 14.25240334010258891, -77.68097998000808957, 17.40682367773007755 ) ) ;
#3791 = CARTESIAN_POINT ( 'NONE',  ( 42.62028189883803719, 37.34494291313201586, 3.839862257852762806 ) ) ;
#3792 = CARTESIAN_POINT ( 'NONE',  ( -13.72778536718266018, -65.50184966088140470, 21.71372039792313302 ) ) ;
#3793 = CARTESIAN_POINT ( 'NONE',  ( 15.98458317706142040, -74.68097998000808957, 9.188939740610393869 ) ) ;
#3794 = CARTESIAN_POINT ( 'NONE',  ( 15.52556338072287545, -63.93223621438372106, 21.40804604191458438 ) ) ;
#3795 = ORIENTED_EDGE ( 'NONE', *, *, #5495, .F. ) ;
#3796 = CARTESIAN_POINT ( 'NONE',  ( 13.39183460698093420, -77.68097998000808957, -2.517845279536406800 ) ) ;
#3797 = CARTESIAN_POINT ( 'NONE',  ( -21.77805212901341392, -73.60954770939167702, 7.863275464407330162 ) ) ;
#3798 = CARTESIAN_POINT ( 'NONE',  ( 3.963494385744575688, -76.48504140101965731, -0.7878076209067680358 ) ) ;
#3799 = CARTESIAN_POINT ( 'NONE',  ( 21.53312115140107608, -61.40117526047755803, 16.14868453742596088 ) ) ;
#3800 = CARTESIAN_POINT ( 'NONE',  ( 24.69838774608265197, -77.68097998000808957, 17.96896974108564393 ) ) ;
#3801 = DIRECTION ( 'NONE',  ( 0.000000000000000000, 0.000000000000000000, 1.000000000000000000 ) ) ;
#3802 = VERTEX_POINT ( 'NONE', #4106 ) ;
#3803 = CARTESIAN_POINT ( 'NONE',  ( -21.37918666975486559, -58.73000564658311617, 12.49999999999999645 ) ) ;
#3804 = CARTESIAN_POINT ( 'NONE',  ( 45.03519270640566674, 34.13450447300085955, 1.409321211018961684 ) ) ;
#3805 = B_SPLINE_CURVE_WITH_KNOTS ( 'NONE', 3,
 ( #1471, #6850, #4455, #895, #2702, #5089, #4418, #1513, #1433, #4499, #298, #6777, #1398, #223, #260, #3874, #7489, #6894, #3834, #5050, #6258, #2623, #6180, #2108, #4384, #819, #2067, #5598, #5015, #6216, #2662, #7410 ),
 .UNSPECIFIED., .F., .F.,
 ( 4, 2, 2, 2, 2, 2, 2, 2, 2, 2, 2, 2, 2, 2, 2, 4 ),
 ( 0.000000000000000000, 0.0004822847810010810602, 0.0009645695620021621204, 0.001446854343003243018, 0.001929139124004324241, 0.002411423905005405464, 0.002893708686006486036, 0.003375993467007567476, 0.003858278248008648482, 0.004340563029009729921, 0.004822847810010810927, 0.005305132591011891934, 0.005787417372012972072, 0.006269702153014053078, 0.006751986934015134952, 0.007716556496017298698 ),
 .UNSPECIFIED. ) ;
#3806 = ORIENTED_EDGE ( 'NONE', *, *, #2809, .F. ) ;
#3807 = CARTESIAN_POINT ( 'NONE',  ( 41.94593255341832361, 36.96465593492391122, 21.38888353010989007 ) ) ;
#3808 = DIRECTION ( 'NONE',  ( -0.000000000000000000, -0.000000000000000000, -1.000000000000000000 ) ) ;
#3809 = CARTESIAN_POINT ( 'NONE',  ( -21.84978653842413365, -77.68097998000808957, 3.014876443194697497 ) ) ;
#3810 = CARTESIAN_POINT ( 'NONE',  ( 17.86907151464183841, -74.68097998000808957, 0.1834256247319693556 ) ) ;
#3811 = EDGE_CURVE ( 'NONE', #5668, #3338, #1669, .T. ) ;
#3812 = CARTESIAN_POINT ( 'NONE',  ( -37.76058957307549946, 52.39247003987275519, 3.904802587007217607 ) ) ;
#3813 = CARTESIAN_POINT ( 'NONE',  ( -3.135902655557095020, -74.68097998000808957, 3.784516453554020110 ) ) ;
#3814 = FACE_BOUND ( 'NONE', #1993, .T. ) ;
#3815 = FACE_OUTER_BOUND ( 'NONE', #234, .T. ) ;
#3816 = CARTESIAN_POINT ( 'NONE',  ( 17.70833333333333925, -60.68097998000808246, 0.000000000000000000 ) ) ;
#3817 = EDGE_CURVE ( 'NONE', #1194, #1373, #7048, .T. ) ;
#3818 = VERTEX_POINT ( 'NONE', #1088 ) ;
#3819 = CARTESIAN_POINT ( 'NONE',  ( 42.62028189883801588, 32.65505708686801967, 21.16013774214724208 ) ) ;
#3820 = CARTESIAN_POINT ( 'NONE',  ( 25.44682351704894074, -78.57975569811020478, 8.957667168756628939 ) ) ;
#3821 = CARTESIAN_POINT ( 'NONE',  ( 25.05344282515679311, -58.40486459085619941, -1.135629170736659921 ) ) ;
#3822 = CARTESIAN_POINT ( 'NONE',  ( -12.87369410322699359, -73.55946903996742492, 1.984722892000628791 ) ) ;
#3823 = DIRECTION ( 'NONE',  ( -1.000000000000000000, 0.000000000000000000, 0.000000000000000000 ) ) ;
#3824 = CARTESIAN_POINT ( 'NONE',  ( 45.09320149786616838, 35.59305057726724186, 1.450000000000001732 ) ) ;
#3825 = CARTESIAN_POINT ( 'NONE',  ( -16.15487841011795211, -70.55361060712050403, 21.38573772430451569 ) ) ;
#3826 = VECTOR ( 'NONE', #5336, 1000.000000000000000 ) ;
#3827 = CARTESIAN_POINT ( 'NONE',  ( 21.62809653433946977, -73.49322507334022703, 7.213303143059990319 ) ) ;
#3828 = CARTESIAN_POINT ( 'NONE',  ( 16.69858866667671649, -66.45612959387187857, 21.15913751880276905 ) ) ;
#3829 = ORIENTED_EDGE ( 'NONE', *, *, #5170, .F. ) ;
#3830 = CARTESIAN_POINT ( 'NONE',  ( 20.62003650863898585, -77.68097998000807536, 1.815592449411378206 ) ) ;
#3831 = CARTESIAN_POINT ( 'NONE',  ( -21.52552370594081665, -61.36288191351790999, 7.027281616071221926 ) ) ;
#3832 = CARTESIAN_POINT ( 'NONE',  ( 6.534906650736629352, -76.44356245413305828, -0.4270485246065512386 ) ) ;
#3833 = CARTESIAN_POINT ( 'NONE',  ( 21.54998219735380260, -64.02861143124196985, 20.68693560176842539 ) ) ;
#3834 = CARTESIAN_POINT ( 'NONE',  ( 43.56706622681630137, -42.49805066844239576, 20.57180368837162376 ) ) ;
#3835 = CARTESIAN_POINT ( 'NONE',  ( 43.24856875884172780, -46.97414212826231505, 0.4858035165760376528 ) ) ;
#3836 = VERTEX_POINT ( 'NONE', #1012 ) ;
#3837 = ORIENTED_EDGE ( 'NONE', *, *, #4344, .T. ) ;
#3838 = EDGE_CURVE ( 'NONE', #3766, #3179, #5033, .T. ) ;
#3839 = CARTESIAN_POINT ( 'NONE',  ( -39.99999999999999289, 48.00000000000000711, 12.50000000000000000 ) ) ;
#3840 = EDGE_LOOP ( 'NONE', ( #977, #5408, #3471, #7135, #747 ) ) ;
#3841 = CARTESIAN_POINT ( 'NONE',  ( -41.81614819380371273, 55.53314744441712492, 3.062194534526788026 ) ) ;
#3842 = CARTESIAN_POINT ( 'NONE',  ( -24.64196912394494632, -77.68097998000808957, 6.918193014638940319 ) ) ;
#3843 = CARTESIAN_POINT ( 'NONE',  ( 43.04050957348079010, -42.53838129721020067, 4.055944164296434451 ) ) ;
#3844 = VERTEX_POINT ( 'NONE', #3991 ) ;
#3845 = CARTESIAN_POINT ( 'NONE',  ( -25.59344066623074809, -77.68097998000808957, 15.58264784197945652 ) ) ;
#3846 = CARTESIAN_POINT ( 'NONE',  ( 45.09320149786618259, -43.72596944272473252, 1.450000000000001732 ) ) ;
#3847 = CARTESIAN_POINT ( 'NONE',  ( -5.402063760179448337, -74.68097998000811799, 4.127509557400919071 ) ) ;
#3848 = CARTESIAN_POINT ( 'NONE',  ( -2.367218916136471840, -70.07578936966038441, 24.07308255013728626 ) ) ;
#3849 = PLANE ( 'NONE',  #7378 ) ;
#3850 = AXIS2_PLACEMENT_3D ( 'NONE', #3121, #3045, #4962 ) ;
#3851 = CARTESIAN_POINT ( 'NONE',  ( 24.81122499035808460, -77.68097998000808957, 7.256704747465212435 ) ) ;
#3852 = CONICAL_SURFACE ( 'NONE', #5990, 3.149999999999999911, 0.7853981633974477239 ) ;
#3853 = EDGE_LOOP ( 'NONE', ( #3106, #1075, #3915, #6591 ) ) ;
#3854 = FACE_OUTER_BOUND ( 'NONE', #2586, .T. ) ;
#3855 = CARTESIAN_POINT ( 'NONE',  ( 25.00000000000000000, -60.68097998000807536, -0.5830490930748685185 ) ) ;
#3856 = CARTESIAN_POINT ( 'NONE',  ( 24.94317924871467795, -58.40486459085619231, 3.557414383494455379 ) ) ;
#3857 = CARTESIAN_POINT ( 'NONE',  ( -14.12704933932847773, -60.09203567123918077, 3.502129695426387634 ) ) ;
#3858 = CARTESIAN_POINT ( 'NONE',  ( 21.45495460367104457, -58.68626100954065805, 21.50000000000081002 ) ) ;
#3859 = VECTOR ( 'NONE', #7199, 999.9999999999998863 ) ;
#3860 = CARTESIAN_POINT ( 'NONE',  ( -38.49999999999998579, -44.31902001999193175, 0.000000000000000000 ) ) ;
#3861 = EDGE_CURVE ( 'NONE', #621, #6771, #6451, .T. ) ;
#3862 = CARTESIAN_POINT ( 'NONE',  ( -14.21784297905703198, -76.08947347615251999, 22.91150449516215559 ) ) ;
#3863 = CARTESIAN_POINT ( 'NONE',  ( 16.39801473810187105, -77.68097998000808957, 9.708468711470628065 ) ) ;
#3864 = CARTESIAN_POINT ( 'NONE',  ( 20.94756383570938141, -67.07494887407410999, 19.86556720783732288 ) ) ;
#3865 = VERTEX_POINT ( 'NONE', #3519 ) ;
#3866 = VECTOR ( 'NONE', #5064, 1000.000000000000000 ) ;
#3867 = DIRECTION ( 'NONE',  ( -0.000000000000000000, -0.000000000000000000, -1.000000000000000000 ) ) ;
#3868 = DIRECTION ( 'NONE',  ( -1.000000000000000000, 0.000000000000000000, 0.000000000000000000 ) ) ;
#3869 = CARTESIAN_POINT ( 'NONE',  ( 3.787008615506007647, -73.91325562319705966, -0.06681985422568544053 ) ) ;
#3870 = CARTESIAN_POINT ( 'NONE',  ( -38.49745445198745841, 52.57133318243179332, 0.5815738986060998705 ) ) ;
#3871 = CARTESIAN_POINT ( 'NONE',  ( 22.08557058925520167, -73.83730790969738678, 15.29197718674632789 ) ) ;
#3872 = EDGE_CURVE ( 'NONE', #710, #4003, #457, .T. ) ;
#3873 = CARTESIAN_POINT ( 'NONE',  ( 13.39986135547582080, -60.08850364132559463, 24.98578596991944067 ) ) ;
#3874 = CARTESIAN_POINT ( 'NONE',  ( 43.03953047244187502, -42.53857592330704307, 20.94462415006241329 ) ) ;
#3875 = AXIS2_PLACEMENT_3D ( 'NONE', #7120, #1739, #4139 ) ;
#3876 = FACE_OUTER_BOUND ( 'NONE', #6781, .T. ) ;
#3877 = ORIENTED_EDGE ( 'NONE', *, *, #5258, .F. ) ;
#3878 = CARTESIAN_POINT ( 'NONE',  ( 5.595498240628466569, -67.42128887558290273, 23.10515446569042552 ) ) ;
#3879 = ORIENTED_EDGE ( 'NONE', *, *, #3204, .T. ) ;
#3880 = AXIS2_PLACEMENT_3D ( 'NONE', #6979, #6421, #7694 ) ;
#3881 = CARTESIAN_POINT ( 'NONE',  ( 42.85877032672650699, 32.27604768537221247, 0.3543979852199103386 ) ) ;
#3882 = ORIENTED_EDGE ( 'NONE', *, *, #1805, .T. ) ;
#3883 = CARTESIAN_POINT ( 'NONE',  ( 16.43676526278722250, -73.19729199210081561, 3.567496703422964544 ) ) ;
#3884 = CARTESIAN_POINT ( 'NONE',  ( -43.44563916785021007, 55.01776605192864622, 6.925764496418855387 ) ) ;
#3885 = CARTESIAN_POINT ( 'NONE',  ( -15.66787898838768456, -78.46065648618758814, -1.662064945874398791 ) ) ;
#3886 = CARTESIAN_POINT ( 'NONE',  ( 43.17616481289908137, -42.51757276674031516, 4.139925451880914764 ) ) ;
#3887 = ORIENTED_EDGE ( 'NONE', *, *, #5544, .F. ) ;
#3888 = CARTESIAN_POINT ( 'NONE',  ( -20.26068141300017444, -74.68097998000804694, 6.150915477010086896 ) ) ;
#3889 = CARTESIAN_POINT ( 'NONE',  ( -39.99999999999999289, 52.00000000000002842, 7.174327453771121021 ) ) ;
#3890 = CARTESIAN_POINT ( 'NONE',  ( -13.44938472787848127, -74.68097998000808957, 7.083462066868102092 ) ) ;
#3891 = CARTESIAN_POINT ( 'NONE',  ( -2.100643855524118475, -63.64852072924522020, 22.21407650456607641 ) ) ;
#3892 = CARTESIAN_POINT ( 'NONE',  ( 16.63307363108360448, -60.53155279912018472, 21.50000000000000355 ) ) ;
#3893 = LINE ( 'NONE', #4961, #2871 ) ;
#3894 = CARTESIAN_POINT ( 'NONE',  ( 22.49889734027488331, -78.46065648618757393, 3.718926840066207440 ) ) ;
#3895 = ORIENTED_EDGE ( 'NONE', *, *, #1500, .T. ) ;
#3896 = CARTESIAN_POINT ( 'NONE',  ( 21.03868674601101674, -65.74610760876448978, 4.862164790998106056 ) ) ;
#3897 = CARTESIAN_POINT ( 'NONE',  ( 24.51858991215566874, -77.68097998000808957, 6.671434591060377173 ) ) ;
#3898 = CARTESIAN_POINT ( 'NONE',  ( 24.55971631608542793, -77.68097998000808957, 6.753687398919899110 ) ) ;
#3899 = CARTESIAN_POINT ( 'NONE',  ( -16.39162555192605808, -62.47835174387991941, 3.637327342181752687 ) ) ;
#3900 = DIRECTION ( 'NONE',  ( -1.000000000000000000, 0.000000000000000000, 0.000000000000000000 ) ) ;
#3901 = DIRECTION ( 'NONE',  ( -1.000000000000000000, 0.000000000000000000, 0.000000000000000000 ) ) ;
#3902 = CARTESIAN_POINT ( 'NONE',  ( -16.43676526278733974, -73.19729199210101456, 21.43250329657698927 ) ) ;
#3903 = CARTESIAN_POINT ( 'NONE',  ( 16.52603377690035558, -74.68097998000808957, 9.892701233337554356 ) ) ;
#3904 = CARTESIAN_POINT ( 'NONE',  ( 21.59393509400970501, -68.25385901014466583, 19.30814663416260046 ) ) ;
#3905 = AXIS2_PLACEMENT_3D ( 'NONE', #4398, #202, #6157 ) ;
#3906 = ORIENTED_EDGE ( 'NONE', *, *, #1031, .T. ) ;
#3907 = DIRECTION ( 'NONE',  ( -1.000000000000000000, 0.000000000000000000, 0.000000000000000000 ) ) ;
#3908 = CARTESIAN_POINT ( 'NONE',  ( -22.11183528976024704, -71.18503218667467536, 11.35652417619007792 ) ) ;
#3909 = EDGE_CURVE ( 'NONE', #5164, #1711, #7514, .T. ) ;
#3910 = CARTESIAN_POINT ( 'NONE',  ( -5.562268870144021314E-14, -68.80164823120449569, 1.259812750432976580 ) ) ;
#3911 = FACE_OUTER_BOUND ( 'NONE', #1494, .T. ) ;
#3912 = CARTESIAN_POINT ( 'NONE',  ( 22.13333020349539026, -72.53824569640887887, 14.58146636484155856 ) ) ;
#3913 = CARTESIAN_POINT ( 'NONE',  ( 24.64196912394494987, -77.68097998000808957, 18.08180698536105169 ) ) ;
#3914 = DIRECTION ( 'NONE',  ( 1.000000000000000000, 0.000000000000000000, -0.000000000000000000 ) ) ;
#3915 = ORIENTED_EDGE ( 'NONE', *, *, #5259, .F. ) ;
#3916 = B_SPLINE_CURVE_WITH_KNOTS ( 'NONE', 3,
 ( #2652, #6368, #7436, #884, #6924, #5666 ),
 .UNSPECIFIED., .F., .F.,
 ( 4, 2, 4 ),
 ( 0.2493215221284968974, 0.3746607610642484487, 0.5000000000000000000 ),
 .UNSPECIFIED. ) ;
#3917 = CARTESIAN_POINT ( 'NONE',  ( 6.534906650736723499, -76.44356245413337092, 25.42704852460661158 ) ) ;
#3918 = VERTEX_POINT ( 'NONE', #380 ) ;
#3919 = DIRECTION ( 'NONE',  ( -0.000000000000000000, -0.000000000000000000, -1.000000000000000000 ) ) ;
#3920 = ORIENTED_EDGE ( 'NONE', *, *, #6547, .T. ) ;
#3921 = EDGE_CURVE ( 'NONE', #2503, #6865, #4701, .T. ) ;
#3922 = CARTESIAN_POINT ( 'NONE',  ( 44.62528834764143681, 37.23383478548200287, 19.19759422017397199 ) ) ;
#3923 = CARTESIAN_POINT ( 'NONE',  ( -19.79166666666666785, -60.68097998000806825, 0.000000000000000000 ) ) ;
#3924 = LINE ( 'NONE', #942, #6829 ) ;
#3925 = ORIENTED_EDGE ( 'NONE', *, *, #4116, .F. ) ;
#3926 = CARTESIAN_POINT ( 'NONE',  ( -21.46863767636523690, -59.19427954843764184, 21.50000000000000000 ) ) ;
#3927 = CARTESIAN_POINT ( 'NONE',  ( -39.84761309033729759, 52.10618068091169874, 6.394957755087387063 ) ) ;
#3928 = CARTESIAN_POINT ( 'NONE',  ( -4.434797696323239613, -74.68097998000810378, 3.955898898676782682 ) ) ;
#3929 = CARTESIAN_POINT ( 'NONE',  ( -5.237572862556516995, -63.54716438530502387, 22.11512945473175407 ) ) ;
#3930 = LINE ( 'NONE', #6133, #7224 ) ;
#3931 = CARTESIAN_POINT ( 'NONE',  ( 26.00000000000000355, -74.68097998000808957, 11.47189402370512212 ) ) ;
#3932 = DIRECTION ( 'NONE',  ( 0.000000000000000000, -1.000000000000000000, 0.000000000000000000 ) ) ;
#3933 = DIRECTION ( 'NONE',  ( 0.000000000000000000, -0.000000000000000000, -1.000000000000000000 ) ) ;
#3934 = VECTOR ( 'NONE', #5814, 1000.000000000000000 ) ;
#3935 = ORIENTED_EDGE ( 'NONE', *, *, #7473, .T. ) ;
#3936 = CARTESIAN_POINT ( 'NONE',  ( 24.25119273388971664, -60.14129155595874465, 3.542945132950648723 ) ) ;
#3937 = DIRECTION ( 'NONE',  ( 1.000000000000000000, -0.000000000000000000, -0.000000000000000000 ) ) ;
#3938 = CARTESIAN_POINT ( 'NONE',  ( 25.00000000000000000, -60.68097998000806825, 4.166666666666680285 ) ) ;
#3939 = CARTESIAN_POINT ( 'NONE',  ( -14.27209426941150383, -61.41448429551636679, 3.504411237454817751 ) ) ;
#3940 = CARTESIAN_POINT ( 'NONE',  ( -9.473671620594117826, -60.95551929948906178, 3.500000000000002665 ) ) ;
#3941 = CARTESIAN_POINT ( 'NONE',  ( 40.50000000000001421, -51.73205080756899576, 25.00000000000000000 ) ) ;
#3942 = CARTESIAN_POINT ( 'NONE',  ( -7.765493409426675875, -67.32383783934352550, 22.86080553967992657 ) ) ;
#3943 = CARTESIAN_POINT ( 'NONE',  ( 21.49077775195246076, -60.21044842030077859, 3.499999999999996003 ) ) ;
#3944 = CARTESIAN_POINT ( 'NONE',  ( 18.47641731381771635, -66.17910924360270997, 20.73899176588751914 ) ) ;
#3945 = ORIENTED_EDGE ( 'NONE', *, *, #5202, .F. ) ;
#3946 = CARTESIAN_POINT ( 'NONE',  ( 4.306676310670543906, -77.68097998000810378, 29.77355898812896129 ) ) ;
#3947 = CARTESIAN_POINT ( 'NONE',  ( -22.27594339145246138, -73.97486991544238322, 11.56798131124454443 ) ) ;
#3948 = CARTESIAN_POINT ( 'NONE',  ( -3.221263684570039754, -64.90695961644716760, 2.454648300536409256 ) ) ;
#3949 = CARTESIAN_POINT ( 'NONE',  ( 43.50000000000000711, -44.31902001999193175, 17.00000000000000000 ) ) ;
#3950 = CARTESIAN_POINT ( 'NONE',  ( -39.99999999999999289, 56.07135982689438691, 21.50000000000000000 ) ) ;
#3951 = EDGE_CURVE ( 'NONE', #5213, #938, #2755, .T. ) ;
#3952 = CARTESIAN_POINT ( 'NONE',  ( -38.24592553799983818, -46.97485828795576879, 0.4848374605513328106 ) ) ;
#3953 = CONICAL_SURFACE ( 'NONE', #5209, 1.699999999999993072, 1.029744258676650759 ) ;
#3954 = VERTEX_POINT ( 'NONE', #4661 ) ;
#3955 = CARTESIAN_POINT ( 'NONE',  ( 5.021177491593327602, -60.96008614159774908, 21.45993577308573208 ) ) ;
#3956 = EDGE_LOOP ( 'NONE', ( #30, #5320, #7576, #2683 ) ) ;
#3957 = CARTESIAN_POINT ( 'NONE',  ( 41.80000000000000426, -44.31902001999193175, 12.50000000000000000 ) ) ;
#3958 = ORIENTED_EDGE ( 'NONE', *, *, #4344, .F. ) ;
#3959 = CARTESIAN_POINT ( 'NONE',  ( -24.64196912394495342, -77.68097998000808957, 6.918193014638953642 ) ) ;
#3960 = B_SPLINE_CURVE_WITH_KNOTS ( 'NONE', 3,
 ( #5273, #7670, #1779, #7712, #4172, #2886, #6474, #4687, #7035, #1113, #6563, #7117, #5809, #2214, #1618, #2843, #1736, #4136, #1154, #4957, #1335, #2483, #6120, #3078, #89, #1264, #5538, #4214, #1855, #1189, #3585, #4324, #6050, #5976, #761, #163, #7352, #683, #602, #3002, #6014, #2557, #7196, #2445, #5389, #1967, #3738, #6603, #3152, #5464, #4918, #645, #7313, #4361, #14, #4843, #2521, #1930 ),
 .UNSPECIFIED., .F., .F.,
 ( 4, 2, 2, 2, 2, 2, 2, 2, 2, 2, 2, 2, 2, 2, 2, 2, 2, 2, 2, 2, 2, 2, 2, 2, 2, 2, 2, 2, 4 ),
 ( 0.000000000000000000, 0.03124999999999993755, 0.04687500000000001388, 0.05468749999999994449, 0.06249999999999987510, 0.09374999999999983347, 0.1249999999999997224, 0.1874999999999995837, 0.2187499999999995004, 0.2499999999999994449, 0.3124999999999993894, 0.3749999999999993339, 0.4062499999999993894, 0.4374999999999993894, 0.4999999999999994449, 0.6249999999999995559, 0.6562499999999994449, 0.6874999999999994449, 0.7499999999999993339, 0.7812499999999993339, 0.8124999999999992228, 0.8749999999999992228, 0.9062499999999993339, 0.9218749999999992228, 0.9374999999999992228, 0.9453124999999993339, 0.9531249999999994449, 0.9687499999999996669, 1.000000000000000000 ),
 .UNSPECIFIED. ) ;
#3961 = CARTESIAN_POINT ( 'NONE',  ( -19.70145298269379808, -60.08850364132558752, -0.1239266730901795732 ) ) ;
#3962 = CARTESIAN_POINT ( 'NONE',  ( 44.80081503009846955, -42.86411771584011632, 6.243465767234683383 ) ) ;
#3963 = ADVANCED_FACE ( 'NONE', ( #5169 ), #5907, .F. ) ;
#3964 = VERTEX_POINT ( 'NONE', #2149 ) ;
#3965 = CARTESIAN_POINT ( 'NONE',  ( 48.42037216347343076, 40.05902649526433379, 18.16268747114931514 ) ) ;
#3966 = CARTESIAN_POINT ( 'NONE',  ( -36.07771329643637159, -44.36094737015909573, 3.500635165854884434 ) ) ;
#3967 = CARTESIAN_POINT ( 'NONE',  ( -14.61392374719745746, -74.68097998000811799, 7.898013454540357081 ) ) ;
#3968 = CARTESIAN_POINT ( 'NONE',  ( -5.595498240628446140, -67.42128887558291694, 23.10515446569042908 ) ) ;
#3969 = CARTESIAN_POINT ( 'NONE',  ( 0.4795556472147591287, -74.68097998000810378, 25.46959103111969824 ) ) ;
#3970 = CARTESIAN_POINT ( 'NONE',  ( -39.96093943942540960, 47.96927719662927814, 6.858505953384778309 ) ) ;
#3971 = ADVANCED_FACE ( 'NONE', ( #7531 ), #6335, .T. ) ;
#3972 = CARTESIAN_POINT ( 'NONE',  ( 20.29450952261448293, -77.68097998000808957, 1.526339251378475259 ) ) ;
#3973 = VERTEX_POINT ( 'NONE', #5129 ) ;
#3974 = CARTESIAN_POINT ( 'NONE',  ( 22.49220227519132109, -66.77967298197683021, 5.601767857468328060 ) ) ;
#3975 = PLANE ( 'NONE',  #7635 ) ;
#3976 = CARTESIAN_POINT ( 'NONE',  ( 41.07771329643639291, 34.36094737015912415, 3.500635165854884878 ) ) ;
#3977 = CARTESIAN_POINT ( 'NONE',  ( -15.40251082074242817, -62.60808827112790453, 3.566207146854113219 ) ) ;
#3978 = CARTESIAN_POINT ( 'NONE',  ( -25.00000000000000000, -60.68097998000807536, 1.734723475976807094E-15 ) ) ;
#3979 = CYLINDRICAL_SURFACE ( 'NONE', #3188, 1.700000000000000178 ) ;
#3980 = VECTOR ( 'NONE', #1120, 1000.000000000000000 ) ;
#3981 = CARTESIAN_POINT ( 'NONE',  ( -10.90742652497168663, -67.11234154785988437, 22.37536116460503521 ) ) ;
#3982 = EDGE_CURVE ( 'NONE', #1391, #1415, #5970, .T. ) ;
#3983 = CARTESIAN_POINT ( 'NONE',  ( 16.69887295139425021, -74.68097998000808957, 10.17855748225252377 ) ) ;
#3984 = CARTESIAN_POINT ( 'NONE',  ( 20.75438224076950178, -69.74201985475711751, 19.35174066796713888 ) ) ;
#3985 = ORIENTED_EDGE ( 'NONE', *, *, #6488, .F. ) ;
#3986 = CARTESIAN_POINT ( 'NONE',  ( 44.94146623516359540, 36.11666651576764053, 1.344487206410249769 ) ) ;
#3987 = CARTESIAN_POINT ( 'NONE',  ( -21.76591886413030252, -66.91612268059452617, 8.170005998689257254 ) ) ;
#3988 = CARTESIAN_POINT ( 'NONE',  ( 1.003561322427173330, -61.09361194289422770, 3.526882246994818448 ) ) ;
#3989 = AXIS2_PLACEMENT_3D ( 'NONE', #593, #7062, #4792 ) ;
#3990 = CARTESIAN_POINT ( 'NONE',  ( -35.70671428425492877, 51.48047371415499640, 0.001090318094380104703 ) ) ;
#3991 = CARTESIAN_POINT ( 'NONE',  ( -43.50000000000000000, 55.00000000000000711, 12.50000000000000000 ) ) ;
#3992 = FACE_OUTER_BOUND ( 'NONE', #1145, .T. ) ;
#3993 = CARTESIAN_POINT ( 'NONE',  ( -38.49481736246190167, -46.89141104542039074, 0.5805091805388015169 ) ) ;
#3994 = ORIENTED_EDGE ( 'NONE', *, *, #2045, .T. ) ;
#3995 = CARTESIAN_POINT ( 'NONE',  ( 5.982619982725108976, -71.29034811191210963, 24.09924317944726724 ) ) ;
#3996 = ORIENTED_EDGE ( 'NONE', *, *, #5706, .T. ) ;
#3997 = ORIENTED_EDGE ( 'NONE', *, *, #2294, .T. ) ;
#3998 = CARTESIAN_POINT ( 'NONE',  ( 11.40327644274160335, -63.08471736848628098, 3.268014778155103883 ) ) ;
#3999 = CARTESIAN_POINT ( 'NONE',  ( -24.49313816524951193, -78.57975569811021899, 7.054973048864363605 ) ) ;
#4000 = VECTOR ( 'NONE', #406, 1000.000000000000000 ) ;
#4001 = CARTESIAN_POINT ( 'NONE',  ( -20.75962482619187455, -60.08850364132558752, -0.1477511290450777004 ) ) ;
#4002 = CARTESIAN_POINT ( 'NONE',  ( -20.46089445454940758, -78.46065648618758814, 23.40365775716508878 ) ) ;
#4003 = VERTEX_POINT ( 'NONE', #4576 ) ;
#4004 = CARTESIAN_POINT ( 'NONE',  ( -21.45495460367103036, -58.68626100954067226, 21.50000000000000000 ) ) ;
#4005 = DIRECTION ( 'NONE',  ( 1.000000000000000000, 0.000000000000000000, 0.000000000000000000 ) ) ;
#4006 = EDGE_CURVE ( 'NONE', #3332, #224, #1365, .T. ) ;
#4007 = CARTESIAN_POINT ( 'NONE',  ( 16.79901457165622958, -74.68097998000807536, 10.36445668014574295 ) ) ;
#4008 = CARTESIAN_POINT ( 'NONE',  ( -6.118198714491782653, -72.57901266047512934, 24.43110740608553400 ) ) ;
#4009 = CARTESIAN_POINT ( 'NONE',  ( -39.99999999999999289, 55.00000000000000711, 25.00000000000000000 ) ) ;
#4010 = CARTESIAN_POINT ( 'NONE',  ( 47.89744929245654959, 40.44373182398793176, 4.941621080668745947 ) ) ;
#4011 = CARTESIAN_POINT ( 'NONE',  ( -38.43854917509007407, 47.49729386604185777, 4.325213049276343646 ) ) ;
#4012 = CARTESIAN_POINT ( 'NONE',  ( 10.60879064121277260, -78.46065648618758814, -3.715404316147632002 ) ) ;
#4013 = CARTESIAN_POINT ( 'NONE',  ( 22.32770437604467162, -59.07643368423455854, 3.170993191566525926 ) ) ;
#4014 = PLANE ( 'NONE',  #4752 ) ;
#4015 = EDGE_CURVE ( 'NONE', #5919, #1315, #4213, .T. ) ;
#4016 = CARTESIAN_POINT ( 'NONE',  ( -21.53548173089494355, -62.62936715082968675, 4.161554236880634861 ) ) ;
#4017 = CARTESIAN_POINT ( 'NONE',  ( -14.55592638336464617, -64.06082949571718643, 3.473642082281448662 ) ) ;
#4018 = CARTESIAN_POINT ( 'NONE',  ( 45.00000000000000000, 40.00000000000000711, 12.50000000000000000 ) ) ;
#4019 = ORIENTED_EDGE ( 'NONE', *, *, #4105, .F. ) ;
#4020 = CARTESIAN_POINT ( 'NONE',  ( 41.97040504038334774, 44.46284012695948462, 3.588295907062580614 ) ) ;
#4021 = CARTESIAN_POINT ( 'NONE',  ( -13.07936727024308432, -74.86233724854146487, 23.18725998789831166 ) ) ;
#4022 = CARTESIAN_POINT ( 'NONE',  ( 3.754565364000248096, -68.90558550182559827, 21.50000000000000000 ) ) ;
#4023 = ORIENTED_EDGE ( 'NONE', *, *, #7027, .T. ) ;
#4024 = CARTESIAN_POINT ( 'NONE',  ( 16.06493252481154599, -77.68097998000810378, 26.27903722655286245 ) ) ;
#4025 = CARTESIAN_POINT ( 'NONE',  ( -21.53548173089492224, -62.62936715082962991, 20.83844576311935626 ) ) ;
#4026 = CARTESIAN_POINT ( 'NONE',  ( 1.211309899116143285, -71.37099366064124695, 0.5041229182456961055 ) ) ;
#4027 = CARTESIAN_POINT ( 'NONE',  ( -38.96003450688681369, 52.33441349475150162, 0.7826496990595899206 ) ) ;
#4028 = CARTESIAN_POINT ( 'NONE',  ( 25.65450741097550136, -76.73870342626449315, 15.34341221457809823 ) ) ;
#4029 = CARTESIAN_POINT ( 'NONE',  ( -21.03868674601110911, -65.74610760876460347, 20.13783520900183888 ) ) ;
#4030 = B_SPLINE_CURVE_WITH_KNOTS ( 'NONE', 3,
 ( #7311, #2443, #1297, #3076, #5387, #6639, #2960, #5935, #600, #1225, #7746, #1262, #1776, #681, #2480, #1152, #5462, #4880, #1889, #4286, #6675, #3697, #3112, #3000, #5500, #4322, #4800, #3544, #4762, #7155, #6118, #162, #3888, #2081, #1444, #3223 ),
 .UNSPECIFIED., .F., .F.,
 ( 4, 2, 2, 2, 2, 2, 2, 2, 2, 2, 2, 2, 2, 2, 2, 2, 2, 4 ),
 ( 0.0009032307561717119269, 0.003866167305732918363, 0.005347635580513520823, 0.006829103855294124149, 0.009792040404855338609, 0.01275497695441655394, 0.01571791350397776926, 0.01868085005353898806, 0.02460672315266141524, 0.02608819142744202291, 0.02756965970222263057, 0.03053259625178384937, 0.03645846935090628349, 0.03942140590046750576, 0.04238434245002872802, 0.04534727899958995029, 0.04682874727437055795, 0.04831021554915117949 ),
 .UNSPECIFIED. ) ;
#4031 = LINE ( 'NONE', #620, #1902 ) ;
#4032 = ORIENTED_EDGE ( 'NONE', *, *, #4924, .F. ) ;
#4033 = CARTESIAN_POINT ( 'NONE',  ( 6.541019888128443149, -66.07902412054349384, 22.67495815538186221 ) ) ;
#4034 = ORIENTED_EDGE ( 'NONE', *, *, #1296, .F. ) ;
#4035 =( NAMED_UNIT ( * ) PLANE_ANGLE_UNIT ( ) SI_UNIT ( $, .RADIAN. ) );
#4036 = ORIENTED_EDGE ( 'NONE', *, *, #5303, .T. ) ;
#4037 = CARTESIAN_POINT ( 'NONE',  ( -39.99999999999999289, 56.07135982689438691, 7.500000000000000000 ) ) ;
#4038 = CARTESIAN_POINT ( 'NONE',  ( -5.802520853767673792, -74.68097998000810378, 28.73440408133582835 ) ) ;
#4039 = CARTESIAN_POINT ( 'NONE',  ( -25.00000000000000000, -60.68097998000807536, 25.00000000000000000 ) ) ;
#4040 = VERTEX_POINT ( 'NONE', #2385 ) ;
#4041 = CARTESIAN_POINT ( 'NONE',  ( 45.09320149786616838, 34.40694942273277945, 1.450000000000001732 ) ) ;
#4042 = CARTESIAN_POINT ( 'NONE',  ( -21.98138733961768665, -69.75614079734576478, 14.99583472116929883 ) ) ;
#4043 = CARTESIAN_POINT ( 'NONE',  ( 43.50000000000000711, -44.31902001999193175, 0.000000000000000000 ) ) ;
#4044 = CARTESIAN_POINT ( 'NONE',  ( 16.92107926787099359, -74.68097998000810378, 10.62156440280045011 ) ) ;
#4045 = CARTESIAN_POINT ( 'NONE',  ( -1.131170480464259346E-14, -73.94033909007822558, 25.25156691394165165 ) ) ;
#4046 = CARTESIAN_POINT ( 'NONE',  ( -17.03494416879678397, -77.68097998000808957, 14.12286839206779376 ) ) ;
#4047 = DIRECTION ( 'NONE',  ( -1.321694076934710155E-16, 1.000000000000000000, -0.000000000000000000 ) ) ;
#4048 = VECTOR ( 'NONE', #3919, 1000.000000000000000 ) ;
#4049 = EDGE_CURVE ( 'NONE', #1435, #4121, #449, .T. ) ;
#4050 = EDGE_CURVE ( 'NONE', #1020, #5260, #617, .T. ) ;
#4051 = CARTESIAN_POINT ( 'NONE',  ( 1.580536642169195538, -78.46065648618758814, -5.229316619464560389 ) ) ;
#4052 = CARTESIAN_POINT ( 'NONE',  ( 17.51257824588239131, -75.73889334648913518, 3.980369144127088976 ) ) ;
#4053 = CARTESIAN_POINT ( 'NONE',  ( -25.86574135804051267, -74.68097998000808957, 10.44776716956551255 ) ) ;
#4054 = CARTESIAN_POINT ( 'NONE',  ( -43.50000000000000000, 55.00000000000000711, 25.00000000000000000 ) ) ;
#4055 = CARTESIAN_POINT ( 'NONE',  ( -19.35334771642214591, -71.37785928235881272, 5.112312171604771471 ) ) ;
#4056 = CARTESIAN_POINT ( 'NONE',  ( -41.97190869245534373, 55.48485455881922945, 21.70995007655204034 ) ) ;
#4057 = VERTEX_POINT ( 'NONE', #3053 ) ;
#4058 = CARTESIAN_POINT ( 'NONE',  ( -40.19999999999946994, -44.11536212042314986, 1.526206676143825991 ) ) ;
#4059 = CARTESIAN_POINT ( 'NONE',  ( -11.40327644274169216, -63.08471736848630940, 21.73198522184490145 ) ) ;
#4060 = ADVANCED_FACE ( 'NONE', ( #7765 ), #4815, .F. ) ;
#4061 = DIRECTION ( 'NONE',  ( -1.000000000000000000, 0.000000000000000000, 0.000000000000000000 ) ) ;
#4062 = VERTEX_POINT ( 'NONE', #1164 ) ;
#4063 = LINE ( 'NONE', #1081, #400 ) ;
#4064 = CARTESIAN_POINT ( 'NONE',  ( -37.62028189883799456, -42.65505708686798414, 21.16013774214724563 ) ) ;
#4065 = CARTESIAN_POINT ( 'NONE',  ( -2.256339419005570335, -67.50512267560505109, 1.670658694975918790 ) ) ;
#4066 = CARTESIAN_POINT ( 'NONE',  ( 21.40767530291819298, -58.58174830468936278, 6.480663161240382664 ) ) ;
#4067 = CARTESIAN_POINT ( 'NONE',  ( -25.82352941176470296, -74.68097998000811799, 12.50000000000002487 ) ) ;
#4068 = CARTESIAN_POINT ( 'NONE',  ( -22.30159721909733150, -68.10197713995370350, 19.03321599017064969 ) ) ;
#4069 = CARTESIAN_POINT ( 'NONE',  ( 40.70671428425492877, -45.79949373414692104, 0.001090318094379728268 ) ) ;
#4070 = ORIENTED_EDGE ( 'NONE', *, *, #3725, .F. ) ;
#4071 = CARTESIAN_POINT ( 'NONE',  ( 9.358926424361898810, -71.15515952895606233, 23.49155986443125599 ) ) ;
#4072 = ORIENTED_EDGE ( 'NONE', *, *, #756, .F. ) ;
#4073 = CARTESIAN_POINT ( 'NONE',  ( -37.62028189883801588, 52.34494291313202297, 21.16013774214724563 ) ) ;
#4074 = ORIENTED_EDGE ( 'NONE', *, *, #6690, .F. ) ;
#4075 = CARTESIAN_POINT ( 'NONE',  ( 11.07851632400192621, -60.45093107059869908, 3.543668735763144895 ) ) ;
#4076 = CARTESIAN_POINT ( 'NONE',  ( -39.78914299217742467, 56.13158285133268777, 6.191436263006846907 ) ) ;
#4077 = CARTESIAN_POINT ( 'NONE',  ( -9.903622830633137752, -74.68097998000810378, 27.92556843809775557 ) ) ;
#4078 = LINE ( 'NONE', #3490, #706 ) ;
#4079 = ORIENTED_EDGE ( 'NONE', *, *, #7069, .T. ) ;
#4080 = ADVANCED_FACE ( 'NONE', ( #63 ), #1869, .F. ) ;
#4081 = CARTESIAN_POINT ( 'NONE',  ( 43.50000000000000711, 35.00000000000000711, 0.000000000000000000 ) ) ;
#4082 = CARTESIAN_POINT ( 'NONE',  ( 41.48649247147314156, 44.76475384905457844, 24.95387224876115084 ) ) ;
#4083 = DIRECTION ( 'NONE',  ( 1.321694076934710155E-16, -1.000000000000000000, 0.000000000000000000 ) ) ;
#4084 = CARTESIAN_POINT ( 'NONE',  ( 1.269873893826173328, -73.94033909007822558, 25.25156691394164810 ) ) ;
#4085 = B_SPLINE_CURVE_WITH_KNOTS ( 'NONE', 3,
 ( #2260, #4058, #4652, #7040 ),
 .UNSPECIFIED., .F., .F.,
 ( 4, 4 ),
 ( 0.0006088996035320901751, 0.001218624425003933271 ),
 .UNSPECIFIED. ) ;
#4086 = VECTOR ( 'NONE', #5405, 1000.000000000000000 ) ;
#4087 = CARTESIAN_POINT ( 'NONE',  ( -14.18721143106714244, -77.68097998000808957, 17.45391619160518815 ) ) ;
#4088 = CARTESIAN_POINT ( 'NONE',  ( 43.83571938587785155, 43.26236485626811401, 0.7243811461171878463 ) ) ;
#4089 = FACE_OUTER_BOUND ( 'NONE', #7043, .T. ) ;
#4090 = CARTESIAN_POINT ( 'NONE',  ( 16.54023072239565195, -60.08850364132560173, -0.05319528772024023633 ) ) ;
#4091 = CARTESIAN_POINT ( 'NONE',  ( 20.28134915540993788, -61.93303024238517906, 3.872686045210425032 ) ) ;
#4092 = LINE ( 'NONE', #3463, #5499 ) ;
#4093 = DIRECTION ( 'NONE',  ( -0.000000000000000000, -0.000000000000000000, -1.000000000000000000 ) ) ;
#4094 = CARTESIAN_POINT ( 'NONE',  ( -20.56825818433692632, -72.43409616876479618, 6.065429901611560481 ) ) ;
#4095 = CARTESIAN_POINT ( 'NONE',  ( -25.99999999999999645, -74.68097998000808957, 13.52810597629524203 ) ) ;
#4096 = ORIENTED_EDGE ( 'NONE', *, *, #7610, .F. ) ;
#4097 = CARTESIAN_POINT ( 'NONE',  ( -8.342640039374273897, -63.35833800181990227, 21.94609808896481695 ) ) ;
#4098 = CYLINDRICAL_SURFACE ( 'NONE', #1347, 1.700000000000000178 ) ;
#4099 = ORIENTED_EDGE ( 'NONE', *, *, #2673, .T. ) ;
#4100 = PLANE ( 'NONE',  #7317 ) ;
#4101 = FACE_OUTER_BOUND ( 'NONE', #2090, .T. ) ;
#4102 = CARTESIAN_POINT ( 'NONE',  ( -8.043871396715173816, -60.74764863851538621, 3.550436574519969746 ) ) ;
#4103 = CARTESIAN_POINT ( 'NONE',  ( 21.52552370594081665, -61.36288191351789578, 7.027281616071164194 ) ) ;
#4104 = EDGE_CURVE ( 'NONE', #1177, #2589, #27, .T. ) ;
#4105 = EDGE_CURVE ( 'NONE', #2069, #825, #1752, .T. ) ;
#4106 = CARTESIAN_POINT ( 'NONE',  ( -40.09320149786615417, -44.91207059725916650, 1.450000000000001732 ) ) ;
#4107 = CARTESIAN_POINT ( 'NONE',  ( -22.09143249191681235, -69.43777919450938896, 18.70460644001929396 ) ) ;
#4108 = CARTESIAN_POINT ( 'NONE',  ( -16.87180702193322190, -74.68097998000808957, 10.51135254540283093 ) ) ;
#4109 = VERTEX_POINT ( 'NONE', #6655 ) ;
#4110 = VECTOR ( 'NONE', #1625, 1000.000000000000000 ) ;
#4111 = CARTESIAN_POINT ( 'NONE',  ( 11.57340780628377708, -64.39850941154897157, 21.88148211149007949 ) ) ;
#4112 = ORIENTED_EDGE ( 'NONE', *, *, #5634, .F. ) ;
#4113 = AXIS2_PLACEMENT_3D ( 'NONE', #7281, #6053, #6607 ) ;
#4114 = VERTEX_POINT ( 'NONE', #7291 ) ;
#4115 = CARTESIAN_POINT ( 'NONE',  ( 7.460633389138522809, -64.72925797676160187, 2.707478998034517748 ) ) ;
#4116 = EDGE_CURVE ( 'NONE', #4624, #1391, #3660, .T. ) ;
#4117 = LINE ( 'NONE', #7614, #1121 ) ;
#4118 = CARTESIAN_POINT ( 'NONE',  ( 21.45495460367104457, -58.68626100954065805, 21.50000000000081002 ) ) ;
#4119 = CARTESIAN_POINT ( 'NONE',  ( -23.94592117670051579, -60.08850364132559463, 25.21828252545294191 ) ) ;
#4120 = CLOSED_SHELL ( 'NONE', ( #725, #7382, #5442, #7567, #2717, #4993, #4293, #4923, #6452, #2664, #5881, #1362, #7131, #4486, #7319, #2212, #668, #36, #2038, #3394, #3008, #4260, #2036, #2563, #2452, #1943, #3503, #129, #1876, #7372, #1749, #846, #1896, #1663, #2818, #1410, #1982, #1556, #5645, #5270, #962, #1418, #2519, #410, #7026, #3407, #1371, #35, #4554, #6407, #317, #7755, #6992, #24, #6299, #6824, #5982, #5346, #6117, #3630, #6758, #5727, #1528 ) ) ;
#4121 = VERTEX_POINT ( 'NONE', #4148 ) ;
#4122 = LINE ( 'NONE', #6005, #1861 ) ;
#4123 = LINE ( 'NONE', #6510, #198 ) ;
#4124 = ORIENTED_EDGE ( 'NONE', *, *, #4473, .F. ) ;
#4125 = PLANE ( 'NONE',  #5124 ) ;
#4126 = CARTESIAN_POINT ( 'NONE',  ( 14.29303135329219820, -74.68097998000808957, 7.658910157641543037 ) ) ;
#4127 = CARTESIAN_POINT ( 'NONE',  ( -1.240591896471204603, -72.65566637535982863, 24.87372199784801197 ) ) ;
#4128 = LINE ( 'NONE', #4760, #1832 ) ;
#4129 = CARTESIAN_POINT ( 'NONE',  ( 44.92235601335441686, 42.53681853117066680, 1.328787267453343190 ) ) ;
#4130 = CARTESIAN_POINT ( 'NONE',  ( 40.50000000000001421, -51.73205080756899576, 25.00000000000000000 ) ) ;
#4131 =( BOUNDED_CURVE ( )  B_SPLINE_CURVE ( 3, ( #7713, #5938, #2332, #7118 ),
 .UNSPECIFIED., .F., .F. ) 
 B_SPLINE_CURVE_WITH_KNOTS ( ( 4, 4 ),
 ( 0.000000000000000000, 1.570796326794895892 ),
 .UNSPECIFIED. ) 
 CURVE ( )  GEOMETRIC_REPRESENTATION_ITEM ( )  RATIONAL_B_SPLINE_CURVE ( ( 1.000000000000000000, 0.8047378541243652705, 0.8047378541243652705, 1.000000000000000000 ) ) 
 REPRESENTATION_ITEM ( '' )  );
#4132 = CARTESIAN_POINT ( 'NONE',  ( 17.61050474989823300, -77.68097998000810378, -0.4078449983452008265 ) ) ;
#4133 = CARTESIAN_POINT ( 'NONE',  ( 21.17831476564909110, -63.11424303248980294, 20.76166808103749517 ) ) ;
#4134 = VECTOR ( 'NONE', #4441, 1000.000000000000000 ) ;
#4135 = CARTESIAN_POINT ( 'NONE',  ( 19.31706913302574691, -62.06946218840938201, 3.821315729897310387 ) ) ;
#4136 = CARTESIAN_POINT ( 'NONE',  ( -11.17054101212875317, -77.68097998000808957, 5.867522945517469779 ) ) ;
#4137 = DIRECTION ( 'NONE',  ( 0.000000000000000000, 0.000000000000000000, 1.000000000000000000 ) ) ;
#4138 = CARTESIAN_POINT ( 'NONE',  ( -19.95714967683375463, -73.92659889124600170, 5.802858872606154961 ) ) ;
#4139 = DIRECTION ( 'NONE',  ( 1.000000000000000000, 0.000000000000000000, 0.000000000000000000 ) ) ;
#4140 = ORIENTED_EDGE ( 'NONE', *, *, #844, .T. ) ;
#4141 = CARTESIAN_POINT ( 'NONE',  ( 3.104680774523154607, -77.68097998000808957, 21.19885091066130656 ) ) ;
#4142 = CARTESIAN_POINT ( 'NONE',  ( 25.82352941176470651, -74.68097998000811799, 12.49999999999997513 ) ) ;
#4143 = ORIENTED_EDGE ( 'NONE', *, *, #4227, .T. ) ;
#4144 = CARTESIAN_POINT ( 'NONE',  ( 25.09016021780468364, -77.68097998000808957, 17.18542479764159125 ) ) ;
#4145 = CARTESIAN_POINT ( 'NONE',  ( -21.62809653433948398, -73.49322507334021282, 17.78669685693999725 ) ) ;
#4146 = CARTESIAN_POINT ( 'NONE',  ( -9.358926424361873941, -71.15515952895589180, 1.508440135568782203 ) ) ;
#4147 = DIRECTION ( 'NONE',  ( -1.321694076934710155E-16, 1.000000000000000000, -0.000000000000000000 ) ) ;
#4148 = CARTESIAN_POINT ( 'NONE',  ( 40.99999999999999289, 45.06252015498433394, 21.50000000000000000 ) ) ;
#4149 = CARTESIAN_POINT ( 'NONE',  ( -18.21531999292617598, -59.57335087804494123, 21.62783680073925652 ) ) ;
#4150 = CARTESIAN_POINT ( 'NONE',  ( -24.99999999999999645, -60.68097998000808246, 25.00000000000000000 ) ) ;
#4151 = ORIENTED_EDGE ( 'NONE', *, *, #3811, .F. ) ;
#4152 = ADVANCED_FACE ( 'NONE', ( #578 ), #318, .T. ) ;
#4153 = CARTESIAN_POINT ( 'NONE',  ( 9.922441898049365605, -75.03964656109295106, 24.27834282927301501 ) ) ;
#4154 = ORIENTED_EDGE ( 'NONE', *, *, #3070, .T. ) ;
#4155 = FACE_OUTER_BOUND ( 'NONE', #2222, .T. ) ;
#4156 = VERTEX_POINT ( 'NONE', #6691 ) ;
#4157 = CARTESIAN_POINT ( 'NONE',  ( 7.427791005011526337, -73.83041292762904106, 0.4691667365533886414 ) ) ;
#4158 = CARTESIAN_POINT ( 'NONE',  ( -25.04793644628120219, -58.40486459085621362, 25.92627091680839513 ) ) ;
#4159 = CARTESIAN_POINT ( 'NONE',  ( 45.15457764644591521, -43.91587737574432992, 1.493434110931139980 ) ) ;
#4160 = CARTESIAN_POINT ( 'NONE',  ( 41.49994408261003542, -43.49145607019559634, 3.530368799316883521 ) ) ;
#4161 = ORIENTED_EDGE ( 'NONE', *, *, #3192, .F. ) ;
#4162 = EDGE_CURVE ( 'NONE', #2902, #7223, #3755, .T. ) ;
#4163 = CARTESIAN_POINT ( 'NONE',  ( -36.79999999999998295, -44.31902001999193175, 12.50000000000000000 ) ) ;
#4164 = CARTESIAN_POINT ( 'NONE',  ( -21.60374486234519509, -66.77656615793542016, 19.70792056776030776 ) ) ;
#4165 = VERTEX_POINT ( 'NONE', #359 ) ;
#4166 = CIRCLE ( 'NONE', #784, 1.499999999999999112 ) ;
#4167 = CARTESIAN_POINT ( 'NONE',  ( 17.74748603729676333, -74.68097998000808957, 12.49999999999998224 ) ) ;
#4168 = CARTESIAN_POINT ( 'NONE',  ( -1.075474961041318123, -64.94763008704946117, 22.60665250128613479 ) ) ;
#4169 = FACE_OUTER_BOUND ( 'NONE', #7092, .T. ) ;
#4170 = CARTESIAN_POINT ( 'NONE',  ( 23.23072555865659083, -66.63815700881899318, 19.18073452734433104 ) ) ;
#4171 = CARTESIAN_POINT ( 'NONE',  ( 20.16261887503426209, -67.22250487062532898, 4.895796183093479748 ) ) ;
#4172 = CARTESIAN_POINT ( 'NONE',  ( -17.04817713840276738, -77.68097998000808957, 10.90835656733363912 ) ) ;
#4173 = CARTESIAN_POINT ( 'NONE',  ( 43.80513664281000530, 32.51582207447301442, 4.643951098472054007 ) ) ;
#4174 = CARTESIAN_POINT ( 'NONE',  ( -21.23801335705637072, -61.80201159624171936, 3.916694524569394265 ) ) ;
#4175 = LINE ( 'NONE', #2926, #3252 ) ;
#4176 = EDGE_LOOP ( 'NONE', ( #3574, #3185, #3887, #6660, #6940 ) ) ;
#4177 = CARTESIAN_POINT ( 'NONE',  ( -7.349007215372710178, -77.68097998000808957, 20.45160604976729246 ) ) ;
#4178 = DIRECTION ( 'NONE',  ( -0.000000000000000000, -0.000000000000000000, -1.000000000000000000 ) ) ;
#4179 = B_SPLINE_CURVE_WITH_KNOTS ( 'NONE', 3,
 ( #7474, #1579, #7594, #3976, #7517, #7553, #3272, #4480, #6876, #2135, #4522, #6919, #4605, #5738, #368, #2174, #5037, #6401, #443, #4173, #2371, #3507, #5231, #4765, #3464, #5977, #5851, #2966, #7037, #1619, #2256, #485 ),
 .UNSPECIFIED., .F., .F.,
 ( 4, 2, 2, 2, 2, 2, 2, 2, 2, 2, 2, 2, 2, 2, 2, 4 ),
 ( 0.000000000000000000, 0.0004822847810010809518, 0.0009645695620021619036, 0.001446854343003242801, 0.001929139124004323807, 0.002411423905005404596, 0.002893708686006485602, 0.003375993467007566608, 0.003858278248008648482, 0.004340563029009730789, 0.004822847810010811795, 0.005305132591011893668, 0.005787417372012975542, 0.006269702153014057415, 0.006751986934015139288, 0.007716556496017309107 ),
 .UNSPECIFIED. ) ;
#4180 = ORIENTED_EDGE ( 'NONE', *, *, #3385, .T. ) ;
#4181 = CARTESIAN_POINT ( 'NONE',  ( 25.65675476115115572, -77.68097998000808957, 15.33428754590540244 ) ) ;
#4182 = AXIS2_PLACEMENT_3D ( 'NONE', #6034, #7216, #6540 ) ;
#4183 = DIRECTION ( 'NONE',  ( -0.000000000000000000, -0.000000000000000000, -1.000000000000000000 ) ) ;
#4184 = CARTESIAN_POINT ( 'NONE',  ( -4.387663524004445925, -66.16893788200989945, 2.147444570798820340 ) ) ;
#4185 = CARTESIAN_POINT ( 'NONE',  ( 21.77805212901339615, -73.60954770939164860, 7.863275464407272430 ) ) ;
#4186 = CARTESIAN_POINT ( 'NONE',  ( 25.86412541772802598, -74.68097998000808957, 14.56453022370030759 ) ) ;
#4187 = CARTESIAN_POINT ( 'NONE',  ( -18.08336275768027335, -74.30411618487107717, 20.55715903639679709 ) ) ;
#4188 = CARTESIAN_POINT ( 'NONE',  ( -16.91644020938784720, -74.68097998000808957, 10.61028577838298048 ) ) ;
#4189 = ORIENTED_EDGE ( 'NONE', *, *, #2395, .T. ) ;
#4190 = CARTESIAN_POINT ( 'NONE',  ( 10.22432474607254882, -61.87308994540758533, 21.62549704686037444 ) ) ;
#4191 = VERTEX_POINT ( 'NONE', #1348 ) ;
#4192 = DIRECTION ( 'NONE',  ( 0.000000000000000000, 0.000000000000000000, 1.000000000000000000 ) ) ;
#4193 = CARTESIAN_POINT ( 'NONE',  ( -24.55971631608540662, -77.68097998000808957, 6.753687398919852036 ) ) ;
#4194 = AXIS2_PLACEMENT_3D ( 'NONE', #6197, #801, #6831 ) ;
#4195 = CARTESIAN_POINT ( 'NONE',  ( 9.922441898049234155, -75.03964656109269526, 0.7216571707270046376 ) ) ;
#4196 = CARTESIAN_POINT ( 'NONE',  ( -21.49077775195247497, -60.21044842030077859, 21.50000000000000000 ) ) ;
#4197 = CARTESIAN_POINT ( 'NONE',  ( -7.207149817911431278, -74.68097998000810378, 28.50752230741290205 ) ) ;
#4198 = CARTESIAN_POINT ( 'NONE',  ( 3.160864686869998774, -78.46065648618758814, 30.13009892554309843 ) ) ;
#4199 = ADVANCED_FACE ( 'NONE', ( #6315 ), #5105, .F. ) ;
#4200 = VERTEX_POINT ( 'NONE', #7588 ) ;
#4201 = FACE_OUTER_BOUND ( 'NONE', #323, .T. ) ;
#4202 = CARTESIAN_POINT ( 'NONE',  ( -11.83966574199036792, -60.82620724440863569, 21.50000000000000000 ) ) ;
#4203 = ORIENTED_EDGE ( 'NONE', *, *, #2187, .F. ) ;
#4204 = CARTESIAN_POINT ( 'NONE',  ( -39.96090406157412644, -42.96923863281463696, 6.857957603493866294 ) ) ;
#4205 = CARTESIAN_POINT ( 'NONE',  ( -36.53769444075336281, 56.99892241223948730, 0.05089739373489191726 ) ) ;
#4206 = EDGE_CURVE ( 'NONE', #3085, #702, #3752, .T. ) ;
#4207 = CARTESIAN_POINT ( 'NONE',  ( -36.49853076112383832, 48.49334131041801044, 21.46980502701096327 ) ) ;
#4208 = EDGE_CURVE ( 'NONE', #4952, #2744, #3930, .T. ) ;
#4209 = CARTESIAN_POINT ( 'NONE',  ( -36.55286334169139195, 47.60793783857403838, 0.06877356328560971233 ) ) ;
#4210 = VECTOR ( 'NONE', #7612, 1000.000000000000000 ) ;
#4211 = CARTESIAN_POINT ( 'NONE',  ( 21.48885533175654317, -73.50415052941940530, 17.89535718486759563 ) ) ;
#4212 = CARTESIAN_POINT ( 'NONE',  ( 18.34460436924679172, -62.20584569648688245, 3.762473609837491573 ) ) ;
#4213 = CIRCLE ( 'NONE', #3456, 1.700000000000000178 ) ;
#4214 = CARTESIAN_POINT ( 'NONE',  ( -1.791487525088896637, -77.68097998000808957, 3.687517655318166110 ) ) ;
#4215 = CARTESIAN_POINT ( 'NONE',  ( -16.82945646452769850, -74.68097998000807536, 10.42537347063188591 ) ) ;
#4216 = CARTESIAN_POINT ( 'NONE',  ( -21.44041873374006357, -69.59180966811706526, 5.976955306053402417 ) ) ;
#4217 = FACE_OUTER_BOUND ( 'NONE', #5289, .T. ) ;
#4218 = EDGE_CURVE ( 'NONE', #7609, #7017, #6950, .T. ) ;
#4219 = CARTESIAN_POINT ( 'NONE',  ( 4.857460020035079928, -77.68097998000808957, 20.96917652337255333 ) ) ;
#4220 = FACE_OUTER_BOUND ( 'NONE', #4783, .T. ) ;
#4221 = VERTEX_POINT ( 'NONE', #990 ) ;
#4222 = CARTESIAN_POINT ( 'NONE',  ( -39.99999999999997868, -22.68097998000809312, 8.499999999999998224 ) ) ;
#4223 = CARTESIAN_POINT ( 'NONE',  ( 24.60084272001519778, -77.68097998000808957, 18.16405979322055586 ) ) ;
#4224 = CARTESIAN_POINT ( 'NONE',  ( -7.927255824276981500, -68.61890675890880686, 1.852602076683673937 ) ) ;
#4225 = CARTESIAN_POINT ( 'NONE',  ( 21.53745693383747550, -61.42060013598755575, 12.50000000000003730 ) ) ;
#4226 = CARTESIAN_POINT ( 'NONE',  ( 43.52008775492058135, 43.46922733644172610, 20.61710300712357480 ) ) ;
#4227 = EDGE_CURVE ( 'NONE', #3533, #1141, #4688, .T. ) ;
#4228 = CARTESIAN_POINT ( 'NONE',  ( -20.16261887503433670, -67.22250487062544266, 20.10420381690646607 ) ) ;
#4229 = CARTESIAN_POINT ( 'NONE',  ( 15.21300846162374576, -77.68097998000808957, 8.399900304637194282 ) ) ;
#4230 = ORIENTED_EDGE ( 'NONE', *, *, #5634, .T. ) ;
#4231 = CARTESIAN_POINT ( 'NONE',  ( 11.74353916982584067, -65.71230145461160532, 22.03097900113526109 ) ) ;
#4232 = CARTESIAN_POINT ( 'NONE',  ( -24.64196912394494632, -77.68097998000808957, 6.918193014638940319 ) ) ;
#4233 = CARTESIAN_POINT ( 'NONE',  ( -24.64196912394495342, -77.68097998000808957, 6.918193014638953642 ) ) ;
#4234 = CARTESIAN_POINT ( 'NONE',  ( 9.531031648861176819, -64.57767807472302479, 2.902482752562497215 ) ) ;
#4235 = CARTESIAN_POINT ( 'NONE',  ( -24.60084272001516936, -77.68097998000808957, 18.16405979322060915 ) ) ;
#4236 = CARTESIAN_POINT ( 'NONE',  ( 1.041666666666716257, -60.68097998000806825, 25.00000000000000000 ) ) ;
#4237 = CIRCLE ( 'NONE', #2479, 101.5772389525943282 ) ;
#4238 = ORIENTED_EDGE ( 'NONE', *, *, #4104, .F. ) ;
#4239 = CARTESIAN_POINT ( 'NONE',  ( -21.45495460367103036, -58.68626100954067226, 21.50000000000000000 ) ) ;
#4240 = CARTESIAN_POINT ( 'NONE',  ( -21.70046491881508643, -66.86023678369443246, 18.27069753553482556 ) ) ;
#4241 = EDGE_LOOP ( 'NONE', ( #7094, #937, #2931, #3122, #3257, #1671 ) ) ;
#4242 = PLANE ( 'NONE',  #7007 ) ;
#4243 = CARTESIAN_POINT ( 'NONE',  ( -40.19999999999998153, -44.31902001999193175, 17.00000000000000000 ) ) ;
#4244 = AXIS2_PLACEMENT_3D ( 'NONE', #4960, #3627, #6017 ) ;
#4245 = DIRECTION ( 'NONE',  ( 0.8660254037844381525, -0.5000000000000008882, 0.000000000000000000 ) ) ;
#4246 = CARTESIAN_POINT ( 'NONE',  ( -38.49481736246193009, 47.42760897457154101, 0.5805091805388138404 ) ) ;
#4247 = ORIENTED_EDGE ( 'NONE', *, *, #567, .F. ) ;
#4248 = VECTOR ( 'NONE', #4764, 1000.000000000000000 ) ;
#4249 = CARTESIAN_POINT ( 'NONE',  ( 24.25119273388981611, -60.14129155595873755, 21.45705486704934373 ) ) ;
#4250 = ADVANCED_FACE ( 'NONE', ( #7111 ), #2839, .T. ) ;
#4251 = EDGE_CURVE ( 'NONE', #4295, #3293, #4128, .T. ) ;
#4252 = CARTESIAN_POINT ( 'NONE',  ( 13.26306052945025193, -61.53939035246103373, 3.475356423283396445 ) ) ;
#4253 = CARTESIAN_POINT ( 'NONE',  ( 25.74755384765299482, -74.68097998000810378, 10.44973463655820822 ) ) ;
#4254 = CARTESIAN_POINT ( 'NONE',  ( -17.29924653051340400, -74.68097998000808957, 11.48042201733785284 ) ) ;
#4255 = CARTESIAN_POINT ( 'NONE',  ( -36.22357518104755059, -46.45390399266749881, 0.03220820070971074089 ) ) ;
#4256 = CARTESIAN_POINT ( 'NONE',  ( 43.50000000000000711, 35.00000000000000711, 32.07106781186548261 ) ) ;
#4257 = AXIS2_PLACEMENT_3D ( 'NONE', #2846, #2258, #1659 ) ;
#4258 = CARTESIAN_POINT ( 'NONE',  ( -14.18721143106714244, -77.68097998000808957, 17.45391619160518815 ) ) ;
#4259 = CARTESIAN_POINT ( 'NONE',  ( 21.61464733046742737, -74.68097998000835958, 17.38692913433354192 ) ) ;
#4260 = ADVANCED_FACE ( 'NONE', ( #4169 ), #1029, .F. ) ;
#4261 = ORIENTED_EDGE ( 'NONE', *, *, #2592, .T. ) ;
#4262 = CARTESIAN_POINT ( 'NONE',  ( 25.00000000000000000, -60.68097998000806825, 16.66666666666669272 ) ) ;
#4263 = DIRECTION ( 'NONE',  ( -1.000000000000000000, 0.000000000000000000, 0.000000000000000000 ) ) ;
#4264 = CARTESIAN_POINT ( 'NONE',  ( -6.118198714491780876, -72.57901266047493039, 0.5688925939145261790 ) ) ;
#4265 = CARTESIAN_POINT ( 'NONE',  ( 21.49593815408836761, -61.19288503576606786, 1.556365198112578563 ) ) ;
#4266 = DIRECTION ( 'NONE',  ( 1.593074305255970064E-16, -1.000000000000000000, 0.000000000000000000 ) ) ;
#4267 = CARTESIAN_POINT ( 'NONE',  ( -20.02769494084593305, -71.23549179560377809, 19.51015081045930444 ) ) ;
#4268 = CARTESIAN_POINT ( 'NONE',  ( 6.057925242327780069, -74.68097998000808957, 4.250739765659842462 ) ) ;
#4269 = CARTESIAN_POINT ( 'NONE',  ( 14.12704933932849372, -60.09203567123923051, 21.49787030457361325 ) ) ;
#4270 = VERTEX_POINT ( 'NONE', #5225 ) ;
#4271 = PRESENTATION_STYLE_ASSIGNMENT (( #7177 ) ) ;
#4272 = CARTESIAN_POINT ( 'NONE',  ( -21.69731558365936053, -70.88581337803653071, 6.803241100279813658 ) ) ;
#4273 = CARTESIAN_POINT ( 'NONE',  ( 8.429233349919549312, -72.50042723528362387, 0.9897258344529998864 ) ) ;
#4274 = CARTESIAN_POINT ( 'NONE',  ( -25.06445558290797138, -58.40486459085621362, 26.55434567859346728 ) ) ;
#4275 = CARTESIAN_POINT ( 'NONE',  ( -11.31805765416915044, -60.08850364132558752, 24.94461461920064238 ) ) ;
#4276 = CARTESIAN_POINT ( 'NONE',  ( -35.58541155513254495, -43.09177050690080790, -7.922405034787877859E-16 ) ) ;
#4277 = EDGE_LOOP ( 'NONE', ( #6898, #6404 ) ) ;
#4278 = CARTESIAN_POINT ( 'NONE',  ( 10.76563052744017313, -77.68097998000808957, 19.30841140871943651 ) ) ;
#4279 = CARTESIAN_POINT ( 'NONE',  ( -21.50708717007978166, -61.26727180716713406, 21.62049566730457073 ) ) ;
#4280 = EDGE_LOOP ( 'NONE', ( #451, #583, #2196, #965, #515, #3357, #4034, #2400, #5926, #80, #7658, #1249, #2155, #7451 ) ) ;
#4281 = CARTESIAN_POINT ( 'NONE',  ( -43.49999999999999289, -14.68097998000809135, 12.50000000000000000 ) ) ;
#4282 = CARTESIAN_POINT ( 'NONE',  ( 21.37918666975485849, -58.73000564658308775, 15.50024679793523852 ) ) ;
#4283 = ADVANCED_BREP_SHAPE_REPRESENTATION ( 'palm_v1_step', ( #5123, #5179, #1439 ), #3452 ) ;
#4284 = ORIENTED_EDGE ( 'NONE', *, *, #2618, .T. ) ;
#4285 = CIRCLE ( 'NONE', #5287, 1.699999999999993072 ) ;
#4286 = CARTESIAN_POINT ( 'NONE',  ( -1.969000188620098957, -74.68097998000808957, -0.4233674575736176560 ) ) ;
#4287 = CARTESIAN_POINT ( 'NONE',  ( 14.21784297905690231, -76.08947347615226420, 2.088495504837835082 ) ) ;
#4288 = CARTESIAN_POINT ( 'NONE',  ( -35.99999999999999289, 50.16306045831868943, 3.500000000000000000 ) ) ;
#4289 = CARTESIAN_POINT ( 'NONE',  ( -21.61464733046747355, -74.68097998000806115, 17.38692913433354548 ) ) ;
#4290 = CARTESIAN_POINT ( 'NONE',  ( 40.50000000000000000, 34.03953136438509119, 0.000000000000000000 ) ) ;
#4291 = CARTESIAN_POINT ( 'NONE',  ( 43.50000000000000000, -44.99999999999999289, 32.07106781186548261 ) ) ;
#4292 = CARTESIAN_POINT ( 'NONE',  ( -3.447648144306207918, -74.68097998000808957, 21.21224322138780138 ) ) ;
#4293 = ADVANCED_FACE ( 'NONE', ( #6431 ), #7625, .T. ) ;
#4294 = PLANE ( 'NONE',  #347 ) ;
#4295 = VERTEX_POINT ( 'NONE', #5845 ) ;
#4296 = CARTESIAN_POINT ( 'NONE',  ( 43.43854917509008828, 32.49729386604185066, 20.67478695072365724 ) ) ;
#4297 = LINE ( 'NONE', #3124, #5616 ) ;
#4298 = CARTESIAN_POINT ( 'NONE',  ( 25.42438655634696687, -77.68097998000804694, 16.28290989553600454 ) ) ;
#4299 = CARTESIAN_POINT ( 'NONE',  ( -13.57179699256784566, -64.18143475136238862, 3.352770169432115921 ) ) ;
#4300 = DIRECTION ( 'NONE',  ( -1.000000000000000000, 0.000000000000000000, 0.000000000000000000 ) ) ;
#4301 = CARTESIAN_POINT ( 'NONE',  ( 25.86412541772802598, -77.68097998000808957, 14.56453022370030759 ) ) ;
#4302 = EDGE_CURVE ( 'NONE', #1696, #5879, #2631, .T. ) ;
#4303 = CARTESIAN_POINT ( 'NONE',  ( -19.35029129958838823, -64.71120318647552949, 20.73488931338661700 ) ) ;
#4304 = CARTESIAN_POINT ( 'NONE',  ( -10.76563052743963311, -77.68097998000808957, 5.691588591280334342 ) ) ;
#4305 = CARTESIAN_POINT ( 'NONE',  ( 16.39162555192606163, -62.47835174387998336, 21.36267265781824776 ) ) ;
#4306 = ORIENTED_EDGE ( 'NONE', *, *, #3486, .T. ) ;
#4307 = CARTESIAN_POINT ( 'NONE',  ( 10.51036262540718269, -77.68097998000810378, -3.523003368531008039 ) ) ;
#4308 = CARTESIAN_POINT ( 'NONE',  ( -25.00000000000000000, -60.68097998000807536, 25.00000000000000000 ) ) ;
#4309 = CARTESIAN_POINT ( 'NONE',  ( 2.663525710726451834, -76.50150033252970161, -0.9326974585644857152 ) ) ;
#4310 = CARTESIAN_POINT ( 'NONE',  ( -24.86611085946166000, -58.40486459085619941, 14.73437165402761728 ) ) ;
#4311 = CARTESIAN_POINT ( 'NONE',  ( -4.097437745281481192, -60.08850364132560173, 24.84196099590922913 ) ) ;
#4312 = CARTESIAN_POINT ( 'NONE',  ( -38.61842451349597383, -41.80074905388628537, 0.6317624500522276421 ) ) ;
#4313 = ORIENTED_EDGE ( 'NONE', *, *, #1609, .T. ) ;
#4314 = CARTESIAN_POINT ( 'NONE',  ( -43.49999999999998579, -49.99999999999998579, 21.68629150101523351 ) ) ;
#4315 = CARTESIAN_POINT ( 'NONE',  ( 40.58541155513257337, 33.77275048690888326, -8.097634975751111241E-16 ) ) ;
#4316 = EDGE_LOOP ( 'NONE', ( #3409, #5093, #4489 ) ) ;
#4317 = LINE ( 'NONE', #7150, #3613 ) ;
#4318 = CARTESIAN_POINT ( 'NONE',  ( -21.84978241376935415, -77.68097998000808957, 21.98513260262339841 ) ) ;
#4319 = CARTESIAN_POINT ( 'NONE',  ( -40.12804615675559461, -44.81846211787600964, 1.474434891512006240 ) ) ;
#4320 = EDGE_CURVE ( 'NONE', #7690, #1559, #476, .T. ) ;
#4321 = CARTESIAN_POINT ( 'NONE',  ( -40.09320149786616838, 49.40694942273281498, 1.450000000000001732 ) ) ;
#4322 = CARTESIAN_POINT ( 'NONE',  ( -12.56950975531038317, -74.68097998000807536, 1.654693451237394086 ) ) ;
#4323 = CARTESIAN_POINT ( 'NONE',  ( 16.02352640557756303, -69.22993057653758342, 3.628007346720191428 ) ) ;
#4324 = CARTESIAN_POINT ( 'NONE',  ( 5.622376121350487921, -77.68097998000808957, 4.164937567972122778 ) ) ;
#4325 = CARTESIAN_POINT ( 'NONE',  ( -0.007630428499740279404, -77.68097998000808957, 25.25165718681244087 ) ) ;
#4326 = CARTESIAN_POINT ( 'NONE',  ( -25.59826332794822790, -74.68097998000808957, 9.435546880716678686 ) ) ;
#4327 = FACE_OUTER_BOUND ( 'NONE', #5963, .T. ) ;
#4328 = LINE ( 'NONE', #2008, #981 ) ;
#4329 = LINE ( 'NONE', #170, #4865 ) ;
#4330 = VECTOR ( 'NONE', #5024, 1000.000000000000114 ) ;
#4331 = VERTEX_POINT ( 'NONE', #3109 ) ;
#4332 = CARTESIAN_POINT ( 'NONE',  ( 24.64196912394495342, -77.68097998000808957, 18.08180698536104458 ) ) ;
#4333 = CARTESIAN_POINT ( 'NONE',  ( 44.75211998259643309, -42.84898653938505930, 1.223194419969099167 ) ) ;
#4334 = CARTESIAN_POINT ( 'NONE',  ( -9.696565293775115890, -65.88357227394116933, 2.681659458061071533 ) ) ;
#4335 = CARTESIAN_POINT ( 'NONE',  ( -21.49077775195247497, -60.21044842030077859, 21.50000000000000000 ) ) ;
#4336 = CARTESIAN_POINT ( 'NONE',  ( 2.467004117297423083, -74.68097998000804694, 25.39537931503840795 ) ) ;
#4337 = CARTESIAN_POINT ( 'NONE',  ( -43.49999999999998579, -49.99999999999998579, 25.00000000000000000 ) ) ;
#4338 = CARTESIAN_POINT ( 'NONE',  ( -13.57179699256782435, -64.18143475136244547, 21.64722983056789474 ) ) ;
#4339 = CARTESIAN_POINT ( 'NONE',  ( -11.17054101212875317, -77.68097998000808957, 5.867522945517469779 ) ) ;
#4340 = CARTESIAN_POINT ( 'NONE',  ( 15.14362717295572480, -76.01553879346276688, 22.46253710267942338 ) ) ;
#4341 = ORIENTED_EDGE ( 'NONE', *, *, #3715, .F. ) ;
#4342 = CARTESIAN_POINT ( 'NONE',  ( 0.000000000000000000, 0.000000000000000000, 12.50000000000000000 ) ) ;
#4343 = CARTESIAN_POINT ( 'NONE',  ( -25.00000000000000000, -60.68097998000806825, 10.41666666666667496 ) ) ;
#4344 = EDGE_CURVE ( 'NONE', #5630, #7634, #316, .T. ) ;
#4345 = EDGE_CURVE ( 'NONE', #1283, #3533, #6636, .T. ) ;
#4346 = CARTESIAN_POINT ( 'NONE',  ( 2.052079450842643205, -62.36278547946944428, 3.157534369188802259 ) ) ;
#4347 = CARTESIAN_POINT ( 'NONE',  ( 22.02978123891415052, -69.79011332229102038, 13.74723089917525165 ) ) ;
#4348 = CARTESIAN_POINT ( 'NONE',  ( -17.79711518877730825, -78.46065648618760235, 25.42655012560241445 ) ) ;
#4349 = CARTESIAN_POINT ( 'NONE',  ( -38.49745445198740867, -41.74768683756013843, 0.5815738986060856597 ) ) ;
#4350 = ORIENTED_EDGE ( 'NONE', *, *, #3385, .F. ) ;
#4351 = CARTESIAN_POINT ( 'NONE',  ( 15.26720647818649645, -74.68097998000808957, 16.55106062549140589 ) ) ;
#4352 = CARTESIAN_POINT ( 'NONE',  ( 41.02441913338046930, 33.05721023676245096, 0.01562328875052380536 ) ) ;
#4353 = VERTEX_POINT ( 'NONE', #3149 ) ;
#4354 = EDGE_CURVE ( 'NONE', #3802, #426, #2255, .T. ) ;
#4355 = PLANE ( 'NONE',  #5875 ) ;
#4356 = CARTESIAN_POINT ( 'NONE',  ( -38.49999999999998579, 50.00000000000000711, 12.50000000000000000 ) ) ;
#4357 = CARTESIAN_POINT ( 'NONE',  ( -21.74677367781588444, -77.18211922003108327, 2.907439064968139864 ) ) ;
#4358 = CARTESIAN_POINT ( 'NONE',  ( 21.21969041963362557, -74.68097998000808957, 2.390016250204297865 ) ) ;
#4359 = VECTOR ( 'NONE', #6952, 1000.000000000000000 ) ;
#4360 = B_SPLINE_CURVE_WITH_KNOTS ( 'NONE', 3,
 ( #4889, #5543, #724, #767 ),
 .UNSPECIFIED., .F., .F.,
 ( 4, 4 ),
 ( 0.006938441802050243981, 0.01003869270294828822 ),
 .UNSPECIFIED. ) ;
#4361 = CARTESIAN_POINT ( 'NONE',  ( 17.03494416879694029, -77.68097998000808957, 10.87713160793255796 ) ) ;
#4362 = CARTESIAN_POINT ( 'NONE',  ( -22.26282804101699853, -74.68097998000810378, 14.13969916464929000 ) ) ;
#4363 = CARTESIAN_POINT ( 'NONE',  ( -43.50000000000000000, 55.00000000000000711, 12.50000000000000000 ) ) ;
#4364 = CARTESIAN_POINT ( 'NONE',  ( 43.50000000000000711, -44.31902001999193175, 0.000000000000000000 ) ) ;
#4365 = AXIS2_PLACEMENT_3D ( 'NONE', #6907, #3776, #5572 ) ;
#4366 = CARTESIAN_POINT ( 'NONE',  ( -25.99999999999999645, -77.68097998000808957, 12.50000000000000000 ) ) ;
#4367 = ORIENTED_EDGE ( 'NONE', *, *, #4684, .T. ) ;
#4368 = CARTESIAN_POINT ( 'NONE',  ( 41.00000000000000711, -41.57723895259431401, 7.500000000000000000 ) ) ;
#4369 = CARTESIAN_POINT ( 'NONE',  ( 25.04793644628120219, -58.40486459085619941, 25.92627091680839868 ) ) ;
#4370 = CARTESIAN_POINT ( 'NONE',  ( 42.72180911087513522, -41.57576852050805627, 0.3096981344597362629 ) ) ;
#4371 = CARTESIAN_POINT ( 'NONE',  ( -10.38835596852056398, -63.18522974918990087, 3.192710183092687171 ) ) ;
#4372 = CARTESIAN_POINT ( 'NONE',  ( -24.82098456197247316, -69.18097998000807536, 3.459096507319470160 ) ) ;
#4373 = AXIS2_PLACEMENT_3D ( 'NONE', #3949, #6334, #969 ) ;
#4374 = DIRECTION ( 'NONE',  ( -0.7071067811865471286, 0.000000000000000000, -0.7071067811865479058 ) ) ;
#4375 = CARTESIAN_POINT ( 'NONE',  ( 43.17616481289908137, 37.48242723325968484, 4.139925451880924534 ) ) ;
#4376 = CARTESIAN_POINT ( 'NONE',  ( -16.59877520423609809, -65.12893412222041434, 21.21679567440297376 ) ) ;
#4377 = CARTESIAN_POINT ( 'NONE',  ( -0.9169528873829552174, -74.68097998000808957, 3.649495116004406903 ) ) ;
#4378 = CARTESIAN_POINT ( 'NONE',  ( 13.72778536718270814, -65.50184966088140470, 21.71372039792312592 ) ) ;
#4379 = EDGE_LOOP ( 'NONE', ( #1018, #6852, #4580, #1846, #3774, #5563, #1007, #3134 ) ) ;
#4380 = CARTESIAN_POINT ( 'NONE',  ( 40.70571487626734353, 36.47847830265413904, 0.001077623571170876213 ) ) ;
#4381 = CARTESIAN_POINT ( 'NONE',  ( -21.54998219735380971, -64.02861143124191301, 4.313064398231736263 ) ) ;
#4382 = CARTESIAN_POINT ( 'NONE',  ( 6.118198714491662749, -72.57901266047491617, 0.5688925939145091926 ) ) ;
#4383 = CARTESIAN_POINT ( 'NONE',  ( 22.03065280364474887, -75.11172616792133283, 15.75838164972429389 ) ) ;
#4384 = CARTESIAN_POINT ( 'NONE',  ( 44.48141677850502163, -42.69932339929403042, 19.47592483517384565 ) ) ;
#4385 = ADVANCED_FACE ( 'NONE', ( #5569 ), #1813, .T. ) ;
#4386 = ORIENTED_EDGE ( 'NONE', *, *, #3101, .F. ) ;
#4387 = CARTESIAN_POINT ( 'NONE',  ( -25.65675963003178595, -77.68097998000808957, 15.33429889683900527 ) ) ;
#4388 = CARTESIAN_POINT ( 'NONE',  ( 43.24856875884169227, 32.34487789172963090, 0.4858035165760237195 ) ) ;
#4389 = VERTEX_POINT ( 'NONE', #5496 ) ;
#4390 = UNCERTAINTY_MEASURE_WITH_UNIT (LENGTH_MEASURE( 1.000000000000000082E-05 ), #6499, 'distance_accuracy_value', 'NONE');
#4391 = CARTESIAN_POINT ( 'NONE',  ( -24.82098456197247671, -69.18097998000807536, 21.54090349268052762 ) ) ;
#4392 = CARTESIAN_POINT ( 'NONE',  ( 41.82687052743025902, -43.13553702992608407, 3.584742813032812059 ) ) ;
#4393 = CARTESIAN_POINT ( 'NONE',  ( 25.86412541772634199, -77.68097998000806115, 10.43546977628689554 ) ) ;
#4394 = EDGE_CURVE ( 'NONE', #3717, #1810, #6711, .T. ) ;
#4395 = CARTESIAN_POINT ( 'NONE',  ( 14.20351202541163893, -60.68097998000835247, 21.50000000000000000 ) ) ;
#4396 = CARTESIAN_POINT ( 'NONE',  ( 43.50000000000000711, -44.31902001999193175, 12.50000000000000000 ) ) ;
#4397 = CARTESIAN_POINT ( 'NONE',  ( -7.971393835080443857, -74.68097998000808957, 4.720033967292387445 ) ) ;
#4398 = CARTESIAN_POINT ( 'NONE',  ( -38.49999999999998579, -44.99999999999999289, 21.50000000000000000 ) ) ;
#4399 = CARTESIAN_POINT ( 'NONE',  ( -17.12334204847205399, -77.68097998000808957, 13.91969518390568616 ) ) ;
#4400 = CARTESIAN_POINT ( 'NONE',  ( 21.20681151644157580, -78.46065648618754551, 2.300147199530598208 ) ) ;
#4401 = VERTEX_POINT ( 'NONE', #2476 ) ;
#4402 = CARTESIAN_POINT ( 'NONE',  ( 24.99999999999999645, -60.68097998000807536, 12.49999999999999289 ) ) ;
#4403 = CARTESIAN_POINT ( 'NONE',  ( 24.94317924871467795, -58.40486459085619231, 3.557414383494455379 ) ) ;
#4404 = CARTESIAN_POINT ( 'NONE',  ( 42.04849700672463086, -41.69020604193790547, 0.1501073233012132357 ) ) ;
#4405 = CARTESIAN_POINT ( 'NONE',  ( -13.07810359153832280, -68.23572770314967784, 2.887617424216439854 ) ) ;
#4406 = CYLINDRICAL_SURFACE ( 'NONE', #854, 101.5772389525943282 ) ;
#4407 = CARTESIAN_POINT ( 'NONE',  ( -40.09320149786616838, 50.59305057726720634, 1.450000000000001732 ) ) ;
#4408 = CARTESIAN_POINT ( 'NONE',  ( -12.25111018186646739, -61.65405325956174920, 21.55714673718898666 ) ) ;
#4409 = ADVANCED_FACE ( 'NONE', ( #7346 ), #580, .T. ) ;
#4410 = CARTESIAN_POINT ( 'NONE',  ( 17.12334204847211439, -77.68097998000808957, 11.08030481609445950 ) ) ;
#4411 = CARTESIAN_POINT ( 'NONE',  ( 17.01169957695931245, -70.43890236870915089, 21.04792101249882563 ) ) ;
#4412 = ORIENTED_EDGE ( 'NONE', *, *, #3817, .T. ) ;
#4413 = PLANE ( 'NONE',  #5914 ) ;
#4414 = CARTESIAN_POINT ( 'NONE',  ( -21.53745693383747550, -61.42060013598758417, 10.67567681407539126 ) ) ;
#4415 = CARTESIAN_POINT ( 'NONE',  ( 6.392915371071929975, -75.15581201012625456, -0.09501251141609499962 ) ) ;
#4416 = CARTESIAN_POINT ( 'NONE',  ( 21.94772718806803624, -68.39519445790712382, 12.49999999999998757 ) ) ;
#4417 = CARTESIAN_POINT ( 'NONE',  ( 24.77787623129917449, -78.46065648618758814, 17.41047865230660818 ) ) ;
#4418 = CARTESIAN_POINT ( 'NONE',  ( 41.32187346424503005, -43.76239573558401474, 21.48801734515825501 ) ) ;
#4419 = COLOUR_RGB ( '',0.7921568627450980005, 0.8196078431372548767, 0.9333333333333333481 ) ;
#4420 = ORIENTED_EDGE ( 'NONE', *, *, #7069, .F. ) ;
#4421 = ORIENTED_EDGE ( 'NONE', *, *, #3486, .F. ) ;
#4422 = CARTESIAN_POINT ( 'NONE',  ( -21.45495460367103391, -58.68626100954069358, 3.499999999999997335 ) ) ;
#4423 = ORIENTED_EDGE ( 'NONE', *, *, #5355, .T. ) ;
#4424 = CARTESIAN_POINT ( 'NONE',  ( -38.49999999999999289, 50.00000000000000711, 32.07106781186548261 ) ) ;
#4425 = CARTESIAN_POINT ( 'NONE',  ( -24.69838774608264842, -77.68097998000808957, 7.031030258914348963 ) ) ;
#4426 = CARTESIAN_POINT ( 'NONE',  ( 9.856188008219433527, -74.68097998000808957, -8.435108819088018350 ) ) ;
#4427 = VERTEX_POINT ( 'NONE', #2517 ) ;
#4428 = CARTESIAN_POINT ( 'NONE',  ( -21.20647657184565205, -74.68097998000808957, 2.379886057682880640 ) ) ;
#4429 = DIRECTION ( 'NONE',  ( -0.4999999999999948375, 0.8660254037844417052, 0.000000000000000000 ) ) ;
#4430 = EDGE_CURVE ( 'NONE', #2813, #1524, #4913, .T. ) ;
#4431 = EDGE_CURVE ( 'NONE', #1604, #5370, #1924, .T. ) ;
#4432 = CARTESIAN_POINT ( 'NONE',  ( 2.164961074558842125, -74.68097998000807536, 3.701230491813756185 ) ) ;
#4433 = CARTESIAN_POINT ( 'NONE',  ( -3.701768748729338032, -72.62708927386526625, 24.70637563750175403 ) ) ;
#4434 = FACE_OUTER_BOUND ( 'NONE', #4277, .T. ) ;
#4435 = DIRECTION ( 'NONE',  ( 1.321694076934710155E-16, -1.000000000000000000, 0.000000000000000000 ) ) ;
#4436 = B_SPLINE_CURVE_WITH_KNOTS ( 'NONE', 3,
 ( #5503, #646, #5539, #1300, #4254, #130, #4919, #1376, #6605, #6015, #6716, #2522, #6642, #164, #2559, #1892, #3777, #51, #6156, #797, #3665, #3189, #5573, #201, #4804, #7197, #1820, #4215, #6678, #3079, #3041, #6051, #2446, #684, #4553, #2677, #5146, #5765, #6868, #7543, #2718, #2639, #1489, #2596, #6273, #1569, #6191, #871, #5029, #357, #3967, #911, #3890, #3305, #5692, #2166, #3225, #5613, #314, #6948, #4469, #1527, #6351, #988, #277, #5103, #4992, #7505, #7423, #2084, #7389, #2006, #4397, #6790, #5066, #7463, #2125, #238, #1411, #833, #3847, #4514, #3928, #3813, #6908, #1446, #2043, #6313, #4432, #6827, #6232, #947, #3341, #3264, #5728, #2758, #5652, #2362, #1064, #7109, #7065, #3538, #2915, #5843, #2323, #4718, #3577, #5223, #395, #4758, #1726, #3454, #1685, #2206, #5886, #6468, #517, #5304, #2837, #1104, #6428, #6986, #4126, #4678, #7622, #6513, #1147, #473, #5929, #1027, #558, #5342, #4639, #2878, #2796, #7151, #7702, #1772, #2287, #4597, #6555, #5265, #7662, #1647, #3416, #5802, #1182, #5185, #7585, #1607, #4007, #6392, #2245, #7028, #4044, #1886, #82, #1849, #9, #124, #5494, #3730, #4953, #6673, #4874, #2474, #1294, #3148, #6598, #1222, #7269, #5532, #3695 ),
 .UNSPECIFIED., .F., .F.,
 ( 4, 1, 1, 1, 1, 1, 1, 1, 2, 2, 1, 1, 1, 1, 1, 1, 2, 2, 1, 1, 2, 2, 1, 1, 2, 2, 1, 1, 1, 1, 2, 2, 1, 1, 1, 1, 2, 2, 1, 1, 1, 1, 1, 2, 2, 1, 1, 1, 1, 2, 2, 1, 1, 1, 1, 2, 2, 1, 1, 1, 2, 2, 1, 2, 2, 1, 1, 1, 1, 2, 2, 1, 1, 1, 1, 2, 2, 1, 1, 1, 1, 2, 2, 1, 1, 1, 1, 1, 2, 2, 1, 1, 1, 1, 1, 2, 2, 1, 1, 1, 1, 2, 2, 1, 1, 1, 1, 2, 2, 1, 1, 2, 2, 1, 1, 1, 1, 1, 2, 2, 1, 1, 1, 1, 1, 1, 2, 2, 4 ),
 ( 0.000000000000000000, 0.01562499999995017874, 0.02343749999992526811, 0.02734374999991280586, 0.02929687499990651922, 0.03027343749990326835, 0.03076171874990153363, 0.03100585937490072178, 0.03112792968740026728, 0.03124999999989981278, 0.03906249999986910471, 0.04296874999985374199, 0.04492187499984595656, 0.04589843749984186261, 0.04638671874984010707, 0.04663085937483871235, 0.04675292968733873317, 0.04687499999983875398, 0.05078124999983714416, 0.05273437499983638782, 0.05371093749983607557, 0.05468749999983575638, 0.05859374999983437554, 0.06054687499983361920, 0.06152343749983318899, 0.06249999999983275878, 0.07812499999982613907, 0.08593749999982294718, 0.08984374999982126797, 0.09179687499982032428, 0.09277343749981983856, 0.09374999999981936671, 0.1093749999998140793, 0.1171874999998114286, 0.1210937499998101380, 0.1230468749998095135, 0.1240234374998091804, 0.1249999999998088751, 0.1562499999998006317, 0.1718749999997965239, 0.1796874999997944700, 0.1835937499997934708, 0.1855468749997928879, 0.1865234374997926103, 0.1874999999997923328, 0.2187499999997832012, 0.2343749999997786493, 0.2421874999997763178, 0.2460937499997752353, 0.2480468749997745970, 0.2499999999997740141, 0.2812499999997645772, 0.2968749999997598588, 0.3046874999997575273, 0.3085937499997563060, 0.3105468749997558064, 0.3124999999997553068, 0.3437499999997476463, 0.3593749999997437605, 0.3671874999997418731, 0.3710937499997409295, 0.3749999999997400413, 0.4374999999997251088, 0.4687499999997176703, 0.4999999999997102318, 0.5624999999996953548, 0.5937499999996878053, 0.6093749999996841415, 0.6171874999996822542, 0.6210937499996813660, 0.6249999999996804778, 0.6562499999996734834, 0.6718749999996701527, 0.6796874999996683764, 0.6835937499996674882, 0.6855468749996670441, 0.6874999999996666000, 0.7187499999996599387, 0.7343749999996567190, 0.7421874999996549427, 0.7460937499996540545, 0.7480468749996537214, 0.7499999999996533884, 0.7812499999996467270, 0.7968749999996435074, 0.8046874999996418421, 0.8085937499996409539, 0.8105468749996405098, 0.8115234374996402877, 0.8124999999996400657, 0.8437499999996340705, 0.8593749999996311839, 0.8671874999996296296, 0.8710937499996288524, 0.8730468749996285194, 0.8740234374996284084, 0.8749999999996282973, 0.8906249999996255218, 0.8984374999996241895, 0.9023437499996234124, 0.9042968749996229683, 0.9052734374996226352, 0.9062499999996221911, 0.9218749999996169731, 0.9296874999996143085, 0.9335937499996130873, 0.9355468749996125322, 0.9365234374996123101, 0.9374999999996120881, 0.9414062499996109779, 0.9433593749996104227, 0.9443359374996100897, 0.9453124999996097566, 0.9492187499996082023, 0.9511718749996075362, 0.9521484374996072031, 0.9526367187496070921, 0.9528808593746070921, 0.9530029296871070921, 0.9531249999996069810, 0.9609374999996675992, 0.9648437499996980193, 0.9667968749997132294, 0.9677734374997208899, 0.9682617187497247757, 0.9685058593747267741, 0.9686279296872277733, 0.9687499999997287725, 1.000000000000000000 ),
 .UNSPECIFIED. ) ;
#4437 = ORIENTED_EDGE ( 'NONE', *, *, #3290, .F. ) ;
#4438 = CARTESIAN_POINT ( 'NONE',  ( 22.71486306426909962, -69.28675252358145542, 6.600827837745020688 ) ) ;
#4439 = CARTESIAN_POINT ( 'NONE',  ( 24.60084272001518713, -77.68097998000808957, 6.835940206779421047 ) ) ;
#4440 = EDGE_CURVE ( 'NONE', #4810, #5182, #5056, .T. ) ;
#4441 = DIRECTION ( 'NONE',  ( -0.000000000000000000, -0.000000000000000000, -1.000000000000000000 ) ) ;
#4442 = CARTESIAN_POINT ( 'NONE',  ( -11.91968504268728957, -67.02388922762807510, 2.812409298354555887 ) ) ;
#4443 = CARTESIAN_POINT ( 'NONE',  ( -43.49999999999998579, -49.99999999999998579, 25.00000000000000000 ) ) ;
#4444 = CARTESIAN_POINT ( 'NONE',  ( 43.04050957348079010, 37.46161870278979222, 4.055944164296442445 ) ) ;
#4445 = CARTESIAN_POINT ( 'NONE',  ( -15.77045558393080249, -66.58130253721839154, 21.37024458440523489 ) ) ;
#4446 = CARTESIAN_POINT ( 'NONE',  ( 17.56915918334686566, -77.68097998000808957, 12.09437280459840736 ) ) ;
#4447 = CARTESIAN_POINT ( 'NONE',  ( 19.35029129958831362, -64.71120318647551528, 20.73488931338660990 ) ) ;
#4448 = ORIENTED_EDGE ( 'NONE', *, *, #3861, .T. ) ;
#4449 = CARTESIAN_POINT ( 'NONE',  ( -39.99999999999997868, -42.99999999999998579, 32.07106781186548261 ) ) ;
#4450 = CARTESIAN_POINT ( 'NONE',  ( 40.50000000000000000, 40.00000000000000711, 0.000000000000000000 ) ) ;
#4451 = CARTESIAN_POINT ( 'NONE',  ( 6.028205923975845870, -60.89449903058037705, 3.543811641880755925 ) ) ;
#4452 = DIRECTION ( 'NONE',  ( -1.000000000000000000, -1.330321911110254761E-16, 0.000000000000000000 ) ) ;
#4453 = CARTESIAN_POINT ( 'NONE',  ( 21.64377600355135911, -64.14202047970832155, 17.41501057209051950 ) ) ;
#4454 = CARTESIAN_POINT ( 'NONE',  ( 15.48328148753917155, -77.68097998000810378, 26.58917987456321441 ) ) ;
#4455 = CARTESIAN_POINT ( 'NONE',  ( 41.01580038723128041, -44.67656001810627941, 21.50008859661920013 ) ) ;
#4456 = CARTESIAN_POINT ( 'NONE',  ( 42.85877032672654963, -47.04297233461971928, 0.3543979852199195535 ) ) ;
#4457 = ORIENTED_EDGE ( 'NONE', *, *, #310, .T. ) ;
#4458 = CARTESIAN_POINT ( 'NONE',  ( 8.429233349919698526, -72.50042723528380861, 24.01027416554702754 ) ) ;
#4459 = VERTEX_POINT ( 'NONE', #4465 ) ;
#4460 = CARTESIAN_POINT ( 'NONE',  ( 41.21837871325906377, 32.85247173475673321, 0.02907310681219088186 ) ) ;
#4461 = VERTEX_POINT ( 'NONE', #7499 ) ;
#4462 = CARTESIAN_POINT ( 'NONE',  ( 14.75455560224872542, -73.39658396441514299, 2.748387238328827031 ) ) ;
#4463 = PLANE ( 'NONE',  #2627 ) ;
#4464 = CARTESIAN_POINT ( 'NONE',  ( -17.59175272264742063, -60.08850364132558752, -0.07664834569599812686 ) ) ;
#4465 = CARTESIAN_POINT ( 'NONE',  ( 43.50000000000000000, -44.31902001999193175, 18.02146305234685286 ) ) ;
#4466 = EDGE_LOOP ( 'NONE', ( #3300, #4096 ) ) ;
#4467 = CARTESIAN_POINT ( 'NONE',  ( -25.59344066623074809, -74.68097998000808957, 15.58264784197945652 ) ) ;
#4468 = CARTESIAN_POINT ( 'NONE',  ( -38.91677695216839084, 52.46733138671122276, 4.758127905550990633 ) ) ;
#4469 = CARTESIAN_POINT ( 'NONE',  ( -11.80519186714327162, -74.68097998000808957, 6.160921926320853892 ) ) ;
#4470 = CARTESIAN_POINT ( 'NONE',  ( -3.221263684569974028, -64.90695961644725287, 22.54535169946361606 ) ) ;
#4471 = CARTESIAN_POINT ( 'NONE',  ( 46.64879778586072945, 41.34230082856891642, 2.854502502434478561 ) ) ;
#4472 = DIRECTION ( 'NONE',  ( 1.321694076934710155E-16, -1.000000000000000000, 0.000000000000000000 ) ) ;
#4473 = EDGE_CURVE ( 'NONE', #4791, #5277, #1078, .T. ) ;
#4474 = EDGE_CURVE ( 'NONE', #7149, #1283, #5098, .T. ) ;
#4475 = CARTESIAN_POINT ( 'NONE',  ( 24.67632450237491071, -78.46065648618757393, 7.353496676979816904 ) ) ;
#4476 = VECTOR ( 'NONE', #4472, 1000.000000000000000 ) ;
#4477 = ORIENTED_EDGE ( 'NONE', *, *, #1856, .F. ) ;
#4478 = CARTESIAN_POINT ( 'NONE',  ( 20.43188688697581057, -75.14354464078924423, 6.397026229187900981 ) ) ;
#4479 = DIRECTION ( 'NONE',  ( 1.593074305255970310E-16, -1.000000000000000000, -0.000000000000000000 ) ) ;
#4480 = CARTESIAN_POINT ( 'NONE',  ( 41.49853076112383832, 33.49334131041800333, 3.530194972989039837 ) ) ;
#4481 = CARTESIAN_POINT ( 'NONE',  ( -17.19020846335559227, -59.70272581777084753, 3.414343488047463904 ) ) ;
#4482 = LINE ( 'NONE', #959, #3483 ) ;
#4483 = AXIS2_PLACEMENT_3D ( 'NONE', #2437, #2989, #2358 ) ;
#4484 = CARTESIAN_POINT ( 'NONE',  ( -25.65675389976340881, -77.68097998000808957, 9.665712661770600178 ) ) ;
#4485 = CARTESIAN_POINT ( 'NONE',  ( -14.27209426941148962, -61.41448429551643073, 21.49558876254518225 ) ) ;
#4486 = ADVANCED_FACE ( 'NONE', ( #4510 ), #7219, .F. ) ;
#4487 = CARTESIAN_POINT ( 'NONE',  ( -21.78975967305888517, -58.49296121260353942, 21.50000000000000000 ) ) ;
#4488 = CARTESIAN_POINT ( 'NONE',  ( 21.29494548426048084, -70.94062422791836298, 18.77615995589622955 ) ) ;
#4489 = ORIENTED_EDGE ( 'NONE', *, *, #482, .F. ) ;
#4490 = VECTOR ( 'NONE', #4479, 1000.000000000000000 ) ;
#4491 = CARTESIAN_POINT ( 'NONE',  ( 21.26428838748284278, -77.68097998000807536, 22.59614119614828098 ) ) ;
#4492 = CARTESIAN_POINT ( 'NONE',  ( -21.60589344344228735, -64.09659905143459468, 5.948066130799069207 ) ) ;
#4493 = CARTESIAN_POINT ( 'NONE',  ( -5.480624365959191895E-14, -67.51697551648611295, 1.637657666526616040 ) ) ;
#4494 = CARTESIAN_POINT ( 'NONE',  ( 45.00000000000001421, -43.00000000000000000, 12.50000000000000000 ) ) ;
#4495 = CARTESIAN_POINT ( 'NONE',  ( 21.48565329626485365, -68.03249414443907028, 20.54918149013411366 ) ) ;
#4496 = VECTOR ( 'NONE', #4709, 1000.000000000000000 ) ;
#4497 = CARTESIAN_POINT ( 'NONE',  ( 20.46089445454941114, -78.46065648618755972, 23.40365775716507812 ) ) ;
#4498 = B_SPLINE_CURVE_WITH_KNOTS ( 'NONE', 3,
 ( #2792, #5606, #349, #2753, #3962, #7385, #5142, #7540, #2162, #2079, #4548, #1442, #6944, #3886, #3843, #980, #3373, #5761, #6226, #2000, #4392, #6545, #4160, #4751, #2950, #7060, #1719, #429 ),
 .UNSPECIFIED., .F., .F.,
 ( 4, 2, 2, 2, 2, 2, 2, 2, 2, 2, 2, 2, 2, 4 ),
 ( 0.000000000000000000, 0.0009588392497560477247, 0.001438258874634071533, 0.001917678499512095449, 0.002876517749268147402, 0.003355937374146165681, 0.003835356999024183960, 0.004314776623902202672, 0.004794196248780220951, 0.005273615873658240097, 0.005753035498536258376, 0.006232455123414277522, 0.006711874748292296668, 0.007670713998048313276 ),
 .UNSPECIFIED. ) ;
#4499 = CARTESIAN_POINT ( 'NONE',  ( 41.82479628086521473, -43.13742494467479105, 21.41568514049103555 ) ) ;
#4500 = CARTESIAN_POINT ( 'NONE',  ( 42.32099469474377429, -47.01682760399781102, 0.2088340790491118593 ) ) ;
#4501 = ORIENTED_EDGE ( 'NONE', *, *, #4525, .T. ) ;
#4502 = CARTESIAN_POINT ( 'NONE',  ( 3.453110808381284258, -68.76790363687365470, 23.62531611735167658 ) ) ;
#4503 = ORIENTED_EDGE ( 'NONE', *, *, #3872, .T. ) ;
#4504 = VECTOR ( 'NONE', #563, 1000.000000000000000 ) ;
#4505 = DIRECTION ( 'NONE',  ( -1.000000000000000000, 0.000000000000000000, 0.000000000000000000 ) ) ;
#4506 = EDGE_LOOP ( 'NONE', ( #3522, #1594 ) ) ;
#4507 = CARTESIAN_POINT ( 'NONE',  ( 13.10926307948645864, -60.21757473479340916, 3.520503570081721101 ) ) ;
#4508 = CARTESIAN_POINT ( 'NONE',  ( 44.40131949302671899, 37.33375911287402005, 19.61094763098920168 ) ) ;
#4509 = CARTESIAN_POINT ( 'NONE',  ( -14.44428175279541371, -60.08850364132558752, -0.007762524468696077422 ) ) ;
#4510 = FACE_OUTER_BOUND ( 'NONE', #21, .T. ) ;
#4511 = ORIENTED_EDGE ( 'NONE', *, *, #3715, .T. ) ;
#4512 = CARTESIAN_POINT ( 'NONE',  ( -21.49077775195247852, -60.21044842030078570, 3.500000000000000444 ) ) ;
#4513 = DIRECTION ( 'NONE',  ( 1.593074305255970310E-16, -1.000000000000000000, 0.000000000000000000 ) ) ;
#4514 = CARTESIAN_POINT ( 'NONE',  ( -5.345464254695708739, -74.68097998000808957, 4.117313227005396925 ) ) ;
#4515 = CARTESIAN_POINT ( 'NONE',  ( -4.699656026350760740, -70.03332315389818064, 23.89799646755855278 ) ) ;
#4516 = CARTESIAN_POINT ( 'NONE',  ( 21.30246791587256183, -74.68097998000808957, 17.77653284705950298 ) ) ;
#4517 = CARTESIAN_POINT ( 'NONE',  ( -35.99999999999999289, 50.00000000000000711, 3.499999999999999556 ) ) ;
#4518 = CARTESIAN_POINT ( 'NONE',  ( 25.19621869238767076, -60.08850364132559463, -0.2450422979392557488 ) ) ;
#4519 = ORIENTED_EDGE ( 'NONE', *, *, #2395, .F. ) ;
#4520 = FACE_OUTER_BOUND ( 'NONE', #4560, .T. ) ;
#4521 = CARTESIAN_POINT ( 'NONE',  ( 45.00000000000000000, 37.00000000000001421, 17.50000000000000000 ) ) ;
#4522 = CARTESIAN_POINT ( 'NONE',  ( 41.94593255341831650, 33.03534406507612431, 3.611116469890114811 ) ) ;
#4523 = CARTESIAN_POINT ( 'NONE',  ( -14.84232250118491514, -66.70647548056471976, 3.418648349992308155 ) ) ;
#4524 = CARTESIAN_POINT ( 'NONE',  ( -40.19061331312722984, 49.79511514158841123, 1.519364268661461459 ) ) ;
#4525 = EDGE_CURVE ( 'NONE', #6319, #5151, #3260, .T. ) ;
#4526 = CARTESIAN_POINT ( 'NONE',  ( -39.99999999999999289, 55.00000000000000711, 25.00000000000000000 ) ) ;
#4527 = CARTESIAN_POINT ( 'NONE',  ( -10.38835596852053023, -63.18522974918995772, 21.80728981690733193 ) ) ;
#4528 = CARTESIAN_POINT ( 'NONE',  ( -16.63297576914535369, -60.53155881789756165, 3.500000000000000000 ) ) ;
#4529 = CARTESIAN_POINT ( 'NONE',  ( 18.67375795249500570, -72.84553448342002469, 20.17600482595097233 ) ) ;
#4530 = ORIENTED_EDGE ( 'NONE', *, *, #1269, .T. ) ;
#4531 = CARTESIAN_POINT ( 'NONE',  ( 43.95997742121741680, 37.33465842667000345, 0.7825670758668695770 ) ) ;
#4532 = CARTESIAN_POINT ( 'NONE',  ( -22.08557058925519812, -73.83730790969710256, 9.708022813253647243 ) ) ;
#4533 = CARTESIAN_POINT ( 'NONE',  ( -3.533437471243675798, -70.05455626177911199, 1.014460491152124222 ) ) ;
#4534 = CIRCLE ( 'NONE', #1523, 1.699999999999993072 ) ;
#4535 = CARTESIAN_POINT ( 'NONE',  ( -17.56923431408905145, -74.68097998000810378, 12.90565428101304946 ) ) ;
#4536 = EDGE_CURVE ( 'NONE', #5580, #57, #3924, .T. ) ;
#4537 = CARTESIAN_POINT ( 'NONE',  ( 24.33081087423603250, -78.46065648618758814, 18.44953977717403859 ) ) ;
#4538 = CYLINDRICAL_SURFACE ( 'NONE', #5781, 4.000000000000003553 ) ;
#4539 = VERTEX_POINT ( 'NONE', #6186 ) ;
#4540 = CARTESIAN_POINT ( 'NONE',  ( 7.311646392572620279, -63.43108502970380869, 22.00956791390897038 ) ) ;
#4541 = EDGE_LOOP ( 'NONE', ( #4230, #595, #2472, #4247 ) ) ;
#4542 = B_SPLINE_SURFACE_WITH_KNOTS ( 'NONE', 3, 1, ( 
 ( #3485, #5874, #3566, #5412 ),
 ( #7732, #4193, #7217, #6585 ),
 ( #1055, #3444, #1212, #2945 ),
 ( #1839, #4233, #5832, #5332 ),
 ( #506, #2904, #5958, #5293 ),
 ( #587, #2393, #7178, #1799 ),
 ( #5483, #3684, #6697, #815 ),
 ( #3061, #1251, #4343, #3136 ),
 ( #217, #6175, #7297, #5558 ),
 ( #1913, #5447, #3209, #3760 ),
 ( #4861, #6069, #6773, #69 ),
 ( #6662, #6735, #1393, #3096 ),
 ( #704, #3172, #4308, #2464 ),
 ( #781, #110, #147, #1317 ),
 ( #667, #1357, #2542, #1951 ),
 ( #1285, #4942, #4901, #1987 ) ),
 .UNSPECIFIED., .F., .F., .F.,
 ( 4, 3, 2, 2, 2, 3, 4 ),
 ( 2, 1, 1, 2 ),
 ( -0.02332196372300270049, 0.000000000000000000, 0.2500000000000000000, 0.5000000000000000000, 0.7500000000000000000, 1.000000000000000000, 1.023321963723005101 ),
 ( -0.05286915988836141805, 0.000000000000000000, 1.000000000000000000, 1.133889140538345108 ),
 .UNSPECIFIED. ) ;
#4543 = CARTESIAN_POINT ( 'NONE',  ( -37.34525904103471561, 52.22243886778649369, 21.26990713887056472 ) ) ;
#4544 = ORIENTED_EDGE ( 'NONE', *, *, #711, .F. ) ;
#4545 = CARTESIAN_POINT ( 'NONE',  ( 42.34279739473010551, 37.22119874128887318, 21.27080431685413231 ) ) ;
#4546 = MECHANICAL_DESIGN_GEOMETRIC_PRESENTATION_REPRESENTATION (  '', ( #1045 ), #1533 ) ;
#4547 = CARTESIAN_POINT ( 'NONE',  ( -17.70833333333333925, -60.68097998000806825, 0.000000000000000000 ) ) ;
#4548 = CARTESIAN_POINT ( 'NONE',  ( 43.80523836118754843, -42.51581379807345229, 4.644019108697770903 ) ) ;
#4549 = EDGE_LOOP ( 'NONE', ( #1626, #5248, #7561, #714, #4023 ) ) ;
#4550 = VECTOR ( 'NONE', #1044, 1000.000000000000000 ) ;
#4551 = DIRECTION ( 'NONE',  ( 1.000000000000000000, 0.000000000000000000, 0.000000000000000000 ) ) ;
#4552 = CARTESIAN_POINT ( 'NONE',  ( -38.43933072484643532, -42.49723695952853575, 4.325768929675241736 ) ) ;
#4553 = CARTESIAN_POINT ( 'NONE',  ( -16.56706384520732200, -74.68097998000807536, 9.957000015892502276 ) ) ;
#4554 = ADVANCED_FACE ( 'NONE', ( #5060 ), #828, .F. ) ;
#4555 = CARTESIAN_POINT ( 'NONE',  ( -4.920255503261456553, -72.60799027789906290, 24.59583197452684900 ) ) ;
#4556 = CARTESIAN_POINT ( 'NONE',  ( 40.35000000000000142, 35.00000000000000711, 0.000000000000000000 ) ) ;
#4557 = CARTESIAN_POINT ( 'NONE',  ( 48.25456017460483338, 40.18155948854843018, 6.013091070286309403 ) ) ;
#4558 = CARTESIAN_POINT ( 'NONE',  ( 40.99999999999999289, -44.99999999999999289, 3.499999999999999556 ) ) ;
#4559 = DIRECTION ( 'NONE',  ( -0.8571673007021104462, 0.000000000000000000, -0.5150380749100574862 ) ) ;
#4560 = EDGE_LOOP ( 'NONE', ( #5456, #412, #3056, #3806 ) ) ;
#4561 = CARTESIAN_POINT ( 'NONE',  ( 21.37918666975485849, -58.73000564658308775, 12.49999999999999289 ) ) ;
#4562 = DIRECTION ( 'NONE',  ( -1.593074305255970310E-16, 1.000000000000000000, 0.000000000000000000 ) ) ;
#4563 = CARTESIAN_POINT ( 'NONE',  ( 24.98891076837313463, -58.40486459085619231, 1.317946770163696657 ) ) ;
#4564 = CARTESIAN_POINT ( 'NONE',  ( -16.02352640557763763, -69.22993057653755500, 3.628007346720218518 ) ) ;
#4565 = DIRECTION ( 'NONE',  ( 0.5000000000000008882, 0.8660254037844381525, -0.000000000000000000 ) ) ;
#4566 = CYLINDRICAL_SURFACE ( 'NONE', #2558, 1.700000000000000178 ) ;
#4567 = CARTESIAN_POINT ( 'NONE',  ( -10.22432474607246178, -61.87308994540755691, 21.62549704686036023 ) ) ;
#4568 = B_SPLINE_CURVE_WITH_KNOTS ( 'NONE', 1,
 ( #4658, #3596 ),
 .UNSPECIFIED., .F., .F.,
 ( 2, 2 ),
 ( 0.003005185829281201929, 0.01702938636592650837 ),
 .UNSPECIFIED. ) ;
#4569 = CARTESIAN_POINT ( 'NONE',  ( -36.79999999999999005, -44.31902001999193175, 17.00000000000000000 ) ) ;
#4570 = CARTESIAN_POINT ( 'NONE',  ( 20.06834574779894709, -69.89223004139698503, 19.68043664198772191 ) ) ;
#4571 = ORIENTED_EDGE ( 'NONE', *, *, #85, .T. ) ;
#4572 = CARTESIAN_POINT ( 'NONE',  ( 44.75211998259642598, 36.47003348060694350, 1.223194419969091395 ) ) ;
#4573 = CARTESIAN_POINT ( 'NONE',  ( -21.53312115140107608, -61.40117526047752250, 8.851315462574124382 ) ) ;
#4574 = CARTESIAN_POINT ( 'NONE',  ( -3.295216011141095525, -66.19431403751362097, 2.094966004735446141 ) ) ;
#4575 = CARTESIAN_POINT ( 'NONE',  ( -36.67588936473351424, 52.46576029816112197, 0.08588626348088597429 ) ) ;
#4576 = CARTESIAN_POINT ( 'NONE',  ( -39.99999999999999289, 52.00000000000001421, 7.500000000000000000 ) ) ;
#4577 = VECTOR ( 'NONE', #5020, 1000.000000000000000 ) ;
#4578 = CARTESIAN_POINT ( 'NONE',  ( -20.48538726743250749, -73.78781522718637120, 18.75897052588882374 ) ) ;
#4579 = CARTESIAN_POINT ( 'NONE',  ( 45.03519270640568095, -45.18451554699106509, 1.409321211018963238 ) ) ;
#4580 = ORIENTED_EDGE ( 'NONE', *, *, #7766, .F. ) ;
#4581 = EDGE_CURVE ( 'NONE', #4716, #2643, #4498, .T. ) ;
#4582 = EDGE_CURVE ( 'NONE', #6385, #3440, #4713, .T. ) ;
#4583 = CARTESIAN_POINT ( 'NONE',  ( 4.699656026350812255, -70.03332315389810958, 23.89799646755855278 ) ) ;
#4584 = VERTEX_POINT ( 'NONE', #1140 ) ;
#4586 = VECTOR ( 'NONE', #3015, 1000.000000000000114 ) ;
#4585 = CARTESIAN_POINT ( 'NONE',  ( -36.06293926877658862, 50.64541091476691292, 21.50140468926676007 ) ) ;
#4587 = EDGE_LOOP ( 'NONE', ( #1835, #3010, #2511, #1198, #4367 ) ) ;
#4588 = B_SPLINE_CURVE_WITH_KNOTS ( 'NONE', 3,
 ( #2875, #1683, #4082, #393, #5300, #7583, #514, #4676, #1102, #4595, #6311, #2204, #5840, #6466, #2911, #6984, #2835, #5221, #7024, #5725, #3965, #3494, #6426, #983 ),
 .UNSPECIFIED., .F., .F.,
 ( 4, 2, 2, 2, 2, 2, 2, 2, 2, 2, 2, 4 ),
 ( 9.813077866773594792E-18, 0.001716179748181493291, 0.003432359496362977040, 0.004290449370453718048, 0.005148539244544460790, 0.006864718992725939335, 0.008580898740907418748, 0.01029707848908889729, 0.01115516836317963396, 0.01201325823727036890, 0.01287134811136110384, 0.01372943798545183877 ),
 .UNSPECIFIED. ) ;
#4589 = CARTESIAN_POINT ( 'NONE',  ( 11.57340780628366339, -64.39850941154888631, 3.118517888509921843 ) ) ;
#4590 = CARTESIAN_POINT ( 'NONE',  ( -25.00000000000000000, -60.68097998000807536, -0.1943496976916893881 ) ) ;
#4591 = CARTESIAN_POINT ( 'NONE',  ( -15.48328148753916444, -77.68097998000810378, -1.589179874563209527 ) ) ;
#4592 = FACE_OUTER_BOUND ( 'NONE', #1402, .T. ) ;
#4593 = ORIENTED_EDGE ( 'NONE', *, *, #7710, .T. ) ;
#4594 = EDGE_CURVE ( 'NONE', #67, #2193, #4078, .T. ) ;
#4595 = CARTESIAN_POINT ( 'NONE',  ( 45.13304092605791595, 42.39496332260281264, 23.54090626801909281 ) ) ;
#4596 = CARTESIAN_POINT ( 'NONE',  ( -25.99999999999999645, -77.68097998000808957, 12.50000000000000000 ) ) ;
#4597 = CARTESIAN_POINT ( 'NONE',  ( 16.44329777456762898, -74.68097998000810378, 9.776060568738355272 ) ) ;
#4598 = CARTESIAN_POINT ( 'NONE',  ( -6.534906650736776790, -76.44356245413337092, 25.42704852460661158 ) ) ;
#4599 = CARTESIAN_POINT ( 'NONE',  ( 17.04817713840276383, -77.68097998000808957, 14.09164343266636621 ) ) ;
#4600 = LINE ( 'NONE', #1067, #7597 ) ;
#4601 = CARTESIAN_POINT ( 'NONE',  ( -38.17616481289908137, 47.51757276674033648, 4.139925451880922758 ) ) ;
#4602 = CARTESIAN_POINT ( 'NONE',  ( 17.79711518877729404, -78.46065648618758814, -0.4265501256024107346 ) ) ;
#4603 = CARTESIAN_POINT ( 'NONE',  ( 21.01362485803124969, -73.64903156312625754, 6.679200075616076759 ) ) ;
#4604 = CARTESIAN_POINT ( 'NONE',  ( -39.99999999999997868, -41.57723895259432823, 3.500000000000000000 ) ) ;
#4605 = CARTESIAN_POINT ( 'NONE',  ( 42.34279739473011261, 32.77880125871114814, 3.729195683145874352 ) ) ;
#4606 = CARTESIAN_POINT ( 'NONE',  ( -16.49520037808107631, -63.80364293305009227, 3.710265833889385245 ) ) ;
#4607 = DIRECTION ( 'NONE',  ( -0.000000000000000000, -0.000000000000000000, -1.000000000000000000 ) ) ;
#4608 = ORIENTED_EDGE ( 'NONE', *, *, #310, .F. ) ;
#4609 = FACE_OUTER_BOUND ( 'NONE', #446, .T. ) ;
#4610 = AXIS2_PLACEMENT_3D ( 'NONE', #609, #1824, #2491 ) ;
#4611 = ORIENTED_EDGE ( 'NONE', *, *, #2917, .F. ) ;
#4612 = CARTESIAN_POINT ( 'NONE',  ( -11.46861965257062899, -71.02627380537651902, 22.96930636055048680 ) ) ;
#4613 = AXIS2_PLACEMENT_3D ( 'NONE', #6132, #4854, #7326 ) ;
#4614 = CARTESIAN_POINT ( 'NONE',  ( -35.49999999999998579, -41.57723895259432112, 25.00000000000000000 ) ) ;
#4615 = ORIENTED_EDGE ( 'NONE', *, *, #2861, .T. ) ;
#4616 = CARTESIAN_POINT ( 'NONE',  ( 45.03534546830281471, 35.86477806320886685, 1.409428335625807494 ) ) ;
#4617 = CARTESIAN_POINT ( 'NONE',  ( -39.96093943942539539, -42.96927719662925682, 18.14149404661522880 ) ) ;
#4618 = CARTESIAN_POINT ( 'NONE',  ( -6.178001051476626223E-14, -62.37828465761262464, 3.149037330901176102 ) ) ;
#4619 = CONICAL_SURFACE ( 'NONE', #1979, 1.699999999999993072, 1.029744258676650759 ) ;
#4620 = CARTESIAN_POINT ( 'NONE',  ( 4.441730753072062221, -74.68097998000811799, 21.12387651130029198 ) ) ;
#4621 = CARTESIAN_POINT ( 'NONE',  ( 25.65450740930461748, -77.20981646839769041, 15.34341222136988314 ) ) ;
#4622 = CARTESIAN_POINT ( 'NONE',  ( -23.35988815830991072, -58.96256799630454282, 21.88875025558889575 ) ) ;
#4623 = CARTESIAN_POINT ( 'NONE',  ( -43.49999999999999289, -22.68097998000809312, 8.499999999999998224 ) ) ;
#4624 = VERTEX_POINT ( 'NONE', #1642 ) ;
#4625 = VECTOR ( 'NONE', #23, 1000.000000000000000 ) ;
#4626 = CARTESIAN_POINT ( 'NONE',  ( 4.101851172645118560, -62.30088702828015101, 21.81024635633902164 ) ) ;
#4627 = ORIENTED_EDGE ( 'NONE', *, *, #2727, .F. ) ;
#4628 = CARTESIAN_POINT ( 'NONE',  ( -38.91681784657455268, 52.46730919931088977, 20.24179698722871379 ) ) ;
#4629 = EDGE_LOOP ( 'NONE', ( #2492, #738, #1479, #3562 ) ) ;
#4630 = CARTESIAN_POINT ( 'NONE',  ( -25.08720281525328843, -78.57975569811020478, 8.102132950046614823 ) ) ;
#4631 = AXIS2_PLACEMENT_3D ( 'NONE', #249, #881, #6878 ) ;
#4632 = CARTESIAN_POINT ( 'NONE',  ( -24.64196912394494987, -77.68097998000808957, 18.08180698536105169 ) ) ;
#4633 = CARTESIAN_POINT ( 'NONE',  ( -25.37995945403522668, -60.08850364132559463, 25.24897485072486703 ) ) ;
#4634 = EDGE_CURVE ( 'NONE', #3818, #1746, #6506, .T. ) ;
#4635 = ORIENTED_EDGE ( 'NONE', *, *, #2630, .T. ) ;
#4636 = VECTOR ( 'NONE', #6942, 1000.000000000000000 ) ;
#4637 = CARTESIAN_POINT ( 'NONE',  ( -21.53745693383747550, -61.42060013598757706, 12.49999999999999289 ) ) ;
#4638 = LINE ( 'NONE', #6512, #7136 ) ;
#4639 = CARTESIAN_POINT ( 'NONE',  ( 15.70916694336648511, -74.68097998000808957, 8.891799287458463041 ) ) ;
#4640 = CARTESIAN_POINT ( 'NONE',  ( -1.155144159076646693, -68.80164823120465201, 23.74018724956707516 ) ) ;
#4641 = ADVANCED_FACE ( 'NONE', ( #4592 ), #1953, .F. ) ;
#4642 = CARTESIAN_POINT ( 'NONE',  ( 4.419071297124619768, -77.68097998000808957, 21.03651454970155754 ) ) ;
#4643 = CARTESIAN_POINT ( 'NONE',  ( -40.16220190579102933, 50.40768434127795672, 1.498386683516619522 ) ) ;
#4644 = CARTESIAN_POINT ( 'NONE',  ( -37.62028189883801588, 47.65505708686801256, 3.839862257852761473 ) ) ;
#4645 = CARTESIAN_POINT ( 'NONE',  ( 15.48328148753915734, -77.68097998000808957, -1.589179874563212636 ) ) ;
#4646 = CARTESIAN_POINT ( 'NONE',  ( 17.28711727639137763, -61.02057035546270214, 3.564903925314097943 ) ) ;
#4647 = CARTESIAN_POINT ( 'NONE',  ( 45.00000000000000000, 33.00000000000000711, 7.500000000000000000 ) ) ;
#4648 = CARTESIAN_POINT ( 'NONE',  ( -38.49999999999999289, 50.00000000000000711, 18.02146305234685286 ) ) ;
#4649 = CARTESIAN_POINT ( 'NONE',  ( -14.99220808540341920, -68.02760039274670589, 3.374691117227304638 ) ) ;
#4650 = DIRECTION ( 'NONE',  ( -1.593074305255970310E-16, 1.000000000000000000, 0.000000000000000000 ) ) ;
#4651 = ORIENTED_EDGE ( 'NONE', *, *, #5688, .T. ) ;
#4652 = CARTESIAN_POINT ( 'NONE',  ( -40.16220190579102223, -43.91133567871395371, 1.498386683516624851 ) ) ;
#4653 = CARTESIAN_POINT ( 'NONE',  ( -12.10312643694429546, -68.33320202375405472, 22.34908647898200229 ) ) ;
#4654 = B_SPLINE_CURVE_WITH_KNOTS ( 'NONE', 3,
 ( #1157, #445, #569, #5392 ),
 .UNSPECIFIED., .F., .F.,
 ( 4, 4 ),
 ( 0.003843656857878954489, 0.006938441802050243981 ),
 .UNSPECIFIED. ) ;
#4655 = DIRECTION ( 'NONE',  ( 0.000000000000000000, -0.000000000000000000, -1.000000000000000000 ) ) ;
#4656 = ORIENTED_EDGE ( 'NONE', *, *, #1806, .T. ) ;
#4657 = CARTESIAN_POINT ( 'NONE',  ( -39.99999999999998579, -14.68097998000809135, 12.50000000000000000 ) ) ;
#4658 = CARTESIAN_POINT ( 'NONE',  ( -25.82352941176470296, -74.68097998000811799, 12.50000000000002487 ) ) ;
#4659 = CARTESIAN_POINT ( 'NONE',  ( -1.211309899116260080, -71.37099366064124695, 0.5041229182456989921 ) ) ;
#4660 = CARTESIAN_POINT ( 'NONE',  ( 21.98138733961767954, -69.75614079734576478, 10.00416527883066564 ) ) ;
#4661 = CARTESIAN_POINT ( 'NONE',  ( -0.007630428499740096390, -74.68097998000808957, 22.25165718681244087 ) ) ;
#4662 = ADVANCED_FACE ( 'NONE', ( #5297 ), #190, .T. ) ;
#4663 = CARTESIAN_POINT ( 'NONE',  ( 24.81122499035805617, -77.68097998000808957, 17.74329525253483197 ) ) ;
#4664 = AXIS2_PLACEMENT_3D ( 'NONE', #4959, #3155, #7354 ) ;
#4665 = CARTESIAN_POINT ( 'NONE',  ( -15.26720647818599907, -77.68097998000808957, 8.448939374508132261 ) ) ;
#4666 = ORIENTED_EDGE ( 'NONE', *, *, #5160, .F. ) ;
#4667 = CARTESIAN_POINT ( 'NONE',  ( 11.07851632400203101, -60.45093107059872040, 21.45633126423685511 ) ) ;
#4668 = ORIENTED_EDGE ( 'NONE', *, *, #6792, .F. ) ;
#4669 = FILL_AREA_STYLE_COLOUR ( '', #823 ) ;
#4670 = FACE_OUTER_BOUND ( 'NONE', #2667, .T. ) ;
#4671 = CARTESIAN_POINT ( 'NONE',  ( -39.99999999999999289, 56.07135982689437270, 7.231356705418666486 ) ) ;
#4672 = CARTESIAN_POINT ( 'NONE',  ( 21.23287851239101798, -74.68097998000804694, 22.59985217694878656 ) ) ;
#4673 = CARTESIAN_POINT ( 'NONE',  ( -16.66666666666665364, -60.68097998000808246, 25.00000000000000355 ) ) ;
#4674 = ORIENTED_EDGE ( 'NONE', *, *, #5059, .F. ) ;
#4675 = CARTESIAN_POINT ( 'NONE',  ( 45.20000000000305818, 34.99999999999550937, 1.526206676146186991 ) ) ;
#4676 = CARTESIAN_POINT ( 'NONE',  ( 44.27944119745060902, 42.96854927405976099, 24.05535718160994563 ) ) ;
#4677 = CARTESIAN_POINT ( 'NONE',  ( -36.94593255341828097, -43.03534406507609589, 3.611116469890113034 ) ) ;
#4678 = CARTESIAN_POINT ( 'NONE',  ( 14.58724424974381684, -74.68097998000808957, 7.885246437733112401 ) ) ;
#4679 = CARTESIAN_POINT ( 'NONE',  ( 2.311779167571029969, -68.79045602263278170, 23.70121192758070450 ) ) ;
#4680 = CARTESIAN_POINT ( 'NONE',  ( 10.76563052744017313, -77.68097998000808957, 19.30841140871943651 ) ) ;
#4681 = CARTESIAN_POINT ( 'NONE',  ( -36.91997221243719451, 47.41808757043884981, 0.1260308235419682066 ) ) ;
#4682 = LINE ( 'NONE', #6317, #1111 ) ;
#4683 = CARTESIAN_POINT ( 'NONE',  ( -4.166666666666668739, -60.68097998000806825, 0.000000000000000000 ) ) ;
#4684 = EDGE_CURVE ( 'NONE', #7341, #7447, #6354, .T. ) ;
#4685 = ADVANCED_FACE ( 'NONE', ( #3992 ), #6825, .F. ) ;
#4686 = CARTESIAN_POINT ( 'NONE',  ( 16.69858866667659214, -66.45612959387182173, 3.840862481197199418 ) ) ;
#4687 = CARTESIAN_POINT ( 'NONE',  ( -16.77618712260959200, -77.68097998000808957, 10.31722037005668469 ) ) ;
#4688 = B_SPLINE_CURVE_WITH_KNOTS ( 'NONE', 3,
 ( #5187, #1610, #3165, #6097, #4599, #733, #1386, #3129, #774, #2570, #4969, #7363, #1978, #3790, #3307, #5694, #7153, #3579, #4680, #5384, #2997, #10, #7067, #560, #4642, #2957, #5932, #6394, #1774, #7704, #5971, #519, #2365, #5889, #437, #598, #2289, #6515, #1687, #6470, #1149, #2406, #4087, #6557, #3540, #2880, #1649, #1107, #5344, #3500, #2918, #2325, #3418, #4046, #5306, #4798, #4720, #7192 ),
 .UNSPECIFIED., .F., .F.,
 ( 4, 2, 2, 2, 2, 2, 2, 2, 2, 2, 2, 2, 2, 2, 2, 2, 2, 2, 2, 2, 2, 2, 2, 2, 2, 2, 2, 2, 4 ),
 ( 0.000000000000000000, 0.03125000000000000694, 0.04687499999999995143, 0.05468749999999998612, 0.06250000000000001388, 0.09375000000000026368, 0.1250000000000004163, 0.1875000000000007494, 0.2187500000000007772, 0.2500000000000008327, 0.3125000000000007216, 0.3750000000000006106, 0.4062500000000004996, 0.4375000000000004441, 0.5000000000000002220, 0.6249999999999998890, 0.6562499999999998890, 0.6874999999999998890, 0.7499999999999997780, 0.7812499999999997780, 0.8124999999999996669, 0.8749999999999995559, 0.9062499999999995559, 0.9218749999999994449, 0.9374999999999993339, 0.9453124999999993339, 0.9531249999999993339, 0.9687499999999995559, 1.000000000000000000 ),
 .UNSPECIFIED. ) ;
#4689 = DIRECTION ( 'NONE',  ( -1.321694076934710155E-16, 1.000000000000000000, -0.000000000000000000 ) ) ;
#4690 = CARTESIAN_POINT ( 'NONE',  ( -20.85644092540771410, -68.40379013938344599, 5.406700793327175347 ) ) ;
#4691 = FACE_OUTER_BOUND ( 'NONE', #6215, .T. ) ;
#4692 = ORIENTED_EDGE ( 'NONE', *, *, #6625, .F. ) ;
#4693 = CARTESIAN_POINT ( 'NONE',  ( -12.67548763990769167, -72.25451534122019837, 22.84610571473929852 ) ) ;
#4694 = CARTESIAN_POINT ( 'NONE',  ( -39.99999999999999289, 55.00000000000000711, 12.50000000000000000 ) ) ;
#4695 = EDGE_CURVE ( 'NONE', #4003, #3338, #2368, .T. ) ;
#4696 = ORIENTED_EDGE ( 'NONE', *, *, #2583, .F. ) ;
#4697 = CYLINDRICAL_SURFACE ( 'NONE', #2159, 1.700000000000000178 ) ;
#4698 = CARTESIAN_POINT ( 'NONE',  ( -35.99999999999997868, -44.67391381385328941, 21.49999999999999645 ) ) ;
#4699 = CARTESIAN_POINT ( 'NONE',  ( -8.663213787788867748, -65.96229341656921008, 2.545555259625707389 ) ) ;
#4700 = CARTESIAN_POINT ( 'NONE',  ( 21.60374486234518088, -66.77656615793542016, 5.292079432239507497 ) ) ;
#4701 = LINE ( 'NONE', #2268, #3633 ) ;
#4702 = CARTESIAN_POINT ( 'NONE',  ( -22.85399449927000148, -64.14808174150839193, 20.16331291847102136 ) ) ;
#4703 = CARTESIAN_POINT ( 'NONE',  ( 21.37918666975485849, -58.73000564658308775, 12.49999999999999289 ) ) ;
#4704 = ORIENTED_EDGE ( 'NONE', *, *, #2337, .T. ) ;
#4705 = CARTESIAN_POINT ( 'NONE',  ( 9.206939256293704688, -61.96367422095411825, 21.66034899565329042 ) ) ;
#4706 = ORIENTED_EDGE ( 'NONE', *, *, #3301, .T. ) ;
#4707 = CARTESIAN_POINT ( 'NONE',  ( -1.082698699461549063, -77.68097998000808957, -4.999993507789655567 ) ) ;
#4708 = ORIENTED_EDGE ( 'NONE', *, *, #4162, .F. ) ;
#4709 = DIRECTION ( 'NONE',  ( -1.000000000000000000, 0.000000000000000000, 0.000000000000000000 ) ) ;
#4710 = CARTESIAN_POINT ( 'NONE',  ( -25.53835848676043341, -60.68097998000807536, 0.000000000000000000 ) ) ;
#4711 = CARTESIAN_POINT ( 'NONE',  ( -24.62554863791277526, -78.46065648618758814, 17.76451565837698254 ) ) ;
#4712 = ORIENTED_EDGE ( 'NONE', *, *, #7657, .F. ) ;
#4713 = CIRCLE ( 'NONE', #1321, 1.699999999999993072 ) ;
#4714 = DIRECTION ( 'NONE',  ( -1.000000000000000000, 0.000000000000000000, 0.000000000000000000 ) ) ;
#4715 = CARTESIAN_POINT ( 'NONE',  ( -39.99999999999997868, -22.68097998000808957, 16.50000000000000000 ) ) ;
#4716 = VERTEX_POINT ( 'NONE', #6601 ) ;
#4717 = CARTESIAN_POINT ( 'NONE',  ( -38.56706622681628005, -42.49805066844239576, 4.428196311628381565 ) ) ;
#4718 = CARTESIAN_POINT ( 'NONE',  ( 9.571755999898995171, -74.68097998000808957, 5.229103843574905319 ) ) ;
#4719 = CARTESIAN_POINT ( 'NONE',  ( -1.330460493209801420, -76.50968451951501947, 26.00725674612893457 ) ) ;
#4720 = CARTESIAN_POINT ( 'NONE',  ( -17.56915918334685145, -77.68097998000808957, 12.90562719540166725 ) ) ;
#4721 = CARTESIAN_POINT ( 'NONE',  ( 44.28050045067077889, 42.96783973991310290, 0.9452519626301137956 ) ) ;
#4722 = CARTESIAN_POINT ( 'NONE',  ( -39.99999999999997868, -42.99999999999998579, 17.50000000000000000 ) ) ;
#4723 = CARTESIAN_POINT ( 'NONE',  ( 4.166666666666667851, -60.68097998000808246, 0.000000000000000000 ) ) ;
#4724 = CARTESIAN_POINT ( 'NONE',  ( 17.19020846335561714, -59.70272581777086884, 21.58565651195253565 ) ) ;
#4725 = CARTESIAN_POINT ( 'NONE',  ( 21.23801335705629612, -61.80201159624175489, 3.916694524569389824 ) ) ;
#4726 = LINE ( 'NONE', #4604, #5868 ) ;
#4727 = DIRECTION ( 'NONE',  ( 0.000000000000000000, 0.000000000000000000, 1.000000000000000000 ) ) ;
#4728 = CARTESIAN_POINT ( 'NONE',  ( -19.95227071348791270, -75.27440135207254457, 5.929295154358959152 ) ) ;
#4729 = DIRECTION ( 'NONE',  ( 1.593074305255970310E-16, -1.000000000000000000, 0.000000000000000000 ) ) ;
#4730 = ORIENTED_EDGE ( 'NONE', *, *, #6501, .F. ) ;
#4731 = PRODUCT_RELATED_PRODUCT_CATEGORY ( 'part', '', ( #5641 ) ) ;
#4732 = CARTESIAN_POINT ( 'NONE',  ( -16.52603377690017439, -74.68097998000808957, 15.10729876666275473 ) ) ;
#4733 = EDGE_CURVE ( 'NONE', #6807, #4221, #4030, .T. ) ;
#4734 = CARTESIAN_POINT ( 'NONE',  ( -25.59826332794526493, -74.68097998000808957, 15.56445311930350606 ) ) ;
#4735 = ORIENTED_EDGE ( 'NONE', *, *, #6109, .F. ) ;
#4736 = DIRECTION ( 'NONE',  ( -1.000000000000000000, 0.000000000000000000, 0.000000000000000000 ) ) ;
#4737 = CARTESIAN_POINT ( 'NONE',  ( -39.99999999999997868, -42.99999999999998579, 17.50000000000000000 ) ) ;
#4738 = CARTESIAN_POINT ( 'NONE',  ( -8.256662136074490732, -71.20770582434703044, 1.278146563075492015 ) ) ;
#4739 = CARTESIAN_POINT ( 'NONE',  ( 21.53312115140107608, -61.40117526047750829, 8.851315462574103066 ) ) ;
#4740 = CARTESIAN_POINT ( 'NONE',  ( -19.13994069063513592, -74.68097998000806115, 19.80066674571442320 ) ) ;
#4741 = ADVANCED_FACE ( 'NONE', ( #4989 ), #5683, .T. ) ;
#4742 = CYLINDRICAL_SURFACE ( 'NONE', #4915, 1.700000000000000178 ) ;
#4743 = ORIENTED_EDGE ( 'NONE', *, *, #2938, .T. ) ;
#4744 = CARTESIAN_POINT ( 'NONE',  ( 12.10312643694429724, -68.33320202375408314, 22.34908647898200940 ) ) ;
#4745 = ORIENTED_EDGE ( 'NONE', *, *, #2285, .T. ) ;
#4746 = AXIS2_PLACEMENT_3D ( 'NONE', #2087, #4995, #6870 ) ;
#4747 = ORIENTED_EDGE ( 'NONE', *, *, #7462, .T. ) ;
#4748 = CARTESIAN_POINT ( 'NONE',  ( 7.747895389472370553, -76.40968599437266562, -0.1519203200185678948 ) ) ;
#4749 = CARTESIAN_POINT ( 'NONE',  ( -37.98299189420230704, 56.62708610733793080, 4.016291508236908392 ) ) ;
#4750 = CARTESIAN_POINT ( 'NONE',  ( 5.802520853767695996, -74.68097998000806115, 28.73440408133582480 ) ) ;
#4751 = CARTESIAN_POINT ( 'NONE',  ( 41.32294463434201504, -43.76050074800507161, 3.512065356813959927 ) ) ;
#4752 = AXIS2_PLACEMENT_3D ( 'NONE', #2331, #5937, #5895 ) ;
#4753 = ORIENTED_EDGE ( 'NONE', *, *, #7462, .F. ) ;
#4754 = DIRECTION ( 'NONE',  ( -0.000000000000000000, -0.000000000000000000, -1.000000000000000000 ) ) ;
#4755 = CARTESIAN_POINT ( 'NONE',  ( -21.52552370594081310, -61.36288191351790999, 17.97271838392872922 ) ) ;
#4756 = ORIENTED_EDGE ( 'NONE', *, *, #5607, .T. ) ;
#4757 = PLANE ( 'NONE',  #5624 ) ;
#4758 = CARTESIAN_POINT ( 'NONE',  ( 10.22696511679945175, -74.68097998000810378, 5.476654395046713475 ) ) ;
#4759 = CARTESIAN_POINT ( 'NONE',  ( 2.072854408776820426E-14, -66.23230280176785811, 22.98449741737977803 ) ) ;
#4760 = CARTESIAN_POINT ( 'NONE',  ( -28.68629150101522640, -22.68097998000808957, 12.50000000000000000 ) ) ;
#4761 = VECTOR ( 'NONE', #7299, 1000.000000000000000 ) ;
#4762 = CARTESIAN_POINT ( 'NONE',  ( -16.20679900776890037, -74.68097998000806115, 3.280260479325329825 ) ) ;
#4763 = CARTESIAN_POINT ( 'NONE',  ( 18.08336275768017032, -74.30411618487080716, 4.442840963603138960 ) ) ;
#4764 = DIRECTION ( 'NONE',  ( -1.000000000000000000, -1.330321911110254761E-16, -0.000000000000000000 ) ) ;
#4765 = CARTESIAN_POINT ( 'NONE',  ( 44.40131949302671899, 32.66624088712600127, 5.389052369010792098 ) ) ;
#4766 = CARTESIAN_POINT ( 'NONE',  ( -21.03868674601112332, -65.74610760876447557, 4.862164790998130037 ) ) ;
#4767 = CARTESIAN_POINT ( 'NONE',  ( -43.22323731838481820, 55.08979974146237168, 19.10303669894977574 ) ) ;
#4768 = ORIENTED_EDGE ( 'NONE', *, *, #7241, .T. ) ;
#4769 = DIRECTION ( 'NONE',  ( -0.8660254037844417052, -0.4999999999999948375, 0.000000000000000000 ) ) ;
#4770 = CARTESIAN_POINT ( 'NONE',  ( -16.89984342426819452, -74.68097998000808957, 14.42645200313948273 ) ) ;
#4771 = DIRECTION ( 'NONE',  ( 1.000000000000000000, 0.000000000000000000, 0.000000000000000000 ) ) ;
#4772 = ORIENTED_EDGE ( 'NONE', *, *, #4302, .T. ) ;
#4773 = CARTESIAN_POINT ( 'NONE',  ( -23.01859292597428563, -77.68097998000808957, 4.234710843336474184 ) ) ;
#4774 = CARTESIAN_POINT ( 'NONE',  ( -21.61464733046747355, -74.68097998000806115, 17.38692913433354548 ) ) ;
#4775 = EDGE_CURVE ( 'NONE', #1545, #3865, #6327, .T. ) ;
#4776 = CARTESIAN_POINT ( 'NONE',  ( -5.472419390552275331, -66.13061731726737946, 2.225557779258318547 ) ) ;
#4777 = CARTESIAN_POINT ( 'NONE',  ( 22.01847730053791707, -72.45596913705495012, 9.384924785506504108 ) ) ;
#4778 = CARTESIAN_POINT ( 'NONE',  ( -0.007630428499740279404, -74.68097998000808957, 23.75165718681244442 ) ) ;
#4779 = CARTESIAN_POINT ( 'NONE',  ( -18.58320860325474300, -70.17509157243556217, 20.36107407209698650 ) ) ;
#4780 = CARTESIAN_POINT ( 'NONE',  ( -17.04817713840276738, -74.68097998000808957, 10.90835656733363912 ) ) ;
#4781 = VERTEX_POINT ( 'NONE', #4395 ) ;
#4782 = CARTESIAN_POINT ( 'NONE',  ( 8.342640039374305871, -63.35833800181991649, 21.94609808896481695 ) ) ;
#4783 = EDGE_LOOP ( 'NONE', ( #333, #7513, #7173, #2943 ) ) ;
#4784 = ORIENTED_EDGE ( 'NONE', *, *, #6155, .T. ) ;
#4785 = EDGE_CURVE ( 'NONE', #2309, #1949, #5825, .T. ) ;
#4786 = CARTESIAN_POINT ( 'NONE',  ( 10.04835707264482103, -68.48904339848728284, 2.228348810502436272 ) ) ;
#4787 = B_SPLINE_CURVE_WITH_KNOTS ( 'NONE', 3,
 ( #7450, #3804, #4951, #266, #3256, #7343, #824, #2073, #1960, #4388, #6817, #3881, #7305, #1327, #5054, #5643, #2628, #6183, #750, #4460, #4352, #3727, #4315, #3217 ),
 .UNSPECIFIED., .F., .F.,
 ( 4, 2, 2, 2, 2, 2, 2, 2, 2, 2, 2, 4 ),
 ( 0.000000000000000000, 0.0008327406145006686650, 0.001665481229001337330, 0.002498221843502006212, 0.002914592150752344773, 0.003330962458002683767, 0.003747332765253021895, 0.004163703072503361323, 0.004580073379753699450, 0.004996443687004038445, 0.005829184301504732914, 0.006661924916005426515 ),
 .UNSPECIFIED. ) ;
#4788 = CARTESIAN_POINT ( 'NONE',  ( -25.05344282515679311, -58.40486459085621362, 26.13562917073675251 ) ) ;
#4789 = CARTESIAN_POINT ( 'NONE',  ( -24.77787623129917094, -78.46065648618757393, 7.589521347693390041 ) ) ;
#4790 = CARTESIAN_POINT ( 'NONE',  ( 8.212214766017227774, -60.08850364132558752, 24.89120983065233617 ) ) ;
#4791 = VERTEX_POINT ( 'NONE', #6229 ) ;
#4792 = DIRECTION ( 'NONE',  ( -1.000000000000000000, 0.000000000000000000, 0.000000000000000000 ) ) ;
#4793 = CARTESIAN_POINT ( 'NONE',  ( -25.59826332794526493, -74.68097998000808957, 15.56445311930350606 ) ) ;
#4794 = VERTEX_POINT ( 'NONE', #2714 ) ;
#4795 = EDGE_CURVE ( 'NONE', #5277, #4791, #7593, .T. ) ;
#4796 = CARTESIAN_POINT ( 'NONE',  ( 17.30967689267231080, -74.68097998000810378, 13.49447239341123606 ) ) ;
#4797 = CARTESIAN_POINT ( 'NONE',  ( -21.85960433696928007, -74.68097998000810378, 8.403982894284053984 ) ) ;
#4798 = CARTESIAN_POINT ( 'NONE',  ( -17.39083232939693602, -77.68097998000808957, 13.31125439080325634 ) ) ;
#4799 = CARTESIAN_POINT ( 'NONE',  ( -35.50000000000000000, 49.03953136438504856, 0.000000000000000000 ) ) ;
#4800 = CARTESIAN_POINT ( 'NONE',  ( -13.49570766492084850, -74.68097998000804694, 2.009880583546798771 ) ) ;
#4801 = EDGE_CURVE ( 'NONE', #5410, #626, #6823, .T. ) ;
#4802 = CARTESIAN_POINT ( 'NONE',  ( 18.58320860325466128, -70.17509157243537743, 4.638925927902968205 ) ) ;
#4803 = FACE_OUTER_BOUND ( 'NONE', #1783, .T. ) ;
#4804 = CARTESIAN_POINT ( 'NONE',  ( -16.85879124933146045, -74.68097998000808957, 10.48629182492995682 ) ) ;
#4805 = CARTESIAN_POINT ( 'NONE',  ( -19.41421314457587854, -75.39980409940710615, 5.447530586489876647 ) ) ;
#4806 = LINE ( 'NONE', #2448, #2104 ) ;
#4807 = CARTESIAN_POINT ( 'NONE',  ( -17.03494416879678397, -74.68097998000808957, 14.12286839206779376 ) ) ;
#4808 = B_SPLINE_SURFACE_WITH_KNOTS ( 'NONE', 3, 1, ( 
 ( #7287, #3048, #2530, #7323 ),
 ( #1382, #6651, #7245, #4891 ),
 ( #7207, #4223, #2419, #5513 ),
 ( #137, #4332, #3785, #4369 ),
 ( #1343, #3747, #3086, #6612 ),
 ( #6129, #6059, #5435, #1865 ),
 ( #770, #3161, #4262, #5547 ),
 ( #6762, #693, #6163, #805 ),
 ( #1828, #1239, #5473, #59 ),
 ( #878, #2013, #2173, #2726 ),
 ( #3820, #2645, #5736, #4403 ),
 ( #5620, #5700, #367, #2051 ),
 ( #7429, #2134, #6239, #6798 ),
 ( #7516, #4439, #6875, #3271 ),
 ( #7395, #3313, #1496, #918 ),
 ( #246, #3897, #3855, #956 ) ),
 .UNSPECIFIED., .F., .F., .F.,
 ( 4, 3, 2, 2, 2, 3, 4 ),
 ( 2, 1, 1, 2 ),
 ( -0.02332196372299149417, 0.000000000000000000, 0.2499999999999996669, 0.4999999999999997780, 0.7499999999999998890, 1.000000000000000000, 1.023321963722994665 ),
 ( -0.05286915988836066865, 0.000000000000000000, 1.000000000000000000, 1.133889140538345774 ),
 .UNSPECIFIED. ) ;
#4809 = DIRECTION ( 'NONE',  ( -1.000000000000000000, 0.000000000000000000, 0.000000000000000000 ) ) ;
#4810 = VERTEX_POINT ( 'NONE', #3262 ) ;
#4811 = CARTESIAN_POINT ( 'NONE',  ( -0.007630428499740279404, -74.68097998000808957, 23.75165718681244442 ) ) ;
#4812 = CARTESIAN_POINT ( 'NONE',  ( -39.99999999999997868, -47.00000000000000000, 32.07106781186548261 ) ) ;
#4813 = CARTESIAN_POINT ( 'NONE',  ( -7.273716032205732596, -72.53971994787926292, 0.7793092141837767439 ) ) ;
#4814 = CARTESIAN_POINT ( 'NONE',  ( 21.70156503552969696, -64.21043786475530624, 12.50000000000003020 ) ) ;
#4815 = CYLINDRICAL_SURFACE ( 'NONE', #7469, 1.499999999999997780 ) ;
#4816 = CARTESIAN_POINT ( 'NONE',  ( -17.90361883932762410, -71.64276677349654676, 20.64939106965273297 ) ) ;
#4817 = CARTESIAN_POINT ( 'NONE',  ( -16.77618712260959200, -77.68097998000808957, 10.31722037005668469 ) ) ;
#4818 = VERTEX_POINT ( 'NONE', #794 ) ;
#4819 = CARTESIAN_POINT ( 'NONE',  ( 11.27679019662764226, -69.72304927091067839, 22.76890166214647948 ) ) ;
#4820 = ORIENTED_EDGE ( 'NONE', *, *, #5061, .T. ) ;
#4821 = DIRECTION ( 'NONE',  ( -1.593074305255970310E-16, 1.000000000000000000, 0.000000000000000000 ) ) ;
#4822 = ORIENTED_EDGE ( 'NONE', *, *, #1142, .T. ) ;
#4823 = VECTOR ( 'NONE', #3446, 1000.000000000000000 ) ;
#4824 = CARTESIAN_POINT ( 'NONE',  ( 9.730882264681580907, -73.74567908370455882, 0.9844967426111481679 ) ) ;
#4825 = CARTESIAN_POINT ( 'NONE',  ( -25.08720281525329199, -78.57975569811023320, 16.89786704995339406 ) ) ;
#4826 = CARTESIAN_POINT ( 'NONE',  ( -39.99999999999999289, 52.00000000000001421, 17.50000000000000000 ) ) ;
#4827 = CARTESIAN_POINT ( 'NONE',  ( -8.212214766017156720, -60.08850364132560173, 24.89120983065233617 ) ) ;
#4828 = B_SPLINE_CURVE_WITH_KNOTS ( 'NONE', 3,
 ( #2679, #1531, #2169, #4557, #320, #6990, #4010, #5695, #5069, #2086, #3419, #4471, #3308, #5385, #7193, #2958, #4129, #5345, #4721, #4088, #1108, #5890, #5933, #2407, #6516, #1150 ),
 .UNSPECIFIED., .F., .F.,
 ( 4, 2, 2, 2, 2, 2, 2, 2, 2, 2, 2, 2, 4 ),
 ( 0.000000000000000000, 0.001722435766142942732, 0.002583653649214416159, 0.003444871532285890235, 0.004306089415357363878, 0.005167307298428836654, 0.006889743064571786542, 0.007750960947643262787, 0.008612178830714741634, 0.009473396713786217879, 0.01033461459685769586, 0.01205705036300063794, 0.01377948612914358176 ),
 .UNSPECIFIED. ) ;
#4829 = EDGE_CURVE ( 'NONE', #5151, #3918, #95, .T. ) ;
#4830 = EDGE_CURVE ( 'NONE', #1604, #7574, #2581, .T. ) ;
#4831 = ORIENTED_EDGE ( 'NONE', *, *, #3725, .T. ) ;
#4832 = LINE ( 'NONE', #41, #7628 ) ;
#4833 = CARTESIAN_POINT ( 'NONE',  ( -21.95376938277125589, -71.07245120821934847, 15.92652482287892823 ) ) ;
#4834 = EDGE_LOOP ( 'NONE', ( #6983, #5511, #5353, #5199 ) ) ;
#4835 = CARTESIAN_POINT ( 'NONE',  ( -17.74748603729677754, -77.68097998000808957, 12.50000000000004974 ) ) ;
#4836 = CARTESIAN_POINT ( 'NONE',  ( -39.00921003484925365, 56.35106356694915775, 0.7920390269711861109 ) ) ;
#4837 = CARTESIAN_POINT ( 'NONE',  ( -37.76058957307549946, 47.60752996012728744, 21.09519741299278905 ) ) ;
#4838 = B_SPLINE_CURVE_WITH_KNOTS ( 'NONE', 3,
 ( #3214, #2029, #3287, #6813, #5638, #858, #3251 ),
 .UNSPECIFIED., .F., .F.,
 ( 4, 3, 4 ),
 ( 0.0006899994814325540382, 0.008383980808486662245, 0.01666854682477782179 ),
 .UNSPECIFIED. ) ;
#4839 = EDGE_CURVE ( 'NONE', #6771, #2259, #1372, .T. ) ;
#4840 = CARTESIAN_POINT ( 'NONE',  ( 23.14364529610450560, -61.54551582256123510, 21.00257832871443853 ) ) ;
#4841 = B_SPLINE_CURVE_WITH_KNOTS ( 'NONE', 3,
 ( #4167, #2404, #4796, #6596, #892, #3284, #1549, #5204, #2148, #6931, #337, #4620, #5672, #930, #258, #2659, #3400, #5128, #5048, #7605, #7010, #1630, #2740, #7530, #4535, #295 ),
 .UNSPECIFIED., .F., .F.,
 ( 4, 1, 1, 1, 1, 1, 1, 1, 1, 1, 1, 1, 1, 1, 1, 1, 1, 1, 1, 1, 1, 1, 1, 4 ),
 ( 0.000000000000000000, 0.03087873511634214863, 0.04631801475396779555, 0.05402238461541545439, 0.06169324662917279045, 0.09254739011791141001, 0.1240856223315565110, 0.1866300689897003595, 0.2494491308974244315, 0.3117691226534047289, 0.3741943677961370174, 0.4989718173905491883, 0.6232916540513753212, 0.6860371091361565643, 0.7485041827910247081, 0.8113109658034476368, 0.8741274355311023925, 0.9055457400640171128, 0.9370222143904048950, 0.9449099059107420873, 0.9527778338882364473, 0.9571219776906103593, 0.9685184963899159394, 1.000000000000000000 ),
 .UNSPECIFIED. ) ;
#4842 = CARTESIAN_POINT ( 'NONE',  ( 15.14727413305054071, -59.96328572989734340, 3.475588738778848885 ) ) ;
#4843 = CARTESIAN_POINT ( 'NONE',  ( 17.39083232939696799, -77.68097998000808957, 11.68874560919682182 ) ) ;
#4844 = CARTESIAN_POINT ( 'NONE',  ( -21.86031693758777550, -74.68097998000808957, 16.59371627583230691 ) ) ;
#4845 = CARTESIAN_POINT ( 'NONE',  ( -21.88772403744697925, -70.78831138779150933, 6.579989289222894833 ) ) ;
#4846 = DIRECTION ( 'NONE',  ( 0.8660254037844417052, 0.4999999999999948375, -0.000000000000000000 ) ) ;
#4847 = CARTESIAN_POINT ( 'NONE',  ( -12.28923492230212666, -77.68097998000808957, 18.58913938628042928 ) ) ;
#4848 = CARTESIAN_POINT ( 'NONE',  ( -25.99997965869902927, -77.68097998000808957, 12.97463034288264616 ) ) ;
#4849 = ORIENTED_EDGE ( 'NONE', *, *, #3607, .T. ) ;
#4850 = CARTESIAN_POINT ( 'NONE',  ( -12.02346287270559344, -41.57723895259432112, 12.50000000000000000 ) ) ;
#4851 = CARTESIAN_POINT ( 'NONE',  ( 40.35000000000000142, -44.31902001999193175, 0.000000000000000000 ) ) ;
#4852 = CARTESIAN_POINT ( 'NONE',  ( 40.70571487626736484, -42.84054171733777139, 0.001077623571170574805 ) ) ;
#4853 = CARTESIAN_POINT ( 'NONE',  ( -9.004605784490168574, -68.56039138758939089, 2.028829034380645879 ) ) ;
#4854 = DIRECTION ( 'NONE',  ( -0.000000000000000000, -0.000000000000000000, -1.000000000000000000 ) ) ;
#4855 = CARTESIAN_POINT ( 'NONE',  ( 44.75778217905156708, 42.64772435631516601, 18.89823854744164322 ) ) ;
#4856 = CARTESIAN_POINT ( 'NONE',  ( -21.29784547859678412, -59.19680096853777229, 21.77429746288993684 ) ) ;
#4857 = CARTESIAN_POINT ( 'NONE',  ( -10.76563052743963311, -74.68097998000808957, 5.691588591280334342 ) ) ;
#4858 = CARTESIAN_POINT ( 'NONE',  ( 15.62834065622526580, -73.30295727613896872, 21.84649361625009334 ) ) ;
#4859 = ORIENTED_EDGE ( 'NONE', *, *, #7719, .F. ) ;
#4860 = CARTESIAN_POINT ( 'NONE',  ( -14.30584225320268388, -77.68097998000808957, -2.130996477965119595 ) ) ;
#4861 = CARTESIAN_POINT ( 'NONE',  ( -25.44682351704895140, -78.57975569811020478, 16.04233283124336751 ) ) ;
#4862 = CARTESIAN_POINT ( 'NONE',  ( 8.960884128208109090, -76.37580953461225874, 0.1232078845694151853 ) ) ;
#4863 = CARTESIAN_POINT ( 'NONE',  ( -38.49999999999998579, 50.00000000000000711, 1.450000000000001732 ) ) ;
#4864 = CARTESIAN_POINT ( 'NONE',  ( -14.49753548012706439, -78.46065648618758814, 27.23791030571364047 ) ) ;
#4865 = VECTOR ( 'NONE', #1270, 1000.000000000000000 ) ;
#4866 = PLANE ( 'NONE',  #2386 ) ;
#4867 = ORIENTED_EDGE ( 'NONE', *, *, #2727, .T. ) ;
#4868 = CIRCLE ( 'NONE', #2233, 1.700000000000000178 ) ;
#4869 = CARTESIAN_POINT ( 'NONE',  ( 11.97183421273614989, -77.68097998000808957, 18.75203154520141524 ) ) ;
#4870 = CARTESIAN_POINT ( 'NONE',  ( -21.38470200533177845, -58.61425919617133928, 16.51196396955747403 ) ) ;
#4871 = ORIENTED_EDGE ( 'NONE', *, *, #2572, .T. ) ;
#4872 = FACE_OUTER_BOUND ( 'NONE', #5044, .T. ) ;
#4873 = EDGE_CURVE ( 'NONE', #6712, #3724, #3376, .T. ) ;
#4874 = CARTESIAN_POINT ( 'NONE',  ( 17.17661595440957001, -74.68097998000808957, 11.20148351757132765 ) ) ;
#4875 = VECTOR ( 'NONE', #92, 1000.000000000000000 ) ;
#4876 = CARTESIAN_POINT ( 'NONE',  ( -40.15457764644589389, -44.72216266423957620, 1.493434110931144199 ) ) ;
#4877 = APPLICATION_PROTOCOL_DEFINITION ( 'draft international standard', 'automotive_design', 1998, #790 ) ;
#4878 = EDGE_LOOP ( 'NONE', ( #4859, #2389, #2951, #606 ) ) ;
#4879 = CIRCLE ( 'NONE', #3366, 1.700000000000000178 ) ;
#4880 = CARTESIAN_POINT ( 'NONE',  ( -0.4795556472148169158, -74.68097998000807536, -0.4695910311196948017 ) ) ;
#4881 = CARTESIAN_POINT ( 'NONE',  ( 15.14362717295558269, -76.01553879346251108, 2.537462897320556188 ) ) ;
#4882 = DIRECTION ( 'NONE',  ( -1.000000000000000000, 0.000000000000000000, 0.000000000000000000 ) ) ;
#4883 = EDGE_CURVE ( 'NONE', #2309, #1713, #4588, .T. ) ;
#4884 = CARTESIAN_POINT ( 'NONE',  ( -38.49999999999998579, 50.00000000000000711, 17.00000000000000000 ) ) ;
#4885 = CARTESIAN_POINT ( 'NONE',  ( -37.44912001597856488, -47.04998457087276620, 0.2362661543939450215 ) ) ;
#4886 = DIRECTION ( 'NONE',  ( 0.000000000000000000, 0.000000000000000000, -1.000000000000000000 ) ) ;
#4887 = VECTOR ( 'NONE', #2226, 1000.000000000000000 ) ;
#4888 = CARTESIAN_POINT ( 'NONE',  ( -6.057925242327042881, -77.68097998000808957, 20.74926023434031919 ) ) ;
#4889 = CARTESIAN_POINT ( 'NONE',  ( -25.82352941176470296, -74.68097998000811799, 12.50000000000002487 ) ) ;
#4890 = ORIENTED_EDGE ( 'NONE', *, *, #4394, .F. ) ;
#4891 = CARTESIAN_POINT ( 'NONE',  ( 25.05894920403237336, -58.40486459085619941, 26.34498742466486831 ) ) ;
#4892 = CARTESIAN_POINT ( 'NONE',  ( 25.00000000000000000, -60.68097998000806825, 22.91666666666667851 ) ) ;
#4893 = CARTESIAN_POINT ( 'NONE',  ( -14.05308074613237146, -68.13825338254542885, 3.124321327414866900 ) ) ;
#4894 = CARTESIAN_POINT ( 'NONE',  ( 21.48137684748377652, -63.94034018217686821, 2.681870396611218954 ) ) ;
#4895 = CARTESIAN_POINT ( 'NONE',  ( 44.84836730184092346, 42.58650441074793491, 18.62712124299524774 ) ) ;
#4896 = CARTESIAN_POINT ( 'NONE',  ( -17.51257824588249434, -75.73889334648937677, 21.01963085587285818 ) ) ;
#4897 = CARTESIAN_POINT ( 'NONE',  ( 8.622716828144502799, -74.68097998000808957, 4.897973167114450632 ) ) ;
#4898 = CARTESIAN_POINT ( 'NONE',  ( 12.09388970174430078, -60.33425290269606478, 21.46791384707756833 ) ) ;
#4899 = ORIENTED_EDGE ( 'NONE', *, *, #7174, .T. ) ;
#4900 = CARTESIAN_POINT ( 'NONE',  ( 41.91997221243715899, 37.58191242956114309, 0.1260308235419629053 ) ) ;
#4901 = CARTESIAN_POINT ( 'NONE',  ( -25.00000000000000000, -60.68097998000807536, 25.58304909307513242 ) ) ;
#4902 = ADVANCED_FACE ( 'NONE', ( #5883 ), #7459, .F. ) ;
#4903 = CARTESIAN_POINT ( 'NONE',  ( 2.256339419005469971, -67.50512267560503687, 1.670658694975915459 ) ) ;
#4904 = CARTESIAN_POINT ( 'NONE',  ( 17.74748603729676333, -74.68097998000808957, 12.49999999999998224 ) ) ;
#4905 = CARTESIAN_POINT ( 'NONE',  ( -7.291666666666634988, -60.68097998000808246, 25.00000000000000000 ) ) ;
#4906 = CARTESIAN_POINT ( 'NONE',  ( -36.79999999999998295, 50.00000000000000711, 12.50000000000000000 ) ) ;
#4907 = ORIENTED_EDGE ( 'NONE', *, *, #7329, .T. ) ;
#4908 = CARTESIAN_POINT ( 'NONE',  ( 16.77618712260964884, -74.68097998000808957, 14.68277962994319985 ) ) ;
#4909 = CARTESIAN_POINT ( 'NONE',  ( -35.99999999999999289, 57.12970680410467850, 21.50000000000000000 ) ) ;
#4910 = VERTEX_POINT ( 'NONE', #5491 ) ;
#4911 = LINE ( 'NONE', #6081, #7624 ) ;
#4912 = FACE_OUTER_BOUND ( 'NONE', #6031, .T. ) ;
#4913 = LINE ( 'NONE', #7309, #1571 ) ;
#4914 = ORIENTED_EDGE ( 'NONE', *, *, #1087, .F. ) ;
#4915 = AXIS2_PLACEMENT_3D ( 'NONE', #5327, #1166, #3561 ) ;
#4916 = CARTESIAN_POINT ( 'NONE',  ( 22.98493214369458215, -67.95499743651426172, 18.77060404764343104 ) ) ;
#4917 = CARTESIAN_POINT ( 'NONE',  ( 16.74994038937516905, -75.83471281754060556, 3.496512156135455296 ) ) ;
#4918 = CARTESIAN_POINT ( 'NONE',  ( 16.75367192968618824, -77.68097998000808957, 10.27516479279330142 ) ) ;
#4919 = CARTESIAN_POINT ( 'NONE',  ( -17.24187238946070266, -74.68097998000810378, 11.34991720884549160 ) ) ;
#4920 = CARTESIAN_POINT ( 'NONE',  ( -38.11789580651396392, -47.00573465425922137, 0.4391854821513129781 ) ) ;
#4921 = LINE ( 'NONE', #648, #4875 ) ;
#4922 = DIRECTION ( 'NONE',  ( -0.000000000000000000, -0.000000000000000000, -1.000000000000000000 ) ) ;
#4923 = ADVANCED_FACE ( 'NONE', ( #3654 ), #2359, .F. ) ;
#4924 = EDGE_CURVE ( 'NONE', #2193, #5980, #42, .T. ) ;
#4925 = CARTESIAN_POINT ( 'NONE',  ( -21.45495460367103036, -58.68626100954067226, 21.50000000000000000 ) ) ;
#4926 = ORIENTED_EDGE ( 'NONE', *, *, #5443, .T. ) ;
#4927 = CARTESIAN_POINT ( 'NONE',  ( 44.99999999999999289, 33.00000000000000711, 17.82554360794411963 ) ) ;
#4928 = DIRECTION ( 'NONE',  ( 0.000000000000000000, 0.000000000000000000, 1.000000000000000000 ) ) ;
#4929 = CARTESIAN_POINT ( 'NONE',  ( -43.49999999999998579, -49.99999999999998579, 12.50000000000000000 ) ) ;
#4930 = CARTESIAN_POINT ( 'NONE',  ( -10.41377303846624436, -71.09071666716609172, 1.769566887509165465 ) ) ;
#4931 = CARTESIAN_POINT ( 'NONE',  ( 21.33695582988896433, -75.18141388704421502, 22.50072805598079384 ) ) ;
#4932 = CIRCLE ( 'NONE', #7058, 1.699999999999993072 ) ;
#4933 = CARTESIAN_POINT ( 'NONE',  ( 20.26068141300016734, -74.68097998000807536, 18.84908452298990511 ) ) ;
#4934 = CARTESIAN_POINT ( 'NONE',  ( -21.17831476564904492, -63.11424303248980294, 20.76166808103748451 ) ) ;
#4935 = EDGE_CURVE ( 'NONE', #4624, #4427, #7693, .T. ) ;
#4936 =( BOUNDED_CURVE ( )  B_SPLINE_CURVE ( 3, ( #6997, #3424, #2844, #5810 ),
 .UNSPECIFIED., .F., .T. ) 
 B_SPLINE_CURVE_WITH_KNOTS ( ( 4, 4 ),
 ( 0.1626755490932019765, 0.3246323907991540691 ),
 .UNSPECIFIED. ) 
 CURVE ( )  GEOMETRIC_REPRESENTATION_ITEM ( )  RATIONAL_B_SPLINE_CURVE ( ( 1.000000000000000000, 0.9978153593261909204, 0.9978153593261909204, 1.000000000000000000 ) ) 
 REPRESENTATION_ITEM ( '' )  );
#4937 = CARTESIAN_POINT ( 'NONE',  ( 12.28923492230243042, -74.68097998000808957, 6.410860613719731482 ) ) ;
#4938 = CIRCLE ( 'NONE', #6934, 1.499999999999997780 ) ;
#4939 = CARTESIAN_POINT ( 'NONE',  ( 12.25111018186648693, -61.65405325956176341, 21.55714673718899022 ) ) ;
#4940 = ORIENTED_EDGE ( 'NONE', *, *, #1236, .F. ) ;
#4941 = CARTESIAN_POINT ( 'NONE',  ( -37.02213938778845659, 56.87614760415893045, 21.37573757181222689 ) ) ;
#4942 = CARTESIAN_POINT ( 'NONE',  ( -24.51858991215560835, -77.68097998000808957, 18.32856540893972763 ) ) ;
#4943 = CARTESIAN_POINT ( 'NONE',  ( 3.616528881952500551, -71.34092292453303230, 0.6540685792222650230 ) ) ;
#4944 = CARTESIAN_POINT ( 'NONE',  ( 21.70156503552970051, -64.21043786475541992, 14.13885338516255175 ) ) ;
#4945 = CARTESIAN_POINT ( 'NONE',  ( 1.023709775831235014, -60.08850364132558752, 24.82574225332868068 ) ) ;
#4946 = CARTESIAN_POINT ( 'NONE',  ( -36.92482008767471768, -41.73512001476298394, 0.1268938943760873628 ) ) ;
#4947 = VERTEX_POINT ( 'NONE', #4793 ) ;
#4948 = B_SPLINE_CURVE_WITH_KNOTS ( 'NONE', 3,
 ( #4037, #4671, #5254, #1138, #4076, #5295, #2353, #5759, #2905, #7653, #3528, #4749, #7057, #6461, #7099, #1640, #465, #5178 ),
 .UNSPECIFIED., .F., .F.,
 ( 4, 2, 2, 2, 2, 2, 2, 2, 4 ),
 ( 0.000000000000000000, 0.0007942795389070873065, 0.001588559077814174613, 0.002382838616721261703, 0.003177118155628349226, 0.003971397694535436750, 0.004765677233442523406, 0.005559956772349610929, 0.006354236311256698452 ),
 .UNSPECIFIED. ) ;
#4949 = AXIS2_PLACEMENT_3D ( 'NONE', #322, #2047, #3933 ) ;
#4950 = CARTESIAN_POINT ( 'NONE',  ( 8.707446609726240183, -77.68097998000808957, 20.07538306592693544 ) ) ;
#4951 = CARTESIAN_POINT ( 'NONE',  ( 44.94090448680925221, 33.88170007067003553, 1.344090183017300211 ) ) ;
#4952 = VERTEX_POINT ( 'NONE', #4715 ) ;
#4953 = CARTESIAN_POINT ( 'NONE',  ( 17.08204734739637942, -74.68097998000807536, 10.98639815288388277 ) ) ;
#4954 = CARTESIAN_POINT ( 'NONE',  ( -35.99999999999999289, 49.83693954168133189, 21.50000000000000000 ) ) ;
#4955 = DIRECTION ( 'NONE',  ( -1.000000000000000000, 0.000000000000000000, 0.000000000000000000 ) ) ;
#4956 = CARTESIAN_POINT ( 'NONE',  ( -25.86412541772624607, -74.68097998000808957, 14.56453022371383454 ) ) ;
#4957 = CARTESIAN_POINT ( 'NONE',  ( -9.539679826134229046, -77.68097998000808957, 5.201381551879559417 ) ) ;
#4958 = CARTESIAN_POINT ( 'NONE',  ( -21.23287851237422430, -74.68097998000811799, 22.59985217696168647 ) ) ;
#4959 = CARTESIAN_POINT ( 'NONE',  ( 0.000000000000000000, 0.000000000000000000, 12.50000000000000000 ) ) ;
#4960 = CARTESIAN_POINT ( 'NONE',  ( 40.50000000000000000, 40.00000000000000711, 8.000000000000000000 ) ) ;
#4961 = CARTESIAN_POINT ( 'NONE',  ( 0.000000000000000000, -74.68097998000808957, 12.50000000000000000 ) ) ;
#4962 = DIRECTION ( 'NONE',  ( 1.000000000000000000, 0.000000000000000000, 0.000000000000000000 ) ) ;
#4963 = VERTEX_POINT ( 'NONE', #5379 ) ;
#4964 = CARTESIAN_POINT ( 'NONE',  ( 42.34525904103472982, 32.77756113221354184, 21.26990713887055406 ) ) ;
#4965 = FACE_OUTER_BOUND ( 'NONE', #5724, .T. ) ;
#4966 = CARTESIAN_POINT ( 'NONE',  ( -14.94454481776171484, -74.70721205156765166, 2.644266692864497337 ) ) ;
#4967 = CYLINDRICAL_SURFACE ( 'NONE', #5608, 2.499999999999995115 ) ;
#4968 = EDGE_CURVE ( 'NONE', #4331, #621, #4123, .T. ) ;
#4969 = CARTESIAN_POINT ( 'NONE',  ( 16.18451032361781472, -77.68097998000808957, 15.58668532851837440 ) ) ;
#4970 = CARTESIAN_POINT ( 'NONE',  ( 41.00000000000000711, 35.00000000000000711, 3.499999999999999556 ) ) ;
#4971 = CARTESIAN_POINT ( 'NONE',  ( -15.89699099475422983, -67.90561655687805853, 21.37111861884250530 ) ) ;
#4972 = CARTESIAN_POINT ( 'NONE',  ( 15.53663826102332024, -77.68097998000808957, 8.701548597921471284 ) ) ;
#4973 = CARTESIAN_POINT ( 'NONE',  ( 14.69845667717050652, -65.38383419305861821, 21.54780278696357954 ) ) ;
#4974 = EDGE_LOOP ( 'NONE', ( #6389, #5134, #6745, #6478, #7491 ) ) ;
#4975 = CARTESIAN_POINT ( 'NONE',  ( -36.26097284889743833, 57.06631485987179531, 21.50000000000000000 ) ) ;
#4976 = CARTESIAN_POINT ( 'NONE',  ( -21.63062619484087890, -68.15054352128220216, 5.781586949243540552 ) ) ;
#4977 = CARTESIAN_POINT ( 'NONE',  ( 6.969807528041236822, -69.95756570129256602, 1.399229640918725703 ) ) ;
#4978 = EDGE_CURVE ( 'NONE', #849, #4781, #2352, .T. ) ;
#4979 = CARTESIAN_POINT ( 'NONE',  ( 21.94772718806803624, -68.39519445790712382, 13.84689676124492941 ) ) ;
#4980 = CARTESIAN_POINT ( 'NONE',  ( 21.05339583163972961, -77.68097998000808957, 22.80071913128284677 ) ) ;
#4981 = DIRECTION ( 'NONE',  ( -0.000000000000000000, -0.000000000000000000, -1.000000000000000000 ) ) ;
#4982 = ORIENTED_EDGE ( 'NONE', *, *, #659, .T. ) ;
#4983 = CARTESIAN_POINT ( 'NONE',  ( -43.49999999999999289, -22.68097998000809312, 8.499999999999998224 ) ) ;
#4984 = LINE ( 'NONE', #1997, #192 ) ;
#4985 = ORIENTED_EDGE ( 'NONE', *, *, #3102, .T. ) ;
#4986 = CARTESIAN_POINT ( 'NONE',  ( 44.99999999999999289, 37.00000000000002132, 17.82567254622888342 ) ) ;
#4987 = CARTESIAN_POINT ( 'NONE',  ( -10.66813238574207290, -77.69904329675881627, 33.96922468514762983 ) ) ;
#4988 = CARTESIAN_POINT ( 'NONE',  ( -21.33695582988899275, -75.18141388704415817, 2.499271944019228808 ) ) ;
#4989 = FACE_OUTER_BOUND ( 'NONE', #2235, .T. ) ;
#4990 = AXIS2_PLACEMENT_3D ( 'NONE', #4291, #2486, #1267 ) ;
#4991 = CARTESIAN_POINT ( 'NONE',  ( 43.50000000000000711, 35.00000000000000711, 12.50000000000000000 ) ) ;
#4992 = CARTESIAN_POINT ( 'NONE',  ( -10.38173803087477687, -74.68097998000808957, 5.538086532639553639 ) ) ;
#4993 = ADVANCED_FACE ( 'NONE', ( #6780 ), #2668, .T. ) ;
#4994 = CARTESIAN_POINT ( 'NONE',  ( -23.26286136411589567, -60.25208665492805693, 3.558532079857327890 ) ) ;
#4995 = DIRECTION ( 'NONE',  ( 1.000000000000000000, 1.321694076934710155E-16, -0.000000000000000000 ) ) ;
#4996 = LINE ( 'NONE', #2131, #1464 ) ;
#4997 = ORIENTED_EDGE ( 'NONE', *, *, #3872, .F. ) ;
#4998 = CARTESIAN_POINT ( 'NONE',  ( 21.46863767636524045, -59.19427954843763473, 3.500000000000000000 ) ) ;
#4999 = CARTESIAN_POINT ( 'NONE',  ( 24.53643888760432645, -78.57975569811021899, 17.86870061166753842 ) ) ;
#5000 = CARTESIAN_POINT ( 'NONE',  ( -13.25282582758764960, -69.54899265195307123, 2.764311895353937842 ) ) ;
#5001 = PLANE ( 'NONE',  #6372 ) ;
#5002 = AXIS2_PLACEMENT_3D ( 'NONE', #5382, #6043, #1181 ) ;
#5003 = CARTESIAN_POINT ( 'NONE',  ( 41.82687052743028033, 36.86446297007392303, 3.584742813032816500 ) ) ;
#5004 = CARTESIAN_POINT ( 'NONE',  ( -13.62433632872950184, -72.16908287828469781, 22.49948623961120830 ) ) ;
#5005 = AXIS2_PLACEMENT_3D ( 'NONE', #2868, #5876, #1097 ) ;
#5006 = DIRECTION ( 'NONE',  ( 0.000000000000000000, -0.000000000000000000, -1.000000000000000000 ) ) ;
#5007 = CARTESIAN_POINT ( 'NONE',  ( 14.05308074613238567, -68.13825338254559938, 21.87567867258514909 ) ) ;
#5008 = ORIENTED_EDGE ( 'NONE', *, *, #179, .T. ) ;
#5009 = CARTESIAN_POINT ( 'NONE',  ( -37.98126538162523502, 56.62753720080601738, 20.98447662521191504 ) ) ;
#5010 = CARTESIAN_POINT ( 'NONE',  ( -21.48137684748378362, -63.94034018217688242, 2.681870396611353069 ) ) ;
#5011 = CARTESIAN_POINT ( 'NONE',  ( 5.146585803489313271, -75.18199043948311555, -0.2938628769271090513 ) ) ;
#5012 = CONICAL_SURFACE ( 'NONE', #5136, 1.699999999999993072, 1.029744258676650759 ) ;
#5013 = CARTESIAN_POINT ( 'NONE',  ( 21.60374486234517732, -66.77656615793556227, 19.70792056776050316 ) ) ;
#5014 = CARTESIAN_POINT ( 'NONE',  ( 25.35890565784028183, -60.68097998000807536, 25.00000000000000000 ) ) ;
#5015 = CARTESIAN_POINT ( 'NONE',  ( 44.84761309033732601, -42.89381931908829415, 18.60504224491262448 ) ) ;
#5016 = EDGE_LOOP ( 'NONE', ( #2099, #5680, #7205, #6309, #5830, #5234, #1599, #7184, #302, #2514 ) ) ;
#5017 = EDGE_CURVE ( 'NONE', #3440, #1315, #4984, .T. ) ;
#5018 = EDGE_CURVE ( 'NONE', #825, #5151, #6560, .T. ) ;
#5019 = CARTESIAN_POINT ( 'NONE',  ( 15.59439274787402674, -77.68097998000808957, 16.24117459109316286 ) ) ;
#5020 = DIRECTION ( 'NONE',  ( 1.321694076934710155E-16, -1.000000000000000000, 0.000000000000000000 ) ) ;
#5021 = ORIENTED_EDGE ( 'NONE', *, *, #5312, .T. ) ;
#5022 = CARTESIAN_POINT ( 'NONE',  ( 44.84761309033730470, 37.10618068091168453, 18.60504224491261027 ) ) ;
#5023 = CARTESIAN_POINT ( 'NONE',  ( -11.96799147100970018, -78.46065648618758814, -3.264694118174015003 ) ) ;
#5024 = DIRECTION ( 'NONE',  ( 0.8660254037844381525, -0.5000000000000008882, 0.000000000000000000 ) ) ;
#5025 = ORIENTED_EDGE ( 'NONE', *, *, #6398, .T. ) ;
#5026 = EDGE_CURVE ( 'NONE', #158, #5944, #4787, .T. ) ;
#5027 = CARTESIAN_POINT ( 'NONE',  ( 7.207149817911432166, -74.68097998000807536, -3.507522307412894058 ) ) ;
#5028 = DIRECTION ( 'NONE',  ( -0.000000000000000000, -0.000000000000000000, -1.000000000000000000 ) ) ;
#5029 = CARTESIAN_POINT ( 'NONE',  ( -14.95131851487370689, -74.68097998000807536, 8.182595809231907324 ) ) ;
#5030 = CARTESIAN_POINT ( 'NONE',  ( -3.295216011141032908, -66.19431403751373466, 22.90503399526458495 ) ) ;
#5031 = DIRECTION ( 'NONE',  ( 0.8660254037844417052, 0.4999999999999948375, -0.000000000000000000 ) ) ;
#5032 = CARTESIAN_POINT ( 'NONE',  ( 20.46089445454940048, -78.46065648618757393, 1.596342242834910552 ) ) ;
#5033 = B_SPLINE_CURVE_WITH_KNOTS ( 'NONE', 1,
 ( #4067, #5285 ),
 .UNSPECIFIED., .F., .F.,
 ( 2, 2 ),
 ( 0.003005185829281201929, 0.01702938636592650837 ),
 .UNSPECIFIED. ) ;
#5034 = VERTEX_POINT ( 'NONE', #3839 ) ;
#5035 = CARTESIAN_POINT ( 'NONE',  ( 21.92344880527817352, -73.35866277227550825, 7.514217598233464912 ) ) ;
#5036 = CARTESIAN_POINT ( 'NONE',  ( 48.50000000000000000, 40.00000000000000711, 8.000000000000000000 ) ) ;
#5037 = CARTESIAN_POINT ( 'NONE',  ( 43.17551461109292887, 32.51761952350504004, 4.139462327258300434 ) ) ;
#5038 = CARTESIAN_POINT ( 'NONE',  ( -10.60611371669027747, -72.38904144069535107, 1.537379829074465576 ) ) ;
#5039 = CARTESIAN_POINT ( 'NONE',  ( -41.74999999999997868, -46.96891108675445281, 25.00000000000000000 ) ) ;
#5040 = LINE ( 'NONE', #5625, #6815 ) ;
#5041 = CARTESIAN_POINT ( 'NONE',  ( -16.80177390410503691, -67.78363272100928327, 21.11692835491231079 ) ) ;
#5042 = CARTESIAN_POINT ( 'NONE',  ( 16.75367192968618824, -74.68097998000808957, 10.27516479279330142 ) ) ;
#5043 = CARTESIAN_POINT ( 'NONE',  ( 19.33368021630705513, -63.39033268744245930, 20.95678679174464065 ) ) ;
#5044 = EDGE_LOOP ( 'NONE', ( #6896, #5340, #7334 ) ) ;
#5045 = CARTESIAN_POINT ( 'NONE',  ( -39.86613233298469794, 56.10962975301981004, 18.56051933958454825 ) ) ;
#5046 = DIRECTION ( 'NONE',  ( -0.000000000000000000, -0.000000000000000000, -1.000000000000000000 ) ) ;
#5047 = CARTESIAN_POINT ( 'NONE',  ( 5.031986813491577060, -73.89515745168236549, 0.05520225494638311692 ) ) ;
#5048 = CARTESIAN_POINT ( 'NONE',  ( -15.86034109330870834, -74.68097998000811799, 15.99713264379133015 ) ) ;
#5049 = CARTESIAN_POINT ( 'NONE',  ( 21.90362439758046165, -72.37369257770160402, 16.64868406414537105 ) ) ;
#5050 = CARTESIAN_POINT ( 'NONE',  ( 43.80513664280999109, -42.51582207447299311, 20.35604890152795932 ) ) ;
#5051 = DIRECTION ( 'NONE',  ( 0.000000000000000000, 0.000000000000000000, 1.000000000000000000 ) ) ;
#5052 = ORIENTED_EDGE ( 'NONE', *, *, #363, .T. ) ;
#5053 = ORIENTED_EDGE ( 'NONE', *, *, #4251, .T. ) ;
#5054 = CARTESIAN_POINT ( 'NONE',  ( 42.32099469474373876, 32.30219241599414914, 0.2088340790491044485 ) ) ;
#5055 = VERTEX_POINT ( 'NONE', #6264 ) ;
#5056 = B_SPLINE_CURVE_WITH_KNOTS ( 'NONE', 3,
 ( #2554, #4954, #6748, #3035, #1368, #1850, #2591, #4207, #6150, #6599, #1223, #5424, #46, #2442, #4837, #6863, #867, #231, #2634, #1564, #7456, #6307, #5648, #272, #3299, #6784, #7418, #6269, #391, #5687, #6346, #2037 ),
 .UNSPECIFIED., .F., .F.,
 ( 4, 2, 2, 2, 2, 2, 2, 2, 2, 2, 2, 2, 2, 2, 2, 4 ),
 ( 0.000000000000000000, 0.0004822847810010812229, 0.0009645695620021624457, 0.001446854343003243885, 0.001929139124004324891, 0.002411423905005405897, 0.002893708686006487771, 0.003375993467007568777, 0.003858278248008649783, 0.004340563029009731656, 0.004822847810010811795, 0.005305132591011893668, 0.005787417372012975542, 0.006269702153014055680, 0.006751986934015137554, 0.007716556496017304770 ),
 .UNSPECIFIED. ) ;
#5057 = CYLINDRICAL_SURFACE ( 'NONE', #5627, 2.500000000000002220 ) ;
#5058 = CARTESIAN_POINT ( 'NONE',  ( -23.91533722709289123, -77.68097998000811799, 5.593113825357812985 ) ) ;
#5059 = EDGE_CURVE ( 'NONE', #5034, #2589, #5601, .T. ) ;
#5060 = FACE_OUTER_BOUND ( 'NONE', #4316, .T. ) ;
#5061 = EDGE_CURVE ( 'NONE', #702, #1673, #441, .T. ) ;
#5062 = ORIENTED_EDGE ( 'NONE', *, *, #2150, .T. ) ;
#5063 = CARTESIAN_POINT ( 'NONE',  ( -21.46863767636524045, -59.19427954843765605, 3.499999999999997335 ) ) ;
#5064 = DIRECTION ( 'NONE',  ( -1.000000000000000000, 0.000000000000000000, 0.000000000000000000 ) ) ;
#5065 = VECTOR ( 'NONE', #7328, 1000.000000000000000 ) ;
#5066 = CARTESIAN_POINT ( 'NONE',  ( -7.888757837083972824, -74.68097998000808957, 4.696801958273625566 ) ) ;
#5067 = CARTESIAN_POINT ( 'NONE',  ( -5.125804643244907588, -62.25438712407245134, 21.78651355608416651 ) ) ;
#5068 = EDGE_CURVE ( 'NONE', #6420, #1673, #862, .T. ) ;
#5069 = CARTESIAN_POINT ( 'NONE',  ( 47.54359762216977003, 40.70112671073314914, 4.197135866898050516 ) ) ;
#5070 = CARTESIAN_POINT ( 'NONE',  ( 0.000000000000000000, -74.68097998000808957, 12.50000000000000000 ) ) ;
#5071 = FACE_OUTER_BOUND ( 'NONE', #6091, .T. ) ;
#5072 = VERTEX_POINT ( 'NONE', #3181 ) ;
#5073 = CARTESIAN_POINT ( 'NONE',  ( 22.18281483921536434, -71.98837970976120459, 7.243795111362118178 ) ) ;
#5074 = LINE ( 'NONE', #5036, #1985 ) ;
#5075 = CARTESIAN_POINT ( 'NONE',  ( 24.53643888760431224, -78.57975569811021899, 7.131299388332426936 ) ) ;
#5076 = CARTESIAN_POINT ( 'NONE',  ( -15.77045558393078828, -66.58130253721823522, 3.629755415594762891 ) ) ;
#5077 = CARTESIAN_POINT ( 'NONE',  ( 9.472007856055451924, -60.95561597579838065, 3.500000000000020872 ) ) ;
#5078 = B_SPLINE_SURFACE_WITH_KNOTS ( 'NONE', 3, 1, ( 
 ( #1451, #3851, #875, #5617 ),
 ( #2088, #243, #7548, #6953 ),
 ( #4475, #7512, #5697, #4518 ),
 ( #6236, #5657, #3268, #1414 ),
 ( #2764, #281, #953, #6160 ),
 ( #3346, #6279, #5732, #2681 ),
 ( #6872, #1493, #7392, #915 ),
 ( #3894, #6913, #5150, #3194 ),
 ( #4400, #1534, #3816, #2642 ),
 ( #5032, #3972, #5227, #4090 ),
 ( #3461, #2920, #1110, #1689 ),
 ( #4602, #4132, #5848, #479 ),
 ( #2251, #4645, #1652, #6993 ),
 ( #7590, #5806, #7070, #2841 ),
 ( #1731, #6472, #2211, #7707 ),
 ( #4012, #5308, #5892, #1032 ),
 ( #2328, #3421, #7033, #3502 ),
 ( #3384, #5190, #4723, #522 ),
 ( #7114, #439, #2883, #6518 ),
 ( #4051, #6357, #992, #2802 ),
 ( #5771, #401, #1615, #6396 ),
 ( #7627, #5271, #7668, #2291 ),
 ( #6434, #1069, #4683, #5722 ),
 ( #906, #5141, #7539, #6387 ),
 ( #941, #230, #2078, #6268 ),
 ( #5023, #3334, #6903, #6306 ),
 ( #5647, #1521, #1484, #6345 ),
 ( #3885, #4591, #2200, #2791 ),
 ( #3298, #5686, #271, #348 ),
 ( #3259, #6980, #1601, #4509 ),
 ( #2161, #2752, #6943, #2710 ),
 ( #307, #5097, #4547, #4464 ),
 ( #2119, #1563, #3923, #3961 ),
 ( #2633, #2671, #979, #4001 ),
 ( #3220, #5058, #7455, #5605 ),
 ( #7417, #3372, #5760, #390 ),
 ( #5180, #3842, #6225, #7579 ),
 ( #2035, #4425, #6820, #1441 ),
 ( #866, #6862, #3529, #2237 ),
 ( #4789, #2315, #4710, #1 ) ),
 .UNSPECIFIED., .F., .F., .F.,
 ( 4, 3, 2, 2, 2, 2, 2, 2, 2, 2, 2, 2, 2, 2, 2, 2, 2, 3, 4 ),
 ( 2, 1, 1, 2 ),
 ( -0.01076716973520997975, 0.000000000000000000, 0.06249999999999990286, 0.1249999999999998057, 0.1874999999999997224, 0.2499999999999996114, 0.3124999999999996669, 0.3749999999999997224, 0.4374999999999997780, 0.4999999999999997780, 0.5624999999999997780, 0.6249999999999997780, 0.6874999999999997780, 0.7499999999999997780, 0.8124999999999998890, 0.8749999999999998890, 0.9374999999999998890, 1.000000000000000000, 1.010767169735208748 ),
 ( -0.04586332389291156164, 0.000000000000000000, 1.000000000000000000, 1.034851549334263821 ),
 .UNSPECIFIED. ) ;
#5079 = DIRECTION ( 'NONE',  ( 0.8660254037844381525, -0.5000000000000008882, 0.000000000000000000 ) ) ;
#5080 = CARTESIAN_POINT ( 'NONE',  ( -16.28415423009067453, -61.15498946782339118, 21.45079207908141683 ) ) ;
#5081 = CARTESIAN_POINT ( 'NONE',  ( 43.50000000000000711, -44.31902001999193175, 0.000000000000000000 ) ) ;
#5082 = CARTESIAN_POINT ( 'NONE',  ( 18.39193494247059846, -63.52875643491083224, 21.06545984769253721 ) ) ;
#5083 = VERTEX_POINT ( 'NONE', #4909 ) ;
#5084 = CARTESIAN_POINT ( 'NONE',  ( -10.51036262537807886, -77.68097998000810378, 28.52300336853641127 ) ) ;
#5085 = CARTESIAN_POINT ( 'NONE',  ( -22.02978123891413631, -69.79011332229080722, 11.25276910082472881 ) ) ;
#5086 = CARTESIAN_POINT ( 'NONE',  ( -2.151706176900965772, -64.93410546113126713, 2.414205467053009535 ) ) ;
#5087 = CARTESIAN_POINT ( 'NONE',  ( 22.31747927760338968, -74.68097998000808957, 12.50000000000002132 ) ) ;
#5088 = CARTESIAN_POINT ( 'NONE',  ( 21.76591886413030252, -66.91612268059466828, 16.82999400131079426 ) ) ;
#5089 = CARTESIAN_POINT ( 'NONE',  ( 41.24697137239955680, -43.90453438428918531, 21.49283855492353723 ) ) ;
#5090 = CARTESIAN_POINT ( 'NONE',  ( 44.16621187613259991, -46.49570279800036587, 0.8864716109234468400 ) ) ;
#5091 = ORIENTED_EDGE ( 'NONE', *, *, #1087, .T. ) ;
#5092 = CARTESIAN_POINT ( 'NONE',  ( 3.221263684570032204, -64.90695961644723866, 22.54535169946361250 ) ) ;
#5093 = ORIENTED_EDGE ( 'NONE', *, *, #1700, .F. ) ;
#5094 = VERTEX_POINT ( 'NONE', #3144 ) ;
#5095 = CARTESIAN_POINT ( 'NONE',  ( 16.39162555192597992, -62.47835174387996204, 3.637327342181746470 ) ) ;
#5096 = DIRECTION ( 'NONE',  ( 0.5000000000000008882, 0.8660254037844381525, -0.000000000000000000 ) ) ;
#5097 = CARTESIAN_POINT ( 'NONE',  ( -21.05339583163972250, -77.68097998000807536, 2.199280868717143900 ) ) ;
#5098 = LINE ( 'NONE', #5723, #7465 ) ;
#5099 = ORIENTED_EDGE ( 'NONE', *, *, #6020, .T. ) ;
#5100 = CARTESIAN_POINT ( 'NONE',  ( 5.802520853767683562, -74.68097998000808957, -3.734404081335834569 ) ) ;
#5101 = ADVANCED_FACE ( 'NONE', ( #157, #6744 ), #1366, .F. ) ;
#5102 = DIRECTION ( 'NONE',  ( -1.000000000000000000, 0.000000000000000000, 0.000000000000000000 ) ) ;
#5103 = CARTESIAN_POINT ( 'NONE',  ( -10.41048321100246454, -74.68097998000810378, 5.549641183985891679 ) ) ;
#5104 = CARTESIAN_POINT ( 'NONE',  ( -4.015906937572328417, -61.01007100716082476, 21.46450202217196690 ) ) ;
#5105 = PLANE ( 'NONE',  #6592 ) ;
#5106 = CARTESIAN_POINT ( 'NONE',  ( -39.84802588720935290, 47.89408666017259719, 6.396444049888660111 ) ) ;
#5107 = VECTOR ( 'NONE', #1701, 1000.000000000000000 ) ;
#5108 = LINE ( 'NONE', #2723, #1424 ) ;
#5109 = AXIS2_PLACEMENT_3D ( 'NONE', #3267, #5577, #1413 ) ;
#5110 = EDGE_CURVE ( 'NONE', #973, #4270, #6977, .T. ) ;
#5111 = EDGE_LOOP ( 'NONE', ( #4772, #2346, #5380, #7412, #4420 ) ) ;
#5112 = CARTESIAN_POINT ( 'NONE',  ( 23.47651897361852491, -65.32131658112362516, 5.409134992954699683 ) ) ;
#5113 = CARTESIAN_POINT ( 'NONE',  ( -39.99999999999997868, -47.00000000000000000, 21.50000000000000000 ) ) ;
#5114 = CARTESIAN_POINT ( 'NONE',  ( 25.00000000000000000, -60.68097998000807536, -0.3886993953832456605 ) ) ;
#5115 = CARTESIAN_POINT ( 'NONE',  ( -15.80265010053235208, -74.61800558289340302, 3.084929849236547561 ) ) ;
#5116 = CARTESIAN_POINT ( 'NONE',  ( -39.99999999999997868, -47.00000000000000000, 12.50000000000000000 ) ) ;
#5117 = AXIS2_PLACEMENT_3D ( 'NONE', #3664, #5502, #7278 ) ;
#5118 = DIRECTION ( 'NONE',  ( -0.000000000000000000, -0.000000000000000000, -1.000000000000000000 ) ) ;
#5119 = CARTESIAN_POINT ( 'NONE',  ( -14.12704933932849016, -60.09203567123921630, 21.49787030457361681 ) ) ;
#5120 = CARTESIAN_POINT ( 'NONE',  ( 17.74748603729676333, -74.68097998000808957, 12.49999999999998224 ) ) ;
#5121 = CARTESIAN_POINT ( 'NONE',  ( 21.99458211240167671, -64.28564164981999340, 20.29713169169218645 ) ) ;
#5122 = ORIENTED_EDGE ( 'NONE', *, *, #1603, .F. ) ;
#5123 = MANIFOLD_SOLID_BREP ( 'Fillet5', #3743 ) ;
#5124 = AXIS2_PLACEMENT_3D ( 'NONE', #5222, #3498, #3453 ) ;
#5125 = CARTESIAN_POINT ( 'NONE',  ( -16.90064299167617534, -77.68097998000808957, 25.81850369190070182 ) ) ;
#5126 = CARTESIAN_POINT ( 'NONE',  ( -21.64377600355136266, -64.14202047970822207, 7.584989427909564874 ) ) ;
#5127 = CARTESIAN_POINT ( 'NONE',  ( 1.100871088935033937, -66.23230280176773022, 2.015502582620255279 ) ) ;
#5128 = CARTESIAN_POINT ( 'NONE',  ( -14.56265212738489723, -74.68097998000807536, 17.20538328278655982 ) ) ;
#5129 = CARTESIAN_POINT ( 'NONE',  ( 45.09320149786616838, 35.59305057726724186, 1.450000000000001732 ) ) ;
#5130 = CARTESIAN_POINT ( 'NONE',  ( 13.54166666666669805, -60.68097998000807536, 25.00000000000000000 ) ) ;
#5131 = CARTESIAN_POINT ( 'NONE',  ( 0.000000000000000000, 0.000000000000000000, 12.50000000000000000 ) ) ;
#5132 = ORIENTED_EDGE ( 'NONE', *, *, #1319, .F. ) ;
#5133 = CARTESIAN_POINT ( 'NONE',  ( 7.927255824276989493, -68.61890675890897739, 23.14739792331636536 ) ) ;
#5134 = ORIENTED_EDGE ( 'NONE', *, *, #3779, .T. ) ;
#5135 = EDGE_CURVE ( 'NONE', #4121, #1638, #6384, .T. ) ;
#5136 = AXIS2_PLACEMENT_3D ( 'NONE', #709, #3100, #3765 ) ;
#5137 = CARTESIAN_POINT ( 'NONE',  ( -39.80081503009844113, 52.13588228415986947, 18.75653423276531484 ) ) ;
#5138 = ORIENTED_EDGE ( 'NONE', *, *, #1176, .T. ) ;
#5139 = CARTESIAN_POINT ( 'NONE',  ( 11.23915983428250875, -61.76871616666235099, 3.410350102338634670 ) ) ;
#5140 = CARTESIAN_POINT ( 'NONE',  ( 42.76058957307552078, 37.39247003987274098, 21.09519741299277840 ) ) ;
#5141 = CARTESIAN_POINT ( 'NONE',  ( -7.635467636035314420, -77.68097998000808957, -4.259134230429941326 ) ) ;
#5142 = CARTESIAN_POINT ( 'NONE',  ( 44.62570346583773073, -42.76636467810650544, 5.803240654089900197 ) ) ;
#5143 = ORIENTED_EDGE ( 'NONE', *, *, #2873, .F. ) ;
#5144 = CARTESIAN_POINT ( 'NONE',  ( -22.35799744229856856, -75.36978877982623715, 12.50000000000001421 ) ) ;
#5145 = FACE_OUTER_BOUND ( 'NONE', #4629, .T. ) ;
#5146 = CARTESIAN_POINT ( 'NONE',  ( -16.15347759261038263, -74.68097998000810378, 9.391982987988653164 ) ) ;
#5147 = CARTESIAN_POINT ( 'NONE',  ( -6.407814757846464815, -64.78407441402396216, 22.36865341985111399 ) ) ;
#5148 = DIRECTION ( 'NONE',  ( 0.000000000000000000, 0.000000000000000000, 1.000000000000000000 ) ) ;
#5149 = CARTESIAN_POINT ( 'NONE',  ( -39.99999999999998579, -14.68097998000809845, 16.50000000000000000 ) ) ;
#5150 = CARTESIAN_POINT ( 'NONE',  ( 19.79166666666667140, -60.68097998000808246, 0.000000000000000000 ) ) ;
#5151 = VERTEX_POINT ( 'NONE', #462 ) ;
#5152 = CARTESIAN_POINT ( 'NONE',  ( 21.14947223478088034, -72.28943878771924858, 6.470724782154024801 ) ) ;
#5153 = CARTESIAN_POINT ( 'NONE',  ( -40.20000000000303686, -44.31902001998742691, 1.526206676146187435 ) ) ;
#5154 = CARTESIAN_POINT ( 'NONE',  ( 24.60084272001518713, -77.68097998000808957, 6.835940206779421047 ) ) ;
#5155 = CARTESIAN_POINT ( 'NONE',  ( -17.28711727639146645, -61.02057035546267372, 3.564903925314099276 ) ) ;
#5156 = FACE_OUTER_BOUND ( 'NONE', #975, .T. ) ;
#5157 = CARTESIAN_POINT ( 'NONE',  ( 43.50000000000000711, -44.31902001999193175, 0.000000000000000000 ) ) ;
#5158 = EDGE_CURVE ( 'NONE', #2813, #4810, #5992, .T. ) ;
#5159 = CARTESIAN_POINT ( 'NONE',  ( -10.99701315223031095, -74.98412965267183949, 23.92842733374883579 ) ) ;
#5160 = EDGE_CURVE ( 'NONE', #1373, #3818, #4932, .T. ) ;
#5161 = CARTESIAN_POINT ( 'NONE',  ( 48.50000000000001421, -47.11324865405205031, 12.50000000000000000 ) ) ;
#5162 = CARTESIAN_POINT ( 'NONE',  ( 20.26199969574594917, -63.25016876502043317, 20.85512181819308353 ) ) ;
#5163 = CIRCLE ( 'NONE', #3905, 2.500000000000002220 ) ;
#5164 = VERTEX_POINT ( 'NONE', #3957 ) ;
#5165 = CARTESIAN_POINT ( 'NONE',  ( 13.39192060792229100, -77.68097998000811799, 27.51780981161600437 ) ) ;
#5166 = CARTESIAN_POINT ( 'NONE',  ( -21.70156503552969340, -64.21043786475530624, 12.49999999999999645 ) ) ;
#5167 = CARTESIAN_POINT ( 'NONE',  ( -4.532129688511359482E-14, -66.23230280176774443, 2.015502582620255723 ) ) ;
#5168 = CARTESIAN_POINT ( 'NONE',  ( -37.72275323607674125, 52.73075923690559108, 0.3137326372847826783 ) ) ;
#5169 = FACE_OUTER_BOUND ( 'NONE', #1918, .T. ) ;
#5170 = EDGE_CURVE ( 'NONE', #4109, #3085, #1518, .T. ) ;
#5171 = CARTESIAN_POINT ( 'NONE',  ( -23.23072555865661215, -66.63815700881899318, 19.18073452734433104 ) ) ;
#5172 = DIRECTION ( 'NONE',  ( 0.000000000000000000, 0.000000000000000000, 1.000000000000000000 ) ) ;
#5173 = ORIENTED_EDGE ( 'NONE', *, *, #6520, .F. ) ;
#5174 = CARTESIAN_POINT ( 'NONE',  ( 4.594442449191538103, -68.74535125111452771, 23.54942030712265222 ) ) ;
#5175 = ORIENTED_EDGE ( 'NONE', *, *, #1856, .T. ) ;
#5176 =( NAMED_UNIT ( * ) SI_UNIT ( $, .STERADIAN. ) SOLID_ANGLE_UNIT ( ) );
#5177 = EDGE_LOOP ( 'NONE', ( #5640, #4124 ) ) ;
#5178 = CARTESIAN_POINT ( 'NONE',  ( -35.99999999999999289, 57.12970680410467850, 3.499999999999999556 ) ) ;
#5179 = MANIFOLD_SOLID_BREP ( 'Fillet7', #4120 ) ;
#5180 = CARTESIAN_POINT ( 'NONE',  ( -24.62554863791277171, -78.46065648618757393, 7.235484341623004134 ) ) ;
#5181 = CARTESIAN_POINT ( 'NONE',  ( -22.49889734027489752, -78.46065648618758814, 21.28107315993378279 ) ) ;
#5182 = VERTEX_POINT ( 'NONE', #5915 ) ;
#5183 = CARTESIAN_POINT ( 'NONE',  ( 23.95412770598972330, -77.68097998000808957, 19.45748982127151194 ) ) ;
#5184 = CARTESIAN_POINT ( 'NONE',  ( -39.68906045779884550, -42.79994518183421803, 5.945709996259938457 ) ) ;
#5185 = CARTESIAN_POINT ( 'NONE',  ( 16.76162230692226629, -74.68097998000807536, 10.29299157285134925 ) ) ;
#5186 = CARTESIAN_POINT ( 'NONE',  ( -2.602216207361222278, -75.21645103991660619, 25.56077395192121671 ) ) ;
#5187 = CARTESIAN_POINT ( 'NONE',  ( 17.74748603729676333, -77.68097998000808957, 12.49999999999998224 ) ) ;
#5188 = DIRECTION ( 'NONE',  ( 1.000000000000000000, 0.000000000000000000, 0.000000000000000000 ) ) ;
#5189 = CARTESIAN_POINT ( 'NONE',  ( -0.007630428499740279404, -74.68097998000808957, 23.75165718681244442 ) ) ;
#5190 = CARTESIAN_POINT ( 'NONE',  ( 6.153061036717899945, -77.68097998000807536, -4.534633527336366932 ) ) ;
#5191 = AXIS2_PLACEMENT_3D ( 'NONE', #3860, #6589, #3201 ) ;
#5192 = CARTESIAN_POINT ( 'NONE',  ( 22.27183264669830720, -60.37146349834621617, 3.570333979355249543 ) ) ;
#5193 = DIRECTION ( 'NONE',  ( -0.000000000000000000, 1.000000000000000000, -0.000000000000000000 ) ) ;
#5194 = CARTESIAN_POINT ( 'NONE',  ( -0.007630428499740279404, -74.68097998000808957, 2.751657186812441758 ) ) ;
#5195 = CARTESIAN_POINT ( 'NONE',  ( -17.90361883932759213, -71.64276677349629097, 4.350608930347252823 ) ) ;
#5196 = CARTESIAN_POINT ( 'NONE',  ( -40.12804615675561593, 49.50055790211597184, 1.474434891512003798 ) ) ;
#5197 = CARTESIAN_POINT ( 'NONE',  ( -35.49999999999998579, -41.57723895259432112, 17.00000000000000000 ) ) ;
#5198 = CARTESIAN_POINT ( 'NONE',  ( -7.460633389138548566, -64.72925797676167292, 22.29252100196549335 ) ) ;
#5199 = ORIENTED_EDGE ( 'NONE', *, *, #2240, .T. ) ;
#5200 = LINE ( 'NONE', #2696, #1173 ) ;
#5201 = CARTESIAN_POINT ( 'NONE',  ( -12.02346287270559344, -41.57723895259432112, 12.50000000000000000 ) ) ;
#5202 = EDGE_CURVE ( 'NONE', #5884, #6359, #6342, .T. ) ;
#5203 = CARTESIAN_POINT ( 'NONE',  ( -4.651959920520932481E-14, -61.09361194289424191, 3.526882246994815340 ) ) ;
#5204 = CARTESIAN_POINT ( 'NONE',  ( 14.62745759572214332, -74.68097998000808957, 17.15616632746563397 ) ) ;
#5205 = DIRECTION ( 'NONE',  ( 1.000000000000000000, 0.000000000000000000, 0.000000000000000000 ) ) ;
#5206 = AXIS2_PLACEMENT_3D ( 'NONE', #2675, #1487, #909 ) ;
#5207 = CARTESIAN_POINT ( 'NONE',  ( -20.94756383570940272, -67.07494887407409578, 19.86556720783731222 ) ) ;
#5208 = CARTESIAN_POINT ( 'NONE',  ( 0.000000000000000000, 0.000000000000000000, 12.50000000000000000 ) ) ;
#5209 = AXIS2_PLACEMENT_3D ( 'NONE', #6011, #6600, #7705 ) ;
#5210 = ORIENTED_EDGE ( 'NONE', *, *, #1269, .F. ) ;
#5211 = CARTESIAN_POINT ( 'NONE',  ( 6.407814757846514553, -64.78407441402394795, 22.36865341985111044 ) ) ;
#5212 = B_SPLINE_CURVE_WITH_KNOTS ( 'NONE', 3,
 ( #4335, #696, #6726, #1346 ),
 .UNSPECIFIED., .F., .F.,
 ( 4, 4 ),
 ( 0.01395072205044073366, 0.02125288521570339179 ),
 .UNSPECIFIED. ) ;
#5213 = VERTEX_POINT ( 'NONE', #1211 ) ;
#5214 = CARTESIAN_POINT ( 'NONE',  ( 43.50000000000000711, 35.00000000000000711, 17.00000000000000000 ) ) ;
#5215 = ORIENTED_EDGE ( 'NONE', *, *, #7036, .F. ) ;
#5216 = EDGE_CURVE ( 'NONE', #57, #3094, #5927, .T. ) ;
#5217 = CARTESIAN_POINT ( 'NONE',  ( -25.00000000000000000, -60.68097998000806825, 8.333333333333341031 ) ) ;
#5218 = CARTESIAN_POINT ( 'NONE',  ( -16.89247449991619732, -74.68097998000810378, 25.33587235157840567 ) ) ;
#5219 = CARTESIAN_POINT ( 'NONE',  ( -25.53835848676036235, -60.68097998000807536, 25.00000000000000000 ) ) ;
#5220 = ORIENTED_EDGE ( 'NONE', *, *, #5779, .T. ) ;
#5221 = CARTESIAN_POINT ( 'NONE',  ( 48.17630891780108016, 40.23923316126508354, 19.27000282017434429 ) ) ;
#5222 = CARTESIAN_POINT ( 'NONE',  ( 0.000000000000000000, -74.68097998000808957, 12.50000000000000000 ) ) ;
#5223 = CARTESIAN_POINT ( 'NONE',  ( 10.10207910447940627, -74.68097998000808957, 5.427949915128518654 ) ) ;
#5224 = CARTESIAN_POINT ( 'NONE',  ( 1.330460493209797646, -76.50968451951501947, 26.00725674612894167 ) ) ;
#5225 = CARTESIAN_POINT ( 'NONE',  ( -17.74748603729677754, -77.68097998000808957, 12.50000000000004974 ) ) ;
#5226 = LINE ( 'NONE', #399, #5368 ) ;
#5227 = CARTESIAN_POINT ( 'NONE',  ( 16.66666666666667496, -60.68097998000808246, 0.000000000000000000 ) ) ;
#5228 = EDGE_CURVE ( 'NONE', #4539, #899, #3550, .T. ) ;
#5229 = CARTESIAN_POINT ( 'NONE',  ( 17.90361883932752463, -71.64276677349630518, 4.350608930347217296 ) ) ;
#5230 = CARTESIAN_POINT ( 'NONE',  ( 21.48072207726319149, -59.70234513774107654, 3.500000000000317524 ) ) ;
#5231 = CARTESIAN_POINT ( 'NONE',  ( 44.22380449635264199, 32.60523164450253830, 5.126783034840887154 ) ) ;
#5232 = CARTESIAN_POINT ( 'NONE',  ( -16.69858866667666319, -66.45612959387176488, 3.840862481197218070 ) ) ;
#5233 = CARTESIAN_POINT ( 'NONE',  ( 45.20000000000000284, -44.31902001999193175, 12.50000000000000000 ) ) ;
#5234 = ORIENTED_EDGE ( 'NONE', *, *, #3429, .T. ) ;
#5235 = AXIS2_PLACEMENT_3D ( 'NONE', #5081, #373, #2733 ) ;
#5236 = CARTESIAN_POINT ( 'NONE',  ( -11.57340780628375931, -64.39850941154894315, 21.88148211149008304 ) ) ;
#5237 = AXIS2_PLACEMENT_3D ( 'NONE', #5039, #4565, #2054 ) ;
#5238 = DIRECTION ( 'NONE',  ( 1.321694076934710155E-16, -1.000000000000000000, 0.000000000000000000 ) ) ;
#5239 = ORIENTED_EDGE ( 'NONE', *, *, #756, .T. ) ;
#5240 = CARTESIAN_POINT ( 'NONE',  ( 2.161408771552361774, -77.68097998000810378, 29.95470398980763349 ) ) ;
#5241 = CARTESIAN_POINT ( 'NONE',  ( 21.44042580150802380, -75.68164327271543357, 2.600004593438595357 ) ) ;
#5242 = CARTESIAN_POINT ( 'NONE',  ( -2.542030417520536822, -73.93135379471179647, -0.1888419633977461709 ) ) ;
#5243 = CIRCLE ( 'NONE', #4483, 1.699999999999993072 ) ;
#5244 = CARTESIAN_POINT ( 'NONE',  ( 22.35799744229857211, -75.36978877982627978, 11.68352366356277905 ) ) ;
#5245 = DIRECTION ( 'NONE',  ( -0.000000000000000000, -0.000000000000000000, -1.000000000000000000 ) ) ;
#5246 = CARTESIAN_POINT ( 'NONE',  ( -22.68280733128549187, -65.45736882400019852, 19.76324829489254853 ) ) ;
#5247 = CARTESIAN_POINT ( 'NONE',  ( -15.59439274787356489, -74.68097998000808957, 8.758825408906353971 ) ) ;
#5248 = ORIENTED_EDGE ( 'NONE', *, *, #802, .F. ) ;
#5249 = AXIS2_PLACEMENT_3D ( 'NONE', #6190, #2676, #6272 ) ;
#5250 = CARTESIAN_POINT ( 'NONE',  ( 7.427791005011652459, -73.83041292762928265, 24.53083326344665238 ) ) ;
#5251 = ORIENTED_EDGE ( 'NONE', *, *, #4536, .T. ) ;
#5252 = SURFACE_STYLE_FILL_AREA ( #303 ) ;
#5253 = VERTEX_POINT ( 'NONE', #3023 ) ;
#5254 = CARTESIAN_POINT ( 'NONE',  ( -39.97321243552213588, 56.07904572891781925, 6.967504074754812038 ) ) ;
#5255 = CIRCLE ( 'NONE', #622, 1.700000000000000178 ) ;
#5256 = CARTESIAN_POINT ( 'NONE',  ( -17.86907151464183841, -74.68097998000807536, 24.81657437526801857 ) ) ;
#5257 = CARTESIAN_POINT ( 'NONE',  ( -17.59175272264739576, -60.08850364132560173, 25.07664834569600387 ) ) ;
#5258 = EDGE_CURVE ( 'NONE', #1255, #7634, #1759, .T. ) ;
#5259 = EDGE_CURVE ( 'NONE', #2744, #4401, #5411, .T. ) ;
#5260 = VERTEX_POINT ( 'NONE', #2430 ) ;
#5261 = VECTOR ( 'NONE', #1600, 1000.000000000000000 ) ;
#5262 = CARTESIAN_POINT ( 'NONE',  ( -25.59826332794822790, -74.68097998000808957, 9.435546880716678686 ) ) ;
#5263 = CARTESIAN_POINT ( 'NONE',  ( -21.94772718806801848, -68.39519445790691066, 13.84689676124491164 ) ) ;
#5264 = CARTESIAN_POINT ( 'NONE',  ( -36.82479628086518630, -43.13742494467479105, 3.584314859508971551 ) ) ;
#5265 = CARTESIAN_POINT ( 'NONE',  ( 16.59408928796355553, -74.68097998000808957, 10.00653298420762205 ) ) ;
#5266 = CARTESIAN_POINT ( 'NONE',  ( 2.424533570873974142, -71.36102274495094377, 24.44499663755551566 ) ) ;
#5267 = DIRECTION ( 'NONE',  ( 1.000000000000000000, 1.321694076934710155E-16, -0.000000000000000000 ) ) ;
#5268 = CARTESIAN_POINT ( 'NONE',  ( -37.04849700672460955, 47.37118602194597372, 0.1501073233012131525 ) ) ;
#5269 = CARTESIAN_POINT ( 'NONE',  ( -39.80081503009844823, 47.86411771584013763, 6.243465767234686936 ) ) ;
#5270 = ADVANCED_FACE ( 'NONE', ( #4155 ), #7570, .F. ) ;
#5271 = CARTESIAN_POINT ( 'NONE',  ( -3.113612652743710463, -77.68097998000808957, -4.905133212289967126 ) ) ;
#5272 = CARTESIAN_POINT ( 'NONE',  ( 17.45018966863404586, -63.66718018237914123, 3.825867096359552466 ) ) ;
#5273 = CARTESIAN_POINT ( 'NONE',  ( -17.74748603729677754, -77.68097998000808957, 12.50000000000004974 ) ) ;
#5274 = CARTESIAN_POINT ( 'NONE',  ( 24.99999999999999645, -60.68097998000807536, 12.49999999999999289 ) ) ;
#5275 = CARTESIAN_POINT ( 'NONE',  ( -22.19467755870272896, -61.67099295009828808, 3.960703003928359500 ) ) ;
#5276 = CARTESIAN_POINT ( 'NONE',  ( -25.86574135803875407, -74.68097998000808957, 14.55223283044794336 ) ) ;
#5277 = VERTEX_POINT ( 'NONE', #1838 ) ;
#5278 = CARTESIAN_POINT ( 'NONE',  ( -8.502926913581564605, -64.66031570919462013, 22.20027141466956522 ) ) ;
#5279 = DIRECTION ( 'NONE',  ( -1.000000000000000000, 0.000000000000000000, 0.000000000000000000 ) ) ;
#5280 = ORIENTED_EDGE ( 'NONE', *, *, #711, .T. ) ;
#5281 = CARTESIAN_POINT ( 'NONE',  ( -21.33695582988255524, -75.18141388704486872, 22.50072805598643200 ) ) ;
#5282 = CARTESIAN_POINT ( 'NONE',  ( -21.61611948207465161, -68.67969096419065522, 19.19379639021052242 ) ) ;
#5283 = CARTESIAN_POINT ( 'NONE',  ( -8.342640039374289884, -63.35833800181985254, 3.053901911035201255 ) ) ;
#5284 = CARTESIAN_POINT ( 'NONE',  ( 22.28906030310527342, -75.31718419918033192, 10.86418958826299530 ) ) ;
#5285 = CARTESIAN_POINT ( 'NONE',  ( -24.99999999999999645, -60.68097998000808246, 12.50000000000000000 ) ) ;
#5286 = CARTESIAN_POINT ( 'NONE',  ( -25.65450741102921128, -76.73870343770381908, 9.656587785642065214 ) ) ;
#5287 = AXIS2_PLACEMENT_3D ( 'NONE', #6379, #6973, #5677 ) ;
#5288 = CARTESIAN_POINT ( 'NONE',  ( -16.91644020938784720, -77.68097998000808957, 10.61028577838298048 ) ) ;
#5289 = EDGE_LOOP ( 'NONE', ( #4238, #40, #7266, #1911 ) ) ;
#5290 = CARTESIAN_POINT ( 'NONE',  ( 8.043871396715182698, -60.74764863851540042, 21.44956342548003292 ) ) ;
#5291 = ORIENTED_EDGE ( 'NONE', *, *, #220, .T. ) ;
#5292 = CARTESIAN_POINT ( 'NONE',  ( -7.465891482338152585, -77.68097998000808957, -4.278809612441753174 ) ) ;
#5293 = CARTESIAN_POINT ( 'NONE',  ( -24.98891076837313463, -58.40486459085620652, 1.317946770163692660 ) ) ;
#5294 = B_SPLINE_CURVE_WITH_KNOTS ( 'NONE', 3,
 ( #7681, #2224, #4617, #5359, #7085, #1628, #5399, #1046, #3434, #1704, #5819, #453, #7045, #2896, #1666, #1748, #4064, #6531, #1161, #3556, #6448, #575, #2974, #3473, #7760, #5861, #4698, #2380 ),
 .UNSPECIFIED., .F., .F.,
 ( 4, 2, 2, 2, 2, 2, 2, 2, 2, 2, 2, 2, 2, 4 ),
 ( 0.000000000000000000, 0.0009588392497560480499, 0.001438258874634066762, 0.001917678499512085908, 0.002876517749268128754, 0.003355937374146144864, 0.003835356999024160541, 0.004314776623902177519, 0.004794196248780193195, 0.005273615873658209739, 0.005753035498536225416, 0.006232455123414241960, 0.006711874748292258504, 0.007670713998048290724 ),
 .UNSPECIFIED. ) ;
#5295 = CARTESIAN_POINT ( 'NONE',  ( -39.58387495170392611, 56.18968048769590240, 5.703953230149632070 ) ) ;
#5296 = CARTESIAN_POINT ( 'NONE',  ( 7.207149817911448153, -74.68097998000808957, 28.50752230741289495 ) ) ;
#5297 = FACE_OUTER_BOUND ( 'NONE', #2827, .T. ) ;
#5298 = ORIENTED_EDGE ( 'NONE', *, *, #3951, .T. ) ;
#5299 = CARTESIAN_POINT ( 'NONE',  ( -39.99999999999999289, 55.00000000000000711, 12.50000000000000000 ) ) ;
#5300 = CARTESIAN_POINT ( 'NONE',  ( 42.91365585484816592, 43.86367466028085005, 24.64311974043414821 ) ) ;
#5301 = VERTEX_POINT ( 'NONE', #4232 ) ;
#5302 = CARTESIAN_POINT ( 'NONE',  ( -37.61880735090971939, -42.65557230157634194, 3.839189597925035446 ) ) ;
#5303 = EDGE_CURVE ( 'NONE', #2666, #7427, #2996, .T. ) ;
#5304 = CARTESIAN_POINT ( 'NONE',  ( 12.62921104856733656, -74.68097998000808957, 6.601030468397087958 ) ) ;
#5305 = CARTESIAN_POINT ( 'NONE',  ( -1.867055902952858973E-15, -71.37099366064143169, 24.49587708175436163 ) ) ;
#5306 = CARTESIAN_POINT ( 'NONE',  ( -17.12334204847205399, -77.68097998000808957, 13.91969518390568616 ) ) ;
#5307 = CARTESIAN_POINT ( 'NONE',  ( -37.45427641008132014, -41.60152814955750955, 0.2411249763493155673 ) ) ;
#5308 = CARTESIAN_POINT ( 'NONE',  ( 10.46332772291167323, -77.68097998000810378, -3.552475960547270439 ) ) ;
#5309 = CARTESIAN_POINT ( 'NONE',  ( 18.43926551569433414, -64.85166717333474651, 20.89339330522258109 ) ) ;
#5310 = CARTESIAN_POINT ( 'NONE',  ( 18.21531999292606230, -59.57335087804494833, 3.372163199260753697 ) ) ;
#5311 = CARTESIAN_POINT ( 'NONE',  ( 25.99999999999999645, -77.68097998000808957, 12.49999999999999289 ) ) ;
#5312 = EDGE_CURVE ( 'NONE', #5083, #7449, #7479, .T. ) ;
#5313 = DIRECTION ( 'NONE',  ( -0.000000000000000000, -0.000000000000000000, -1.000000000000000000 ) ) ;
#5314 = CARTESIAN_POINT ( 'NONE',  ( -23.14364529610447718, -61.54551582256115694, 3.997421671285541933 ) ) ;
#5315 = FACE_OUTER_BOUND ( 'NONE', #3644, .T. ) ;
#5316 = ORIENTED_EDGE ( 'NONE', *, *, #220, .F. ) ;
#5317 = CARTESIAN_POINT ( 'NONE',  ( -15.98458317706123744, -74.68097998000808957, 15.81106025938982818 ) ) ;
#5318 = CIRCLE ( 'NONE', #1931, 1.499999999999999556 ) ;
#5319 = CARTESIAN_POINT ( 'NONE',  ( 43.50000000000000711, 35.00000000000000711, 12.50000000000000000 ) ) ;
#5320 = ORIENTED_EDGE ( 'NONE', *, *, #168, .F. ) ;
#5321 = FACE_OUTER_BOUND ( 'NONE', #2747, .T. ) ;
#5322 = DIRECTION ( 'NONE',  ( 0.000000000000000000, 0.000000000000000000, 1.000000000000000000 ) ) ;
#5323 = CARTESIAN_POINT ( 'NONE',  ( -6.253777446258435013, -73.86767720903793588, 0.2370283672762638905 ) ) ;
#5324 = FACE_OUTER_BOUND ( 'NONE', #3479, .T. ) ;
#5325 = B_SPLINE_CURVE_WITH_KNOTS ( 'NONE', 3,
 ( #411, #1584, #4528, #6805 ),
 .UNSPECIFIED., .F., .F.,
 ( 4, 4 ),
 ( 0.01395072205044326288, 0.02125288521570591407 ),
 .UNSPECIFIED. ) ;
#5326 = CARTESIAN_POINT ( 'NONE',  ( 0.000000000000000000, -74.68097998000808957, 12.50000000000000000 ) ) ;
#5327 = CARTESIAN_POINT ( 'NONE',  ( 43.50000000000000711, 35.00000000000000711, 0.000000000000000000 ) ) ;
#5328 = ORIENTED_EDGE ( 'NONE', *, *, #3102, .F. ) ;
#5329 = CARTESIAN_POINT ( 'NONE',  ( 10.79845439491433723, -73.68736621422480937, 23.69480722936027561 ) ) ;
#5330 = VERTEX_POINT ( 'NONE', #2616 ) ;
#5331 = CARTESIAN_POINT ( 'NONE',  ( 8.499666697460755316, -77.68097998000810378, -4.054494665191770153 ) ) ;
#5332 = CARTESIAN_POINT ( 'NONE',  ( -25.04793644628120219, -58.40486459085621362, -0.9262709168083923528 ) ) ;
#5333 = CARTESIAN_POINT ( 'NONE',  ( 8.256662136074359282, -71.20770582434705886, 1.278146563075467812 ) ) ;
#5334 = CARTESIAN_POINT ( 'NONE',  ( -24.60084272001518002, -77.68097998000808957, 6.835940206779403283 ) ) ;
#5335 = CARTESIAN_POINT ( 'NONE',  ( -20.46309068487976646, -74.68097998000810378, 23.18882751988000734 ) ) ;
#5336 = DIRECTION ( 'NONE',  ( -0.000000000000000000, -0.000000000000000000, -1.000000000000000000 ) ) ;
#5337 = ORIENTED_EDGE ( 'NONE', *, *, #4162, .T. ) ;
#5338 = LINE ( 'NONE', #5378, #5733 ) ;
#5339 = CARTESIAN_POINT ( 'NONE',  ( -21.49593815408837116, -61.19288503576611049, 23.44363480188714988 ) ) ;
#5340 = ORIENTED_EDGE ( 'NONE', *, *, #754, .T. ) ;
#5341 = CARTESIAN_POINT ( 'NONE',  ( 40.99999999999999289, -44.99999999999999289, 12.50000000000000000 ) ) ;
#5342 = CARTESIAN_POINT ( 'NONE',  ( 15.57891994330413432, -74.68097998000808957, 8.757635732612548907 ) ) ;
#5343 = CARTESIAN_POINT ( 'NONE',  ( 1.240591896471191724, -72.65566637535982863, 24.87372199784800486 ) ) ;
#5344 = CARTESIAN_POINT ( 'NONE',  ( -16.52603377690017439, -77.68097998000808957, 15.10729876666275473 ) ) ;
#5345 = CARTESIAN_POINT ( 'NONE',  ( 44.49783456557678107, 42.82266561417210937, 1.066052291946233188 ) ) ;
#5346 = ADVANCED_FACE ( 'NONE', ( #740, #3208 ), #4413, .T. ) ;
#5347 = CARTESIAN_POINT ( 'NONE',  ( 22.27183264669835694, -60.37146349834617354, 21.42966602064474202 ) ) ;
#5348 = CARTESIAN_POINT ( 'NONE',  ( 17.74467285456010046, -68.98022383869027863, 4.228103000234719744 ) ) ;
#5349 = CARTESIAN_POINT ( 'NONE',  ( 25.61808094222639554, -75.21003179747818024, 9.510542914006080650 ) ) ;
#5350 = CARTESIAN_POINT ( 'NONE',  ( -35.50000000000000000, 55.00000000000000711, 0.000000000000000000 ) ) ;
#5351 = CARTESIAN_POINT ( 'NONE',  ( -19.35178423752188337, -68.70145445424390118, 4.826391722947949603 ) ) ;
#5352 = CARTESIAN_POINT ( 'NONE',  ( -41.81209087978039918, 55.53405774766922320, 21.92202083323797979 ) ) ;
#5353 = ORIENTED_EDGE ( 'NONE', *, *, #5026, .T. ) ;
#5354 = CARTESIAN_POINT ( 'NONE',  ( -10.68616235950688598, -74.68097998000808957, 19.34184003423209575 ) ) ;
#5355 = EDGE_CURVE ( 'NONE', #7639, #5034, #3246, .T. ) ;
#5356 = CARTESIAN_POINT ( 'NONE',  ( -28.68629150101522640, -22.68097998000808957, 8.499999999999998224 ) ) ;
#5357 = EDGE_LOOP ( 'NONE', ( #4871, #7415, #4511, #1639, #3142, #1452, #1117, #6079, #1576, #6219, #5916, #7493, #6818, #2695, #5298, #2528, #2360 ) ) ;
#5358 = CARTESIAN_POINT ( 'NONE',  ( 25.99999999999999645, -74.68097998000808957, 12.50000000000000000 ) ) ;
#5359 = CARTESIAN_POINT ( 'NONE',  ( -39.84802588720933869, -42.89408666017255456, 18.60355595011133900 ) ) ;
#5360 = CARTESIAN_POINT ( 'NONE',  ( -6.147684072933035537, -62.19276607826561332, 3.242251638369025191 ) ) ;
#5361 = CARTESIAN_POINT ( 'NONE',  ( 21.64377600355135556, -64.14202047970820786, 7.584989427909524018 ) ) ;
#5362 = CARTESIAN_POINT ( 'NONE',  ( 45.00000000000001421, 42.48381121475497224, 17.78997537091778369 ) ) ;
#5363 = CARTESIAN_POINT ( 'NONE',  ( -19.95227071348790204, -75.27440135207281457, 19.07070484564102131 ) ) ;
#5364 = CARTESIAN_POINT ( 'NONE',  ( -17.74748603729677754, -77.68097998000808957, 12.50000000000004974 ) ) ;
#5365 = ORIENTED_EDGE ( 'NONE', *, *, #3586, .T. ) ;
#5366 = CARTESIAN_POINT ( 'NONE',  ( 11.46861965257063609, -71.02627380537646218, 22.96930636055048325 ) ) ;
#5367 = VERTEX_POINT ( 'NONE', #255 ) ;
#5368 = VECTOR ( 'NONE', #7667, 1000.000000000000000 ) ;
#5369 = CARTESIAN_POINT ( 'NONE',  ( -10.51037582746177890, -77.68097998000808957, -3.523012000829857104 ) ) ;
#5370 = VERTEX_POINT ( 'NONE', #780 ) ;
#5371 = CARTESIAN_POINT ( 'NONE',  ( 7.273716032205606474, -72.53971994787926292, 0.7793092141837546505 ) ) ;
#5372 = CARTESIAN_POINT ( 'NONE',  ( -24.53643888760427672, -78.57975569811021899, 17.86870061166763080 ) ) ;
#5373 = CARTESIAN_POINT ( 'NONE',  ( 17.86907151464184906, -74.68097998000808957, 24.81657437526802568 ) ) ;
#5374 = CARTESIAN_POINT ( 'NONE',  ( 5.208333333333376558, -60.68097998000806825, 25.00000000000000000 ) ) ;
#5375 = VECTOR ( 'NONE', #496, 1000.000000000000000 ) ;
#5376 = ORIENTED_EDGE ( 'NONE', *, *, #4474, .F. ) ;
#5377 = EDGE_CURVE ( 'NONE', #4295, #3865, #2656, .T. ) ;
#5378 = CARTESIAN_POINT ( 'NONE',  ( -36.79999999999998295, -44.31902001999193175, 0.000000000000000000 ) ) ;
#5379 = CARTESIAN_POINT ( 'NONE',  ( -39.99999999999997868, -47.00000000000000000, 12.50000000000000000 ) ) ;
#5380 = ORIENTED_EDGE ( 'NONE', *, *, #6347, .F. ) ;
#5381 = AXIS2_PLACEMENT_3D ( 'NONE', #1293, #1259, #45 ) ;
#5382 = CARTESIAN_POINT ( 'NONE',  ( -0.007630428499740279404, -74.68097998000808957, 23.75165718681244442 ) ) ;
#5383 = DIRECTION ( 'NONE',  ( -0.000000000000000000, 0.000000000000000000, -1.000000000000000000 ) ) ;
#5384 = CARTESIAN_POINT ( 'NONE',  ( 9.539679826134662477, -77.68097998000808957, 19.79861844812029403 ) ) ;
#5385 = CARTESIAN_POINT ( 'NONE',  ( 45.73096356604516188, 41.98360803914044226, 1.941643180654670786 ) ) ;
#5386 = CIRCLE ( 'NONE', #5005, 2.500000000000002220 ) ;
#5387 = CARTESIAN_POINT ( 'NONE',  ( 18.74340474973559623, -74.68097998000811799, 4.899467861314021455 ) ) ;
#5388 = CARTESIAN_POINT ( 'NONE',  ( 20.06834574779887603, -69.89223004139681450, 5.319563358012221244 ) ) ;
#5389 = CARTESIAN_POINT ( 'NONE',  ( 15.53663826102332024, -77.68097998000808957, 8.701548597921471284 ) ) ;
#5390 = LINE ( 'NONE', #6438, #3762 ) ;
#5391 = CARTESIAN_POINT ( 'NONE',  ( -21.99458211240162342, -64.28564164981987972, 4.702868308307794010 ) ) ;
#5392 = CARTESIAN_POINT ( 'NONE',  ( -25.82352941176470296, -74.68097998000811799, 12.50000000000002487 ) ) ;
#5393 = ORIENTED_EDGE ( 'NONE', *, *, #2630, .F. ) ;
#5394 = DIRECTION ( 'NONE',  ( 1.000000000000000000, 0.000000000000000000, -0.000000000000000000 ) ) ;
#5395 = CARTESIAN_POINT ( 'NONE',  ( 4.857460020035079928, -74.68097998000808957, 20.96917652337255333 ) ) ;
#5396 = CYLINDRICAL_SURFACE ( 'NONE', #6615, 2.500000000000002220 ) ;
#5397 = ORIENTED_EDGE ( 'NONE', *, *, #5587, .F. ) ;
#5398 = CARTESIAN_POINT ( 'NONE',  ( -23.95412770598966290, -77.68097998000808957, 5.542510178728378811 ) ) ;
#5399 = CARTESIAN_POINT ( 'NONE',  ( -39.62570346583772363, -42.76636467810651254, 19.19675934591010247 ) ) ;
#5400 = CARTESIAN_POINT ( 'NONE',  ( -7.119641059399808292, -71.24902696812948477, 1.089451691814140144 ) ) ;
#5401 = CARTESIAN_POINT ( 'NONE',  ( 22.15985655337501115, -75.21445518355066895, 10.05290396926930185 ) ) ;
#5402 = EDGE_CURVE ( 'NONE', #3865, #4165, #7439, .T. ) ;
#5403 = EDGE_CURVE ( 'NONE', #1673, #3973, #1475, .T. ) ;
#5404 = B_SPLINE_CURVE_WITH_KNOTS ( 'NONE', 3,
 ( #5703, #6364, #3940, #1001, #6285, #2137, #3316, #5077, #2730, #6959 ),
 .UNSPECIFIED., .F., .F.,
 ( 4, 2, 2, 2, 4 ),
 ( -3.580632689901812478E-05, 0.007069103376237663612, 0.01417401307937434657, 0.02127892278251103039, 0.02838383248564771075 ),
 .UNSPECIFIED. ) ;
#5405 = DIRECTION ( 'NONE',  ( 1.000000000000000000, 1.330321911110254761E-16, -0.000000000000000000 ) ) ;
#5406 = CARTESIAN_POINT ( 'NONE',  ( -20.26798658114875806, -59.31716825284104289, 21.71958811734636896 ) ) ;
#5407 = CARTESIAN_POINT ( 'NONE',  ( 21.37918666975485849, -58.73000564658308775, 9.499646983363259523 ) ) ;
#5408 = ORIENTED_EDGE ( 'NONE', *, *, #6880, .T. ) ;
#5409 = CARTESIAN_POINT ( 'NONE',  ( 7.035234356358543550, -60.82891191956307608, 21.45244094315276584 ) ) ;
#5410 = VERTEX_POINT ( 'NONE', #1465 ) ;
#5411 = LINE ( 'NONE', #33, #2552 ) ;
#5412 = CARTESIAN_POINT ( 'NONE',  ( -25.06445558290797138, -58.40486459085621362, -1.554345678593400448 ) ) ;
#5413 = CARTESIAN_POINT ( 'NONE',  ( 9.365498003947335448, -63.27178387550487315, 3.123306047063936663 ) ) ;
#5414 = EDGE_CURVE ( 'NONE', #1177, #7688, #7483, .T. ) ;
#5415 = CARTESIAN_POINT ( 'NONE',  ( -24.55971631608538885, -77.68097998000808957, 18.24631260108017017 ) ) ;
#5416 = CARTESIAN_POINT ( 'NONE',  ( 42.34525904103472271, 37.22243886778646527, 3.730092861129446824 ) ) ;
#5417 = CARTESIAN_POINT ( 'NONE',  ( -14.58333333333331616, -60.68097998000808246, 25.00000000000000000 ) ) ;
#5418 = EDGE_LOOP ( 'NONE', ( #282, #461, #4189, #1354 ) ) ;
#5419 = DIRECTION ( 'NONE',  ( -0.000000000000000000, -1.000000000000000000, -0.000000000000000000 ) ) ;
#5420 = CARTESIAN_POINT ( 'NONE',  ( -21.54998219735380971, -64.02861143124188459, 20.68693560176816248 ) ) ;
#5421 = ORIENTED_EDGE ( 'NONE', *, *, #2187, .T. ) ;
#5422 = CYLINDRICAL_SURFACE ( 'NONE', #5381, 101.5772389525943282 ) ;
#5423 = CARTESIAN_POINT ( 'NONE',  ( -38.04184757002757067, 56.61158368232446492, 0.4101351066018284475 ) ) ;
#5424 = CARTESIAN_POINT ( 'NONE',  ( -37.20582925616533032, 47.85521081293311596, 21.31630440496459755 ) ) ;
#5425 = CARTESIAN_POINT ( 'NONE',  ( 24.08550133035964791, -61.42879780529349887, 20.97127122052489767 ) ) ;
#5426 = CARTESIAN_POINT ( 'NONE',  ( 13.43454780472097454, -70.86013925437772798, 2.634472455612849373 ) ) ;
#5427 = CARTESIAN_POINT ( 'NONE',  ( 25.59826332794542125, -74.68097998000808957, 9.435546880697581074 ) ) ;
#5428 = DIRECTION ( 'NONE',  ( -0.000000000000000000, -0.000000000000000000, -1.000000000000000000 ) ) ;
#5429 = CARTESIAN_POINT ( 'NONE',  ( -20.75438224076950888, -69.74201985475693277, 5.648259332032830926 ) ) ;
#5430 = CARTESIAN_POINT ( 'NONE',  ( 25.65639081652326325, -76.26764005264436719, 9.664307650278855633 ) ) ;
#5431 = CARTESIAN_POINT ( 'NONE',  ( 3.542648928176507894, -77.68097998000808957, 21.15132976650651386 ) ) ;
#5432 = DIRECTION ( 'NONE',  ( 1.593074305255970310E-16, -1.000000000000000000, 0.000000000000000000 ) ) ;
#5433 = ORIENTED_EDGE ( 'NONE', *, *, #5737, .F. ) ;
#5434 = DIRECTION ( 'NONE',  ( 0.000000000000000000, 0.000000000000000000, 1.000000000000000000 ) ) ;
#5435 = CARTESIAN_POINT ( 'NONE',  ( 25.00000000000000000, -60.68097998000806825, 20.83333333333335702 ) ) ;
#5436 = CARTESIAN_POINT ( 'NONE',  ( 40.94300853594533862, -42.49443057012382496, 0.01188302002953479063 ) ) ;
#5437 = CARTESIAN_POINT ( 'NONE',  ( -5.237572862556560516, -63.54716438530497413, 2.884870545268274800 ) ) ;
#5438 = CARTESIAN_POINT ( 'NONE',  ( -22.31747927760338612, -74.68097998000811799, 12.49999999999999467 ) ) ;
#5439 = DIRECTION ( 'NONE',  ( 0.000000000000000000, 0.000000000000000000, 1.000000000000000000 ) ) ;
#5440 = CARTESIAN_POINT ( 'NONE',  ( -19.35259342073115363, -67.36965115182731267, 20.35262469512480976 ) ) ;
#5441 = CARTESIAN_POINT ( 'NONE',  ( 13.44849748091341546, -74.68097998000808957, 7.059009957411669589 ) ) ;
#5442 = ADVANCED_FACE ( 'NONE', ( #1587 ), #2808, .F. ) ;
#5443 = EDGE_CURVE ( 'NONE', #548, #4716, #5200, .T. ) ;
#5444 = CARTESIAN_POINT ( 'NONE',  ( 16.59877520423610875, -65.12893412222035749, 21.21679567440297731 ) ) ;
#5445 = ORIENTED_EDGE ( 'NONE', *, *, #4525, .F. ) ;
#5446 = CARTESIAN_POINT ( 'NONE',  ( -21.84978653842413365, -77.68097998000808957, 3.014876443194697497 ) ) ;
#5447 = CARTESIAN_POINT ( 'NONE',  ( -25.88303243258905795, -77.68097998000808957, 14.41041209536788159 ) ) ;
#5448 = CARTESIAN_POINT ( 'NONE',  ( 8.502926913581495327, -64.66031570919453486, 2.799728585330445441 ) ) ;
#5449 = CARTESIAN_POINT ( 'NONE',  ( -25.08282398096126187, -77.68097998000808957, 17.20009727132844191 ) ) ;
#5450 = CARTESIAN_POINT ( 'NONE',  ( -2.047426502804783777, -60.08850364132558752, 24.82904850786074391 ) ) ;
#5451 = CARTESIAN_POINT ( 'NONE',  ( -39.99999999999999289, 48.00000000000000711, 32.07106781186548261 ) ) ;
#5452 = EDGE_LOOP ( 'NONE', ( #7716, #6188, #6147, #897, #7126, #383, #4822 ) ) ;
#5453 = ADVANCED_FACE ( 'NONE', ( #6886 ), #6331, .T. ) ;
#5454 = CARTESIAN_POINT ( 'NONE',  ( 17.39766108894289687, -77.68097998000808957, 13.29572150542254327 ) ) ;
#5455 = CARTESIAN_POINT ( 'NONE',  ( -21.63062619484088955, -68.15054352128218795, 19.21841305075637862 ) ) ;
#5456 = ORIENTED_EDGE ( 'NONE', *, *, #2139, .F. ) ;
#5457 = CARTESIAN_POINT ( 'NONE',  ( 45.00000000000000000, 33.00000000000000711, 32.07106781186548261 ) ) ;
#5458 = DIRECTION ( 'NONE',  ( -1.321694076934710155E-16, 1.000000000000000000, 0.000000000000000000 ) ) ;
#5459 = DIRECTION ( 'NONE',  ( 0.000000000000000000, 0.000000000000000000, 1.000000000000000000 ) ) ;
#5460 = CARTESIAN_POINT ( 'NONE',  ( 25.99999999999998934, -77.68097998000806115, 11.46570928387037824 ) ) ;
#5461 = PRODUCT_DEFINITION_FORMATION_WITH_SPECIFIED_SOURCE ( 'ANY', '', #5641, .NOT_KNOWN. ) ;
#5462 = CARTESIAN_POINT ( 'NONE',  ( 1.994176767725074351, -74.68097998000810378, -0.4686335242863677863 ) ) ;
#5463 = CARTESIAN_POINT ( 'NONE',  ( 15.77045558393071545, -66.58130253721827785, 3.629755415594743795 ) ) ;
#5464 = CARTESIAN_POINT ( 'NONE',  ( 16.69887295139425021, -77.68097998000808957, 10.17855748225252377 ) ) ;
#5465 = CARTESIAN_POINT ( 'NONE',  ( 25.88487902106119876, -77.68097998000808957, 14.39897901673307601 ) ) ;
#5466 = CARTESIAN_POINT ( 'NONE',  ( -36.67259267457932026, -46.78289209621052436, 0.08540979611528752569 ) ) ;
#5467 = CARTESIAN_POINT ( 'NONE',  ( -25.99999999999999645, -77.68097998000808957, 12.50000000000000000 ) ) ;
#5468 = CARTESIAN_POINT ( 'NONE',  ( 1.791487525089265898, -77.68097998000808957, 21.31248234468181835 ) ) ;
#5469 = CARTESIAN_POINT ( 'NONE',  ( 21.61464733046743447, -74.68097998000807536, 7.613070865666352383 ) ) ;
#5470 = EDGE_CURVE ( 'NONE', #3440, #6385, #4534, .T. ) ;
#5471 = ORIENTED_EDGE ( 'NONE', *, *, #3951, .F. ) ;
#5472 = CARTESIAN_POINT ( 'NONE',  ( 42.76115894736752665, 32.60734206604201546, 21.09492963505794094 ) ) ;
#5473 = CARTESIAN_POINT ( 'NONE',  ( 25.00000000000000000, -60.68097998000806825, 10.41666666666668917 ) ) ;
#5474 = CARTESIAN_POINT ( 'NONE',  ( 25.08720281525328843, -78.57975569811020478, 16.89786704995338340 ) ) ;
#5475 = CARTESIAN_POINT ( 'NONE',  ( -15.14362717295568572, -76.01553879346251108, 2.537462897320609034 ) ) ;
#5476 = CARTESIAN_POINT ( 'NONE',  ( 21.23287851239101798, -74.68097998000804694, 22.59985217694878656 ) ) ;
#5477 = DIRECTION ( 'NONE',  ( 1.000000000000000000, 0.000000000000000000, 0.000000000000000000 ) ) ;
#5478 = CARTESIAN_POINT ( 'NONE',  ( -17.74467285456021770, -68.98022383869043495, 20.77189699976523229 ) ) ;
#5479 = CARTESIAN_POINT ( 'NONE',  ( -11.97183421273550330, -74.68097998000808957, 6.247968454798265903 ) ) ;
#5480 = CARTESIAN_POINT ( 'NONE',  ( 17.74467285456017862, -68.98022383869044916, 20.77189699976524651 ) ) ;
#5481 = ORIENTED_EDGE ( 'NONE', *, *, #5068, .T. ) ;
#5482 = CARTESIAN_POINT ( 'NONE',  ( -39.99999999999999289, 55.00000000000000711, 12.50000000000000000 ) ) ;
#5483 = CARTESIAN_POINT ( 'NONE',  ( -25.92971761545420861, -78.57975569811020478, 10.70887418831096660 ) ) ;
#5484 = CARTESIAN_POINT ( 'NONE',  ( 7.609620385704522150, -66.02743092381942347, 2.424525909978001881 ) ) ;
#5485 = CARTESIAN_POINT ( 'NONE',  ( 21.86567313722192196, -67.00027559352322726, 12.50000000000000178 ) ) ;
#5486 = CARTESIAN_POINT ( 'NONE',  ( -10.28067891613573615, -60.08850364132559463, 24.92542558894318816 ) ) ;
#5487 = VECTOR ( 'NONE', #1005, 1000.000000000000000 ) ;
#5488 = CARTESIAN_POINT ( 'NONE',  ( -39.99999999999999289, 52.00000000000001421, 17.50000000000000000 ) ) ;
#5489 = VERTEX_POINT ( 'NONE', #2223 ) ;
#5490 = CARTESIAN_POINT ( 'NONE',  ( 16.44962808176726199, -74.68097998000808957, 15.24184282572404925 ) ) ;
#5491 = CARTESIAN_POINT ( 'NONE',  ( 40.35000000000000142, -44.31902001999193175, 0.000000000000000000 ) ) ;
#5492 = ORIENTED_EDGE ( 'NONE', *, *, #239, .T. ) ;
#5493 = LINE ( 'NONE', #5457, #2601 ) ;
#5494 = CARTESIAN_POINT ( 'NONE',  ( 16.94955807499158240, -74.68097998000808957, 10.68526057410798558 ) ) ;
#5495 = EDGE_CURVE ( 'NONE', #2259, #2655, #2048, .T. ) ;
#5496 = CARTESIAN_POINT ( 'NONE',  ( 41.80000000000000426, -44.31902001999193175, 1.450000000000001732 ) ) ;
#5497 = EDGE_CURVE ( 'NONE', #4200, #1141, #2184, .T. ) ;
#5498 = VERTEX_POINT ( 'NONE', #4222 ) ;
#5499 = VECTOR ( 'NONE', #1034, 1000.000000000000000 ) ;
#5500 = CARTESIAN_POINT ( 'NONE',  ( -9.762098573921614175, -74.68097998000808957, 0.7222408591671763967 ) ) ;
#5501 = CARTESIAN_POINT ( 'NONE',  ( 12.87369410322690122, -73.55946903996743913, 1.984722892000591044 ) ) ;
#5502 = DIRECTION ( 'NONE',  ( -0.000000000000000000, -0.000000000000000000, -1.000000000000000000 ) ) ;
#5503 = CARTESIAN_POINT ( 'NONE',  ( -17.74748603729677754, -74.68097998000808957, 12.50000000000004974 ) ) ;
#5504 = DIRECTION ( 'NONE',  ( -1.593074305255970310E-16, 1.000000000000000000, 0.000000000000000000 ) ) ;
#5505 = CARTESIAN_POINT ( 'NONE',  ( -35.50000000000000711, 57.24982048834633730, 25.00000000000000000 ) ) ;
#5506 = VECTOR ( 'NONE', #150, 999.9999999999998863 ) ;
#5507 = EDGE_CURVE ( 'NONE', #1415, #6771, #2180, .T. ) ;
#5508 = CARTESIAN_POINT ( 'NONE',  ( 21.86567313722192196, -67.00027559352322726, 12.50000000000000178 ) ) ;
#5509 = CARTESIAN_POINT ( 'NONE',  ( 41.87284245155842655, -46.89798796427944438, 32.07106781186548261 ) ) ;
#5510 = AXIS2_PLACEMENT_3D ( 'NONE', #1308, #173, #4263 ) ;
#5511 = ORIENTED_EDGE ( 'NONE', *, *, #1954, .F. ) ;
#5512 = CARTESIAN_POINT ( 'NONE',  ( 44.80081503009846244, 32.86411771584013763, 18.75653423276530773 ) ) ;
#5513 = CARTESIAN_POINT ( 'NONE',  ( 25.05344282515678955, -58.40486459085619941, 26.13562917073663527 ) ) ;
#5514 = CARTESIAN_POINT ( 'NONE',  ( 24.49313816524957588, -78.57975569811021899, 17.94502695113552804 ) ) ;
#5515 = CARTESIAN_POINT ( 'NONE',  ( -14.21784297905700356, -76.08947347615227841, 2.088495504837883043 ) ) ;
#5516 = CARTESIAN_POINT ( 'NONE',  ( 21.48422781333783504, -66.66844282368489871, 3.861169138780994103 ) ) ;
#5517 = CARTESIAN_POINT ( 'NONE',  ( -6.875679120869381933, -74.68097998000807536, 24.87366139534645271 ) ) ;
#5518 = CARTESIAN_POINT ( 'NONE',  ( -20.28134915541001249, -61.93303024238522880, 21.12731395478956031 ) ) ;
#5519 = CARTESIAN_POINT ( 'NONE',  ( -4.857460020034343628, -77.68097998000808957, 4.030823476627345414 ) ) ;
#5520 = CARTESIAN_POINT ( 'NONE',  ( 15.89699099475424759, -67.90561655687804432, 21.37111861884250530 ) ) ;
#5521 = EDGE_LOOP ( 'NONE', ( #3606, #5210, #7526, #7470 ) ) ;
#5522 = CARTESIAN_POINT ( 'NONE',  ( 43.61614460239672297, 37.51938984772863961, 0.6307844203485525325 ) ) ;
#5523 = CARTESIAN_POINT ( 'NONE',  ( -21.49160088703868610, -69.39155777118783419, 5.054332499170448578 ) ) ;
#5524 = CARTESIAN_POINT ( 'NONE',  ( 5.595498240628375086, -67.42128887558278905, 1.894845534309599344 ) ) ;
#5525 = CARTESIAN_POINT ( 'NONE',  ( 45.19999999999999574, 35.00000000000000711, 17.00000000000000000 ) ) ;
#5526 = CARTESIAN_POINT ( 'NONE',  ( -11.96799147100969840, -78.46065648618755972, 28.26469411817401323 ) ) ;
#5527 = CARTESIAN_POINT ( 'NONE',  ( -38.12094964912808592, -41.63299950297140839, 0.4402612109021790121 ) ) ;
#5528 = ORIENTED_EDGE ( 'NONE', *, *, #6377, .T. ) ;
#5529 = CARTESIAN_POINT ( 'NONE',  ( 14.25240334010258891, -77.68097998000808957, 17.40682367773007755 ) ) ;
#5530 = CARTESIAN_POINT ( 'NONE',  ( 9.472007856055448372, -60.95561597579837354, 21.49999999999997868 ) ) ;
#5531 = ORIENTED_EDGE ( 'NONE', *, *, #856, .T. ) ;
#5532 = CARTESIAN_POINT ( 'NONE',  ( 17.56915666850168378, -74.68097998000806115, 12.09437391020768615 ) ) ;
#5533 = DIRECTION ( 'NONE',  ( 1.000000000000000000, 1.321694076934710155E-16, -0.000000000000000000 ) ) ;
#5534 = AXIS2_PLACEMENT_3D ( 'NONE', #4850, #804, #5581 ) ;
#5535 = CARTESIAN_POINT ( 'NONE',  ( -20.46309068487977356, -74.68097998000808957, 1.811172480120002204 ) ) ;
#5536 = EDGE_CURVE ( 'NONE', #5094, #6385, #1199, .T. ) ;
#5537 = CARTESIAN_POINT ( 'NONE',  ( 13.07810359153822866, -68.23572770314969205, 2.887617424216415873 ) ) ;
#5538 = CARTESIAN_POINT ( 'NONE',  ( -3.104680774522599496, -77.68097998000808957, 3.801149089338636600 ) ) ;
#5539 = CARTESIAN_POINT ( 'NONE',  ( -17.52878534924998277, -74.68097998000807536, 12.00253736462070897 ) ) ;
#5540 = LINE ( 'NONE', #1969, #6152 ) ;
#5541 = FACE_OUTER_BOUND ( 'NONE', #5590, .T. ) ;
#5542 = CARTESIAN_POINT ( 'NONE',  ( -17.56915918334685145, -77.68097998000808957, 12.90562719540166725 ) ) ;
#5543 = CARTESIAN_POINT ( 'NONE',  ( -25.82352941176469940, -74.68097998000810378, 13.52516019860704155 ) ) ;
#5544 = EDGE_CURVE ( 'NONE', #1220, #3802, #2536, .T. ) ;
#5545 = VERTEX_POINT ( 'NONE', #7721 ) ;
#5546 = CARTESIAN_POINT ( 'NONE',  ( 43.80523836118755554, 32.51581379807349492, 20.35598089130223443 ) ) ;
#5547 = CARTESIAN_POINT ( 'NONE',  ( 24.88177154653316947, -58.40486459085619231, 16.96875465205360811 ) ) ;
#5548 = PLANE ( 'NONE',  #5756 ) ;
#5549 = CARTESIAN_POINT ( 'NONE',  ( -12.73566226850424421, -65.60707555774641264, 3.127650300470818934 ) ) ;
#5550 = LINE ( 'NONE', #7248, #1597 ) ;
#5551 = CARTESIAN_POINT ( 'NONE',  ( -16.22385422613328743, -74.68097998000808957, 21.71063792225291067 ) ) ;
#5552 = CARTESIAN_POINT ( 'NONE',  ( 41.32294463434204346, 36.23949925199494260, 3.512065356813962147 ) ) ;
#5553 = CARTESIAN_POINT ( 'NONE',  ( -12.40954253034733945, -62.97286860516489071, 21.65636224252877895 ) ) ;
#5554 = CARTESIAN_POINT ( 'NONE',  ( -0.9169528873829552174, -77.68097998000808957, 3.649495116004406903 ) ) ;
#5555 = CARTESIAN_POINT ( 'NONE',  ( 14.39181443285381334, -70.77071686628306679, 22.05412076729509607 ) ) ;
#5556 = VERTEX_POINT ( 'NONE', #3595 ) ;
#5557 = DIRECTION ( 'NONE',  ( 1.321694076934710155E-16, -1.000000000000000000, 0.000000000000000000 ) ) ;
#5558 = CARTESIAN_POINT ( 'NONE',  ( -24.86611085946166000, -58.40486459085619941, 14.73437165402761728 ) ) ;
#5559 = CARTESIAN_POINT ( 'NONE',  ( 4.193978860473702497, -63.59068966151627933, 2.842737697240794947 ) ) ;
#5560 = CARTESIAN_POINT ( 'NONE',  ( 22.01847730053792773, -72.45596913705523434, 15.61507521449346569 ) ) ;
#5561 = CARTESIAN_POINT ( 'NONE',  ( 24.62554863791277526, -78.46065648618758814, 17.76451565837698254 ) ) ;
#5562 = LINE ( 'NONE', #6075, #758 ) ;
#5563 = ORIENTED_EDGE ( 'NONE', *, *, #408, .T. ) ;
#5564 = LINE ( 'NONE', #7379, #5996 ) ;
#5565 = CARTESIAN_POINT ( 'NONE',  ( -21.40534760126483960, -58.71490162573356741, 6.499659632394504172 ) ) ;
#5566 = ORIENTED_EDGE ( 'NONE', *, *, #3686, .F. ) ;
#5567 = CARTESIAN_POINT ( 'NONE',  ( 44.68906045779886682, 37.20005481816576776, 19.05429000374005710 ) ) ;
#5568 = B_SPLINE_CURVE_WITH_KNOTS ( 'NONE', 3,
 ( #3809, #4357, #2593, #2039, #4988, #1369 ),
 .UNSPECIFIED., .F., .F.,
 ( 4, 2, 4 ),
 ( -3.974920090265984606E-05, 0.001522209076495494679, 0.003084167353893649266 ),
 .UNSPECIFIED. ) ;
#5569 = FACE_OUTER_BOUND ( 'NONE', #7019, .T. ) ;
#5570 = DIRECTION ( 'NONE',  ( 0.8660254037844417052, 0.4999999999999948375, -0.000000000000000000 ) ) ;
#5571 = CARTESIAN_POINT ( 'NONE',  ( -25.99999999999999289, -77.68097998000807536, 13.53429071612999124 ) ) ;
#5572 = DIRECTION ( 'NONE',  ( -1.000000000000000000, 0.000000000000000000, 0.000000000000000000 ) ) ;
#5573 = CARTESIAN_POINT ( 'NONE',  ( -16.93383525005273071, -74.68097998000810378, 10.64964317617883971 ) ) ;
#5574 = CARTESIAN_POINT ( 'NONE',  ( -0.007630428499740279404, -77.68097998000808957, 1.251657186812441980 ) ) ;
#5575 = VECTOR ( 'NONE', #2513, 1000.000000000000000 ) ;
#5576 = CYLINDRICAL_SURFACE ( 'NONE', #2577, 1.700000000000000178 ) ;
#5577 = DIRECTION ( 'NONE',  ( 0.000000000000000000, 0.000000000000000000, 1.000000000000000000 ) ) ;
#5578 = ADVANCED_FACE ( 'NONE', ( #3472 ), #4100, .T. ) ;
#5579 = DIRECTION ( 'NONE',  ( 0.8660254037844381525, -0.5000000000000008882, 0.000000000000000000 ) ) ;
#5580 = VERTEX_POINT ( 'NONE', #1827 ) ;
#5581 = DIRECTION ( 'NONE',  ( 1.000000000000000000, 0.000000000000000000, 0.000000000000000000 ) ) ;
#5582 = DIRECTION ( 'NONE',  ( 1.593074305255970310E-16, -1.000000000000000000, 0.000000000000000000 ) ) ;
#5583 = CARTESIAN_POINT ( 'NONE',  ( 41.55286334169141327, -41.92695785856595592, 0.06877356328561237686 ) ) ;
#5584 = CARTESIAN_POINT ( 'NONE',  ( -13.43454780472106869, -70.86013925437771377, 2.634472455612881792 ) ) ;
#5585 = CARTESIAN_POINT ( 'NONE',  ( 10.66813238574208178, -74.68097998000807536, -8.969224685147477061 ) ) ;
#5586 = CARTESIAN_POINT ( 'NONE',  ( 45.00000000000000000, 37.00000000000001421, 7.500000000000000000 ) ) ;
#5587 = EDGE_CURVE ( 'NONE', #224, #3332, #4938, .T. ) ;
#5588 = CARTESIAN_POINT ( 'NONE',  ( 1.703936981057209588, -77.68097998000808957, 3.645834505687790994 ) ) ;
#5589 = CARTESIAN_POINT ( 'NONE',  ( 17.24518986934939946, -73.09162670806304618, 21.01851297690389941 ) ) ;
#5590 = EDGE_LOOP ( 'NONE', ( #6495, #5062, #4730, #4914 ) ) ;
#5591 = CARTESIAN_POINT ( 'NONE',  ( 16.90064299168673401, -77.68097998000808957, -0.8185036918927695027 ) ) ;
#5592 = CARTESIAN_POINT ( 'NONE',  ( -21.55429423148307322, -73.43740735506641215, 6.952226453951593221 ) ) ;
#5593 = CARTESIAN_POINT ( 'NONE',  ( 3.874401005425238242, -75.19922073969974008, -0.4273184144241345961 ) ) ;
#5594 = CARTESIAN_POINT ( 'NONE',  ( 22.27594339145248625, -73.97486991544273849, 13.43201868875542715 ) ) ;
#5595 = ORIENTED_EDGE ( 'NONE', *, *, #3773, .F. ) ;
#5596 = EDGE_CURVE ( 'NONE', #5301, #2666, #3782, .T. ) ;
#5597 = CARTESIAN_POINT ( 'NONE',  ( 23.95833333333333925, -60.68097998000807536, 25.00000000000000000 ) ) ;
#5598 = CARTESIAN_POINT ( 'NONE',  ( 44.80020500600675604, -42.86374792742283546, 18.75834271537714315 ) ) ;
#5599 = EDGE_LOOP ( 'NONE', ( #4099, #4756, #3795, #5956 ) ) ;
#5600 = CARTESIAN_POINT ( 'NONE',  ( 40.50000000000001421, 45.36654358009725030, 25.00000000000000000 ) ) ;
#5601 = LINE ( 'NONE', #227, #4577 ) ;
#5602 = VERTEX_POINT ( 'NONE', #4657 ) ;
#5603 = CARTESIAN_POINT ( 'NONE',  ( 43.17551461109294308, 37.48238047649499549, 20.86053767274170312 ) ) ;
#5604 = VECTOR ( 'NONE', #5579, 1000.000000000000114 ) ;
#5605 = CARTESIAN_POINT ( 'NONE',  ( -22.88186145036129560, -60.08850364132558752, -0.1949286824166108489 ) ) ;
#5606 = CARTESIAN_POINT ( 'NONE',  ( 45.00000000000002842, -43.00000000000000711, 7.174456392055884812 ) ) ;
#5607 = EDGE_CURVE ( 'NONE', #3280, #2655, #2812, .T. ) ;
#5608 = AXIS2_PLACEMENT_3D ( 'NONE', #2095, #1421, #3823 ) ;
#5609 = ORIENTED_EDGE ( 'NONE', *, *, #5017, .T. ) ;
#5610 = CARTESIAN_POINT ( 'NONE',  ( 11.19532094653784959, -74.68097998000807536, -2.570672061358978411 ) ) ;
#5611 = VECTOR ( 'NONE', #686, 1000.000000000000000 ) ;
#5612 = CARTESIAN_POINT ( 'NONE',  ( -37.61880735090970518, 52.34442769842365806, 3.839189597925032338 ) ) ;
#5613 = CARTESIAN_POINT ( 'NONE',  ( -12.77703328032697350, -74.68097998000808957, 6.684030631306085546 ) ) ;
#5614 = CARTESIAN_POINT ( 'NONE',  ( 48.50000000000000000, 40.00000000000000711, 8.000000000000000000 ) ) ;
#5615 = DIRECTION ( 'NONE',  ( -0.000000000000000000, 1.000000000000000000, -0.000000000000000000 ) ) ;
#5616 = VECTOR ( 'NONE', #3708, 1000.000000000000000 ) ;
#5617 = CARTESIAN_POINT ( 'NONE',  ( 25.56370021568296380, -60.08850364132559463, -0.2529074035104703078 ) ) ;
#5618 = ORIENTED_EDGE ( 'NONE', *, *, #4302, .F. ) ;
#5619 = CARTESIAN_POINT ( 'NONE',  ( 41.60290671860214928, 33.36396165068379105, 21.45593948359873337 ) ) ;
#5620 = CARTESIAN_POINT ( 'NONE',  ( 25.08720281525328843, -78.57975569811021899, 8.102132950046600612 ) ) ;
#5621 = CARTESIAN_POINT ( 'NONE',  ( 25.08720281525328843, -78.57975569811021899, 8.102132950046600612 ) ) ;
#5622 = CARTESIAN_POINT ( 'NONE',  ( -12.67548763990766858, -72.25451534121998520, 2.153894285260731678 ) ) ;
#5623 = DIRECTION ( 'NONE',  ( 1.000000000000000000, 0.000000000000000000, 0.000000000000000000 ) ) ;
#5624 = AXIS2_PLACEMENT_3D ( 'NONE', #81, #6114, #2440 ) ;
#5625 = CARTESIAN_POINT ( 'NONE',  ( -43.50000000000000000, 55.00000000000000711, 17.00000000000000000 ) ) ;
#5626 = CARTESIAN_POINT ( 'NONE',  ( -16.49520037808107276, -63.80364293305022727, 21.28973416611060898 ) ) ;
#5627 = AXIS2_PLACEMENT_3D ( 'NONE', #4424, #3333, #5721 ) ;
#5628 = CARTESIAN_POINT ( 'NONE',  ( 17.39083232939696799, -77.68097998000808957, 11.68874560919682182 ) ) ;
#5629 = CARTESIAN_POINT ( 'NONE',  ( 21.27786486927653087, -60.49703682645335334, 21.42399861584205567 ) ) ;
#5630 = VERTEX_POINT ( 'NONE', #7044 ) ;
#5631 = CARTESIAN_POINT ( 'NONE',  ( -40.00000000000000000, 56.07135982689439402, 17.76881675479038947 ) ) ;
#5632 = FACE_OUTER_BOUND ( 'NONE', #7768, .T. ) ;
#5633 = EDGE_CURVE ( 'NONE', #3365, #1961, #1970, .T. ) ;
#5634 = EDGE_CURVE ( 'NONE', #7121, #1545, #1238, .T. ) ;
#5635 = CARTESIAN_POINT ( 'NONE',  ( 4.101851172645059052, -62.30088702828013680, 3.189753643660973026 ) ) ;
#5636 = CARTESIAN_POINT ( 'NONE',  ( 45.00000000000000000, 42.48381121475496514, 12.50000000000000000 ) ) ;
#5637 = CARTESIAN_POINT ( 'NONE',  ( 21.96112556548719752, -73.74607424450250903, 16.21751706882081834 ) ) ;
#5638 = CARTESIAN_POINT ( 'NONE',  ( -21.70351098139955681, -64.24351894454306944, 12.50000000000000000 ) ) ;
#5639 = CARTESIAN_POINT ( 'NONE',  ( -39.52544510510499975, -46.11452224073188688, 1.085959472542753046 ) ) ;
#5640 = ORIENTED_EDGE ( 'NONE', *, *, #4795, .F. ) ;
#5641 = PRODUCT ( 'palm_v1_step', 'palm_v1_step', '', ( #7271 ) ) ;
#5642 = ORIENTED_EDGE ( 'NONE', *, *, #7081, .T. ) ;
#5643 = CARTESIAN_POINT ( 'NONE',  ( 42.05662297367699409, 32.36865076988846113, 0.1517382176756875145 ) ) ;
#5644 = ORIENTED_EDGE ( 'NONE', *, *, #6310, .T. ) ;
#5645 = ADVANCED_FACE ( 'NONE', ( #5321 ), #4697, .F. ) ;
#5646 = CARTESIAN_POINT ( 'NONE',  ( 41.12455426886089782, 35.79588974764391907, 21.49852983214797320 ) ) ;
#5647 = CARTESIAN_POINT ( 'NONE',  ( -14.49753548012705373, -78.46065648618758814, -2.237910305713643577 ) ) ;
#5648 = CARTESIAN_POINT ( 'NONE',  ( -39.22380449635263489, 47.60523164450253120, 19.87321696515911995 ) ) ;
#5649 = EDGE_LOOP ( 'NONE', ( #982, #2793 ) ) ;
#5650 = CARTESIAN_POINT ( 'NONE',  ( 20.46309068487977001, -74.68097998000807536, 1.811172480119999095 ) ) ;
#5651 = FACE_OUTER_BOUND ( 'NONE', #6265, .T. ) ;
#5652 = CARTESIAN_POINT ( 'NONE',  ( 6.286301239236477656, -74.68097998000808957, 4.295933265058459405 ) ) ;
#5653 = CARTESIAN_POINT ( 'NONE',  ( -4.290821192239046233, -64.87981377176318176, 22.50490886598021945 ) ) ;
#5654 = CARTESIAN_POINT ( 'NONE',  ( 25.99999999999999645, -74.68097998000808957, 12.50000000000000000 ) ) ;
#5655 = FACE_OUTER_BOUND ( 'NONE', #6173, .T. ) ;
#5656 = VECTOR ( 'NONE', #1635, 1000.000000000000000 ) ;
#5657 = CARTESIAN_POINT ( 'NONE',  ( 24.64196912394494632, -77.68097998000808957, 6.918193014638942984 ) ) ;
#5658 = ORIENTED_EDGE ( 'NONE', *, *, #418, .T. ) ;
#5659 = CARTESIAN_POINT ( 'NONE',  ( 20.48538726743247196, -73.78781522718614383, 6.241029474111091879 ) ) ;
#5660 = CARTESIAN_POINT ( 'NONE',  ( 48.50000000000001421, -47.11324865405205031, 25.00000000000000000 ) ) ;
#5661 = CARTESIAN_POINT ( 'NONE',  ( 25.04793644628120219, -58.40486459085619941, -0.9262709168083954614 ) ) ;
#5662 = CARTESIAN_POINT ( 'NONE',  ( -18.54822854604103100, -68.84083914646707569, 4.527247361591349772 ) ) ;
#5663 = CARTESIAN_POINT ( 'NONE',  ( -43.44622413006481310, 55.01757322503137004, 18.06685757288935079 ) ) ;
#5664 = CARTESIAN_POINT ( 'NONE',  ( 41.49994408261005674, 36.50854392980437524, 3.530368799316887518 ) ) ;
#5665 = CARTESIAN_POINT ( 'NONE',  ( -15.62834065622528001, -73.30295727613895451, 21.84649361625008268 ) ) ;
#5666 = CARTESIAN_POINT ( 'NONE',  ( 25.99999999999999645, -77.68097998000808957, 12.49999999999999289 ) ) ;
#5667 = CARTESIAN_POINT ( 'NONE',  ( 18.62848327787486014, -71.51031302792779343, 20.26853944902398297 ) ) ;
#5668 = VERTEX_POINT ( 'NONE', #3047 ) ;
#5669 = CARTESIAN_POINT ( 'NONE',  ( -5.372568474672710259, -77.68097998000808957, 29.63785257936906348 ) ) ;
#5670 = CARTESIAN_POINT ( 'NONE',  ( 43.50000000000000000, -44.99999999999999289, 32.07106781186548261 ) ) ;
#5671 = CARTESIAN_POINT ( 'NONE',  ( 2.367218916136430096, -70.07578936966019967, 0.9269174498627568148 ) ) ;
#5672 = CARTESIAN_POINT ( 'NONE',  ( 0.04993461369923211934, -74.68097998000810378, 21.49896894007318338 ) ) ;
#5673 = CARTESIAN_POINT ( 'NONE',  ( 21.88906146500458050, -69.68893327938397420, 16.23797443126447249 ) ) ;
#5674 = CARTESIAN_POINT ( 'NONE',  ( 19.79166666666668561, -60.68097998000806825, 25.00000000000000000 ) ) ;
#5675 = CYLINDRICAL_SURFACE ( 'NONE', #1370, 2.500000000000002220 ) ;
#5676 = EDGE_CURVE ( 'NONE', #7368, #3954, #2789, .T. ) ;
#5677 = DIRECTION ( 'NONE',  ( -1.000000000000000000, 0.000000000000000000, 0.000000000000000000 ) ) ;
#5678 = VERTEX_POINT ( 'NONE', #5358 ) ;
#5679 = CARTESIAN_POINT ( 'NONE',  ( 7.119641059399805627, -71.24902696812966951, 23.91054830818591626 ) ) ;
#5680 = ORIENTED_EDGE ( 'NONE', *, *, #3291, .T. ) ;
#5681 = CARTESIAN_POINT ( 'NONE',  ( -36.49994408261003542, 51.50854392980439656, 21.46963120068311426 ) ) ;
#5682 = EDGE_LOOP ( 'NONE', ( #6694, #7285, #5528, #4704 ) ) ;
#5683 =( BOUNDED_SURFACE ( )  B_SPLINE_SURFACE ( 3, 1, ( 
 ( #4467, #3845 ),
 ( #4956, #6866 ),
 ( #5690, #5571 ),
 ( #6751, #1333 ) ),
 .UNSPECIFIED., .F., .F., .T. ) 
 B_SPLINE_SURFACE_WITH_KNOTS ( ( 4, 4 ),
 ( 2, 2 ),
 ( 0.000000000000000000, 1.000000000000000000 ),
 ( 0.000000000000000000, 1.000000000000000000 ),
 .UNSPECIFIED. ) 
 GEOMETRIC_REPRESENTATION_ITEM ( )  RATIONAL_B_SPLINE_SURFACE ( (
 ( 1.000000000000000000, 1.000000000000000000),
 ( 0.9973887364013700463, 0.9973887364013700463),
 ( 0.9973887364013700463, 0.9973887364013700463),
 ( 1.000000000000000000, 1.000000000000000000) ) ) 
 REPRESENTATION_ITEM ( '' )  SURFACE ( )  );
#5684 = CARTESIAN_POINT ( 'NONE',  ( 14.12704933932839957, -60.09203567123921630, 3.502129695426390299 ) ) ;
#5685 = CARTESIAN_POINT ( 'NONE',  ( 42.61880735090974071, 37.34442769842365095, 21.16081040207497210 ) ) ;
#5686 = CARTESIAN_POINT ( 'NONE',  ( -17.61050474989825076, -77.68097998000810378, -0.4078449983451968297 ) ) ;
#5687 = CARTESIAN_POINT ( 'NONE',  ( -39.96090406157413355, 47.96923863281464406, 18.14204239650613459 ) ) ;
#5688 = EDGE_CURVE ( 'NONE', #4331, #3514, #4063, .T. ) ;
#5689 = ORIENTED_EDGE ( 'NONE', *, *, #5110, .T. ) ;
#5690 = CARTESIAN_POINT ( 'NONE',  ( -25.99999999999999289, -74.68097998000808957, 13.53429071612999124 ) ) ;
#5691 = DIRECTION ( 'NONE',  ( 1.000000000000000000, 0.000000000000000000, 0.000000000000000000 ) ) ;
#5692 = CARTESIAN_POINT ( 'NONE',  ( -12.92981089536674411, -74.68097998000808957, 6.771624046324489221 ) ) ;
#5693 = CARTESIAN_POINT ( 'NONE',  ( -6.392915371072066755, -75.15581201012653878, 25.09501251141614730 ) ) ;
#5694 = CARTESIAN_POINT ( 'NONE',  ( 12.36694661346250612, -77.68097998000808957, 18.54794120696523763 ) ) ;
#5695 = CARTESIAN_POINT ( 'NONE',  ( 47.66946753247058410, 40.60980030227135273, 4.439849308031212693 ) ) ;
#5696 = CARTESIAN_POINT ( 'NONE',  ( -21.23287851237422430, -74.68097998000811799, 22.59985217696168647 ) ) ;
#5697 = CARTESIAN_POINT ( 'NONE',  ( 25.17945282892016579, -60.68097998000807536, 0.000000000000000000 ) ) ;
#5698 = ORIENTED_EDGE ( 'NONE', *, *, #4050, .F. ) ;
#5699 = CARTESIAN_POINT ( 'NONE',  ( 23.14364529610442389, -61.54551582256117825, 3.997421671285537492 ) ) ;
#5700 = CARTESIAN_POINT ( 'NONE',  ( 25.08282398096125831, -77.68097998000808957, 7.799902728671555430 ) ) ;
#5701 = CARTESIAN_POINT ( 'NONE',  ( 24.62304033231382405, -78.57975569811021899, 7.283952067268429253 ) ) ;
#5702 = CARTESIAN_POINT ( 'NONE',  ( -18.72968222534417393, -74.18162999984468797, 4.897581547841395988 ) ) ;
#5703 = CARTESIAN_POINT ( 'NONE',  ( -14.20351202541198710, -60.68097998001152860, 3.500000000000000000 ) ) ;
#5704 = DIRECTION ( 'NONE',  ( 1.000000000000000000, 0.000000000000000000, 0.000000000000000000 ) ) ;
#5705 = CARTESIAN_POINT ( 'NONE',  ( -15.40251082074242639, -62.60808827112798980, 21.43379285314588856 ) ) ;
#5706 = EDGE_CURVE ( 'NONE', #5370, #3255, #1676, .T. ) ;
#5707 = CARTESIAN_POINT ( 'NONE',  ( 21.57671080201685854, -65.05230877576778425, 4.808653015071890025 ) ) ;
#5708 = CARTESIAN_POINT ( 'NONE',  ( 19.31706913302579309, -62.06946218840940332, 21.17868427010266785 ) ) ;
#5709 = ORIENTED_EDGE ( 'NONE', *, *, #6487, .T. ) ;
#5710 = CARTESIAN_POINT ( 'NONE',  ( -16.06494038919035461, -77.68097998000810378, 26.27905284588017309 ) ) ;
#5711 = CARTESIAN_POINT ( 'NONE',  ( -21.98138733961767954, -69.75614079734576478, 10.00416527883069406 ) ) ;
#5712 = CARTESIAN_POINT ( 'NONE',  ( -2.052079450842741792, -62.36278547946943718, 3.157534369188804479 ) ) ;
#5713 = CARTESIAN_POINT ( 'NONE',  ( -39.53145831704463120, 51.80295242913492615, 1.086915341121209799 ) ) ;
#5714 = CARTESIAN_POINT ( 'NONE',  ( 21.49593815408835695, -61.19288503576612470, 23.44363480188752646 ) ) ;
#5715 = CARTESIAN_POINT ( 'NONE',  ( 25.01247793074002601, -60.08850364132559463, 25.24110974515365058 ) ) ;
#5716 = CARTESIAN_POINT ( 'NONE',  ( -39.16877089628040665, -46.49340756432253130, 0.8878204592290633856 ) ) ;
#5717 = ORIENTED_EDGE ( 'NONE', *, *, #2045, .F. ) ;
#5718 = CARTESIAN_POINT ( 'NONE',  ( 7.747895389472492234, -76.40968599437293562, 25.15192032001861477 ) ) ;
#5719 = ORIENTED_EDGE ( 'NONE', *, *, #74, .F. ) ;
#5720 = VERTEX_POINT ( 'NONE', #6447 ) ;
#5721 = DIRECTION ( 'NONE',  ( -1.000000000000000000, 0.000000000000000000, 0.000000000000000000 ) ) ;
#5722 = CARTESIAN_POINT ( 'NONE',  ( -4.097437745281523824, -60.08850364132558752, 0.1580390040907701243 ) ) ;
#5723 = CARTESIAN_POINT ( 'NONE',  ( 0.000000000000000000, -74.68097998000808957, 12.50000000000000000 ) ) ;
#5724 = EDGE_LOOP ( 'NONE', ( #935, #5658, #6926, #5393, #6330, #4501, #7215, #3432, #7741, #1787, #1515, #4306, #4519, #830, #4768 ) ) ;
#5725 = CARTESIAN_POINT ( 'NONE',  ( 48.37351051422058390, 40.09372792743551628, 18.44505692380198525 ) ) ;
#5726 = DIRECTION ( 'NONE',  ( -0.000000000000000000, -0.000000000000000000, -1.000000000000000000 ) ) ;
#5727 = ADVANCED_FACE ( 'NONE', ( #3123 ), #2603, .F. ) ;
#5728 = CARTESIAN_POINT ( 'NONE',  ( 5.132030354995261945, -74.68097998000810378, 4.079893946761696810 ) ) ;
#5729 = CARTESIAN_POINT ( 'NONE',  ( -5.263463060762795465, -76.46858246950989724, 25.64291778324909643 ) ) ;
#5730 = CARTESIAN_POINT ( 'NONE',  ( 17.90935789859146965, -74.68097998000810378, 20.70208482004770190 ) ) ;
#5731 = DIRECTION ( 'NONE',  ( -0.000000000000000000, -0.000000000000000000, -1.000000000000000000 ) ) ;
#5732 = CARTESIAN_POINT ( 'NONE',  ( 22.91666666666666785, -60.68097998000807536, 0.000000000000000000 ) ) ;
#5733 = VECTOR ( 'NONE', #3030, 1000.000000000000000 ) ;
#5734 = ORIENTED_EDGE ( 'NONE', *, *, #6559, .T. ) ;
#5735 = CARTESIAN_POINT ( 'NONE',  ( 21.29494548426045952, -70.94062422791816402, 6.223840044103704727 ) ) ;
#5736 = CARTESIAN_POINT ( 'NONE',  ( 25.00000000000000000, -60.68097998000806825, 4.166666666666680285 ) ) ;
#5737 = EDGE_CURVE ( 'NONE', #3145, #4114, #2529, .T. ) ;
#5738 = CARTESIAN_POINT ( 'NONE',  ( 42.61880735090974071, 32.65557230157637036, 3.839189597925035891 ) ) ;
#5739 = CARTESIAN_POINT ( 'NONE',  ( -18.28706623837489076, -60.88743203113204316, 3.573005901925359051 ) ) ;
#5740 = PLANE ( 'NONE',  #5237 ) ;
#5741 = FACE_OUTER_BOUND ( 'NONE', #2425, .T. ) ;
#5742 = CARTESIAN_POINT ( 'NONE',  ( -8.189553766514817923, -62.05425849650066539, 21.69520094444621705 ) ) ;
#5743 = PLANE ( 'NONE',  #5855 ) ;
#5744 = CARTESIAN_POINT ( 'NONE',  ( 19.95227071348789849, -75.27440135207281457, 19.07070484564102486 ) ) ;
#5745 = ORIENTED_EDGE ( 'NONE', *, *, #5607, .F. ) ;
#5746 = CARTESIAN_POINT ( 'NONE',  ( 18.48490984220480371, -77.68097998000808957, 24.82805279318300151 ) ) ;
#5747 = CARTESIAN_POINT ( 'NONE',  ( -21.86567313722191130, -67.00027559352304252, 11.05578436411587617 ) ) ;
#5748 = CARTESIAN_POINT ( 'NONE',  ( -3.011440608509859729, -61.04343902621579332, 3.532198174927328793 ) ) ;
#5749 = CARTESIAN_POINT ( 'NONE',  ( -40.09320149786616838, 50.59305057726720634, 1.450000000000001732 ) ) ;
#5750 = CARTESIAN_POINT ( 'NONE',  ( 26.00000000000000355, -74.68097998000808957, 13.52810597628848477 ) ) ;
#5751 = CARTESIAN_POINT ( 'NONE',  ( -21.88772403744697925, -70.78831138779170828, 18.42001071077703855 ) ) ;
#5752 = FACE_OUTER_BOUND ( 'NONE', #5682, .T. ) ;
#5753 = ORIENTED_EDGE ( 'NONE', *, *, #1176, .F. ) ;
#5754 = CARTESIAN_POINT ( 'NONE',  ( 3.616528881952595587, -71.34092292453321704, 24.34593142077777728 ) ) ;
#5755 = VERTEX_POINT ( 'NONE', #1342 ) ;
#5756 = AXIS2_PLACEMENT_3D ( 'NONE', #3162, #6130, #7360 ) ;
#5757 = CARTESIAN_POINT ( 'NONE',  ( -39.22943372865398004, 52.40069440879310037, 19.88156798545016457 ) ) ;
#5758 = ORIENTED_EDGE ( 'NONE', *, *, #4206, .T. ) ;
#5759 = CARTESIAN_POINT ( 'NONE',  ( -39.16313481955326381, 56.30737268143629137, 5.037508466578204391 ) ) ;
#5760 = CARTESIAN_POINT ( 'NONE',  ( -23.95833333333333570, -60.68097998000806825, 0.000000000000000000 ) ) ;
#5761 = CARTESIAN_POINT ( 'NONE',  ( 42.34525904103472982, -42.77756113221350631, 3.730092861129441939 ) ) ;
#5762 = ORIENTED_EDGE ( 'NONE', *, *, #5633, .T. ) ;
#5763 = CARTESIAN_POINT ( 'NONE',  ( -21.86567313722191130, -67.00027559352304252, 13.94421563588411139 ) ) ;
#5764 = CARTESIAN_POINT ( 'NONE',  ( -38.17551461109290756, -42.51761952350502582, 4.139462327258295993 ) ) ;
#5765 = CARTESIAN_POINT ( 'NONE',  ( -16.02451703560446816, -74.68097998000808957, 9.239150088670816885 ) ) ;
#5766 = CARTESIAN_POINT ( 'NONE',  ( -3.372784145518844756, -67.48125101196808373, 23.26509272585542831 ) ) ;
#5767 = CARTESIAN_POINT ( 'NONE',  ( -13.54216473939280618, -74.68097998000811799, 22.97080079519042783 ) ) ;
#5768 = CARTESIAN_POINT ( 'NONE',  ( -38.49999999999998579, -44.99999999999999289, 3.499999999999999556 ) ) ;
#5769 =( BOUNDED_CURVE ( )  B_SPLINE_CURVE ( 3, ( #403, #442, #4053, #2804 ),
 .UNSPECIFIED., .F., .F. ) 
 B_SPLINE_CURVE_WITH_KNOTS ( ( 4, 4 ),
 ( 0.000000000000000000, 0.1760191253840049930 ),
 .UNSPECIFIED. ) 
 CURVE ( )  GEOMETRIC_REPRESENTATION_ITEM ( )  RATIONAL_B_SPLINE_CURVE ( ( 1.000000000000000000, 0.9974197717393371576, 0.9974197717393371576, 1.000000000000000000 ) ) 
 REPRESENTATION_ITEM ( '' )  );
#5770 = EDGE_CURVE ( 'NONE', #4810, #5083, #1900, .T. ) ;
#5771 = CARTESIAN_POINT ( 'NONE',  ( -1.580536642169202199, -78.46065648618758814, -5.229316619464560389 ) ) ;
#5772 = CARTESIAN_POINT ( 'NONE',  ( 48.50000000000000711, -47.11324865405205742, 3.313708498984757611 ) ) ;
#5773 = CARTESIAN_POINT ( 'NONE',  ( -21.70351098139955681, -64.24351894454306944, 12.50000000000000000 ) ) ;
#5774 = CARTESIAN_POINT ( 'NONE',  ( 25.00000000000000000, -60.68097998000806825, 8.333333333333353465 ) ) ;
#5775 = CARTESIAN_POINT ( 'NONE',  ( -18.62848327787487079, -71.51031302792755184, 4.731460550976011703 ) ) ;
#5776 = DIRECTION ( 'NONE',  ( -0.000000000000000000, -0.000000000000000000, -1.000000000000000000 ) ) ;
#5777 = CARTESIAN_POINT ( 'NONE',  ( 43.89442990630052321, 43.22356390431482254, 4.727184410842336426 ) ) ;
#5778 = CARTESIAN_POINT ( 'NONE',  ( -8.089018239127160115, -69.91397567847450034, 23.43399030695280771 ) ) ;
#5779 = EDGE_CURVE ( 'NONE', #3321, #1638, #6915, .T. ) ;
#5780 = DIRECTION ( 'NONE',  ( 0.000000000000000000, -1.000000000000000000, 0.000000000000000000 ) ) ;
#5781 = AXIS2_PLACEMENT_3D ( 'NONE', #3403, #340, #2192 ) ;
#5782 = VERTEX_POINT ( 'NONE', #692 ) ;
#5783 = CARTESIAN_POINT ( 'NONE',  ( -38.49999999999998579, -44.31902001999193175, 17.00000000000000000 ) ) ;
#5784 = CARTESIAN_POINT ( 'NONE',  ( -21.94772718806802203, -68.39519445790691066, 12.49999999999999645 ) ) ;
#5785 = CARTESIAN_POINT ( 'NONE',  ( -4.332080917827209931E-14, -64.94763008704936169, 2.393347498713894961 ) ) ;
#5786 = CARTESIAN_POINT ( 'NONE',  ( -35.50000000000000000, 50.96046863561497275, 0.000000000000000000 ) ) ;
#5787 = DIRECTION ( 'NONE',  ( -0.000000000000000000, -0.000000000000000000, -1.000000000000000000 ) ) ;
#5788 = CARTESIAN_POINT ( 'NONE',  ( -21.92344880527818773, -73.35866277227576404, 17.48578240176642851 ) ) ;
#5789 = DIRECTION ( 'NONE',  ( -0.000000000000000000, 1.000000000000000000, -0.000000000000000000 ) ) ;
#5790 = EDGE_LOOP ( 'NONE', ( #2298, #6416, #4423, #552, #2982, #5091, #5138, #7078 ) ) ;
#5791 = CARTESIAN_POINT ( 'NONE',  ( 6.147684072933047084, -62.19276607826567016, 21.75774836163099124 ) ) ;
#5792 = ORIENTED_EDGE ( 'NONE', *, *, #2327, .F. ) ;
#5793 = CARTESIAN_POINT ( 'NONE',  ( -38.17616481289908137, 52.48242723325969905, 20.86007454811907635 ) ) ;
#5794 = EDGE_LOOP ( 'NONE', ( #6022, #1888, #1328, #6250 ) ) ;
#5795 = CARTESIAN_POINT ( 'NONE',  ( -25.88303243258905084, -77.68097998000807536, 10.58958790463212374 ) ) ;
#5796 = CARTESIAN_POINT ( 'NONE',  ( 21.21969041964470648, -74.68097998000808957, 22.60998374978720804 ) ) ;
#5797 = DIRECTION ( 'NONE',  ( -0.000000000000000000, -0.000000000000000000, -1.000000000000000000 ) ) ;
#5798 = ORIENTED_EDGE ( 'NONE', *, *, #6442, .F. ) ;
#5799 = EDGE_CURVE ( 'NONE', #6280, #6228, #3661, .T. ) ;
#5800 = CARTESIAN_POINT ( 'NONE',  ( -22.21001561302319871, -73.92854157489193767, 14.36643730467186764 ) ) ;
#5801 = DIRECTION ( 'NONE',  ( -0.000000000000000000, -0.000000000000000000, -1.000000000000000000 ) ) ;
#5802 = CARTESIAN_POINT ( 'NONE',  ( 16.67232083720686830, -74.68097998000807536, 10.13463126099346034 ) ) ;
#5803 = CARTESIAN_POINT ( 'NONE',  ( -3.453110808381230523, -68.76790363687368313, 23.62531611735167303 ) ) ;
#5804 = DIRECTION ( 'NONE',  ( -1.000000000000000000, -1.330321911110254761E-16, 0.000000000000000000 ) ) ;
#5805 = CARTESIAN_POINT ( 'NONE',  ( -39.68959399065393256, 47.80023205502986627, 5.946948373278019950 ) ) ;
#5806 = CARTESIAN_POINT ( 'NONE',  ( 14.31858073156625366, -77.68097998000808957, -2.139773194630916198 ) ) ;
#5807 = AXIS2_PLACEMENT_3D ( 'NONE', #4526, #6879, #2771 ) ;
#5808 = CARTESIAN_POINT ( 'NONE',  ( 18.28706623837479839, -60.88743203113206448, 3.573005901925358163 ) ) ;
#5809 = CARTESIAN_POINT ( 'NONE',  ( -15.26720647818599907, -77.68097998000808957, 8.448939374508132261 ) ) ;
#5810 = CARTESIAN_POINT ( 'NONE',  ( -24.64196912394494632, -77.68097998000808957, 6.918193014638940319 ) ) ;
#5811 = CARTESIAN_POINT ( 'NONE',  ( -17.74467285456017862, -68.98022383869025020, 4.228103000234749054 ) ) ;
#5812 = CARTESIAN_POINT ( 'NONE',  ( -40.19999999999998863, 50.00000000000000711, 12.50000000000000000 ) ) ;
#5813 = ORIENTED_EDGE ( 'NONE', *, *, #6207, .T. ) ;
#5814 = DIRECTION ( 'NONE',  ( -0.000000000000000000, 1.000000000000000000, -0.000000000000000000 ) ) ;
#5815 = CARTESIAN_POINT ( 'NONE',  ( -10.04835707264490807, -68.48904339848742495, 22.77165118949757527 ) ) ;
#5816 = CARTESIAN_POINT ( 'NONE',  ( 21.49077775195246431, -60.21044842030077149, 21.50000000000000000 ) ) ;
#5817 = VERTEX_POINT ( 'NONE', #4402 ) ;
#5818 = CARTESIAN_POINT ( 'NONE',  ( 10.51037582741716747, -77.68097998000810378, 28.52301200084025723 ) ) ;
#5819 = CARTESIAN_POINT ( 'NONE',  ( -38.80523836118751291, -42.51581379807344518, 20.35598089130222732 ) ) ;
#5820 = CARTESIAN_POINT ( 'NONE',  ( -1.003561322427265479, -61.09361194289425612, 3.526882246994812675 ) ) ;
#5821 = CARTESIAN_POINT ( 'NONE',  ( 22.27594339145246849, -73.97486991544239743, 12.50000000000002132 ) ) ;
#5822 = EDGE_CURVE ( 'NONE', #2072, #1220, #6650, .T. ) ;
#5823 = EDGE_CURVE ( 'NONE', #6857, #4818, #6058, .T. ) ;
#5824 = CARTESIAN_POINT ( 'NONE',  ( 24.82098456197248026, -69.18097998000807536, 21.54090349268052051 ) ) ;
#5825 = CIRCLE ( 'NONE', #5206, 101.5772389525943282 ) ;
#5826 = CARTESIAN_POINT ( 'NONE',  ( -22.27183264669832496, -60.37146349834626591, 21.42966602064472070 ) ) ;
#5827 = CARTESIAN_POINT ( 'NONE',  ( -17.13529237767746594, -74.68097998000808957, 11.10748736551046001 ) ) ;
#5828 = ORIENTED_EDGE ( 'NONE', *, *, #6028, .T. ) ;
#5829 = CARTESIAN_POINT ( 'NONE',  ( 3.295216011141084422, -66.19431403751372045, 22.90503399526458139 ) ) ;
#5830 = ORIENTED_EDGE ( 'NONE', *, *, #5495, .T. ) ;
#5831 =( LENGTH_UNIT ( ) NAMED_UNIT ( * ) SI_UNIT ( .MILLI., .METRE. ) );
#5832 = CARTESIAN_POINT ( 'NONE',  ( -25.00000000000000000, -60.68097998000807536, 0.000000000000000000 ) ) ;
#5833 = CARTESIAN_POINT ( 'NONE',  ( 12.47728117658824765, -70.94956164247257391, 2.323065678520804589 ) ) ;
#5834 = EDGE_CURVE ( 'NONE', #1713, #2110, #1536, .T. ) ;
#5835 = CARTESIAN_POINT ( 'NONE',  ( -25.08282398096125831, -77.68097998000807536, 7.799902728671564311 ) ) ;
#5836 = CARTESIAN_POINT ( 'NONE',  ( -39.99999999999997868, -47.00000000000000000, 3.499999999999999556 ) ) ;
#5837 = CARTESIAN_POINT ( 'NONE',  ( 45.20000000000000284, 35.00000000000000711, 0.000000000000000000 ) ) ;
#5838 = ORIENTED_EDGE ( 'NONE', *, *, #2873, .T. ) ;
#5839 = DIRECTION ( 'NONE',  ( -1.000000000000000000, 0.000000000000000000, 0.000000000000000000 ) ) ;
#5840 = CARTESIAN_POINT ( 'NONE',  ( 46.64476319503249613, 41.34515506712275368, 22.15023879606625812 ) ) ;
#5841 = CARTESIAN_POINT ( 'NONE',  ( 43.50000000000000711, 35.00000000000000711, 0.000000000000000000 ) ) ;
#5842 = B_SPLINE_CURVE_WITH_KNOTS ( 'NONE', 3,
 ( #6082, #4797, #7345, #753, #1962, #3108 ),
 .UNSPECIFIED., .F., .F.,
 ( 4, 2, 4 ),
 ( 0.0008452678299790043846, 0.003325877550674598455, 0.005806487271370192743 ),
 .UNSPECIFIED. ) ;
#5843 = CARTESIAN_POINT ( 'NONE',  ( 8.209890190755183781, -74.68097998000808957, 4.784660149728271250 ) ) ;
#5844 = CARTESIAN_POINT ( 'NONE',  ( 2.542030417520500407, -73.93135379471200963, 25.18884196339781312 ) ) ;
#5845 = CARTESIAN_POINT ( 'NONE',  ( -39.99999999999997868, -22.68097998000808957, 12.50000000000000000 ) ) ;
#5846 = CARTESIAN_POINT ( 'NONE',  ( -39.68058430317778118, 48.41647148919469856, 1.178645325629313234 ) ) ;
#5847 = DIRECTION ( 'NONE',  ( -1.000000000000000000, 0.000000000000000000, 0.000000000000000000 ) ) ;
#5848 = CARTESIAN_POINT ( 'NONE',  ( 13.54166666666667673, -60.68097998000807536, 0.000000000000000000 ) ) ;
#5849 = CARTESIAN_POINT ( 'NONE',  ( 17.12844472315423161, -71.76526453838593511, 3.966783005298585962 ) ) ;
#5850 = CARTESIAN_POINT ( 'NONE',  ( -12.02346287270559344, -41.57723895259432112, 21.50000000000000000 ) ) ;
#5851 = CARTESIAN_POINT ( 'NONE',  ( 44.68906045779886682, 32.79994518183424645, 5.945709996259938457 ) ) ;
#5852 = CARTESIAN_POINT ( 'NONE',  ( -19.31706913302580020, -62.06946218840933938, 3.821315729897315716 ) ) ;
#5853 = DIRECTION ( 'NONE',  ( -0.000000000000000000, -0.000000000000000000, -1.000000000000000000 ) ) ;
#5854 = CARTESIAN_POINT ( 'NONE',  ( 44.99999999999999289, 42.48381121475495803, 7.208985231384882120 ) ) ;
#5855 = AXIS2_PLACEMENT_3D ( 'NONE', #3393, #5780, #5006 ) ;
#5856 = CARTESIAN_POINT ( 'NONE',  ( -12.28334177505666247, -76.22665996389886800, 23.78371474776706762 ) ) ;
#5857 = VECTOR ( 'NONE', #5853, 1000.000000000000000 ) ;
#5858 = CARTESIAN_POINT ( 'NONE',  ( 40.99999999999999289, -44.99999999999999289, 32.07106781186548261 ) ) ;
#5859 = ORIENTED_EDGE ( 'NONE', *, *, #4873, .T. ) ;
#5860 = CARTESIAN_POINT ( 'NONE',  ( 45.20000000000305818, -44.31902001999643659, 1.526206676146178554 ) ) ;
#5861 = CARTESIAN_POINT ( 'NONE',  ( -36.06293926877657441, -44.35458908523310129, 21.50140468926675652 ) ) ;
#5862 = CARTESIAN_POINT ( 'NONE',  ( -1.182753083665369020, -70.08632094592287842, 0.8819678343393388964 ) ) ;
#5863 = CIRCLE ( 'NONE', #2489, 2.500000000000002220 ) ;
#5864 = CARTESIAN_POINT ( 'NONE',  ( 21.74775065650146999, -68.24205564982433714, 7.119920631298077396 ) ) ;
#5865 = DIRECTION ( 'NONE',  ( 0.8660254037844381525, -0.5000000000000008882, 0.000000000000000000 ) ) ;
#5866 = CARTESIAN_POINT ( 'NONE',  ( -21.87108249875917920, -65.60092674490086040, 19.94571456337374471 ) ) ;
#5867 = ORIENTED_EDGE ( 'NONE', *, *, #2426, .F. ) ;
#5868 = VECTOR ( 'NONE', #1071, 1000.000000000000000 ) ;
#5869 = EDGE_CURVE ( 'NONE', #4353, #793, #5983, .T. ) ;
#5870 = ADVANCED_FACE ( 'NONE', ( #4520 ), #6917, .F. ) ;
#5871 = CARTESIAN_POINT ( 'NONE',  ( 12.73566226850427441, -65.60707555774649791, 21.87234969952919528 ) ) ;
#5872 = VERTEX_POINT ( 'NONE', #245 ) ;
#5873 = CARTESIAN_POINT ( 'NONE',  ( -11.49281246277188018, -77.68097998000808957, -3.214316825136078748 ) ) ;
#5874 = CARTESIAN_POINT ( 'NONE',  ( -24.51858991215563321, -77.68097998000808957, 6.671434591060301678 ) ) ;
#5875 = AXIS2_PLACEMENT_3D ( 'NONE', #2993, #5383, #677 ) ;
#5876 = DIRECTION ( 'NONE',  ( 0.000000000000000000, 0.000000000000000000, 1.000000000000000000 ) ) ;
#5877 = LINE ( 'NONE', #1057, #4823 ) ;
#5878 = DIRECTION ( 'NONE',  ( -1.000000000000000000, -1.330321911110254761E-16, 0.000000000000000000 ) ) ;
#5879 = VERTEX_POINT ( 'NONE', #4561 ) ;
#5880 = AXIS2_PLACEMENT_3D ( 'NONE', #4884, #762, #3116 ) ;
#5881 = ADVANCED_FACE ( 'NONE', ( #3854 ), #3200, .F. ) ;
#5882 = FACE_OUTER_BOUND ( 'NONE', #5016, .T. ) ;
#5883 = FACE_OUTER_BOUND ( 'NONE', #6945, .T. ) ;
#5884 = VERTEX_POINT ( 'NONE', #6717 ) ;
#5885 = CARTESIAN_POINT ( 'NONE',  ( -38.49999999999999289, 50.00000000000000711, 12.50000000000000000 ) ) ;
#5886 = CARTESIAN_POINT ( 'NONE',  ( 12.34788297540309721, -74.68097998000808957, 6.447501867718188784 ) ) ;
#5887 = CARTESIAN_POINT ( 'NONE',  ( 2.052079450842736463, -62.36278547946947270, 21.84246563081120485 ) ) ;
#5888 = B_SPLINE_CURVE_WITH_KNOTS ( 'NONE', 3,
 ( #6754, #1858, #2640, #685, #1377, #4255, #3190, #6643, #5466, #91, #2485, #4885, #2523, #4920, #3952, #3993, #6297, #7532, #5716, #7490, #5639, #6259, #7608, #6851, #2823, #2152 ),
 .UNSPECIFIED., .F., .F.,
 ( 4, 2, 2, 2, 2, 2, 2, 2, 2, 2, 2, 2, 4 ),
 ( 0.000000000000000000, 0.0008323978398506535602, 0.001248596759775988906, 0.001664795679701324251, 0.002080994599626659163, 0.002497193519551994725, 0.003329591359402670619, 0.003745790279327997508, 0.004161989199253323529, 0.004994387039103968633, 0.005410585959029290751, 0.005826784878954612001, 0.006659182718805255370 ),
 .UNSPECIFIED. ) ;
#5889 = CARTESIAN_POINT ( 'NONE',  ( -6.920907836083364018, -77.68097998000808957, 20.55758294841786693 ) ) ;
#5890 = CARTESIAN_POINT ( 'NONE',  ( 42.91468186655534112, 43.86302797291814670, 0.3570830217558941810 ) ) ;
#5891 = DIRECTION ( 'NONE',  ( -1.000000000000000000, 0.000000000000000000, 0.000000000000000000 ) ) ;
#5892 = CARTESIAN_POINT ( 'NONE',  ( 7.291666666666672292, -60.68097998000808246, 0.000000000000000000 ) ) ;
#5893 = CARTESIAN_POINT ( 'NONE',  ( 20.28134915541004091, -61.93303024238520749, 21.12731395478955321 ) ) ;
#5894 = CARTESIAN_POINT ( 'NONE',  ( 21.17831476564898097, -63.11424303248974610, 4.238331918962478184 ) ) ;
#5895 = DIRECTION ( 'NONE',  ( -1.321694076934710155E-16, 1.000000000000000000, 0.000000000000000000 ) ) ;
#5896 = CARTESIAN_POINT ( 'NONE',  ( -38.49999999999998579, -44.31902001999193175, 12.50000000000000000 ) ) ;
#5897 = CARTESIAN_POINT ( 'NONE',  ( -22.30159721909729242, -68.10197713995356139, 5.966784009829285473 ) ) ;
#5898 = CARTESIAN_POINT ( 'NONE',  ( -36.53916263706604894, 56.99857773163021335, 24.94916213986708087 ) ) ;
#5899 = VERTEX_POINT ( 'NONE', #2007 ) ;
#5900 = CARTESIAN_POINT ( 'NONE',  ( -9.358926424361868612, -71.15515952895606233, 23.49155986443125954 ) ) ;
#5901 = CARTESIAN_POINT ( 'NONE',  ( 45.00000000000000000, 42.48381121475496514, 21.50000000000000000 ) ) ;
#5902 = ORIENTED_EDGE ( 'NONE', *, *, #2809, .T. ) ;
#5903 = CARTESIAN_POINT ( 'NONE',  ( -21.84978653842413365, -77.68097998000808957, 3.014876443194697497 ) ) ;
#5904 = CARTESIAN_POINT ( 'NONE',  ( -21.57671080201686920, -65.05230877576771320, 20.19134698492812774 ) ) ;
#5905 = CARTESIAN_POINT ( 'NONE',  ( -4.920255503261459218, -72.60799027789886395, 0.4041680254732052946 ) ) ;
#5906 = CARTESIAN_POINT ( 'NONE',  ( -35.50000000000000711, 57.24982048834630888, 0.000000000000000000 ) ) ;
#5907 = PLANE ( 'NONE',  #6638 ) ;
#5908 = CARTESIAN_POINT ( 'NONE',  ( -22.49220227519140991, -66.77967298197695811, 19.39823214253159733 ) ) ;
#5909 = VECTOR ( 'NONE', #5434, 1000.000000000000000 ) ;
#5910 = CARTESIAN_POINT ( 'NONE',  ( -17.39766108894288976, -74.68097998000808957, 11.70427849457743186 ) ) ;
#5911 = ORIENTED_EDGE ( 'NONE', *, *, #856, .F. ) ;
#5912 = CARTESIAN_POINT ( 'NONE',  ( 9.004605784490198772, -68.56039138758956142, 22.97117096561938610 ) ) ;
#5913 = ORIENTED_EDGE ( 'NONE', *, *, #4581, .F. ) ;
#5914 = AXIS2_PLACEMENT_3D ( 'NONE', #4342, #6734, #7369 ) ;
#5915 = CARTESIAN_POINT ( 'NONE',  ( -39.99999999999999289, 48.00000000000000711, 17.50000000000000000 ) ) ;
#5916 = ORIENTED_EDGE ( 'NONE', *, *, #7104, .F. ) ;
#5917 = CARTESIAN_POINT ( 'NONE',  ( 8.663213787788782483, -65.96229341656921008, 2.545555259625696287 ) ) ;
#5918 = CARTESIAN_POINT ( 'NONE',  ( -24.55971631608540662, -77.68097998000808957, 6.753687398919852036 ) ) ;
#5919 = VERTEX_POINT ( 'NONE', #131 ) ;
#5920 = CARTESIAN_POINT ( 'NONE',  ( 21.46863767636525111, -59.19427954843762762, 21.50000000000081002 ) ) ;
#5921 = CARTESIAN_POINT ( 'NONE',  ( -22.91666666666666430, -60.68097998000807536, 25.00000000000000000 ) ) ;
#5922 = EDGE_CURVE ( 'NONE', #2872, #2309, #7280, .T. ) ;
#5923 = ORIENTED_EDGE ( 'NONE', *, *, #1193, .F. ) ;
#5924 = CARTESIAN_POINT ( 'NONE',  ( 41.00000000000000711, -41.57723895259431401, 3.500000000000000000 ) ) ;
#5925 = CARTESIAN_POINT ( 'NONE',  ( -21.84127280223651724, -74.95842917117718684, 16.56481704357535278 ) ) ;
#5926 = ORIENTED_EDGE ( 'NONE', *, *, #1609, .F. ) ;
#5927 = CIRCLE ( 'NONE', #2547, 2.500000000000002220 ) ;
#5928 = CARTESIAN_POINT ( 'NONE',  ( -37.20582925616533032, -42.85521081293310885, 3.683695595035406001 ) ) ;
#5929 = CARTESIAN_POINT ( 'NONE',  ( 14.85984795385264690, -74.68097998000808957, 8.105949958864881566 ) ) ;
#5930 = CARTESIAN_POINT ( 'NONE',  ( -6.589380353797726807E-15, -72.65566637535982863, 24.87372199784800841 ) ) ;
#5931 = EDGE_CURVE ( 'NONE', #6843, #4057, #4166, .T. ) ;
#5932 = CARTESIAN_POINT ( 'NONE',  ( 3.104680774523154607, -77.68097998000808957, 21.19885091066130656 ) ) ;
#5933 = CARTESIAN_POINT ( 'NONE',  ( 42.44409744741164303, 44.16388626061988276, 0.2245125134917417276 ) ) ;
#5934 = CARTESIAN_POINT ( 'NONE',  ( 48.50000000000000000, 40.00000000000000711, 12.50000000000000000 ) ) ;
#5935 = CARTESIAN_POINT ( 'NONE',  ( 16.22385422613320927, -74.68097998000808957, 3.289362077747046254 ) ) ;
#5936 = CARTESIAN_POINT ( 'NONE',  ( 19.35340260394036704, -66.03784784941045416, 4.468358886802382912 ) ) ;
#5937 = DIRECTION ( 'NONE',  ( 1.000000000000000000, 1.321694076934710155E-16, -0.000000000000000000 ) ) ;
#5938 = CARTESIAN_POINT ( 'NONE',  ( -43.49999999999998579, -50.00000000000001421, 3.313708498984763384 ) ) ;
#5939 = CARTESIAN_POINT ( 'NONE',  ( -19.35340260394042033, -66.03784784941039732, 4.468358886802396235 ) ) ;
#5940 = CARTESIAN_POINT ( 'NONE',  ( -38.49999999999998579, -44.99999999999999289, 32.07106781186548261 ) ) ;
#5941 = CARTESIAN_POINT ( 'NONE',  ( -16.85400159180972324, -77.68097998000808957, 14.52726686996300209 ) ) ;
#5942 = AXIS2_PLACEMENT_3D ( 'NONE', #6054, #687, #4769 ) ;
#5943 = CARTESIAN_POINT ( 'NONE',  ( -25.63747721176364891, -75.73891969538944124, 15.41321706173830464 ) ) ;
#5944 = VERTEX_POINT ( 'NONE', #4290 ) ;
#5945 = CARTESIAN_POINT ( 'NONE',  ( -21.84978241376935415, -77.68097998000808957, 21.98513260262339841 ) ) ;
#5946 = LINE ( 'NONE', #612, #5375 ) ;
#5947 = CARTESIAN_POINT ( 'NONE',  ( -7.311646392572649589, -63.43108502970370921, 2.990432086091042052 ) ) ;
#5948 = LINE ( 'NONE', #1751, #219 ) ;
#5949 = B_SPLINE_CURVE_WITH_KNOTS ( 'NONE', 3,
 ( #7557, #1582, #6922, #1623 ),
 .UNSPECIFIED., .F., .F.,
 ( 4, 4 ),
 ( 0.000000000000000000, 0.9999999939858723597 ),
 .UNSPECIFIED. ) ;
#5950 = DIRECTION ( 'NONE',  ( -1.000000000000000000, 0.000000000000000000, 0.000000000000000000 ) ) ;
#5951 = EDGE_CURVE ( 'NONE', #392, #6854, #5163, .T. ) ;
#5952 = CARTESIAN_POINT ( 'NONE',  ( -17.37213960546794311, -62.34222920456444683, 21.29636851022231525 ) ) ;
#5953 = DIRECTION ( 'NONE',  ( 1.000000000000000000, 0.000000000000000000, 0.000000000000000000 ) ) ;
#5954 = ORIENTED_EDGE ( 'NONE', *, *, #2487, .F. ) ;
#5955 = CARTESIAN_POINT ( 'NONE',  ( 9.696565293775121219, -65.88357227394125459, 22.31834054193895156 ) ) ;
#5956 = ORIENTED_EDGE ( 'NONE', *, *, #1403, .T. ) ;
#5957 = SURFACE_STYLE_FILL_AREA ( #3525 ) ;
#5958 = CARTESIAN_POINT ( 'NONE',  ( -25.00000000000000000, -60.68097998000806825, 2.083333333333335258 ) ) ;
#5959 = CARTESIAN_POINT ( 'NONE',  ( 8.830673512491042487, -67.26217538977303434, 2.288105989569316101 ) ) ;
#5960 = FACE_OUTER_BOUND ( 'NONE', #5111, .T. ) ;
#5961 = DIRECTION ( 'NONE',  ( -0.000000000000000000, -0.000000000000000000, -1.000000000000000000 ) ) ;
#5962 = CARTESIAN_POINT ( 'NONE',  ( -22.94826103524159322, -77.68097998000810378, 20.76055779822051761 ) ) ;
#5963 = EDGE_LOOP ( 'NONE', ( #3564, #4593, #4140, #4421 ) ) ;
#5964 = AXIS2_PLACEMENT_3D ( 'NONE', #716, #5533, #1331 ) ;
#5965 = DIRECTION ( 'NONE',  ( 0.000000000000000000, -1.000000000000000000, 0.000000000000000000 ) ) ;
#5966 = CARTESIAN_POINT ( 'NONE',  ( -21.60589344344228380, -64.09659905143460890, 19.05193386920086951 ) ) ;
#5967 = ORIENTED_EDGE ( 'NONE', *, *, #5470, .T. ) ;
#5968 = CARTESIAN_POINT ( 'NONE',  ( 16.63307363107859516, -60.53155279903896258, 3.499999999999995559 ) ) ;
#5969 = CARTESIAN_POINT ( 'NONE',  ( 1.025945117527713668, -62.37828465761265306, 21.85096266909883056 ) ) ;
#5970 = B_SPLINE_CURVE_WITH_KNOTS ( 'NONE', 3,
 ( #970, #4028, #4621, #2781 ),
 .UNSPECIFIED., .F., .F.,
 ( 4, 4 ),
 ( 0.000000000000000000, 1.000000000000000000 ),
 .UNSPECIFIED. ) ;
#5971 = CARTESIAN_POINT ( 'NONE',  ( -3.447648144306207918, -77.68097998000808957, 21.21224322138780138 ) ) ;
#5972 = CARTESIAN_POINT ( 'NONE',  ( 22.71486306426911739, -69.28675252358159753, 18.39917216225489582 ) ) ;
#5973 = EDGE_CURVE ( 'NONE', #7244, #2851, #6192, .T. ) ;
#5974 = EDGE_CURVE ( 'NONE', #2242, #7341, #3457, .T. ) ;
#5975 = CARTESIAN_POINT ( 'NONE',  ( 19.35029129958827454, -64.71120318647545844, 4.265110686613356350 ) ) ;
#5976 = CARTESIAN_POINT ( 'NONE',  ( 6.920907836083949327, -77.68097998000808957, 4.442417051582272514 ) ) ;
#5977 = CARTESIAN_POINT ( 'NONE',  ( 44.62528834764144392, 32.76616521451799713, 5.802405779826028898 ) ) ;
#5978 = CARTESIAN_POINT ( 'NONE',  ( -21.87108249875921118, -65.60092674490076092, 5.054285436626220651 ) ) ;
#5979 = DIRECTION ( 'NONE',  ( -0.000000000000000000, -0.000000000000000000, -1.000000000000000000 ) ) ;
#5980 = VERTEX_POINT ( 'NONE', #6052 ) ;
#5981 = CARTESIAN_POINT ( 'NONE',  ( -9.457963425667369251, -74.68097998000808957, 19.82744817502644707 ) ) ;
#5982 = ADVANCED_FACE ( 'NONE', ( #3814, #3702, #6122 ), #1266, .T. ) ;
#5983 =( BOUNDED_CURVE ( )  B_SPLINE_CURVE ( 3, ( #6995, #7591, #5772, #2133 ),
 .UNSPECIFIED., .F., .T. ) 
 B_SPLINE_CURVE_WITH_KNOTS ( ( 4, 4 ),
 ( 1.570796326794896558, 3.141592653589793116 ),
 .UNSPECIFIED. ) 
 CURVE ( )  GEOMETRIC_REPRESENTATION_ITEM ( )  RATIONAL_B_SPLINE_CURVE ( ( 1.000000000000000000, 0.8047378541243649375, 0.8047378541243649375, 1.000000000000000000 ) ) 
 REPRESENTATION_ITEM ( '' )  );
#5984 = ORIENTED_EDGE ( 'NONE', *, *, #2618, .F. ) ;
#5985 = DIRECTION ( 'NONE',  ( -1.321694076934710155E-16, 1.000000000000000000, 0.000000000000000000 ) ) ;
#5986 = CARTESIAN_POINT ( 'NONE',  ( 45.09320149786616838, 34.40694942273277945, 1.450000000000001732 ) ) ;
#5987 = CARTESIAN_POINT ( 'NONE',  ( -7.427791005011656011, -73.83041292762904106, 0.4691667365534132328 ) ) ;
#5988 = CARTESIAN_POINT ( 'NONE',  ( 22.03065280364474887, -75.11172616792102019, 9.241618350275608407 ) ) ;
#5989 = CARTESIAN_POINT ( 'NONE',  ( -21.61464733046747355, -74.68097998000806115, 17.38692913433354548 ) ) ;
#5990 = AXIS2_PLACEMENT_3D ( 'NONE', #1540, #1581, #3900 ) ;
#5991 = CARTESIAN_POINT ( 'NONE',  ( -19.31706913302588191, -62.06946218840941754, 21.17868427010268206 ) ) ;
#5992 = B_SPLINE_CURVE_WITH_KNOTS ( 'NONE', 3,
 ( #1598, #2748, #2866, #1054, #5137, #1019, #2274, #7536, #5757, #4628, #3408, #7018, #425, #5793, #1674, #6419, #4073, #4543, #6459, #2787, #1094, #6939, #5681, #387, #7575, #4585, #1560, #7494 ),
 .UNSPECIFIED., .F., .F.,
 ( 4, 2, 2, 2, 2, 2, 2, 2, 2, 2, 2, 2, 2, 4 ),
 ( 0.000000000000000000, 0.0009588392497560343890, 0.001438258874634056571, 0.001917678499512078969, 0.002876517749268127887, 0.003355937374146146599, 0.003835356999024166179, 0.004314776623902185325, 0.004794196248780203604, 0.005273615873658222750, 0.005753035498536241896, 0.006232455123414260174, 0.006711874748292279320, 0.007670713998048298531 ),
 .UNSPECIFIED. ) ;
#5993 = LINE ( 'NONE', #6536, #5656 ) ;
#5994 = ORIENTED_EDGE ( 'NONE', *, *, #3006, .F. ) ;
#5995 = CARTESIAN_POINT ( 'NONE',  ( 9.730882264681712357, -73.74567908370477198, 24.01550325738887182 ) ) ;
#5996 = VECTOR ( 'NONE', #787, 1000.000000000000000 ) ;
#5997 = CARTESIAN_POINT ( 'NONE',  ( -38.49999999999998579, 50.00000000000000711, 0.000000000000000000 ) ) ;
#5998 = ORIENTED_EDGE ( 'NONE', *, *, #5414, .F. ) ;
#5999 = CARTESIAN_POINT ( 'NONE',  ( 11.46861965257049576, -71.02627380537633428, 2.030693639449516752 ) ) ;
#6000 = DIRECTION ( 'NONE',  ( -0.000000000000000000, -0.000000000000000000, -1.000000000000000000 ) ) ;
#6001 = CARTESIAN_POINT ( 'NONE',  ( 45.12804615675560882, 35.49944209788407079, 1.474434891512006018 ) ) ;
#6002 = CARTESIAN_POINT ( 'NONE',  ( -11.45833333333331083, -60.68097998000806825, 25.00000000000000000 ) ) ;
#6003 = AXIS2_PLACEMENT_3D ( 'NONE', #5670, #5046, #3868 ) ;
#6004 = VERTEX_POINT ( 'NONE', #5614 ) ;
#6005 = CARTESIAN_POINT ( 'NONE',  ( -36.79999999999998295, 50.00000000000000711, 0.000000000000000000 ) ) ;
#6006 = DIRECTION ( 'NONE',  ( -0.000000000000000000, -0.000000000000000000, -1.000000000000000000 ) ) ;
#6007 = ORIENTED_EDGE ( 'NONE', *, *, #5931, .F. ) ;
#6008 = CARTESIAN_POINT ( 'NONE',  ( -43.49999999999999289, -22.68097998000809312, 8.499999999999998224 ) ) ;
#6009 = DIRECTION ( 'NONE',  ( 1.000000000000000000, 1.321694076934710155E-16, -0.000000000000000000 ) ) ;
#6010 = CARTESIAN_POINT ( 'NONE',  ( 10.66813238574225409, -74.68097998000807536, 33.96922468514760141 ) ) ;
#6011 = CARTESIAN_POINT ( 'NONE',  ( -38.49999999999998579, 50.00000000000000711, 17.00000000000000000 ) ) ;
#6012 = CARTESIAN_POINT ( 'NONE',  ( 22.49220227519138149, -66.77967298197695811, 19.39823214253160089 ) ) ;
#6013 = CARTESIAN_POINT ( 'NONE',  ( 14.41339608955872009, -62.73782479837588966, 3.495086951526466645 ) ) ;
#6014 = CARTESIAN_POINT ( 'NONE',  ( 12.28923492230243042, -77.68097998000808957, 6.410860613719731482 ) ) ;
#6015 = CARTESIAN_POINT ( 'NONE',  ( -17.22548055428404723, -74.68097998000810378, 11.31263188707301026 ) ) ;
#6016 = CARTESIAN_POINT ( 'NONE',  ( -21.68401558297714615, -72.13884358107381445, 6.864585018465148458 ) ) ;
#6017 = DIRECTION ( 'NONE',  ( 1.000000000000000000, 0.000000000000000000, 0.000000000000000000 ) ) ;
#6018 = DIRECTION ( 'NONE',  ( 0.000000000000000000, 0.000000000000000000, 1.000000000000000000 ) ) ;
#6019 = CARTESIAN_POINT ( 'NONE',  ( -9.457963425667369251, -77.68097998000808957, 19.82744817502644707 ) ) ;
#6020 = EDGE_CURVE ( 'NONE', #4716, #5213, #5540, .T. ) ;
#6021 = CARTESIAN_POINT ( 'NONE',  ( 21.57670145557968766, -65.05176897949331760, 20.19149029565894793 ) ) ;
#6022 = ORIENTED_EDGE ( 'NONE', *, *, #2819, .F. ) ;
#6023 = LINE ( 'NONE', #1939, #355 ) ;
#6024 = CARTESIAN_POINT ( 'NONE',  ( 24.57973960995908058, -78.57975569811021899, 17.79237427219954881 ) ) ;
#6025 = CARTESIAN_POINT ( 'NONE',  ( -9.730882264681683935, -73.74567908370455882, 0.9844967426111740361 ) ) ;
#6026 = CARTESIAN_POINT ( 'NONE',  ( 41.80000000000001137, 35.00000000000000711, 17.00000000000000000 ) ) ;
#6027 = CARTESIAN_POINT ( 'NONE',  ( 43.90126995330714976, 43.21905638461316101, 20.26582828598535713 ) ) ;
#6028 = EDGE_CURVE ( 'NONE', #3844, #1177, #240, .T. ) ;
#6029 = CARTESIAN_POINT ( 'NONE',  ( -17.59943202369508697, -66.32037063779483788, 20.94634241857745849 ) ) ;
#6030 = CARTESIAN_POINT ( 'NONE',  ( 12.28923492230243042, -77.68097998000808957, 6.410860613719731482 ) ) ;
#6031 = EDGE_LOOP ( 'NONE', ( #1024, #2335, #3879, #2230, #2602 ) ) ;
#6032 = CARTESIAN_POINT ( 'NONE',  ( 12.28656783120128537, -69.64251481987994907, 22.51058225631855692 ) ) ;
#6033 = ORIENTED_EDGE ( 'NONE', *, *, #4968, .T. ) ;
#6034 = CARTESIAN_POINT ( 'NONE',  ( 43.50000000000000711, -44.31902001999193175, 0.000000000000000000 ) ) ;
#6035 = CARTESIAN_POINT ( 'NONE',  ( -21.90362439758046520, -72.37369257770131981, 8.351315935854596972 ) ) ;
#6036 = CARTESIAN_POINT ( 'NONE',  ( 10.41377303846613422, -71.09071666716610594, 1.769566887509138375 ) ) ;
#6037 = CARTESIAN_POINT ( 'NONE',  ( -25.00000000000000000, -60.68097998000806825, 20.83333333333333925 ) ) ;
#6038 = CARTESIAN_POINT ( 'NONE',  ( -2.083333333333287740, -60.68097998000806825, 25.00000000000000000 ) ) ;
#6039 = ORIENTED_EDGE ( 'NONE', *, *, #2010, .T. ) ;
#6040 = CARTESIAN_POINT ( 'NONE',  ( 12.36694661346250612, -74.68097998000808957, 18.54794120696523763 ) ) ;
#6041 = CARTESIAN_POINT ( 'NONE',  ( -38.49999999999998579, -44.31902001999193175, 0.000000000000000000 ) ) ;
#6042 = ORIENTED_EDGE ( 'NONE', *, *, #5869, .T. ) ;
#6043 = DIRECTION ( 'NONE',  ( -0.000000000000000000, 1.000000000000000000, -0.000000000000000000 ) ) ;
#6044 = CARTESIAN_POINT ( 'NONE',  ( -24.64196912394494987, -77.68097998000808957, 18.08180698536105169 ) ) ;
#6045 = CARTESIAN_POINT ( 'NONE',  ( 17.74748603729676333, -74.68097998000808957, 12.49999999999998224 ) ) ;
#6046 = EDGE_CURVE ( 'NONE', #4156, #3802, #5888, .T. ) ;
#6047 = CARTESIAN_POINT ( 'NONE',  ( -39.94146623516359540, 48.88333348423242342, 1.344487206410255542 ) ) ;
#6048 = CARTESIAN_POINT ( 'NONE',  ( 21.88772403744693662, -70.78831138779172250, 18.42001071077706342 ) ) ;
#6049 = CARTESIAN_POINT ( 'NONE',  ( 16.58733917319542428, -74.51728046752195667, 3.534586328960756862 ) ) ;
#6050 = CARTESIAN_POINT ( 'NONE',  ( 6.057925242327780069, -77.68097998000808957, 4.250739765659842462 ) ) ;
#6051 = CARTESIAN_POINT ( 'NONE',  ( -16.69827059177417894, -74.68097998000808957, 10.17982258378250471 ) ) ;
#6052 = CARTESIAN_POINT ( 'NONE',  ( -43.49999999999998579, -49.99999999999998579, 12.50000000000000000 ) ) ;
#6053 = DIRECTION ( 'NONE',  ( -1.330321911110254761E-16, 1.000000000000000000, 0.000000000000000000 ) ) ;
#6054 = CARTESIAN_POINT ( 'NONE',  ( 46.75000000000003553, -44.08215974080651023, 25.00000000000000000 ) ) ;
#6055 = CARTESIAN_POINT ( 'NONE',  ( 1.791487525089265898, -74.68097998000808957, 21.31248234468181835 ) ) ;
#6056 = CARTESIAN_POINT ( 'NONE',  ( -0.007630428499740279404, -77.68097998000808957, 2.751657186812441314 ) ) ;
#6057 = ORIENTED_EDGE ( 'NONE', *, *, #2487, .T. ) ;
#6058 = LINE ( 'NONE', #3707, #3279 ) ;
#6059 = CARTESIAN_POINT ( 'NONE',  ( 25.42438655634696687, -77.68097998000804694, 16.28290989553600454 ) ) ;
#6060 = CARTESIAN_POINT ( 'NONE',  ( 45.09320149786618259, -43.72596944272473252, 1.450000000000001732 ) ) ;
#6061 = CARTESIAN_POINT ( 'NONE',  ( -11.66732308885877067, -72.32766357506048394, 1.828291219058952422 ) ) ;
#6062 = DIRECTION ( 'NONE',  ( -1.000000000000000000, 0.000000000000000000, 0.000000000000000000 ) ) ;
#6063 = CARTESIAN_POINT ( 'NONE',  ( 25.99999999999999645, -74.68097998000808957, 12.49999999999999822 ) ) ;
#6064 = CARTESIAN_POINT ( 'NONE',  ( -17.52823973180035821, -64.99213116019400616, 21.05189729705854162 ) ) ;
#6065 = CARTESIAN_POINT ( 'NONE',  ( 14.18721143106746396, -77.68097998000808957, 7.546083808395056991 ) ) ;
#6066 = CARTESIAN_POINT ( 'NONE',  ( 18.08336275768025558, -74.30411618487106296, 20.55715903639681130 ) ) ;
#6067 = EDGE_LOOP ( 'NONE', ( #1443, #2060, #6706, #1958, #6529, #3958, #813, #1053, #5719, #592, #5717, #1059, #2786, #2635, #624, #512, #5376 ) ) ;
#6068 = CARTESIAN_POINT ( 'NONE',  ( 41.03163597842457477, 36.93427788980029192, 0.01710388481034095381 ) ) ;
#6069 = CARTESIAN_POINT ( 'NONE',  ( -25.42438655634697042, -77.68097998000807536, 16.28290989553602230 ) ) ;
#6070 = ADVANCED_FACE ( 'NONE', ( #3288, #299, #3328 ), #972, .F. ) ;
#6071 = ADVANCED_FACE ( 'NONE', ( #7446 ), #4538, .F. ) ;
#6072 = AXIS2_PLACEMENT_3D ( 'NONE', #5197, #7001, #5704 ) ;
#6073 = CARTESIAN_POINT ( 'NONE',  ( 21.37918666975485849, -58.73000564658308775, 12.49999999999999289 ) ) ;
#6074 = CARTESIAN_POINT ( 'NONE',  ( -3.113612652743704245, -77.68097998000807536, 29.90513321228996091 ) ) ;
#6075 = CARTESIAN_POINT ( 'NONE',  ( -40.19999999999998863, 50.00000000000000711, 0.000000000000000000 ) ) ;
#6076 = ORIENTED_EDGE ( 'NONE', *, *, #2383, .F. ) ;
#6077 = CARTESIAN_POINT ( 'NONE',  ( 16.87180702193326454, -74.68097998000808957, 14.48864745459707848 ) ) ;
#6078 = CARTESIAN_POINT ( 'NONE',  ( -21.43064860050460396, -58.54923741320743602, 20.52670970796150485 ) ) ;
#6079 = ORIENTED_EDGE ( 'NONE', *, *, #6397, .T. ) ;
#6080 = EDGE_CURVE ( 'NONE', #2193, #6954, #2743, .T. ) ;
#6081 = CARTESIAN_POINT ( 'NONE',  ( 41.80000000000000426, -44.31902001999193175, 0.000000000000000000 ) ) ;
#6082 = CARTESIAN_POINT ( 'NONE',  ( -21.61464733046744158, -74.68097998000808957, 7.613070865666383469 ) ) ;
#6083 = ORIENTED_EDGE ( 'NONE', *, *, #1226, .F. ) ;
#6084 = CARTESIAN_POINT ( 'NONE',  ( 24.39420752376035750, -58.85695899862251679, 21.95082462590694306 ) ) ;
#6085 = CARTESIAN_POINT ( 'NONE',  ( -36.49853076112383832, 51.50665868958201798, 3.530194972989038948 ) ) ;
#6086 = CARTESIAN_POINT ( 'NONE',  ( -22.31747927760338612, -74.68097998000810378, 13.32052493528283144 ) ) ;
#6087 = DIRECTION ( 'NONE',  ( 0.000000000000000000, 0.000000000000000000, 1.000000000000000000 ) ) ;
#6088 = DIRECTION ( 'NONE',  ( -0.000000000000000000, -0.000000000000000000, -1.000000000000000000 ) ) ;
#6089 = CARTESIAN_POINT ( 'NONE',  ( -16.39801473810168631, -77.68097998000808957, 15.29153128852962773 ) ) ;
#6090 = DIRECTION ( 'NONE',  ( -1.000000000000000000, 0.000000000000000000, 0.000000000000000000 ) ) ;
#6091 = EDGE_LOOP ( 'NONE', ( #4437, #6750, #585 ) ) ;
#6092 = DIRECTION ( 'NONE',  ( 1.593074305255970310E-16, -1.000000000000000000, -0.000000000000000000 ) ) ;
#6093 = CARTESIAN_POINT ( 'NONE',  ( -38.49999999999998579, 50.00000000000000711, 0.000000000000000000 ) ) ;
#6094 = CARTESIAN_POINT ( 'NONE',  ( 41.03163597842459609, -42.38474213019162562, 0.01710388481034160260 ) ) ;
#6095 = CARTESIAN_POINT ( 'NONE',  ( -10.04835707264493116, -68.48904339848725442, 2.228348810502458477 ) ) ;
#6096 = CARTESIAN_POINT ( 'NONE',  ( 21.74677367781450243, -77.18211922003195014, 22.09256093503331897 ) ) ;
#6097 = CARTESIAN_POINT ( 'NONE',  ( 17.13529237767749436, -77.68097998000808957, 13.89251263448946538 ) ) ;
#6098 = CARTESIAN_POINT ( 'NONE',  ( -19.24043152249674549, -59.44397593831897098, 21.67001708952598449 ) ) ;
#6099 = CARTESIAN_POINT ( 'NONE',  ( -3.104680774522599496, -77.68097998000808957, 3.801149089338636600 ) ) ;
#6100 = CARTESIAN_POINT ( 'NONE',  ( 13.88707766829071666, -66.82103628106463589, 21.79056339219668459 ) ) ;
#6101 = EDGE_LOOP ( 'NONE', ( #691, #7501, #488 ) ) ;
#6102 = CARTESIAN_POINT ( 'NONE',  ( 43.24592553799985239, 37.65583826796384415, 0.4848374605513326441 ) ) ;
#6103 = CARTESIAN_POINT ( 'NONE',  ( -21.48565329626487852, -68.03249414443891396, 4.450818509865996475 ) ) ;
#6104 = CARTESIAN_POINT ( 'NONE',  ( 7.119641059399686611, -71.24902696812948477, 1.089451691814120604 ) ) ;
#6105 = LINE ( 'NONE', #4904, #4761 ) ;
#6106 = CARTESIAN_POINT ( 'NONE',  ( 2.083333333333380555, -60.68097998000806825, 25.00000000000000000 ) ) ;
#6107 = AXIS2_PLACEMENT_3D ( 'NONE', #2971, #2262, #3513 ) ;
#6108 = CARTESIAN_POINT ( 'NONE',  ( -25.65675963003178595, -77.68097998000808957, 15.33429889683900527 ) ) ;
#6109 = EDGE_CURVE ( 'NONE', #4114, #7244, #4285, .T. ) ;
#6110 = EDGE_LOOP ( 'NONE', ( #7234, #6039, #1795 ) ) ;
#6111 = CARTESIAN_POINT ( 'NONE',  ( 17.13529237767749436, -74.68097998000808957, 13.89251263448946538 ) ) ;
#6112 = CARTESIAN_POINT ( 'NONE',  ( 14.20351202541163893, -60.68097998000835247, 21.50000000000000000 ) ) ;
#6113 = EDGE_LOOP ( 'NONE', ( #1517, #2704, #1998, #4261, #2311, #5337 ) ) ;
#6114 = DIRECTION ( 'NONE',  ( 1.330321911110254761E-16, -1.000000000000000000, 0.000000000000000000 ) ) ;
#6115 = CARTESIAN_POINT ( 'NONE',  ( -23.95412642242832035, -77.68097998000808957, 19.45749238839431072 ) ) ;
#6116 = CARTESIAN_POINT ( 'NONE',  ( 21.37918666975485849, -58.73000564658308775, 12.49999999999999289 ) ) ;
#6117 = ADVANCED_FACE ( 'NONE', ( #261, #3876 ), #6217, .T. ) ;
#6118 = CARTESIAN_POINT ( 'NONE',  ( -18.72742178150815207, -74.68097998000808957, 4.860837376036459823 ) ) ;
#6119 = CARTESIAN_POINT ( 'NONE',  ( 15.80265010053227570, -74.61800558289341723, 3.084929849236505817 ) ) ;
#6120 = CARTESIAN_POINT ( 'NONE',  ( -6.160766860776319298, -77.68097998000808957, 4.261807846291757684 ) ) ;
#6121 = DIRECTION ( 'NONE',  ( 1.000000000000000000, 0.000000000000000000, 0.000000000000000000 ) ) ;
#6122 = FACE_BOUND ( 'NONE', #7303, .T. ) ;
#6123 = DIRECTION ( 'NONE',  ( -1.000000000000000000, 0.000000000000000000, 0.000000000000000000 ) ) ;
#6124 = CARTESIAN_POINT ( 'NONE',  ( -39.99999999999997868, -47.97927405783629951, 12.50000000000000000 ) ) ;
#6125 = CARTESIAN_POINT ( 'NONE',  ( -25.85653253311384603, -77.68097998000810378, 14.39627980090781811 ) ) ;
#6126 = CIRCLE ( 'NONE', #2002, 1.500000000000001332 ) ;
#6127 = EDGE_LOOP ( 'NONE', ( #5595, #2847, #5052, #145 ) ) ;
#6128 = DIRECTION ( 'NONE',  ( -1.321694076934710155E-16, 1.000000000000000000, -0.000000000000000000 ) ) ;
#6129 = CARTESIAN_POINT ( 'NONE',  ( 25.44682351704894074, -78.57975569811016214, 16.04233283124334974 ) ) ;
#6130 = DIRECTION ( 'NONE',  ( -0.000000000000000000, 0.000000000000000000, -1.000000000000000000 ) ) ;
#6131 = CARTESIAN_POINT ( 'NONE',  ( -12.47728117658834179, -70.94956164247255970, 2.323065678520834787 ) ) ;
#6132 = CARTESIAN_POINT ( 'NONE',  ( -38.49999999999998579, -44.31902001999193175, 17.00000000000000000 ) ) ;
#6133 = CARTESIAN_POINT ( 'NONE',  ( -39.99999999999997868, -22.68097998000808957, 16.50000000000000000 ) ) ;
#6134 = CARTESIAN_POINT ( 'NONE',  ( 22.31747927760338968, -74.68097998000808957, 12.50000000000002132 ) ) ;
#6135 = CARTESIAN_POINT ( 'NONE',  ( -12.90338135548899956, -66.92246275434641234, 21.98907704692107856 ) ) ;
#6136 = CARTESIAN_POINT ( 'NONE',  ( 3.447648144306513895, -77.68097998000808957, 3.787756778612223485 ) ) ;
#6137 = CARTESIAN_POINT ( 'NONE',  ( 16.74994038937524721, -75.83471281754083293, 21.50348784386451584 ) ) ;
#6138 = ORIENTED_EDGE ( 'NONE', *, *, #4829, .F. ) ;
#6139 = DIRECTION ( 'NONE',  ( 0.000000000000000000, 0.000000000000000000, 1.000000000000000000 ) ) ;
#6140 = CARTESIAN_POINT ( 'NONE',  ( -21.49593815408837116, -61.19288503576610339, 1.556365198112736659 ) ) ;
#6141 = CARTESIAN_POINT ( 'NONE',  ( 5.723047528791886940, -68.71122229984678143, 1.563647561549915910 ) ) ;
#6142 = CARTESIAN_POINT ( 'NONE',  ( 22.21001561302320937, -73.92854157489227873, 14.36643730467183744 ) ) ;
#6143 = CARTESIAN_POINT ( 'NONE',  ( 11.96799147100971084, -78.46065648618758814, 28.26469411817401678 ) ) ;
#6144 = ORIENTED_EDGE ( 'NONE', *, *, #6207, .F. ) ;
#6145 = CARTESIAN_POINT ( 'NONE',  ( -43.49999999999998579, -49.99999999999998579, 17.00000000000000000 ) ) ;
#6146 = DIRECTION ( 'NONE',  ( 0.000000000000000000, 0.000000000000000000, 1.000000000000000000 ) ) ;
#6147 = ORIENTED_EDGE ( 'NONE', *, *, #700, .T. ) ;
#6148 = ADVANCED_FACE ( 'NONE', ( #5752 ), #2229, .T. ) ;
#6149 = CARTESIAN_POINT ( 'NONE',  ( 44.22380449635263489, 37.39476835549749723, 19.87321696515911640 ) ) ;
#6150 = CARTESIAN_POINT ( 'NONE',  ( -36.60146092121700434, 48.36566750517024360, 21.45615012160056523 ) ) ;
#6151 =( NAMED_UNIT ( * ) SI_UNIT ( $, .STERADIAN. ) SOLID_ANGLE_UNIT ( ) );
#6152 = VECTOR ( 'NONE', #6087, 1000.000000000000000 ) ;
#6153 = CARTESIAN_POINT ( 'NONE',  ( 1.465981454082136315, -74.68097998000811799, -4.117647058823535211 ) ) ;
#6154 = CARTESIAN_POINT ( 'NONE',  ( -38.43933072484644953, 52.50276304047146425, 4.325768929675242624 ) ) ;
#6155 = EDGE_CURVE ( 'NONE', #6843, #3046, #6337, .T. ) ;
#6156 = CARTESIAN_POINT ( 'NONE',  ( -16.96066229391580649, -74.68097998000808957, 10.71034449504427322 ) ) ;
#6157 = DIRECTION ( 'NONE',  ( -1.000000000000000000, 0.000000000000000000, 0.000000000000000000 ) ) ;
#6158 = DIRECTION ( 'NONE',  ( 1.321694076934710155E-16, -1.000000000000000000, 0.000000000000000000 ) ) ;
#6159 = CARTESIAN_POINT ( 'NONE',  ( 22.31747927760338968, -74.68097998000808957, 12.50000000000002132 ) ) ;
#6160 = CARTESIAN_POINT ( 'NONE',  ( 23.94592117670051934, -60.08850364132559463, -0.2182825254529403292 ) ) ;
#6161 = ORIENTED_EDGE ( 'NONE', *, *, #5834, .T. ) ;
#6162 = CARTESIAN_POINT ( 'NONE',  ( 41.00000000000000711, 35.00000000000000711, 21.50000000000000000 ) ) ;
#6163 = CARTESIAN_POINT ( 'NONE',  ( 25.00000000000000000, -60.68097998000806825, 14.58333333333335702 ) ) ;
#6164 = EDGE_CURVE ( 'NONE', #67, #4952, #2783, .T. ) ;
#6165 = CARTESIAN_POINT ( 'NONE',  ( 43.50000000000000000, -44.99999999999999289, 32.07106781186548261 ) ) ;
#6166 = CARTESIAN_POINT ( 'NONE',  ( -10.06553689499135196, -60.55867118170122154, 3.548534833663577803 ) ) ;
#6167 = CARTESIAN_POINT ( 'NONE',  ( 21.50708717007978166, -61.26727180716711274, 3.379504332695220548 ) ) ;
#6168 = CARTESIAN_POINT ( 'NONE',  ( -10.73596026948018611, -74.68097998000810378, 23.95578737932134672 ) ) ;
#6169 = CARTESIAN_POINT ( 'NONE',  ( 44.84802588720938132, 37.10591333982741702, 6.396444049888660999 ) ) ;
#6170 = CARTESIAN_POINT ( 'NONE',  ( -13.41580861795298674, -62.86101984184347202, 21.58073926321265645 ) ) ;
#6171 = CARTESIAN_POINT ( 'NONE',  ( -7.018082754723781846, -77.68097998000808957, 4.454519683243820083 ) ) ;
#6172 = CARTESIAN_POINT ( 'NONE',  ( 15.14727413305064019, -59.96328572989736472, 21.52441126122115023 ) ) ;
#6173 = EDGE_LOOP ( 'NONE', ( #2320, #6007, #4784, #786 ) ) ;
#6174 = CARTESIAN_POINT ( 'NONE',  ( 11.49338024486418597, -77.68097998000808957, -3.214129217905493885 ) ) ;
#6175 = CARTESIAN_POINT ( 'NONE',  ( -25.99999999999999645, -77.68097998000810378, 13.45524841108365877 ) ) ;
#6176 = EDGE_CURVE ( 'NONE', #3255, #3442, #6339, .T. ) ;
#6177 = CARTESIAN_POINT ( 'NONE',  ( 3.372784145518802568, -67.48125101196795583, 1.734907274144593226 ) ) ;
#6178 = CARTESIAN_POINT ( 'NONE',  ( 22.11183528976026125, -71.18503218667491694, 12.49999999999998401 ) ) ;
#6179 = CARTESIAN_POINT ( 'NONE',  ( 25.17945282892014092, -60.68097998000807536, 25.00000000000000000 ) ) ;
#6180 = CARTESIAN_POINT ( 'NONE',  ( 44.22380449635263489, -42.60523164450251699, 19.87321696515912706 ) ) ;
#6181 = ORIENTED_EDGE ( 'NONE', *, *, #4594, .T. ) ;
#6182 = CIRCLE ( 'NONE', #2820, 101.5772389525943282 ) ;
#6183 = CARTESIAN_POINT ( 'NONE',  ( 41.67588936473348582, 32.53423970183895619, 0.08588626348088035378 ) ) ;
#6184 = ORIENTED_EDGE ( 'NONE', *, *, #2716, .F. ) ;
#6185 = CYLINDRICAL_SURFACE ( 'NONE', #2252, 1.700000000000000178 ) ;
#6186 = CARTESIAN_POINT ( 'NONE',  ( -35.50000000000000000, 50.96046863561497275, 0.000000000000000000 ) ) ;
#6187 = APPLICATION_PROTOCOL_DEFINITION ( 'draft international standard', 'automotive_design', 1998, #6551 ) ;
#6188 = ORIENTED_EDGE ( 'NONE', *, *, #3173, .T. ) ;
#6189 = CARTESIAN_POINT ( 'NONE',  ( -13.63000766128986108, -74.68097998000811799, -1.762166160284284855 ) ) ;
#6190 = CARTESIAN_POINT ( 'NONE',  ( -38.49999999999999289, 50.00000000000000711, 12.50000000000000000 ) ) ;
#6191 = CARTESIAN_POINT ( 'NONE',  ( -15.00687304388473642, -74.68097998000808957, 8.229923701079991716 ) ) ;
#6192 = LINE ( 'NONE', #3117, #2913 ) ;
#6193 = STYLED_ITEM ( 'NONE', ( #976 ), #5123 ) ;
#6194 = PLANE ( 'NONE',  #1728 ) ;
#6195 = EDGE_CURVE ( 'NONE', #3179, #1559, #7687, .T. ) ;
#6196 = EDGE_CURVE ( 'NONE', #2735, #2503, #5993, .T. ) ;
#6197 = CARTESIAN_POINT ( 'NONE',  ( 43.50000000000000711, -44.31902001999193175, 1.450000000000001732 ) ) ;
#6198 = AXIS2_PLACEMENT_3D ( 'NONE', #2247, #5267, #1185 ) ;
#6199 = ORIENTED_EDGE ( 'NONE', *, *, #6657, .F. ) ;
#6200 = DIRECTION ( 'NONE',  ( -0.8571673007021104462, 0.000000000000000000, -0.5150380749100574862 ) ) ;
#6201 = LINE ( 'NONE', #2767, #6490 ) ;
#6202 = CARTESIAN_POINT ( 'NONE',  ( 25.00000000000000000, -60.68097998000806825, 16.66666666666669272 ) ) ;
#6203 = CARTESIAN_POINT ( 'NONE',  ( -14.39181443285379736, -70.77071686628288205, 2.945879232704928796 ) ) ;
#6204 = CYLINDRICAL_SURFACE ( 'NONE', #475, 4.000000000000003553 ) ;
#6205 = CARTESIAN_POINT ( 'NONE',  ( 41.94838302569277744, 36.96662417777019982, 3.611695811257693123 ) ) ;
#6206 = CARTESIAN_POINT ( 'NONE',  ( -15.14209366962193215, -69.34872530492886256, 21.66926611553770243 ) ) ;
#6207 = EDGE_CURVE ( 'NONE', #4963, #206, #2282, .T. ) ;
#6208 = CARTESIAN_POINT ( 'NONE',  ( 21.61464733046742737, -74.68097998000835958, 17.38692913433354192 ) ) ;
#6209 = CARTESIAN_POINT ( 'NONE',  ( 14.75455560224884266, -73.39658396441538457, 22.25161276167115787 ) ) ;
#6210 = ORIENTED_EDGE ( 'NONE', *, *, #5312, .F. ) ;
#6211 = CARTESIAN_POINT ( 'NONE',  ( -38.99171705219988127, 56.35480826071952976, 20.16789198083906953 ) ) ;
#6212 = CARTESIAN_POINT ( 'NONE',  ( -21.37334883214525405, -58.63076240721985499, 10.49389685030502761 ) ) ;
#6213 = CARTESIAN_POINT ( 'NONE',  ( 3.295216011140997381, -66.19431403751363518, 2.094966004735440368 ) ) ;
#6214 = CARTESIAN_POINT ( 'NONE',  ( 21.40767530291819654, -58.58174830468936278, 18.51933683875972392 ) ) ;
#6215 = EDGE_LOOP ( 'NONE', ( #944, #3594, #1237, #3877 ) ) ;
#6216 = CARTESIAN_POINT ( 'NONE',  ( 44.96090406157415487, -42.96923863281465117, 18.14204239650613459 ) ) ;
#6217 = PLANE ( 'NONE',  #1397 ) ;
#6218 = EDGE_LOOP ( 'NONE', ( #926, #5618, #6822, #3244 ) ) ;
#6219 = ORIENTED_EDGE ( 'NONE', *, *, #1815, .T. ) ;
#6220 = DIRECTION ( 'NONE',  ( -1.000000000000000000, 0.000000000000000000, 0.000000000000000000 ) ) ;
#6221 = B_SPLINE_CURVE_WITH_KNOTS ( 'NONE', 3,
 ( #6564, #526, #1657, #6475, #1190, #1035, #4016, #603 ),
 .UNSPECIFIED., .F., .F.,
 ( 4, 2, 2, 4 ),
 ( 0.002438961037046918391, 0.006198550360019512186, 0.009958139682992105113, 0.01747731832893729270 ),
 .UNSPECIFIED. ) ;
#6222 = ORIENTED_EDGE ( 'NONE', *, *, #308, .F. ) ;
#6223 = LINE ( 'NONE', #864, #4636 ) ;
#6224 = VECTOR ( 'NONE', #7678, 1000.000000000000000 ) ;
#6225 = CARTESIAN_POINT ( 'NONE',  ( -25.00000000000000000, -60.68097998000807536, 0.000000000000000000 ) ) ;
#6226 = CARTESIAN_POINT ( 'NONE',  ( 42.20919598196370970, -42.85315327082484060, 3.684743140388055505 ) ) ;
#6227 = B_SPLINE_CURVE_WITH_KNOTS ( 'NONE', 3,
 ( #4596, #6391, #7661, #1684 ),
 .UNSPECIFIED., .F., .F.,
 ( 4, 4 ),
 ( 0.5000000000000000000, 0.7506793542257201857 ),
 .UNSPECIFIED. ) ;
#6228 = VERTEX_POINT ( 'NONE', #582 ) ;
#6229 = CARTESIAN_POINT ( 'NONE',  ( -21.23287851237434509, -74.68097998000808957, 2.400147823038407235 ) ) ;
#6230 = AXIS2_PLACEMENT_3D ( 'NONE', #553, #5965, #7147 ) ;
#6231 = LINE ( 'NONE', #832, #6871 ) ;
#6232 = CARTESIAN_POINT ( 'NONE',  ( 4.437213800340552794, -74.68097998000808957, 3.967892031517698648 ) ) ;
#6233 = CARTESIAN_POINT ( 'NONE',  ( -2.311779167570986449, -68.79045602263276749, 23.70121192758070094 ) ) ;
#6234 = CARTESIAN_POINT ( 'NONE',  ( -17.74748603729677754, -77.68097998000808957, 12.50000000000004796 ) ) ;
#6235 = AXIS2_PLACEMENT_3D ( 'NONE', #4396, #6789, #5691 ) ;
#6236 = CARTESIAN_POINT ( 'NONE',  ( 24.62554863791277171, -78.46065648618757393, 7.235484341623006799 ) ) ;
#6237 = ORIENTED_EDGE ( 'NONE', *, *, #7766, .T. ) ;
#6238 = CARTESIAN_POINT ( 'NONE',  ( 21.73250879638436572, -66.92739287752262101, 5.373069401231763464 ) ) ;
#6239 = CARTESIAN_POINT ( 'NONE',  ( 25.00000000000000000, -60.68097998000807536, 0.000000000000000000 ) ) ;
#6240 = CARTESIAN_POINT ( 'NONE',  ( 24.88177154653316947, -58.40486459085619231, 16.96875465205360811 ) ) ;
#6241 = CARTESIAN_POINT ( 'NONE',  ( -16.28415423009067453, -61.15498946782336986, 3.549207920918575176 ) ) ;
#6242 = LINE ( 'NONE', #3390, #4000 ) ;
#6243 = AXIS2_PLACEMENT_3D ( 'NONE', #1116, #3509, #4729 ) ;
#6244 = EDGE_CURVE ( 'NONE', #2784, #5602, #4031, .T. ) ;
#6245 = CARTESIAN_POINT ( 'NONE',  ( 43.43854917509009539, 37.50270613395817776, 4.325213049276346311 ) ) ;
#6246 = CARTESIAN_POINT ( 'NONE',  ( -16.02352640557765895, -69.22993057653772553, 21.37199265327977571 ) ) ;
#6247 = AXIS2_PLACEMENT_3D ( 'NONE', #6523, #4093, #3547 ) ;
#6248 = CARTESIAN_POINT ( 'NONE',  ( 16.69887295139425021, -77.68097998000808957, 10.17855748225252377 ) ) ;
#6249 = CARTESIAN_POINT ( 'NONE',  ( 21.03868674601109134, -65.74610760876461768, 20.13783520900184598 ) ) ;
#6250 = ORIENTED_EDGE ( 'NONE', *, *, #1132, .F. ) ;
#6251 = CARTESIAN_POINT ( 'NONE',  ( 43.50000000000000711, 35.00000000000000711, 32.07106781186548261 ) ) ;
#6252 = CARTESIAN_POINT ( 'NONE',  ( -39.99999999999998579, -14.68097998000809135, 8.499999999999998224 ) ) ;
#6253 = CARTESIAN_POINT ( 'NONE',  ( 3.221263684569943386, -64.90695961644718182, 2.454648300536405259 ) ) ;
#6254 = CARTESIAN_POINT ( 'NONE',  ( -36.92482008767475321, 52.58390000522898333, 0.1268938943760943572 ) ) ;
#6255 = EDGE_CURVE ( 'NONE', #3783, #6418, #7764, .T. ) ;
#6256 = CARTESIAN_POINT ( 'NONE',  ( 21.43064860050461107, -58.54923741320740760, 20.52670970796181393 ) ) ;
#6257 = CARTESIAN_POINT ( 'NONE',  ( 22.38017953614122391, -77.68097998000807536, 21.44415598567542247 ) ) ;
#6258 = CARTESIAN_POINT ( 'NONE',  ( 43.91677695216841215, -42.53266861328879855, 20.24187209444901825 ) ) ;
#6259 = CARTESIAN_POINT ( 'NONE',  ( -39.68058430317773144, -45.90254853079726871, 1.178645325629302576 ) ) ;
#6260 = EDGE_LOOP ( 'NONE', ( #3524, #4831, #6760 ) ) ;
#6261 = B_SPLINE_SURFACE_WITH_KNOTS ( 'NONE', 3, 1, ( 
 ( #3999, #1717, #2236, #6504 ),
 ( #1056, #5918, #547, #2948 ),
 ( #3445, #5334, #4590, #7734 ),
 ( #6386, #3959, #6344, #978 ),
 ( #4630, #5835, #2830, #2199 ),
 ( #3371, #2790, #7578, #1021 ),
 ( #3410, #5795, #5217, #1841 ),
 ( #1253, #3026, #1172, #7259 ),
 ( #629, #3098, #1915, #4310 ),
 ( #71, #6700, #7775, #2396 ),
 ( #1322, #3650, #6037, #3687 ),
 ( #4825, #5449, #2466, #1878 ),
 ( #6627, #3721, #6543, #4158 ),
 ( #7220, #4235, #669, #4788 ),
 ( #5372, #5415, #1286, #37 ),
 ( #743, #7180, #3064, #4274 ) ),
 .UNSPECIFIED., .F., .F., .F.,
 ( 4, 3, 2, 2, 2, 3, 4 ),
 ( 2, 1, 1, 2 ),
 ( -0.02332196372300270049, 0.000000000000000000, 0.2500000000000000000, 0.5000000000000000000, 0.7500000000000000000, 1.000000000000000000, 1.023321963723005101 ),
 ( -0.05286915988836141805, 0.000000000000000000, 1.000000000000000000, 1.133889140538345108 ),
 .UNSPECIFIED. ) ;
#6262 = CARTESIAN_POINT ( 'NONE',  ( 5.125804643244974201, -62.25438712407243003, 21.78651355608416651 ) ) ;
#6263 = ORIENTED_EDGE ( 'NONE', *, *, #1227, .F. ) ;
#6264 = CARTESIAN_POINT ( 'NONE',  ( -25.65639081652328812, -76.26764005264449509, 15.33569234972105555 ) ) ;
#6265 = EDGE_LOOP ( 'NONE', ( #6814, #3261, #3935, #2031 ) ) ;
#6266 = CARTESIAN_POINT ( 'NONE',  ( 15.98730253286794678, -75.93053228859207593, 3.012655168143822060 ) ) ;
#6267 = CARTESIAN_POINT ( 'NONE',  ( -43.49999999999998579, -49.99999999999998579, 25.00000000000000000 ) ) ;
#6268 = CARTESIAN_POINT ( 'NONE',  ( -7.181129364893381606, -60.08850364132558752, 0.1238092911977994454 ) ) ;
#6269 = CARTESIAN_POINT ( 'NONE',  ( -39.80020500600674893, 47.86374792742283546, 18.75834271537713960 ) ) ;
#6270 = ORIENTED_EDGE ( 'NONE', *, *, #5822, .T. ) ;
#6271 = CARTESIAN_POINT ( 'NONE',  ( -38.49999999999998579, -44.99999999999999289, 12.50000000000000000 ) ) ;
#6272 = DIRECTION ( 'NONE',  ( 1.000000000000000000, 0.000000000000000000, 0.000000000000000000 ) ) ;
#6273 = CARTESIAN_POINT ( 'NONE',  ( -15.23435836794828546, -74.68097998000808957, 8.429454583804899315 ) ) ;
#6274 = ADVANCED_FACE ( 'NONE', ( #1050 ), #4742, .F. ) ;
#6275 = CARTESIAN_POINT ( 'NONE',  ( -4.387663524004381976, -66.16893788201001314, 22.85255542920121385 ) ) ;
#6276 = CARTESIAN_POINT ( 'NONE',  ( 45.00000000000000000, 33.00000000000000711, 12.50000000000000000 ) ) ;
#6277 = CARTESIAN_POINT ( 'NONE',  ( 21.54134882557721653, -61.48676229556313899, 12.50000000000000000 ) ) ;
#6278 = CIRCLE ( 'NONE', #5235, 3.149999999999999911 ) ;
#6279 = CARTESIAN_POINT ( 'NONE',  ( 23.91533722709288412, -77.68097998000808957, 5.593113825357806768 ) ) ;
#6280 = VERTEX_POINT ( 'NONE', #2979 ) ;
#6281 = CARTESIAN_POINT ( 'NONE',  ( 21.11861617424166582, -64.42647446873773731, 4.559969313355566101 ) ) ;
#6282 = CARTESIAN_POINT ( 'NONE',  ( 48.50000000000000000, 40.00000000000000711, 17.00000000000000000 ) ) ;
#6283 = CARTESIAN_POINT ( 'NONE',  ( 24.86611085946165645, -58.40486459085619231, 14.73437165402763860 ) ) ;
#6284 = CARTESIAN_POINT ( 'NONE',  ( -15.27812424975108740, -61.28473688166987188, 3.526809579186696464 ) ) ;
#6285 = CARTESIAN_POINT ( 'NONE',  ( -2.372433802662533342, -61.18497540003685486, 3.499999999999998668 ) ) ;
#6286 = CARTESIAN_POINT ( 'NONE',  ( -22.31747927760338612, -74.68097998000811799, 12.49999999999999467 ) ) ;
#6287 = CARTESIAN_POINT ( 'NONE',  ( -14.55592638336464795, -64.06082949571727170, 21.52635791771855622 ) ) ;
#6288 = CARTESIAN_POINT ( 'NONE',  ( 17.39083232939696799, -74.68097998000808957, 11.68874560919682182 ) ) ;
#6289 = CARTESIAN_POINT ( 'NONE',  ( 19.37600169300813846, -74.05914381481881037, 19.64767786792035764 ) ) ;
#6290 = EDGE_LOOP ( 'NONE', ( #6976, #6057, #7650 ) ) ;
#6291 = CARTESIAN_POINT ( 'NONE',  ( -13.39183460692800054, -77.68097998000808957, 27.51784527955913973 ) ) ;
#6292 = CARTESIAN_POINT ( 'NONE',  ( -22.21001561302319161, -73.92854157489193767, 10.63356269532812526 ) ) ;
#6293 = CARTESIAN_POINT ( 'NONE',  ( -1.025945117527726991, -62.37828465761262464, 3.149037330901173437 ) ) ;
#6294 = CARTESIAN_POINT ( 'NONE',  ( -35.58541155513258047, 51.22724951309118069, 3.397131514081779283E-16 ) ) ;
#6295 = CARTESIAN_POINT ( 'NONE',  ( 22.35799744229860053, -75.36978877982663505, 13.31647633643720319 ) ) ;
#6296 = CARTESIAN_POINT ( 'NONE',  ( 16.66666666666669272, -60.68097998000806825, 25.00000000000000000 ) ) ;
#6297 = CARTESIAN_POINT ( 'NONE',  ( -38.61614460239671587, -46.83840986772056425, 0.6307844203485528656 ) ) ;
#6298 = EDGE_LOOP ( 'NONE', ( #5984, #2864, #2833, #5867 ) ) ;
#6299 = ADVANCED_FACE ( 'NONE', ( #7728 ), #7399, .F. ) ;
#6300 = EDGE_CURVE ( 'NONE', #1961, #493, #3916, .T. ) ;
#6301 = CARTESIAN_POINT ( 'NONE',  ( 5.850596816955496493, -70.00115572411091591, 23.76755041120980039 ) ) ;
#6302 = EDGE_LOOP ( 'NONE', ( #6539, #6458, #4712, #7601, #726, #6464, #2969, #3, #1937, #803, #6184, #1723, #4203, #1596 ) ) ;
#6303 = CARTESIAN_POINT ( 'NONE',  ( 41.80000000000000426, 35.00000000000000711, 0.000000000000000000 ) ) ;
#6304 = ORIENTED_EDGE ( 'NONE', *, *, #4440, .F. ) ;
#6305 = CARTESIAN_POINT ( 'NONE',  ( -43.50000000000000000, 55.00000000000000000, 7.461300714383657606 ) ) ;
#6306 = CARTESIAN_POINT ( 'NONE',  ( -8.212214766017190470, -60.08850364132558752, 0.1087901693476659021 ) ) ;
#6307 = CARTESIAN_POINT ( 'NONE',  ( -39.12587301329665479, 47.57725152544968950, 20.00087350255120100 ) ) ;
#6308 = VECTOR ( 'NONE', #649, 1000.000000000000000 ) ;
#6309 = ORIENTED_EDGE ( 'NONE', *, *, #4839, .T. ) ;
#6310 = EDGE_CURVE ( 'NONE', #3442, #4910, #6278, .T. ) ;
#6311 = CARTESIAN_POINT ( 'NONE',  ( 45.53429630830170538, 42.12013708455798167, 23.23844680062434165 ) ) ;
#6312 = DIRECTION ( 'NONE',  ( 1.000000000000000000, 0.000000000000000000, 0.000000000000000000 ) ) ;
#6313 = CARTESIAN_POINT ( 'NONE',  ( 0.8449283965625322690, -74.68097998000811799, 3.647019065169189389 ) ) ;
#6314 = CARTESIAN_POINT ( 'NONE',  ( -7.119641059399791416, -71.24902696812968372, 23.91054830818591626 ) ) ;
#6315 = FACE_OUTER_BOUND ( 'NONE', #3853, .T. ) ;
#6316 = DIRECTION ( 'NONE',  ( 1.321694076934710155E-16, -1.000000000000000000, 0.000000000000000000 ) ) ;
#6317 = CARTESIAN_POINT ( 'NONE',  ( -39.99999999999999289, 55.00000000000000711, 7.500000000000000000 ) ) ;
#6318 = FACE_OUTER_BOUND ( 'NONE', #4379, .T. ) ;
#6319 = VERTEX_POINT ( 'NONE', #7480 ) ;
#6320 = CARTESIAN_POINT ( 'NONE',  ( 21.33260991109959548, -74.87651464294046377, 7.318090385201371006 ) ) ;
#6321 = DIRECTION ( 'NONE',  ( 1.321694076934710155E-16, -1.000000000000000000, 0.000000000000000000 ) ) ;
#6322 = CARTESIAN_POINT ( 'NONE',  ( 25.06445558290797138, -58.40486459085619941, -1.554345678593188840 ) ) ;
#6323 = CARTESIAN_POINT ( 'NONE',  ( -17.51257824588244816, -75.73889334648906413, 3.980369144127132941 ) ) ;
#6324 = CARTESIAN_POINT ( 'NONE',  ( -40.20000000000303686, 50.00000000000451195, 1.526206676146177221 ) ) ;
#6325 = LINE ( 'NONE', #1076, #2691 ) ;
#6326 = CARTESIAN_POINT ( 'NONE',  ( -7.609620385704561230, -66.02743092381952295, 22.57547409002201277 ) ) ;
#6327 = CIRCLE ( 'NONE', #6587, 2.500000000000002220 ) ;
#6328 = CARTESIAN_POINT ( 'NONE',  ( 16.89984342426836506, -77.68097998000808957, 10.57354799686090452 ) ) ;
#6329 = CARTESIAN_POINT ( 'NONE',  ( 19.28701520035832218, -60.75429370680146945, 21.41889212146336874 ) ) ;
#6330 = ORIENTED_EDGE ( 'NONE', *, *, #567, .T. ) ;
#6331 = CYLINDRICAL_SURFACE ( 'NONE', #420, 2.499999999999995115 ) ;
#6332 = CARTESIAN_POINT ( 'NONE',  ( -21.86567313722191130, -67.00027559352304252, 12.49999999999999645 ) ) ;
#6333 = CARTESIAN_POINT ( 'NONE',  ( -3.147311357998983983, -63.61960519538072134, 2.814330596337372370 ) ) ;
#6334 = DIRECTION ( 'NONE',  ( -0.000000000000000000, -0.000000000000000000, -1.000000000000000000 ) ) ;
#6335 = CYLINDRICAL_SURFACE ( 'NONE', #7774, 2.500000000000002220 ) ;
#6336 = CARTESIAN_POINT ( 'NONE',  ( -21.73250879638446875, -66.92739287752274890, 19.62693059876816193 ) ) ;
#6337 = LINE ( 'NONE', #382, #1645 ) ;
#6338 = EDGE_LOOP ( 'NONE', ( #1367, #5291, #3682, #6222, #5813 ) ) ;
#6339 = B_SPLINE_CURVE_WITH_KNOTS ( 'NONE', 3,
 ( #7571, #4579, #1472, #7014, #2068, #5090, #1593, #2109, #421, #3835, #859, #4456, #896, #2703, #4500, #6895, #1514, #1090, #2345, #1207, #3478, #4069, #3601, #2308 ),
 .UNSPECIFIED., .F., .F.,
 ( 4, 2, 2, 2, 2, 2, 2, 2, 2, 2, 2, 4 ),
 ( 0.000000000000000000, 0.0008327406145006767966, 0.001665481229001353593, 0.002498221843502030498, 0.002914592150752373396, 0.003330962458002716294, 0.003747332765253059191, 0.004163703072503402089, 0.004580073379753744553, 0.004996443687004087884, 0.005829184301504757200, 0.006661924916005426515 ),
 .UNSPECIFIED. ) ;
#6340 = CARTESIAN_POINT ( 'NONE',  ( 7.169563502621121742, -62.13114503245890319, 21.72898316717781952 ) ) ;
#6341 = EDGE_LOOP ( 'NONE', ( #2991, #4627 ) ) ;
#6342 = LINE ( 'NONE', #1798, #675 ) ;
#6343 = ORIENTED_EDGE ( 'NONE', *, *, #148, .T. ) ;
#6344 = CARTESIAN_POINT ( 'NONE',  ( -25.00000000000000000, -60.68097998000807536, 0.000000000000000000 ) ) ;
#6345 = CARTESIAN_POINT ( 'NONE',  ( -10.28067891613576279, -60.08850364132558752, 0.07457441105681467119 ) ) ;
#6346 = CARTESIAN_POINT ( 'NONE',  ( -39.99999999999999289, 48.00000000000000711, 17.82567254622889408 ) ) ;
#6347 = EDGE_CURVE ( 'NONE', #7223, #7149, #1766, .T. ) ;
#6348 = ORIENTED_EDGE ( 'NONE', *, *, #3153, .F. ) ;
#6349 = CARTESIAN_POINT ( 'NONE',  ( -21.53745693383747550, -61.42060013598756996, 14.32432318592458032 ) ) ;
#6350 = CARTESIAN_POINT ( 'NONE',  ( -39.22380449635262778, -42.60523164450249567, 5.126783034840887154 ) ) ;
#6351 = CARTESIAN_POINT ( 'NONE',  ( -10.72868546674330759, -74.68097998000808957, 5.680177122994568784 ) ) ;
#6352 = CARTESIAN_POINT ( 'NONE',  ( -5.031986813491707622, -73.89515745168260707, 24.94479774505366265 ) ) ;
#6353 = EDGE_CURVE ( 'NONE', #3918, #5072, #5325, .T. ) ;
#6354 = B_SPLINE_CURVE_WITH_KNOTS ( 'NONE', 3,
 ( #6971, #5286, #500, #971 ),
 .UNSPECIFIED., .F., .F.,
 ( 4, 4 ),
 ( 0.000000000000000000, 1.000000000000000000 ),
 .UNSPECIFIED. ) ;
#6355 = CARTESIAN_POINT ( 'NONE',  ( 25.99999999999999645, -74.68097998000808957, 12.50000000000000000 ) ) ;
#6356 = CARTESIAN_POINT ( 'NONE',  ( -36.06293926877657441, 49.35458908523312971, 3.498595310733246588 ) ) ;
#6357 = CARTESIAN_POINT ( 'NONE',  ( 1.556906051385452905, -77.68097998000810378, -5.000000000000002665 ) ) ;
#6358 = VECTOR ( 'NONE', #2470, 1000.000000000000114 ) ;
#6359 = VERTEX_POINT ( 'NONE', #289 ) ;
#6360 = CARTESIAN_POINT ( 'NONE',  ( 23.26286136411582461, -60.25208665492808535, 3.558532079857330555 ) ) ;
#6361 = CARTESIAN_POINT ( 'NONE',  ( 45.00000000000000000, 40.00000000000000711, 25.00000000000000000 ) ) ;
#6362 = CARTESIAN_POINT ( 'NONE',  ( 25.00000000000000000, -60.68097998000806825, 20.83333333333335702 ) ) ;
#6363 = CARTESIAN_POINT ( 'NONE',  ( -15.89699099475421207, -67.90561655687788800, 3.628881381157490704 ) ) ;
#6364 = CARTESIAN_POINT ( 'NONE',  ( -11.83966574198722910, -60.82620724435720660, 3.500000000000000000 ) ) ;
#6365 = AXIS2_PLACEMENT_3D ( 'NONE', #3349, #7552, #6956 ) ;
#6366 = CARTESIAN_POINT ( 'NONE',  ( 44.52639993343206726, 42.80325553175496367, 5.591475934313032248 ) ) ;
#6367 = CARTESIAN_POINT ( 'NONE',  ( -9.922441898049360276, -75.03964656109293685, 24.27834282927301501 ) ) ;
#6368 = CARTESIAN_POINT ( 'NONE',  ( 25.77095710580043075, -77.68097998000807536, 10.13382612085848855 ) ) ;
#6369 = CARTESIAN_POINT ( 'NONE',  ( 18.54822854604102389, -68.84083914646727465, 20.47275263840863602 ) ) ;
#6370 = ORIENTED_EDGE ( 'NONE', *, *, #210, .F. ) ;
#6371 = CARTESIAN_POINT ( 'NONE',  ( -43.49999999999999289, -14.68097998000809135, 8.499999999999998224 ) ) ;
#6372 = AXIS2_PLACEMENT_3D ( 'NONE', #1868, #7290, #657 ) ;
#6373 = CARTESIAN_POINT ( 'NONE',  ( -21.70046491881508643, -66.86023678369443246, 6.729302464465113154 ) ) ;
#6374 = CARTESIAN_POINT ( 'NONE',  ( -5.987816721374883090E-14, -72.65566637535962968, 0.1262780021520581164 ) ) ;
#6375 = CARTESIAN_POINT ( 'NONE',  ( -40.19999999999998863, -44.31902001999193175, 12.50000000000000000 ) ) ;
#6376 = CARTESIAN_POINT ( 'NONE',  ( -38.49999999999998579, -44.31902001999193175, 12.50000000000000000 ) ) ;
#6377 = EDGE_CURVE ( 'NONE', #2735, #6712, #1543, .T. ) ;
#6378 = CARTESIAN_POINT ( 'NONE',  ( -21.01362485803126745, -73.64903156312649912, 18.32079992438382732 ) ) ;
#6379 = CARTESIAN_POINT ( 'NONE',  ( -38.49999999999998579, 50.00000000000000711, 17.00000000000000000 ) ) ;
#6380 = ORIENTED_EDGE ( 'NONE', *, *, #4935, .T. ) ;
#6381 = CARTESIAN_POINT ( 'NONE',  ( 4.387663524004445037, -66.16893788200997051, 22.85255542920119964 ) ) ;
#6382 = ORIENTED_EDGE ( 'NONE', *, *, #5170, .T. ) ;
#6383 = VECTOR ( 'NONE', #2801, 1000.000000000000000 ) ;
#6384 = LINE ( 'NONE', #2234, #6553 ) ;
#6385 = VERTEX_POINT ( 'NONE', #4569 ) ;
#6386 = CARTESIAN_POINT ( 'NONE',  ( -24.62304033231383116, -78.57975569811021899, 7.283952067268446129 ) ) ;
#6387 = CARTESIAN_POINT ( 'NONE',  ( -5.123743942441833177, -60.08850364132558752, 0.1484374267530808589 ) ) ;
#6388 = CARTESIAN_POINT ( 'NONE',  ( -20.29450952261448649, -77.68097998000808957, 23.47366074862152630 ) ) ;
#6389 = ORIENTED_EDGE ( 'NONE', *, *, #4218, .F. ) ;
#6390 = CARTESIAN_POINT ( 'NONE',  ( -22.27594339145246849, -73.97486991544238322, 13.43201868875543070 ) ) ;
#6391 = CARTESIAN_POINT ( 'NONE',  ( -26.00004068274413527, -77.68097998000808957, 11.55073599662177308 ) ) ;
#6392 = CARTESIAN_POINT ( 'NONE',  ( 16.82312551711495274, -74.68097998000810378, 10.41191808649315398 ) ) ;
#6393 = CARTESIAN_POINT ( 'NONE',  ( -6.253777446258443895, -73.86767720903814904, 24.76297163272380075 ) ) ;
#6394 = CARTESIAN_POINT ( 'NONE',  ( 1.791487525089265898, -77.68097998000808957, 21.31248234468181835 ) ) ;
#6395 = CARTESIAN_POINT ( 'NONE',  ( -36.00000000000000711, 49.67391381385331783, 3.500000000000000444 ) ) ;
#6396 = CARTESIAN_POINT ( 'NONE',  ( -1.023709775831193269, -60.08850364132558752, 0.1742577466713191858 ) ) ;
#6397 = EDGE_CURVE ( 'NONE', #5817, #3069, #3319, .T. ) ;
#6398 = EDGE_CURVE ( 'NONE', #6807, #5755, #1928, .T. ) ;
#6399 = CARTESIAN_POINT ( 'NONE',  ( 20.56825818433688013, -72.43409616876481039, 6.065429901611529395 ) ) ;
#6400 = CARTESIAN_POINT ( 'NONE',  ( -22.16687723080956118, -72.12074518451309757, 12.50000000000000533 ) ) ;
#6401 = CARTESIAN_POINT ( 'NONE',  ( 43.43933072484647084, 32.49723695952856417, 4.325768929675245289 ) ) ;
#6402 = CARTESIAN_POINT ( 'NONE',  ( -15.46319894975090570, -71.98563806083522820, 3.214975973819857558 ) ) ;
#6403 = CARTESIAN_POINT ( 'NONE',  ( -37.30248980480732257, 56.80454388734479210, 24.79860820477656702 ) ) ;
#6404 = ORIENTED_EDGE ( 'NONE', *, *, #2673, .F. ) ;
#6405 = CARTESIAN_POINT ( 'NONE',  ( 42.66106741743018915, 44.02423297943231972, 3.852859510790959785 ) ) ;
#6406 = CARTESIAN_POINT ( 'NONE',  ( -11.74353916982582646, -65.71230145461157690, 22.03097900113526109 ) ) ;
#6407 = ADVANCED_FACE ( 'NONE', ( #963, #3355 ), #5743, .T. ) ;
#6408 = ORIENTED_EDGE ( 'NONE', *, *, #6647, .F. ) ;
#6409 = CARTESIAN_POINT ( 'NONE',  ( 14.30584225319181435, -77.68097998000810378, 27.13099647796967417 ) ) ;
#6410 = DIRECTION ( 'NONE',  ( 0.000000000000000000, -1.000000000000000000, 0.000000000000000000 ) ) ;
#6411 = CARTESIAN_POINT ( 'NONE',  ( 1.155144159076589183, -68.80164823120449569, 1.259812750432974804 ) ) ;
#6412 = CARTESIAN_POINT ( 'NONE',  ( -38.61842451349600935, 52.51827096610563927, 0.6317624500522380782 ) ) ;
#6413 = CARTESIAN_POINT ( 'NONE',  ( 25.59826332794822079, -74.68097998000808957, 15.56445311928334974 ) ) ;
#6414 = CARTESIAN_POINT ( 'NONE',  ( -21.44041873374012042, -69.59180966811723579, 19.02304469394652386 ) ) ;
#6415 = CARTESIAN_POINT ( 'NONE',  ( -16.72396339815511723, -74.68097998000808957, 10.22274848313005791 ) ) ;
#6416 = ORIENTED_EDGE ( 'NONE', *, *, #2692, .T. ) ;
#6417 = CARTESIAN_POINT ( 'NONE',  ( 6.028205923975934688, -60.89449903058041969, 21.45618835811924896 ) ) ;
#6418 = VERTEX_POINT ( 'NONE', #572 ) ;
#6419 = CARTESIAN_POINT ( 'NONE',  ( -37.76115894736750533, 52.39265793395802007, 21.09492963505794449 ) ) ;
#6420 = VERTEX_POINT ( 'NONE', #3470 ) ;
#6421 = DIRECTION ( 'NONE',  ( 1.321694076934710155E-16, -1.000000000000000000, 0.000000000000000000 ) ) ;
#6422 = CARTESIAN_POINT ( 'NONE',  ( 2.931798655200713366, -74.68097998000808957, 29.03952146894467390 ) ) ;
#6423 = CARTESIAN_POINT ( 'NONE',  ( 43.50000000000000711, 35.00000000000000711, 17.00000000000000000 ) ) ;
#6424 = EDGE_LOOP ( 'NONE', ( #4503, #502, #4151, #5734 ) ) ;
#6425 = LINE ( 'NONE', #3614, #3113 ) ;
#6426 = CARTESIAN_POINT ( 'NONE',  ( 48.50000000000000000, 40.00000000000000000, 17.29277411651340302 ) ) ;
#6427 = DIRECTION ( 'NONE',  ( -1.000000000000000000, 0.000000000000000000, 0.000000000000000000 ) ) ;
#6428 = CARTESIAN_POINT ( 'NONE',  ( 13.08901529407476616, -74.68097998000810378, 6.858004917999571681 ) ) ;
#6429 = CARTESIAN_POINT ( 'NONE',  ( 3.055969180766327553E-14, -63.66295737233106422, 22.22880758519249156 ) ) ;
#6430 = B_SPLINE_CURVE_WITH_KNOTS ( 'NONE', 3,
 ( #6073, #707, #2985, #5485, #112, #6588, #2508 ),
 .UNSPECIFIED., .F., .F.,
 ( 4, 3, 4 ),
 ( 9.941479219548569077E-05, 0.008383980808486856534, 0.01607796213554075343 ),
 .UNSPECIFIED. ) ;
#6431 = FACE_OUTER_BOUND ( 'NONE', #5418, .T. ) ;
#6432 = CARTESIAN_POINT ( 'NONE',  ( 25.86574135803885000, -74.68097998000808957, 10.44776716955278673 ) ) ;
#6433 = LINE ( 'NONE', #952, #6383 ) ;
#6434 = CARTESIAN_POINT ( 'NONE',  ( -6.244163685090618365, -78.46065648618757393, -4.742606893536249757 ) ) ;
#6435 = VECTOR ( 'NONE', #882, 1000.000000000000000 ) ;
#6436 = CARTESIAN_POINT ( 'NONE',  ( 17.37202824585856931, -74.41655535215049611, 3.984242808685007020 ) ) ;
#6437 = CARTESIAN_POINT ( 'NONE',  ( -22.01627518401573624, -69.56051038901807715, 12.50000000000000000 ) ) ;
#6438 = CARTESIAN_POINT ( 'NONE',  ( 45.00000000000001421, -43.00000000000000000, 32.07106781186548261 ) ) ;
#6439 = CARTESIAN_POINT ( 'NONE',  ( -22.09143249191681235, -69.43777919450921843, 6.295393559980642095 ) ) ;
#6440 = CARTESIAN_POINT ( 'NONE',  ( 48.50000000000000000, 40.00000000000000711, 12.50000000000000000 ) ) ;
#6441 = CARTESIAN_POINT ( 'NONE',  ( 45.00000000000000000, 42.48381121475496514, 17.50000000000000000 ) ) ;
#6442 = EDGE_CURVE ( 'NONE', #5055, #4947, #7737, .T. ) ;
#6443 = CARTESIAN_POINT ( 'NONE',  ( -12.07158440641126340, -74.92861274425075635, 23.57851183822465657 ) ) ;
#6444 = EDGE_CURVE ( 'NONE', #1949, #4461, #1786, .T. ) ;
#6445 = LINE ( 'NONE', #4022, #6224 ) ;
#6446 = VERTEX_POINT ( 'NONE', #7082 ) ;
#6447 = CARTESIAN_POINT ( 'NONE',  ( -43.49999999999998579, -49.99999999999998579, 8.000000000000000000 ) ) ;
#6448 = CARTESIAN_POINT ( 'NONE',  ( -36.82687052743025902, -43.13553702992607697, 21.41525718696718883 ) ) ;
#6449 = CARTESIAN_POINT ( 'NONE',  ( -2.202768498277746456, -66.21969019301735671, 2.042487438672071942 ) ) ;
#6450 = CARTESIAN_POINT ( 'NONE',  ( 21.94772718806802558, -68.39519445790692487, 11.15310323875508658 ) ) ;
#6451 = LINE ( 'NONE', #5824, #3131 ) ;
#6452 = ADVANCED_FACE ( 'NONE', ( #7757 ), #4098, .F. ) ;
#6453 = CARTESIAN_POINT ( 'NONE',  ( -22.44883895174223554, -70.63756611667150764, 18.07768852544634797 ) ) ;
#6454 = CARTESIAN_POINT ( 'NONE',  ( -16.72396339815511723, -77.68097998000808957, 10.22274848313005791 ) ) ;
#6455 = AXIS2_PLACEMENT_3D ( 'NONE', #7310, #6710, #4955 ) ;
#6456 = ORIENTED_EDGE ( 'NONE', *, *, #1319, .T. ) ;
#6457 = CARTESIAN_POINT ( 'NONE',  ( 14.01195604400240668, -74.78477465005468616, 22.77149664751692271 ) ) ;
#6458 = ORIENTED_EDGE ( 'NONE', *, *, #5068, .F. ) ;
#6459 = CARTESIAN_POINT ( 'NONE',  ( -37.20919598196370259, 52.14684672917515229, 21.31525685961194583 ) ) ;
#6460 = CARTESIAN_POINT ( 'NONE',  ( -25.86412541772802953, -77.68097998000808957, 10.43546977629970129 ) ) ;
#6461 = CARTESIAN_POINT ( 'NONE',  ( -37.27747244988446340, 56.81092670772567743, 3.700730954626392233 ) ) ;
#6462 = CARTESIAN_POINT ( 'NONE',  ( 14.77299651914991152, -74.68097998000808957, 26.30873636728735221 ) ) ;
#6463 = CARTESIAN_POINT ( 'NONE',  ( -25.56370021568282880, -60.08850364132559463, 25.25290740351047347 ) ) ;
#6464 = ORIENTED_EDGE ( 'NONE', *, *, #85, .F. ) ;
#6465 = CARTESIAN_POINT ( 'NONE',  ( 43.50000000000000711, -44.31902001999193175, 17.00000000000000000 ) ) ;
#6466 = CARTESIAN_POINT ( 'NONE',  ( 47.27267162262661770, 40.89731842001545914, 21.29115293034400480 ) ) ;
#6467 = FACE_OUTER_BOUND ( 'NONE', #3482, .T. ) ;
#6468 = CARTESIAN_POINT ( 'NONE',  ( 12.51255743855654501, -74.68097998000808957, 6.536687328774012151 ) ) ;
#6469 = CARTESIAN_POINT ( 'NONE',  ( -1.966686948422188429E-15, -76.50968451951501947, 26.00725674612893812 ) ) ;
#6470 = CARTESIAN_POINT ( 'NONE',  ( -11.89271580238520976, -77.68097998000808957, 18.79153470780751789 ) ) ;
#6471 = CARTESIAN_POINT ( 'NONE',  ( -37.05662297367697278, -41.68767078988038577, 0.1517382176756874590 ) ) ;
#6472 = CARTESIAN_POINT ( 'NONE',  ( 11.80860400651024023, -77.68097998000806115, -3.121530360221613787 ) ) ;
#6473 = CARTESIAN_POINT ( 'NONE',  ( 18.51232292992931860, -67.50997419503484309, 4.394127797851886008 ) ) ;
#6474 = CARTESIAN_POINT ( 'NONE',  ( -16.87180702193322190, -77.68097998000808957, 10.51135254540283093 ) ) ;
#6475 = CARTESIAN_POINT ( 'NONE',  ( -21.62540611165024629, -69.88775308333659098, 6.143668502190865688 ) ) ;
#6476 = CARTESIAN_POINT ( 'NONE',  ( -20.66132021255321760, -71.08805801176086447, 5.856844616822195704 ) ) ;
#6477 = CARTESIAN_POINT ( 'NONE',  ( -42.66596444785665909, 55.26809699679146348, 20.59565342308475522 ) ) ;
#6478 = ORIENTED_EDGE ( 'NONE', *, *, #3982, .T. ) ;
#6479 = DIRECTION ( 'NONE',  ( -0.000000000000000000, 1.000000000000000000, -0.000000000000000000 ) ) ;
#6480 = AXIS2_PLACEMENT_3D ( 'NONE', #3552, #2850, #7638 ) ;
#6481 = CARTESIAN_POINT ( 'NONE',  ( -8.043871396715127631, -60.74764863851541463, 21.44956342548003647 ) ) ;
#6482 = VECTOR ( 'NONE', #7186, 1000.000000000000000 ) ;
#6483 = CARTESIAN_POINT ( 'NONE',  ( -38.49999999999998579, 50.00000000000000711, 0.000000000000000000 ) ) ;
#6484 = EDGE_LOOP ( 'NONE', ( #7023, #779, #1258, #7674, #1505 ) ) ;
#6485 = CARTESIAN_POINT ( 'NONE',  ( -24.64196912394494632, -77.68097998000808957, 6.918193014638940319 ) ) ;
#6486 = CARTESIAN_POINT ( 'NONE',  ( 21.84978241376886388, -77.68097998000808957, 3.014867397376943536 ) ) ;
#6487 = EDGE_CURVE ( 'NONE', #4040, #1746, #1224, .T. ) ;
#6488 = EDGE_CURVE ( 'NONE', #1696, #304, #6445, .T. ) ;
#6489 = CARTESIAN_POINT ( 'NONE',  ( -11.20103536297174962, -76.27964005510563084, 0.8374284320468894371 ) ) ;
#6490 = VECTOR ( 'NONE', #3937, 1000.000000000000000 ) ;
#6491 = CARTESIAN_POINT ( 'NONE',  ( 22.35799744229857566, -75.36978877982627978, 12.50000000000002132 ) ) ;
#6492 = CARTESIAN_POINT ( 'NONE',  ( 25.99999999999999645, -74.68097998000808957, 12.50000000000000000 ) ) ;
#6493 = CARTESIAN_POINT ( 'NONE',  ( -22.19467755870270764, -61.67099295009834492, 21.03929699607160586 ) ) ;
#6494 = CARTESIAN_POINT ( 'NONE',  ( -16.44962808176705593, -74.68097998000808957, 9.758157174275556400 ) ) ;
#6495 = ORIENTED_EDGE ( 'NONE', *, *, #6689, .T. ) ;
#6496 = AXIS2_PLACEMENT_3D ( 'NONE', #4043, #2836, #6427 ) ;
#6497 = CARTESIAN_POINT ( 'NONE',  ( 8.189553766514857003, -62.05425849650065118, 21.69520094444620995 ) ) ;
#6498 = EDGE_LOOP ( 'NONE', ( #1702, #6507, #154, #7495 ) ) ;
#6499 =( LENGTH_UNIT ( ) NAMED_UNIT ( * ) SI_UNIT ( .MILLI., .METRE. ) );
#6500 = ORIENTED_EDGE ( 'NONE', *, *, #4634, .F. ) ;
#6501 = EDGE_CURVE ( 'NONE', #5498, #1134, #6571, .T. ) ;
#6502 = CARTESIAN_POINT ( 'NONE',  ( 9.054704145853175845, -60.65315991010832164, 3.549485704091775329 ) ) ;
#6503 = VECTOR ( 'NONE', #5787, 1000.000000000000000 ) ;
#6504 = CARTESIAN_POINT ( 'NONE',  ( -25.06445558290797138, -58.40486459085621362, -1.554345678593400448 ) ) ;
#6505 = CARTESIAN_POINT ( 'NONE',  ( 41.00000000000000711, 35.00000000000000711, 3.499999999999999556 ) ) ;
#6506 = LINE ( 'NONE', #5837, #3826 ) ;
#6507 = ORIENTED_EDGE ( 'NONE', *, *, #4006, .F. ) ;
#6508 = VECTOR ( 'NONE', #4981, 1000.000000000000000 ) ;
#6509 = CYLINDRICAL_SURFACE ( 'NONE', #3989, 1.700000000000000178 ) ;
#6510 = CARTESIAN_POINT ( 'NONE',  ( -12.02346287270559344, -60.68097998000807536, 25.00000000000000000 ) ) ;
#6511 = ORIENTED_EDGE ( 'NONE', *, *, #386, .F. ) ;
#6512 = CARTESIAN_POINT ( 'NONE',  ( -39.99999999999999289, 55.00000000000000711, 12.50000000000000000 ) ) ;
#6513 = CARTESIAN_POINT ( 'NONE',  ( 14.80109137239818828, -74.68097998000808957, 8.057434705594546998 ) ) ;
#6514 = CARTESIAN_POINT ( 'NONE',  ( -1.269873893826195976, -73.94033909007822558, 25.25156691394165520 ) ) ;
#6515 = CARTESIAN_POINT ( 'NONE',  ( -10.68616235950688598, -77.68097998000808957, 19.34184003423209575 ) ) ;
#6516 = CARTESIAN_POINT ( 'NONE',  ( 40.99738939908354496, 45.06606650312834716, -2.405573570202198172E-16 ) ) ;
#6517 = DIRECTION ( 'NONE',  ( 1.321694076934710155E-16, -1.000000000000000000, 0.000000000000000000 ) ) ;
#6518 = CARTESIAN_POINT ( 'NONE',  ( 2.047426502804825965, -60.08850364132558752, 0.1709514921392598086 ) ) ;
#6519 = CARTESIAN_POINT ( 'NONE',  ( 20.20629099326304257, -65.89128847262834654, 20.32995585462994015 ) ) ;
#6520 = EDGE_CURVE ( 'NONE', #291, #4109, #1724, .T. ) ;
#6521 = CARTESIAN_POINT ( 'NONE',  ( 19.28701520035821559, -60.75429370680143393, 3.581107878536618827 ) ) ;
#6522 = CARTESIAN_POINT ( 'NONE',  ( -21.54134882557720942, -61.48676229556309636, 12.50000000000000000 ) ) ;
#6523 = CARTESIAN_POINT ( 'NONE',  ( -38.49999999999998579, -44.31902001999193175, 0.000000000000000000 ) ) ;
#6524 = CARTESIAN_POINT ( 'NONE',  ( -20.11894675680564148, -68.55372126862238247, 5.121548220816970698 ) ) ;
#6525 = FACE_OUTER_BOUND ( 'NONE', #1884, .T. ) ;
#6526 = ORIENTED_EDGE ( 'NONE', *, *, #7003, .F. ) ;
#6527 = CARTESIAN_POINT ( 'NONE',  ( -16.52603377690017439, -77.68097998000808957, 15.10729876666275473 ) ) ;
#6528 = FACE_OUTER_BOUND ( 'NONE', #5794, .T. ) ;
#6529 = ORIENTED_EDGE ( 'NONE', *, *, #5258, .T. ) ;
#6530 = DIRECTION ( 'NONE',  ( 0.8571673007021104462, 1.049727191138616354E-16, -0.5150380749100574862 ) ) ;
#6531 = CARTESIAN_POINT ( 'NONE',  ( -37.34525904103469429, -42.77756113221352052, 21.26990713887056117 ) ) ;
#6532 = CARTESIAN_POINT ( 'NONE',  ( -4.594442449191540767, -68.74535125111441403, 1.450579692877384641 ) ) ;
#6533 = CARTESIAN_POINT ( 'NONE',  ( 21.88906146500456984, -69.68893327938373261, 8.762025568735529291 ) ) ;
#6534 = CARTESIAN_POINT ( 'NONE',  ( -17.92423157313852400, -74.68097998000813220, 20.67297945116578362 ) ) ;
#6535 = CARTESIAN_POINT ( 'NONE',  ( -17.98824709115319465, -72.97375503990780032, 20.59575414105923130 ) ) ;
#6536 = CARTESIAN_POINT ( 'NONE',  ( -39.99999999999997868, -47.97927405783629951, 25.00000000000000000 ) ) ;
#6537 = ORIENTED_EDGE ( 'NONE', *, *, #7284, .T. ) ;
#6538 = CARTESIAN_POINT ( 'NONE',  ( 10.04835707264493649, -68.48904339848741074, 22.77165118949757172 ) ) ;
#6539 = ORIENTED_EDGE ( 'NONE', *, *, #5403, .F. ) ;
#6540 = DIRECTION ( 'NONE',  ( -1.000000000000000000, 0.000000000000000000, 0.000000000000000000 ) ) ;
#6541 = VERTEX_POINT ( 'NONE', #7163 ) ;
#6542 = CARTESIAN_POINT ( 'NONE',  ( 10.72991679976125567, -65.80485113131311437, 2.817763656496418800 ) ) ;
#6543 = CARTESIAN_POINT ( 'NONE',  ( -25.00000000000000000, -60.68097998000807536, 25.00000000000000000 ) ) ;
#6544 = CARTESIAN_POINT ( 'NONE',  ( 16.89247449991621508, -74.68097998000810378, 25.33587235157839501 ) ) ;
#6545 = CARTESIAN_POINT ( 'NONE',  ( 41.60290671860214218, -43.36396165068374131, 3.544060516401265293 ) ) ;
#6546 = EDGE_CURVE ( 'NONE', #938, #2643, #2376, .T. ) ;
#6547 = EDGE_CURVE ( 'NONE', #5884, #5630, #850, .T. ) ;
#6548 = EDGE_LOOP ( 'NONE', ( #1797, #7413, #1586, #6786 ) ) ;
#6549 = CARTESIAN_POINT ( 'NONE',  ( -25.99999999999999645, -77.68097998000808957, 12.50000000000000000 ) ) ;
#6550 = CARTESIAN_POINT ( 'NONE',  ( -21.46532545357950639, -58.50054859129876661, 22.53534804813464021 ) ) ;
#6551 = APPLICATION_CONTEXT ( 'automotive_design' ) ;
#6552 = EDGE_LOOP ( 'NONE', ( #3495, #4530, #861, #3985, #4079, #7103, #2927, #555, #3311, #120, #6370, #7161, #4457, #1171, #1675 ) ) ;
#6553 = VECTOR ( 'NONE', #6899, 1000.000000000000000 ) ;
#6554 = LINE ( 'NONE', #715, #495 ) ;
#6555 = CARTESIAN_POINT ( 'NONE',  ( 16.54537206643119873, -74.68097998000808957, 9.929751374092770533 ) ) ;
#6556 = CARTESIAN_POINT ( 'NONE',  ( 3.741518600578935749E-14, -61.09361194289425612, 21.47311775300519443 ) ) ;
#6557 = CARTESIAN_POINT ( 'NONE',  ( -15.21300846162351661, -77.68097998000808957, 16.60009969536301355 ) ) ;
#6558 = CARTESIAN_POINT ( 'NONE',  ( -37.72180911087509969, 47.25674850051613873, 0.3096981344597362074 ) ) ;
#6559 = EDGE_CURVE ( 'NONE', #5668, #710, #7718, .T. ) ;
#6560 = B_SPLINE_CURVE_WITH_KNOTS ( 'NONE', 3,
 ( #1437, #1401, #5565, #4422 ),
 .UNSPECIFIED., .F., .F.,
 ( 4, 4 ),
 ( 0.06795832094714036875, 0.07695915824665158778 ),
 .UNSPECIFIED. ) ;
#6561 = CARTESIAN_POINT ( 'NONE',  ( 22.30159721909730308, -68.10197713995370350, 19.03321599017065680 ) ) ;
#6562 = CARTESIAN_POINT ( 'NONE',  ( 18.62848327787480684, -71.51031302792758026, 4.731460550975977952 ) ) ;
#6563 = CARTESIAN_POINT ( 'NONE',  ( -16.18451032361756248, -77.68097998000808957, 9.413314671481312956 ) ) ;
#6564 = CARTESIAN_POINT ( 'NONE',  ( -21.61464733046744158, -74.68097998000808957, 7.613070865666383469 ) ) ;
#6565 = CARTESIAN_POINT ( 'NONE',  ( -19.98704413389294743, -72.57875354981035798, 5.660135021069078398 ) ) ;
#6566 = CARTESIAN_POINT ( 'NONE',  ( -41.47617235541170544, 55.63646486264878632, 22.32486096868723280 ) ) ;
#6567 = VERTEX_POINT ( 'NONE', #7004 ) ;
#6568 = EDGE_LOOP ( 'NONE', ( #6210, #6900, #2417, #1399 ) ) ;
#6569 = CARTESIAN_POINT ( 'NONE',  ( -17.03494416879678397, -77.68097998000808957, 14.12286839206779376 ) ) ;
#6570 = VECTOR ( 'NONE', #2219, 1000.000000000000000 ) ;
#6571 = LINE ( 'NONE', #5356, #5107 ) ;
#6572 = ORIENTED_EDGE ( 'NONE', *, *, #1708, .T. ) ;
#6573 = DIRECTION ( 'NONE',  ( 0.000000000000000000, -1.000000000000000000, 0.000000000000000000 ) ) ;
#6574 = CARTESIAN_POINT ( 'NONE',  ( 21.74677367786639692, -77.18211922000948277, 2.907439065020341218 ) ) ;
#6575 = CARTESIAN_POINT ( 'NONE',  ( -5.723047528791990857, -68.71122229984678143, 1.563647561549926124 ) ) ;
#6576 = CARTESIAN_POINT ( 'NONE',  ( 21.51792626048056079, -61.32458856655827617, 5.203247769568226211 ) ) ;
#6577 = CARTESIAN_POINT ( 'NONE',  ( 41.49267902488230675, 44.76100098811348715, 21.50000000000000000 ) ) ;
#6578 = CARTESIAN_POINT ( 'NONE',  ( -20.06834574779894353, -69.89223004139697082, 19.68043664198771125 ) ) ;
#6579 =( BOUNDED_CURVE ( )  B_SPLINE_CURVE ( 3, ( #1621, #5276, #4095, #1037 ),
 .UNSPECIFIED., .F., .T. ) 
 B_SPLINE_CURVE_WITH_KNOTS ( ( 4, 4 ),
 ( 6.107166181794426052, 6.283185307179586232 ),
 .UNSPECIFIED. ) 
 CURVE ( )  GEOMETRIC_REPRESENTATION_ITEM ( )  RATIONAL_B_SPLINE_CURVE ( ( 1.000000000000000000, 0.9974197717393031848, 0.9974197717393031848, 1.000000000000000000 ) ) 
 REPRESENTATION_ITEM ( '' )  );
#6580 = CARTESIAN_POINT ( 'NONE',  ( -16.87180702193322190, -77.68097998000808957, 10.51135254540283093 ) ) ;
#6581 = ORIENTED_EDGE ( 'NONE', *, *, #4839, .F. ) ;
#6582 = CARTESIAN_POINT ( 'NONE',  ( 11.20103536297176561, -76.27964005510587242, 24.16257156795316163 ) ) ;
#6583 = ORIENTED_EDGE ( 'NONE', *, *, #2003, .T. ) ;
#6584 = DIRECTION ( 'NONE',  ( 1.000000000000000000, 0.000000000000000000, 0.000000000000000000 ) ) ;
#6585 = CARTESIAN_POINT ( 'NONE',  ( -25.05894920403238046, -58.40486459085621362, -1.344987424665064379 ) ) ;
#6586 = CARTESIAN_POINT ( 'NONE',  ( 10.90742652497159959, -67.11234154785975647, 2.624638835394966119 ) ) ;
#6587 = AXIS2_PLACEMENT_3D ( 'NONE', #6271, #2004, #312 ) ;
#6588 = CARTESIAN_POINT ( 'NONE',  ( 22.16687723080956829, -72.12074518451312599, 12.49999999999998579 ) ) ;
#6589 = DIRECTION ( 'NONE',  ( -0.000000000000000000, -0.000000000000000000, -1.000000000000000000 ) ) ;
#6590 = CARTESIAN_POINT ( 'NONE',  ( 10.60879064121278148, -78.46065648618760235, 28.71540431614763023 ) ) ;
#6591 = ORIENTED_EDGE ( 'NONE', *, *, #4208, .F. ) ;
#6592 = AXIS2_PLACEMENT_3D ( 'NONE', #6727, #5148, #7507 ) ;
#6593 = CARTESIAN_POINT ( 'NONE',  ( -43.50000000000000000, 55.00000000000000711, 12.50000000000000000 ) ) ;
#6594 = CARTESIAN_POINT ( 'NONE',  ( -21.48137684748378007, -63.94034018217688242, 22.31812960338854168 ) ) ;
#6595 = EDGE_LOOP ( 'NONE', ( #1167, #4350, #4985, #6138, #837 ) ) ;
#6596 = CARTESIAN_POINT ( 'NONE',  ( 17.00496165596803166, -74.68097998000807536, 14.19096710980055853 ) ) ;
#6597 = EDGE_CURVE ( 'NONE', #1435, #6359, #1042, .T. ) ;
#6598 = CARTESIAN_POINT ( 'NONE',  ( 17.20986883579651661, -74.68097998000810378, 11.27712094730167891 ) ) ;
#6599 = CARTESIAN_POINT ( 'NONE',  ( -36.82479628086521473, 48.13742494467481947, 21.41568514049103911 ) ) ;
#6600 = DIRECTION ( 'NONE',  ( -0.000000000000000000, -0.000000000000000000, -1.000000000000000000 ) ) ;
#6601 = CARTESIAN_POINT ( 'NONE',  ( 45.00000000000001421, -43.00000000000000000, 7.500000000000000000 ) ) ;
#6602 = CARTESIAN_POINT ( 'NONE',  ( 18.47641731381766661, -66.17910924360258207, 4.261008234112447113 ) ) ;
#6603 = CARTESIAN_POINT ( 'NONE',  ( 16.39801473810187105, -77.68097998000808957, 9.708468711470628065 ) ) ;
#6604 = ADVANCED_FACE ( 'NONE', ( #3431, #3593 ), #2930, .F. ) ;
#6605 = CARTESIAN_POINT ( 'NONE',  ( -17.22752951442449287, -74.68097998000808957, 11.31729250849292789 ) ) ;
#6606 = CARTESIAN_POINT ( 'NONE',  ( -21.27786486927654863, -60.49703682645333913, 3.576001384157932783 ) ) ;
#6607 = DIRECTION ( 'NONE',  ( -1.000000000000000000, -1.330321911110254761E-16, 0.000000000000000000 ) ) ;
#6608 = CARTESIAN_POINT ( 'NONE',  ( -1.703936981057003308, -77.68097998000808957, 21.35416549431224098 ) ) ;
#6609 = CARTESIAN_POINT ( 'NONE',  ( 21.62539844586172322, -69.88649743363416178, 18.85668695518219806 ) ) ;
#6610 = EDGE_LOOP ( 'NONE', ( #4615, #3994, #2469, #6703, #1561 ) ) ;
#6611 = CARTESIAN_POINT ( 'NONE',  ( -21.23287851237422430, -74.68097998000811799, 22.59985217696168647 ) ) ;
#6612 = CARTESIAN_POINT ( 'NONE',  ( 24.98891076837313463, -58.40486459085619231, 23.68205322983632755 ) ) ;
#6613 = CARTESIAN_POINT ( 'NONE',  ( -6.680495825027611190, -67.37256335746305069, 2.017019997314856816 ) ) ;
#6614 = CARTESIAN_POINT ( 'NONE',  ( 21.43064860050460751, -58.54923741320740760, 4.473290292038305971 ) ) ;
#6615 = AXIS2_PLACEMENT_3D ( 'NONE', #20, #2416, #4809 ) ;
#6616 = CARTESIAN_POINT ( 'NONE',  ( 41.97043276332270523, 44.46284176937372479, 21.41205467571748144 ) ) ;
#6617 = CIRCLE ( 'NONE', #4373, 1.699999999999993072 ) ;
#6618 = CARTESIAN_POINT ( 'NONE',  ( -20.20629099326303546, -65.89128847262834654, 20.32995585462993660 ) ) ;
#6619 = CARTESIAN_POINT ( 'NONE',  ( -8.707446609725854714, -74.68097998000808957, 4.924616934072944652 ) ) ;
#6620 = VERTEX_POINT ( 'NONE', #5816 ) ;
#6621 = CARTESIAN_POINT ( 'NONE',  ( 9.531031648861276295, -64.57767807472309585, 22.09751724743750856 ) ) ;
#6622 = ORIENTED_EDGE ( 'NONE', *, *, #2337, .F. ) ;
#6623 = CARTESIAN_POINT ( 'NONE',  ( -18.48490984221090017, -77.68097998000808957, 0.1719472068211321814 ) ) ;
#6624 = CARTESIAN_POINT ( 'NONE',  ( -22.03065280364475953, -75.11172616792106282, 9.241618350275665250 ) ) ;
#6625 = EDGE_CURVE ( 'NONE', #385, #4427, #1085, .T. ) ;
#6626 = CARTESIAN_POINT ( 'NONE',  ( 9.206939256293591001, -61.96367422095409694, 3.339651004346713137 ) ) ;
#6627 = CARTESIAN_POINT ( 'NONE',  ( -24.62304033231382761, -78.57975569811021899, 17.71604793273155920 ) ) ;
#6628 = CARTESIAN_POINT ( 'NONE',  ( 4.166666666666710483, -60.68097998000806825, 25.00000000000000000 ) ) ;
#6629 = CIRCLE ( 'NONE', #3497, 101.5772389525943282 ) ;
#6630 = ORIENTED_EDGE ( 'NONE', *, *, #7657, .T. ) ;
#6631 = CARTESIAN_POINT ( 'NONE',  ( 13.52024464577594465, -74.68097998000808957, 17.89562333222256996 ) ) ;
#6632 = CARTESIAN_POINT ( 'NONE',  ( -21.61036000839350990, -74.76901982924471213, 17.36759788882801203 ) ) ;
#6633 = ORIENTED_EDGE ( 'NONE', *, *, #7435, .T. ) ;
#6634 = CARTESIAN_POINT ( 'NONE',  ( -43.49999999999999289, -22.68097998000809312, 16.50000000000000000 ) ) ;
#6635 = FACE_OUTER_BOUND ( 'NONE', #6424, .T. ) ;
#6636 = LINE ( 'NONE', #6045, #3084 ) ;
#6637 = CARTESIAN_POINT ( 'NONE',  ( -39.44134808030357675, 48.10500809169273140, 1.037491850110627833 ) ) ;
#6638 = AXIS2_PLACEMENT_3D ( 'NONE', #7606, #2899, #7088 ) ;
#6639 = CARTESIAN_POINT ( 'NONE',  ( 17.92423157313844229, -74.68097998000811799, 4.327020548834173752 ) ) ;
#6640 = CARTESIAN_POINT ( 'NONE',  ( 12.57260239942571367, -64.28997208145561615, 3.235644028971013331 ) ) ;
#6641 = CARTESIAN_POINT ( 'NONE',  ( -36.07771329643638580, 50.63905262984090427, 3.500635165854884434 ) ) ;
#6642 = CARTESIAN_POINT ( 'NONE',  ( -17.13746626321107769, -74.68097998000810378, 11.11243214568569293 ) ) ;
#6643 = CARTESIAN_POINT ( 'NONE',  ( -36.55286334169137774, -46.71108218141790047, 0.06877356328560732535 ) ) ;
#6644 = CARTESIAN_POINT ( 'NONE',  ( 25.65675877019941353, -77.68097998000808957, 9.665701311037965482 ) ) ;
#6645 = CARTESIAN_POINT ( 'NONE',  ( -15.21300846162351661, -74.68097998000808957, 16.60009969536301355 ) ) ;
#6646 = ADVANCED_FACE ( 'NONE', ( #6528 ), #450, .F. ) ;
#6647 = EDGE_CURVE ( 'NONE', #3818, #1373, #7249, .T. ) ;
#6648 = LINE ( 'NONE', #5509, #7498 ) ;
#6649 = ORIENTED_EDGE ( 'NONE', *, *, #2972, .T. ) ;
#6650 = LINE ( 'NONE', #1272, #2531 ) ;
#6651 = CARTESIAN_POINT ( 'NONE',  ( 24.55971631608544214, -77.68097998000808957, 18.24631260108006359 ) ) ;
#6652 = FACE_OUTER_BOUND ( 'NONE', #1758, .T. ) ;
#6653 = CARTESIAN_POINT ( 'NONE',  ( -6.274609627564604608, -63.48912470750433812, 2.937651315679658648 ) ) ;
#6654 = CARTESIAN_POINT ( 'NONE',  ( 21.51242442404264565, -58.43724795388575899, 0.4535268025471758668 ) ) ;
#6655 = CARTESIAN_POINT ( 'NONE',  ( 41.80000000000000426, 35.00000000000000711, 12.50000000000000000 ) ) ;
#6656 = CARTESIAN_POINT ( 'NONE',  ( -18.47641731381775188, -66.17910924360269576, 20.73899176588752269 ) ) ;
#6657 = EDGE_CURVE ( 'NONE', #304, #3094, #6648, .T. ) ;
#6658 = CARTESIAN_POINT ( 'NONE',  ( 9.457963425667703206, -74.68097998000808957, 5.172551824973670165 ) ) ;
#6659 = CARTESIAN_POINT ( 'NONE',  ( 15.46319894975092879, -71.98563806083542715, 21.78502402618015665 ) ) ;
#6660 = ORIENTED_EDGE ( 'NONE', *, *, #2477, .F. ) ;
#6661 = CARTESIAN_POINT ( 'NONE',  ( 43.50000000000000000, -44.99999999999999289, 12.50000000000000000 ) ) ;
#6662 = CARTESIAN_POINT ( 'NONE',  ( -25.08720281525329199, -78.57975569811023320, 16.89786704995339406 ) ) ;
#6663 = CARTESIAN_POINT ( 'NONE',  ( 10.79845439491419690, -73.68736621422462463, 1.305192770639731936 ) ) ;
#6664 = DIRECTION ( 'NONE',  ( -1.000000000000000000, 0.000000000000000000, 0.000000000000000000 ) ) ;
#6665 = CARTESIAN_POINT ( 'NONE',  ( -17.61050474989824011, -77.68097998000810378, 25.40784499834520460 ) ) ;
#6666 = AXIS2_PLACEMENT_3D ( 'NONE', #501, #1710, #5953 ) ;
#6667 = CARTESIAN_POINT ( 'NONE',  ( -43.50000000000000000, 55.00000000000000711, 17.00000000000000000 ) ) ;
#6668 = ORIENTED_EDGE ( 'NONE', *, *, #933, .F. ) ;
#6669 = CARTESIAN_POINT ( 'NONE',  ( 9.539679826134662477, -74.68097998000808957, 19.79861844812029403 ) ) ;
#6670 = CARTESIAN_POINT ( 'NONE',  ( -21.48565329626488563, -68.03249414443891396, 20.54918149013391826 ) ) ;
#6671 = ORIENTED_EDGE ( 'NONE', *, *, #6941, .F. ) ;
#6672 = CARTESIAN_POINT ( 'NONE',  ( -40.00000000000000711, -43.00000000000000000, 7.174327453771117469 ) ) ;
#6673 = CARTESIAN_POINT ( 'NONE',  ( 17.14290975938862616, -74.68097998000810378, 11.12481850867811772 ) ) ;
#6674 = DIRECTION ( 'NONE',  ( 0.000000000000000000, -1.000000000000000000, 0.000000000000000000 ) ) ;
#6675 = CARTESIAN_POINT ( 'NONE',  ( -2.467004117297469268, -74.68097998000808957, -0.3953793150384167232 ) ) ;
#6676 = CARTESIAN_POINT ( 'NONE',  ( 13.29205878515822370, -76.16340815884201731, 1.639528112355113976 ) ) ;
#6677 = CARTESIAN_POINT ( 'NONE',  ( -36.12455426886088361, 50.79588974764392617, 3.501470167852021476 ) ) ;
#6678 = CARTESIAN_POINT ( 'NONE',  ( -16.80215950324622654, -74.68097998000810378, 10.36993840612121964 ) ) ;
#6679 = CARTESIAN_POINT ( 'NONE',  ( -23.23072555865659083, -66.63815700881885107, 5.819265472655612115 ) ) ;
#6680 = DIRECTION ( 'NONE',  ( -1.000000000000000000, 0.000000000000000000, -0.000000000000000000 ) ) ;
#6681 = CARTESIAN_POINT ( 'NONE',  ( -11.09144526588892532, -77.68097998000808957, 19.16766594912096622 ) ) ;
#6682 = CARTESIAN_POINT ( 'NONE',  ( -43.50000000000000000, 55.00000000000000711, 12.50000000000000000 ) ) ;
#6683 = ORIENTED_EDGE ( 'NONE', *, *, #4354, .T. ) ;
#6684 = DIRECTION ( 'NONE',  ( -1.593074305255970064E-16, 1.000000000000000000, 0.000000000000000000 ) ) ;
#6685 = CARTESIAN_POINT ( 'NONE',  ( -40.19999999999998863, -44.31902001999193175, 12.50000000000000000 ) ) ;
#6686 = LINE ( 'NONE', #3197, #3504 ) ;
#6687 = CARTESIAN_POINT ( 'NONE',  ( -12.09388970174427946, -60.33425290269603636, 3.532086152922430777 ) ) ;
#6688 = CARTESIAN_POINT ( 'NONE',  ( 21.84978653842363627, -77.68097998000808957, 21.98512355680433927 ) ) ;
#6689 = EDGE_CURVE ( 'NONE', #3218, #7688, #4329, .T. ) ;
#6690 = EDGE_CURVE ( 'NONE', #3293, #3020, #6720, .T. ) ;
#6691 = CARTESIAN_POINT ( 'NONE',  ( -35.49999999999998579, -45.27948865560685476, 0.000000000000000000 ) ) ;
#6692 = CARTESIAN_POINT ( 'NONE',  ( 5.622376121350487921, -77.68097998000808957, 4.164937567972122778 ) ) ;
#6693 = CARTESIAN_POINT ( 'NONE',  ( 17.67205243912761148, -67.65029723824264352, 20.85911970917135605 ) ) ;
#6694 = ORIENTED_EDGE ( 'NONE', *, *, #3921, .F. ) ;
#6695 = B_SPLINE_CURVE_WITH_KNOTS ( 'NONE', 3,
 ( #3824, #6001, #38, #630, #1387, #2018 ),
 .UNSPECIFIED., .F., .F.,
 ( 4, 2, 4 ),
 ( 0.000000000000000000, 0.0003044498017660450875, 0.0006088996035320901751 ),
 .UNSPECIFIED. ) ;
#6696 = CARTESIAN_POINT ( 'NONE',  ( 41.67259267457933447, 37.46387207621859972, 0.08540979611528742854 ) ) ;
#6697 = CARTESIAN_POINT ( 'NONE',  ( -25.00000000000000000, -60.68097998000806825, 8.333333333333341031 ) ) ;
#6698 = CARTESIAN_POINT ( 'NONE',  ( 4.489228872032134277, -67.45737934833088900, 1.799155853313271214 ) ) ;
#6699 = ADVANCED_FACE ( 'NONE', ( #4220 ), #2526, .T. ) ;
#6700 = CARTESIAN_POINT ( 'NONE',  ( -25.88303243258905795, -77.68097998000808957, 14.41041209536788159 ) ) ;
#6701 = CARTESIAN_POINT ( 'NONE',  ( -1.023709775831133539, -60.08850364132558752, 24.82574225332868068 ) ) ;
#6702 = CARTESIAN_POINT ( 'NONE',  ( -38.24856875884167096, -41.66389791172156265, 0.4858035165760237195 ) ) ;
#6703 = ORIENTED_EDGE ( 'NONE', *, *, #7461, .T. ) ;
#6704 = CARTESIAN_POINT ( 'NONE',  ( 17.74748603729676333, -74.68097998000808957, 12.49999999999998224 ) ) ;
#6705 = DIRECTION ( 'NONE',  ( -0.000000000000000000, -0.000000000000000000, -1.000000000000000000 ) ) ;
#6706 = ORIENTED_EDGE ( 'NONE', *, *, #5216, .F. ) ;
#6707 = CARTESIAN_POINT ( 'NONE',  ( 0.000000000000000000, -74.68097998000808957, 12.50000000000000000 ) ) ;
#6708 = CARTESIAN_POINT ( 'NONE',  ( -23.01858944900175530, -77.68097998000808957, 20.76529401916476303 ) ) ;
#6709 = CARTESIAN_POINT ( 'NONE',  ( -40.20000000000023732, -44.42071115173602891, 1.526206676144377328 ) ) ;
#6710 = DIRECTION ( 'NONE',  ( -0.000000000000000000, -0.000000000000000000, -1.000000000000000000 ) ) ;
#6711 = CIRCLE ( 'NONE', #7726, 1.700000000000000178 ) ;
#6712 = VERTEX_POINT ( 'NONE', #4925 ) ;
#6713 = CARTESIAN_POINT ( 'NONE',  ( -5.802520853767686226, -74.68097998000810378, -3.734404081335833681 ) ) ;
#6714 = CARTESIAN_POINT ( 'NONE',  ( 14.01195604400227168, -74.78477465005445879, 2.228503352483063971 ) ) ;
#6715 = LINE ( 'NONE', #2410, #1355 ) ;
#6716 = CARTESIAN_POINT ( 'NONE',  ( -17.22411458295302111, -74.68097998000811799, 11.30952481089392059 ) ) ;
#6717 = CARTESIAN_POINT ( 'NONE',  ( 45.00000000000000000, 37.00000000000001421, 12.50000000000000000 ) ) ;
#6718 = DIRECTION ( 'NONE',  ( -0.4999999999999948375, 0.8660254037844417052, 0.000000000000000000 ) ) ;
#6719 = CARTESIAN_POINT ( 'NONE',  ( 0.000000000000000000, -74.68097998000808957, 12.50000000000000000 ) ) ;
#6720 = LINE ( 'NONE', #6682, #732 ) ;
#6721 = ORIENTED_EDGE ( 'NONE', *, *, #6690, .T. ) ;
#6722 = CARTESIAN_POINT ( 'NONE',  ( 41.94838302569277033, 33.03337582222982860, 21.38830418874230688 ) ) ;
#6723 = LINE ( 'NONE', #4851, #4625 ) ;
#6724 = CARTESIAN_POINT ( 'NONE',  ( 41.22357518104760032, -42.18413604731635047, 0.03220820070971208010 ) ) ;
#6725 = CARTESIAN_POINT ( 'NONE',  ( -13.07936727024302925, -74.86233724854125171, 1.812740012101719200 ) ) ;
#6726 = CARTESIAN_POINT ( 'NONE',  ( -16.63297576914464315, -60.53155881788600823, 21.50000000000000000 ) ) ;
#6727 = CARTESIAN_POINT ( 'NONE',  ( -28.68629150101522640, -22.68097998000808957, 16.50000000000000000 ) ) ;
#6728 = CARTESIAN_POINT ( 'NONE',  ( 41.06293926877658862, 35.64541091476689871, 3.498595310733246588 ) ) ;
#6729 = CARTESIAN_POINT ( 'NONE',  ( -13.26306052945035141, -61.53939035246111189, 21.52464357671660977 ) ) ;
#6730 = CARTESIAN_POINT ( 'NONE',  ( -3.104680774522599496, -74.68097998000808957, 3.801149089338636600 ) ) ;
#6731 = EDGE_CURVE ( 'NONE', #4057, #6843, #3734, .T. ) ;
#6732 = CARTESIAN_POINT ( 'NONE',  ( 13.57179699256787941, -64.18143475136244547, 21.64722983056789118 ) ) ;
#6733 = ORIENTED_EDGE ( 'NONE', *, *, #1700, .T. ) ;
#6734 = DIRECTION ( 'NONE',  ( 0.000000000000000000, 0.000000000000000000, 1.000000000000000000 ) ) ;
#6735 = CARTESIAN_POINT ( 'NONE',  ( -25.08282398096126187, -77.68097998000808957, 17.20009727132844191 ) ) ;
#6736 = CARTESIAN_POINT ( 'NONE',  ( 1.330460493209749906, -76.50968451951476368, -1.007256746128863956 ) ) ;
#6737 = CARTESIAN_POINT ( 'NONE',  ( 21.79673559039147435, -69.62172576142194202, 17.48011414135962127 ) ) ;
#6738 = CARTESIAN_POINT ( 'NONE',  ( 4.097437745281567345, -60.08850364132558752, 24.84196099590922913 ) ) ;
#6739 = CARTESIAN_POINT ( 'NONE',  ( 43.50000000000000711, -44.31902001999193175, 17.00000000000000000 ) ) ;
#6740 = ORIENTED_EDGE ( 'NONE', *, *, #6892, .F. ) ;
#6741 = AXIS2_PLACEMENT_3D ( 'NONE', #3742, #204, #1448 ) ;
#6742 = EDGE_CURVE ( 'NONE', #3368, #4947, #4360, .T. ) ;
#6743 = CARTESIAN_POINT ( 'NONE',  ( 7.018082754724229488, -77.68097998000808957, 20.54548031675605557 ) ) ;
#6744 = FACE_BOUND ( 'NONE', #1756, .T. ) ;
#6745 = ORIENTED_EDGE ( 'NONE', *, *, #4116, .T. ) ;
#6746 = DIRECTION ( 'NONE',  ( 0.5000000000000008882, 0.8660254037844381525, -0.000000000000000000 ) ) ;
#6747 = AXIS2_PLACEMENT_3D ( 'NONE', #5660, #284, #2092 ) ;
#6748 = CARTESIAN_POINT ( 'NONE',  ( -36.01580038723128041, 49.67656001810629363, 21.50008859661920368 ) ) ;
#6749 = CARTESIAN_POINT ( 'NONE',  ( -35.49999999999998579, -54.61880215351700230, 0.000000000000000000 ) ) ;
#6750 = ORIENTED_EDGE ( 'NONE', *, *, #7655, .F. ) ;
#6751 = CARTESIAN_POINT ( 'NONE',  ( -25.99999999999999645, -74.68097998000808957, 12.50000000000000000 ) ) ;
#6752 = CARTESIAN_POINT ( 'NONE',  ( -39.99999999999999289, 56.07135982689438691, 21.50000000000000000 ) ) ;
#6753 = CARTESIAN_POINT ( 'NONE',  ( 26.00004068274418145, -77.68097998000808957, 13.44926400458496474 ) ) ;
#6754 = CARTESIAN_POINT ( 'NONE',  ( -35.49999999999998579, -45.27948865560685476, 0.000000000000000000 ) ) ;
#6755 = VECTOR ( 'NONE', #7279, 1000.000000000000000 ) ;
#6756 = LINE ( 'NONE', #2046, #4476 ) ;
#6757 = DIRECTION ( 'NONE',  ( -1.000000000000000000, -1.593074305255970310E-16, 0.000000000000000000 ) ) ;
#6758 = ADVANCED_FACE ( 'NONE', ( #7320 ), #1340, .F. ) ;
#6759 = AXIS2_PLACEMENT_3D ( 'NONE', #1288, #3141, #2585 ) ;
#6760 = ORIENTED_EDGE ( 'NONE', *, *, #6647, .T. ) ;
#6761 = CARTESIAN_POINT ( 'NONE',  ( 42.20919598196371680, 32.85315327082486903, 21.31525685961193517 ) ) ;
#6762 = CARTESIAN_POINT ( 'NONE',  ( 26.05286915988836682, -78.57975569811023320, 13.39560750896157870 ) ) ;
#6763 = CARTESIAN_POINT ( 'NONE',  ( 43.95997742121747365, -41.98436159332195672, 0.7825670758668833438 ) ) ;
#6764 = CARTESIAN_POINT ( 'NONE',  ( -13.29205878515832140, -76.16340815884203153, 1.639528112355156608 ) ) ;
#6765 = DIRECTION ( 'NONE',  ( -0.01950348607398090170, 0.9260633242332214632, -0.3768638129896226818 ) ) ;
#6766 = DIRECTION ( 'NONE',  ( 0.000000000000000000, -1.000000000000000000, 0.000000000000000000 ) ) ;
#6767 = CARTESIAN_POINT ( 'NONE',  ( 44.96093943942540250, 37.03072280337074318, 6.858505953384779197 ) ) ;
#6768 = CARTESIAN_POINT ( 'NONE',  ( -14.75455560224882845, -73.39658396441537036, 22.25161276167115076 ) ) ;
#6769 = CARTESIAN_POINT ( 'NONE',  ( 9.457963425667703206, -77.68097998000808957, 5.172551824973670165 ) ) ;
#6770 = CARTESIAN_POINT ( 'NONE',  ( 14.94454481776175037, -74.70721205156787903, 22.35573330713553020 ) ) ;
#6771 = VERTEX_POINT ( 'NONE', #7243 ) ;
#6772 = CARTESIAN_POINT ( 'NONE',  ( 16.06494038919734280, -77.68097998000807536, -1.279052845874087296 ) ) ;
#6773 = CARTESIAN_POINT ( 'NONE',  ( -25.00000000000000000, -60.68097998000806825, 20.83333333333333925 ) ) ;
#6774 = CARTESIAN_POINT ( 'NONE',  ( 5.850596816955399682, -70.00115572411077380, 1.232449588790232475 ) ) ;
#6775 = ORIENTED_EDGE ( 'NONE', *, *, #210, .T. ) ;
#6776 = CARTESIAN_POINT ( 'NONE',  ( 10.41666666666670338, -60.68097998000806825, 25.00000000000000000 ) ) ;
#6777 = CARTESIAN_POINT ( 'NONE',  ( 42.20582925616533032, -42.85521081293311596, 21.31630440496460110 ) ) ;
#6778 = ORIENTED_EDGE ( 'NONE', *, *, #1761, .F. ) ;
#6779 = CARTESIAN_POINT ( 'NONE',  ( 17.04817713840276383, -77.68097998000808957, 14.09164343266636621 ) ) ;
#6780 = FACE_OUTER_BOUND ( 'NONE', #2765, .T. ) ;
#6781 = EDGE_LOOP ( 'NONE', ( #4674, #5239, #3374, #7692, #5828, #3634 ) ) ;
#6782 = DIRECTION ( 'NONE',  ( -0.000000000000000000, -0.000000000000000000, -1.000000000000000000 ) ) ;
#6783 = EDGE_CURVE ( 'NONE', #6620, #7223, #1550, .T. ) ;
#6784 = CARTESIAN_POINT ( 'NONE',  ( -39.62528834764142260, 47.76616521451799713, 19.19759422017396844 ) ) ;
#6785 = DIRECTION ( 'NONE',  ( 0.000000000000000000, 0.000000000000000000, 1.000000000000000000 ) ) ;
#6786 = ORIENTED_EDGE ( 'NONE', *, *, #7329, .F. ) ;
#6787 = AXIS2_PLACEMENT_3D ( 'NONE', #934, #6935, #1554 ) ;
#6788 = CARTESIAN_POINT ( 'NONE',  ( 19.65430195980016137, -74.68097998000810378, 1.256985265841098265 ) ) ;
#6789 = DIRECTION ( 'NONE',  ( -0.000000000000000000, -0.000000000000000000, -1.000000000000000000 ) ) ;
#6790 = CARTESIAN_POINT ( 'NONE',  ( -7.917136618437727869, -74.68097998000808957, 4.704746543397667402 ) ) ;
#6791 = CARTESIAN_POINT ( 'NONE',  ( -21.92344880527815931, -73.35866277227550825, 7.514217598233458695 ) ) ;
#6792 = EDGE_CURVE ( 'NONE', #2317, #1921, #2682, .T. ) ;
#6793 = CARTESIAN_POINT ( 'NONE',  ( -17.39083232939693602, -77.68097998000808957, 13.31125439080325634 ) ) ;
#6794 = LINE ( 'NONE', #3310, #1186 ) ;
#6795 = B_SPLINE_CURVE_WITH_KNOTS ( 'NONE', 3,
 ( #2770, #5196, #370, #4524, #6921, #6324 ),
 .UNSPECIFIED., .F., .F.,
 ( 4, 2, 4 ),
 ( 0.000000000000000000, 0.0003044498017660257887, 0.0006088996035320515775 ),
 .UNSPECIFIED. ) ;
#6796 = ORIENTED_EDGE ( 'NONE', *, *, #5470, .F. ) ;
#6797 = CARTESIAN_POINT ( 'NONE',  ( 41.32294463434202925, 33.76050074800510714, 21.48793464318603696 ) ) ;
#6798 = CARTESIAN_POINT ( 'NONE',  ( 25.04793644628120219, -58.40486459085619941, -0.9262709168083954614 ) ) ;
#6799 = UNCERTAINTY_MEASURE_WITH_UNIT (LENGTH_MEASURE( 1.000000000000000082E-05 ), #757, 'distance_accuracy_value', 'NONE');
#6800 = CARTESIAN_POINT ( 'NONE',  ( 43.49481736246195140, -41.74662899456348697, 0.5805091805388141735 ) ) ;
#6801 = CARTESIAN_POINT ( 'NONE',  ( -12.90338135548899601, -66.92246275434628444, 3.010922953078942310 ) ) ;
#6802 = CARTESIAN_POINT ( 'NONE',  ( 22.01694537661047235, -77.69904329675864574, 3.191705906948054228 ) ) ;
#6803 = CARTESIAN_POINT ( 'NONE',  ( 43.80523836118754843, 37.48418620192654771, 4.644019108697777121 ) ) ;
#6804 = CARTESIAN_POINT ( 'NONE',  ( -13.29205878515838357, -76.16340815884225890, 23.36047188764487359 ) ) ;
#6805 = CARTESIAN_POINT ( 'NONE',  ( -14.20351202541198710, -60.68097998001152860, 3.500000000000000000 ) ) ;
#6806 = CARTESIAN_POINT ( 'NONE',  ( 16.90495914153340351, -69.11113584814656008, 21.07471919102185254 ) ) ;
#6807 = VERTEX_POINT ( 'NONE', #5469 ) ;
#6808 = CARTESIAN_POINT ( 'NONE',  ( -39.99999999999999289, 48.00000000000000711, 32.07106781186548261 ) ) ;
#6809 = CARTESIAN_POINT ( 'NONE',  ( 40.99999999999999289, -44.99999999999999289, 12.50000000000000000 ) ) ;
#6810 = CARTESIAN_POINT ( 'NONE',  ( 6.541019888128346338, -66.07902412054339436, 2.325041844618155551 ) ) ;
#6811 = CARTESIAN_POINT ( 'NONE',  ( 22.28906030310529474, -75.31718419918068719, 14.13581041173692654 ) ) ;
#6812 = CARTESIAN_POINT ( 'NONE',  ( 17.59175272264744194, -60.08850364132559463, 25.07664834569600032 ) ) ;
#6813 = CARTESIAN_POINT ( 'NONE',  ( -21.86567313722191130, -67.00027559352304252, 12.50000000000000000 ) ) ;
#6814 = ORIENTED_EDGE ( 'NONE', *, *, #6731, .F. ) ;
#6815 = VECTOR ( 'NONE', #3027, 1000.000000000000000 ) ;
#6816 = ORIENTED_EDGE ( 'NONE', *, *, #5497, .F. ) ;
#6817 = CARTESIAN_POINT ( 'NONE',  ( 43.12094964912811434, 32.31397948297949085, 0.4402612109021790121 ) ) ;
#6818 = ORIENTED_EDGE ( 'NONE', *, *, #795, .T. ) ;
#6819 = FACE_OUTER_BOUND ( 'NONE', #2428, .T. ) ;
#6820 = CARTESIAN_POINT ( 'NONE',  ( -25.17945282892014447, -60.68097998000807536, 0.000000000000000000 ) ) ;
#6821 = CARTESIAN_POINT ( 'NONE',  ( 0.000000000000000000, -74.68097998000808957, 12.50000000000000000 ) ) ;
#6822 = ORIENTED_EDGE ( 'NONE', *, *, #6488, .T. ) ;
#6823 = LINE ( 'NONE', #869, #2964 ) ;
#6824 = ADVANCED_FACE ( 'NONE', ( #7283 ), #4294, .F. ) ;
#6825 = B_SPLINE_SURFACE_WITH_KNOTS ( 'NONE', 3, 3, ( 
 ( #2857, #5788, #2269, #6453, #1129, #381, #5171, #2900, #2939, #7049, #3363, #7727, #1634 ),
 ( #1592, #7686, #2307, #5751, #4107, #4068, #5908, #5246, #4702, #7648, #2782, #540, #4622 ),
 ( #7607, #6378, #1013, #1754, #6414, #3520, #6336, #5866, #2191, #7090, #6493, #5826, #1709 ),
 ( #2228, #4578, #3402, #419, #7013, #2822, #5207, #4029, #28, #4934, #1833, #2460, #4856 ),
 ( #5363, #3600, #3054, #4267, #6578, #3130, #4228, #6618, #3641, #1793, #5518, #2387, #5406 ),
 ( #2423, #1907, #142, #698, #7767, #3713, #5440, #1206, #4303, #7292, #5991, #7252, #6098 ),
 ( #1244, #3091, #2537, #3560, #4779, #1312, #735, #6656, #661, #7170, #7330, #618, #4149 ),
 ( #104, #4187, #6535, #4816, #1165, #5478, #64, #6029, #6064, #2500, #5952, #3018, #581 ),
 ( #4896, #7211, #1870, #2978, #1280, #3679, #5041, #2056, #4376, #5626, #212, #5080, #1502 ),
 ( #3318, #923, #3902, #7478, #3825, #6246, #4971, #4445, #845, #1981, #5705, #330, #3241 ),
 ( #883, #1459, #5665, #1423, #2610, #6206, #3202, #2573, #7365, #6287, #2019, #4485, #5119 ),
 ( #251, #1351, #6768, #2651, #2732, #7434, #1946, #1388, #3792, #4338, #6170, #6729, #6840 ),
 ( #3862, #3276, #6881, #5004, #7401, #2690, #3754, #6135, #776, #3167, #5553, #4408, #178 ),
 ( #6804, #4021, #448, #4693, #372, #2772, #4653, #2261, #6406, #5236, #4059, #7041, #1040 ),
 ( #5856, #6443, #1583, #3512, #4612, #7677, #1661, #3981, #7002, #6923, #4527, #4567, #409 ),
 ( #1624, #5159, #3430, #1077, #7521, #7599, #5815, #2811, #2220, #2849, #6961, #2299, #7637 ),
 ( #7079, #6367, #3469, #491, #5900, #1542, #961, #1699, #2892, #5278, #4097, #5742, #6481 ),
 ( #1119, #1003, #532, #7558, #2140, #5778, #2929, #3942, #6326, #5198, #3354, #2179, #3392 ),
 ( #436, #1608, #1570, #315, #6314, #6828, #2759, #948, #358, #5147, #7464, #3342, #3306 ),
 ( #4598, #5693, #6393, #4008, #6987, #2797, #6909, #3968, #278, #7544, #3929, #5067, #1028 ),
 ( #5729, #2167, #6352, #4555, #989, #4515, #2719, #1529, #6275, #5653, #2678, #3417, #5104 ),
 ( #7506, #2126, #6949, #4433, #2085, #3380, #5803, #5766, #5030, #4470, #6869, #7424, #396 ),
 ( #2044, #5186, #7587, #2207, #1447, #3848, #6233, #872, #3266, #1490, #3891, #912, #2246 ),
 ( #4719, #7703, #6514, #4127, #1648, #7663, #4640, #559, #2324, #4168, #2994, #1727, #1148 ),
 ( #6469, #2916, #4045, #5930, #5305, #2879, #7110, #3539, #4759, #7029, #6429, #2956, #6556 ),
 ( #5224, #1183, #4084, #5343, #1065, #7743, #2363, #7623, #7152, #1773, #3578, #5969, #597 ),
 ( #3455, #2838, #5844, #474, #5266, #2288, #4679, #7066, #1686, #1105, #3499, #5887, #518 ),
 ( #1476, #2112, #974, #2863, #5754, #1052, #4502, #6897, #5829, #5092, #3441, #384, #3367 ),
 ( #2785, #7016, #2705, #7492, #6975, #4583, #5174, #7573, #6381, #1595, #2194, #4626, #423 ),
 ( #3917, #460, #6937, #2231, #3995, #6301, #1558, #3878, #6853, #1516, #2746, #6262, #3955 ),
 ( #5718, #7611, #5250, #1017, #5679, #1637, #3405, #936, #4033, #5211, #3330, #5791, #6417 ),
 ( #898, #2825, #2071, #4458, #3292, #301, #5133, #342, #7534, #2154, #4540, #6340, #5409 ),
 ( #7214, #4153, #5995, #1757, #4071, #1836, #5912, #2390, #2942, #2347, #4782, #6497, #5290 ),
 ( #6582, #543, #5329, #3563, #7052, #7689, #6538, #664, #5955, #6621, #2310, #4705, #3645 ),
 ( #1248, #584, #1168, #2981, #5366, #4819, #503, #2903, #7175, #1796, #7769, #4190, #1209 ),
 ( #3603, #2427, #623, #3021, #1712, #6032, #4744, #31, #4231, #4111, #7137, #1672, #4667 ),
 ( #7730, #6457, #3058, #7093, #7651, #2272, #1092, #3481, #5871, #1133, #3523, #4939, #4898 ),
 ( #4340, #6770, #6209, #1390, #5555, #106, #5007, #6100, #4378, #6732, #737, #1873, #2021 ),
 ( #1353, #2575, #4858, #6659, #7254, #144, #778, #3757, #4973, #181, #1282, #1910, #4269 ),
 ( #6137, #7403, #848, #3169, #7367, #3206, #5520, #1983, #3681, #3794, #1948, #7294, #6172 ),
 ( #214, #812, #5589, #2613, #4411, #6806, #1426, #3828, #5444, #66, #4305, #2462, #2539 ),
 ( #2502, #6066, #7333, #701, #3093, #5480, #6693, #1314, #3716, #3133, #6884, #1006, #4724 ),
 ( #6842, #2921, #4529, #5667, #3395, #6369, #2694, #3944, #5309, #5082, #3320, #7560, #7115 ),
 ( #2143, #6289, #7437, #7708, #374, #6925, #2775, #2653, #4447, #5043, #5708, #6329, #1544 ),
 ( #5744, #1462, #7481, #2059, #4570, #964, #2329, #6519, #3356, #5162, #5893, #332, #2182 ),
 ( #6964, #7525, #2098, #1585, #3984, #523, #3864, #6249, #1734, #4133, #3243, #5629, #253 ),
 ( #885, #3278, #290, #4488, #1504, #3904, #925, #2734, #5121, #7274, #3038, #5347, #717 ),
 ( #3662, #4211, #3622, #6048, #12, #6561, #6012, #87, #7194, #1817, #4840, #564, #1187 ),
 ( #1926, #7235, #127, #3582, #5972, #4916, #4170, #2518, #1853, #48, #5425, #4249, #6084 ) ),
 .UNSPECIFIED., .F., .F., .F.,
 ( 4, 3, 3, 3, 3, 3, 3, 3, 3, 3, 3, 3, 3, 3, 3, 3, 4 ),
 ( 4, 3, 3, 3, 4 ),
 ( 0.01342630494355677440, 0.07424801682561213423, 0.1350697287076674802, 0.1958914405897228261, 0.2567131524717781721, 0.3175348643538335458, 0.3783565762358889195, 0.4391782881179442377, 0.4999999999999996114, 0.5608217118820549851, 0.6216434237641103033, 0.6824651356461657326, 0.7432868475282210508, 0.8041085594102763690, 0.8649302712923316871, 0.9257519831743870053, 0.9865736950564424346 ),
 ( 0.1269927996743234200, 0.3536997493305105156, 0.5804066989866976112, 0.8071136486428847068, 1.033820598299071802 ),
 .UNSPECIFIED. ) ;
#6826 = CARTESIAN_POINT ( 'NONE',  ( -38.03953047244188213, 52.46142407669295693, 4.055375849937587596 ) ) ;
#6827 = CARTESIAN_POINT ( 'NONE',  ( 3.683396649909694620, -74.68097998000808957, 3.862643752275820130 ) ) ;
#6828 = CARTESIAN_POINT ( 'NONE',  ( -6.969807528041326528, -69.95756570129272234, 23.60077035908130583 ) ) ;
#6829 = VECTOR ( 'NONE', #3808, 1000.000000000000000 ) ;
#6830 = CARTESIAN_POINT ( 'NONE',  ( -28.68629150101522640, -22.68097998000808957, 8.499999999999998224 ) ) ;
#6831 = DIRECTION ( 'NONE',  ( -1.000000000000000000, 0.000000000000000000, 0.000000000000000000 ) ) ;
#6832 = ADVANCED_FACE ( 'NONE', ( #1379 ), #3009, .F. ) ;
#6833 = ORIENTED_EDGE ( 'NONE', *, *, #3378, .T. ) ;
#6834 = CARTESIAN_POINT ( 'NONE',  ( 20.91150306046376883, -75.01268792950594388, 6.864757304016895212 ) ) ;
#6835 = CARTESIAN_POINT ( 'NONE',  ( 41.00000000000000711, 35.00000000000000711, 12.50000000000000000 ) ) ;
#6836 = LINE ( 'NONE', #2093, #4134 ) ;
#6837 = CARTESIAN_POINT ( 'NONE',  ( -14.01195604400237116, -74.78477465005445879, 2.228503352483108380 ) ) ;
#6838 = CARTESIAN_POINT ( 'NONE',  ( 40.50000000000000000, 35.96046863561493012, 0.000000000000000000 ) ) ;
#6839 = CARTESIAN_POINT ( 'NONE',  ( 41.24767653315799265, 36.09703877089902591, 3.507199410860480260 ) ) ;
#6840 = CARTESIAN_POINT ( 'NONE',  ( -13.10926307948649239, -60.21757473479342337, 21.47949642991828156 ) ) ;
#6841 = CARTESIAN_POINT ( 'NONE',  ( 21.63134072365711802, -72.29440195330957408, 6.847561695579202912 ) ) ;
#6842 = CARTESIAN_POINT ( 'NONE',  ( 18.80426373807937068, -75.51591975833427739, 20.03978267434621685 ) ) ;
#6843 = VERTEX_POINT ( 'NONE', #6056 ) ;
#6844 = CARTESIAN_POINT ( 'NONE',  ( 44.68058430317776697, 36.58352851080535828, 1.178645325629303020 ) ) ;
#6845 = CARTESIAN_POINT ( 'NONE',  ( -22.01847730053792418, -72.45596913705496434, 9.384924785506514766 ) ) ;
#6846 = CARTESIAN_POINT ( 'NONE',  ( 5.354996126554313562, -64.83889085128616614, 2.555214162263289346 ) ) ;
#6847 = CARTESIAN_POINT ( 'NONE',  ( -39.94090448680924510, 51.11829992932996447, 1.344090183017306206 ) ) ;
#6848 = CARTESIAN_POINT ( 'NONE',  ( 21.70046491881507222, -66.86023678369457457, 18.27069753553495701 ) ) ;
#6849 = CARTESIAN_POINT ( 'NONE',  ( 16.54023072239566972, -60.08850364132558752, 25.05319528772024285 ) ) ;
#6850 = CARTESIAN_POINT ( 'NONE',  ( 41.00000000000002132, -44.83693954168131768, 21.50000000000000355 ) ) ;
#6851 = CARTESIAN_POINT ( 'NONE',  ( -39.94146623516358829, -45.43568653575957228, 1.344487206410250213 ) ) ;
#6852 = ORIENTED_EDGE ( 'NONE', *, *, #4795, .T. ) ;
#6853 = CARTESIAN_POINT ( 'NONE',  ( 5.472419390552265561, -66.13061731726747894, 22.77444222074171520 ) ) ;
#6854 = VERTEX_POINT ( 'NONE', #1304 ) ;
#6855 = ADVANCED_FACE ( 'NONE', ( #651 ), #5396, .T. ) ;
#6856 = CARTESIAN_POINT ( 'NONE',  ( -4.740459527603259282, -61.13521016417721654, 21.49999999999999645 ) ) ;
#6857 = VERTEX_POINT ( 'NONE', #7202 ) ;
#6858 = CARTESIAN_POINT ( 'NONE',  ( 16.29582183645253224, -71.87545129961057455, 3.590879489559205773 ) ) ;
#6859 = CARTESIAN_POINT ( 'NONE',  ( 41.49853076112385253, 36.50665868958200377, 21.46980502701095972 ) ) ;
#6860 = AXIS2_PLACEMENT_3D ( 'NONE', #2221, #1079, #4771 ) ;
#6861 = B_SPLINE_CURVE_WITH_KNOTS ( 'NONE', 3,
 ( #3423, #3506, #5349, #2254 ),
 .UNSPECIFIED., .F., .F.,
 ( 4, 4 ),
 ( 0.000000000000000000, 0.001604119846120188007 ),
 .UNSPECIFIED. ) ;
#6862 = CARTESIAN_POINT ( 'NONE',  ( -24.75480636822035052, -77.68097998000808957, 7.143867503189756718 ) ) ;
#6863 = CARTESIAN_POINT ( 'NONE',  ( -38.03953047244188213, 47.53857592330708570, 20.94462415006241685 ) ) ;
#6864 = CIRCLE ( 'NONE', #4257, 101.5772389525943282 ) ;
#6865 = VERTEX_POINT ( 'NONE', #1235 ) ;
#6866 = CARTESIAN_POINT ( 'NONE',  ( -25.86412541772624607, -77.68097998000807536, 14.56453022371383454 ) ) ;
#6867 = CARTESIAN_POINT ( 'NONE',  ( 0.000000000000000000, -74.68097998000808957, 12.50000000000000000 ) ) ;
#6868 = CARTESIAN_POINT ( 'NONE',  ( -15.95774740353163601, -74.68097998000808957, 9.162640958077215458 ) ) ;
#6869 = CARTESIAN_POINT ( 'NONE',  ( -3.147311357998914705, -63.61960519538077818, 22.18566940366265072 ) ) ;
#6870 = DIRECTION ( 'NONE',  ( -1.321694076934710155E-16, 1.000000000000000000, 0.000000000000000000 ) ) ;
#6871 = VECTOR ( 'NONE', #5726, 1000.000000000000000 ) ;
#6872 = CARTESIAN_POINT ( 'NONE',  ( 23.04525864944429259, -78.46065648618758814, 4.433877112604970527 ) ) ;
#6873 = ORIENTED_EDGE ( 'NONE', *, *, #2240, .F. ) ;
#6874 = CARTESIAN_POINT ( 'NONE',  ( 20.85644092540760752, -68.40379013938346020, 5.406700793327137156 ) ) ;
#6875 = CARTESIAN_POINT ( 'NONE',  ( 25.00000000000000000, -60.68097998000807536, -0.1943496976916228303 ) ) ;
#6876 = CARTESIAN_POINT ( 'NONE',  ( 41.60146092121701145, 33.36566750517023650, 3.543849878399441433 ) ) ;
#6877 = CARTESIAN_POINT ( 'NONE',  ( -18.39193494247059846, -63.52875643491075408, 3.934540152307453464 ) ) ;
#6878 = DIRECTION ( 'NONE',  ( -1.000000000000000000, 0.000000000000000000, 0.000000000000000000 ) ) ;
#6879 = DIRECTION ( 'NONE',  ( 1.000000000000000000, 1.321694076934710155E-16, -0.000000000000000000 ) ) ;
#6880 = EDGE_CURVE ( 'NONE', #5980, #3514, #3632, .T. ) ;
#6881 = CARTESIAN_POINT ( 'NONE',  ( -13.81412485273792790, -73.47802650219151133, 22.63344493483527842 ) ) ;
#6882 = VECTOR ( 'NONE', #3801, 1000.000000000000000 ) ;
#6883 = CARTESIAN_POINT ( 'NONE',  ( 21.61464733046743447, -74.68097998000807536, 7.613070865666352383 ) ) ;
#6884 = CARTESIAN_POINT ( 'NONE',  ( 17.37213960546793956, -62.34222920456443262, 21.29636851022231525 ) ) ;
#6885 = ORIENTED_EDGE ( 'NONE', *, *, #74, .T. ) ;
#6886 = FACE_OUTER_BOUND ( 'NONE', #3195, .T. ) ;
#6887 = CARTESIAN_POINT ( 'NONE',  ( -21.68165856366044153, -64.18744190798184945, 9.221912725020059654 ) ) ;
#6888 = B_SPLINE_CURVE_WITH_KNOTS ( 'NONE', 3,
 ( #3575, #5968, #596, #8 ),
 .UNSPECIFIED., .F., .F.,
 ( 4, 4 ),
 ( -3.580632689861095266E-05, 0.007266650978911584971 ),
 .UNSPECIFIED. ) ;
#6889 = CARTESIAN_POINT ( 'NONE',  ( -6.016660264158931198E-14, -76.50968451951476368, -1.007256746128860625 ) ) ;
#6890 = CARTESIAN_POINT ( 'NONE',  ( 41.00000000000000711, -43.00000000000000000, 21.50000000000000000 ) ) ;
#6891 = CARTESIAN_POINT ( 'NONE',  ( 21.77805212901339971, -73.60954770939194702, 17.13672453559262365 ) ) ;
#6892 = EDGE_CURVE ( 'NONE', #6420, #1341, #4237, .T. ) ;
#6893 = CARTESIAN_POINT ( 'NONE',  ( 22.94826103524159677, -77.68097998000810378, 20.76055779822051051 ) ) ;
#6894 = CARTESIAN_POINT ( 'NONE',  ( 43.43933072484646374, -42.49723695952852864, 20.67423107032476182 ) ) ;
#6895 = CARTESIAN_POINT ( 'NONE',  ( 42.05662297367703673, -46.95036925010348483, 0.1517382176756936762 ) ) ;
#6896 = ORIENTED_EDGE ( 'NONE', *, *, #3779, .F. ) ;
#6897 = CARTESIAN_POINT ( 'NONE',  ( 3.372784145518908705, -67.48125101196805531, 23.26509272585543542 ) ) ;
#6898 = ORIENTED_EDGE ( 'NONE', *, *, #7081, .F. ) ;
#6899 = DIRECTION ( 'NONE',  ( 1.593074305255970310E-16, -1.000000000000000000, -0.000000000000000000 ) ) ;
#6900 = ORIENTED_EDGE ( 'NONE', *, *, #5770, .F. ) ;
#6901 = CARTESIAN_POINT ( 'NONE',  ( 14.21908382397394277, -69.45547048402639234, 3.039206047026373536 ) ) ;
#6902 = CARTESIAN_POINT ( 'NONE',  ( -43.50000000000000000, 55.00000000000000711, 8.000000000000000000 ) ) ;
#6903 = CARTESIAN_POINT ( 'NONE',  ( -8.333333333333335702, -60.68097998000806825, 0.000000000000000000 ) ) ;
#6904 = DIRECTION ( 'NONE',  ( -1.000000000000000000, 0.000000000000000000, 0.000000000000000000 ) ) ;
#6905 = ORIENTED_EDGE ( 'NONE', *, *, #7141, .T. ) ;
#6906 = CARTESIAN_POINT ( 'NONE',  ( 24.64196912394495342, -77.68097998000808957, 18.08180698536104458 ) ) ;
#6907 = CARTESIAN_POINT ( 'NONE',  ( 43.50000000000000711, 35.00000000000000711, 17.00000000000000000 ) ) ;
#6908 = CARTESIAN_POINT ( 'NONE',  ( -1.817135412548132267, -74.68097998000808957, 3.697878918384173375 ) ) ;
#6909 = CARTESIAN_POINT ( 'NONE',  ( -5.723047528791968652, -68.71122229984692353, 23.43635243845011829 ) ) ;
#6910 = CARTESIAN_POINT ( 'NONE',  ( -15.34428339347292969, -74.68097998000811799, 22.16235171843009155 ) ) ;
#6911 = CARTESIAN_POINT ( 'NONE',  ( -21.84978653842413365, -77.68097998000808957, 3.014876443194697497 ) ) ;
#6912 = VECTOR ( 'NONE', #5504, 1000.000000000000000 ) ;
#6913 = CARTESIAN_POINT ( 'NONE',  ( 22.38017953614120614, -77.68097998000808957, 3.555844014324569091 ) ) ;
#6914 = AXIS2_PLACEMENT_3D ( 'NONE', #2895, #22, #3515 ) ;
#6915 = B_SPLINE_CURVE_WITH_KNOTS ( 'NONE', 3,
 ( #97, #4927, #1381, #727, #5512, #769, #1864, #2493, #3160, #3232, #5546, #1416, #4296, #1306, #838, #5472, #3819, #4964, #6761, #6722, #3784, #5619, #2012, #6797, #7322, #2454, #136, #6162 ),
 .UNSPECIFIED., .F., .F.,
 ( 4, 2, 2, 2, 2, 2, 2, 2, 2, 2, 2, 2, 2, 4 ),
 ( 0.000000000000000000, 0.0009588392497560344974, 0.001438258874634044211, 0.001917678499512054033, 0.002876517749268082784, 0.003355937374146102364, 0.003835356999024121943, 0.004314776623902141957, 0.004794196248780161970, 0.005273615873658181116, 0.005753035498536201130, 0.006232455123414221143, 0.006711874748292241157, 0.007670713998048279449 ),
 .UNSPECIFIED. ) ;
#6916 = ORIENTED_EDGE ( 'NONE', *, *, #4801, .T. ) ;
#6917 = CYLINDRICAL_SURFACE ( 'NONE', #7171, 1.700000000000000178 ) ;
#6918 = CARTESIAN_POINT ( 'NONE',  ( -0.007630428499740279404, -74.68097998000808957, 25.25165718681244087 ) ) ;
#6919 = CARTESIAN_POINT ( 'NONE',  ( 42.20582925616534453, 32.85521081293311596, 3.683695595035406445 ) ) ;
#6920 = CARTESIAN_POINT ( 'NONE',  ( -18.08336275768023782, -74.30411618487080716, 4.442840963603182480 ) ) ;
#6921 = CARTESIAN_POINT ( 'NONE',  ( -40.20000000000023022, 49.89830886825592415, 1.526206676144367780 ) ) ;
#6922 = CARTESIAN_POINT ( 'NONE',  ( -25.65897025531875997, -77.20986593211057425, 15.34450015787109400 ) ) ;
#6923 = CARTESIAN_POINT ( 'NONE',  ( -10.55913638414093469, -64.49504044025158578, 21.99476308020545900 ) ) ;
#6924 = CARTESIAN_POINT ( 'NONE',  ( 25.99997965869904704, -77.68097998000808957, 12.02536965757062504 ) ) ;
#6925 = CARTESIAN_POINT ( 'NONE',  ( 19.35178423752186916, -68.70145445424410013, 20.17360827705202198 ) ) ;
#6926 = ORIENTED_EDGE ( 'NONE', *, *, #2426, .T. ) ;
#6927 = CARTESIAN_POINT ( 'NONE',  ( 45.09320149786616838, 35.59305057726724186, 1.450000000000001732 ) ) ;
#6928 = CARTESIAN_POINT ( 'NONE',  ( -22.19388934060635421, -72.57995105105852929, 12.49999999999999112 ) ) ;
#6929 = EDGE_CURVE ( 'NONE', #3069, #793, #2009, .T. ) ;
#6930 = CARTESIAN_POINT ( 'NONE',  ( -1.330460493209868700, -76.50968451951476368, -1.007256746128857516 ) ) ;
#6931 = CARTESIAN_POINT ( 'NONE',  ( 10.38272388411761149, -74.68097998000810378, 19.51757030869277543 ) ) ;
#6932 = CARTESIAN_POINT ( 'NONE',  ( -38.49999999999998579, -44.99999999999999289, 32.07106781186548261 ) ) ;
#6933 = CARTESIAN_POINT ( 'NONE',  ( 23.94592117670052289, -60.08850364132559463, 25.21828252545294191 ) ) ;
#6934 = AXIS2_PLACEMENT_3D ( 'NONE', #3011, #58, #1703 ) ;
#6935 = DIRECTION ( 'NONE',  ( 0.5000000000000008882, 0.8660254037844381525, -0.000000000000000000 ) ) ;
#6936 = ORIENTED_EDGE ( 'NONE', *, *, #7618, .T. ) ;
#6937 = CARTESIAN_POINT ( 'NONE',  ( 6.253777446258413697, -73.86767720903814904, 24.76297163272380430 ) ) ;
#6938 = ORIENTED_EDGE ( 'NONE', *, *, #2082, .F. ) ;
#6939 = CARTESIAN_POINT ( 'NONE',  ( -36.60290671860214218, 51.63603834931625869, 21.45593948359873337 ) ) ;
#6940 = ORIENTED_EDGE ( 'NONE', *, *, #2862, .T. ) ;
#6941 = EDGE_CURVE ( 'NONE', #6280, #1524, #4996, .T. ) ;
#6942 = DIRECTION ( 'NONE',  ( 0.8660254037844417052, 0.4999999999999948375, 0.000000000000000000 ) ) ;
#6943 = CARTESIAN_POINT ( 'NONE',  ( -16.66666666666667496, -60.68097998000806825, 0.000000000000000000 ) ) ;
#6944 = CARTESIAN_POINT ( 'NONE',  ( 43.43854917509010249, -42.49729386604181514, 4.325213049276336541 ) ) ;
#6945 = EDGE_LOOP ( 'NONE', ( #1080, #7255, #6622, #5859, #43 ) ) ;
#6946 = CARTESIAN_POINT ( 'NONE',  ( -22.11183528976023993, -71.18503218667466115, 13.64347582380990076 ) ) ;
#6947 = CARTESIAN_POINT ( 'NONE',  ( -36.24697137239955680, -43.90453438428919952, 3.507161445076460993 ) ) ;
#6948 = CARTESIAN_POINT ( 'NONE',  ( -12.38172926284097741, -74.68097998000807536, 6.460405411290071953 ) ) ;
#6949 = CARTESIAN_POINT ( 'NONE',  ( -3.787008615506098685, -73.91325562319731546, 25.06681985422573433 ) ) ;
#6950 = LINE ( 'NONE', #6355, #3211 ) ;
#6951 = CARTESIAN_POINT ( 'NONE',  ( 21.49077775195246431, -60.21044842030077149, 21.50000000000000000 ) ) ;
#6952 = DIRECTION ( 'NONE',  ( -0.000000000000000000, -0.000000000000000000, -1.000000000000000000 ) ) ;
#6953 = CARTESIAN_POINT ( 'NONE',  ( 25.37995945403531550, -60.08850364132559463, -0.2489748507248630005 ) ) ;
#6954 = VERTEX_POINT ( 'NONE', #3229 ) ;
#6955 = CARTESIAN_POINT ( 'NONE',  ( 23.69861271698934857, -64.01876918024889562, 4.961925035345077895 ) ) ;
#6956 = DIRECTION ( 'NONE',  ( -1.000000000000000000, -3.552198176715260054E-15, 0.000000000000000000 ) ) ;
#6957 = CARTESIAN_POINT ( 'NONE',  ( 25.00000000000000000, -60.68097998000807536, 0.000000000000000000 ) ) ;
#6958 = CARTESIAN_POINT ( 'NONE',  ( -18.80426373807934226, -75.51591975833400738, 4.960217325653761833 ) ) ;
#6959 = CARTESIAN_POINT ( 'NONE',  ( 14.20351202541164781, -60.68097998000839510, 3.500000000000000444 ) ) ;
#6960 = CARTESIAN_POINT ( 'NONE',  ( -0.007630428499740279404, -74.68097998000808957, 25.25165718681244442 ) ) ;
#6961 = CARTESIAN_POINT ( 'NONE',  ( -9.365498003947401173, -63.27178387550492999, 21.87669395293607266 ) ) ;
#6962 = VECTOR ( 'NONE', #673, 1000.000000000000000 ) ;
#6963 = CARTESIAN_POINT ( 'NONE',  ( 17.03494416879694029, -74.68097998000808957, 10.87713160793255796 ) ) ;
#6964 = CARTESIAN_POINT ( 'NONE',  ( 20.43188688697586031, -75.14354464078952844, 18.60297377081200665 ) ) ;
#6965 = ORIENTED_EDGE ( 'NONE', *, *, #3062, .F. ) ;
#6966 = CARTESIAN_POINT ( 'NONE',  ( 16.90074604261414137, -77.68097998000808957, 25.81844848959551797 ) ) ;
#6967 = CARTESIAN_POINT ( 'NONE',  ( -21.79673559039147790, -69.62172576142172886, 7.519885858640411591 ) ) ;
#6968 = CARTESIAN_POINT ( 'NONE',  ( -3.453110808381295360, -68.76790363687352681, 1.374683882648362276 ) ) ;
#6969 = CARTESIAN_POINT ( 'NONE',  ( -36.55720157958157301, 52.39485507003462317, 0.06934676724655279567 ) ) ;
#6970 = DIRECTION ( 'NONE',  ( 0.000000000000000000, 0.000000000000000000, 1.000000000000000000 ) ) ;
#6971 = CARTESIAN_POINT ( 'NONE',  ( -25.65639081652327391, -76.26764005264446666, 9.664307650278919581 ) ) ;
#6972 = EDGE_CURVE ( 'NONE', #4459, #4062, #5108, .T. ) ;
#6973 = DIRECTION ( 'NONE',  ( -0.000000000000000000, -0.000000000000000000, -1.000000000000000000 ) ) ;
#6974 = ORIENTED_EDGE ( 'NONE', *, *, #3301, .F. ) ;
#6975 = CARTESIAN_POINT ( 'NONE',  ( 4.808524193031216143, -71.32082310411549031, 24.24686620400004244 ) ) ;
#6976 = ORIENTED_EDGE ( 'NONE', *, *, #6742, .F. ) ;
#6977 = LINE ( 'NONE', #2156, #4210 ) ;
#6978 = ORIENTED_EDGE ( 'NONE', *, *, #4208, .T. ) ;
#6979 = CARTESIAN_POINT ( 'NONE',  ( -35.99999999999997868, -41.57723895259432112, 7.500000000000000000 ) ) ;
#6980 = CARTESIAN_POINT ( 'NONE',  ( -18.57315826777937318, -77.68097998000808957, 0.2227311157459636592 ) ) ;
#6981 = CARTESIAN_POINT ( 'NONE',  ( -24.81122499035803486, -77.68097998000808957, 17.74329525253487461 ) ) ;
#6982 = EDGE_CURVE ( 'NONE', #67, #206, #6794, .T. ) ;
#6983 = ORIENTED_EDGE ( 'NONE', *, *, #4206, .F. ) ;
#6984 = CARTESIAN_POINT ( 'NONE',  ( 47.89541780499240531, 40.44521965367707139, 20.06360846086390382 ) ) ;
#6985 = CARTESIAN_POINT ( 'NONE',  ( -39.48141677850499320, -42.69932339929404463, 5.524075164826165008 ) ) ;
#6986 = CARTESIAN_POINT ( 'NONE',  ( 13.67346247611779475, -74.68097998000810378, 7.217373861653891609 ) ) ;
#6987 = CARTESIAN_POINT ( 'NONE',  ( -5.982619982725121410, -71.29034811191210963, 24.09924317944726369 ) ) ;
#6988 = AXIS2_PLACEMENT_3D ( 'NONE', #5885, #1063, #4005 ) ;
#6989 = CARTESIAN_POINT ( 'NONE',  ( 19.88701745122057218, -74.68097998000811799, 19.18484861719104728 ) ) ;
#6990 = CARTESIAN_POINT ( 'NONE',  ( 47.99956888183824333, 40.36898379483299948, 5.200673902788654601 ) ) ;
#6991 = CARTESIAN_POINT ( 'NONE',  ( -36.82687052743026612, 48.13553702992612671, 3.584742813032816500 ) ) ;
#6992 = ADVANCED_FACE ( 'NONE', ( #5071 ), #7426, .F. ) ;
#6993 = CARTESIAN_POINT ( 'NONE',  ( 11.31805765416918774, -60.08850364132558752, 0.05538538079935900055 ) ) ;
#6994 = CIRCLE ( 'NONE', #6741, 1.700000000000000178 ) ;
#6995 = CARTESIAN_POINT ( 'NONE',  ( 40.50000000000001421, -51.73205080756899576, 0.000000000000000000 ) ) ;
#6996 = CARTESIAN_POINT ( 'NONE',  ( -0.007630428499740096390, -74.68097998000808957, -0.2483428131875577982 ) ) ;
#6997 = CARTESIAN_POINT ( 'NONE',  ( -25.65675389976340881, -77.68097998000808957, 9.665712661770600178 ) ) ;
#6998 = CARTESIAN_POINT ( 'NONE',  ( -16.90495914153335377, -69.11113584814640376, 3.925280808978135916 ) ) ;
#6999 = LINE ( 'NONE', #17, #5857 ) ;
#7000 = ORIENTED_EDGE ( 'NONE', *, *, #943, .T. ) ;
#7001 = DIRECTION ( 'NONE',  ( 1.321694076934710155E-16, -1.000000000000000000, 0.000000000000000000 ) ) ;
#7002 = CARTESIAN_POINT ( 'NONE',  ( -10.72991679976133916, -65.80485113131322805, 22.18223634350358253 ) ) ;
#7003 = EDGE_CURVE ( 'NONE', #3255, #4389, #55, .T. ) ;
#7004 = CARTESIAN_POINT ( 'NONE',  ( 25.65639081652326325, -76.26764005264436719, 9.664307650278855633 ) ) ;
#7005 = ORIENTED_EDGE ( 'NONE', *, *, #6176, .T. ) ;
#7006 = CARTESIAN_POINT ( 'NONE',  ( 20.61994711225113974, -77.68097998000808957, 23.18451660961384775 ) ) ;
#7007 = AXIS2_PLACEMENT_3D ( 'NONE', #6707, #7190, #1330 ) ;
#7008 = PLANE ( 'NONE',  #3245 ) ;
#7009 = CARTESIAN_POINT ( 'NONE',  ( -1.127535234488029836, -67.51697551648611295, 1.637657666526617595 ) ) ;
#7010 = CARTESIAN_POINT ( 'NONE',  ( -16.80804535180134351, -74.68097998000811799, 14.62848646930272523 ) ) ;
#7011 = CARTESIAN_POINT ( 'NONE',  ( 21.86567313722192196, -67.00027559352321305, 12.49999999999998757 ) ) ;
#7012 = AXIS2_PLACEMENT_3D ( 'NONE', #4863, #1801, #6664 ) ;
#7013 = CARTESIAN_POINT ( 'NONE',  ( -20.75438224076953020, -69.74201985475710330, 19.35174066796711756 ) ) ;
#7014 = CARTESIAN_POINT ( 'NONE',  ( 44.68675562938402379, -45.91044799488555839, 1.181360439751178104 ) ) ;
#7015 = ORIENTED_EDGE ( 'NONE', *, *, #5823, .F. ) ;
#7016 = CARTESIAN_POINT ( 'NONE',  ( 5.146585803489440281, -75.18199043948334293, 25.29386287692715740 ) ) ;
#7017 = VERTEX_POINT ( 'NONE', #1575 ) ;
#7018 = CARTESIAN_POINT ( 'NONE',  ( -38.56630492300759272, 52.50199024781624502, 20.57246939068700087 ) ) ;
#7019 = EDGE_LOOP ( 'NONE', ( #2625, #3571, #6775, #107 ) ) ;
#7020 = DIRECTION ( 'NONE',  ( -0.01950348607398070741, 0.9260633242332213522, 0.3768638129896231259 ) ) ;
#7021 = CARTESIAN_POINT ( 'NONE',  ( -19.65430195980016137, -74.68097998000808957, 23.74301473415890484 ) ) ;
#7022 = CARTESIAN_POINT ( 'NONE',  ( -24.67632450237490005, -78.46065648618758814, 17.64650332302020175 ) ) ;
#7023 = ORIENTED_EDGE ( 'NONE', *, *, #7655, .T. ) ;
#7024 = CARTESIAN_POINT ( 'NONE',  ( 48.25148313017808022, 40.18382824793491892, 18.99871624127461089 ) ) ;
#7025 = DIRECTION ( 'NONE',  ( -0.000000000000000000, -0.000000000000000000, -1.000000000000000000 ) ) ;
#7026 = ADVANCED_FACE ( 'NONE', ( #6318 ), #5078, .T. ) ;
#7027 = EDGE_CURVE ( 'NONE', #768, #5370, #2490, .T. ) ;
#7028 = CARTESIAN_POINT ( 'NONE',  ( 16.89820420677552804, -74.68097998000808957, 10.57104695793490556 ) ) ;
#7029 = CARTESIAN_POINT ( 'NONE',  ( 2.564411794771573990E-14, -64.94763008704946117, 22.60665250128613479 ) ) ;
#7030 = DIRECTION ( 'NONE',  ( -0.000000000000000000, -0.000000000000000000, -1.000000000000000000 ) ) ;
#7031 = CARTESIAN_POINT ( 'NONE',  ( 19.06165324956876006, -60.36641447851941678, 21.50000000000001066 ) ) ;
#7032 = LINE ( 'NONE', #2882, #4359 ) ;
#7033 = CARTESIAN_POINT ( 'NONE',  ( 5.208333333333336590, -60.68097998000808246, 0.000000000000000000 ) ) ;
#7034 = CARTESIAN_POINT ( 'NONE',  ( 17.52823973180025163, -64.99213116019390668, 3.948102702941431730 ) ) ;
#7035 = CARTESIAN_POINT ( 'NONE',  ( -16.72396339815511723, -77.68097998000808957, 10.22274848313005791 ) ) ;
#7036 = EDGE_CURVE ( 'NONE', #5668, #3844, #6182, .T. ) ;
#7037 = CARTESIAN_POINT ( 'NONE',  ( 44.84761309033729759, 32.89381931908832257, 6.394957755087390616 ) ) ;
#7038 = CARTESIAN_POINT ( 'NONE',  ( -17.67205243912761858, -67.65029723824245877, 4.140880290828641286 ) ) ;
#7039 = CARTESIAN_POINT ( 'NONE',  ( 25.82352941176470651, -74.68097998000811799, 12.49999999999997513 ) ) ;
#7040 = CARTESIAN_POINT ( 'NONE',  ( -40.09320149786615417, -43.72596944272470409, 1.450000000000001732 ) ) ;
#7041 = CARTESIAN_POINT ( 'NONE',  ( -11.23915983428258336, -61.76871616666237941, 21.58964989766136000 ) ) ;
#7042 = CARTESIAN_POINT ( 'NONE',  ( 43.50000000000000711, 35.00000000000000711, 17.00000000000000000 ) ) ;
#7043 = EDGE_LOOP ( 'NONE', ( #2749, #5758, #4820, #1643 ) ) ;
#7044 = CARTESIAN_POINT ( 'NONE',  ( 41.00000000000000711, 35.00000000000000711, 12.50000000000000000 ) ) ;
#7045 = CARTESIAN_POINT ( 'NONE',  ( -38.43854917509004565, -42.49729386604180092, 20.67478695072365724 ) ) ;
#7046 = CARTESIAN_POINT ( 'NONE',  ( -5.936325113723271753E-14, -75.22501180479638094, -0.6294118300352212758 ) ) ;
#7047 = CARTESIAN_POINT ( 'NONE',  ( 21.90622993233806426, -68.36429191225100510, 9.805107936860066431 ) ) ;
#7048 = LINE ( 'NONE', #1049, #1616 ) ;
#7049 = CARTESIAN_POINT ( 'NONE',  ( -23.89205702367457107, -62.72378349277124698, 20.50467309258988635 ) ) ;
#7050 = CARTESIAN_POINT ( 'NONE',  ( -14.25240334010217502, -74.68097998000808957, 7.593176322269598266 ) ) ;
#7051 = VERTEX_POINT ( 'NONE', #6505 ) ;
#7052 = CARTESIAN_POINT ( 'NONE',  ( 10.41377303846626745, -71.09071666716626225, 23.23043311249086784 ) ) ;
#7053 = ORIENTED_EDGE ( 'NONE', *, *, #6444, .F. ) ;
#7054 = SURFACE_SIDE_STYLE ('',( #5252 ) ) ;
#7055 = ORIENTED_EDGE ( 'NONE', *, *, #3686, .T. ) ;
#7056 = CARTESIAN_POINT ( 'NONE',  ( 12.10312643694418355, -68.33320202375392682, 2.650913521017991492 ) ) ;
#7057 = CARTESIAN_POINT ( 'NONE',  ( -37.75432610900878672, 56.68729594602244504, 3.896013173914485872 ) ) ;
#7058 = AXIS2_PLACEMENT_3D ( 'NONE', #5214, #2115, #4505 ) ;
#7059 = CARTESIAN_POINT ( 'NONE',  ( 45.12804615675562303, -43.81957792210791780, 1.474434891512004020 ) ) ;
#7060 = CARTESIAN_POINT ( 'NONE',  ( 41.06293926877658151, -44.35458908523310839, 3.498595310733246144 ) ) ;
#7061 = VERTEX_POINT ( 'NONE', #4632 ) ;
#7062 = DIRECTION ( 'NONE',  ( -0.000000000000000000, -0.000000000000000000, -1.000000000000000000 ) ) ;
#7063 = CARTESIAN_POINT ( 'NONE',  ( 21.84978653842363627, -77.68097998000808957, 21.98512355680433927 ) ) ;
#7064 = DIRECTION ( 'NONE',  ( -0.8660254037844417052, -0.4999999999999948375, 0.000000000000000000 ) ) ;
#7065 = CARTESIAN_POINT ( 'NONE',  ( 7.668746299389025189, -74.68097998000810378, 4.636369674924012863 ) ) ;
#7066 = CARTESIAN_POINT ( 'NONE',  ( 2.256339419005553015, -67.50512267560516477, 23.32934130502411918 ) ) ;
#7067 = CARTESIAN_POINT ( 'NONE',  ( 6.160766860776845988, -77.68097998000808957, 20.73819215370812685 ) ) ;
#7068 = FACE_OUTER_BOUND ( 'NONE', #432, .T. ) ;
#7069 = EDGE_CURVE ( 'NONE', #1696, #6620, #1733, .T. ) ;
#7070 = CARTESIAN_POINT ( 'NONE',  ( 10.41666666666667673, -60.68097998000807536, 0.000000000000000000 ) ) ;
#7071 = B_SPLINE_CURVE_WITH_KNOTS ( 'NONE', 3,
 ( #5586, #1980, #6767, #6169, #775, #1458, #211, #2650, #7477, #7433, #6803, #1350, #6245, #4375, #4444, #2609, #3791, #5416, #3275, #6205, #5003, #3166, #5664, #5552, #6839, #6728, #1215, #4970 ),
 .UNSPECIFIED., .F., .F.,
 ( 4, 2, 2, 2, 2, 2, 2, 2, 2, 2, 2, 2, 2, 4 ),
 ( 0.000000000000000000, 0.0009588392497560301606, 0.001438258874634042693, 0.001917678499512055117, 0.002876517749268082784, 0.003355937374146101930, 0.003835356999024121510, 0.004314776623902140222, 0.004794196248780160236, 0.005273615873658178514, 0.005753035498536198528, 0.006232455123414217674, 0.006711874748292237687, 0.007670713998048275112 ),
 .UNSPECIFIED. ) ;
#7072 = CARTESIAN_POINT ( 'NONE',  ( 18.67375795249495241, -72.84553448341979731, 4.823995174048987700 ) ) ;
#7073 = CARTESIAN_POINT ( 'NONE',  ( 48.50000000000001421, -47.11324865405205031, 25.00000000000000000 ) ) ;
#7074 = B_SPLINE_CURVE_WITH_KNOTS ( 'NONE', 3,
 ( #1789, #2853, #5241, #2341, #6574, #6486 ),
 .UNSPECIFIED., .F., .F.,
 ( 4, 2, 4 ),
 ( 0.000000000000000000, 0.001561958277398144612, 0.003123916554796289224 ),
 .UNSPECIFIED. ) ;
#7075 = CARTESIAN_POINT ( 'NONE',  ( 41.87284245155842655, -46.89798796427944438, 12.50000000000000000 ) ) ;
#7076 = CARTESIAN_POINT ( 'NONE',  ( -20.06834574779895775, -69.89223004139680029, 5.319563358012258547 ) ) ;
#7077 = CARTESIAN_POINT ( 'NONE',  ( -38.29667753216207160, 56.54367925499473557, 24.49966096295377582 ) ) ;
#7078 = ORIENTED_EDGE ( 'NONE', *, *, #5377, .T. ) ;
#7079 = CARTESIAN_POINT ( 'NONE',  ( -10.11872895088686874, -76.33262014631287684, 24.54142838813925565 ) ) ;
#7080 = B_SPLINE_CURVE_WITH_KNOTS ( 'NONE', 3,
 ( #5430, #3741, #132, #6644 ),
 .UNSPECIFIED., .F., .F.,
 ( 4, 4 ),
 ( 0.000000000000000000, 0.9999999939858725817 ),
 .UNSPECIFIED. ) ;
#7081 = EDGE_CURVE ( 'NONE', #3280, #6541, #430, .T. ) ;
#7082 = CARTESIAN_POINT ( 'NONE',  ( 17.74748603729676333, -77.68097998000808957, 12.49999999999998224 ) ) ;
#7083 = ORIENTED_EDGE ( 'NONE', *, *, #1954, .T. ) ;
#7084 = CARTESIAN_POINT ( 'NONE',  ( -36.79999999999999005, -44.31902001999193175, 17.00000000000000000 ) ) ;
#7085 = CARTESIAN_POINT ( 'NONE',  ( -39.80081503009844823, -42.86411771584011632, 18.75653423276531484 ) ) ;
#7086 = CARTESIAN_POINT ( 'NONE',  ( -8.189553766514844568, -62.05425849650061565, 3.304799055553794496 ) ) ;
#7087 = CARTESIAN_POINT ( 'NONE',  ( 21.86031693758775418, -74.68097998000810378, 8.406283724167630922 ) ) ;
#7088 = DIRECTION ( 'NONE',  ( 1.593074305255970310E-16, -1.000000000000000000, 0.000000000000000000 ) ) ;
#7089 = AXIS2_PLACEMENT_3D ( 'NONE', #3458, #7030, #1066 ) ;
#7090 = CARTESIAN_POINT ( 'NONE',  ( -22.09462983555216553, -62.97831729995915850, 20.66821434388188550 ) ) ;
#7091 = CARTESIAN_POINT ( 'NONE',  ( -17.04817713840276738, -77.68097998000808957, 10.90835656733363912 ) ) ;
#7092 = EDGE_LOOP ( 'NONE', ( #422, #3690, #6936, #6965, #4074, #5792, #2339, #5998 ) ) ;
#7093 = CARTESIAN_POINT ( 'NONE',  ( 13.62433632872950717, -72.16908287828469781, 22.49948623961121541 ) ) ;
#7094 = ORIENTED_EDGE ( 'NONE', *, *, #933, .T. ) ;
#7096 = AXIS2_PLACEMENT_3D ( 'NONE', #2459, #4266, #5477 ) ;
#7095 = CARTESIAN_POINT ( 'NONE',  ( 1.083338702749470750, -77.68097998000810378, -5.000006498685807266 ) ) ;
#7097 = ORIENTED_EDGE ( 'NONE', *, *, #5737, .T. ) ;
#7098 = CARTESIAN_POINT ( 'NONE',  ( 11.86602652514681466, -73.62905334474469043, 1.625888798668315927 ) ) ;
#7099 = CARTESIAN_POINT ( 'NONE',  ( -37.02690835549666559, 56.87494197818301700, 3.625386844437860301 ) ) ;
#7100 = CARTESIAN_POINT ( 'NONE',  ( 45.09320149786618259, -43.72596944272473252, 1.450000000000001732 ) ) ;
#7101 = CARTESIAN_POINT ( 'NONE',  ( -23.95833333333333215, -60.68097998000807536, 25.00000000000000000 ) ) ;
#7102 = ADVANCED_FACE ( 'NONE', ( #1174 ), #7581, .F. ) ;
#7103 = ORIENTED_EDGE ( 'NONE', *, *, #7586, .F. ) ;
#7104 = EDGE_CURVE ( 'NONE', #7541, #1091, #5877, .T. ) ;
#7105 = DIRECTION ( 'NONE',  ( -0.000000000000000000, 0.000000000000000000, -1.000000000000000000 ) ) ;
#7106 = CARTESIAN_POINT ( 'NONE',  ( 25.82352941176471006, -74.68097998000810378, 13.52516019860021679 ) ) ;
#7107 = ORIENTED_EDGE ( 'NONE', *, *, #4049, .T. ) ;
#7108 = FACE_OUTER_BOUND ( 'NONE', #4549, .T. ) ;
#7109 = CARTESIAN_POINT ( 'NONE',  ( 7.589998347998192507, -74.68097998000811799, 4.615151933982381216 ) ) ;
#7110 = CARTESIAN_POINT ( 'NONE',  ( 4.719979426879311161E-15, -68.80164823120465201, 23.74018724956707160 ) ) ;
#7111 = FACE_OUTER_BOUND ( 'NONE', #1271, .T. ) ;
#7112 = CARTESIAN_POINT ( 'NONE',  ( -38.61614460239674429, 47.48061015227138881, 0.6307844203485654111 ) ) ;
#7113 = DIRECTION ( 'NONE',  ( -1.000000000000000000, 0.000000000000000000, 0.000000000000000000 ) ) ;
#7114 = CARTESIAN_POINT ( 'NONE',  ( 3.160864686869991669, -78.46065648618755972, -5.130098925543101096 ) ) ;
#7115 = CARTESIAN_POINT ( 'NONE',  ( 18.21531999292616888, -59.57335087804493412, 21.62783680073924941 ) ) ;
#7116 = CARTESIAN_POINT ( 'NONE',  ( 19.35178423752184074, -68.70145445424395803, 4.826391722947930951 ) ) ;
#7117 = CARTESIAN_POINT ( 'NONE',  ( -15.59439274787356489, -77.68097998000808957, 8.758825408906353971 ) ) ;
#7118 = CARTESIAN_POINT ( 'NONE',  ( -35.49999999999998579, -54.61880215351700230, 0.000000000000000000 ) ) ;
#7119 = CARTESIAN_POINT ( 'NONE',  ( -20.24265023608183611, -64.56730728765553806, 4.417070318403363949 ) ) ;
#7120 = CARTESIAN_POINT ( 'NONE',  ( -38.49999999999998579, 50.00000000000000711, 12.50000000000000000 ) ) ;
#7121 = VERTEX_POINT ( 'NONE', #5836 ) ;
#7122 = FACE_OUTER_BOUND ( 'NONE', #2263, .T. ) ;
#7123 = CARTESIAN_POINT ( 'NONE',  ( 3.104680774523154607, -74.68097998000808957, 21.19885091066130656 ) ) ;
#7124 = VECTOR ( 'NONE', #5031, 1000.000000000000000 ) ;
#7125 = DIRECTION ( 'NONE',  ( 0.000000000000000000, -1.000000000000000000, 0.000000000000000000 ) ) ;
#7126 = ORIENTED_EDGE ( 'NONE', *, *, #1994, .T. ) ;
#7127 = DIRECTION ( 'NONE',  ( 0.000000000000000000, 0.000000000000000000, 1.000000000000000000 ) ) ;
#7128 = CARTESIAN_POINT ( 'NONE',  ( -39.99999999999997868, -42.99999999999998579, 12.50000000000000000 ) ) ;
#7129 = CARTESIAN_POINT ( 'NONE',  ( -5.031986813491704069, -73.89515745168240812, 0.05520225494640011721 ) ) ;
#7130 = CARTESIAN_POINT ( 'NONE',  ( 21.95376938277124168, -71.07245120821933426, 9.073475177121016699 ) ) ;
#7131 = ADVANCED_FACE ( 'NONE', ( #2869 ), #508, .T. ) ;
#7132 = CARTESIAN_POINT ( 'NONE',  ( -18.74340474973567794, -74.68097998000811799, 20.10053213868592792 ) ) ;
#7133 =( BOUNDED_SURFACE ( )  B_SPLINE_SURFACE ( 3, 1, ( 
 ( #3199, #3675 ),
 ( #2534, #3789 ),
 ( #5585, #209 ),
 ( #1310, #6802 ) ),
 .UNSPECIFIED., .F., .F., .T. ) 
 B_SPLINE_SURFACE_WITH_KNOTS ( ( 4, 4 ),
 ( 2, 2 ),
 ( 0.000000000000000000, 1.000000000000000000 ),
 ( 0.000000000000000000, 1.000000000000000000 ),
 .UNSPECIFIED. ) 
 GEOMETRIC_REPRESENTATION_ITEM ( )  RATIONAL_B_SPLINE_SURFACE ( (
 ( 1.000000000000000000, 1.000000000000000000),
 ( 0.6879350130686470166, 0.6879350130686470166),
 ( 0.6879350130686470166, 0.6879350130686470166),
 ( 1.000000000000000000, 1.000000000000000000) ) ) 
 REPRESENTATION_ITEM ( '' )  SURFACE ( )  );
#7134 = CARTESIAN_POINT ( 'NONE',  ( -17.74748603729677754, -74.68097998000808957, 12.50000000000004974 ) ) ;
#7135 = ORIENTED_EDGE ( 'NONE', *, *, #7276, .F. ) ;
#7136 = VECTOR ( 'NONE', #4083, 1000.000000000000000 ) ;
#7137 = CARTESIAN_POINT ( 'NONE',  ( 11.40327644274171348, -63.08471736848633782, 21.73198522184489434 ) ) ;
#7138 = EDGE_LOOP ( 'NONE', ( #3331, #1427 ) ) ;
#7139 = ORIENTED_EDGE ( 'NONE', *, *, #6353, .F. ) ;
#7140 = CARTESIAN_POINT ( 'NONE',  ( 7.586107986135740333, -75.12033604454555302, 0.1586533612001171933 ) ) ;
#7141 = EDGE_CURVE ( 'NONE', #3973, #1016, #6695, .T. ) ;
#7142 = CARTESIAN_POINT ( 'NONE',  ( -25.82352941176470296, -74.68097998000811799, 12.50000000000002487 ) ) ;
#7143 = CARTESIAN_POINT ( 'NONE',  ( 11.19532094653786913, -74.68097998000808957, 27.57067206135897308 ) ) ;
#7144 = CARTESIAN_POINT ( 'NONE',  ( -24.33081087423603606, -78.46065648618758814, 18.44953977717404570 ) ) ;
#7145 = ORIENTED_EDGE ( 'NONE', *, *, #6972, .T. ) ;
#7146 = VECTOR ( 'NONE', #5313, 1000.000000000000000 ) ;
#7147 = DIRECTION ( 'NONE',  ( 0.000000000000000000, -0.000000000000000000, -1.000000000000000000 ) ) ;
#7148 = CARTESIAN_POINT ( 'NONE',  ( -21.69731558365937119, -70.88581337803653071, 18.19675889972013039 ) ) ;
#7149 = VERTEX_POINT ( 'NONE', #6134 ) ;
#7150 = CARTESIAN_POINT ( 'NONE',  ( -39.99999999999997868, -22.68097998000808957, 8.499999999999998224 ) ) ;
#7151 = CARTESIAN_POINT ( 'NONE',  ( 15.81751284774288813, -74.68097998000806115, 9.007204418244239008 ) ) ;
#7152 = CARTESIAN_POINT ( 'NONE',  ( 1.100871088935095443, -66.23230280176785811, 22.98449741737977803 ) ) ;
#7153 = CARTESIAN_POINT ( 'NONE',  ( 11.97183421273614989, -77.68097998000808957, 18.75203154520141524 ) ) ;
#7154 = CARTESIAN_POINT ( 'NONE',  ( -36.32750855806382617, 47.77319900648673467, 0.04210432381487312636 ) ) ;
#7155 = CARTESIAN_POINT ( 'NONE',  ( -17.90935789859145544, -74.68097998000808957, 4.297915179952290110 ) ) ;
#7156 = CARTESIAN_POINT ( 'NONE',  ( 17.59943202369496618, -66.32037063779470998, 4.053657581422512202 ) ) ;
#7157 = CARTESIAN_POINT ( 'NONE',  ( 25.00000000000000000, -60.68097998000807536, 25.00000000000000000 ) ) ;
#7158 = DIRECTION ( 'NONE',  ( 1.000000000000000000, 0.000000000000000000, 0.000000000000000000 ) ) ;
#7159 = CARTESIAN_POINT ( 'NONE',  ( -19.37600169300811359, -74.05914381481858300, 5.352322132079609496 ) ) ;
#7160 = CARTESIAN_POINT ( 'NONE',  ( -42.97422752325179118, 55.16983992813452176, 19.86458817849739589 ) ) ;
#7161 = ORIENTED_EDGE ( 'NONE', *, *, #5951, .T. ) ;
#7162 = CARTESIAN_POINT ( 'NONE',  ( -8.622716828144152856, -74.68097998000808957, 20.10202683288566661 ) ) ;
#7163 = CARTESIAN_POINT ( 'NONE',  ( 21.23287851239101798, -74.68097998000804694, 22.59985217694878656 ) ) ;
#7164 = VERTEX_POINT ( 'NONE', #2055 ) ;
#7165 = CARTESIAN_POINT ( 'NONE',  ( -21.74677367781696802, -77.18211922003055747, 22.09256093503124418 ) ) ;
#7166 = DIRECTION ( 'NONE',  ( -1.000000000000000000, -1.593074305255970310E-16, 0.000000000000000000 ) ) ;
#7167 = CARTESIAN_POINT ( 'NONE',  ( -4.101851172645133659, -62.30088702828012970, 3.189753643660981464 ) ) ;
#7168 = CARTESIAN_POINT ( 'NONE',  ( 21.53745693383747550, -61.42060013598755575, 10.67567681407540192 ) ) ;
#7169 = CARTESIAN_POINT ( 'NONE',  ( -41.74999999999997868, -46.96891108675445281, 12.50000000000000000 ) ) ;
#7170 = CARTESIAN_POINT ( 'NONE',  ( -18.39193494247064109, -63.52875643491084645, 21.06545984769254076 ) ) ;
#7171 = AXIS2_PLACEMENT_3D ( 'NONE', #366, #2684, #1617 ) ;
#7172 = CARTESIAN_POINT ( 'NONE',  ( -17.57257356311983898, -74.68097998000808957, 12.10213924728873991 ) ) ;
#7173 = ORIENTED_EDGE ( 'NONE', *, *, #4883, .F. ) ;
#7174 = EDGE_CURVE ( 'NONE', #267, #2824, #5040, .T. ) ;
#7175 = CARTESIAN_POINT ( 'NONE',  ( 10.72991679976135337, -65.80485113131321384, 22.18223634350358253 ) ) ;
#7176 = ORIENTED_EDGE ( 'NONE', *, *, #3543, .T. ) ;
#7177 = SURFACE_STYLE_USAGE ( .BOTH. , #2392 ) ;
#7178 = CARTESIAN_POINT ( 'NONE',  ( -25.00000000000000000, -60.68097998000806825, 4.166666666666670515 ) ) ;
#7179 = CARTESIAN_POINT ( 'NONE',  ( 11.66732308885865521, -72.32766357506051236, 1.828291219058916228 ) ) ;
#7180 = CARTESIAN_POINT ( 'NONE',  ( -24.51858991215560835, -77.68097998000808957, 18.32856540893972763 ) ) ;
#7181 = DIRECTION ( 'NONE',  ( 1.000000000000000000, 0.000000000000000000, 0.000000000000000000 ) ) ;
#7182 = CARTESIAN_POINT ( 'NONE',  ( 7.291666666666708707, -60.68097998000806825, 25.00000000000000000 ) ) ;
#7183 = B_SPLINE_CURVE_WITH_KNOTS ( 'NONE', 3,
 ( #4675, #1143, #2401, #4041 ),
 .UNSPECIFIED., .F., .F.,
 ( 4, 4 ),
 ( 0.0006088996035320901751, 0.001218624425003939126 ),
 .UNSPECIFIED. ) ;
#7184 = ORIENTED_EDGE ( 'NONE', *, *, #6792, .T. ) ;
#7185 = EDGE_CURVE ( 'NONE', #4057, #570, #250, .T. ) ;
#7186 = DIRECTION ( 'NONE',  ( 1.321694076934710155E-16, -1.000000000000000000, 0.000000000000000000 ) ) ;
#7187 = CARTESIAN_POINT ( 'NONE',  ( -14.20351202541198887, -60.68097998001167070, 21.50000000000000000 ) ) ;
#7188 = EDGE_LOOP ( 'NONE', ( #671, #171, #4544, #632 ) ) ;
#7189 =( GEOMETRIC_REPRESENTATION_CONTEXT ( 3 ) GLOBAL_UNCERTAINTY_ASSIGNED_CONTEXT ( ( #7452 ) ) GLOBAL_UNIT_ASSIGNED_CONTEXT ( ( #5831, #4035, #5176 ) ) REPRESENTATION_CONTEXT ( 'NONE', 'WORKASPACE' ) );
#7190 = DIRECTION ( 'NONE',  ( 0.000000000000000000, -1.000000000000000000, 0.000000000000000000 ) ) ;
#7191 = CARTESIAN_POINT ( 'NONE',  ( -35.50000000000000711, 57.24982048834630888, 0.000000000000000000 ) ) ;
#7192 = CARTESIAN_POINT ( 'NONE',  ( -17.74748603729677754, -77.68097998000808957, 12.50000000000004974 ) ) ;
#7193 = CARTESIAN_POINT ( 'NONE',  ( 45.53345860360288100, 42.11981081645912184, 1.776777430142355785 ) ) ;
#7194 = CARTESIAN_POINT ( 'NONE',  ( 22.85399449926996240, -64.14808174150839193, 20.16331291847102491 ) ) ;
#7195 = CARTESIAN_POINT ( 'NONE',  ( 18.54822854604097060, -68.84083914646711833, 4.527247361591324903 ) ) ;
#7196 = CARTESIAN_POINT ( 'NONE',  ( 14.18721143106746396, -77.68097998000808957, 7.546083808395056991 ) ) ;
#7197 = CARTESIAN_POINT ( 'NONE',  ( -16.84352401904954633, -74.68097998000808957, 10.45442236714380080 ) ) ;
#7198 = CARTESIAN_POINT ( 'NONE',  ( -19.34742661900742178, -70.03840463778563219, 4.980879854052244760 ) ) ;
#7199 = DIRECTION ( 'NONE',  ( -0.8571673007021104462, 0.000000000000000000, -0.5150380749100574862 ) ) ;
#7200 = CARTESIAN_POINT ( 'NONE',  ( -35.50000000000000000, 55.00000000000000711, 0.000000000000000000 ) ) ;
#7201 = CARTESIAN_POINT ( 'NONE',  ( 0.9169528873832551996, -77.68097998000808957, 21.35050488399557267 ) ) ;
#7202 = CARTESIAN_POINT ( 'NONE',  ( 45.00000000000000000, 42.48381121475496514, 7.500000000000000000 ) ) ;
#7203 = EDGE_CURVE ( 'NONE', #4818, #7051, #7071, .T. ) ;
#7204 = B_SPLINE_CURVE_WITH_KNOTS ( 'NONE', 3,
 ( #2562, #800, #3970, #5106, #5269, #5805, #2210, #438, #321, #2130, #2722, #3383, #4011, #4601, #478, #3420, #4644, #1688, #7508, #2248, #6991, #3460, #2840, #7547, #1613, #6356, #6395, #4517 ),
 .UNSPECIFIED., .F., .F.,
 ( 4, 2, 2, 2, 2, 2, 2, 2, 2, 2, 2, 2, 2, 4 ),
 ( 0.000000000000000000, 0.0009588392497560442552, 0.001438258874634070015, 0.001917678499512095666, 0.002876517749268140463, 0.003355937374146157441, 0.003835356999024174419, 0.004314776623902191396, 0.004794196248780207940, 0.005273615873658225352, 0.005753035498536241896, 0.006232455123414259307, 0.006711874748292276718, 0.007670713998048290724 ),
 .UNSPECIFIED. ) ;
#7205 = ORIENTED_EDGE ( 'NONE', *, *, #5507, .T. ) ;
#7206 = CARTESIAN_POINT ( 'NONE',  ( -39.99999999999999289, 55.00000000000000711, 25.00000000000000000 ) ) ;
#7207 = CARTESIAN_POINT ( 'NONE',  ( 24.57973960995908058, -78.57975569811021899, 17.79237427219954881 ) ) ;
#7208 = CARTESIAN_POINT ( 'NONE',  ( -4.699656026350820248, -70.03332315389798168, 1.102003532441487410 ) ) ;
#7209 = CARTESIAN_POINT ( 'NONE',  ( 21.37334883214525405, -58.63076240721981236, 10.49389685030503294 ) ) ;
#7210 = CARTESIAN_POINT ( 'NONE',  ( 25.63747721176362759, -75.73891969538959756, 15.41321706173839345 ) ) ;
#7211 = CARTESIAN_POINT ( 'NONE',  ( -17.37202824585867234, -74.41655535215072348, 21.01575719131494324 ) ) ;
#7212 = CARTESIAN_POINT ( 'NONE',  ( 7.349007215373219992, -74.68097998000808957, 4.548393950232842542 ) ) ;
#7213 = ORIENTED_EDGE ( 'NONE', *, *, #7203, .F. ) ;
#7214 = CARTESIAN_POINT ( 'NONE',  ( 10.11872895088687052, -76.33262014631289105, 24.54142838813925565 ) ) ;
#7215 = ORIENTED_EDGE ( 'NONE', *, *, #4829, .T. ) ;
#7216 = DIRECTION ( 'NONE',  ( -0.000000000000000000, -0.000000000000000000, -1.000000000000000000 ) ) ;
#7217 = CARTESIAN_POINT ( 'NONE',  ( -25.00000000000000000, -60.68097998000807536, -0.3886993953833787763 ) ) ;
#7218 = CARTESIAN_POINT ( 'NONE',  ( 11.20103536297164304, -76.27964005510563084, 0.8374284320468530218 ) ) ;
#7219 = CONICAL_SURFACE ( 'NONE', #1825, 3.149999999999999911, 0.7853981633974477239 ) ;
#7220 = CARTESIAN_POINT ( 'NONE',  ( -24.57973960995905216, -78.57975569811021899, 17.79237427219959500 ) ) ;
#7221 = CARTESIAN_POINT ( 'NONE',  ( -7.181129364893346967, -60.08850364132560173, 24.87619070880220207 ) ) ;
#7222 = CIRCLE ( 'NONE', #6455, 1.700000000000000178 ) ;
#7223 = VERTEX_POINT ( 'NONE', #809 ) ;
#7224 = VECTOR ( 'NONE', #319, 1000.000000000000000 ) ;
#7225 = DIRECTION ( 'NONE',  ( -0.000000000000000000, -0.000000000000000000, -1.000000000000000000 ) ) ;
#7226 = CARTESIAN_POINT ( 'NONE',  ( -21.48422781333784926, -66.66844282368491292, 21.13883086121879629 ) ) ;
#7227 = ORIENTED_EDGE ( 'NONE', *, *, #4345, .T. ) ;
#7228 = DIRECTION ( 'NONE',  ( 0.01950348607398089823, 0.9260633242332213522, -0.3768638129896227928 ) ) ;
#7229 = CARTESIAN_POINT ( 'NONE',  ( -39.46501121460803319, 56.22408287830409535, 1.032514117367325346 ) ) ;
#7230 = EDGE_CURVE ( 'NONE', #2453, #4156, #810, .T. ) ;
#7231 = CARTESIAN_POINT ( 'NONE',  ( 22.01694537661062512, -77.69904329675881627, 21.80829409305178856 ) ) ;
#7232 = EDGE_CURVE ( 'NONE', #5899, #4794, #2057, .T. ) ;
#7233 = CARTESIAN_POINT ( 'NONE',  ( -36.03163597842458898, 48.06572211019970098, 0.01710388481034161301 ) ) ;
#7234 = ORIENTED_EDGE ( 'NONE', *, *, #6972, .F. ) ;
#7235 = CARTESIAN_POINT ( 'NONE',  ( 21.92344880527816287, -73.35866277227577825, 17.48578240176644982 ) ) ;
#7236 = CARTESIAN_POINT ( 'NONE',  ( 16.16749892677268008, -59.83453578855546340, 3.449047782131307471 ) ) ;
#7237 = CARTESIAN_POINT ( 'NONE',  ( -36.01580038723128041, 50.32343998189372769, 3.499911403380804753 ) ) ;
#7238 = CARTESIAN_POINT ( 'NONE',  ( 25.99999999999999645, -77.68097998000808957, 12.49999999999999289 ) ) ;
#7239 = CARTESIAN_POINT ( 'NONE',  ( -25.63747721176364180, -75.73891969538939861, 9.586782938261681153 ) ) ;
#7240 = LINE ( 'NONE', #7316, #3736 ) ;
#7241 = EDGE_CURVE ( 'NONE', #7051, #3758, #3753, .T. ) ;
#7242 = CARTESIAN_POINT ( 'NONE',  ( -13.44849748091317210, -74.68097998000808957, 17.94099004258849206 ) ) ;
#7243 = CARTESIAN_POINT ( 'NONE',  ( 24.64196912394495342, -77.68097998000808957, 18.08180698536104458 ) ) ;
#7244 = VERTEX_POINT ( 'NONE', #2571 ) ;
#7245 = CARTESIAN_POINT ( 'NONE',  ( 25.00000000000000000, -60.68097998000807536, 25.38869939538319187 ) ) ;
#7246 = DIRECTION ( 'NONE',  ( -0.000000000000000000, -0.000000000000000000, -1.000000000000000000 ) ) ;
#7247 = CARTESIAN_POINT ( 'NONE',  ( -6.534906650736751033, -76.44356245413310091, -0.4270485246065303109 ) ) ;
#7248 = CARTESIAN_POINT ( 'NONE',  ( 45.00000000000000000, 37.00000000000001421, 32.07106781186548261 ) ) ;
#7249 = CIRCLE ( 'NONE', #3228, 1.699999999999993072 ) ;
#7250 = B_SPLINE_CURVE_WITH_KNOTS ( 'NONE', 3,
 ( #50, #4288, #7237, #6641, #6677, #1299, #3700, #6085, #719, #3115, #128, #313, #356, #5612, #3812, #6826, #946, #6154, #3187, #1375, #4468, #2715, #870, #1488, #3303, #2757, #796, #200, #3927, #2124, #3889, #3263 ),
 .UNSPECIFIED., .F., .F.,
 ( 4, 2, 2, 2, 2, 2, 2, 2, 2, 2, 2, 2, 2, 2, 2, 4 ),
 ( 0.000000000000000000, 0.0004822847810010811686, 0.0009645695620021623373, 0.001446854343003243669, 0.001929139124004324675, 0.002411423905005405897, 0.002893708686006487337, 0.003375993467007568343, 0.003858278248008649349, 0.004340563029009730789, 0.004822847810010811795, 0.005305132591011892801, 0.005787417372012974674, 0.006269702153014054813, 0.006751986934015136686, 0.007716556496017303902 ),
 .UNSPECIFIED. ) ;
#7251 = DIRECTION ( 'NONE',  ( -0.000000000000000000, -0.000000000000000000, -1.000000000000000000 ) ) ;
#7252 = CARTESIAN_POINT ( 'NONE',  ( -19.28701520035826888, -60.75429370680145524, 21.41889212146336874 ) ) ;
#7253 = CARTESIAN_POINT ( 'NONE',  ( -8.707446609725854714, -77.68097998000808957, 4.924616934072944652 ) ) ;
#7254 = CARTESIAN_POINT ( 'NONE',  ( 15.29805724327658822, -70.66831884553187137, 21.72355443611021641 ) ) ;
#7255 = ORIENTED_EDGE ( 'NONE', *, *, #2961, .T. ) ;
#7256 = AXIS2_PLACEMENT_3D ( 'NONE', #4081, #4754, #5839 ) ;
#7257 = CARTESIAN_POINT ( 'NONE',  ( -21.48422781333784570, -66.66844282368491292, 3.861169138781115340 ) ) ;
#7258 = CARTESIAN_POINT ( 'NONE',  ( 8.779300601199549803, -75.08486007896486569, 0.4123192338163291781 ) ) ;
#7259 = CARTESIAN_POINT ( 'NONE',  ( -24.86611085946165645, -58.40486459085620652, 10.26562834597239871 ) ) ;
#7260 = CARTESIAN_POINT ( 'NONE',  ( -13.39986135547576929, -60.08850364132559463, 24.98578596991944067 ) ) ;
#7261 = VECTOR ( 'NONE', #5102, 1000.000000000000000 ) ;
#7262 = CARTESIAN_POINT ( 'NONE',  ( -40.03519270640565253, -43.45352449299277708, 1.409321211018962128 ) ) ;
#7263 = ORIENTED_EDGE ( 'NONE', *, *, #264, .F. ) ;
#7264 = CARTESIAN_POINT ( 'NONE',  ( 11.17054101212927542, -77.68097998000808957, 19.13247705448230462 ) ) ;
#7265 = CARTESIAN_POINT ( 'NONE',  ( -21.49160088703869320, -69.39155777118779156, 19.94566750082945816 ) ) ;
#7266 = ORIENTED_EDGE ( 'NONE', *, *, #6689, .F. ) ;
#7267 = CIRCLE ( 'NONE', #3875, 1.700000000000000178 ) ;
#7268 = CARTESIAN_POINT ( 'NONE',  ( -39.80020500600672051, -42.86374792742281414, 6.241657284622863955 ) ) ;
#7269 = CARTESIAN_POINT ( 'NONE',  ( 17.39082981455178611, -74.68097998000810378, 11.68874671480612371 ) ) ;
#7270 = DIRECTION ( 'NONE',  ( 1.000000000000000000, 0.000000000000000000, 0.000000000000000000 ) ) ;
#7271 = PRODUCT_CONTEXT ( 'NONE', #790, 'mechanical' ) ;
#7272 = B_SPLINE_CURVE_WITH_KNOTS ( 'NONE', 3,
 ( #2484, #6086, #4362, #720, #4844, #4289 ),
 .UNSPECIFIED., .F., .F.,
 ( 4, 2, 4 ),
 ( 0.005806487271370192743, 0.008289726156624478010, 0.01077296504187876154 ),
 .UNSPECIFIED. ) ;
#7273 = VERTEX_POINT ( 'NONE', #4407 ) ;
#7274 = CARTESIAN_POINT ( 'NONE',  ( 22.09462983555223303, -62.97831729995917271, 20.66821434388191037 ) ) ;
#7275 = EDGE_CURVE ( 'NONE', #2589, #3218, #1422, .T. ) ;
#7276 = EDGE_CURVE ( 'NONE', #4461, #4331, #2689, .T. ) ;
#7277 = CARTESIAN_POINT ( 'NONE',  ( 16.59877520423603059, -65.12893412222028644, 3.783204325597004480 ) ) ;
#7278 = DIRECTION ( 'NONE',  ( -1.000000000000000000, 0.000000000000000000, 0.000000000000000000 ) ) ;
#7279 = DIRECTION ( 'NONE',  ( -0.000000000000000000, 1.000000000000000000, -0.000000000000000000 ) ) ;
#7280 = LINE ( 'NONE', #2560, #6912 ) ;
#7281 = CARTESIAN_POINT ( 'NONE',  ( -28.68629150101522640, -14.68097998000808957, 8.499999999999998224 ) ) ;
#7282 = CARTESIAN_POINT ( 'NONE',  ( -5.622376121349792477, -77.68097998000808957, 20.83506243202801400 ) ) ;
#7283 = FACE_OUTER_BOUND ( 'NONE', #6127, .T. ) ;
#7284 = EDGE_CURVE ( 'NONE', #7449, #2813, #2433, .T. ) ;
#7285 = ORIENTED_EDGE ( 'NONE', *, *, #6196, .F. ) ;
#7286 = CARTESIAN_POINT ( 'NONE',  ( -40.19999999999998153, 50.00000000000000711, 17.00000000000000000 ) ) ;
#7287 = CARTESIAN_POINT ( 'NONE',  ( 24.49313816524957588, -78.57975569811021899, 17.94502695113552804 ) ) ;
#7288 = CARTESIAN_POINT ( 'NONE',  ( 24.51858991215568295, -77.68097998000808957, 18.32856540893957487 ) ) ;
#7289 = CARTESIAN_POINT ( 'NONE',  ( -13.88707766829070422, -66.82103628106449378, 3.209436607803328290 ) ) ;
#7290 = DIRECTION ( 'NONE',  ( 0.000000000000000000, -1.000000000000000000, 0.000000000000000000 ) ) ;
#7291 = CARTESIAN_POINT ( 'NONE',  ( -40.19999999999998153, 50.00000000000000711, 17.00000000000000000 ) ) ;
#7292 = CARTESIAN_POINT ( 'NONE',  ( -19.33368021630713329, -63.39033268744247351, 20.95678679174465131 ) ) ;
#7293 = CARTESIAN_POINT ( 'NONE',  ( 5.622376121350487921, -74.68097998000808957, 4.164937567972122778 ) ) ;
#7294 = CARTESIAN_POINT ( 'NONE',  ( 15.27812424975111760, -61.28473688166993583, 21.47319042081330664 ) ) ;
#7295 = ORIENTED_EDGE ( 'NONE', *, *, #2972, .F. ) ;
#7296 = CARTESIAN_POINT ( 'NONE',  ( 42.04849700672458113, 37.62881397805402628, 0.1501073233012079622 ) ) ;
#7297 = CARTESIAN_POINT ( 'NONE',  ( -25.00000000000000000, -60.68097998000806825, 14.58333333333334281 ) ) ;
#7298 = CARTESIAN_POINT ( 'NONE',  ( 6.407814757846418630, -64.78407441402387690, 2.631346580148903325 ) ) ;
#7299 = DIRECTION ( 'NONE',  ( 0.000000000000000000, -1.000000000000000000, 0.000000000000000000 ) ) ;
#7300 = CARTESIAN_POINT ( 'NONE',  ( -10.41666666666664298, -60.68097998000807536, 25.00000000000000000 ) ) ;
#7301 = VECTOR ( 'NONE', #1015, 1000.000000000000000 ) ;
#7302 = CARTESIAN_POINT ( 'NONE',  ( -40.09320149786615417, -43.72596944272470409, 1.450000000000001732 ) ) ;
#7303 = EDGE_LOOP ( 'NONE', ( #2713, #7720 ) ) ;
#7304 = CARTESIAN_POINT ( 'NONE',  ( 8.707446609726240183, -74.68097998000808957, 20.07538306592693544 ) ) ;
#7305 = CARTESIAN_POINT ( 'NONE',  ( 42.72275323607670572, 32.26924076309442313, 0.3137326372847731859 ) ) ;
#7306 = ORIENTED_EDGE ( 'NONE', *, *, #521, .F. ) ;
#7307 = LINE ( 'NONE', #676, #1992 ) ;
#7308 = PLANE ( 'NONE',  #628 ) ;
#7309 = CARTESIAN_POINT ( 'NONE',  ( -39.99999999999999289, 52.00000000000001421, 32.07106781186548261 ) ) ;
#7310 = CARTESIAN_POINT ( 'NONE',  ( 43.50000000000000711, -44.31902001999193175, 1.450000000000001732 ) ) ;
#7311 = CARTESIAN_POINT ( 'NONE',  ( 21.61464733046743447, -74.68097998000807536, 7.613070865666352383 ) ) ;
#7312 = CARTESIAN_POINT ( 'NONE',  ( 14.57318501755121254, -72.08365041534901252, 2.847133235516860150 ) ) ;
#7313 = CARTESIAN_POINT ( 'NONE',  ( 16.89984342426836506, -77.68097998000808957, 10.57354799686090452 ) ) ;
#7314 = FACE_OUTER_BOUND ( 'NONE', #1305, .T. ) ;
#7315 = CARTESIAN_POINT ( 'NONE',  ( -24.08550133035961949, -61.42879780529342781, 4.028728779475082789 ) ) ;
#7316 = CARTESIAN_POINT ( 'NONE',  ( 45.19999999999999574, -44.31902001999193175, 17.00000000000000000 ) ) ;
#7317 = AXIS2_PLACEMENT_3D ( 'NONE', #7206, #3554, #5985 ) ;
#7318 = DIRECTION ( 'NONE',  ( 0.000000000000000000, -0.000000000000000000, -1.000000000000000000 ) ) ;
#7319 = ADVANCED_FACE ( 'NONE', ( #1945 ), #4566, .F. ) ;
#7320 = FACE_OUTER_BOUND ( 'NONE', #6298, .T. ) ;
#7321 = VERTEX_POINT ( 'NONE', #6286 ) ;
#7322 = CARTESIAN_POINT ( 'NONE',  ( 41.24767653315798555, 33.90296122910100252, 21.49280058913952729 ) ) ;
#7323 = CARTESIAN_POINT ( 'NONE',  ( 25.06445558290796072, -58.40486459085619941, 26.55434567859310491 ) ) ;
#7324 = CARTESIAN_POINT ( 'NONE',  ( 41.32750855806384749, -42.09221902647864511, 0.04210432381487532599 ) ) ;
#7325 = CARTESIAN_POINT ( 'NONE',  ( -12.25111018186647271, -61.65405325956169236, 3.442853262811017778 ) ) ;
#7326 = DIRECTION ( 'NONE',  ( -1.000000000000000000, 0.000000000000000000, 0.000000000000000000 ) ) ;
#7327 = CARTESIAN_POINT ( 'NONE',  ( -3.956876714949763230, -74.68097998000811799, 25.32144307268376693 ) ) ;
#7328 = DIRECTION ( 'NONE',  ( 1.321694076934710155E-16, -1.000000000000000000, 0.000000000000000000 ) ) ;
#7329 = EDGE_CURVE ( 'NONE', #364, #1435, #7676, .T. ) ;
#7330 = CARTESIAN_POINT ( 'NONE',  ( -18.34460436924691251, -62.20584569648693218, 21.23752639016250043 ) ) ;
#7331 = AXIS2_PLACEMENT_3D ( 'NONE', #3569, #5961, #7615 ) ;
#7332 = CARTESIAN_POINT ( 'NONE',  ( 11.09144526588921487, -74.68097998000808957, 5.832334050879171450 ) ) ;
#7333 = CARTESIAN_POINT ( 'NONE',  ( 17.98824709115320886, -72.97375503990777190, 20.59575414105922775 ) ) ;
#7334 = ORIENTED_EDGE ( 'NONE', *, *, #4935, .F. ) ;
#7335 = CARTESIAN_POINT ( 'NONE',  ( -39.45460988614585318, 56.22609034607800993, 19.53341117906288105 ) ) ;
#7336 = CARTESIAN_POINT ( 'NONE',  ( -21.66030707124193455, -69.52108075747901239, 6.282781179911581582 ) ) ;
#7337 = CARTESIAN_POINT ( 'NONE',  ( 2.311779167570950033, -68.79045602263261117, 1.298788072419336137 ) ) ;
#7338 = CARTESIAN_POINT ( 'NONE',  ( 21.82699029441977601, -68.30317378103785586, 16.53748571592092986 ) ) ;
#7339 = CARTESIAN_POINT ( 'NONE',  ( 3.113612652743713127, -77.68097998000808957, 29.90513321228996091 ) ) ;
#7340 = CARTESIAN_POINT ( 'NONE',  ( -39.16621187613255728, -42.14233724198348341, 0.8864716109234355157 ) ) ;
#7341 = VERTEX_POINT ( 'NONE', #371 ) ;
#7342 = CARTESIAN_POINT ( 'NONE',  ( 7.018082754724229488, -74.68097998000808957, 20.54548031675605557 ) ) ;
#7343 = CARTESIAN_POINT ( 'NONE',  ( 44.16621187613255728, 32.82331722199155877, 0.8864716109234374031 ) ) ;
#7344 = ORIENTED_EDGE ( 'NONE', *, *, #1329, .T. ) ;
#7345 = CARTESIAN_POINT ( 'NONE',  ( -22.03327139581680782, -74.68097998000811799, 9.214351027802930361 ) ) ;
#7346 = FACE_OUTER_BOUND ( 'NONE', #5599, .T. ) ;
#7347 = ADVANCED_FACE ( 'NONE', ( #4609 ), #2810, .T. ) ;
#7348 = FACE_OUTER_BOUND ( 'NONE', #6484, .T. ) ;
#7349 = AXIS2_PLACEMENT_3D ( 'NONE', #6821, #907, #3335 ) ;
#7350 = ORIENTED_EDGE ( 'NONE', *, *, #4830, .T. ) ;
#7351 = DIRECTION ( 'NONE',  ( -0.000000000000000000, -0.000000000000000000, -1.000000000000000000 ) ) ;
#7352 = CARTESIAN_POINT ( 'NONE',  ( 9.457963425667703206, -77.68097998000808957, 5.172551824973670165 ) ) ;
#7353 = CARTESIAN_POINT ( 'NONE',  ( -25.82352941176470296, -74.68097998000811799, 12.50000000000002487 ) ) ;
#7354 = DIRECTION ( 'NONE',  ( 1.000000000000000000, 0.000000000000000000, -0.000000000000000000 ) ) ;
#7355 = CARTESIAN_POINT ( 'NONE',  ( -28.68629150101522640, -22.68097998000808957, 8.499999999999998224 ) ) ;
#7356 = CARTESIAN_POINT ( 'NONE',  ( -35.99999999999998579, -44.99999999999999289, 3.499999999999999556 ) ) ;
#7357 = CARTESIAN_POINT ( 'NONE',  ( 21.61611099357905630, -68.67874946920174750, 19.19405787351209725 ) ) ;
#7358 = ORIENTED_EDGE ( 'NONE', *, *, #4883, .T. ) ;
#7359 = CARTESIAN_POINT ( 'NONE',  ( 23.01858944900172332, -77.68097998000808957, 4.234705980835194339 ) ) ;
#7360 = DIRECTION ( 'NONE',  ( -1.000000000000000000, 0.000000000000000000, 0.000000000000000000 ) ) ;
#7361 = CARTESIAN_POINT ( 'NONE',  ( -9.206939256293686924, -61.96367422095406141, 3.339651004346715801 ) ) ;
#7362 = CARTESIAN_POINT ( 'NONE',  ( 21.50891913036296899, -70.74279990588857459, 5.679648427768486663 ) ) ;
#7363 = CARTESIAN_POINT ( 'NONE',  ( 15.59439274787402674, -77.68097998000808957, 16.24117459109316286 ) ) ;
#7364 = DIRECTION ( 'NONE',  ( -0.000000000000000000, 1.000000000000000000, -0.000000000000000000 ) ) ;
#7365 = CARTESIAN_POINT ( 'NONE',  ( -14.69845667717048876, -65.38383419305861821, 21.54780278696358309 ) ) ;
#7366 = CARTESIAN_POINT ( 'NONE',  ( 3.447648144306513895, -74.68097998000808957, 3.787756778612223485 ) ) ;
#7367 = CARTESIAN_POINT ( 'NONE',  ( 16.15487841011795211, -70.55361060712050403, 21.38573772430451925 ) ) ;
#7368 = VERTEX_POINT ( 'NONE', #6960 ) ;
#7369 = DIRECTION ( 'NONE',  ( 1.000000000000000000, 0.000000000000000000, -0.000000000000000000 ) ) ;
#7370 = CARTESIAN_POINT ( 'NONE',  ( -21.60374486234518798, -66.77656615793543438, 5.292079432239606085 ) ) ;
#7371 = EDGE_CURVE ( 'NONE', #5055, #2317, #5949, .T. ) ;
#7372 = ADVANCED_FACE ( 'NONE', ( #3353 ), #447, .T. ) ;
#7373 = CARTESIAN_POINT ( 'NONE',  ( 5.237572862556457487, -63.54716438530495992, 2.884870545268268582 ) ) ;
#7374 = CARTESIAN_POINT ( 'NONE',  ( 22.35799744229859698, -75.36978877982663505, 12.49999999999999289 ) ) ;
#7375 = CARTESIAN_POINT ( 'NONE',  ( 17.79711518877731535, -78.46065648618760235, 25.42655012560240380 ) ) ;
#7376 = CARTESIAN_POINT ( 'NONE',  ( -39.68675562938400248, -42.72759204509830511, 1.181360439751169222 ) ) ;
#7377 = EDGE_LOOP ( 'NONE', ( #5397, #135, #4867, #6511 ) ) ;
#7378 = AXIS2_PLACEMENT_3D ( 'NONE', #5070, #242, #7318 ) ;
#7379 = CARTESIAN_POINT ( 'NONE',  ( 41.80000000000000426, -44.31902001999193175, 0.000000000000000000 ) ) ;
#7380 = CARTESIAN_POINT ( 'NONE',  ( 4.735963003153011996, -61.13534731242017273, 21.49999999999997868 ) ) ;
#7381 = ORIENTED_EDGE ( 'NONE', *, *, #5507, .F. ) ;
#7382 = ADVANCED_FACE ( 'NONE', ( #5741 ), #3979, .F. ) ;
#7383 = CARTESIAN_POINT ( 'NONE',  ( -42.39841634391814296, 55.35219590677623103, 3.940185903725434535 ) ) ;
#7384 = AXIS2_PLACEMENT_3D ( 'NONE', #4991, #7388, #6312 ) ;
#7385 = CARTESIAN_POINT ( 'NONE',  ( 44.68959399065396099, -42.80023205502986627, 5.946948373278019950 ) ) ;
#7386 =( BOUNDED_CURVE ( )  B_SPLINE_CURVE ( 3, ( #1400, #3691, #4314, #6145 ),
 .UNSPECIFIED., .F., .T. ) 
 B_SPLINE_CURVE_WITH_KNOTS ( ( 4, 4 ),
 ( 1.570796326794896558, 3.141592653589793116 ),
 .UNSPECIFIED. ) 
 CURVE ( )  GEOMETRIC_REPRESENTATION_ITEM ( )  RATIONAL_B_SPLINE_CURVE ( ( 1.000000000000000000, 0.8047378541243649375, 0.8047378541243649375, 1.000000000000000000 ) ) 
 REPRESENTATION_ITEM ( '' )  );
#7387 = CIRCLE ( 'NONE', #6988, 2.500000000000002220 ) ;
#7388 = DIRECTION ( 'NONE',  ( 0.000000000000000000, 0.000000000000000000, 1.000000000000000000 ) ) ;
#7389 = CARTESIAN_POINT ( 'NONE',  ( -8.241494482735165050, -74.68097998000807536, 4.797599374705376896 ) ) ;
#7390 = CARTESIAN_POINT ( 'NONE',  ( -22.71486306426913870, -69.28675252358144121, 6.600827837745042004 ) ) ;
#7391 = CARTESIAN_POINT ( 'NONE',  ( -39.99999999999998579, -14.68097998000809135, 12.50000000000000000 ) ) ;
#7392 = CARTESIAN_POINT ( 'NONE',  ( 20.83333333333333925, -60.68097998000808246, 0.000000000000000000 ) ) ;
#7393 = ORIENTED_EDGE ( 'NONE', *, *, #4830, .F. ) ;
#7394 = CARTESIAN_POINT ( 'NONE',  ( -35.99999999999999289, 56.07135982689438691, 21.50000000000000000 ) ) ;
#7395 = CARTESIAN_POINT ( 'NONE',  ( 24.53643888760431224, -78.57975569811021899, 7.131299388332426936 ) ) ;
#7396 = CARTESIAN_POINT ( 'NONE',  ( 24.55971631608544214, -77.68097998000808957, 18.24631260108006359 ) ) ;
#7397 = CARTESIAN_POINT ( 'NONE',  ( -9.365498003947429595, -63.27178387550487315, 3.123306047063944657 ) ) ;
#7398 = FACE_OUTER_BOUND ( 'NONE', #2954, .T. ) ;
#7399 = B_SPLINE_SURFACE_WITH_KNOTS ( 'NONE', 3, 1, ( 
 ( #7134, #5364 ),
 ( #7172, #1755 ),
 ( #5910, #2388 ),
 ( #5827, #29 ),
 ( #4780, #7091 ),
 ( #4188, #5288 ),
 ( #4108, #6580 ),
 ( #2424, #4817 ),
 ( #6415, #6454 ),
 ( #6494, #3439 ),
 ( #1130, #458 ),
 ( #5247, #7649 ),
 ( #2270, #4665 ),
 ( #7050, #1670 ),
 ( #3521, #541 ),
 ( #2940, #3643 ),
 ( #5479, #1947 ),
 ( #1909, #4339 ),
 ( #4857, #4304 ),
 ( #105, #2501 ),
 ( #6619, #7253 ),
 ( #3132, #6171 ),
 ( #1871, #3205 ),
 ( #811, #5519 ),
 ( #3714, #143 ),
 ( #65, #2461 ),
 ( #6730, #6099 ),
 ( #3756, #1352 ),
 ( #4377, #5554 ),
 ( #1281, #5588 ),
 ( #7366, #6136 ),
 ( #7293, #6692 ),
 ( #4268, #213 ),
 ( #699, #777 ),
 ( #7212, #1313 ),
 ( #4897, #736 ),
 ( #6658, #6769 ),
 ( #3168, #2612 ),
 ( #7332, #3680 ),
 ( #2538, #180 ),
 ( #4937, #6030 ),
 ( #5441, #2574 ),
 ( #1834, #6065 ),
 ( #3092, #4229 ),
 ( #1389, #4972 ),
 ( #3793, #1245 ),
 ( #662, #3055 ),
 ( #2020, #3863 ),
 ( #3903, #847 ),
 ( #3983, #6248 ),
 ( #5042, #7402 ),
 ( #7524, #3242 ),
 ( #1425, #6328 ),
 ( #6963, #3277 ),
 ( #252, #4410 ),
 ( #6288, #5628 ),
 ( #1503, #4446 ),
 ( #5120, #7559 ) ),
 .UNSPECIFIED., .F., .F., .F.,
 ( 4, 2, 2, 2, 2, 2, 2, 2, 2, 2, 2, 2, 2, 2, 2, 2, 2, 2, 2, 2, 2, 2, 2, 2, 2, 2, 2, 2, 4 ),
 ( 2, 2 ),
 ( 0.000000000000000000, 0.03124999999999993755, 0.04687500000000001388, 0.05468749999999994449, 0.06249999999999987510, 0.09374999999999983347, 0.1249999999999997224, 0.1874999999999995837, 0.2187499999999995004, 0.2499999999999994449, 0.3124999999999993894, 0.3749999999999993339, 0.4062499999999993894, 0.4374999999999993894, 0.4999999999999994449, 0.6249999999999995559, 0.6562499999999994449, 0.6874999999999994449, 0.7499999999999993339, 0.7812499999999993339, 0.8124999999999992228, 0.8749999999999992228, 0.9062499999999993339, 0.9218749999999992228, 0.9374999999999992228, 0.9453124999999993339, 0.9531249999999994449, 0.9687499999999996669, 1.000000000000000000 ),
 ( 0.000000000000000000, 1.000000000000000000 ),
 .UNSPECIFIED. ) ;
#7400 = DIRECTION ( 'NONE',  ( -0.000000000000000000, -0.000000000000000000, -1.000000000000000000 ) ) ;
#7401 = CARTESIAN_POINT ( 'NONE',  ( -13.43454780472107757, -70.86013925437789851, 22.36552754438713819 ) ) ;
#7402 = CARTESIAN_POINT ( 'NONE',  ( 16.75367192968618824, -77.68097998000808957, 10.27516479279330142 ) ) ;
#7403 = CARTESIAN_POINT ( 'NONE',  ( 16.58733917319550244, -74.51728046752216983, 21.46541367103921161 ) ) ;
#7404 = ORIENTED_EDGE ( 'NONE', *, *, #4473, .T. ) ;
#7405 = CARTESIAN_POINT ( 'NONE',  ( 21.26438105746110807, -77.68097998000808957, 2.403914964135625887 ) ) ;
#7406 = CARTESIAN_POINT ( 'NONE',  ( -21.50708717007978521, -61.26727180716713406, 3.379504332695344004 ) ) ;
#7407 = CARTESIAN_POINT ( 'NONE',  ( 4.387663524004357996, -66.16893788200991366, 2.147444570798813235 ) ) ;
#7408 = CARTESIAN_POINT ( 'NONE',  ( 21.83137280944553638, -66.97200857749477620, 15.38929046708662796 ) ) ;
#7409 = CARTESIAN_POINT ( 'NONE',  ( 19.70145298269381584, -60.08850364132558752, 25.12392667309018179 ) ) ;
#7410 = CARTESIAN_POINT ( 'NONE',  ( 45.00000000000001421, -43.00000000000000000, 17.50000000000000000 ) ) ;
#7411 = EDGE_CURVE ( 'NONE', #3758, #6857, #7448, .T. ) ;
#7412 = ORIENTED_EDGE ( 'NONE', *, *, #6783, .F. ) ;
#7413 = ORIENTED_EDGE ( 'NONE', *, *, #5135, .F. ) ;
#7414 = DIRECTION ( 'NONE',  ( -0.000000000000000000, -0.000000000000000000, -1.000000000000000000 ) ) ;
#7415 = ORIENTED_EDGE ( 'NONE', *, *, #4050, .T. ) ;
#7416 = CARTESIAN_POINT ( 'NONE',  ( 44.12587301329666190, 37.42274847455035314, 20.00087350255119745 ) ) ;
#7417 = CARTESIAN_POINT ( 'NONE',  ( -24.33081087423603606, -78.46065648618758814, 6.550460222825949863 ) ) ;
#7418 = CARTESIAN_POINT ( 'NONE',  ( -39.68906045779884550, 47.79994518183423935, 19.05429000374006065 ) ) ;
#7419 = EDGE_CURVE ( 'NONE', #2080, #4584, #3428, .T. ) ;
#7420 = ORIENTED_EDGE ( 'NONE', *, *, #7174, .F. ) ;
#7421 = CARTESIAN_POINT ( 'NONE',  ( -7.207149817911436607, -74.68097998000810378, -3.507522307412895390 ) ) ;
#7422 = PLANE ( 'NONE',  #1741 ) ;
#7423 = CARTESIAN_POINT ( 'NONE',  ( -9.351986700538647668, -74.68097998000808957, 5.146150943661707444 ) ) ;
#7424 = CARTESIAN_POINT ( 'NONE',  ( -3.076965311743876441, -62.33183625387479765, 21.82635599357509548 ) ) ;
#7425 = DIRECTION ( 'NONE',  ( 1.000000000000000000, 1.330321911110254761E-16, 0.000000000000000000 ) ) ;
#7426 = PLANE ( 'NONE',  #4949 ) ;
#7427 = VERTEX_POINT ( 'NONE', #2848 ) ;
#7428 = DIRECTION ( 'NONE',  ( -0.000000000000000000, -0.000000000000000000, -1.000000000000000000 ) ) ;
#7429 = CARTESIAN_POINT ( 'NONE',  ( 24.62304033231382405, -78.57975569811021899, 7.283952067268429253 ) ) ;
#7430 = CARTESIAN_POINT ( 'NONE',  ( 24.64196912394494632, -77.68097998000808957, 6.918193014638942984 ) ) ;
#7431 = CARTESIAN_POINT ( 'NONE',  ( -12.28656783120125695, -69.64251481987975012, 2.489417743681471062 ) ) ;
#7432 = FACE_OUTER_BOUND ( 'NONE', #6548, .T. ) ;
#7433 = CARTESIAN_POINT ( 'NONE',  ( 43.91681784657457399, 37.46730919931088977, 4.758203012771293317 ) ) ;
#7434 = CARTESIAN_POINT ( 'NONE',  ( -14.21908382397403336, -69.45547048402657708, 21.96079395297362069 ) ) ;
#7435 = EDGE_CURVE ( 'NONE', #426, #32, #4085, .T. ) ;
#7436 = CARTESIAN_POINT ( 'NONE',  ( 25.85653253340102253, -77.68097998000810378, 10.60372020098049894 ) ) ;
#7437 = CARTESIAN_POINT ( 'NONE',  ( 19.35926881383680254, -72.71731392693229168, 19.75625551084271692 ) ) ;
#7438 = ORIENTED_EDGE ( 'NONE', *, *, #5017, .F. ) ;
#7439 = LINE ( 'NONE', #4449, #2177 ) ;
#7440 = CARTESIAN_POINT ( 'NONE',  ( -21.40767530291819654, -58.58174830468939120, 6.480663161240440395 ) ) ;
#7441 = CARTESIAN_POINT ( 'NONE',  ( 5.125804643244872061, -62.25438712407238029, 3.213486443915849922 ) ) ;
#7442 = PLANE ( 'NONE',  #2624 ) ;
#7443 = CARTESIAN_POINT ( 'NONE',  ( 21.48422781333782439, -66.66844282368502661, 21.13883086121902366 ) ) ;
#7444 = CARTESIAN_POINT ( 'NONE',  ( 14.31858073156626432, -77.68097998000806115, 27.13977319463090865 ) ) ;
#7445 = FACE_OUTER_BOUND ( 'NONE', #3733, .T. ) ;
#7446 = FACE_OUTER_BOUND ( 'NONE', #3269, .T. ) ;
#7447 = VERTEX_POINT ( 'NONE', #4484 ) ;
#7448 = B_SPLINE_CURVE_WITH_KNOTS ( 'NONE', 3,
 ( #2178, #7598, #4020, #6405, #329, #2138, #2891, #5777, #407, #3468, #6366, #1002, #3391, #1541, #5854, #2731 ),
 .UNSPECIFIED., .F., .F.,
 ( 4, 2, 2, 2, 2, 2, 2, 4 ),
 ( 8.673617379884035472E-19, 0.001706000788509648685, 0.002559001182764475846, 0.003412001577019302574, 0.004265001971274129736, 0.005118002365528956897, 0.005971002759783783191, 0.006824003154038610353 ),
 .UNSPECIFIED. ) ;
#7449 = VERTEX_POINT ( 'NONE', #7636 ) ;
#7450 = CARTESIAN_POINT ( 'NONE',  ( 45.09320149786616838, 34.40694942273277945, 1.450000000000001732 ) ) ;
#7451 = ORIENTED_EDGE ( 'NONE', *, *, #4354, .F. ) ;
#7452 = UNCERTAINTY_MEASURE_WITH_UNIT (LENGTH_MEASURE( 1.000000000000000082E-05 ), #5831, 'distance_accuracy_value', 'NONE');
#7453 = CARTESIAN_POINT ( 'NONE',  ( 15.52556338072278308, -63.93223621438366422, 3.591953958085405851 ) ) ;
#7454 = CARTESIAN_POINT ( 'NONE',  ( -43.23138301153898766, 55.08720060795537421, 5.875645878927898025 ) ) ;
#7455 = CARTESIAN_POINT ( 'NONE',  ( -22.91666666666666785, -60.68097998000806825, 0.000000000000000000 ) ) ;
#7456 = CARTESIAN_POINT ( 'NONE',  ( -38.91677695216839084, 47.53266861328879145, 20.24187209444901114 ) ) ;
#7457 = ORIENTED_EDGE ( 'NONE', *, *, #6546, .F. ) ;
#7458 = CARTESIAN_POINT ( 'NONE',  ( -21.48072207726319149, -59.70234513774109075, 3.500000000000160316 ) ) ;
#7459 = B_SPLINE_SURFACE_WITH_KNOTS ( 'NONE', 3, 3, ( 
 ( #5144, #2164, #7699, #1605, #945, #3339, #1025, #353, #4637, #2756 ),
 ( #433, #6390, #2794, #6946, #1644, #5263, #5763, #7660, #6349, #3377 ),
 ( #3414, #5800, #7619, #2243, #4042, #1062, #2281, #2990, #1257, #4870 ),
 ( #6, #636, #3031, #4833, #3535, #1769, #1219, #2438, #4755, #1291 ),
 ( #2402, #1809, #7740, #3692, #554, #3573, #4240, #5966, #79, #6078 ),
 ( #5925, #1883, #3615, #7148, #2471, #5455, #4164, #5420, #4279, #6550 ),
 ( #6632, #713, #1722, #2953, #7265, #6670, #7226, #6594, #5339, #3105 ) ),
 .UNSPECIFIED., .F., .F., .F.,
 ( 4, 3, 4 ),
 ( 4, 3, 3, 4 ),
 ( 0.4999999999999992784, 0.7229786739115466876, 0.9459573478230940413 ),
 ( 0.1480422515889404933, 0.3942044041272697585, 0.6403665566655990515, 1.132690861742257527 ),
 .UNSPECIFIED. ) ;
#7460 = CARTESIAN_POINT ( 'NONE',  ( -21.37918666975486559, -58.73000564658311617, 12.49999999999999645 ) ) ;
#7461 = EDGE_CURVE ( 'NONE', #5410, #2872, #3496, .T. ) ;
#7462 = EDGE_CURVE ( 'NONE', #1921, #4191, #6325, .T. ) ;
#7463 = CARTESIAN_POINT ( 'NONE',  ( -7.446874204477997417, -74.68097998000811799, 4.573829914814369957 ) ) ;
#7464 = CARTESIAN_POINT ( 'NONE',  ( -6.274609627564526448, -63.48912470750442338, 22.06234868432036222 ) ) ;
#7465 = VECTOR ( 'NONE', #6904, 1000.000000000000000 ) ;
#7466 = DIRECTION ( 'NONE',  ( -0.000000000000000000, -0.000000000000000000, -1.000000000000000000 ) ) ;
#7467 = PLANE ( 'NONE',  #4746 ) ;
#7468 = CARTESIAN_POINT ( 'NONE',  ( 48.50000000000001421, -47.11324865405205031, 25.00000000000000000 ) ) ;
#7469 = AXIS2_PLACEMENT_3D ( 'NONE', #4778, #1243, #5439 ) ;
#7470 = ORIENTED_EDGE ( 'NONE', *, *, #619, .F. ) ;
#7471 = CARTESIAN_POINT ( 'NONE',  ( 21.48885533175652185, -73.50415052941914951, 7.104642815132312883 ) ) ;
#7472 = LINE ( 'NONE', #6282, #4490 ) ;
#7473 = EDGE_CURVE ( 'NONE', #570, #3046, #5318, .T. ) ;
#7474 = CARTESIAN_POINT ( 'NONE',  ( 41.00000000000000711, 35.00000000000000711, 3.499999999999999556 ) ) ;
#7475 = CARTESIAN_POINT ( 'NONE',  ( -18.19431433158280598, -75.63203541726090862, 4.472904064817647907 ) ) ;
#7476 = CARTESIAN_POINT ( 'NONE',  ( 45.20000000000000284, -44.31902001999193175, 12.50000000000000000 ) ) ;
#7477 = CARTESIAN_POINT ( 'NONE',  ( 44.22943372865397293, 37.40069440879310037, 5.118432014549835429 ) ) ;
#7478 = CARTESIAN_POINT ( 'NONE',  ( -16.29582183645264593, -71.87545129961075929, 21.40912051044075071 ) ) ;
#7479 = B_SPLINE_CURVE_WITH_KNOTS ( 'NONE', 3,
 ( #3759, #4975, #3171, #4941, #3095, #1392, #5009, #2541, #2023, #6211, #851, #7335, #2061, #1950, #5045, #1428, #5631, #1356 ),
 .UNSPECIFIED., .F., .F.,
 ( 4, 2, 2, 2, 2, 2, 2, 2, 4 ),
 ( 0.000000000000000000, 0.0007942926253708847877, 0.001588585250741769575, 0.002382877876112654471, 0.003177170501483539151, 0.003971463126854424264, 0.004765755752225308943, 0.005560048377596193622, 0.006354341002967078302 ),
 .UNSPECIFIED. ) ;
#7480 = CARTESIAN_POINT ( 'NONE',  ( -39.99999999999997868, -47.97927405783629951, 3.500000000000000000 ) ) ;
#7481 = CARTESIAN_POINT ( 'NONE',  ( 19.98704413389293677, -72.57875354981059957, 19.33986497893090828 ) ) ;
#7482 = ORIENTED_EDGE ( 'NONE', *, *, #4394, .T. ) ;
#7483 = LINE ( 'NONE', #6371, #4550 ) ;
#7484 = CARTESIAN_POINT ( 'NONE',  ( -39.99999999999997868, -22.68097998000808957, 12.50000000000000000 ) ) ;
#7485 = CARTESIAN_POINT ( 'NONE',  ( -3.874401005425350597, -75.19922073969975429, -0.4273184144241209959 ) ) ;
#7486 = CARTESIAN_POINT ( 'NONE',  ( -39.68675562938402379, 51.59142797489361953, 1.181360439751177660 ) ) ;
#7487 = CARTESIAN_POINT ( 'NONE',  ( 21.85017999398596800, -70.99770916956177302, 17.06439910275249616 ) ) ;
#7488 = CARTESIAN_POINT ( 'NONE',  ( 10.28067891613579654, -60.08850364132558752, 24.92542558894318816 ) ) ;
#7489 = CARTESIAN_POINT ( 'NONE',  ( 43.17551461109292887, -42.51761952350503293, 20.86053767274170667 ) ) ;
#7490 = CARTESIAN_POINT ( 'NONE',  ( -39.44134808030354833, -46.21401192829922877, 1.037491850110616065 ) ) ;
#7491 = ORIENTED_EDGE ( 'NONE', *, *, #3291, .F. ) ;
#7492 = CARTESIAN_POINT ( 'NONE',  ( 4.920255503261460994, -72.60799027789903448, 24.59583197452685255 ) ) ;
#7493 = ORIENTED_EDGE ( 'NONE', *, *, #168, .T. ) ;
#7494 = CARTESIAN_POINT ( 'NONE',  ( -35.99999999999999289, 50.00000000000000711, 21.50000000000000000 ) ) ;
#7495 = ORIENTED_EDGE ( 'NONE', *, *, #5676, .T. ) ;
#7496 = CARTESIAN_POINT ( 'NONE',  ( 15.40251082074235178, -62.60808827112793296, 3.566207146854106558 ) ) ;
#7497 = CARTESIAN_POINT ( 'NONE',  ( 41.24697137239958522, 36.09546561571080048, 21.49283855492353368 ) ) ;
#7498 = VECTOR ( 'NONE', #1936, 1000.000000000000000 ) ;
#7499 = CARTESIAN_POINT ( 'NONE',  ( -35.49999999999998579, -54.61880215351700230, 25.00000000000000000 ) ) ;
#7500 = CIRCLE ( 'NONE', #7256, 3.149999999999999911 ) ;
#7501 = ORIENTED_EDGE ( 'NONE', *, *, #5536, .T. ) ;
#7502 = CARTESIAN_POINT ( 'NONE',  ( 9.903622830633146634, -74.68097998000811799, -2.925568438097754242 ) ) ;
#7503 = VECTOR ( 'NONE', #3546, 1000.000000000000227 ) ;
#7504 = CARTESIAN_POINT ( 'NONE',  ( 45.00000000000000000, 40.00000000000000711, 25.00000000000000000 ) ) ;
#7505 = CARTESIAN_POINT ( 'NONE',  ( -9.960856498413031446, -74.68097998000811799, 5.369781639594935818 ) ) ;
#7506 = CARTESIAN_POINT ( 'NONE',  ( -3.963494385744657400, -76.48504140101992732, 25.78780762090682188 ) ) ;
#7507 = DIRECTION ( 'NONE',  ( 1.000000000000000000, 0.000000000000000000, -0.000000000000000000 ) ) ;
#7508 = CARTESIAN_POINT ( 'NONE',  ( -37.20919598196369549, 47.85315327082486192, 3.684743140388060834 ) ) ;
#7509 = VECTOR ( 'NONE', #5801, 1000.000000000000000 ) ;
#7510 = ADVANCED_FACE ( 'NONE', ( #7122, #2374 ), #3591, .F. ) ;
#7511 = EDGE_CURVE ( 'NONE', #7690, #4156, #18, .T. ) ;
#7512 = CARTESIAN_POINT ( 'NONE',  ( 24.69838774608265908, -77.68097998000808957, 7.031030258914365838 ) ) ;
#7513 = ORIENTED_EDGE ( 'NONE', *, *, #354, .F. ) ;
#7514 = CIRCLE ( 'NONE', #1996, 1.700000000000000178 ) ;
#7515 = CARTESIAN_POINT ( 'NONE',  ( 22.98493214369454662, -67.95499743651410540, 6.229395952356491684 ) ) ;
#7516 = CARTESIAN_POINT ( 'NONE',  ( 24.57973960995906992, -78.57975569811021899, 7.207625727800428095 ) ) ;
#7517 = CARTESIAN_POINT ( 'NONE',  ( 41.12455426886089072, 34.20411025235609515, 3.501470167852021476 ) ) ;
#7518 = CARTESIAN_POINT ( 'NONE',  ( -15.14209366962192327, -69.34872530492869203, 3.330733884462301564 ) ) ;
#7519 = FACE_OUTER_BOUND ( 'NONE', #4834, .T. ) ;
#7520 = DIRECTION ( 'NONE',  ( -1.000000000000000000, 0.000000000000000000, 0.000000000000000000 ) ) ;
#7521 = CARTESIAN_POINT ( 'NONE',  ( -10.41377303846624791, -71.09071666716629068, 23.23043311249087139 ) ) ;
#7522 = CIRCLE ( 'NONE', #6759, 1.700000000000000178 ) ;
#7523 = ADVANCED_FACE ( 'NONE', ( #1697 ), #2449, .T. ) ;
#7524 = CARTESIAN_POINT ( 'NONE',  ( 16.85400159180974100, -74.68097998000808957, 10.47273313003709738 ) ) ;
#7525 = CARTESIAN_POINT ( 'NONE',  ( 20.48538726743252170, -73.78781522718638541, 18.75897052588882019 ) ) ;
#7526 = ORIENTED_EDGE ( 'NONE', *, *, #5779, .F. ) ;
#7527 = CARTESIAN_POINT ( 'NONE',  ( -18.48537151917520660, -77.68097998000808957, 24.82774036579553467 ) ) ;
#7528 = CARTESIAN_POINT ( 'NONE',  ( -22.15985655337501825, -75.21445518355068316, 10.05290396926934093 ) ) ;
#7529 = CARTESIAN_POINT ( 'NONE',  ( -3.616528881952607577, -71.34092292453304651, 0.6540685792222752371 ) ) ;
#7530 = CARTESIAN_POINT ( 'NONE',  ( -17.32645425316655619, -74.68097998000810378, 13.45815817430242234 ) ) ;
#7531 = FACE_OUTER_BOUND ( 'NONE', #6338, .T. ) ;
#7532 = CARTESIAN_POINT ( 'NONE',  ( -38.95997742121741680, -46.65367844666194230, 0.7825670758668701321 ) ) ;
#7533 = ORIENTED_EDGE ( 'NONE', *, *, #4440, .T. ) ;
#7534 = CARTESIAN_POINT ( 'NONE',  ( 7.609620385704622514, -66.02743092381950873, 22.57547409002200922 ) ) ;
#7535 = ORIENTED_EDGE ( 'NONE', *, *, #4978, .T. ) ;
#7536 = CARTESIAN_POINT ( 'NONE',  ( -39.40916183181369092, 52.33425897029668050, 19.61577106629918177 ) ) ;
#7537 = ORIENTED_EDGE ( 'NONE', *, *, #3378, .F. ) ;
#7538 = CARTESIAN_POINT ( 'NONE',  ( 43.50000000000000711, -44.31902001999193175, 0.000000000000000000 ) ) ;
#7539 = CARTESIAN_POINT ( 'NONE',  ( -5.208333333333334814, -60.68097998000806825, 0.000000000000000000 ) ) ;
#7540 = CARTESIAN_POINT ( 'NONE',  ( 44.40916183181369092, -42.66574102970333371, 5.384228933700817343 ) ) ;
#7541 = VERTEX_POINT ( 'NONE', #1742 ) ;
#7542 = CARTESIAN_POINT ( 'NONE',  ( -14.20351202541198887, -60.68097998001167070, 21.50000000000000000 ) ) ;
#7543 = CARTESIAN_POINT ( 'NONE',  ( -15.92864127116402173, -74.68097998000808957, 9.129831470479672362 ) ) ;
#7544 = CARTESIAN_POINT ( 'NONE',  ( -5.354996126554380176, -64.83889085128626562, 22.44478583773673463 ) ) ;
#7545 = CARTESIAN_POINT ( 'NONE',  ( 20.96767586497041691, -74.68097998000808957, 18.14545517056532020 ) ) ;
#7546 = DIRECTION ( 'NONE',  ( -0.000000000000000000, -0.000000000000000000, -1.000000000000000000 ) ) ;
#7547 = CARTESIAN_POINT ( 'NONE',  ( -36.32294463434200082, 48.76050074800507161, 3.512065356813959482 ) ) ;
#7548 = CARTESIAN_POINT ( 'NONE',  ( 25.35890565784033157, -60.68097998000807536, 0.000000000000000000 ) ) ;
#7549 = B_SPLINE_CURVE_WITH_KNOTS ( 'NONE', 3,
 ( #1606, #472, #1146, #3966, #985, #6947, #2284, #2955, #2877, #5264, #4677, #5928, #2914, #5302, #7701, #2322, #5764, #4552, #4717, #1725, #2795, #1568, #6350, #394, #6985, #1026, #5184, #7268, #3729, #4204, #6672, #3033 ),
 .UNSPECIFIED., .F., .F.,
 ( 4, 2, 2, 2, 2, 2, 2, 2, 2, 2, 2, 2, 2, 2, 2, 4 ),
 ( 0.000000000000000000, 0.0004822847810010812229, 0.0009645695620021624457, 0.001446854343003243885, 0.001929139124004324891, 0.002411423905005405897, 0.002893708686006487771, 0.003375993467007568777, 0.003858278248008650650, 0.004340563029009732524, 0.004822847810010814397, 0.005305132591011896270, 0.005787417372012979011, 0.006269702153014061752, 0.006751986934015143625, 0.007716556496017311709 ),
 .UNSPECIFIED. ) ;
#7550 = ORIENTED_EDGE ( 'NONE', *, *, #6982, .F. ) ;
#7551 = CARTESIAN_POINT ( 'NONE',  ( 21.44041873374003870, -69.59180966811707947, 5.976955306053384653 ) ) ;
#7552 = DIRECTION ( 'NONE',  ( 0.000000000000000000, 0.000000000000000000, 1.000000000000000000 ) ) ;
#7553 = CARTESIAN_POINT ( 'NONE',  ( 41.24697137239958522, 33.90453438428922084, 3.507161445076462769 ) ) ;
#7554 = CARTESIAN_POINT ( 'NONE',  ( -17.81899058750202514, -70.31177850708506583, 4.296972001753751158 ) ) ;
#7555 = CARTESIAN_POINT ( 'NONE',  ( 43.50000000000000711, 35.00000000000000711, 12.50000000000000000 ) ) ;
#7556 = EDGE_CURVE ( 'NONE', #1545, #2069, #3511, .T. ) ;
#7557 = CARTESIAN_POINT ( 'NONE',  ( -25.65639081652328812, -76.26764005264449509, 15.33569234972105555 ) ) ;
#7558 = CARTESIAN_POINT ( 'NONE',  ( -8.429233349919661222, -72.50042723528383704, 24.01027416554703819 ) ) ;
#7559 = CARTESIAN_POINT ( 'NONE',  ( 17.74748603729676333, -77.68097998000808957, 12.49999999999998224 ) ) ;
#7560 = CARTESIAN_POINT ( 'NONE',  ( 18.28706623837490497, -60.88743203113209290, 21.42699409807463340 ) ) ;
#7561 = ORIENTED_EDGE ( 'NONE', *, *, #2383, .T. ) ;
#7562 = CARTESIAN_POINT ( 'NONE',  ( -21.26438105746388274, -77.68097998000811799, 22.59608503586359163 ) ) ;
#7563 = VECTOR ( 'NONE', #4821, 1000.000000000000000 ) ;
#7564 = CARTESIAN_POINT ( 'NONE',  ( -21.82699029441977601, -68.30317378103767112, 8.462514284079103888 ) ) ;
#7565 = CARTESIAN_POINT ( 'NONE',  ( -2.006974279447315102, -61.07680704527076898, 3.528898372026623598 ) ) ;
#7566 = CARTESIAN_POINT ( 'NONE',  ( -37.32099469474376718, 52.69780758400589349, 0.2088340790491108045 ) ) ;
#7567 = ADVANCED_FACE ( 'NONE', ( #799 ), #5576, .F. ) ;
#7568 = DIRECTION ( 'NONE',  ( -0.000000000000000000, 1.000000000000000000, -0.000000000000000000 ) ) ;
#7569 = CARTESIAN_POINT ( 'NONE',  ( 25.56370021568288919, -60.08850364132559463, 25.25290740351047347 ) ) ;
#7570 = CONICAL_SURFACE ( 'NONE', #4182, 3.149999999999999911, 0.7853981633974477239 ) ;
#7571 = CARTESIAN_POINT ( 'NONE',  ( 45.09320149786618259, -44.91207059725913098, 1.450000000000001732 ) ) ;
#7572 = ORIENTED_EDGE ( 'NONE', *, *, #5922, .T. ) ;
#7573 = CARTESIAN_POINT ( 'NONE',  ( 4.489228872032263951, -67.45737934833094585, 23.20084414668675166 ) ) ;
#7574 = VERTEX_POINT ( 'NONE', #951 ) ;
#7575 = CARTESIAN_POINT ( 'NONE',  ( -36.24767653315797844, 51.09703877089902591, 21.49280058913952018 ) ) ;
#7576 = ORIENTED_EDGE ( 'NONE', *, *, #3147, .F. ) ;
#7577 = EDGE_CURVE ( 'NONE', #7164, #7273, #616, .T. ) ;
#7578 = CARTESIAN_POINT ( 'NONE',  ( -25.00000000000000000, -60.68097998000806825, 4.166666666666670515 ) ) ;
#7579 = CARTESIAN_POINT ( 'NONE',  ( -25.01247793074002601, -60.08850364132559463, -0.2411097451536483860 ) ) ;
#7580 = CARTESIAN_POINT ( 'NONE',  ( -19.70145298269378742, -60.08850364132560173, 25.12392667309018535 ) ) ;
#7581 = CONICAL_SURFACE ( 'NONE', #7331, 1.699999999999993072, 1.029744258676650759 ) ;
#7582 = ORIENTED_EDGE ( 'NONE', *, *, #5596, .T. ) ;
#7583 = CARTESIAN_POINT ( 'NONE',  ( 43.60374813625654866, 43.41466762421318748, 24.37749964383248624 ) ) ;
#7584 = CYLINDRICAL_SURFACE ( 'NONE', #2751, 1.700000000000000178 ) ;
#7585 = CARTESIAN_POINT ( 'NONE',  ( 16.78008591564760366, -74.68097998000808957, 10.32796069456545318 ) ) ;
#7586 = EDGE_CURVE ( 'NONE', #4781, #6620, #2399, .T. ) ;
#7587 = CARTESIAN_POINT ( 'NONE',  ( -2.542030417520488417, -73.93135379471200963, 25.18884196339780956 ) ) ;
#7588 = CARTESIAN_POINT ( 'NONE',  ( -17.74748603729677754, -74.68097998000808957, 12.50000000000004974 ) ) ;
#7589 = DIRECTION ( 'NONE',  ( 0.000000000000000000, 0.000000000000000000, 1.000000000000000000 ) ) ;
#7590 = CARTESIAN_POINT ( 'NONE',  ( 14.49753548012705018, -78.46065648618757393, -2.237910305713644021 ) ) ;
#7591 = CARTESIAN_POINT ( 'NONE',  ( 45.18629150101525482, -49.02641914795682254, -2.021676070306295031E-15 ) ) ;
#7592 = DIRECTION ( 'NONE',  ( 0.000000000000000000, 0.000000000000000000, 1.000000000000000000 ) ) ;
#7593 = B_SPLINE_CURVE_WITH_KNOTS ( 'NONE', 3,
 ( #199, #4358, #1407, #5650, #6788, #3810, #2636, #759, #1374, #5610, #7502, #5027, #5100, #3775, #6153, #2123, #1966, #6713, #7421, #236, #2041, #6189, #3735, #3302, #3150, #831, #5535, #4428, #275, #2556 ),
 .UNSPECIFIED., .F., .F.,
 ( 4, 2, 2, 2, 2, 2, 2, 2, 2, 2, 2, 2, 2, 2, 4 ),
 ( 0.004785657857170998696, 0.004853948916264150780, 0.008620093637366228051, 0.01238623835846830272, 0.01615238307957038780, 0.01991852780067247461, 0.02368467252177456142, 0.02745081724287664129, 0.03121696196397872464, 0.03498310668508080451, 0.03874925140618289132, 0.04251539612728497119, 0.04628154084838705801, 0.05004768556948913094, 0.05011597662858213037 ),
 .UNSPECIFIED. ) ;
#7594 = CARTESIAN_POINT ( 'NONE',  ( 41.01580038723130173, 34.67656001810629363, 3.499911403380803421 ) ) ;
#7595 = CARTESIAN_POINT ( 'NONE',  ( -15.98730253286802316, -75.93053228859206172, 3.012655168143866025 ) ) ;
#7596 = DIRECTION ( 'NONE',  ( 1.593074305255970064E-16, -1.000000000000000000, 0.000000000000000000 ) ) ;
#7597 = VECTOR ( 'NONE', #6316, 1000.000000000000000 ) ;
#7598 = CARTESIAN_POINT ( 'NONE',  ( 41.49361417241119199, 44.76042867857811558, 3.499999999999999556 ) ) ;
#7599 = CARTESIAN_POINT ( 'NONE',  ( -10.22766412655841961, -69.79082832815831239, 22.99967479147727900 ) ) ;
#7600 = AXIS2_PLACEMENT_3D ( 'NONE', #4009, #7744, #1729 ) ;
#7601 = ORIENTED_EDGE ( 'NONE', *, *, #363, .F. ) ;
#7602 = DIRECTION ( 'NONE',  ( -1.000000000000000000, 0.000000000000000000, 0.000000000000000000 ) ) ;
#7603 = CARTESIAN_POINT ( 'NONE',  ( -22.35799744229856856, -75.36978877982626557, 12.49999999999999822 ) ) ;
#7604 = CARTESIAN_POINT ( 'NONE',  ( -6.077417289798083706E-14, -73.94033909007801242, -0.2515669139415813160 ) ) ;
#7605 = CARTESIAN_POINT ( 'NONE',  ( -16.48064247470856358, -74.68097998000803273, 15.20782373636471441 ) ) ;
#7606 = CARTESIAN_POINT ( 'NONE',  ( 48.50000000000000000, 40.00000000000000711, 25.00000000000000000 ) ) ;
#7607 = CARTESIAN_POINT ( 'NONE',  ( -20.91150306046379015, -75.01268792950619968, 18.13524269598300265 ) ) ;
#7608 = CARTESIAN_POINT ( 'NONE',  ( -39.75211998259640467, -45.78905350059885393, 1.223194419969091618 ) ) ;
#7609 = VERTEX_POINT ( 'NONE', #2129 ) ;
#7610 = EDGE_CURVE ( 'NONE', #1711, #5164, #3581, .T. ) ;
#7611 = CARTESIAN_POINT ( 'NONE',  ( 7.586107986135859349, -75.12033604454582303, 24.84134663879992644 ) ) ;
#7612 = DIRECTION ( 'NONE',  ( 0.000000000000000000, -1.000000000000000000, 0.000000000000000000 ) ) ;
#7613 = ORIENTED_EDGE ( 'NONE', *, *, #3576, .F. ) ;
#7614 = CARTESIAN_POINT ( 'NONE',  ( 0.000000000000000000, -77.68097998000808957, 12.50000000000000000 ) ) ;
#7615 = DIRECTION ( 'NONE',  ( -1.000000000000000000, 0.000000000000000000, 0.000000000000000000 ) ) ;
#7616 = CARTESIAN_POINT ( 'NONE',  ( -38.49999999999998579, -44.31902001999193175, 17.00000000000000000 ) ) ;
#7617 = EDGE_LOOP ( 'NONE', ( #4143, #6816, #4940, #7227 ) ) ;
#7618 = EDGE_CURVE ( 'NONE', #3836, #5720, #4600, .T. ) ;
#7619 = CARTESIAN_POINT ( 'NONE',  ( -22.13333020349537961, -72.53824569640859465, 14.58146636484157277 ) ) ;
#7620 = VECTOR ( 'NONE', #2097, 1000.000000000000114 ) ;
#7621 = CARTESIAN_POINT ( 'NONE',  ( 45.20000000000305818, 34.99999999999550937, 1.526206676146186991 ) ) ;
#7622 = CARTESIAN_POINT ( 'NONE',  ( 14.73045781243571284, -74.68097998000807536, 7.999806610803324780 ) ) ;
#7623 = CARTESIAN_POINT ( 'NONE',  ( 1.127535234487991200, -67.51697551648625506, 23.36234233347342482 ) ) ;
#7624 = VECTOR ( 'NONE', #121, 1000.000000000000000 ) ;
#7625 = CYLINDRICAL_SURFACE ( 'NONE', #7089, 2.500000000000002220 ) ;
#7626 = B_SPLINE_CURVE_WITH_KNOTS ( 'NONE', 3,
 ( #4774, #4145, #1082, #3516, #5282, #5904, #4025, #7722 ),
 .UNSPECIFIED., .F., .F.,
 ( 4, 2, 2, 4 ),
 ( 0.002438961037046943978, 0.006198550360019584177, 0.009958139682992223074, 0.01747731832893746617 ),
 .UNSPECIFIED. ) ;
#7627 = CARTESIAN_POINT ( 'NONE',  ( -3.160864686869996998, -78.46065648618757393, -5.130098925543099320 ) ) ;
#7628 = VECTOR ( 'NONE', #1061, 1000.000000000000227 ) ;
#7629 = CARTESIAN_POINT ( 'NONE',  ( 17.37213960546784008, -62.34222920456438288, 3.703631489777672758 ) ) ;
#7630 = FACE_OUTER_BOUND ( 'NONE', #2788, .T. ) ;
#7631 = DIRECTION ( 'NONE',  ( -0.000000000000000000, -0.000000000000000000, -1.000000000000000000 ) ) ;
#7632 = CARTESIAN_POINT ( 'NONE',  ( -14.69845667717048521, -65.38383419305850452, 3.452197213036422685 ) ) ;
#7633 = CYLINDRICAL_SURFACE ( 'NONE', #1247, 2.500000000000002220 ) ;
#7634 = VERTEX_POINT ( 'NONE', #6276 ) ;
#7635 = AXIS2_PLACEMENT_3D ( 'NONE', #6361, #996, #5582 ) ;
#7636 = CARTESIAN_POINT ( 'NONE',  ( -39.99999999999999289, 56.07135982689438691, 17.50000000000000000 ) ) ;
#7637 = CARTESIAN_POINT ( 'NONE',  ( -9.054704145853234465, -60.65315991010830743, 21.45051429590823133 ) ) ;
#7638 = DIRECTION ( 'NONE',  ( -1.000000000000000000, 0.000000000000000000, 0.000000000000000000 ) ) ;
#7639 = VERTEX_POINT ( 'NONE', #1650 ) ;
#7640 = DIRECTION ( 'NONE',  ( -0.000000000000000000, -0.000000000000000000, -1.000000000000000000 ) ) ;
#7641 = VECTOR ( 'NONE', #4650, 1000.000000000000000 ) ;
#7642 = DIRECTION ( 'NONE',  ( 1.593074305255970310E-16, -1.000000000000000000, 0.000000000000000000 ) ) ;
#7643 = CARTESIAN_POINT ( 'NONE',  ( -2.483281994197270137, -72.64618826983128486, 0.1830806995233969781 ) ) ;
#7644 = CARTESIAN_POINT ( 'NONE',  ( 22.11183528976024348, -71.18503218667467536, 11.35652417619009036 ) ) ;
#7645 = DIRECTION ( 'NONE',  ( -0.000000000000000000, -0.000000000000000000, -1.000000000000000000 ) ) ;
#7646 = VECTOR ( 'NONE', #1230, 1000.000000000000000 ) ;
#7647 = B_SPLINE_CURVE_WITH_KNOTS ( 'NONE', 3,
 ( #771, #3049, #4852, #5436, #6094, #6724, #7324, #5583, #2567, #1975, #4404, #60, #4370, #1940, #207, #6800, #1344, #6763, #1383, #729, #2532, #3748, #4333, #3787, #806, #6060 ),
 .UNSPECIFIED., .F., .F.,
 ( 4, 2, 2, 2, 2, 2, 2, 2, 2, 2, 2, 2, 4 ),
 ( 0.000000000000000000, 0.0008323978398506691728, 0.001248596759776006253, 0.001664795679701343550, 0.002080994599626680847, 0.002497193519552017710, 0.003329591359402697508, 0.003745790279328026565, 0.004161989199253354754, 0.004994387039104003327, 0.005410585959029313302, 0.005826784878954623277, 0.006659182718805252768 ),
 .UNSPECIFIED. ) ;
#7648 = CARTESIAN_POINT ( 'NONE',  ( -22.99881989768727664, -62.84679878203480996, 20.58294562359273172 ) ) ;
#7649 = CARTESIAN_POINT ( 'NONE',  ( -15.59439274787356489, -77.68097998000808957, 8.758825408906353971 ) ) ;
#7650 = ORIENTED_EDGE ( 'NONE', *, *, #1806, .F. ) ;
#7651 = CARTESIAN_POINT ( 'NONE',  ( 13.43454780472108645, -70.86013925437789851, 22.36552754438714530 ) ) ;
#7652 = ORIENTED_EDGE ( 'NONE', *, *, #3811, .T. ) ;
#7653 = CARTESIAN_POINT ( 'NONE',  ( -38.62243100762848513, 56.45575171401270609, 4.468412792236668096 ) ) ;
#7654 = DIRECTION ( 'NONE',  ( -1.321694076934710155E-16, 1.000000000000000000, 0.000000000000000000 ) ) ;
#7655 = EDGE_CURVE ( 'NONE', #5367, #5678, #3304, .T. ) ;
#7656 = CARTESIAN_POINT ( 'NONE',  ( -19.79166666666665719, -60.68097998000808246, 25.00000000000000355 ) ) ;
#7657 = EDGE_CURVE ( 'NONE', #6004, #6420, #4828, .T. ) ;
#7658 = ORIENTED_EDGE ( 'NONE', *, *, #3110, .F. ) ;
#7659 = CARTESIAN_POINT ( 'NONE',  ( -39.99999999999997868, -47.97927405783629951, 12.50000000000000000 ) ) ;
#7660 = CARTESIAN_POINT ( 'NONE',  ( -21.70156503552968985, -64.21043786475532045, 14.13885338516251267 ) ) ;
#7661 = CARTESIAN_POINT ( 'NONE',  ( -25.88487902135364038, -77.68097998000808957, 10.60102098563661066 ) ) ;
#7662 = CARTESIAN_POINT ( 'NONE',  ( 16.61447097053470401, -74.68097998000810378, 10.03942571870776845 ) ) ;
#7663 = CARTESIAN_POINT ( 'NONE',  ( -1.182753083665319283, -70.08632094592303474, 24.11803216566071839 ) ) ;
#7664 = ADVANCED_FACE ( 'NONE', ( #3621 ), #3953, .F. ) ;
#7665 = CARTESIAN_POINT ( 'NONE',  ( 21.45495460367104457, -58.68626100954065805, 21.50000000000081002 ) ) ;
#7666 = CARTESIAN_POINT ( 'NONE',  ( -35.94300853594530309, 48.17541055013188611, 0.01188302002953479410 ) ) ;
#7667 = DIRECTION ( 'NONE',  ( -0.000000000000000000, -0.000000000000000000, -1.000000000000000000 ) ) ;
#7668 = CARTESIAN_POINT ( 'NONE',  ( -2.083333333333338810, -60.68097998000806825, 0.000000000000000000 ) ) ;
#7669 = CARTESIAN_POINT ( 'NONE',  ( 16.90495914153328627, -69.11113584814646060, 3.925280808978109270 ) ) ;
#7670 = CARTESIAN_POINT ( 'NONE',  ( -17.57257356311983898, -77.68097998000808957, 12.10213924728873991 ) ) ;
#7671 = DIRECTION ( 'NONE',  ( 0.000000000000000000, 0.000000000000000000, 1.000000000000000000 ) ) ;
#7672 = CARTESIAN_POINT ( 'NONE',  ( -22.68280733128543147, -65.45736882400008483, 5.236751705107398180 ) ) ;
#7673 = DIRECTION ( 'NONE',  ( -0.000000000000000000, -0.000000000000000000, -1.000000000000000000 ) ) ;
#7674 = ORIENTED_EDGE ( 'NONE', *, *, #1994, .F. ) ;
#7675 = VECTOR ( 'NONE', #721, 1000.000000000000000 ) ;
#7676 = LINE ( 'NONE', #6441, #6570 ) ;
#7677 = CARTESIAN_POINT ( 'NONE',  ( -11.27679019662763871, -69.72304927091072102, 22.76890166214648303 ) ) ;
#7678 = DIRECTION ( 'NONE',  ( 0.8660254037844417052, 0.4999999999999948375, 0.000000000000000000 ) ) ;
#7679 = EDGE_LOOP ( 'NONE', ( #2391, #2153, #642, #6033, #2478, #7572 ) ) ;
#7680 = CARTESIAN_POINT ( 'NONE',  ( -21.44042580150773958, -75.68164327271416880, 22.39999540656168620 ) ) ;
#7681 = CARTESIAN_POINT ( 'NONE',  ( -39.99999999999997868, -42.99999999999998579, 17.50000000000000000 ) ) ;
#7682 = CARTESIAN_POINT ( 'NONE',  ( -4.290821192239115511, -64.87981377176308229, 2.495091134019809420 ) ) ;
#7683 = CARTESIAN_POINT ( 'NONE',  ( 21.70046491881507222, -66.86023678369441825, 6.729302464465048317 ) ) ;
#7684 = CARTESIAN_POINT ( 'NONE',  ( 21.53745693383747906, -61.42060013598759838, 12.49999999999998934 ) ) ;
#7685 = EDGE_CURVE ( 'NONE', #899, #4794, #3052, .T. ) ;
#7686 = CARTESIAN_POINT ( 'NONE',  ( -21.48885533175656093, -73.50415052941939109, 17.89535718486757787 ) ) ;
#7687 = LINE ( 'NONE', #4150, #269 ) ;
#7688 = VERTEX_POINT ( 'NONE', #3732 ) ;
#7689 = CARTESIAN_POINT ( 'NONE',  ( 10.22766412655844270, -69.79082832815831239, 22.99967479147727900 ) ) ;
#7690 = VERTEX_POINT ( 'NONE', #6749 ) ;
#7691 = CARTESIAN_POINT ( 'NONE',  ( -4.306676310680888520, -77.68097998000808957, -4.773558988127767577 ) ) ;
#7692 = ORIENTED_EDGE ( 'NONE', *, *, #7036, .T. ) ;
#7693 = B_SPLINE_CURVE_WITH_KNOTS ( 'NONE', 3,
 ( #594, #2319, #7106, #3068 ),
 .UNSPECIFIED., .F., .F.,
 ( 4, 4 ),
 ( 0.003843656857878951019, 0.006938441802050270002 ),
 .UNSPECIFIED. ) ;
#7694 = DIRECTION ( 'NONE',  ( 1.000000000000000000, 0.000000000000000000, 0.000000000000000000 ) ) ;
#7695 = CARTESIAN_POINT ( 'NONE',  ( 1.465981454082153190, -74.68097998000808957, 29.11764705882353255 ) ) ;
#7696 = CARTESIAN_POINT ( 'NONE',  ( -25.17945282892012315, -60.68097998000807536, 25.00000000000000000 ) ) ;
#7697 = ORIENTED_EDGE ( 'NONE', *, *, #1908, .T. ) ;
#7698 = PLANE ( 'NONE',  #6230 ) ;
#7699 = CARTESIAN_POINT ( 'NONE',  ( -22.19388934060635066, -72.57995105105851508, 12.49999999999999289 ) ) ;
#7700 = ORIENTED_EDGE ( 'NONE', *, *, #5822, .F. ) ;
#7701 = CARTESIAN_POINT ( 'NONE',  ( -37.76058957307547104, -42.60752996012723770, 3.904802587007215386 ) ) ;
#7702 = CARTESIAN_POINT ( 'NONE',  ( 15.82510489684966615, -74.68097998000807536, 9.015419130444916718 ) ) ;
#7703 = CARTESIAN_POINT ( 'NONE',  ( -1.299882894431904745, -75.22501180479662253, 25.62941183003529133 ) ) ;
#7704 = CARTESIAN_POINT ( 'NONE',  ( -1.703936981057003308, -77.68097998000808957, 21.35416549431224098 ) ) ;
#7705 = DIRECTION ( 'NONE',  ( -1.000000000000000000, 0.000000000000000000, 0.000000000000000000 ) ) ;
#7706 = LINE ( 'NONE', #4722, #126 ) ;
#7707 = CARTESIAN_POINT ( 'NONE',  ( 8.212214766017194023, -60.08850364132560173, 0.1087901693476658882 ) ) ;
#7708 = CARTESIAN_POINT ( 'NONE',  ( 19.35334771642208196, -71.37785928235906852, 19.88768782839523652 ) ) ;
#7709 = EDGE_CURVE ( 'NONE', #341, #7051, #1925, .T. ) ;
#7710 = EDGE_CURVE ( 'NONE', #3783, #5872, #2555, .T. ) ;
#7711 = CARTESIAN_POINT ( 'NONE',  ( 20.20629099326295730, -65.89128847262823285, 4.670044145370018995 ) ) ;
#7712 = CARTESIAN_POINT ( 'NONE',  ( -17.13529237767746594, -77.68097998000808957, 11.10748736551046001 ) ) ;
#7713 = CARTESIAN_POINT ( 'NONE',  ( -43.49999999999998579, -49.99999999999998579, 8.000000000000000000 ) ) ;
#7714 = CARTESIAN_POINT ( 'NONE',  ( -19.24043152249669575, -59.44397593831899940, 3.329982910474037716 ) ) ;
#7715 = CARTESIAN_POINT ( 'NONE',  ( -40.33956116559956229, 55.97448803561158570, 23.39148881560101501 ) ) ;
#7716 = ORIENTED_EDGE ( 'NONE', *, *, #3745, .F. ) ;
#7717 = CARTESIAN_POINT ( 'NONE',  ( -15.98458317706123744, -77.68097998000808957, 15.81106025938982818 ) ) ;
#7718 = LINE ( 'NONE', #4694, #3980 ) ;
#7719 = EDGE_CURVE ( 'NONE', #4389, #768, #7222, .T. ) ;
#7720 = ORIENTED_EDGE ( 'NONE', *, *, #6520, .T. ) ;
#7721 = CARTESIAN_POINT ( 'NONE',  ( 45.19999999999999574, -44.31902001999193175, 17.00000000000000000 ) ) ;
#7722 = CARTESIAN_POINT ( 'NONE',  ( -21.49077775195247497, -60.21044842030077859, 21.50000000000000000 ) ) ;
#7723 = VECTOR ( 'NONE', #161, 1000.000000000000000 ) ;
#7724 = CARTESIAN_POINT ( 'NONE',  ( -5.021177491593337372, -60.96008614159772065, 3.540064226914272361 ) ) ;
#7725 = CARTESIAN_POINT ( 'NONE',  ( 21.37334883214525405, -58.63076240721981236, 12.50000000000004441 ) ) ;
#7726 = AXIS2_PLACEMENT_3D ( 'NONE', #4356, #197, #7270 ) ;
#7727 = CARTESIAN_POINT ( 'NONE',  ( -24.25119273388985164, -60.14129155595878018, 21.45705486704933662 ) ) ;
#7728 = FACE_OUTER_BOUND ( 'NONE', #504, .T. ) ;
#7729 = ORIENTED_EDGE ( 'NONE', *, *, #7003, .T. ) ;
#7730 = CARTESIAN_POINT ( 'NONE',  ( 14.21784297905704086, -76.08947347615251999, 22.91150449516215204 ) ) ;
#7731 = ORIENTED_EDGE ( 'NONE', *, *, #4582, .F. ) ;
#7732 = CARTESIAN_POINT ( 'NONE',  ( -24.53643888760428737, -78.57975569811021899, 7.131299388332391409 ) ) ;
#7733 = CARTESIAN_POINT ( 'NONE',  ( 7.169563502621018714, -62.13114503245886056, 3.271016832822193798 ) ) ;
#7734 = CARTESIAN_POINT ( 'NONE',  ( -25.05344282515679311, -58.40486459085621362, -1.135629170736728311 ) ) ;
#7735 = CARTESIAN_POINT ( 'NONE',  ( -13.63000766128985930, -74.68097998000808957, 26.76216616028428064 ) ) ;
#7736 = CARTESIAN_POINT ( 'NONE',  ( -23.91533722709288767, -77.68097998000808957, 19.40688617464219590 ) ) ;
#7737 = B_SPLINE_CURVE_WITH_KNOTS ( 'NONE', 3,
 ( #2893, #5943, #533, #4734 ),
 .UNSPECIFIED., .F., .F.,
 ( 4, 4 ),
 ( 0.000000000000000000, 0.001604119846120311823 ),
 .UNSPECIFIED. ) ;
#7738 = ORIENTED_EDGE ( 'NONE', *, *, #2773, .F. ) ;
#7739 = LINE ( 'NONE', #6593, #6482 ) ;
#7740 = CARTESIAN_POINT ( 'NONE',  ( -21.90362439758047941, -72.37369257770131981, 16.64868406414532842 ) ) ;
#7741 = ORIENTED_EDGE ( 'NONE', *, *, #1566, .T. ) ;
#7742 = CARTESIAN_POINT ( 'NONE',  ( -17.74748603729677754, -74.68097998000808957, 12.50000000000004974 ) ) ;
#7743 = CARTESIAN_POINT ( 'NONE',  ( 1.182753083665321281, -70.08632094592303474, 24.11803216566071129 ) ) ;
#7744 = DIRECTION ( 'NONE',  ( 1.000000000000000000, 1.321694076934710155E-16, -0.000000000000000000 ) ) ;
#7745 = CARTESIAN_POINT ( 'NONE',  ( -38.95997742121745233, 47.66534157333003918, 0.7825670758668831217 ) ) ;
#7746 = CARTESIAN_POINT ( 'NONE',  ( 12.61944796579865979, -74.68097998000806115, 1.672837306056619289 ) ) ;
#7747 = CARTESIAN_POINT ( 'NONE',  ( 19.95227071348785586, -75.27440135207255878, 5.929295154358908526 ) ) ;
#7748 = CARTESIAN_POINT ( 'NONE',  ( -22.31747927760338612, -74.68097998000811799, 12.49999999999999467 ) ) ;
#7749 = CYLINDRICAL_SURFACE ( 'NONE', #6247, 1.700000000000000178 ) ;
#7750 = CARTESIAN_POINT ( 'NONE',  ( -20.26199969574592075, -63.25016876502034791, 4.144878181806896045 ) ) ;
#7751 = DIRECTION ( 'NONE',  ( -0.000000000000000000, -0.000000000000000000, -1.000000000000000000 ) ) ;
#7752 = ORIENTED_EDGE ( 'NONE', *, *, #1041, .F. ) ;
#7753 = CARTESIAN_POINT ( 'NONE',  ( -0.007630428499740279404, -74.68097998000808957, 1.251657186812441980 ) ) ;
#7754 = CARTESIAN_POINT ( 'NONE',  ( -11.89271580238520976, -77.68097998000808957, 18.79153470780751789 ) ) ;
#7755 = ADVANCED_FACE ( 'NONE', ( #7348 ), #1690, .T. ) ;
#7756 = VECTOR ( 'NONE', #167, 1000.000000000000000 ) ;
#7757 = FACE_OUTER_BOUND ( 'NONE', #3103, .T. ) ;
#7758 = ORIENTED_EDGE ( 'NONE', *, *, #2961, .F. ) ;
#7759 = DIRECTION ( 'NONE',  ( -0.000000000000000000, -0.000000000000000000, -1.000000000000000000 ) ) ;
#7760 = CARTESIAN_POINT ( 'NONE',  ( -36.24767653315797844, -43.90296122910099541, 21.49280058913952729 ) ) ;
#7761 = CARTESIAN_POINT ( 'NONE',  ( -8.429233349919682539, -72.50042723528359545, 0.9897258344530274199 ) ) ;
#7762 = CIRCLE ( 'NONE', #2876, 101.5772389525943282 ) ;
#7763 = CARTESIAN_POINT ( 'NONE',  ( 21.79673559039146369, -69.62172576142170044, 7.519885858640389387 ) ) ;
#7764 = B_SPLINE_CURVE_WITH_KNOTS ( 'NONE', 3,
 ( #4703, #5407, #1794, #3019 ),
 .UNSPECIFIED., .F., .F.,
 ( 4, 4 ),
 ( 0.06795832094713019633, 0.07695915824664140148 ),
 .UNSPECIFIED. ) ;
#7765 = FACE_OUTER_BOUND ( 'NONE', #7377, .T. ) ;
#7766 = EDGE_CURVE ( 'NONE', #2666, #4791, #5568, .T. ) ;
#7767 = CARTESIAN_POINT ( 'NONE',  ( -19.34742661900742888, -70.03840463778584535, 20.01912014594773837 ) ) ;
#7768 = EDGE_LOOP ( 'NONE', ( #96, #4743, #4161, #3612 ) ) ;
#7769 = CARTESIAN_POINT ( 'NONE',  ( 10.38835596852055332, -63.18522974918997193, 21.80728981690731771 ) ) ;
#7770 = ORIENTED_EDGE ( 'NONE', *, *, #5061, .F. ) ;
#7771 =( NAMED_UNIT ( * ) PLANE_ANGLE_UNIT ( ) SI_UNIT ( $, .RADIAN. ) );
#7772 = ORIENTED_EDGE ( 'NONE', *, *, #3745, .T. ) ;
#7773 = CARTESIAN_POINT ( 'NONE',  ( 11.27679019662753213, -69.72304927091056470, 2.231098337853519187 ) ) ;
#7774 = AXIS2_PLACEMENT_3D ( 'NONE', #6932, #2227, #2741 ) ;
#7775 = CARTESIAN_POINT ( 'NONE',  ( -25.00000000000000000, -60.68097998000806825, 16.66666666666667851 ) ) ;
ENDSEC;
END-ISO-10303-21;
