/batch
/config,noeldb,1     ! force off writing results to database
*get,_wallstrt,active,,time,wall
! ANSYS input file written by Workbench version 2026 R1
! File used for geometry attach: C:\Users\lola\AppData\Local\Temp\WB_lola_14320_2\wbnew_files\dp0\SYS\DM\SYS.dsco
/title,wbnew--Static Structural (A5)
! ****** Begin Custom Load Command Snippet ******
/COM, ACT Extensions:
/COM,     LSDYNA, 2026.1
/COM,     5f463412-bd3e-484b-87e7-cbc0a665e474, wbex
/COM,     ANSYSMotion, 2026.1
/COM,     20180725-3f81-49eb-9f31-41364844c769, wbex
! ****** End   Custom Load Command Snippet ******
*DIM,_wb_ProjectScratch_dir,string,248
_wb_ProjectScratch_dir(1) = 'C:\Users\lola\AppData\Local\Temp\WB_lola_14320_2\_ProjectScratch\Scr1324\'
*DIM,_wb_SolverFiles_dir,string,248
_wb_SolverFiles_dir(1) = 'C:\Users\lola\AppData\Local\Temp\WB_lola_14320_2\wbnew_files\dp0\SYS\MECH\'
*DIM,_wb_userfiles_dir,string,248
_wb_userfiles_dir(1) = 'C:\Users\lola\AppData\Local\Temp\WB_lola_14320_2\wbnew_files\user_files\'
/com,--- Data in consistent MKS units. See Solving Units in the help system for more information.
/units,MKS
/nopr
/wb,file,start              !  signify a WB generated input file
/prep7
! Turn off shape checking because checks already performed inside WB mesher.
! See help system for more information.
SHPP,OFF,,NOWARN
/nolist
etcon,set             ! allow ANSYS to choose best KEYOP's for 180x elements, resets any applicable keyopt to MAPDL defaults
/com,*********** Send User Defined Coordinate System(s) ***********
csys,0
/com,*********** Nodes for the whole assembly ***********
nblock,3,,9020
(1i9,3e20.9e3)
     7715     2.849874301E-03     4.599930546E-03     4.900000000E-02
     7716     2.849874301E-03     4.599930546E-03     5.000000000E-02
     7717     2.849874301E-03     4.599930546E-03     5.100000000E-02
     7718     2.849874301E-03     4.599930546E-03     5.200000000E-02
     7719     2.849874301E-03     4.599930546E-03     5.300000000E-02
     7720     2.849874301E-03     4.599930546E-03     5.400000000E-02
     7721     2.849874301E-03     4.599930546E-03     5.500000000E-02
     7722     2.849874301E-03     4.599930546E-03     5.600000000E-02
     7723     2.849874301E-03     4.599930546E-03     5.700000000E-02
     7724     2.849874301E-03     4.599930546E-03     5.800000000E-02
     7725     2.849874301E-03     4.599930546E-03     5.900000000E-02
     7726     2.849874301E-03     4.599930546E-03     6.000000000E-02
     7727     2.849874301E-03     4.599930546E-03     6.100000000E-02
     7728     2.849874301E-03     4.599930546E-03     6.200000000E-02
     7729     2.849874301E-03     4.599930546E-03     6.300000000E-02
     7730     2.849874301E-03     4.599930546E-03     6.400000000E-02
     7731     2.849874301E-03     4.599930546E-03     6.500000000E-02
     7732     1.850000000E-03     4.625000000E-03     4.900000000E-02
     7733     1.850000000E-03     4.625000000E-03     5.000000000E-02
     7734     1.850000000E-03     4.625000000E-03     5.100000000E-02
     7735     1.850000000E-03     4.625000000E-03     5.200000000E-02
     7736     1.850000000E-03     4.625000000E-03     5.300000000E-02
     7737     1.850000000E-03     4.625000000E-03     5.400000000E-02
     7738     1.850000000E-03     4.625000000E-03     5.500000000E-02
     7739     1.850000000E-03     4.625000000E-03     5.600000000E-02
     7740     1.850000000E-03     4.625000000E-03     5.700000000E-02
     7741     1.850000000E-03     4.625000000E-03     5.800000000E-02
     7742     1.850000000E-03     4.625000000E-03     5.900000000E-02
     7743     1.850000000E-03     4.625000000E-03     6.000000000E-02
     7744     1.850000000E-03     4.625000000E-03     6.100000000E-02
     7745     1.850000000E-03     4.625000000E-03     6.200000000E-02
     7746     1.850000000E-03     4.625000000E-03     6.300000000E-02
     7747     1.850000000E-03     4.625000000E-03     6.400000000E-02
     7748     1.850000000E-03     4.625000000E-03     6.500000000E-02
     7749     1.850000000E-03     4.625000000E-03     4.800000000E-02
     7750     2.849874301E-03     4.599930546E-03     4.800000000E-02
     7751     2.849874301E-03     4.599930546E-03     6.600000000E-02
     7752     1.850000000E-03     4.625000000E-03     6.600000000E-02
     7753     1.586150170E-03     2.451999135E-03     6.600000000E-02
     7754    -2.149998987E-03     4.622749524E-03     6.600000000E-02
     7755    -9.059330278E-04     2.463372782E-03     6.600000000E-02
     7756    -1.150000000E-03     4.625000000E-03     6.600000000E-02
     7757    -4.000000000E-04     3.325961894E-03     6.600000000E-02
     7758     1.100000000E-03     3.325961894E-03     6.600000000E-02
     7759     1.586150170E-03     2.451999135E-03     4.800000000E-02
     7760    -2.149998987E-03     4.622749524E-03     4.800000000E-02
     7761    -9.059330278E-04     2.463372782E-03     4.800000000E-02
     7762     1.100000000E-03     3.325961894E-03     4.800000000E-02
     7763    -1.150000000E-03     4.625000000E-03     4.800000000E-02
     7764    -4.000000000E-04     3.325961894E-03     4.800000000E-02
     7765     1.100000000E-03     3.325961894E-03     6.500000000E-02
     7766    -4.000000000E-04     3.325961894E-03     6.500000000E-02
     7767     1.100000000E-03     3.325961894E-03     6.400000000E-02
     7768    -4.000000000E-04     3.325961894E-03     6.400000000E-02
     7769     1.100000000E-03     3.325961894E-03     6.300000000E-02
     7770    -4.000000000E-04     3.325961894E-03     6.300000000E-02
     7771     1.100000000E-03     3.325961894E-03     6.200000000E-02
     7772    -4.000000000E-04     3.325961894E-03     6.200000000E-02
     7773     1.100000000E-03     3.325961894E-03     6.100000000E-02
     7774    -4.000000000E-04     3.325961894E-03     6.100000000E-02
     7775     1.100000000E-03     3.325961894E-03     6.000000000E-02
     7776    -4.000000000E-04     3.325961894E-03     6.000000000E-02
     7777     1.100000000E-03     3.325961894E-03     5.900000000E-02
     7778    -4.000000000E-04     3.325961894E-03     5.900000000E-02
     7779     1.100000000E-03     3.325961894E-03     5.800000000E-02
     7780    -4.000000000E-04     3.325961894E-03     5.800000000E-02
     7781     1.100000000E-03     3.325961894E-03     5.700000000E-02
     7782    -4.000000000E-04     3.325961894E-03     5.700000000E-02
     7783     1.100000000E-03     3.325961894E-03     5.600000000E-02
     7784    -4.000000000E-04     3.325961894E-03     5.600000000E-02
     7785     1.100000000E-03     3.325961894E-03     5.500000000E-02
     7786    -4.000000000E-04     3.325961894E-03     5.500000000E-02
     7787     1.100000000E-03     3.325961894E-03     5.400000000E-02
     7788    -4.000000000E-04     3.325961894E-03     5.400000000E-02
     7789     1.100000000E-03     3.325961894E-03     5.300000000E-02
     7790    -4.000000000E-04     3.325961894E-03     5.300000000E-02
     7791     1.100000000E-03     3.325961894E-03     5.200000000E-02
     7792    -4.000000000E-04     3.325961894E-03     5.200000000E-02
     7793     1.100000000E-03     3.325961894E-03     5.100000000E-02
     7794    -4.000000000E-04     3.325961894E-03     5.100000000E-02
     7795     1.100000000E-03     3.325961894E-03     5.000000000E-02
     7796    -4.000000000E-04     3.325961894E-03     5.000000000E-02
     7797     1.100000000E-03     3.325961894E-03     4.900000000E-02
     7798    -4.000000000E-04     3.325961894E-03     4.900000000E-02
     7799    -1.150000000E-03     4.625000000E-03     4.900000000E-02
     7800    -1.150000000E-03     4.625000000E-03     5.000000000E-02
     7801    -1.150000000E-03     4.625000000E-03     5.100000000E-02
     7802    -1.150000000E-03     4.625000000E-03     5.200000000E-02
     7803    -1.150000000E-03     4.625000000E-03     5.300000000E-02
     7804    -1.150000000E-03     4.625000000E-03     5.400000000E-02
     7805    -1.150000000E-03     4.625000000E-03     5.500000000E-02
     7806    -1.150000000E-03     4.625000000E-03     5.600000000E-02
     7807    -1.150000000E-03     4.625000000E-03     5.700000000E-02
     7808    -1.150000000E-03     4.625000000E-03     5.800000000E-02
     7809    -1.150000000E-03     4.625000000E-03     5.900000000E-02
     7810    -1.150000000E-03     4.625000000E-03     6.000000000E-02
     7811    -1.150000000E-03     4.625000000E-03     6.100000000E-02
     7812    -1.150000000E-03     4.625000000E-03     6.200000000E-02
     7813    -1.150000000E-03     4.625000000E-03     6.300000000E-02
     7814    -1.150000000E-03     4.625000000E-03     6.400000000E-02
     7815    -1.150000000E-03     4.625000000E-03     6.500000000E-02
     7816    -9.059330278E-04     2.463372782E-03     6.500000000E-02
     7817     1.586150170E-03     2.451999135E-03     6.500000000E-02
     7818    -9.059330278E-04     2.463372782E-03     6.400000000E-02
     7819     1.586150170E-03     2.451999135E-03     6.400000000E-02
     7820    -9.059330278E-04     2.463372782E-03     6.300000000E-02
     7821     1.586150170E-03     2.451999135E-03     6.300000000E-02
     7822    -9.059330278E-04     2.463372782E-03     6.200000000E-02
     7823     1.586150170E-03     2.451999135E-03     6.200000000E-02
     7824    -9.059330278E-04     2.463372782E-03     6.100000000E-02
     7825     1.586150170E-03     2.451999135E-03     6.100000000E-02
     7826    -9.059330278E-04     2.463372782E-03     6.000000000E-02
     7827     1.586150170E-03     2.451999135E-03     6.000000000E-02
     7828    -9.059330278E-04     2.463372782E-03     5.900000000E-02
     7829     1.586150170E-03     2.451999135E-03     5.900000000E-02
     7830    -9.059330278E-04     2.463372782E-03     5.800000000E-02
     7831     1.586150170E-03     2.451999135E-03     5.800000000E-02
     7832    -9.059330278E-04     2.463372782E-03     5.700000000E-02
     7833     1.586150170E-03     2.451999135E-03     5.700000000E-02
     7834    -9.059330278E-04     2.463372782E-03     5.600000000E-02
     7835     1.586150170E-03     2.451999135E-03     5.600000000E-02
     7836    -9.059330278E-04     2.463372782E-03     5.500000000E-02
     7837     1.586150170E-03     2.451999135E-03     5.500000000E-02
     7838    -9.059330278E-04     2.463372782E-03     5.400000000E-02
     7839     1.586150170E-03     2.451999135E-03     5.400000000E-02
     7840    -9.059330278E-04     2.463372782E-03     5.300000000E-02
     7841     1.586150170E-03     2.451999135E-03     5.300000000E-02
     7842    -9.059330278E-04     2.463372782E-03     5.200000000E-02
     7843     1.586150170E-03     2.451999135E-03     5.200000000E-02
     7844    -9.059330278E-04     2.463372782E-03     5.100000000E-02
     7845     1.586150170E-03     2.451999135E-03     5.100000000E-02
     7846    -9.059330278E-04     2.463372782E-03     5.000000000E-02
     7847     1.586150170E-03     2.451999135E-03     5.000000000E-02
     7848    -9.059330278E-04     2.463372782E-03     4.900000000E-02
     7849     1.586150170E-03     2.451999135E-03     4.900000000E-02
     7850    -2.149998987E-03     4.622749524E-03     4.900000000E-02
     7851    -2.149998987E-03     4.622749524E-03     5.000000000E-02
     7852    -2.149998987E-03     4.622749524E-03     5.100000000E-02
     7853    -2.149998987E-03     4.622749524E-03     5.200000000E-02
     7854    -2.149998987E-03     4.622749524E-03     5.300000000E-02
     7855    -2.149998987E-03     4.622749524E-03     5.400000000E-02
     7856    -2.149998987E-03     4.622749524E-03     5.500000000E-02
     7857    -2.149998987E-03     4.622749524E-03     5.600000000E-02
     7858    -2.149998987E-03     4.622749524E-03     5.700000000E-02
     7859    -2.149998987E-03     4.622749524E-03     5.800000000E-02
     7860    -2.149998987E-03     4.622749524E-03     5.900000000E-02
     7861    -2.149998987E-03     4.622749524E-03     6.000000000E-02
     7862    -2.149998987E-03     4.622749524E-03     6.100000000E-02
     7863    -2.149998987E-03     4.622749524E-03     6.200000000E-02
     7864    -2.149998987E-03     4.622749524E-03     6.300000000E-02
     7865    -2.149998987E-03     4.622749524E-03     6.400000000E-02
     7866    -2.149998987E-03     4.622749524E-03     6.500000000E-02
     7867     2.849874301E-03     4.599930546E-03     4.950000000E-02
     7868     2.349937151E-03     4.612465273E-03     4.900000000E-02
     7869     2.849874301E-03     4.599930546E-03     4.850000000E-02
     7870     2.504732477E-03     3.357274497E-03     4.900000000E-02
     7871     2.849874301E-03     4.599930546E-03     5.050000000E-02
     7872     2.349937151E-03     4.612465273E-03     5.000000000E-02
     7873     2.504732477E-03     3.357274497E-03     5.000000000E-02
     7874     2.849874301E-03     4.599930546E-03     5.150000000E-02
     7875     2.349937151E-03     4.612465273E-03     5.100000000E-02
     7876     2.504732477E-03     3.357274497E-03     5.100000000E-02
     7877     2.849874301E-03     4.599930546E-03     5.250000000E-02
     7878     2.349937151E-03     4.612465273E-03     5.200000000E-02
     7879     2.504732477E-03     3.357274497E-03     5.200000000E-02
     7880     2.849874301E-03     4.599930546E-03     5.350000000E-02
     7881     2.349937151E-03     4.612465273E-03     5.300000000E-02
     7882     2.504732477E-03     3.357274497E-03     5.300000000E-02
     7883     2.849874301E-03     4.599930546E-03     5.450000000E-02
     7884     2.349937151E-03     4.612465273E-03     5.400000000E-02
     7885     2.504732477E-03     3.357274497E-03     5.400000000E-02
     7886     2.849874301E-03     4.599930546E-03     5.550000000E-02
     7887     2.349937151E-03     4.612465273E-03     5.500000000E-02
     7888     2.504732477E-03     3.357274497E-03     5.500000000E-02
     7889     2.849874301E-03     4.599930546E-03     5.650000000E-02
     7890     2.349937151E-03     4.612465273E-03     5.600000000E-02
     7891     2.504732477E-03     3.357274497E-03     5.600000000E-02
     7892     2.849874301E-03     4.599930546E-03     5.750000000E-02
     7893     2.349937151E-03     4.612465273E-03     5.700000000E-02
     7894     2.504732477E-03     3.357274497E-03     5.700000000E-02
     7895     2.849874301E-03     4.599930546E-03     5.850000000E-02
     7896     2.349937151E-03     4.612465273E-03     5.800000000E-02
     7897     2.504732477E-03     3.357274497E-03     5.800000000E-02
     7898     2.849874301E-03     4.599930546E-03     5.950000000E-02
     7899     2.349937151E-03     4.612465273E-03     5.900000000E-02
     7900     2.504732477E-03     3.357274497E-03     5.900000000E-02
     7901     2.849874301E-03     4.599930546E-03     6.050000000E-02
     7902     2.349937151E-03     4.612465273E-03     6.000000000E-02
     7903     2.504732477E-03     3.357274497E-03     6.000000000E-02
     7904     2.849874301E-03     4.599930546E-03     6.150000000E-02
     7905     2.349937151E-03     4.612465273E-03     6.100000000E-02
     7906     2.504732477E-03     3.357274497E-03     6.100000000E-02
     7907     2.849874301E-03     4.599930546E-03     6.250000000E-02
     7908     2.349937151E-03     4.612465273E-03     6.200000000E-02
     7909     2.504732477E-03     3.357274497E-03     6.200000000E-02
     7910     2.849874301E-03     4.599930546E-03     6.350000000E-02
     7911     2.349937151E-03     4.612465273E-03     6.300000000E-02
     7912     2.504732477E-03     3.357274497E-03     6.300000000E-02
     7913     2.849874301E-03     4.599930546E-03     6.450000000E-02
     7914     2.349937151E-03     4.612465273E-03     6.400000000E-02
     7915     2.504732477E-03     3.357274497E-03     6.400000000E-02
     7916     2.349937151E-03     4.612465273E-03     6.500000000E-02
     7917     2.849874301E-03     4.599930546E-03     6.550000000E-02
     7918     2.504732477E-03     3.357274497E-03     6.500000000E-02
     7919     1.850000000E-03     4.625000000E-03     4.950000000E-02
     7920     1.850000000E-03     4.625000000E-03     4.850000000E-02
     7921     1.649038106E-03     3.875000000E-03     4.900000000E-02
     7922     1.850000000E-03     4.625000000E-03     5.050000000E-02
     7923     1.649038106E-03     3.875000000E-03     5.000000000E-02
     7924     1.850000000E-03     4.625000000E-03     5.150000000E-02
     7925     1.649038106E-03     3.875000000E-03     5.100000000E-02
     7926     1.850000000E-03     4.625000000E-03     5.250000000E-02
     7927     1.649038106E-03     3.875000000E-03     5.200000000E-02
     7928     1.850000000E-03     4.625000000E-03     5.350000000E-02
     7929     1.649038106E-03     3.875000000E-03     5.300000000E-02
     7930     1.850000000E-03     4.625000000E-03     5.450000000E-02
     7931     1.649038106E-03     3.875000000E-03     5.400000000E-02
     7932     1.850000000E-03     4.625000000E-03     5.550000000E-02
     7933     1.649038106E-03     3.875000000E-03     5.500000000E-02
     7934     1.850000000E-03     4.625000000E-03     5.650000000E-02
     7935     1.649038106E-03     3.875000000E-03     5.600000000E-02
     7936     1.850000000E-03     4.625000000E-03     5.750000000E-02
     7937     1.649038106E-03     3.875000000E-03     5.700000000E-02
     7938     1.850000000E-03     4.625000000E-03     5.850000000E-02
     7939     1.649038106E-03     3.875000000E-03     5.800000000E-02
     7940     1.850000000E-03     4.625000000E-03     5.950000000E-02
     7941     1.649038106E-03     3.875000000E-03     5.900000000E-02
     7942     1.850000000E-03     4.625000000E-03     6.050000000E-02
     7943     1.649038106E-03     3.875000000E-03     6.000000000E-02
     7944     1.850000000E-03     4.625000000E-03     6.150000000E-02
     7945     1.649038106E-03     3.875000000E-03     6.100000000E-02
     7946     1.850000000E-03     4.625000000E-03     6.250000000E-02
     7947     1.649038106E-03     3.875000000E-03     6.200000000E-02
     7948     1.850000000E-03     4.625000000E-03     6.350000000E-02
     7949     1.649038106E-03     3.875000000E-03     6.300000000E-02
     7950     1.850000000E-03     4.625000000E-03     6.450000000E-02
     7951     1.649038106E-03     3.875000000E-03     6.400000000E-02
     7952     1.850000000E-03     4.625000000E-03     6.550000000E-02
     7953     1.649038106E-03     3.875000000E-03     6.500000000E-02
     7954     2.349937151E-03     4.612465273E-03     4.800000000E-02
     7955     1.649038106E-03     3.875000000E-03     4.800000000E-02
     7956     2.504732477E-03     3.357274497E-03     4.800000000E-02
     7957     2.349937151E-03     4.612465273E-03     6.600000000E-02
     7958     2.504732477E-03     3.357274497E-03     6.600000000E-02
     7959     1.649038106E-03     3.875000000E-03     6.600000000E-02
     7960     3.385903408E-04     2.125026036E-03     6.600000000E-02
     7961     1.343075085E-03     2.888980515E-03     6.600000000E-02
     7962     1.586150170E-03     2.451999135E-03     6.550000000E-02
     7963    -1.816214048E-03     3.376994913E-03     6.600000000E-02
     7964    -1.649999494E-03     4.623874762E-03     6.600000000E-02
     7965    -2.149998987E-03     4.622749524E-03     6.550000000E-02
     7966    -6.529665139E-04     2.894667338E-03     6.600000000E-02
     7967    -9.059330278E-04     2.463372782E-03     6.550000000E-02
     7968    -9.490381057E-04     3.875000000E-03     6.600000000E-02
     7969    -1.150000000E-03     4.625000000E-03     6.550000000E-02
     7970     3.500000000E-04     3.125000000E-03     6.600000000E-02
     7971    -4.000000000E-04     3.325961894E-03     6.550000000E-02
     7972     1.100000000E-03     3.325961894E-03     6.550000000E-02
     7973     3.385903408E-04     2.125026036E-03     4.800000000E-02
     7974     1.343075085E-03     2.888980515E-03     4.800000000E-02
     7975     1.586150170E-03     2.451999135E-03     4.850000000E-02
     7976    -1.816214048E-03     3.376994913E-03     4.800000000E-02
     7977    -1.649999494E-03     4.623874762E-03     4.800000000E-02
     7978    -2.149998987E-03     4.622749524E-03     4.850000000E-02
     7979    -6.529665139E-04     2.894667338E-03     4.800000000E-02
     7980    -9.059330278E-04     2.463372782E-03     4.850000000E-02
     7981     3.500000000E-04     3.125000000E-03     4.800000000E-02
     7982     1.100000000E-03     3.325961894E-03     4.850000000E-02
     7983    -9.490381057E-04     3.875000000E-03     4.800000000E-02
     7984    -1.150000000E-03     4.625000000E-03     4.850000000E-02
     7985    -4.000000000E-04     3.325961894E-03     4.850000000E-02
     7986     3.500000000E-04     3.125000000E-03     6.500000000E-02
     7987     1.100000000E-03     3.325961894E-03     6.450000000E-02
     7988     1.343075085E-03     2.888980515E-03     6.500000000E-02
     7989    -4.000000000E-04     3.325961894E-03     6.450000000E-02
     7990    -9.490381057E-04     3.875000000E-03     6.500000000E-02
     7991    -6.529665139E-04     2.894667338E-03     6.500000000E-02
     7992     3.500000000E-04     3.125000000E-03     6.400000000E-02
     7993     1.100000000E-03     3.325961894E-03     6.350000000E-02
     7994     1.343075085E-03     2.888980515E-03     6.400000000E-02
     7995    -4.000000000E-04     3.325961894E-03     6.350000000E-02
     7996    -9.490381057E-04     3.875000000E-03     6.400000000E-02
     7997    -6.529665139E-04     2.894667338E-03     6.400000000E-02
     7998     3.500000000E-04     3.125000000E-03     6.300000000E-02
     7999     1.100000000E-03     3.325961894E-03     6.250000000E-02
     8000     1.343075085E-03     2.888980515E-03     6.300000000E-02
     8001    -4.000000000E-04     3.325961894E-03     6.250000000E-02
     8002    -9.490381057E-04     3.875000000E-03     6.300000000E-02
     8003    -6.529665139E-04     2.894667338E-03     6.300000000E-02
     8004     3.500000000E-04     3.125000000E-03     6.200000000E-02
     8005     1.100000000E-03     3.325961894E-03     6.150000000E-02
     8006     1.343075085E-03     2.888980515E-03     6.200000000E-02
     8007    -4.000000000E-04     3.325961894E-03     6.150000000E-02
     8008    -9.490381057E-04     3.875000000E-03     6.200000000E-02
     8009    -6.529665139E-04     2.894667338E-03     6.200000000E-02
     8010     3.500000000E-04     3.125000000E-03     6.100000000E-02
     8011     1.100000000E-03     3.325961894E-03     6.050000000E-02
     8012     1.343075085E-03     2.888980515E-03     6.100000000E-02
     8013    -4.000000000E-04     3.325961894E-03     6.050000000E-02
     8014    -9.490381057E-04     3.875000000E-03     6.100000000E-02
     8015    -6.529665139E-04     2.894667338E-03     6.100000000E-02
     8016     3.500000000E-04     3.125000000E-03     6.000000000E-02
     8017     1.100000000E-03     3.325961894E-03     5.950000000E-02
     8018     1.343075085E-03     2.888980515E-03     6.000000000E-02
     8019    -4.000000000E-04     3.325961894E-03     5.950000000E-02
     8020    -9.490381057E-04     3.875000000E-03     6.000000000E-02
     8021    -6.529665139E-04     2.894667338E-03     6.000000000E-02
     8022     3.500000000E-04     3.125000000E-03     5.900000000E-02
     8023     1.100000000E-03     3.325961894E-03     5.850000000E-02
     8024     1.343075085E-03     2.888980515E-03     5.900000000E-02
     8025    -4.000000000E-04     3.325961894E-03     5.850000000E-02
     8026    -9.490381057E-04     3.875000000E-03     5.900000000E-02
     8027    -6.529665139E-04     2.894667338E-03     5.900000000E-02
     8028     3.500000000E-04     3.125000000E-03     5.800000000E-02
     8029     1.100000000E-03     3.325961894E-03     5.750000000E-02
     8030     1.343075085E-03     2.888980515E-03     5.800000000E-02
     8031    -4.000000000E-04     3.325961894E-03     5.750000000E-02
     8032    -9.490381057E-04     3.875000000E-03     5.800000000E-02
     8033    -6.529665139E-04     2.894667338E-03     5.800000000E-02
     8034     3.500000000E-04     3.125000000E-03     5.700000000E-02
     8035     1.100000000E-03     3.325961894E-03     5.650000000E-02
     8036     1.343075085E-03     2.888980515E-03     5.700000000E-02
     8037    -4.000000000E-04     3.325961894E-03     5.650000000E-02
     8038    -9.490381057E-04     3.875000000E-03     5.700000000E-02
     8039    -6.529665139E-04     2.894667338E-03     5.700000000E-02
     8040     3.500000000E-04     3.125000000E-03     5.600000000E-02
     8041     1.100000000E-03     3.325961894E-03     5.550000000E-02
     8042     1.343075085E-03     2.888980515E-03     5.600000000E-02
     8043    -4.000000000E-04     3.325961894E-03     5.550000000E-02
     8044    -9.490381057E-04     3.875000000E-03     5.600000000E-02
     8045    -6.529665139E-04     2.894667338E-03     5.600000000E-02
     8046     3.500000000E-04     3.125000000E-03     5.500000000E-02
     8047     1.100000000E-03     3.325961894E-03     5.450000000E-02
     8048     1.343075085E-03     2.888980515E-03     5.500000000E-02
     8049    -4.000000000E-04     3.325961894E-03     5.450000000E-02
     8050    -9.490381057E-04     3.875000000E-03     5.500000000E-02
     8051    -6.529665139E-04     2.894667338E-03     5.500000000E-02
     8052     3.500000000E-04     3.125000000E-03     5.400000000E-02
     8053     1.100000000E-03     3.325961894E-03     5.350000000E-02
     8054     1.343075085E-03     2.888980515E-03     5.400000000E-02
     8055    -4.000000000E-04     3.325961894E-03     5.350000000E-02
     8056    -9.490381057E-04     3.875000000E-03     5.400000000E-02
     8057    -6.529665139E-04     2.894667338E-03     5.400000000E-02
     8058     3.500000000E-04     3.125000000E-03     5.300000000E-02
     8059     1.100000000E-03     3.325961894E-03     5.250000000E-02
     8060     1.343075085E-03     2.888980515E-03     5.300000000E-02
     8061    -4.000000000E-04     3.325961894E-03     5.250000000E-02
     8062    -9.490381057E-04     3.875000000E-03     5.300000000E-02
     8063    -6.529665139E-04     2.894667338E-03     5.300000000E-02
     8064     3.500000000E-04     3.125000000E-03     5.200000000E-02
     8065     1.100000000E-03     3.325961894E-03     5.150000000E-02
     8066     1.343075085E-03     2.888980515E-03     5.200000000E-02
     8067    -4.000000000E-04     3.325961894E-03     5.150000000E-02
     8068    -9.490381057E-04     3.875000000E-03     5.200000000E-02
     8069    -6.529665139E-04     2.894667338E-03     5.200000000E-02
     8070     3.500000000E-04     3.125000000E-03     5.100000000E-02
     8071     1.100000000E-03     3.325961894E-03     5.050000000E-02
     8072     1.343075085E-03     2.888980515E-03     5.100000000E-02
     8073    -4.000000000E-04     3.325961894E-03     5.050000000E-02
     8074    -9.490381057E-04     3.875000000E-03     5.100000000E-02
     8075    -6.529665139E-04     2.894667338E-03     5.100000000E-02
     8076     3.500000000E-04     3.125000000E-03     5.000000000E-02
     8077     1.100000000E-03     3.325961894E-03     4.950000000E-02
     8078     1.343075085E-03     2.888980515E-03     5.000000000E-02
     8079    -4.000000000E-04     3.325961894E-03     4.950000000E-02
     8080    -9.490381057E-04     3.875000000E-03     5.000000000E-02
     8081    -6.529665139E-04     2.894667338E-03     5.000000000E-02
     8082     3.500000000E-04     3.125000000E-03     4.900000000E-02
     8083     1.343075085E-03     2.888980515E-03     4.900000000E-02
     8084    -9.490381057E-04     3.875000000E-03     4.900000000E-02
     8085    -6.529665139E-04     2.894667338E-03     4.900000000E-02
     8086    -1.150000000E-03     4.625000000E-03     4.950000000E-02
     8087    -1.649999494E-03     4.623874762E-03     4.900000000E-02
     8088    -1.150000000E-03     4.625000000E-03     5.050000000E-02
     8089    -1.649999494E-03     4.623874762E-03     5.000000000E-02
     8090    -1.150000000E-03     4.625000000E-03     5.150000000E-02
     8091    -1.649999494E-03     4.623874762E-03     5.100000000E-02
     8092    -1.150000000E-03     4.625000000E-03     5.250000000E-02
     8093    -1.649999494E-03     4.623874762E-03     5.200000000E-02
     8094    -1.150000000E-03     4.625000000E-03     5.350000000E-02
     8095    -1.649999494E-03     4.623874762E-03     5.300000000E-02
     8096    -1.150000000E-03     4.625000000E-03     5.450000000E-02
     8097    -1.649999494E-03     4.623874762E-03     5.400000000E-02
     8098    -1.150000000E-03     4.625000000E-03     5.550000000E-02
     8099    -1.649999494E-03     4.623874762E-03     5.500000000E-02
     8100    -1.150000000E-03     4.625000000E-03     5.650000000E-02
     8101    -1.649999494E-03     4.623874762E-03     5.600000000E-02
     8102    -1.150000000E-03     4.625000000E-03     5.750000000E-02
     8103    -1.649999494E-03     4.623874762E-03     5.700000000E-02
     8104    -1.150000000E-03     4.625000000E-03     5.850000000E-02
     8105    -1.649999494E-03     4.623874762E-03     5.800000000E-02
     8106    -1.150000000E-03     4.625000000E-03     5.950000000E-02
     8107    -1.649999494E-03     4.623874762E-03     5.900000000E-02
     8108    -1.150000000E-03     4.625000000E-03     6.050000000E-02
     8109    -1.649999494E-03     4.623874762E-03     6.000000000E-02
     8110    -1.150000000E-03     4.625000000E-03     6.150000000E-02
     8111    -1.649999494E-03     4.623874762E-03     6.100000000E-02
     8112    -1.150000000E-03     4.625000000E-03     6.250000000E-02
     8113    -1.649999494E-03     4.623874762E-03     6.200000000E-02
     8114    -1.150000000E-03     4.625000000E-03     6.350000000E-02
     8115    -1.649999494E-03     4.623874762E-03     6.300000000E-02
     8116    -1.150000000E-03     4.625000000E-03     6.450000000E-02
     8117    -1.649999494E-03     4.623874762E-03     6.400000000E-02
     8118    -1.649999494E-03     4.623874762E-03     6.500000000E-02
     8119     3.385903408E-04     2.125026036E-03     6.500000000E-02
     8120    -9.059330278E-04     2.463372782E-03     6.450000000E-02
     8121    -1.816214048E-03     3.376994913E-03     6.500000000E-02
     8122     1.586150170E-03     2.451999135E-03     6.450000000E-02
     8123     3.385903408E-04     2.125026036E-03     6.400000000E-02
     8124    -9.059330278E-04     2.463372782E-03     6.350000000E-02
     8125    -1.816214048E-03     3.376994913E-03     6.400000000E-02
     8126     1.586150170E-03     2.451999135E-03     6.350000000E-02
     8127     3.385903408E-04     2.125026036E-03     6.300000000E-02
     8128    -9.059330278E-04     2.463372782E-03     6.250000000E-02
     8129    -1.816214048E-03     3.376994913E-03     6.300000000E-02
     8130     1.586150170E-03     2.451999135E-03     6.250000000E-02
     8131     3.385903408E-04     2.125026036E-03     6.200000000E-02
     8132    -9.059330278E-04     2.463372782E-03     6.150000000E-02
     8133    -1.816214048E-03     3.376994913E-03     6.200000000E-02
     8134     1.586150170E-03     2.451999135E-03     6.150000000E-02
     8135     3.385903408E-04     2.125026036E-03     6.100000000E-02
     8136    -9.059330278E-04     2.463372782E-03     6.050000000E-02
     8137    -1.816214048E-03     3.376994913E-03     6.100000000E-02
     8138     1.586150170E-03     2.451999135E-03     6.050000000E-02
     8139     3.385903408E-04     2.125026036E-03     6.000000000E-02
     8140    -9.059330278E-04     2.463372782E-03     5.950000000E-02
     8141    -1.816214048E-03     3.376994913E-03     6.000000000E-02
     8142     1.586150170E-03     2.451999135E-03     5.950000000E-02
     8143     3.385903408E-04     2.125026036E-03     5.900000000E-02
     8144    -9.059330278E-04     2.463372782E-03     5.850000000E-02
     8145    -1.816214048E-03     3.376994913E-03     5.900000000E-02
     8146     1.586150170E-03     2.451999135E-03     5.850000000E-02
     8147     3.385903408E-04     2.125026036E-03     5.800000000E-02
     8148    -9.059330278E-04     2.463372782E-03     5.750000000E-02
     8149    -1.816214048E-03     3.376994913E-03     5.800000000E-02
     8150     1.586150170E-03     2.451999135E-03     5.750000000E-02
     8151     3.385903408E-04     2.125026036E-03     5.700000000E-02
     8152    -9.059330278E-04     2.463372782E-03     5.650000000E-02
     8153    -1.816214048E-03     3.376994913E-03     5.700000000E-02
     8154     1.586150170E-03     2.451999135E-03     5.650000000E-02
     8155     3.385903408E-04     2.125026036E-03     5.600000000E-02
     8156    -9.059330278E-04     2.463372782E-03     5.550000000E-02
     8157    -1.816214048E-03     3.376994913E-03     5.600000000E-02
     8158     1.586150170E-03     2.451999135E-03     5.550000000E-02
     8159     3.385903408E-04     2.125026036E-03     5.500000000E-02
     8160    -9.059330278E-04     2.463372782E-03     5.450000000E-02
     8161    -1.816214048E-03     3.376994913E-03     5.500000000E-02
     8162     1.586150170E-03     2.451999135E-03     5.450000000E-02
     8163     3.385903408E-04     2.125026036E-03     5.400000000E-02
     8164    -9.059330278E-04     2.463372782E-03     5.350000000E-02
     8165    -1.816214048E-03     3.376994913E-03     5.400000000E-02
     8166     1.586150170E-03     2.451999135E-03     5.350000000E-02
     8167     3.385903408E-04     2.125026036E-03     5.300000000E-02
     8168    -9.059330278E-04     2.463372782E-03     5.250000000E-02
     8169    -1.816214048E-03     3.376994913E-03     5.300000000E-02
     8170     1.586150170E-03     2.451999135E-03     5.250000000E-02
     8171     3.385903408E-04     2.125026036E-03     5.200000000E-02
     8172    -9.059330278E-04     2.463372782E-03     5.150000000E-02
     8173    -1.816214048E-03     3.376994913E-03     5.200000000E-02
     8174     1.586150170E-03     2.451999135E-03     5.150000000E-02
     8175     3.385903408E-04     2.125026036E-03     5.100000000E-02
     8176    -9.059330278E-04     2.463372782E-03     5.050000000E-02
     8177    -1.816214048E-03     3.376994913E-03     5.100000000E-02
     8178     1.586150170E-03     2.451999135E-03     5.050000000E-02
     8179     3.385903408E-04     2.125026036E-03     5.000000000E-02
     8180    -9.059330278E-04     2.463372782E-03     4.950000000E-02
     8181    -1.816214048E-03     3.376994913E-03     5.000000000E-02
     8182     1.586150170E-03     2.451999135E-03     4.950000000E-02
     8183     3.385903408E-04     2.125026036E-03     4.900000000E-02
     8184    -1.816214048E-03     3.376994913E-03     4.900000000E-02
     8185    -2.149998987E-03     4.622749524E-03     4.950000000E-02
     8186    -2.149998987E-03     4.622749524E-03     5.050000000E-02
     8187    -2.149998987E-03     4.622749524E-03     5.150000000E-02
     8188    -2.149998987E-03     4.622749524E-03     5.250000000E-02
     8189    -2.149998987E-03     4.622749524E-03     5.350000000E-02
     8190    -2.149998987E-03     4.622749524E-03     5.450000000E-02
     8191    -2.149998987E-03     4.622749524E-03     5.550000000E-02
     8192    -2.149998987E-03     4.622749524E-03     5.650000000E-02
     8193    -2.149998987E-03     4.622749524E-03     5.750000000E-02
     8194    -2.149998987E-03     4.622749524E-03     5.850000000E-02
     8195    -2.149998987E-03     4.622749524E-03     5.950000000E-02
     8196    -2.149998987E-03     4.622749524E-03     6.050000000E-02
     8197    -2.149998987E-03     4.622749524E-03     6.150000000E-02
     8198    -2.149998987E-03     4.622749524E-03     6.250000000E-02
     8199    -2.149998987E-03     4.622749524E-03     6.350000000E-02
     8200    -2.149998987E-03     4.622749524E-03     6.450000000E-02
     2275     4.000000000E-03    -7.125000000E-03     4.250000000E-02
     2276    -4.000000119E-03    -7.125000000E-03     4.250000000E-02
     2277    -5.960001069E-11    -7.125000000E-03     4.250000000E-02
     2278    -4.000000119E-03    -7.125000000E-03     4.145000000E-02
     2279    -4.454663456E-03    -7.125000000E-03     4.223750000E-02
     2280    -4.454663456E-03    -7.125000000E-03     4.171250000E-02
     2281     4.000000000E-03    -7.125000000E-03     4.145000000E-02
     2282    -5.960000982E-11    -7.125000000E-03     4.145000000E-02
     2283     4.454663337E-03    -7.125000000E-03     4.171250000E-02
     2284     4.454663337E-03    -7.125000000E-03     4.223750000E-02
     2285     4.000000000E-03    -7.125000000E-03     3.860000000E-02
     2286    -4.000000000E-03    -7.125000000E-03     3.860000000E-02
     2287    -1.561251128E-17    -7.125000000E-03     3.860000000E-02
     2288    -4.000000000E-03    -7.125000000E-03     3.755000000E-02
     2289    -4.454663337E-03    -7.125000000E-03     3.833750000E-02
     2290    -4.454663337E-03    -7.125000000E-03     3.781250000E-02
     2291     4.000000000E-03    -7.125000000E-03     3.755000000E-02
     2292    -1.561251128E-17    -7.125000000E-03     3.755000000E-02
     2293     4.454663337E-03    -7.125000000E-03     3.781250000E-02
     2294     4.454663337E-03    -7.125000000E-03     3.833750000E-02
     2295     3.000000000E-03    -7.125000000E-03     3.665000000E-02
     2296     2.490098049E-03    -7.125000000E-03     3.600000000E-02
     2297     2.586932209E-03    -7.125000000E-03     3.644903703E-02
     2298    -2.490098049E-03    -7.125000000E-03     3.600000000E-02
     2299    -1.517883041E-17    -7.125000000E-03     3.600000000E-02
     2300    -3.000000000E-03    -7.125000000E-03     3.665000000E-02
     2301    -2.586932209E-03    -7.125000000E-03     3.644903703E-02
     2302    -5.500000000E-03    -7.125000000E-03     3.665000000E-02
     2303    -5.500000000E-03    -7.125000000E-03     3.950000000E-02
     2304    -3.000000000E-03    -7.125000000E-03     3.950000000E-02
     2305    -3.000000000E-03    -7.125000000E-03     4.055000000E-02
     2306    -2.545336663E-03    -7.125000000E-03     3.976250000E-02
     2307    -2.545336663E-03    -7.125000000E-03     4.028750000E-02
     2308    -5.500000000E-03    -7.125000000E-03     4.055000000E-02
     2309    -5.500000000E-03    -7.125000000E-03     4.300000000E-02
     2310     5.500000000E-03    -7.125000000E-03     4.300000000E-02
     2311    -1.833333333E-03    -7.125000000E-03     4.300000000E-02
     2312     1.833333333E-03    -7.125000000E-03     4.300000000E-02
     2313     5.500000000E-03    -7.125000000E-03     4.055000000E-02
     2314     3.000000000E-03    -7.125000000E-03     4.055000000E-02
     2315     3.000000000E-03    -7.125000000E-03     3.950000000E-02
     2316     2.545336663E-03    -7.125000000E-03     4.028750000E-02
     2317     2.545336663E-03    -7.125000000E-03     3.976250000E-02
     2318     5.500000000E-03    -7.125000000E-03     3.950000000E-02
     2319     5.500000000E-03    -7.125000000E-03     3.665000000E-02
     2320    -5.500000000E-03    -9.375000000E-03     3.950000000E-02
     2321    -5.500000000E-03    -9.375000000E-03     3.665000000E-02
     2322     5.500000000E-03    -9.375000000E-03     3.665000000E-02
     2323     5.500000000E-03    -9.375000000E-03     3.950000000E-02
     2324     1.000000000E-02    -4.875000000E-03     7.100000000E-02
     2325     5.500000000E-03    -9.375000000E-03     7.100000000E-02
     2326     8.681980515E-03    -8.056980515E-03     7.100000000E-02
     2327     5.500000000E-03    -9.375000000E-03     4.300000000E-02
     2328     5.500000000E-03    -9.375000000E-03     6.700000000E-02
     2329     5.500000000E-03    -9.375000000E-03     6.300000000E-02
     2330     5.500000000E-03    -9.375000000E-03     5.900000000E-02
     2331     5.500000000E-03    -9.375000000E-03     5.500000000E-02
     2332     5.500000000E-03    -9.375000000E-03     5.100000000E-02
     2333     5.500000000E-03    -9.375000000E-03     4.700000000E-02
     2334     1.000000000E-02    -4.875000000E-03     4.300000000E-02
     2335     8.681980515E-03    -8.056980515E-03     4.300000000E-02
     2336     1.000000000E-02    -4.875000000E-03     4.700000000E-02
     2337     1.000000000E-02    -4.875000000E-03     5.100000000E-02
     2338     1.000000000E-02    -4.875000000E-03     5.500000000E-02
     2339     1.000000000E-02    -4.875000000E-03     5.900000000E-02
     2340     1.000000000E-02    -4.875000000E-03     6.300000000E-02
     2341     1.000000000E-02    -4.875000000E-03     6.700000000E-02
     2342    -1.000000000E-02    -3.750000000E-04     4.300000000E-02
     2343    -1.000000000E-02    -3.750000000E-04     7.100000000E-02
     2344    -1.000000000E-02    -3.750000000E-04     4.700000000E-02
     2345    -1.000000000E-02    -3.750000000E-04     5.100000000E-02
     2346    -1.000000000E-02    -3.750000000E-04     5.500000000E-02
     2347    -1.000000000E-02    -3.750000000E-04     5.900000000E-02
     2348    -1.000000000E-02    -3.750000000E-04     6.300000000E-02
     2349    -1.000000000E-02    -3.750000000E-04     6.700000000E-02
     2350    -1.000000000E-02    -4.875000000E-03     4.300000000E-02
     2351    -1.000000000E-02    -2.625000000E-03     4.300000000E-02
     2352    -1.000000000E-02    -4.875000000E-03     7.100000000E-02
     2353    -1.000000000E-02    -4.875000000E-03     6.700000000E-02
     2354    -1.000000000E-02    -4.875000000E-03     6.300000000E-02
     2355    -1.000000000E-02    -4.875000000E-03     5.900000000E-02
     2356    -1.000000000E-02    -4.875000000E-03     5.500000000E-02
     2357    -1.000000000E-02    -4.875000000E-03     5.100000000E-02
     2358    -1.000000000E-02    -4.875000000E-03     4.700000000E-02
     2359    -1.000000000E-02    -2.625000000E-03     7.100000000E-02
     2360    -5.500000000E-03    -9.375000000E-03     7.100000000E-02
     2361    -8.681980515E-03    -8.056980515E-03     7.100000000E-02
     2362    -5.500000000E-03    -9.375000000E-03     4.300000000E-02
     2363    -8.681980515E-03    -8.056980515E-03     4.300000000E-02
     2364    -5.500000000E-03    -9.375000000E-03     4.700000000E-02
     2365    -5.500000000E-03    -9.375000000E-03     5.100000000E-02
     2366    -5.500000000E-03    -9.375000000E-03     5.500000000E-02
     2367    -5.500000000E-03    -9.375000000E-03     5.900000000E-02
     2368    -5.500000000E-03    -9.375000000E-03     6.300000000E-02
     2369    -5.500000000E-03    -9.375000000E-03     6.700000000E-02
     2370     1.000000000E-02    -3.750000000E-04     7.100000000E-02
     2371     1.000000000E-02    -3.750000000E-04     4.300000000E-02
     2372     1.000000000E-02    -3.750000000E-04     6.700000000E-02
     2373     1.000000000E-02    -3.750000000E-04     6.300000000E-02
     2374     1.000000000E-02    -3.750000000E-04     5.900000000E-02
     2375     1.000000000E-02    -3.750000000E-04     5.500000000E-02
     2376     1.000000000E-02    -3.750000000E-04     5.100000000E-02
     2377     1.000000000E-02    -3.750000000E-04     4.700000000E-02
     2378     1.000000000E-02    -2.625000000E-03     7.100000000E-02
     2379     1.000000000E-02    -2.625000000E-03     4.300000000E-02
     2380     8.864414003E-03    -3.750000000E-04     7.100000000E-02
     2381     9.000000000E-03    -1.675000000E-03     7.100000000E-02
     2382     9.000000000E-03    -4.375000000E-03     7.100000000E-02
     2383     7.000000000E-03    -6.375000000E-03     7.100000000E-02
     2384     8.414213562E-03    -5.789213562E-03     7.100000000E-02
     2385    -5.500000000E-03    -6.375000000E-03     7.100000000E-02
     2386     3.875000000E-03    -6.375000000E-03     7.100000000E-02
     2387     7.500000000E-04    -6.375000000E-03     7.100000000E-02
     2388    -2.375000000E-03    -6.375000000E-03     7.100000000E-02
     2389    -7.000000000E-03    -4.875000000E-03     7.100000000E-02
     2390    -6.560660172E-03    -5.935660172E-03     7.100000000E-02
     2391    -7.000000000E-03    -3.750000000E-04     7.100000000E-02
     2392    -7.000000000E-03    -2.625000000E-03     7.100000000E-02
     2393    -2.490098049E-03    -9.375000000E-03     7.100000000E-02
     2394    -2.490098049E-03    -7.125000000E-03     7.100000000E-02
     2395     2.490098049E-03    -7.125000000E-03     7.100000000E-02
     2396    -1.517883041E-17    -7.125000000E-03     7.100000000E-02
     2397     2.490098049E-03    -9.375000000E-03     7.100000000E-02
     2398    -2.000000000E-03     7.625000000E-03     4.700000000E-02
     2399    -5.265964263E-03     6.927977315E-03     4.681802806E-02
     2400    -7.922347423E-03     5.003267603E-03     4.616879208E-02
     2401    -9.519222428E-03     2.356534210E-03     4.488616682E-02
     2402    -2.000000000E-03     7.625000000E-03     6.700000000E-02
     2403    -9.519287701E-03     2.356356887E-03     6.911348758E-02
     2404    -7.922403839E-03     5.003208762E-03     6.783113211E-02
     2405    -5.265991912E-03     6.927964949E-03     6.718196500E-02
     2406    -2.000000000E-03     7.625000000E-03     6.300000000E-02
     2407    -2.000000000E-03     7.625000000E-03     5.900000000E-02
     2408    -2.000000000E-03     7.625000000E-03     5.500000000E-02
     2409    -2.000000000E-03     7.625000000E-03     5.100000000E-02
     2410    -4.500000000E-03    -9.375000000E-03     7.800000000E-02
     2411    -5.500000000E-03    -9.273979486E-03     7.800000000E-02
     2412    -5.500000000E-03    -9.375000000E-03     7.800000000E-02
     2413     5.500000000E-03    -9.375000000E-03     7.555000000E-02
     2414     5.500000000E-03    -7.125000000E-03     7.555000000E-02
     2415     5.500000000E-03    -7.125000000E-03     7.800000000E-02
     2416     5.500000000E-03    -9.273979486E-03     7.800000000E-02
     2417     5.500000000E-03    -9.375000000E-03     7.800000000E-02
     2418     4.500000000E-03    -9.375000000E-03     7.800000000E-02
     2419    -9.500000000E-03    -4.375000000E-03     7.800000000E-02
     2420    -8.372983346E-03    -7.537277660E-03     7.800000000E-02
     2421    -4.500000000E-03    -9.375000000E-03     8.900000000E-02
     2422    -4.500000000E-03    -9.375000000E-03     8.166666667E-02
     2423    -4.500000000E-03    -9.375000000E-03     8.533333333E-02
     2424    -9.500000000E-03    -4.375000000E-03     8.900000000E-02
     2425    -8.035533906E-03    -7.910533906E-03     8.900000000E-02
     2426    -9.500000000E-03    -4.375000000E-03     8.166666667E-02
     2427    -9.500000000E-03    -4.375000000E-03     8.533333333E-02
     2428     9.500000000E-03    -4.375000000E-03     7.800000000E-02
     2429     8.372983346E-03    -7.537277660E-03     7.800000000E-02
     2430     9.500000000E-03    -4.375000000E-03     8.900000000E-02
     2431     9.500000000E-03    -4.375000000E-03     8.166666667E-02
     2432     9.500000000E-03    -4.375000000E-03     8.533333333E-02
     2433     4.500000000E-03    -9.375000000E-03     8.900000000E-02
     2434     8.035533906E-03    -7.910533906E-03     8.900000000E-02
     2435     4.500000000E-03    -9.375000000E-03     8.166666667E-02
     2436     4.500000000E-03    -9.375000000E-03     8.533333333E-02
     2437     9.500000000E-03    -2.675000000E-03     7.800000000E-02
     2438     9.500000000E-03    -2.675000000E-03     8.900000000E-02
     2439     9.500000000E-03    -2.675000000E-03     8.166666667E-02
     2440     9.500000000E-03    -2.675000000E-03     8.533333333E-02
     2441    -2.000000000E-04     6.625000000E-03     8.140113645E-02
     2442    -9.174868631E-03    -2.374329631E-04     7.800000116E-02
     2443    -3.341121156E-03     6.078476430E-03     8.124378420E-02
     2444    -6.079223703E-03     4.530881519E-03     8.070042145E-02
     2445    -8.072386469E-03     2.276316091E-03     7.963590874E-02
     2446    -9.500000000E-03    -2.675000000E-03     7.800000000E-02
     2447    -9.500000000E-03    -2.675000000E-03     8.900000000E-02
     2448    -9.500000000E-03    -2.675000000E-03     8.166666667E-02
     2449    -9.500000000E-03    -2.675000000E-03     8.533333333E-02
     2450    -2.000000000E-04     6.625000000E-03     8.900000000E-02
     2451    -3.758955921E-03     5.917079652E-03     8.900000000E-02
     2452    -6.776093065E-03     3.901093065E-03     8.900000000E-02
     2453    -8.792079652E-03     8.839559210E-04     8.900000000E-02
     2454    -2.000000000E-04     6.625000000E-03     8.520056822E-02
     2455    -6.009325859E-03    -2.374329631E-04     7.800000116E-02
     2456    -2.000000000E-04     3.625000000E-03     8.031516440E-02
     2457    -3.839829002E-03     2.467143966E-03     7.974338246E-02
     2458    -2.000000000E-04     3.625000000E-03     8.900000000E-02
     2459    -2.000000000E-04     3.625000000E-03     8.610505480E-02
     2460    -2.000000000E-04     3.625000000E-03     8.321010960E-02
     2461    -6.500000000E-03    -2.675000000E-03     8.900000000E-02
     2462    -5.655960044E-03     4.750000000E-04     8.900000000E-02
     2463    -3.350000000E-03     2.780960044E-03     8.900000000E-02
     2464    -6.500000000E-03    -2.675000000E-03     7.800000000E-02
     2465    -6.500000000E-03    -2.675000000E-03     8.533333333E-02
     2466    -6.500000000E-03    -2.675000000E-03     8.166666667E-02
     2467     2.000000000E-04     3.625000000E-03     8.031516440E-02
     2468     2.000000000E-04     3.625000000E-03     8.900000000E-02
     2469     2.000000000E-04     3.625000000E-03     8.610505480E-02
     2470     2.000000000E-04     3.625000000E-03     8.321010960E-02
     2471     6.500000000E-03    -2.675000000E-03     8.900000000E-02
     2472     6.500000000E-03    -4.375000000E-03     8.900000000E-02
     2473     6.500000000E-03    -2.675000000E-03     7.800000000E-02
     2474     6.500000000E-03    -2.675000000E-03     8.533333333E-02
     2475     6.500000000E-03    -2.675000000E-03     8.166666667E-02
     2476     6.500000000E-03    -4.375000000E-03     7.800000000E-02
     2477     6.500000000E-03    -4.375000000E-03     8.533333333E-02
     2478     6.500000000E-03    -4.375000000E-03     8.166666667E-02
     2479     4.500000000E-03    -6.375000000E-03     8.900000000E-02
     2480     5.914213562E-03    -5.789213562E-03     8.900000000E-02
     2481     4.500000000E-03    -6.375000000E-03     7.800000000E-02
     2482     5.914213562E-03    -5.789213562E-03     7.800000000E-02
     2483     4.500000000E-03    -6.375000000E-03     8.533333333E-02
     2484     4.500000000E-03    -6.375000000E-03     8.166666667E-02
     2485    -4.500000000E-03    -6.375000000E-03     8.900000000E-02
     2486     1.500000000E-03    -6.375000000E-03     8.900000000E-02
     2487    -1.500000000E-03    -6.375000000E-03     8.900000000E-02
     2488    -4.500000000E-03    -6.375000000E-03     7.800000000E-02
     2489    -1.500000000E-03    -6.375000000E-03     7.800000000E-02
     2490     1.500000000E-03    -6.375000000E-03     7.800000000E-02
     2491    -4.500000000E-03    -6.375000000E-03     8.533333333E-02
     2492    -4.500000000E-03    -6.375000000E-03     8.166666667E-02
     2493    -6.500000000E-03    -4.375000000E-03     8.900000000E-02
     2494    -5.914213562E-03    -5.789213562E-03     8.900000000E-02
     2495    -6.500000000E-03    -4.375000000E-03     7.800000000E-02
     2496    -5.914213562E-03    -5.789213562E-03     7.800000000E-02
     2497    -6.500000000E-03    -4.375000000E-03     8.533333333E-02
     2498    -6.500000000E-03    -4.375000000E-03     8.166666667E-02
     2499    -2.000000000E-03     4.625000000E-03     4.601530111E-02
     2500     2.700000000E-03     4.625000000E-03     4.601530111E-02
     2501     3.500000000E-04     4.625000000E-03     4.601530111E-02
     2502     2.700000000E-03     4.625000000E-03     6.798469889E-02
     2503     2.700000000E-03     4.625000000E-03     6.432313259E-02
     2504     2.700000000E-03     4.625000000E-03     6.066156630E-02
     2505     2.700000000E-03     4.625000000E-03     5.700000000E-02
     2506     2.700000000E-03     4.625000000E-03     5.333843370E-02
     2507     2.700000000E-03     4.625000000E-03     4.967686741E-02
     2508    -2.000000000E-03     4.625000000E-03     6.798469889E-02
     2509     3.500000000E-04     4.625000000E-03     6.798469889E-02
     2510    -2.000000000E-03     4.625000000E-03     6.432313259E-02
     2511    -2.000000000E-03     4.625000000E-03     6.066156630E-02
     2512    -2.000000000E-03     4.625000000E-03     5.700000000E-02
     2513    -2.000000000E-03     4.625000000E-03     5.333843370E-02
     2514    -2.000000000E-03     4.625000000E-03     4.967686741E-02
     2515     9.000000000E-03    -4.375000000E-03     4.300000000E-02
     2516     9.000000000E-03    -1.675000000E-03     4.300000000E-02
     2517     9.000000000E-03    -4.375000000E-03     6.700000000E-02
     2518     9.000000000E-03    -4.375000000E-03     6.300000000E-02
     2519     9.000000000E-03    -4.375000000E-03     5.900000000E-02
     2520     9.000000000E-03    -4.375000000E-03     5.500000000E-02
     2521     9.000000000E-03    -4.375000000E-03     5.100000000E-02
     2522     9.000000000E-03    -4.375000000E-03     4.700000000E-02
     2523     9.000000000E-03    -1.675000000E-03     6.700000000E-02
     2524     9.000000000E-03    -1.675000000E-03     6.300000000E-02
     2525     9.000000000E-03    -1.675000000E-03     5.900000000E-02
     2526     9.000000000E-03    -1.675000000E-03     5.500000000E-02
     2527     9.000000000E-03    -1.675000000E-03     5.100000000E-02
     2528     9.000000000E-03    -1.675000000E-03     4.700000000E-02
     2529     7.000000000E-03    -6.375000000E-03     4.300000000E-02
     2530     8.414213562E-03    -5.789213562E-03     4.300000000E-02
     2531     7.000000000E-03    -6.375000000E-03     6.700000000E-02
     2532     7.000000000E-03    -6.375000000E-03     6.300000000E-02
     2533     7.000000000E-03    -6.375000000E-03     5.900000000E-02
     2534     7.000000000E-03    -6.375000000E-03     5.500000000E-02
     2535     7.000000000E-03    -6.375000000E-03     5.100000000E-02
     2536     7.000000000E-03    -6.375000000E-03     4.700000000E-02
     2537    -5.500000000E-03    -6.375000000E-03     4.300000000E-02
     2538    -5.500000000E-03    -6.375000000E-03     6.700000000E-02
     2539    -5.500000000E-03    -6.375000000E-03     6.300000000E-02
     2540    -5.500000000E-03    -6.375000000E-03     5.900000000E-02
     2541    -5.500000000E-03    -6.375000000E-03     5.500000000E-02
     2542    -5.500000000E-03    -6.375000000E-03     5.100000000E-02
     2543    -5.500000000E-03    -6.375000000E-03     4.700000000E-02
     2544    -2.375000000E-03    -6.375000000E-03     4.300000000E-02
     2545     7.500000000E-04    -6.375000000E-03     4.300000000E-02
     2546     3.875000000E-03    -6.375000000E-03     4.300000000E-02
     2547    -8.776855559E-03    -2.675000000E-03     9.263549261E-02
     2548    -6.717514421E-03    -2.675000000E-03     9.571751442E-02
     2549    -3.635492607E-03    -2.675000000E-03     9.777685556E-02
     2550     5.253126628E-17    -2.675000000E-03     9.850000000E-02
     2551     3.635492607E-03    -2.675000000E-03     9.777685556E-02
     2552     6.717514421E-03    -2.675000000E-03     9.571751442E-02
     2553     8.776855559E-03    -2.675000000E-03     9.263549261E-02
     2554     2.000000000E-04     6.625000000E-03     8.900000000E-02
     2555     8.792079652E-03     8.839559210E-04     8.900000000E-02
     2556     6.776093065E-03     3.901093065E-03     8.900000000E-02
     2557     3.758955921E-03     5.917079652E-03     8.900000000E-02
     2558    -1.000000000E-04     6.625000000E-03     8.917320508E-02
     2559     1.000000000E-04     6.625000000E-03     8.917320508E-02
     2560    -8.776855559E-03    -4.375000000E-03     9.263549261E-02
     2561    -6.717514421E-03    -4.375000000E-03     9.571751442E-02
     2562    -3.635492607E-03    -4.375000000E-03     9.777685556E-02
     2563     5.253126628E-17    -4.375000000E-03     9.850000000E-02
     2564     3.635492607E-03    -4.375000000E-03     9.777685556E-02
     2565     6.717514421E-03    -4.375000000E-03     9.571751442E-02
     2566     8.776855559E-03    -4.375000000E-03     9.263549261E-02
     2567    -3.181980515E-03    -9.375000000E-03     9.218198052E-02
     2568     5.246205837E-17    -9.375000000E-03     9.350000000E-02
     2569     3.181980515E-03    -9.375000000E-03     9.218198052E-02
     2570     3.350000000E-03     2.780960044E-03     8.900000000E-02
     2571     5.655960044E-03     4.750000000E-04     8.900000000E-02
     2572    -7.000000000E-03    -4.875000000E-03     4.300000000E-02
     2573    -6.560660172E-03    -5.935660172E-03     4.300000000E-02
     2574    -7.000000000E-03    -4.875000000E-03     4.700000000E-02
     2575    -7.000000000E-03    -4.875000000E-03     5.100000000E-02
     2576    -7.000000000E-03    -4.875000000E-03     5.500000000E-02
     2577    -7.000000000E-03    -4.875000000E-03     5.900000000E-02
     2578    -7.000000000E-03    -4.875000000E-03     6.300000000E-02
     2579    -7.000000000E-03    -4.875000000E-03     6.700000000E-02
     2580    -7.000000000E-03    -3.750000000E-04     4.300000000E-02
     2581    -7.000000000E-03    -2.625000000E-03     4.300000000E-02
     2582    -7.000000000E-03    -3.750000000E-04     4.700000000E-02
     2583    -7.000000000E-03    -3.750000000E-04     5.100000000E-02
     2584    -7.000000000E-03    -3.750000000E-04     5.500000000E-02
     2585    -7.000000000E-03    -3.750000000E-04     5.900000000E-02
     2586    -7.000000000E-03    -3.750000000E-04     6.300000000E-02
     2587    -7.000000000E-03    -3.750000000E-04     6.700000000E-02
     2588    -6.453209408E-03     1.898526662E-03     4.461713493E-02
     2589    -4.687087931E-03     3.841580186E-03     4.566897422E-02
     2590    -4.687103306E-03     3.841570367E-03     6.833104659E-02
     2591    -6.453263020E-03     1.898421684E-03     6.938265538E-02
     2592    -5.500000000E-03    -9.375000000E-03     4.055000000E-02
     2593     2.490098049E-03    -9.375000000E-03     3.600000000E-02
     2594    -2.490098049E-03    -9.375000000E-03     3.600000000E-02
     2595    -1.474514955E-17    -9.375000000E-03     3.600000000E-02
     2596     5.500000000E-03    -9.375000000E-03     4.055000000E-02
     2597    -3.000000000E-03    -9.375000000E-03     3.665000000E-02
     2598    -2.586932209E-03    -9.375000000E-03     3.644903703E-02
     2599     3.000000000E-03    -9.375000000E-03     3.950000000E-02
     2600     3.000000000E-03    -9.375000000E-03     4.055000000E-02
     2601     2.545336663E-03    -9.375000000E-03     3.976250000E-02
     2602     2.545336663E-03    -9.375000000E-03     4.028750000E-02
     2603    -3.000000000E-03    -9.375000000E-03     4.055000000E-02
     2604    -3.000000000E-03    -9.375000000E-03     3.950000000E-02
     2605    -2.545336663E-03    -9.375000000E-03     4.028750000E-02
     2606    -2.545336663E-03    -9.375000000E-03     3.976250000E-02
     2607     3.000000000E-03    -9.375000000E-03     3.665000000E-02
     2608     2.586932209E-03    -9.375000000E-03     3.644903703E-02
     2609    -4.000000119E-03    -9.375000000E-03     4.145000000E-02
     2610    -4.000000119E-03    -9.375000000E-03     4.250000000E-02
     2611    -4.454663456E-03    -9.375000000E-03     4.171250000E-02
     2612    -4.454663456E-03    -9.375000000E-03     4.223750000E-02
     2613     4.000000000E-03    -9.375000000E-03     4.145000000E-02
     2614    -5.960001069E-11    -9.375000000E-03     4.145000000E-02
     2615     4.000000000E-03    -9.375000000E-03     4.250000000E-02
     2616     4.454663337E-03    -9.375000000E-03     4.223750000E-02
     2617     4.454663337E-03    -9.375000000E-03     4.171250000E-02
     2618    -5.960000982E-11    -9.375000000E-03     4.250000000E-02
     2619    -4.000000000E-03    -9.375000000E-03     3.755000000E-02
     2620    -4.000000000E-03    -9.375000000E-03     3.860000000E-02
     2621    -4.454663337E-03    -9.375000000E-03     3.781250000E-02
     2622    -4.454663337E-03    -9.375000000E-03     3.833750000E-02
     2623     4.000000000E-03    -9.375000000E-03     3.755000000E-02
     2624    -1.561251128E-17    -9.375000000E-03     3.755000000E-02
     2625     4.000000000E-03    -9.375000000E-03     3.860000000E-02
     2626     4.454663337E-03    -9.375000000E-03     3.833750000E-02
     2627     4.454663337E-03    -9.375000000E-03     3.781250000E-02
     2628    -1.561251128E-17    -9.375000000E-03     3.860000000E-02
     2629    -4.000000000E-03    -7.125000000E-03     7.255000000E-02
     2630     4.000000000E-03    -7.125000000E-03     7.255000000E-02
     2631    -1.561251128E-17    -7.125000000E-03     7.255000000E-02
     2632     4.000000000E-03    -7.125000000E-03     7.360000000E-02
     2633     4.454663337E-03    -7.125000000E-03     7.281250000E-02
     2634     4.454663337E-03    -7.125000000E-03     7.333750000E-02
     2635    -4.000000000E-03    -7.125000000E-03     7.360000000E-02
     2636    -1.561251128E-17    -7.125000000E-03     7.360000000E-02
     2637    -4.454663337E-03    -7.125000000E-03     7.333750000E-02
     2638    -4.454663337E-03    -7.125000000E-03     7.281250000E-02
     2639     4.000000000E-03    -7.125000000E-03     7.750000000E-02
     2640    -4.000000119E-03    -7.125000000E-03     7.750000000E-02
     2641    -5.959957007E-11    -7.125000000E-03     7.750000000E-02
     2642    -4.000000119E-03    -7.125000000E-03     7.645000000E-02
     2643    -4.454663456E-03    -7.125000000E-03     7.723750000E-02
     2644    -4.454663456E-03    -7.125000000E-03     7.671250000E-02
     2645     4.000000000E-03    -7.125000000E-03     7.645000000E-02
     2646    -5.960045044E-11    -7.125000000E-03     7.645000000E-02
     2647     4.454663337E-03    -7.125000000E-03     7.671250000E-02
     2648     4.454663337E-03    -7.125000000E-03     7.723750000E-02
     2649    -3.000000000E-03    -7.125000000E-03     7.165000000E-02
     2650    -2.586932209E-03    -7.125000000E-03     7.144903703E-02
     2651    -5.500000000E-03    -7.125000000E-03     7.165000000E-02
     2652    -5.500000000E-03    -7.125000000E-03     7.450000000E-02
     2653    -3.000000000E-03    -7.125000000E-03     7.450000000E-02
     2654    -3.000000000E-03    -7.125000000E-03     7.555000000E-02
     2655    -2.545336663E-03    -7.125000000E-03     7.476250000E-02
     2656    -2.545336663E-03    -7.125000000E-03     7.528750000E-02
     2657    -5.500000000E-03    -7.125000000E-03     7.555000000E-02
     2658    -5.500000000E-03    -7.125000000E-03     7.800000000E-02
     2659    -1.833333333E-03    -7.125000000E-03     7.800000000E-02
     2660     1.833333333E-03    -7.125000000E-03     7.800000000E-02
     2661     3.000000000E-03    -7.125000000E-03     7.555000000E-02
     2662     3.000000000E-03    -7.125000000E-03     7.450000000E-02
     2663     2.545336663E-03    -7.125000000E-03     7.528750000E-02
     2664     2.545336663E-03    -7.125000000E-03     7.476250000E-02
     2665     5.500000000E-03    -7.125000000E-03     7.450000000E-02
     2666     5.500000000E-03    -7.125000000E-03     7.165000000E-02
     2667     3.000000000E-03    -7.125000000E-03     7.165000000E-02
     2668     2.586932209E-03    -7.125000000E-03     7.144903703E-02
     2669     4.000000000E-03    -9.375000000E-03     7.255000000E-02
     2670    -4.000000000E-03    -9.375000000E-03     7.255000000E-02
     2671    -1.561251128E-17    -9.375000000E-03     7.255000000E-02
     2672    -4.000000000E-03    -9.375000000E-03     7.360000000E-02
     2673    -4.454663337E-03    -9.375000000E-03     7.281250000E-02
     2674    -4.454663337E-03    -9.375000000E-03     7.333750000E-02
     2675     4.000000000E-03    -9.375000000E-03     7.360000000E-02
     2676    -1.561251128E-17    -9.375000000E-03     7.360000000E-02
     2677     4.454663337E-03    -9.375000000E-03     7.333750000E-02
     2678     4.454663337E-03    -9.375000000E-03     7.281250000E-02
     2679    -4.000000119E-03    -9.375000000E-03     7.750000000E-02
     2680     4.000000000E-03    -9.375000000E-03     7.750000000E-02
     2681    -5.959957007E-11    -9.375000000E-03     7.750000000E-02
     2682     4.000000000E-03    -9.375000000E-03     7.645000000E-02
     2683     4.454663337E-03    -9.375000000E-03     7.723750000E-02
     2684     4.454663337E-03    -9.375000000E-03     7.671250000E-02
     2685    -4.000000119E-03    -9.375000000E-03     7.645000000E-02
     2686    -5.960045044E-11    -9.375000000E-03     7.645000000E-02
     2687    -4.454663456E-03    -9.375000000E-03     7.671250000E-02
     2688    -4.454663456E-03    -9.375000000E-03     7.723750000E-02
     2689     3.000000000E-03    -9.375000000E-03     7.165000000E-02
     2690     2.586932209E-03    -9.375000000E-03     7.144903703E-02
     2691     5.500000000E-03    -9.375000000E-03     7.165000000E-02
     2692     5.500000000E-03    -9.375000000E-03     7.450000000E-02
     2693     3.000000000E-03    -9.375000000E-03     7.450000000E-02
     2694     3.000000000E-03    -9.375000000E-03     7.555000000E-02
     2695     2.545336663E-03    -9.375000000E-03     7.476250000E-02
     2696     2.545336663E-03    -9.375000000E-03     7.528750000E-02
     2697    -5.500000000E-03    -9.375000000E-03     7.555000000E-02
     2698    -3.000000000E-03    -9.375000000E-03     7.555000000E-02
     2699    -3.000000000E-03    -9.375000000E-03     7.450000000E-02
     2700    -2.545336663E-03    -9.375000000E-03     7.528750000E-02
     2701    -2.545336663E-03    -9.375000000E-03     7.476250000E-02
     2702    -5.500000000E-03    -9.375000000E-03     7.450000000E-02
     2703    -5.500000000E-03    -9.375000000E-03     7.165000000E-02
     2704    -3.000000000E-03    -9.375000000E-03     7.165000000E-02
     2705    -2.586932209E-03    -9.375000000E-03     7.144903703E-02
     2706     2.000000000E-03     7.625000000E-03     4.700000000E-02
     2707     2.000000000E-03     7.625000000E-03     6.700000000E-02
     2708     2.000000000E-03     7.625000000E-03     5.100000000E-02
     2709     2.000000000E-03     7.625000000E-03     5.500000000E-02
     2710     2.000000000E-03     7.625000000E-03     5.900000000E-02
     2711     2.000000000E-03     7.625000000E-03     6.300000000E-02
     2712     9.519287701E-03     2.356356887E-03     4.488651242E-02
     2713     7.922403839E-03     5.003208762E-03     4.616886789E-02
     2714     5.265991912E-03     6.927964949E-03     4.681803500E-02
     2715     5.265964263E-03     6.927977315E-03     6.718197194E-02
     2716     7.922347423E-03     5.003267603E-03     6.783120792E-02
     2717     9.519222428E-03     2.356534211E-03     6.911383318E-02
     2718     8.864414003E-03    -3.750000000E-04     4.300000000E-02
     2719     5.652533789E-03     3.890297504E-03     4.569045600E-02
     2720     7.826952594E-03     1.986195487E-03     4.467348732E-02
     2721     7.826943658E-03     1.986208000E-03     6.932653693E-02
     2722     5.652536516E-03     3.890296059E-03     6.830951497E-02
     2723     2.000000000E-04     6.625000000E-03     8.140113645E-02
     2724     2.000000000E-04     6.625000000E-03     8.520056822E-02
     2725     6.009325859E-03    -2.374329631E-04     7.800000116E-02
     2726     9.174868631E-03    -2.374329631E-04     7.800000116E-02
     2727     8.072378369E-03     2.276328970E-03     7.963588005E-02
     2728     6.079218817E-03     4.530885506E-03     8.070042220E-02
     2729     3.341121506E-03     6.078476303E-03     8.124380742E-02
     2730     3.839829002E-03     2.467143966E-03     7.974338246E-02
     2731     1.999999970E-03    -7.125000000E-03     4.250000000E-02
     2732     2.999999985E-03    -7.125000000E-03     4.250000000E-02
     2733    -2.000000089E-03    -7.125000000E-03     4.250000000E-02
     2734    -3.000000104E-03    -7.125000000E-03     4.250000000E-02
     2735    -2.000000089E-03    -7.125000000E-03     4.145000000E-02
     2736    -3.000000104E-03    -7.125000000E-03     4.145000000E-02
     2737     1.999999970E-03    -7.125000000E-03     4.145000000E-02
     2738     2.999999985E-03    -7.125000000E-03     4.145000000E-02
     2739     2.000000000E-03    -7.125000000E-03     3.860000000E-02
     2740     3.000000000E-03    -7.125000000E-03     3.860000000E-02
     2741    -2.000000000E-03    -7.125000000E-03     3.860000000E-02
     2742    -3.000000000E-03    -7.125000000E-03     3.860000000E-02
     2743    -2.000000000E-03    -7.125000000E-03     3.755000000E-02
     2744    -3.000000000E-03    -7.125000000E-03     3.755000000E-02
     2745     2.000000000E-03    -7.125000000E-03     3.755000000E-02
     2746     3.000000000E-03    -7.125000000E-03     3.755000000E-02
     2747     1.245049024E-03    -7.125000000E-03     3.600000000E-02
     2748    -1.245049024E-03    -7.125000000E-03     3.600000000E-02
     2749    -4.250000000E-03    -7.125000000E-03     3.665000000E-02
     2750    -4.250000000E-03    -7.125000000E-03     3.950000000E-02
     2751    -4.250000000E-03    -7.125000000E-03     4.055000000E-02
     2752    -3.666666667E-03    -7.125000000E-03     4.300000000E-02
     2753    -1.604619215E-17    -7.125000000E-03     4.300000000E-02
     2754     3.666666667E-03    -7.125000000E-03     4.300000000E-02
     2755     4.250000000E-03    -7.125000000E-03     4.055000000E-02
     2756     4.250000000E-03    -7.125000000E-03     3.950000000E-02
     2757     4.250000000E-03    -7.125000000E-03     3.665000000E-02
     2758     7.222075446E-03    -9.032457896E-03     7.100000000E-02
     2759     1.000000000E-02    -4.875000000E-03     4.500000000E-02
     2760     1.000000000E-02    -4.875000000E-03     4.900000000E-02
     2761     1.000000000E-02    -4.875000000E-03     5.300000000E-02
     2762     1.000000000E-02    -4.875000000E-03     5.700000000E-02
     2763     1.000000000E-02    -4.875000000E-03     6.100000000E-02
     2764     1.000000000E-02    -4.875000000E-03     6.500000000E-02
     2765     1.000000000E-02    -4.875000000E-03     6.900000000E-02
     2766    -7.222075446E-03    -9.032457896E-03     7.100000000E-02
     2767     1.000000000E-02    -3.750000000E-04     6.900000000E-02
     2768     1.000000000E-02    -3.750000000E-04     4.500000000E-02
     2769     2.312500000E-03    -6.375000000E-03     7.100000000E-02
     2770    -8.125000000E-04    -6.375000000E-03     7.100000000E-02
     2771    -3.937500000E-03    -6.375000000E-03     7.100000000E-02
     2772    -3.995049024E-03    -9.375000000E-03     7.100000000E-02
     2773    -2.490098049E-03    -8.250000000E-03     7.100000000E-02
     2774    -1.245049024E-03    -7.125000000E-03     7.100000000E-02
     2775     1.245049024E-03    -7.125000000E-03     7.100000000E-02
     2776     2.490098049E-03    -8.250000000E-03     7.100000000E-02
     2777     3.995049024E-03    -9.375000000E-03     7.100000000E-02
     2778     5.500000000E-03    -8.199489743E-03     7.800000000E-02
     2779     5.500000000E-03    -9.375000000E-03     7.677500000E-02
     2780     5.500000000E-03    -9.375000000E-03     7.738750000E-02
     2781    -7.086604914E-03    -8.653957235E-03     7.800000000E-02
     2782    -6.319901261E-03    -9.032033326E-03     7.800000000E-02
     2783    -4.500000000E-03    -9.375000000E-03     7.983333333E-02
     2784     7.086604914E-03    -8.653957235E-03     7.800000000E-02
     2785     6.319901261E-03    -9.032033326E-03     7.800000000E-02
     2786     4.500000000E-03    -9.375000000E-03     7.983333333E-02
     2787    -1.796179984E-03     6.486997718E-03     8.136375171E-02
     2788    -1.011094494E-03     6.589562704E-03     8.139179026E-02
     2789    -2.014339995E-03     6.446303108E-03     8.900000000E-02
     2790    -1.111559405E-03     6.580217958E-03     8.900000000E-02
     2791    -2.000000000E-04     6.625000000E-03     8.330085233E-02
     2792    -2.000000000E-04     6.625000000E-03     8.235099439E-02
     2793    -2.000000000E-04     6.625000000E-03     8.710028411E-02
     2794    -2.000000000E-04     6.625000000E-03     8.805014206E-02
     2795    -2.130596721E-03     3.321898823E-03     8.017647872E-02
     2796    -1.189341359E-03     3.546832800E-03     8.028049298E-02
     2797    -2.000000000E-04     3.625000000E-03     8.755252740E-02
     2798    -2.000000000E-04     3.625000000E-03     8.827626370E-02
     2799    -2.000000000E-04     3.625000000E-03     8.465758220E-02
     2800    -2.000000000E-04     3.625000000E-03     8.176263700E-02
     2801    -2.000000000E-04     3.625000000E-03     8.103890070E-02
     2802    -1.830559984E-03     3.410332706E-03     8.900000000E-02
     2803    -1.022315011E-03     3.571102627E-03     8.900000000E-02
     2804     2.000000000E-04     3.625000000E-03     8.755252740E-02
     2805     2.000000000E-04     3.625000000E-03     8.827626370E-02
     2806     2.000000000E-04     3.625000000E-03     8.465758220E-02
     2807     2.000000000E-04     3.625000000E-03     8.176263700E-02
     2808     2.000000000E-04     3.625000000E-03     8.103890070E-02
     2809     4.500000000E-03    -6.375000000E-03     7.983333333E-02
     2810    -3.000000000E-03    -6.375000000E-03     7.800000000E-02
     2811    -9.974659987E-18    -6.375000000E-03     7.800000000E-02
     2812     3.000000000E-03    -6.375000000E-03     7.800000000E-02
     2813    -4.500000000E-03    -6.375000000E-03     7.983333333E-02
     2814     9.000000000E-03    -4.375000000E-03     6.900000000E-02
     2815     9.000000000E-03    -4.375000000E-03     6.500000000E-02
     2816     9.000000000E-03    -4.375000000E-03     6.100000000E-02
     2817     9.000000000E-03    -4.375000000E-03     5.700000000E-02
     2818     9.000000000E-03    -4.375000000E-03     5.300000000E-02
     2819     9.000000000E-03    -4.375000000E-03     4.900000000E-02
     2820     9.000000000E-03    -4.375000000E-03     4.500000000E-02
     2821     9.000000000E-03    -1.675000000E-03     6.900000000E-02
     2822     9.000000000E-03    -1.675000000E-03     4.500000000E-02
     2823    -5.500000000E-03    -6.375000000E-03     6.900000000E-02
     2824    -5.500000000E-03    -6.375000000E-03     4.500000000E-02
     2825    -3.937500000E-03    -6.375000000E-03     4.300000000E-02
     2826    -8.125000000E-04    -6.375000000E-03     4.300000000E-02
     2827     2.312500000E-03    -6.375000000E-03     4.300000000E-02
     2828     5.437500000E-03    -6.375000000E-03     4.300000000E-02
     2829     2.014339995E-03     6.446303108E-03     8.900000000E-02
     2830     1.111559405E-03     6.580217958E-03     8.900000000E-02
     2831     1.830559984E-03     3.410332706E-03     8.900000000E-02
     2832     1.022315011E-03     3.571102627E-03     8.900000000E-02
     2833    -7.000000000E-03    -4.875000000E-03     4.500000000E-02
     2834    -7.000000000E-03    -4.875000000E-03     6.900000000E-02
     2835     2.490098049E-03    -8.250000000E-03     3.600000000E-02
     2836    -1.245049024E-03    -9.375000000E-03     3.600000000E-02
     2837     1.245049024E-03    -9.375000000E-03     3.600000000E-02
     2838    -2.490098049E-03    -8.250000000E-03     3.600000000E-02
     2839    -4.250000000E-03    -9.375000000E-03     3.665000000E-02
     2840    -3.000000000E-03    -8.250000000E-03     3.665000000E-02
     2841     4.250000000E-03    -9.375000000E-03     3.950000000E-02
     2842     3.000000000E-03    -8.250000000E-03     3.950000000E-02
     2843     4.250000000E-03    -9.375000000E-03     4.055000000E-02
     2844     3.000000000E-03    -8.250000000E-03     4.055000000E-02
     2845    -4.250000000E-03    -9.375000000E-03     4.055000000E-02
     2846    -3.000000000E-03    -8.250000000E-03     4.055000000E-02
     2847    -4.250000000E-03    -9.375000000E-03     3.950000000E-02
     2848    -3.000000000E-03    -8.250000000E-03     3.950000000E-02
     2849     4.250000000E-03    -9.375000000E-03     3.665000000E-02
     2850     3.000000000E-03    -8.250000000E-03     3.665000000E-02
     2851    -4.000000119E-03    -8.250000000E-03     4.145000000E-02
     2852    -4.000000119E-03    -8.250000000E-03     4.250000000E-02
     2853     1.999999970E-03    -9.375000000E-03     4.145000000E-02
     2854     2.999999985E-03    -9.375000000E-03     4.145000000E-02
     2855    -2.000000089E-03    -9.375000000E-03     4.145000000E-02
     2856    -3.000000104E-03    -9.375000000E-03     4.145000000E-02
     2857     4.000000000E-03    -8.250000000E-03     4.145000000E-02
     2858     4.000000000E-03    -8.250000000E-03     4.250000000E-02
     2859    -2.000000089E-03    -9.375000000E-03     4.250000000E-02
     2860    -3.000000104E-03    -9.375000000E-03     4.250000000E-02
     2861     1.999999970E-03    -9.375000000E-03     4.250000000E-02
     2862     2.999999985E-03    -9.375000000E-03     4.250000000E-02
     2863    -4.000000000E-03    -8.250000000E-03     3.755000000E-02
     2864    -4.000000000E-03    -8.250000000E-03     3.860000000E-02
     2865     2.000000000E-03    -9.375000000E-03     3.755000000E-02
     2866     3.000000000E-03    -9.375000000E-03     3.755000000E-02
     2867    -2.000000000E-03    -9.375000000E-03     3.755000000E-02
     2868    -3.000000000E-03    -9.375000000E-03     3.755000000E-02
     2869     4.000000000E-03    -8.250000000E-03     3.755000000E-02
     2870     4.000000000E-03    -8.250000000E-03     3.860000000E-02
     2871    -2.000000000E-03    -9.375000000E-03     3.860000000E-02
     2872    -3.000000000E-03    -9.375000000E-03     3.860000000E-02
     2873     2.000000000E-03    -9.375000000E-03     3.860000000E-02
     2874     3.000000000E-03    -9.375000000E-03     3.860000000E-02
     2875    -2.000000000E-03    -7.125000000E-03     7.255000000E-02
     2876    -3.000000000E-03    -7.125000000E-03     7.255000000E-02
     2877     2.000000000E-03    -7.125000000E-03     7.255000000E-02
     2878     3.000000000E-03    -7.125000000E-03     7.255000000E-02
     2879     2.000000000E-03    -7.125000000E-03     7.360000000E-02
     2880     3.000000000E-03    -7.125000000E-03     7.360000000E-02
     2881    -2.000000000E-03    -7.125000000E-03     7.360000000E-02
     2882    -3.000000000E-03    -7.125000000E-03     7.360000000E-02
     2883     1.999999970E-03    -7.125000000E-03     7.750000000E-02
     2884     2.999999985E-03    -7.125000000E-03     7.750000000E-02
     2885    -2.000000089E-03    -7.125000000E-03     7.750000000E-02
     2886    -3.000000104E-03    -7.125000000E-03     7.750000000E-02
     2887    -2.000000089E-03    -7.125000000E-03     7.645000000E-02
     2888    -3.000000104E-03    -7.125000000E-03     7.645000000E-02
     2889     1.999999970E-03    -7.125000000E-03     7.645000000E-02
     2890     2.999999985E-03    -7.125000000E-03     7.645000000E-02
     2891    -4.250000000E-03    -7.125000000E-03     7.165000000E-02
     2892    -4.250000000E-03    -7.125000000E-03     7.450000000E-02
     2893    -4.250000000E-03    -7.125000000E-03     7.555000000E-02
     2894    -3.666666667E-03    -7.125000000E-03     7.800000000E-02
     2895    -1.084202172E-17    -7.125000000E-03     7.800000000E-02
     2896     3.666666667E-03    -7.125000000E-03     7.800000000E-02
     2897     4.250000000E-03    -7.125000000E-03     7.555000000E-02
     2898     4.250000000E-03    -7.125000000E-03     7.450000000E-02
     2899     4.250000000E-03    -7.125000000E-03     7.165000000E-02
     2900     2.000000000E-03    -9.375000000E-03     7.255000000E-02
     2901     3.000000000E-03    -9.375000000E-03     7.255000000E-02
     2902    -2.000000000E-03    -9.375000000E-03     7.255000000E-02
     2903    -3.000000000E-03    -9.375000000E-03     7.255000000E-02
     2904    -2.000000000E-03    -9.375000000E-03     7.360000000E-02
     2905    -3.000000000E-03    -9.375000000E-03     7.360000000E-02
     2906     2.000000000E-03    -9.375000000E-03     7.360000000E-02
     2907     3.000000000E-03    -9.375000000E-03     7.360000000E-02
     2908    -2.000000089E-03    -9.375000000E-03     7.750000000E-02
     2909    -3.000000104E-03    -9.375000000E-03     7.750000000E-02
     2910     1.999999970E-03    -9.375000000E-03     7.750000000E-02
     2911     2.999999985E-03    -9.375000000E-03     7.750000000E-02
     2912     1.999999970E-03    -9.375000000E-03     7.645000000E-02
     2913     2.999999985E-03    -9.375000000E-03     7.645000000E-02
     2914    -2.000000089E-03    -9.375000000E-03     7.645000000E-02
     2915    -3.000000104E-03    -9.375000000E-03     7.645000000E-02
     2916     4.250000000E-03    -9.375000000E-03     7.165000000E-02
     2917     4.250000000E-03    -9.375000000E-03     7.450000000E-02
     2918     4.250000000E-03    -9.375000000E-03     7.555000000E-02
     2919    -5.500000000E-03    -9.375000000E-03     7.677500000E-02
     2920    -5.500000000E-03    -9.375000000E-03     7.738750000E-02
     2921    -4.250000000E-03    -9.375000000E-03     7.555000000E-02
     2922    -4.250000000E-03    -9.375000000E-03     7.450000000E-02
     2923    -4.250000000E-03    -9.375000000E-03     7.165000000E-02
     2924     5.500000000E-03    -8.250000000E-03     7.165000000E-02
     2925    -5.500000000E-03    -8.250000000E-03     7.165000000E-02
     2926    -5.500000000E-03    -8.199489743E-03     7.800000000E-02
     2927     3.000000000E-03    -8.250000000E-03     7.165000000E-02
     2928    -3.000000000E-03    -8.250000000E-03     7.450000000E-02
     2929    -3.000000000E-03    -8.250000000E-03     7.555000000E-02
     2930     3.000000000E-03    -8.250000000E-03     7.555000000E-02
     2931     3.000000000E-03    -8.250000000E-03     7.450000000E-02
     2932    -3.000000000E-03    -8.250000000E-03     7.165000000E-02
     2933    -4.000000119E-03    -8.250000000E-03     7.645000000E-02
     2934    -4.000000119E-03    -8.250000000E-03     7.750000000E-02
     2935     4.000000000E-03    -8.250000000E-03     7.645000000E-02
     2936     4.000000000E-03    -8.250000000E-03     7.750000000E-02
     2937     4.000000000E-03    -8.250000000E-03     7.360000000E-02
     2938     4.000000000E-03    -8.250000000E-03     7.255000000E-02
     2939    -4.000000000E-03    -8.250000000E-03     7.360000000E-02
     2940    -4.000000000E-03    -8.250000000E-03     7.255000000E-02
     2941     2.000000000E-04     6.625000000E-03     8.330085233E-02
     2942     2.000000000E-04     6.625000000E-03     8.235099439E-02
     2943     2.000000000E-04     6.625000000E-03     8.710028411E-02
     2944     2.000000000E-04     6.625000000E-03     8.805014206E-02
     2945     1.796179708E-03     6.486997765E-03     8.136375938E-02
     2946     1.011104331E-03     6.589561843E-03     8.139179218E-02
     2947     2.130596721E-03     3.321898823E-03     8.017647872E-02
     2948     1.189341359E-03     3.546832800E-03     8.028049298E-02
     2949    -1.554312234E-17    -9.375000000E-03     8.166666520E-02
     2950    -3.717095321E-06    -9.375000000E-03     6.355800707E-02
     2951    -1.748204505E-03    -9.375000000E-03     6.893877074E-02
     2952     1.705537579E-03    -9.375000000E-03     6.900779630E-02
     2953    -1.554312234E-17    -9.375000000E-03     5.700000007E-02
     2954    -5.708707244E-05    -9.375000000E-03     4.995620838E-02
     2955    -1.000000047E-03    -9.375000000E-03     4.574999998E-02
     2956     1.337849095E-18    -9.375000000E-03     8.797571004E-02
     2957     1.149769086E-03    -9.375000000E-03     3.996772123E-02
     2958    -1.151089084E-03    -9.375000000E-03     4.008790631E-02
     2959    -1.149769007E-03    -9.375000000E-03     7.508227817E-02
     2960     1.151089026E-03    -9.375000000E-03     7.496209377E-02
     2961    -1.214306433E-17     4.278283157E-03     8.059860491E-02
     2962    -1.707048336E-04     5.530843971E-03     8.106737850E-02
     2963     1.381089077E-03     4.859035994E-03     8.082783988E-02
     2964    -3.169140487E-03    -8.661666385E-03     9.532418520E-02
     2965     2.230953501E-03    -8.661666387E-03     9.571279497E-02
     2966    -7.260632309E-03    -6.861469500E-03     9.403903594E-02
     2967    -1.570905846E-03    -6.861469488E-03     9.769717880E-02
     2968     5.039036273E-03    -6.861469488E-03     9.626063206E-02
     2969    -4.923415610E-04     6.617696149E-03     8.928425353E-02
     2970    -2.525944973E-05     6.615140172E-03     8.962762309E-02
     2971     6.303809277E-04     6.609476235E-03     8.938205906E-02
     2972    -1.545482328E-03     6.401044522E-03     9.060572724E-02
     2973     1.924473273E-03     6.266158754E-03     9.097622472E-02
     2974    -7.138045965E-03     2.407863988E-03     9.258580996E-02
     2975     7.816520819E-03     1.960795986E-03     9.167699194E-02
     2976    -5.606215773E-03     3.671839979E-04     9.602572416E-02
     2977     1.795663054E-03    -3.483701558E-04     9.802740778E-02
     2978     7.209209519E-03     1.327459845E-04     9.449729687E-02
     2979     6.081384262E-03     3.458806525E-03     9.283658230E-02
     2980    -2.560460886E-03     8.667167229E-04     9.741842984E-02
     2981     4.814782264E-03     6.675559001E-04     9.645966569E-02
     2982    -3.435566601E-03     3.995342444E-03     9.472936324E-02
     2983     3.283909364E-03     4.719476893E-03     9.382946436E-02
     2984     2.293927087E-03     2.888317073E-03     9.630057493E-02
     2985    -5.290951239E-04     2.795139916E-03     9.670299186E-02
     2986     7.171937665E-05     5.331763321E-03     9.393041296E-02
     2987     7.543596912E-03     2.353593917E-03     6.506126103E-02
     2988     7.127329365E-03     2.807048047E-03     4.885523543E-02
     2989     5.362306697E-03     4.034826885E-03     6.279012231E-02
     2990     4.964888837E-03     4.203799074E-03     5.883078315E-02
     2991     5.677549405E-03     3.876954569E-03     5.189679938E-02
     2992     8.628769409E-03     4.556556022E-04     6.068032836E-02
     2993     8.379805730E-03     1.050767208E-03     5.701178054E-02
     2994     8.299393663E-03     1.212350102E-03     5.247035467E-02
     2995     8.529737233E-03     7.133391285E-04     4.893327392E-02
     2996     5.491085859E-03     3.972994310E-03     5.575965245E-02
     2997     7.178569728E-03     2.755847908E-03     6.017511920E-02
     2998     7.537324688E-03     2.361123123E-03     5.472106656E-02
     2999     6.699064144E-03     6.099472656E-03     6.420861478E-02
     3000     7.583696496E-03     5.354077888E-03     5.002462292E-02
     3001     9.249052040E-03     3.008968754E-03     6.430392635E-02
     3002     9.525977825E-03     2.337868919E-03     6.081437448E-02
     3003     9.606283569E-03     2.103800167E-03     5.735311298E-02
     3004     9.409047024E-03     2.642618631E-03     5.325822296E-02
     3005     9.423565107E-03     2.606724518E-03     4.949362318E-02
     3006     5.267475279E-03     6.927301370E-03     5.298633613E-02
     3007     4.537901814E-03     7.211768375E-03     5.669272406E-02
     3008     5.606878240E-03     6.765758318E-03     6.038607789E-02
     3009     8.146871312E-03     4.745153618E-03     6.178480471E-02
     3010     8.379323251E-03     4.452445998E-03     5.921103003E-02
     3011     8.374579402E-03     4.458708457E-03     5.595656552E-02
     3012     6.694151366E-03     6.103035424E-03     5.526264539E-02
     3013     6.823867022E-03     6.007030002E-03     5.773136681E-02
     3014    -4.579061155E-03     3.908508323E-03     6.258625188E-02
     3015    -4.535761226E-03     3.934282423E-03     5.892438004E-02
     3016    -4.526851730E-03     3.939512758E-03     5.522237041E-02
     3017    -4.205222045E-03     4.112426404E-03     5.200249013E-02
     3018    -6.390812000E-03     2.016813116E-03     4.892017500E-02
     3019    -6.190086189E-03     2.353218782E-03     5.256484051E-02
     3020    -6.384143638E-03     2.029014259E-03     5.653759018E-02
     3021    -6.384143638E-03     2.029014259E-03     6.053759018E-02
     3022    -6.352872645E-03     2.085182867E-03     6.420201400E-02
     3023    -4.879179859E-03     3.712826236E-03     4.966285865E-02
     3024    -4.974650467E-03     3.643887234E-03     6.510557506E-02
     3025    -5.991231375E-03     2.636656041E-03     6.610249109E-02
     3026    -6.699064146E-03     6.099472654E-03     4.979138522E-02
     3027    -7.583696497E-03     5.354077887E-03     6.397537708E-02
     3028    -9.249052040E-03     3.008968753E-03     4.969607365E-02
     3029    -9.525977825E-03     2.337868919E-03     5.318562552E-02
     3030    -9.606283569E-03     2.103800167E-03     5.664688702E-02
     3031    -9.409047024E-03     2.642618631E-03     6.074177704E-02
     3032    -9.423565107E-03     2.606724518E-03     6.450637682E-02
     3033    -5.267475280E-03     6.927301370E-03     6.101366387E-02
     3034    -4.537901814E-03     7.211768375E-03     5.730727594E-02
     3035    -5.606878240E-03     6.765758318E-03     5.361392211E-02
     3036    -8.146871313E-03     4.745153617E-03     5.221519529E-02
     3037    -8.379323251E-03     4.452445998E-03     5.478896997E-02
     3038    -8.374579402E-03     4.458708457E-03     5.804343448E-02
     3039    -6.694151366E-03     6.103035424E-03     5.873735461E-02
     3040    -6.823867022E-03     6.007030002E-03     5.626863319E-02
     3041     2.988332484E-03     2.974354119E-03     8.477336390E-02
     3042     3.956250737E-03     2.382724825E-03     8.239651949E-02
     3043     5.910591342E-03    -1.433344251E-05     8.320244024E-02
     3044     5.400794822E-03     8.805215111E-04     8.559134291E-02
     3045     6.100135291E-03     4.513769265E-03     8.323579320E-02
     3046     7.069343965E-03     3.594139773E-03     8.640647490E-02
     3047     9.199022040E-03    -3.281718605E-04     8.359178126E-02
     3048     3.468096588E-03     6.031867674E-03     8.525023544E-02
     3049     8.208374661E-03     2.053206351E-03     8.333358948E-02
     3050     8.821056373E-03     8.131781802E-04     8.561553520E-02
     3051    -2.988332484E-03     2.974354119E-03     8.506698814E-02
     3052    -5.704683917E-03     3.890585790E-04     8.229059891E-02
     3053    -4.894451215E-03     5.353208255E-03     8.395745429E-02
     3054    -7.482457215E-03     3.109100354E-03     8.350012877E-02
     3055    -6.477529323E-03     4.186678045E-03     8.664546840E-02
     3056    -8.989696301E-03     3.632953992E-04     8.335143892E-02
     3057    -3.557298066E-03     5.997862832E-03     8.606282711E-02
     3058    -8.231615873E-03     2.013618823E-03     8.600360465E-02
     3059    -1.149769120E-03    -7.125000000E-03     7.508227875E-02
     3060     1.151089050E-03    -7.125000000E-03     7.496209367E-02
     3061    -1.149769120E-03    -7.125000000E-03     4.008227875E-02
     3062     1.151089050E-03    -7.125000000E-03     3.996209367E-02
     3063     6.552979179E-03    -8.934087243E-03     8.036199375E-02
     3064     8.687081605E-03    -7.107827772E-03     8.253229253E-02
     3065     8.486811852E-03    -7.392504144E-03     8.540358528E-02
     3066    -7.044445866E-03    -8.679160224E-03     7.990328127E-02
     3067    -8.631617291E-03    -7.190979147E-03     8.379460093E-02
     3068    -4.520889258E-03    -8.079867396E-03     7.314056966E-02
     3069     4.520889258E-03    -8.079867396E-03     7.300943034E-02
     3070     4.520889258E-03    -8.079867396E-03     7.690943034E-02
     3071    -4.520889377E-03    -8.079867396E-03     7.704056966E-02
     3072     2.479110742E-03    -8.079867396E-03     7.509056966E-02
     3073    -2.479110742E-03    -8.079867396E-03     7.495943034E-02
     3074     4.520889258E-03    -8.079867396E-03     3.800943034E-02
     3075    -4.520889258E-03    -8.079867396E-03     3.814056966E-02
     3076     4.520889258E-03    -8.079867396E-03     4.190943034E-02
     3077    -4.520889377E-03    -8.079867396E-03     4.204056966E-02
     3078    -2.479110742E-03    -8.079867396E-03     3.995943034E-02
     3079     2.479110742E-03    -8.079867396E-03     4.009056966E-02
     3080    -6.565573411E-03    -5.930724067E-03     6.814366593E-02
     3081    -6.561844437E-03    -5.934474582E-03     4.678679682E-02
     3082    -6.600992808E-03    -5.893731975E-03     6.500000000E-02
     3083    -6.600992808E-03    -5.893731975E-03     6.100000000E-02
     3084    -6.600992808E-03    -5.893731975E-03     5.700000000E-02
     3085    -6.600992808E-03    -5.893731975E-03     5.300000000E-02
     3086     8.383306085E-03    -5.819459856E-03     6.600000000E-02
     3087     8.472222676E-03    -5.728720944E-03     6.163753853E-02
     3088     8.471971103E-03    -5.728994487E-03     5.763849527E-02
     3089     8.471970483E-03    -5.728995162E-03     5.363849059E-02
     3090     8.455774385E-03    -5.746393794E-03     4.954411542E-02
     3091    -5.872154601E-03    -5.830057302E-03     8.350000000E-02
     3092     5.955057302E-03    -5.747154601E-03     8.350000000E-02
     3093    -9.409553190E-03    -7.103316371E-03     6.484431237E-02
     3094    -9.379545513E-03    -7.155159339E-03     6.154911993E-02
     3095    -9.372283417E-03    -7.167470531E-03     5.760292761E-02
     3096    -9.370668020E-03    -7.170196958E-03     5.386962464E-02
     3097    -9.311080481E-03    -7.267836301E-03     4.997406556E-02
     3098    -7.714958463E-03    -8.792136583E-03     5.282037733E-02
     3099    -7.725875310E-03    -8.785943506E-03     5.648186202E-02
     3100    -7.734183047E-03    -8.781203542E-03     6.045227902E-02
     3101    -7.856504978E-03    -8.708651560E-03     6.407949797E-02
     3102    -8.592833377E-03    -8.143697248E-03     6.694342638E-02
     3103    -8.758286349E-03    -7.978799296E-03     4.706323091E-02
     3104     9.626619075E-03    -6.669718644E-03     4.908251259E-02
     3105     9.600279905E-03    -6.729104825E-03     5.243429957E-02
     3106     9.613957934E-03    -6.698554254E-03     5.638962460E-02
     3107     9.608005359E-03    -6.711924596E-03     6.036884518E-02
     3108     9.443986635E-03    -7.041787811E-03     6.414299605E-02
     3109     7.560608951E-03    -8.875486314E-03     6.478689994E-02
     3110     7.814008883E-03    -8.734451112E-03     6.152464781E-02
     3111     7.814008883E-03    -8.734451112E-03     5.752464781E-02
     3112     7.814008883E-03    -8.734451112E-03     5.352464781E-02
     3113     7.988645944E-03    -8.624218768E-03     4.981179908E-02
     3114     8.560485340E-03    -8.174004317E-03     6.693681861E-02
     3115     8.761458715E-03    -7.975465618E-03     4.700517825E-02
     3116     3.666668224E-04     2.916666294E-04     8.900000000E-02
     3117     6.950881293E-05     2.298832672E-03     8.900000000E-02
     3118    -1.260113306E-03    -3.114475247E-03     8.900000000E-02
     3119     3.410469108E-03    -1.826525272E-03     8.900000000E-02
     3120     6.848957965E-04    -6.375000000E-03     6.033333328E-02
     3121     9.597800710E-04    -6.375000000E-03     5.392592589E-02
     3122    -1.555817295E-03    -6.375000000E-03     4.699143797E-02
     3123    -3.125016298E-05    -6.375000000E-03     6.899999991E-02
     3124     3.593748719E-04    -6.375000000E-03     6.499999983E-02
     3125     1.531249919E-03    -6.375000000E-03     4.499999946E-02
     3126     3.773421190E-03    -6.375000000E-03     4.746648662E-02
     3127     1.937150960E-10    -6.375000000E-03     8.166666686E-02
     3128    -7.499999292E-04    -6.375000000E-03     8.533333343E-02
     3129     6.218750000E-03    -7.860163034E-03     4.448516303E-02
     3130     3.070959845E-03    -7.578486885E-03     4.400744382E-02
     3131     1.653809851E-04    -7.525825019E-03     4.400994493E-02
     3132     1.420576292E-04    -7.472666305E-03     7.025953575E-02
     3133    -1.527384524E-03    -7.720580669E-03     4.411625558E-02
     3134    -3.517270478E-03    -7.625690349E-03     6.958860198E-02
     3135     1.723923372E-03    -8.112889718E-03     7.153495855E-02
     3136    -6.106886761E-04    -8.321863874E-03     7.096324469E-02
     3137     1.674525019E-03    -8.287298512E-03     4.052462195E-02
     3138    -1.741548001E-03    -8.106752252E-03     4.060494745E-02
     3139     1.779310291E-03    -8.080629550E-03     7.436021972E-02
     3140    -1.611058952E-03    -8.272983474E-03     7.452085421E-02
     3141     4.762246803E-03    -8.269633225E-03     7.614840783E-02
     3142    -5.142249839E-03    -8.327083180E-03     7.624893836E-02
     3143     3.333319161E-03    -8.263221461E-03     7.813859162E-02
     3144     6.676798507E-03    -6.514887909E-03     7.968756766E-02
     3145    -3.517812798E-03    -8.393920809E-03     7.812393468E-02
     3146     2.250000000E-03    -7.703023461E-03     7.932802346E-02
     3147     1.088085302E-03    -8.086242443E-03     7.815727094E-02
     3148    -2.424233187E-03    -7.938511470E-03     7.888158127E-02
     3149     3.675130541E-03    -4.577505738E-03     9.225324787E-02
     3150    -1.805382356E-03    -5.433806774E-03     9.329180008E-02
     3151     4.204811581E-03    -7.974306284E-06     9.179500182E-02
     3152    -1.041253817E-03    -9.505946056E-06     9.271845294E-02
     3153    -8.829689505E-04     2.523337835E-03     9.184739118E-02
     3154    -1.084239881E-03     4.601784914E-03     8.488535310E-02
     3155    -1.637821099E-03     4.699596090E-03     8.737699418E-02
     3156    -7.084967012E-04     4.989876839E-03     8.237839871E-02
     3157     1.257520479E-03     5.167402115E-03     8.230120763E-02
     3158    -1.399271755E-04     5.082901689E-03     8.679313074E-02
     3159     6.178849637E-04     4.321972730E-03     8.116235166E-02
     3160     1.028344595E-03     5.110391577E-03     8.964731459E-02
     3161    -9.258094195E-04     5.285844163E-03     8.952433755E-02
     3162    -8.444582582E-04     4.084326352E-03     8.114335287E-02
     3163    -2.126292638E-04     5.674328543E-03     8.869848885E-02
     3164    -3.150829955E-04     4.527376127E-03     8.861736560E-02
     3165     5.392022379E-04     4.600226077E-03     8.827626370E-02
     3166     2.041055662E-04     4.036425968E-03     9.009625770E-02
     3167    -6.473394988E-04    -7.811065986E-03     7.864442957E-02
     3168    -3.535613497E-03    -7.519399058E-03     4.472211393E-02
     3169    -3.172700521E-03    -8.141260759E-03     4.344813144E-02
     3170     1.595627189E-04    -8.331847242E-03     3.989754460E-02
     3171     3.269321015E-04    -8.233682379E-03     7.519121840E-02
     3172     4.516335321E-03    -7.798660328E-03     7.816881040E-02
     3173    -4.485957049E-03    -7.832897292E-03     7.831089992E-02
     3174     1.772663707E-03     2.695014238E-03     9.255515794E-02
     3175    -5.235738015E-03    -2.799637944E-03     9.263540855E-02
     3176     4.728916940E-04     5.005454790E-03     8.466064203E-02
     3177    -7.512783743E-04     5.616346095E-03     8.838188870E-02
     3178     2.403031209E-03     4.899226312E-03     8.706928406E-02
     3179     2.407224291E-03    -7.975616689E-03     6.985702250E-02
     3180     1.622524512E-03    -8.250000000E-03     3.677500000E-02
     3181    -1.622524512E-03    -8.250000000E-03     3.677500000E-02
     3182     1.895888854E-03    -3.293313740E-03     9.585367817E-02
     3183    -8.000000000E-03    -4.375000000E-03     7.983333333E-02
     3184     8.000000000E-03    -3.525000000E-03     7.983333333E-02
     3185    -1.399734628E-04     6.212816033E-03     8.895430720E-02
     3186     9.210862601E-04     2.496923455E-03     9.077757897E-02
     3187     3.597074878E-04     5.616218544E-03     8.921561248E-02
     3188    -4.945076629E-03    -8.887445281E-03     7.752425677E-02
     3189     6.024101832E-03     2.260175158E-03     8.153848597E-02
     3190     3.696011190E-04     5.612613039E-03     8.816320288E-02
     3191     3.103232102E-04     6.225367188E-03     8.915659907E-02
     3192    -4.456105051E-03     5.451463185E-03     6.526029398E-02
     3193     6.243348829E-03    -7.847866242E-03     6.932511281E-02
     3194    -4.240874537E-03    -8.356375594E-03     6.518612724E-02
     3195    -8.014546551E-03     1.780209421E-03     6.752172841E-02
     3196    -8.996140589E-03    -3.741325899E-03     5.300000000E-02
     3197    -8.500000000E-03    -2.625000000E-03     5.700000000E-02
     3198    -8.500000000E-03    -2.625000000E-03     4.900000000E-02
     3199    -8.954657196E-03    -3.816529357E-03     6.100000000E-02
     3200    -6.030922219E-03    -7.654737291E-03     4.889339841E-02
     3201    -7.674925239E-03    -6.803794133E-03     6.289657102E-02
     3202     2.252044960E-03    -8.250000000E-03     7.197878198E-02
     3203    -8.500000000E-03    -1.500000000E-03     6.900000000E-02
     3204    -7.456603440E-03    -6.812713616E-03     4.484058860E-02
     3205     2.097291926E-03    -8.631968152E-03     3.940000342E-02
     3206    -7.623776963E-03    -6.993852291E-03     6.957183296E-02
     3207     3.559027777E-03    -8.718750000E-03     4.097500000E-02
     3208     3.500000000E-03    -7.687500000E-03     4.100000000E-02
     3209    -2.141095905E-03    -8.361589160E-03     7.191327775E-02
     3210     3.482264581E-03    -7.808035714E-03     7.206599893E-02
     3211     3.500000000E-03    -8.812500000E-03     7.210000000E-02
     3212    -3.463490706E-03    -7.878266889E-03     7.204314980E-02
     3213    -3.500000000E-03    -8.812500000E-03     7.210000000E-02
     3214    -1.441248382E-03    -8.395260198E-03     7.556579335E-02
     3215    -1.611804949E-03    -8.306393060E-03     3.954335184E-02
     3216    -3.527777778E-03    -7.862500000E-03     7.405000000E-02
     3217    -3.539236111E-03    -8.862812500E-03     7.405000000E-02
     3218    -3.539236111E-03    -8.862812500E-03     3.905000000E-02
     3219    -3.527777778E-03    -7.862500000E-03     3.905000000E-02
     3220     3.539236111E-03    -8.862812500E-03     3.710000000E-02
     3221     3.527777778E-03    -7.862500000E-03     3.710000000E-02
     3222     3.559027777E-03    -8.718750000E-03     7.597500000E-02
     3223    -3.539236111E-03    -8.862812500E-03     3.710000000E-02
     3224    -3.527777778E-03    -7.862500000E-03     3.710000000E-02
     3225     3.500000000E-03    -7.687500000E-03     7.600000000E-02
     3226     1.784163381E-03     1.173322041E-03     9.529128286E-02
     3227     5.492807992E-05     4.535003875E-03     9.148510424E-02
     3228     7.443266420E-03    -6.093578737E-03     8.711630761E-02
     3229     7.660528186E-03    -9.309109099E-04     8.730776760E-02
     3230     6.141722977E-04     4.367695789E-03     8.932365729E-02
     3231    -7.072410807E-04    -1.344474762E-03     9.571140364E-02
     3232     1.449524587E-04     2.779215918E-03     8.980301112E-02
     3233     3.247248999E-04     5.217635271E-03     9.038425190E-02
     3234     8.439799714E-03    -5.763155893E-03     4.700480021E-02
     3235     4.262500000E-03    -7.125000000E-03     4.242966334E-02
     3236     4.750000000E-03    -7.125000000E-03     4.275000000E-02
     3237     3.499999993E-03    -7.125000000E-03     4.250000000E-02
     3238     3.833333333E-03    -7.125000000E-03     4.275000000E-02
     3239     4.000000000E-03    -7.687500000E-03     4.250000000E-02
     3240    -4.262500119E-03    -7.125000000E-03     4.242966334E-02
     3241    -4.750000060E-03    -7.125000000E-03     4.275000000E-02
     3242    -3.500000112E-03    -7.125000000E-03     4.250000000E-02
     3243    -3.833333393E-03    -7.125000000E-03     4.275000000E-02
     3244    -4.000000119E-03    -7.687500000E-03     4.250000000E-02
     3245    -9.166666965E-04    -7.125000000E-03     4.275000000E-02
     3246     9.166666369E-04    -7.125000000E-03     4.275000000E-02
     3247    -5.960001026E-11    -8.250000000E-03     4.250000000E-02
     3248     9.999999553E-04    -7.125000000E-03     4.250000000E-02
     3249    -1.000000075E-03    -7.125000000E-03     4.250000000E-02
     3250    -2.980001337E-11    -7.125000000E-03     4.275000000E-02
     3251    -1.000000075E-03    -8.250000000E-03     4.250000000E-02
     3252    -4.262500119E-03    -7.125000000E-03     4.152033666E-02
     3253    -3.500000060E-03    -7.125000000E-03     4.100000000E-02
     3254    -3.500000112E-03    -7.125000000E-03     4.145000000E-02
     3255    -4.125000060E-03    -7.125000000E-03     4.100000000E-02
     3256    -4.000000119E-03    -7.687500000E-03     4.145000000E-02
     3257    -4.525000119E-03    -7.125000000E-03     4.197500000E-02
     3258    -4.977331728E-03    -7.125000000E-03     4.261875000E-02
     3259    -4.262500119E-03    -7.687500000E-03     4.242966334E-02
     3260    -4.497615539E-03    -7.602433698E-03     4.214234364E-02
     3261    -4.977331728E-03    -7.125000000E-03     4.113125000E-02
     3262    -4.977331728E-03    -7.125000000E-03     4.235625000E-02
     3263    -4.977331728E-03    -8.250000000E-03     4.113125000E-02
     3264    -4.454663456E-03    -8.250000000E-03     4.171250000E-02
     3265    -4.352331728E-03    -7.125000000E-03     4.113125000E-02
     3266    -4.262500119E-03    -7.687500000E-03     4.152033666E-02
     3267    -4.514619534E-03    -7.602433698E-03     4.187111613E-02
     3268     4.262500000E-03    -7.125000000E-03     4.152033666E-02
     3269     3.500000000E-03    -7.125000000E-03     4.100000000E-02
     3270     3.499999993E-03    -7.125000000E-03     4.145000000E-02
     3271     4.125000000E-03    -7.125000000E-03     4.100000000E-02
     3272     4.000000000E-03    -7.687500000E-03     4.145000000E-02
     3273     3.750000000E-03    -7.406250000E-03     4.122500000E-02
     3274    -5.960001026E-11    -8.250000000E-03     4.145000000E-02
     3275    -1.000000075E-03    -7.125000000E-03     4.145000000E-02
     3276     9.999999553E-04    -7.125000000E-03     4.145000000E-02
     3277     9.999999553E-04    -8.250000000E-03     4.145000000E-02
     3278    -5.748845897E-04    -7.125000000E-03     4.076613938E-02
     3279     5.755444950E-04    -7.125000000E-03     4.070604683E-02
     3280     8.372624799E-04    -7.706149256E-03     4.098731098E-02
     3281    -8.707740304E-04    -7.615876126E-03     4.102747372E-02
     3282     7.978132967E-05    -7.728423621E-03     4.067377230E-02
     3283     4.525000000E-03    -7.125000000E-03     4.197500000E-02
     3284     4.977331668E-03    -7.125000000E-03     4.235625000E-02
     3285     4.977331668E-03    -7.125000000E-03     4.113125000E-02
     3286     4.352331668E-03    -7.125000000E-03     4.113125000E-02
     3287     4.262500000E-03    -7.687500000E-03     4.152033666E-02
     3288     4.497615420E-03    -7.602433698E-03     4.180765636E-02
     3289     4.977331668E-03    -7.125000000E-03     4.261875000E-02
     3290     4.977331668E-03    -8.250000000E-03     4.261875000E-02
     3291     4.454663337E-03    -8.250000000E-03     4.223750000E-02
     3292     4.262500000E-03    -7.687500000E-03     4.242966334E-02
     3293     4.514619415E-03    -7.602433698E-03     4.207888387E-02
     3294     4.262500000E-03    -7.125000000E-03     3.852966334E-02
     3295     3.500000000E-03    -7.125000000E-03     3.905000000E-02
     3296     3.500000000E-03    -7.125000000E-03     3.860000000E-02
     3297     4.125000000E-03    -7.125000000E-03     3.905000000E-02
     3298     4.000000000E-03    -7.687500000E-03     3.860000000E-02
     3299    -4.262500000E-03    -7.125000000E-03     3.852966334E-02
     3300    -3.500000000E-03    -7.125000000E-03     3.905000000E-02
     3301    -3.500000000E-03    -7.125000000E-03     3.860000000E-02
     3302    -4.125000000E-03    -7.125000000E-03     3.905000000E-02
     3303    -4.000000000E-03    -7.687500000E-03     3.860000000E-02
     3304    -3.763888889E-03    -7.493750000E-03     3.882500000E-02
     3305    -1.561251128E-17    -8.250000000E-03     3.860000000E-02
     3306     1.000000000E-03    -7.125000000E-03     3.860000000E-02
     3307    -1.000000000E-03    -7.125000000E-03     3.860000000E-02
     3308     1.000000000E-03    -8.250000000E-03     3.860000000E-02
     3309    -5.748845599E-04    -7.125000000E-03     3.934113938E-02
     3310     5.755445248E-04    -7.125000000E-03     3.928104683E-02
     3311     7.978135947E-05    -7.728423621E-03     3.924877230E-02
     3312     1.048645963E-03    -7.878484076E-03     3.900000171E-02
     3313    -8.059024744E-04    -7.715696530E-03     3.907167592E-02
     3314    -4.262500000E-03    -7.125000000E-03     3.762033666E-02
     3315    -3.500000000E-03    -7.125000000E-03     3.710000000E-02
     3316    -3.500000000E-03    -7.125000000E-03     3.755000000E-02
     3317    -4.125000000E-03    -7.125000000E-03     3.710000000E-02
     3318    -4.000000000E-03    -7.687500000E-03     3.755000000E-02
     3319    -3.763888889E-03    -7.493750000E-03     3.732500000E-02
     3320    -4.525000000E-03    -7.125000000E-03     3.807500000E-02
     3321    -4.977331668E-03    -7.125000000E-03     3.891875000E-02
     3322    -4.352331668E-03    -7.125000000E-03     3.891875000E-02
     3323    -4.262500000E-03    -7.687500000E-03     3.852966334E-02
     3324    -4.497615420E-03    -7.602433698E-03     3.824234364E-02
     3325    -4.977331668E-03    -7.125000000E-03     3.723125000E-02
     3326    -4.977331668E-03    -7.125000000E-03     3.865625000E-02
     3327    -4.977331668E-03    -8.250000000E-03     3.723125000E-02
     3328    -4.454663337E-03    -8.250000000E-03     3.781250000E-02
     3329    -4.352331668E-03    -7.125000000E-03     3.723125000E-02
     3330    -4.262500000E-03    -7.687500000E-03     3.762033666E-02
     3331    -4.514619415E-03    -7.602433698E-03     3.797111613E-02
     3332     4.262500000E-03    -7.125000000E-03     3.762033666E-02
     3333     3.500000000E-03    -7.125000000E-03     3.710000000E-02
     3334     3.500000000E-03    -7.125000000E-03     3.755000000E-02
     3335     4.125000000E-03    -7.125000000E-03     3.710000000E-02
     3336     4.000000000E-03    -7.687500000E-03     3.755000000E-02
     3337     3.763888889E-03    -7.493750000E-03     3.732500000E-02
     3338    -1.539567085E-17    -7.125000000E-03     3.677500000E-02
     3339    -1.517883041E-17    -8.250000000E-03     3.677500000E-02
     3340    -1.561251128E-17    -8.250000000E-03     3.755000000E-02
     3341    -1.000000000E-03    -7.125000000E-03     3.755000000E-02
     3342     1.000000000E-03    -7.125000000E-03     3.755000000E-02
     3343     6.225245122E-04    -7.125000000E-03     3.677500000E-02
     3344    -6.225245122E-04    -7.125000000E-03     3.677500000E-02
     3345    -1.000000000E-03    -8.250000000E-03     3.755000000E-02
     3346     8.112622561E-04    -7.687500000E-03     3.716250000E-02
     3347    -8.112622561E-04    -7.687500000E-03     3.716250000E-02
     3348     4.525000000E-03    -7.125000000E-03     3.807500000E-02
     3349     4.977331668E-03    -7.125000000E-03     3.865625000E-02
     3350     4.977331668E-03    -7.125000000E-03     3.723125000E-02
     3351     4.352331668E-03    -7.125000000E-03     3.723125000E-02
     3352     4.262500000E-03    -7.687500000E-03     3.762033666E-02
     3353     4.497615420E-03    -7.602433698E-03     3.790765636E-02
     3354     4.977331668E-03    -7.125000000E-03     3.891875000E-02
     3355     4.977331668E-03    -8.250000000E-03     3.891875000E-02
     3356     4.454663337E-03    -8.250000000E-03     3.833750000E-02
     3357     4.352331668E-03    -7.125000000E-03     3.891875000E-02
     3358     4.262500000E-03    -7.687500000E-03     3.852966334E-02
     3359     4.514619415E-03    -7.602433698E-03     3.817888387E-02
     3360     2.770320270E-03    -7.125000000E-03     3.659709345E-02
     3361     2.500000000E-03    -7.125000000E-03     3.710000000E-02
     3362     3.000000000E-03    -7.125000000E-03     3.710000000E-02
     3363     3.625000000E-03    -7.125000000E-03     3.665000000E-02
     3364     3.000000000E-03    -7.687500000E-03     3.665000000E-02
     3365     3.263888889E-03    -7.493750000E-03     3.687500000E-02
     3366     2.486797456E-03    -7.125000000E-03     3.623567136E-02
     3367     1.867573536E-03    -7.125000000E-03     3.600000000E-02
     3368     2.490098049E-03    -7.687500000E-03     3.600000000E-02
     3369     2.586932209E-03    -8.250000000E-03     3.644903703E-02
     3370     2.293466104E-03    -7.125000000E-03     3.699951852E-02
     3371     1.915990617E-03    -7.125000000E-03     3.622451852E-02
     3372     2.486797456E-03    -7.687500000E-03     3.623567136E-02
     3373     2.770320270E-03    -7.687500000E-03     3.659709345E-02
     3374     2.104728361E-03    -7.687500000E-03     3.661201852E-02
     3375    -2.486797456E-03    -7.125000000E-03     3.623567136E-02
     3376    -1.867573536E-03    -7.125000000E-03     3.600000000E-02
     3377    -2.490098049E-03    -7.687500000E-03     3.600000000E-02
     3378    -1.496198998E-17    -8.250000000E-03     3.600000000E-02
     3379     6.225245122E-04    -7.125000000E-03     3.600000000E-02
     3380    -6.225245122E-04    -7.125000000E-03     3.600000000E-02
     3381     6.225245122E-04    -8.250000000E-03     3.600000000E-02
     3382     8.112622561E-04    -7.687500000E-03     3.638750000E-02
     3383    -2.770320270E-03    -7.125000000E-03     3.659709345E-02
     3384    -2.500000000E-03    -7.125000000E-03     3.710000000E-02
     3385    -3.000000000E-03    -7.125000000E-03     3.710000000E-02
     3386    -3.625000000E-03    -7.125000000E-03     3.665000000E-02
     3387    -3.000000000E-03    -7.687500000E-03     3.665000000E-02
     3388    -3.263888889E-03    -7.493750000E-03     3.687500000E-02
     3389    -2.586932209E-03    -8.250000000E-03     3.644903703E-02
     3390    -2.293466104E-03    -7.125000000E-03     3.699951852E-02
     3391    -1.915990617E-03    -7.125000000E-03     3.622451852E-02
     3392    -2.486797456E-03    -7.687500000E-03     3.623567136E-02
     3393    -2.770320270E-03    -7.687500000E-03     3.659709345E-02
     3394    -2.104728361E-03    -7.687500000E-03     3.661201852E-02
     3395    -5.500000000E-03    -7.125000000E-03     3.807500000E-02
     3396    -5.500000000E-03    -8.250000000E-03     3.665000000E-02
     3397    -4.875000000E-03    -7.125000000E-03     3.665000000E-02
     3398    -4.875000000E-03    -8.250000000E-03     3.665000000E-02
     3399    -4.750000000E-03    -7.687500000E-03     3.710000000E-02
     3400    -5.500000000E-03    -8.250000000E-03     3.950000000E-02
     3401    -5.500000000E-03    -8.250000000E-03     3.807500000E-02
     3402    -4.875000000E-03    -7.125000000E-03     3.950000000E-02
     3403    -4.750000000E-03    -7.687500000E-03     3.905000000E-02
     3404    -5.010444629E-03    -7.602433698E-03     3.882028483E-02
     3405    -2.737500000E-03    -7.125000000E-03     3.957033666E-02
     3406    -2.500000000E-03    -7.125000000E-03     3.905000000E-02
     3407    -3.000000000E-03    -7.125000000E-03     3.905000000E-02
     3408    -3.625000000E-03    -7.125000000E-03     3.950000000E-02
     3409    -3.000000000E-03    -7.687500000E-03     3.950000000E-02
     3410    -3.263888889E-03    -7.493750000E-03     3.927500000E-02
     3411    -2.737500000E-03    -7.125000000E-03     4.047966334E-02
     3412    -2.500000045E-03    -7.125000000E-03     4.100000000E-02
     3413    -3.000000052E-03    -7.125000000E-03     4.100000000E-02
     3414    -3.625000000E-03    -7.125000000E-03     4.055000000E-02
     3415    -3.000000000E-03    -7.687500000E-03     4.055000000E-02
     3416    -3.500000060E-03    -7.687500000E-03     4.100000000E-02
     3417    -2.370774001E-03    -7.615876126E-03     4.057747372E-02
     3418    -2.475000000E-03    -7.125000000E-03     4.002500000E-02
     3419    -2.272668332E-03    -7.125000000E-03     3.918125000E-02
     3420    -2.737500000E-03    -7.687500000E-03     3.957033666E-02
     3421    -1.847552891E-03    -7.125000000E-03     3.992238938E-02
     3422    -2.502384580E-03    -7.602433698E-03     3.985765636E-02
     3423    -2.078570806E-03    -7.715696530E-03     3.965292592E-02
     3424    -2.545336663E-03    -8.250000000E-03     4.028750000E-02
     3425    -2.272668376E-03    -7.125000000E-03     4.086875000E-02
     3426    -2.737500000E-03    -7.687500000E-03     4.047966334E-02
     3427    -1.847552891E-03    -7.125000000E-03     4.018488938E-02
     3428    -2.485380585E-03    -7.602433698E-03     4.012888387E-02
     3429    -2.143442332E-03    -7.615876126E-03     4.044622372E-02
     3430    -5.500000000E-03    -7.125000000E-03     4.177500000E-02
     3431    -5.500000000E-03    -8.250000000E-03     4.055000000E-02
     3432    -4.875000000E-03    -7.125000000E-03     4.055000000E-02
     3433    -4.875000000E-03    -8.250000000E-03     4.055000000E-02
     3434    -4.750000060E-03    -7.687500000E-03     4.100000000E-02
     3435    -5.500000000E-03    -8.250000000E-03     4.300000000E-02
     3436    -7.090990258E-03    -7.590990258E-03     4.300000000E-02
     3437    -5.500000000E-03    -6.750000000E-03     4.300000000E-02
     3438    -6.030330086E-03    -6.530330086E-03     4.300000000E-02
     3439    -5.500000000E-03    -8.250000000E-03     4.177500000E-02
     3440    -4.583333333E-03    -7.125000000E-03     4.300000000E-02
     3441    -5.500000000E-03    -6.750000000E-03     4.400000000E-02
     3442    -4.718750000E-03    -6.750000000E-03     4.300000000E-02
     3443    -4.750000060E-03    -7.687500000E-03     4.275000000E-02
     3444    -5.010444689E-03    -7.602433698E-03     4.252028483E-02
     3445    -4.517806749E-03    -7.322199529E-03     4.386105696E-02
     3446    -4.336350260E-03    -7.633130379E-03     4.322406572E-02
     3447    -6.478301720E-03    -6.968856808E-03     4.392029430E-02
     3448     5.500000000E-03    -7.125000000E-03     4.177500000E-02
     3449     5.500000000E-03    -8.250000000E-03     4.300000000E-02
     3450     7.090990258E-03    -7.590990258E-03     4.300000000E-02
     3451     6.250000000E-03    -6.750000000E-03     4.300000000E-02
     3452     4.687500000E-03    -6.750000000E-03     4.300000000E-02
     3453     5.500000000E-03    -8.250000000E-03     4.177500000E-02
     3454     4.583333333E-03    -7.125000000E-03     4.300000000E-02
     3455     5.468750000E-03    -6.750000000E-03     4.300000000E-02
     3456     4.750000000E-03    -7.687500000E-03     4.275000000E-02
     3457     5.010444629E-03    -7.602433698E-03     4.245471517E-02
     3458     5.859375000E-03    -7.492581517E-03     4.374258152E-02
     3459     4.285479922E-03    -7.351743442E-03     4.350372191E-02
     3460    -2.104166667E-03    -6.750000000E-03     4.300000000E-02
     3461    -9.166666965E-04    -8.250000000E-03     4.275000000E-02
     3462    -1.916666711E-03    -7.125000000E-03     4.275000000E-02
     3463    -2.416666719E-03    -7.125000000E-03     4.275000000E-02
     3464    -2.750000000E-03    -7.125000000E-03     4.300000000E-02
     3465    -9.166666667E-04    -7.125000000E-03     4.300000000E-02
     3466    -1.322916667E-03    -6.750000000E-03     4.300000000E-02
     3467    -1.916666711E-03    -8.250000000E-03     4.275000000E-02
     3468    -1.680358929E-03    -7.422790335E-03     4.355812779E-02
     3469    -2.503016927E-03    -7.633130379E-03     4.322406572E-02
     3470     1.291666667E-03    -6.750000000E-03     4.300000000E-02
     3471     9.166666369E-04    -8.250000000E-03     4.275000000E-02
     3472     1.916666652E-03    -7.125000000E-03     4.275000000E-02
     3473     2.416666659E-03    -7.125000000E-03     4.275000000E-02
     3474     9.166666667E-04    -7.125000000E-03     4.300000000E-02
     3475     2.750000000E-03    -7.125000000E-03     4.300000000E-02
     3476     2.072916667E-03    -6.750000000E-03     4.300000000E-02
     3477     1.916666652E-03    -8.250000000E-03     4.275000000E-02
     3478     1.682291626E-03    -6.750000000E-03     4.399999973E-02
     3479     2.452146589E-03    -7.351743442E-03     4.350372191E-02
     3480     9.993571592E-04    -7.325412510E-03     4.350497247E-02
     3481     5.500000000E-03    -8.250000000E-03     4.055000000E-02
     3482     4.875000000E-03    -7.125000000E-03     4.055000000E-02
     3483     4.750000000E-03    -7.687500000E-03     4.100000000E-02
     3484     5.010444629E-03    -7.602433698E-03     4.122971517E-02
     3485     2.737500000E-03    -7.125000000E-03     4.047966334E-02
     3486     2.499999985E-03    -7.125000000E-03     4.100000000E-02
     3487     2.999999993E-03    -7.125000000E-03     4.100000000E-02
     3488     3.625000000E-03    -7.125000000E-03     4.055000000E-02
     3489     3.000000000E-03    -7.687500000E-03     4.055000000E-02
     3490     3.250000000E-03    -7.406250000E-03     4.077500000E-02
     3491     2.737500000E-03    -7.125000000E-03     3.957033666E-02
     3492     2.500000000E-03    -7.125000000E-03     3.905000000E-02
     3493     3.000000000E-03    -7.125000000E-03     3.905000000E-02
     3494     3.625000000E-03    -7.125000000E-03     3.950000000E-02
     3495     3.000000000E-03    -7.687500000E-03     3.950000000E-02
     3496     3.500000000E-03    -7.687500000E-03     3.905000000E-02
     3497     2.475000000E-03    -7.125000000E-03     4.002500000E-02
     3498     2.272668317E-03    -7.125000000E-03     4.086875000E-02
     3499     2.737500000E-03    -7.687500000E-03     4.047966334E-02
     3500     1.848212856E-03    -7.125000000E-03     4.012479683E-02
     3501     2.502384580E-03    -7.602433698E-03     4.019234364E-02
     3502     2.109930841E-03    -7.706149256E-03     4.040606098E-02
     3503     2.545336663E-03    -8.250000000E-03     3.976250000E-02
     3504     2.272668332E-03    -7.125000000E-03     3.918125000E-02
     3505     2.737500000E-03    -7.687500000E-03     3.957033666E-02
     3506     1.848212856E-03    -7.125000000E-03     3.986229683E-02
     3507     2.485380585E-03    -7.602433698E-03     3.992111613E-02
     3508     2.321314295E-03    -7.878484076E-03     3.958125171E-02
     3509     5.500000000E-03    -7.125000000E-03     3.807500000E-02
     3510     5.500000000E-03    -8.250000000E-03     3.807500000E-02
     3511     5.500000000E-03    -8.250000000E-03     3.950000000E-02
     3512     4.875000000E-03    -7.125000000E-03     3.950000000E-02
     3513     5.010444629E-03    -7.602433698E-03     3.875471517E-02
     3514     5.500000000E-03    -8.250000000E-03     3.665000000E-02
     3515     4.875000000E-03    -7.125000000E-03     3.665000000E-02
     3516     4.750000000E-03    -7.687500000E-03     3.710000000E-02
     3517     5.010444629E-03    -7.602433698E-03     3.732971517E-02
     3518    -5.500000000E-03    -9.375000000E-03     3.807500000E-02
     3519    -4.977331668E-03    -9.375000000E-03     3.865625000E-02
     3520    -4.977331668E-03    -9.375000000E-03     3.891875000E-02
     3521    -4.875000000E-03    -8.250000000E-03     3.950000000E-02
     3522    -4.875000000E-03    -9.375000000E-03     3.950000000E-02
     3523    -4.750000000E-03    -8.812500000E-03     3.905000000E-02
     3524    -5.010444629E-03    -8.727433698E-03     3.882028483E-02
     3525    -4.977331668E-03    -9.375000000E-03     3.723125000E-02
     3526    -4.875000000E-03    -9.375000000E-03     3.665000000E-02
     3527    -4.750000000E-03    -8.812500000E-03     3.710000000E-02
     3528    -5.010444629E-03    -8.727433698E-03     3.739528483E-02
     3529     5.500000000E-03    -9.375000000E-03     3.807500000E-02
     3530     4.977331668E-03    -9.375000000E-03     3.723125000E-02
     3531     4.875000000E-03    -8.250000000E-03     3.665000000E-02
     3532     4.875000000E-03    -9.375000000E-03     3.665000000E-02
     3533     4.750000000E-03    -8.812500000E-03     3.710000000E-02
     3534     5.010444629E-03    -8.727433698E-03     3.732971517E-02
     3535     4.977331668E-03    -9.375000000E-03     3.891875000E-02
     3536     4.977331668E-03    -9.375000000E-03     3.865625000E-02
     3537     4.875000000E-03    -8.250000000E-03     3.950000000E-02
     3538     4.875000000E-03    -9.375000000E-03     3.950000000E-02
     3539     4.750000000E-03    -8.812500000E-03     3.905000000E-02
     3540     5.010444629E-03    -8.727433698E-03     3.875471517E-02
     3541     9.657457896E-03    -6.597075446E-03     7.100000000E-02
     3542     1.000000000E-02    -3.750000000E-03     7.100000000E-02
     3543     9.500000000E-03    -4.625000000E-03     7.100000000E-02
     3544     9.207106781E-03    -5.332106781E-03     7.100000000E-02
     3545     1.000000000E-02    -4.875000000E-03     7.000000000E-02
     3546     5.500000000E-03    -9.375000000E-03     6.900000000E-02
     3547     6.250000000E-03    -7.875000000E-03     7.100000000E-02
     3548     4.687500000E-03    -7.875000000E-03     7.100000000E-02
     3549     6.377906449E-03    -9.288533762E-03     7.100000000E-02
     3550     4.747524512E-03    -9.375000000E-03     7.100000000E-02
     3551     5.871674414E-03    -8.611433121E-03     7.016255640E-02
     3552     7.840990258E-03    -7.215990258E-03     7.100000000E-02
     3553     8.548097039E-03    -6.923097039E-03     7.100000000E-02
     3554     8.000066049E-03    -8.616613255E-03     7.100000000E-02
     3555     9.657457896E-03    -6.597075446E-03     7.000000000E-02
     3556     8.621781324E-03    -8.116061765E-03     6.896840931E-02
     3557     7.462664672E-03    -7.952423379E-03     7.016255640E-02
     3558     5.500000000E-03    -9.375000000E-03     4.500000000E-02
     3559     7.222075446E-03    -9.032457896E-03     4.300000000E-02
     3560     5.500000000E-03    -9.375000000E-03     4.177500000E-02
     3561     4.750000000E-03    -9.375000000E-03     4.275000000E-02
     3562     4.977331668E-03    -9.375000000E-03     4.261875000E-02
     3563     4.977331668E-03    -9.375000000E-03     4.235625000E-02
     3564     4.750000000E-03    -8.812500000E-03     4.275000000E-02
     3565     5.010444629E-03    -8.727433698E-03     4.245471517E-02
     3566     5.859375000E-03    -8.617581517E-03     4.374258152E-02
     3567     4.285479922E-03    -8.476743442E-03     4.350372191E-02
     3568     5.500000000E-03    -9.375000000E-03     6.500000000E-02
     3569     6.250000000E-03    -7.875000000E-03     6.700000000E-02
     3570     6.377906449E-03    -9.288533762E-03     6.900000000E-02
     3571     4.747524512E-03    -9.375000000E-03     6.900000000E-02
     3572     2.748141452E-03    -9.375000000E-03     6.527900354E-02
     3573     3.602768789E-03    -9.375000000E-03     6.800389815E-02
     3574     6.560144232E-03    -9.248339023E-03     6.589344997E-02
     3575     7.143849229E-03    -9.064004621E-03     6.696840931E-02
     3576     2.929687436E-03    -7.875000000E-03     6.599999992E-02
     3577     3.953612146E-03    -8.675308345E-03     6.842851125E-02
     3578     5.871674414E-03    -8.611433121E-03     6.816255640E-02
     3579     5.500000000E-03    -9.375000000E-03     6.100000000E-02
     3580     6.250000000E-03    -7.875000000E-03     6.500000000E-02
     3581     6.250000000E-03    -7.875000000E-03     6.300000000E-02
     3582     6.250000000E-03    -7.875000000E-03     6.100000000E-02
     3583     2.748141452E-03    -9.375000000E-03     6.327900354E-02
     3584     6.560144232E-03    -9.248339023E-03     6.389344997E-02
     3585     6.700514472E-03    -9.211907309E-03     6.226232391E-02
     3586     3.092447898E-03    -7.875000000E-03     6.166666664E-02
     3587     2.929687436E-03    -7.875000000E-03     6.399999992E-02
     3588     5.500000000E-03    -9.375000000E-03     5.700000000E-02
     3589     6.250000000E-03    -7.875000000E-03     5.900000000E-02
     3590     2.748141452E-03    -9.375000000E-03     6.127900354E-02
     3591     2.750000000E-03    -9.375000000E-03     5.800000004E-02
     3592     6.700514472E-03    -9.211907309E-03     6.026232391E-02
     3593     6.700514472E-03    -9.211907309E-03     5.826232391E-02
     3594     3.092447898E-03    -7.875000000E-03     5.966666664E-02
     3595     3.229890036E-03    -7.875000000E-03     5.646296295E-02
     3596     5.500000000E-03    -9.375000000E-03     5.300000000E-02
     3597     6.250000000E-03    -7.875000000E-03     5.700000000E-02
     3598     6.250000000E-03    -7.875000000E-03     5.500000000E-02
     3599     6.250000000E-03    -7.875000000E-03     5.300000000E-02
     3600     2.750000000E-03    -9.375000000E-03     5.600000004E-02
     3601     2.721456464E-03    -9.375000000E-03     5.247810419E-02
     3602     6.700514472E-03    -9.211907309E-03     5.626232391E-02
     3603     6.700514472E-03    -9.211907309E-03     5.426232391E-02
     3604     3.229890036E-03    -7.875000000E-03     5.446296295E-02
     3605     5.500000000E-03    -9.375000000E-03     4.900000000E-02
     3606     6.250000000E-03    -7.875000000E-03     5.100000000E-02
     3607     2.721456464E-03    -9.375000000E-03     5.047810419E-02
     3608     6.700514472E-03    -9.211907309E-03     5.226232391E-02
     3609     6.799714497E-03    -9.183217987E-03     5.040589954E-02
     3610     3.229890036E-03    -7.875000000E-03     5.246296295E-02
     3611     4.636710595E-03    -7.875000000E-03     4.923324331E-02
     3612     7.222075446E-03    -9.032457896E-03     4.500000000E-02
     3613     6.250000000E-03    -7.875000000E-03     4.900000000E-02
     3614     6.250000000E-03    -7.875000000E-03     4.700000000E-02
     3615     4.750000000E-03    -9.375000000E-03     4.475000000E-02
     3616     3.749999985E-03    -9.375000000E-03     4.475000000E-02
     3617     4.249999993E-03    -9.375000000E-03     4.475000000E-02
     3618     2.721456464E-03    -9.375000000E-03     4.847810419E-02
     3619     2.249999976E-03    -9.375000000E-03     4.637499999E-02
     3620     6.799714497E-03    -9.183217987E-03     4.840589954E-02
     3621     7.274528771E-03    -9.010341297E-03     4.700258912E-02
     3622     4.636710595E-03    -7.875000000E-03     4.723324331E-02
     3623     5.859375000E-03    -8.617581517E-03     4.574258152E-02
     3624     4.285479922E-03    -8.476743442E-03     4.550372191E-02
     3625     9.657457896E-03    -6.597075446E-03     4.300000000E-02
     3626     1.000000000E-02    -3.750000000E-03     4.300000000E-02
     3627     9.500000000E-03    -4.625000000E-03     4.300000000E-02
     3628     9.207106781E-03    -5.332106781E-03     4.300000000E-02
     3629     1.000000000E-02    -4.875000000E-03     4.400000000E-02
     3630     9.500000000E-03    -4.625000000E-03     4.400000000E-02
     3631     7.840990258E-03    -7.215990258E-03     4.300000000E-02
     3632     8.548097039E-03    -6.923097039E-03     4.300000000E-02
     3633     7.840990258E-03    -7.215990258E-03     4.500000000E-02
     3634     9.657457896E-03    -6.597075446E-03     4.400000000E-02
     3635     8.721977413E-03    -8.016474423E-03     4.500258912E-02
     3636     7.450365258E-03    -7.958571775E-03     4.374258152E-02
     3637     1.000000000E-02    -2.625000000E-03     4.700000000E-02
     3638     9.500000000E-03    -4.625000000E-03     4.700000000E-02
     3639     9.500000000E-03    -3.275000000E-03     4.700000000E-02
     3640     1.000000000E-02    -4.875000000E-03     4.600000000E-02
     3641     1.000000000E-02    -4.875000000E-03     4.800000000E-02
     3642     9.905666002E-03    -5.791573555E-03     4.804125630E-02
     3643     9.678909201E-03    -6.544346546E-03     4.700258912E-02
     3644     9.219899857E-03    -5.319077946E-03     4.700240010E-02
     3645     1.000000000E-02    -2.625000000E-03     5.100000000E-02
     3646     9.500000000E-03    -4.625000000E-03     5.100000000E-02
     3647     9.500000000E-03    -3.275000000E-03     5.100000000E-02
     3648     1.000000000E-02    -4.875000000E-03     5.000000000E-02
     3649     1.000000000E-02    -4.875000000E-03     5.200000000E-02
     3650     9.227887193E-03    -5.310696897E-03     5.027205771E-02
     3651     9.905666002E-03    -5.791573555E-03     5.004125630E-02
     3652     9.898935074E-03    -5.823351314E-03     5.171714979E-02
     3653     1.000000000E-02    -2.625000000E-03     5.500000000E-02
     3654     9.500000000E-03    -4.625000000E-03     5.500000000E-02
     3655     9.500000000E-03    -3.275000000E-03     5.500000000E-02
     3656     1.000000000E-02    -4.875000000E-03     5.400000000E-02
     3657     1.000000000E-02    -4.875000000E-03     5.600000000E-02
     3658     9.235985241E-03    -5.301997581E-03     5.431924530E-02
     3659     9.898935074E-03    -5.823351314E-03     5.371714979E-02
     3660     9.902431754E-03    -5.806984254E-03     5.569481230E-02
     3661     1.000000000E-02    -2.625000000E-03     5.900000000E-02
     3662     9.500000000E-03    -4.625000000E-03     5.900000000E-02
     3663     9.500000000E-03    -3.275000000E-03     5.900000000E-02
     3664     1.000000000E-02    -4.875000000E-03     5.800000000E-02
     3665     1.000000000E-02    -4.875000000E-03     6.000000000E-02
     3666     9.235985552E-03    -5.301997244E-03     5.831924764E-02
     3667     9.902431754E-03    -5.806984254E-03     5.769481230E-02
     3668     9.900910367E-03    -5.814142131E-03     5.968442259E-02
     3669     1.000000000E-02    -2.625000000E-03     6.300000000E-02
     3670     9.500000000E-03    -4.625000000E-03     6.300000000E-02
     3671     9.500000000E-03    -3.275000000E-03     6.300000000E-02
     3672     1.000000000E-02    -4.875000000E-03     6.200000000E-02
     3673     1.000000000E-02    -4.875000000E-03     6.400000000E-02
     3674     9.500000000E-03    -4.625000000E-03     6.400000000E-02
     3675     9.236111338E-03    -5.301860472E-03     6.231876927E-02
     3676     9.900910367E-03    -5.814142131E-03     6.168442259E-02
     3677     9.858780785E-03    -5.993494555E-03     6.357149803E-02
     3678     1.000000000E-02    -2.625000000E-03     6.700000000E-02
     3679     9.207106781E-03    -5.332106781E-03     6.900000000E-02
     3680     9.500000000E-03    -4.625000000E-03     6.700000000E-02
     3681     9.500000000E-03    -3.275000000E-03     6.700000000E-02
     3682     1.000000000E-02    -4.875000000E-03     6.600000000E-02
     3683     1.000000000E-02    -4.875000000E-03     6.800000000E-02
     3684     1.000000000E-02    -2.625000000E-03     6.800000000E-02
     3685     9.500000000E-03    -4.625000000E-03     6.800000000E-02
     3686     9.500000000E-03    -3.275000000E-03     6.800000000E-02
     3687     9.191653042E-03    -5.347229928E-03     6.650000000E-02
     3688     9.624450511E-03    -6.674696637E-03     6.696840931E-02
     3689    -1.000000000E-02    -3.750000000E-04     4.500000000E-02
     3690    -1.000000000E-02    -1.500000000E-03     4.300000000E-02
     3691    -9.886669391E-03     9.668051390E-04     4.401059719E-02
     3692    -8.500000000E-03    -3.750000000E-04     4.300000000E-02
     3693    -8.500000000E-03    -3.750000000E-04     4.500000000E-02
     3694    -1.000000000E-02    -3.750000000E-04     6.900000000E-02
     3695    -1.000000000E-02    -1.500000000E-03     7.100000000E-02
     3696    -8.500000000E-03    -3.750000000E-04     7.100000000E-02
     3697    -9.886681204E-03     9.667372398E-04     6.998928299E-02
     3698    -9.250000000E-03    -9.375000000E-04     7.000000000E-02
     3699    -1.000000000E-02    -3.750000000E-04     4.900000000E-02
     3700    -1.000000000E-02    -1.500000000E-03     4.500000000E-02
     3701    -1.000000000E-02    -2.625000000E-03     4.900000000E-02
     3702    -1.000000000E-02    -2.625000000E-03     4.700000000E-02
     3703    -9.878889100E-03     1.011761174E-03     4.594308341E-02
     3704    -8.500000000E-03    -3.750000000E-04     4.700000000E-02
     3705    -8.500000000E-03    -3.750000000E-04     4.900000000E-02
     3706    -8.195406000E-03     8.209065580E-04     4.796008750E-02
     3707    -9.810006924E-03     1.358145072E-03     4.834803682E-02
     3708    -9.250000000E-03    -1.500000000E-03     4.800000000E-02
     3709    -1.000000000E-02    -3.750000000E-04     5.300000000E-02
     3710    -1.000000000E-02    -2.625000000E-03     5.300000000E-02
     3711    -1.000000000E-02    -2.625000000E-03     5.100000000E-02
     3712    -8.500000000E-03    -3.750000000E-04     5.100000000E-02
     3713    -9.810006924E-03     1.358145072E-03     5.034803682E-02
     3714    -9.880603486E-03     1.001985366E-03     5.209281276E-02
     3715    -9.498070294E-03    -2.058162950E-03     5.200000000E-02
     3716    -9.250000000E-03    -1.500000000E-03     5.000000000E-02
     3717    -1.000000000E-02    -3.750000000E-04     5.700000000E-02
     3718    -1.000000000E-02    -2.625000000E-03     5.700000000E-02
     3719    -1.000000000E-02    -2.625000000E-03     5.500000000E-02
     3720    -8.500000000E-03    -3.750000000E-04     5.300000000E-02
     3721    -8.500000000E-03    -3.750000000E-04     5.500000000E-02
     3722    -9.880603486E-03     1.001985366E-03     5.409281276E-02
     3723    -9.900957807E-03     8.799365420E-04     5.582344351E-02
     3724    -9.498070294E-03    -2.058162950E-03     5.400000000E-02
     3725    -9.250000000E-03    -1.500000000E-03     5.600000000E-02
     3726    -1.000000000E-02    -3.750000000E-04     6.100000000E-02
     3727    -1.000000000E-02    -2.625000000E-03     6.100000000E-02
     3728    -1.000000000E-02    -2.625000000E-03     5.900000000E-02
     3729    -8.500000000E-03    -3.750000000E-04     5.900000000E-02
     3730    -9.900957807E-03     8.799365420E-04     5.782344351E-02
     3731    -9.850871805E-03     1.162469319E-03     5.987088852E-02
     3732    -9.250000000E-03    -1.500000000E-03     5.800000000E-02
     3733    -9.477328598E-03    -2.095764678E-03     6.000000000E-02
     3734    -1.000000000E-02    -3.750000000E-04     6.500000000E-02
     3735    -1.000000000E-02    -2.625000000E-03     6.500000000E-02
     3736    -1.000000000E-02    -2.625000000E-03     6.300000000E-02
     3737    -8.500000000E-03    -3.750000000E-04     6.100000000E-02
     3738    -8.500000000E-03    -3.750000000E-04     6.300000000E-02
     3739    -8.500000000E-03    -3.750000000E-04     6.500000000E-02
     3740    -9.850871805E-03     1.162469319E-03     6.187088852E-02
     3741    -9.854569398E-03     1.143466190E-03     6.375318841E-02
     3742    -9.477328598E-03    -2.095764678E-03     6.200000000E-02
     3743    -1.000000000E-02    -2.625000000E-03     6.700000000E-02
     3744    -1.000000000E-02    -1.500000000E-03     6.900000000E-02
     3745    -9.878905464E-03     1.011668197E-03     6.805674379E-02
     3746    -8.500000000E-03    -3.750000000E-04     6.700000000E-02
     3747    -9.854569398E-03     1.143466190E-03     6.575318841E-02
     3748    -9.007273276E-03     7.026047107E-04     6.726086421E-02
     3749    -9.250000000E-03    -9.375000000E-04     6.800000000E-02
     3750    -1.000000000E-02    -3.750000000E-03     4.300000000E-02
     3751    -1.000000000E-02    -4.875000000E-03     4.500000000E-02
     3752    -9.657457896E-03    -6.597075446E-03     4.300000000E-02
     3753    -8.500000000E-03    -4.875000000E-03     4.300000000E-02
     3754    -8.500000000E-03    -3.750000000E-03     4.300000000E-02
     3755    -8.500000000E-03    -4.875000000E-03     4.400000000E-02
     3756    -8.728301720E-03    -5.843856808E-03     4.392029430E-02
     3757    -1.000000000E-02    -3.750000000E-03     4.500000000E-02
     3758    -8.500000000E-03    -1.500000000E-03     4.300000000E-02
     3759    -8.500000000E-03    -2.625000000E-03     4.300000000E-02
     3760    -8.500000000E-03    -1.500000000E-03     4.500000000E-02
     3761    -8.500000000E-03    -3.750000000E-03     4.400000000E-02
     3762    -1.000000000E-02    -4.875000000E-03     6.900000000E-02
     3763    -1.000000000E-02    -3.750000000E-03     7.100000000E-02
     3764    -9.657457896E-03    -6.597075446E-03     7.100000000E-02
     3765    -8.500000000E-03    -4.875000000E-03     7.100000000E-02
     3766    -8.500000000E-03    -3.750000000E-03     7.100000000E-02
     3767    -8.500000000E-03    -4.875000000E-03     7.000000000E-02
     3768    -9.250000000E-03    -3.187500000E-03     7.000000000E-02
     3769    -8.811888482E-03    -5.934426146E-03     7.028591648E-02
     3770    -1.000000000E-02    -4.875000000E-03     6.500000000E-02
     3771    -1.000000000E-02    -3.750000000E-03     6.900000000E-02
     3772    -9.657457896E-03    -6.597075446E-03     6.900000000E-02
     3773    -8.500000000E-03    -4.875000000E-03     6.500000000E-02
     3774    -8.500000000E-03    -4.875000000E-03     6.700000000E-02
     3775    -8.500000000E-03    -2.625000000E-03     6.500000000E-02
     3776    -8.500000000E-03    -2.625000000E-03     6.700000000E-02
     3777    -8.500000000E-03    -4.875000000E-03     6.800000000E-02
     3778    -8.300496404E-03    -5.384365988E-03     6.600000000E-02
     3779    -9.849884444E-03    -6.027608052E-03     6.592215618E-02
     3780    -9.633264460E-03    -6.654360812E-03     6.697171319E-02
     3781    -9.250000000E-03    -3.187500000E-03     6.800000000E-02
     3782    -8.811888482E-03    -5.934426146E-03     6.828591648E-02
     3783    -1.000000000E-02    -4.875000000E-03     6.100000000E-02
     3784    -8.500000000E-03    -4.875000000E-03     6.300000000E-02
     3785    -8.500000000E-03    -2.625000000E-03     6.300000000E-02
     3786    -8.300496404E-03    -5.384365988E-03     6.200000000E-02
     3787    -9.849884444E-03    -6.027608052E-03     6.392215618E-02
     3788    -9.842116696E-03    -6.056534001E-03     6.227455996E-02
     3789    -9.477328598E-03    -4.345764678E-03     6.200000000E-02
     3790    -8.837462620E-03    -5.839397067E-03     6.294828551E-02
     3791    -1.000000000E-02    -4.875000000E-03     5.700000000E-02
     3792    -8.500000000E-03    -4.875000000E-03     5.900000000E-02
     3793    -9.842116696E-03    -6.056534001E-03     6.027455996E-02
     3794    -9.840234750E-03    -6.063428505E-03     5.830146381E-02
     3795    -9.250000000E-03    -3.750000000E-03     5.800000000E-02
     3796    -9.477328598E-03    -4.345764678E-03     6.000000000E-02
     3797    -1.000000000E-02    -4.875000000E-03     5.300000000E-02
     3798    -8.500000000E-03    -4.875000000E-03     5.500000000E-02
     3799    -8.300496404E-03    -5.384365988E-03     5.400000000E-02
     3800    -9.840234750E-03    -6.063428505E-03     5.630146381E-02
     3801    -9.839816015E-03    -6.064956703E-03     5.443481232E-02
     3802    -9.498070294E-03    -4.308162950E-03     5.400000000E-02
     3803    -9.250000000E-03    -3.750000000E-03     5.600000000E-02
     3804    -1.000000000E-02    -4.875000000E-03     4.900000000E-02
     3805    -8.500000000E-03    -4.875000000E-03     5.100000000E-02
     3806    -8.300496404E-03    -5.384365988E-03     5.200000000E-02
     3807    -9.839816015E-03    -6.064956703E-03     5.243481232E-02
     3808    -9.824341694E-03    -6.120017637E-03     5.048703278E-02
     3809    -9.498070294E-03    -4.308162950E-03     5.200000000E-02
     3810    -9.250000000E-03    -3.750000000E-03     5.000000000E-02
     3811    -9.657457896E-03    -6.597075446E-03     4.500000000E-02
     3812    -8.500000000E-03    -4.875000000E-03     4.700000000E-02
     3813    -8.500000000E-03    -2.625000000E-03     4.700000000E-02
     3814    -8.500000000E-03    -4.875000000E-03     4.600000000E-02
     3815    -8.280922219E-03    -5.404737291E-03     4.689339841E-02
     3816    -9.824341694E-03    -6.120017637E-03     4.848703278E-02
     3817    -9.678055084E-03    -6.546483089E-03     4.703161546E-02
     3818    -9.250000000E-03    -3.750000000E-03     4.800000000E-02
     3819    -8.728301720E-03    -5.843856808E-03     4.592029430E-02
     3820    -8.500000000E-03    -1.500000000E-03     7.100000000E-02
     3821    -8.500000000E-03    -2.625000000E-03     7.100000000E-02
     3822    -9.250000000E-03    -2.062500000E-03     7.000000000E-02
     3823    -5.500000000E-03    -9.375000000E-03     6.900000000E-02
     3824    -5.500000000E-03    -7.875000000E-03     7.100000000E-02
     3825    -6.377906449E-03    -9.288533762E-03     7.100000000E-02
     3826    -4.747524512E-03    -9.375000000E-03     7.100000000E-02
     3827    -5.500000000E-03    -7.875000000E-03     7.000000000E-02
     3828    -4.508635239E-03    -8.500345174E-03     7.029430099E-02
     3829    -6.561888482E-03    -8.184426146E-03     7.028591648E-02
     3830    -7.840990258E-03    -6.465990258E-03     7.100000000E-02
     3831    -7.621320344E-03    -6.996320344E-03     7.100000000E-02
     3832    -8.000066049E-03    -8.616613255E-03     7.100000000E-02
     3833    -8.637706534E-03    -8.100646866E-03     6.897171319E-02
     3834    -8.152878739E-03    -7.525416403E-03     7.028591648E-02
     3835    -7.222075446E-03    -9.032457896E-03     4.300000000E-02
     3836    -5.500000000E-03    -9.375000000E-03     4.500000000E-02
     3837    -5.500000000E-03    -9.375000000E-03     4.177500000E-02
     3838    -4.750000060E-03    -9.375000000E-03     4.275000000E-02
     3839    -4.977331728E-03    -9.375000000E-03     4.235625000E-02
     3840    -4.977331728E-03    -9.375000000E-03     4.261875000E-02
     3841    -5.500000000E-03    -7.875000000E-03     4.400000000E-02
     3842    -4.750000060E-03    -8.812500000E-03     4.275000000E-02
     3843    -5.010444689E-03    -8.727433698E-03     4.252028483E-02
     3844    -4.517806749E-03    -8.447199529E-03     4.386105696E-02
     3845    -4.336350260E-03    -8.758130379E-03     4.322406572E-02
     3846    -6.478301720E-03    -8.093856808E-03     4.392029430E-02
     3847    -7.222075446E-03    -9.032457896E-03     4.500000000E-02
     3848    -7.840990258E-03    -6.465990258E-03     4.300000000E-02
     3849    -7.621320344E-03    -6.996320344E-03     4.300000000E-02
     3850    -8.720370692E-03    -8.018121475E-03     4.503161546E-02
     3851    -8.069291978E-03    -7.434847065E-03     4.392029430E-02
     3852    -5.500000000E-03    -9.375000000E-03     4.900000000E-02
     3853    -5.500000000E-03    -7.875000000E-03     4.700000000E-02
     3854    -4.750000060E-03    -9.375000000E-03     4.475000000E-02
     3855    -5.500000000E-03    -7.875000000E-03     4.600000000E-02
     3856    -2.778543536E-03    -9.375000000E-03     4.847810419E-02
     3857    -3.250000024E-03    -9.375000000E-03     4.637499999E-02
     3858    -6.030922219E-03    -7.654737291E-03     4.689339841E-02
     3859    -7.272414055E-03    -9.011248109E-03     4.703161546E-02
     3860    -3.527908647E-03    -7.875000000E-03     4.699571898E-02
     3861    -4.517806749E-03    -8.447199529E-03     4.586105696E-02
     3862    -4.336350260E-03    -8.758130379E-03     4.522406572E-02
     3863    -5.765461109E-03    -8.514868646E-03     4.794669921E-02
     3864    -6.478301720E-03    -8.093856808E-03     4.592029430E-02
     3865    -5.500000000E-03    -9.375000000E-03     5.300000000E-02
     3866    -5.500000000E-03    -7.875000000E-03     5.300000000E-02
     3867    -5.500000000E-03    -7.875000000E-03     5.100000000E-02
     3868    -2.778543536E-03    -9.375000000E-03     5.047810419E-02
     3869    -6.050496404E-03    -7.634365988E-03     5.200000000E-02
     3870    -7.677410800E-03    -8.813131817E-03     5.048703285E-02
     3871    -6.645182383E-03    -9.226845277E-03     5.191018867E-02
     3872    -7.272414055E-03    -9.011248109E-03     4.903161546E-02
     3873    -5.765461109E-03    -8.514868646E-03     4.994669921E-02
     3874    -5.500000000E-03    -9.375000000E-03     5.700000000E-02
     3875    -5.500000000E-03    -7.875000000E-03     5.500000000E-02
     3876    -2.750000000E-03    -9.375000000E-03     5.600000004E-02
     3877    -2.778543536E-03    -9.375000000E-03     5.247810419E-02
     3878    -6.645182383E-03    -9.226845277E-03     5.391018867E-02
     3879    -6.651250239E-03    -9.225244003E-03     5.574093101E-02
     3880    -5.500000000E-03    -9.375000000E-03     6.100000000E-02
     3881    -5.500000000E-03    -7.875000000E-03     6.100000000E-02
     3882    -5.500000000E-03    -7.875000000E-03     5.900000000E-02
     3883    -5.500000000E-03    -7.875000000E-03     5.700000000E-02
     3884    -2.751858548E-03    -9.375000000E-03     6.127900354E-02
     3885    -2.750000000E-03    -9.375000000E-03     5.800000004E-02
     3886    -6.651250239E-03    -9.225244003E-03     5.774093101E-02
     3887    -6.655872843E-03    -9.224018047E-03     5.972613951E-02
     3888    -5.500000000E-03    -9.375000000E-03     6.500000000E-02
     3889    -5.500000000E-03    -7.875000000E-03     6.300000000E-02
     3890    -2.751858548E-03    -9.375000000E-03     6.327900354E-02
     3891    -6.050496404E-03    -7.634365988E-03     6.400000000E-02
     3892    -6.655872843E-03    -9.224018047E-03     6.172613951E-02
     3893    -6.724452526E-03    -9.205209696E-03     6.353974898E-02
     3894    -4.870437269E-03    -8.865687797E-03     6.409306362E-02
     3895    -6.587462620E-03    -8.089397067E-03     6.294828551E-02
     3896    -5.500000000E-03    -7.875000000E-03     6.700000000E-02
     3897    -5.500000000E-03    -7.875000000E-03     6.500000000E-02
     3898    -6.377906449E-03    -9.288533762E-03     6.900000000E-02
     3899    -4.747524512E-03    -9.375000000E-03     6.900000000E-02
     3900    -5.500000000E-03    -7.875000000E-03     6.800000000E-02
     3901    -2.751858548E-03    -9.375000000E-03     6.527900354E-02
     3902    -3.624102252E-03    -9.375000000E-03     6.796938537E-02
     3903    -6.050496404E-03    -7.634365988E-03     6.600000000E-02
     3904    -6.724452526E-03    -9.205209696E-03     6.553974898E-02
     3905    -7.164461232E-03    -9.055857425E-03     6.697171319E-02
     3906    -4.508635239E-03    -8.500345174E-03     6.829430099E-02
     3907    -4.870437269E-03    -8.865687797E-03     6.609306362E-02
     3908    -6.561888482E-03    -8.184426146E-03     6.828591648E-02
     3909     1.000000000E-02    -1.500000000E-03     7.100000000E-02
     3910     9.432207001E-03    -3.750000000E-04     7.100000000E-02
     3911     9.500000000E-03    -1.025000000E-03     7.100000000E-02
     3912     9.886669391E-03     9.668051390E-04     6.998940281E-02
     3913     1.000000000E-02    -3.750000000E-04     7.000000000E-02
     3914     9.500000000E-03    -1.025000000E-03     7.000000000E-02
     3915     1.000000000E-02    -1.500000000E-03     4.300000000E-02
     3916     9.500000000E-03    -1.025000000E-03     4.300000000E-02
     3917     9.886681204E-03     9.667372398E-04     4.401071701E-02
     3918     9.432207001E-03    -3.750000000E-04     4.300000000E-02
     3919     1.000000000E-02    -3.750000000E-04     4.400000000E-02
     3920     9.500000000E-03    -1.025000000E-03     4.400000000E-02
     3921     1.000000000E-02    -3.750000000E-04     6.500000000E-02
     3922     9.500000000E-03    -1.025000000E-03     6.700000000E-02
     3923     9.500000000E-03    -1.025000000E-03     6.500000000E-02
     3924     9.878889100E-03     1.011761174E-03     6.805691659E-02
     3925     8.913471829E-03     8.056039999E-04     6.816326846E-02
     3926     1.000000000E-02    -2.625000000E-03     6.600000000E-02
     3927     1.000000000E-02    -3.750000000E-04     6.800000000E-02
     3928     8.771798456E-03     9.892969587E-04     6.603063051E-02
     3929     9.810006924E-03     1.358145072E-03     6.565196318E-02
     3930     1.000000000E-02    -3.750000000E-04     6.100000000E-02
     3931     9.500000000E-03    -1.025000000E-03     6.300000000E-02
     3932     1.000000000E-02    -2.625000000E-03     6.200000000E-02
     3933     1.000000000E-02    -2.625000000E-03     6.400000000E-02
     3934     8.771798456E-03     9.892969587E-04     6.403063051E-02
     3935     9.314384704E-03     4.032780110E-05     6.184016418E-02
     3936     9.810006924E-03     1.358145072E-03     6.365196318E-02
     3937     9.880603486E-03     1.001985366E-03     6.190718724E-02
     3938     1.000000000E-02    -3.750000000E-04     5.700000000E-02
     3939     9.500000000E-03    -1.025000000E-03     6.100000000E-02
     3940     9.500000000E-03    -1.025000000E-03     5.900000000E-02
     3941     1.000000000E-02    -2.625000000E-03     5.800000000E-02
     3942     1.000000000E-02    -2.625000000E-03     6.000000000E-02
     3943     9.314384704E-03     4.032780110E-05     5.984016418E-02
     3944     9.189902865E-03     3.378836042E-04     5.800589027E-02
     3945     9.880603486E-03     1.001985366E-03     5.990718724E-02
     3946     9.900957807E-03     8.799365420E-04     5.817655649E-02
     3947     1.000000000E-02    -3.750000000E-04     5.300000000E-02
     3948     9.500000000E-03    -1.025000000E-03     5.700000000E-02
     3949     9.500000000E-03    -1.025000000E-03     5.500000000E-02
     3950     9.500000000E-03    -1.025000000E-03     5.300000000E-02
     3951     1.000000000E-02    -2.625000000E-03     5.400000000E-02
     3952     1.000000000E-02    -2.625000000E-03     5.600000000E-02
     3953     9.189902865E-03     3.378836042E-04     5.600589027E-02
     3954     9.149696831E-03     4.186750509E-04     5.373517734E-02
     3955     8.768662344E-03     9.930615614E-04     5.486053328E-02
     3956     9.900957807E-03     8.799365420E-04     5.617655649E-02
     3957     9.850871805E-03     1.162469318E-03     5.412911148E-02
     3958     1.000000000E-02    -3.750000000E-04     4.900000000E-02
     3959     9.500000000E-03    -1.025000000E-03     5.100000000E-02
     3960     1.000000000E-02    -2.625000000E-03     5.000000000E-02
     3961     1.000000000E-02    -2.625000000E-03     5.200000000E-02
     3962     9.149696831E-03     4.186750509E-04     5.173517734E-02
     3963     9.264868617E-03     1.691695642E-04     4.996663696E-02
     3964     9.850871805E-03     1.162469318E-03     5.212911148E-02
     3965     9.854569398E-03     1.143466190E-03     5.024681159E-02
     3966     9.500000000E-03    -1.025000000E-03     4.900000000E-02
     3967     9.500000000E-03    -1.025000000E-03     4.700000000E-02
     3968     9.878905464E-03     1.011668197E-03     4.594325621E-02
     3969     8.913476297E-03     8.055977433E-04     4.583674366E-02
     3970     1.000000000E-02    -2.625000000E-03     4.600000000E-02
     3971     1.000000000E-02    -2.625000000E-03     4.800000000E-02
     3972     1.000000000E-02    -3.750000000E-04     4.600000000E-02
     3973     9.500000000E-03    -1.025000000E-03     4.600000000E-02
     3974     9.264868617E-03     1.691695642E-04     4.796663696E-02
     3975     9.854569398E-03     1.143466190E-03     4.824681159E-02
     3976     9.500000000E-03    -2.150000000E-03     7.100000000E-02
     3977     9.500000000E-03    -3.500000000E-03     7.100000000E-02
     3978     1.000000000E-02    -3.750000000E-03     7.000000000E-02
     3979     1.000000000E-02    -1.500000000E-03     7.000000000E-02
     3980     9.500000000E-03    -2.150000000E-03     7.000000000E-02
     3981     9.500000000E-03    -3.500000000E-03     4.300000000E-02
     3982     9.500000000E-03    -2.150000000E-03     4.300000000E-02
     3983     1.000000000E-02    -3.750000000E-03     4.400000000E-02
     3984     1.000000000E-02    -1.500000000E-03     4.400000000E-02
     3985     9.500000000E-03    -3.500000000E-03     4.400000000E-02
     3986     9.500000000E-03    -2.150000000E-03     4.400000000E-02
     3987     8.966011818E-03    -1.021474262E-03     7.100000000E-02
     3988     9.191818215E-03     9.498174180E-04     6.999783449E-02
     3989     8.486189211E-03     8.169886850E-04     7.009156026E-02
     3990     9.432207001E-03    -3.750000000E-04     7.000000000E-02
     3991     8.966011818E-03    -1.021474262E-03     7.000000000E-02
     3992     9.000000000E-03    -3.025000000E-03     7.100000000E-02
     3993     9.000000000E-03    -1.675000000E-03     7.000000000E-02
     3994     8.847759065E-03    -5.140366865E-03     7.100000000E-02
     3995     9.500000000E-03    -4.625000000E-03     7.000000000E-02
     3996     9.000000000E-03    -4.375000000E-03     7.000000000E-02
     3997     9.000000000E-03    -3.025000000E-03     7.000000000E-02
     3998     7.765366865E-03    -6.222759065E-03     7.100000000E-02
     3999     5.437500000E-03    -6.375000000E-03     7.100000000E-02
     4000     7.000000000E-03    -6.375000000E-03     6.900000000E-02
     4001     7.111037723E-03    -7.703728948E-03     7.100000000E-02
     4002     7.780242670E-03    -7.274502158E-03     6.896840931E-02
     4003     6.621674414E-03    -7.111433121E-03     7.016255640E-02
     4004     7.765366865E-03    -6.222759065E-03     6.900000000E-02
     4005     9.207106781E-03    -5.332106781E-03     7.000000000E-02
     4006     8.847759065E-03    -5.140366865E-03     7.000000000E-02
     4007     8.398841576E-03    -5.804420248E-03     6.850000000E-02
     4008     8.487349451E-03    -6.981608939E-03     6.896840931E-02
     4009    -6.074025149E-03    -6.260819299E-03     7.100000000E-02
     4010    -6.361037723E-03    -7.703728948E-03     7.100000000E-02
     4011    -4.718750000E-03    -6.375000000E-03     7.100000000E-02
     4012    -4.747524512E-03    -7.875000000E-03     7.100000000E-02
     4013    -5.500000000E-03    -6.375000000E-03     7.000000000E-02
     4014    -4.508635239E-03    -7.000345174E-03     7.029430099E-02
     4015    -6.561888482E-03    -6.684426146E-03     7.028591648E-02
     4016     3.182549024E-03    -6.750000000E-03     7.100000000E-02
     4017     5.437500000E-03    -6.375000000E-03     6.900000000E-02
     4018     3.093750000E-03    -6.375000000E-03     7.100000000E-02
     4019     3.182549024E-03    -7.312500000E-03     7.100000000E-02
     4020     3.935024512E-03    -7.875000000E-03     7.100000000E-02
     4021     1.921874919E-03    -6.375000000E-03     6.999999995E-02
     4022     3.141112146E-03    -7.175308345E-03     7.042851125E-02
     4023     5.059174414E-03    -7.111433121E-03     7.016255640E-02
     4024     3.750000000E-04    -6.750000000E-03     7.100000000E-02
     4025     1.531250000E-03    -6.375000000E-03     7.100000000E-02
     4026    -3.125000000E-05    -6.375000000E-03     7.100000000E-02
     4027     9.975245122E-04    -6.750000000E-03     7.100000000E-02
     4028     3.593749185E-04    -6.375000000E-03     6.999999995E-02
     4029     4.460288146E-04    -6.923833153E-03     7.062976787E-02
     4030    -2.432549024E-03    -6.750000000E-03     7.100000000E-02
     4031    -1.593750000E-03    -6.375000000E-03     7.100000000E-02
     4032    -3.156250000E-03    -6.375000000E-03     7.100000000E-02
     4033    -1.810024512E-03    -6.750000000E-03     7.100000000E-02
     4034    -3.937500000E-03    -6.375000000E-03     7.000000000E-02
     4035    -1.203125081E-03    -6.375000000E-03     6.999999995E-02
     4036    -2.946135239E-03    -7.000345174E-03     7.029430099E-02
     4037    -6.885819299E-03    -5.449025149E-03     7.100000000E-02
     4038    -7.000000000E-03    -3.750000000E-03     7.100000000E-02
     4039    -7.000000000E-03    -4.875000000E-03     7.000000000E-02
     4040    -7.311888482E-03    -5.934426146E-03     7.028591648E-02
     4041    -6.891367809E-03    -7.484059034E-03     7.100000000E-02
     4042    -6.074025149E-03    -6.260819299E-03     7.000000000E-02
     4043    -6.885819299E-03    -5.449025149E-03     7.000000000E-02
     4044    -6.563119656E-03    -5.933194971E-03     6.957183296E-02
     4045    -7.092218567E-03    -6.464756231E-03     7.028591648E-02
     4046    -7.000000000E-03    -1.500000000E-03     7.100000000E-02
     4047    -8.259643851E-03     9.498385049E-04     6.999781987E-02
     4048    -7.000000000E-03    -3.750000000E-04     6.900000000E-02
     4049    -6.870127957E-03     7.571857009E-04     7.013576972E-02
     4050    -7.750000000E-03    -9.375000000E-04     7.000000000E-02
     4051    -7.000000000E-03    -1.500000000E-03     6.900000000E-02
     4052    -7.000000000E-03    -3.750000000E-03     7.000000000E-02
     4053    -7.750000000E-03    -2.062500000E-03     7.000000000E-02
     4054    -1.245049024E-03    -9.375000000E-03     7.177500000E-02
     4055    -2.486797456E-03    -9.375000000E-03     7.123567136E-02
     4056    -3.242573536E-03    -9.375000000E-03     7.100000000E-02
     4057    -2.490098049E-03    -8.812500000E-03     7.100000000E-02
     4058    -2.245049024E-03    -9.375000000E-03     7.177500000E-02
     4059    -2.119151277E-03    -9.375000000E-03     6.996938537E-02
     4060    -1.550393362E-03    -8.848431937E-03     7.098162234E-02
     4061    -2.315596977E-03    -8.868294580E-03     7.145663888E-02
     4062    -2.486797456E-03    -7.125000000E-03     7.123567136E-02
     4063    -3.213799024E-03    -6.750000000E-03     7.100000000E-02
     4064    -2.490098049E-03    -7.687500000E-03     7.100000000E-02
     4065    -1.867573536E-03    -7.125000000E-03     7.100000000E-02
     4066    -3.003684263E-03    -7.375345174E-03     7.029430099E-02
     4067     2.486797456E-03    -7.125000000E-03     7.123567136E-02
     4068     2.401299024E-03    -6.750000000E-03     7.100000000E-02
     4069     1.867573536E-03    -7.125000000E-03     7.100000000E-02
     4070     2.490098049E-03    -7.687500000E-03     7.100000000E-02
     4071     2.448661170E-03    -7.550308345E-03     7.042851125E-02
     4072    -1.539567085E-17    -7.125000000E-03     7.177500000E-02
     4073    -4.062500000E-04    -6.750000000E-03     7.100000000E-02
     4074    -6.225245122E-04    -7.125000000E-03     7.100000000E-02
     4075     6.225245122E-04    -7.125000000E-03     7.100000000E-02
     4076     7.102881460E-05    -7.298833153E-03     7.062976787E-02
     4077     8.619616859E-04    -7.618944859E-03     7.126747927E-02
     4078    -3.053443381E-04    -7.723431937E-03     7.098162234E-02
     4079     1.245049024E-03    -9.375000000E-03     7.177500000E-02
     4080     2.486797456E-03    -9.375000000E-03     7.123567136E-02
     4081     2.490098049E-03    -8.812500000E-03     7.100000000E-02
     4082     3.242573536E-03    -9.375000000E-03     7.100000000E-02
     4083     2.245049024E-03    -9.375000000E-03     7.177500000E-02
     4084     2.097817814E-03    -9.375000000E-03     7.000389815E-02
     4085     2.107010710E-03    -8.743944859E-03     7.126747927E-02
     4086     2.448661170E-03    -8.675308345E-03     7.042851125E-02
     4087    -3.672348832E-03     7.448250400E-03     4.695721923E-02
     4088    -2.000000000E-03     7.625000000E-03     4.900000000E-02
     4089    -2.000000000E-03     6.105537387E-03     4.656694567E-02
     4090    -8.250000000E-04     6.105537387E-03     4.656694567E-02
     4091    -2.000000000E-03     6.125000000E-03     4.833843370E-02
     4092    -1.019150042E-17     7.625000000E-03     4.700000000E-02
     4093    -6.705048490E-03     6.095124870E-03     4.656316104E-02
     4094    -3.669757706E-03     7.448804011E-03     4.890901403E-02
     4095    -3.632982131E-03     5.764341321E-03     4.645154030E-02
     4096    -3.632982131E-03     5.776488657E-03     4.824744774E-02
     4097    -4.976526097E-03     5.361375249E-03     4.630632883E-02
     4098    -5.072572061E-03     5.320401775E-03     4.824044336E-02
     4099    -6.004001042E-03     6.550891686E-03     4.830470664E-02
     4100    -8.867277207E-03     3.728715154E-03     4.560967651E-02
     4101    -7.187778415E-03     3.416502849E-03     4.546192520E-02
     4102    -6.304717677E-03     4.418651308E-03     4.592762565E-02
     4103    -7.156579711E-03     3.510040360E-03     4.754448354E-02
     4104    -6.400763641E-03     4.358046920E-03     4.791582537E-02
     4105    -7.338915612E-03     5.582850291E-03     4.798008865E-02
     4106    -8.660762918E-03     4.056053752E-03     4.793243286E-02
     4107    -8.259611214E-03     9.498174180E-04     4.400216551E-02
     4108    -8.259611214E-03     9.907671052E-04     4.594308341E-02
     4109    -7.986215918E-03     2.124376756E-03     4.475695696E-02
     4110    -7.955017214E-03     2.186673663E-03     4.690317091E-02
     4111    -9.391339884E-03     2.685734343E-03     4.729112033E-02
     4112    -3.672363495E-03     7.448247265E-03     6.704277808E-02
     4113    -2.000000000E-03     7.625000000E-03     6.500000000E-02
     4114    -2.000000000E-03     6.105537387E-03     6.743305433E-02
     4115    -8.250000000E-04     6.105537387E-03     6.743305433E-02
     4116    -2.000000000E-03     6.125000000E-03     6.566156630E-02
     4117    -1.019150042E-17     7.625000000E-03     6.700000000E-02
     4118    -1.019150042E-17     7.625000000E-03     6.500000000E-02
     4119    -3.228052525E-03     6.538231593E-03     6.613014699E-02
     4120    -8.867389847E-03     3.728529484E-03     6.838989029E-02
     4121    -7.986275360E-03     2.124394398E-03     6.924303255E-02
     4122    -9.472475265E-03     2.481941270E-03     6.680993217E-02
     4123    -8.766917126E-03     2.068283154E-03     6.831760799E-02
     4124    -9.009643851E-03     4.281784436E-04     6.905674379E-02
     4125    -6.705084674E-03     6.095098557E-03     6.743683551E-02
     4126    -6.304753572E-03     4.418632361E-03     6.807238253E-02
     4127    -7.187833429E-03     3.416494236E-03     6.853807910E-02
     4128    -6.448527153E-03     4.323547998E-03     6.646835359E-02
     4129    -6.956817607E-03     3.819932401E-03     6.696681160E-02
     4130    -7.755724485E-03     5.181224947E-03     6.590325460E-02
     4131    -8.779712920E-03     3.871821485E-03     6.616875447E-02
     4132    -6.189254445E-03     5.227335973E-03     6.654571305E-02
     4133    -7.968475195E-03     3.391709092E-03     6.767643026E-02
     4134    -3.669772517E-03     7.448800850E-03     6.509098250E-02
     4135    -3.632995956E-03     5.764336876E-03     6.754846124E-02
     4136    -4.976547609E-03     5.361363198E-03     6.769367566E-02
     4137    -6.494277062E-03     6.243268179E-03     6.557867104E-02
     4138    -5.266733495E-03     6.927633242E-03     6.409781466E-02
     4139    -4.861048481E-03     6.189714067E-03     6.622112949E-02
     4140    -2.000000000E-03     7.625000000E-03     6.100000000E-02
     4141    -2.000000000E-03     6.125000000E-03     6.366156630E-02
     4142    -2.000000000E-03     6.125000000E-03     6.183078315E-02
     4143    -1.019150042E-17     7.625000000E-03     6.100000000E-02
     4144    -1.019150042E-17     7.625000000E-03     6.300000000E-02
     4145    -3.289530578E-03     5.766754162E-03     6.279312594E-02
     4146    -3.670567125E-03     7.448631221E-03     6.200683194E-02
     4147    -3.228052525E-03     6.538231593E-03     6.413014699E-02
     4148    -2.000000000E-03     7.625000000E-03     5.700000000E-02
     4149    -2.000000000E-03     6.125000000E-03     5.983078315E-02
     4150    -2.000000000E-03     6.125000000E-03     5.800000000E-02
     4151    -1.019150042E-17     7.625000000E-03     5.700000000E-02
     4152    -1.019150042E-17     7.625000000E-03     5.900000000E-02
     4153    -3.267880613E-03     5.779641212E-03     5.896219002E-02
     4154    -3.670567125E-03     7.448631221E-03     6.000683194E-02
     4155    -3.285661891E-03     7.521016306E-03     5.815363797E-02
     4156    -2.000000000E-03     7.625000000E-03     5.300000000E-02
     4157    -2.000000000E-03     6.125000000E-03     5.600000000E-02
     4158    -2.000000000E-03     6.125000000E-03     5.416921685E-02
     4159    -1.019150042E-17     7.625000000E-03     5.300000000E-02
     4160    -1.019150042E-17     7.625000000E-03     5.500000000E-02
     4161    -3.263425865E-03     5.782256379E-03     5.511118520E-02
     4162    -3.285661891E-03     7.521016306E-03     5.615363797E-02
     4163    -3.853905803E-03     7.407225470E-03     5.430696105E-02
     4164    -2.000000000E-03     6.125000000E-03     5.216921685E-02
     4165    -2.000000000E-03     6.125000000E-03     5.033843370E-02
     4166    -1.019150042E-17     7.625000000E-03     4.900000000E-02
     4167    -1.019150042E-17     7.625000000E-03     5.100000000E-02
     4168    -3.102611022E-03     5.868713202E-03     5.150124506E-02
     4169    -4.470244802E-03     7.234066343E-03     5.039569261E-02
     4170    -3.853905803E-03     7.407225470E-03     5.230696105E-02
     4171    -5.002290329E-03    -9.347161663E-03     7.800000000E-02
     4172    -5.000000000E-03    -9.375000000E-03     7.800000000E-02
     4173    -4.250000060E-03    -9.375000000E-03     7.775000000E-02
     4174    -4.477331728E-03    -9.375000000E-03     7.761875000E-02
     4175    -4.500000000E-03    -9.375000000E-03     7.891666667E-02
     4176    -3.750000052E-03    -9.375000000E-03     7.775000000E-02
     4177    -5.000000000E-03    -9.375000000E-03     7.769375000E-02
     4178    -5.000000000E-03    -8.787244871E-03     7.800000000E-02
     4179    -4.250000060E-03    -8.812500000E-03     7.775000000E-02
     4180    -4.008906399E-03    -8.884460404E-03     7.806196734E-02
     4181    -4.492978525E-03    -8.603948646E-03     7.815544996E-02
     4182    -4.722538314E-03    -9.131222640E-03     7.776212839E-02
     4183    -5.500000000E-03    -9.324489743E-03     7.800000000E-02
     4184    -5.915130830E-03    -9.170560940E-03     7.800000000E-02
     4185    -5.002544810E-03    -9.349680765E-03     7.891666667E-02
     4186    -5.500000000E-03    -9.324489743E-03     7.769375000E-02
     4187    -5.500000000E-03    -8.736734614E-03     7.800000000E-02
     4188    -6.297004901E-03    -9.040916136E-03     7.895164063E-02
     4189    -5.222538314E-03    -9.080712383E-03     7.776212839E-02
     4190    -5.500000000E-03    -9.375000000E-03     7.769375000E-02
     4191     5.500000000E-03    -8.250000000E-03     7.555000000E-02
     4192     4.977331668E-03    -9.375000000E-03     7.613125000E-02
     4193     5.500000000E-03    -9.375000000E-03     7.616250000E-02
     4194     4.875000000E-03    -8.250000000E-03     7.555000000E-02
     4195     4.875000000E-03    -9.375000000E-03     7.555000000E-02
     4196     5.131123401E-03    -8.822316613E-03     7.584920392E-02
     4197     5.500000000E-03    -7.125000000E-03     7.677500000E-02
     4198     4.977331668E-03    -7.125000000E-03     7.613125000E-02
     4199     5.500000000E-03    -7.662244871E-03     7.677500000E-02
     4200     5.500000000E-03    -8.250000000E-03     7.616250000E-02
     4201     4.875000000E-03    -7.125000000E-03     7.555000000E-02
     4202     5.131123401E-03    -7.697316613E-03     7.584920392E-02
     4203     6.936491673E-03    -7.331138830E-03     7.800000000E-02
     4204     5.000000000E-03    -6.750000000E-03     7.800000000E-02
     4205     5.707106781E-03    -6.457106781E-03     7.800000000E-02
     4206     4.750000000E-03    -7.125000000E-03     7.775000000E-02
     4207     4.977331668E-03    -7.125000000E-03     7.735625000E-02
     4208     4.977331668E-03    -7.125000000E-03     7.761875000E-02
     4209     5.500000000E-03    -7.662244871E-03     7.800000000E-02
     4210     6.293302457E-03    -7.889478618E-03     7.800000000E-02
     4211     5.000000000E-03    -6.750000000E-03     7.891666667E-02
     4212     4.583333333E-03    -7.125000000E-03     7.800000000E-02
     4213     6.088399254E-03    -6.819943955E-03     7.884378383E-02
     4214     5.008167660E-03    -7.461830164E-03     7.808440520E-02
     4215     5.500000000E-03    -9.324489743E-03     7.800000000E-02
     4216     5.002290329E-03    -9.347161663E-03     7.800000000E-02
     4217     5.500000000E-03    -8.736734614E-03     7.800000000E-02
     4218     5.500000000E-03    -9.324489743E-03     7.769375000E-02
     4219     5.915130830E-03    -9.170560940E-03     7.800000000E-02
     4220     5.002544810E-03    -9.349680765E-03     7.891666667E-02
     4221     6.035920545E-03    -9.133250527E-03     7.918099689E-02
     4222     5.000000000E-03    -9.375000000E-03     7.800000000E-02
     4223     5.500000000E-03    -9.375000000E-03     7.769375000E-02
     4224     4.250000000E-03    -9.375000000E-03     7.775000000E-02
     4225     4.477331668E-03    -9.375000000E-03     7.761875000E-02
     4226     5.000000000E-03    -8.787244871E-03     7.800000000E-02
     4227     5.000000000E-03    -9.375000000E-03     7.769375000E-02
     4228     4.500000000E-03    -9.375000000E-03     7.891666667E-02
     4229     3.749999993E-03    -9.375000000E-03     7.775000000E-02
     4230     4.250000000E-03    -8.812500000E-03     7.775000000E-02
     4231     3.916659581E-03    -8.819110730E-03     7.806929581E-02
     4232     4.508167660E-03    -8.586830164E-03     7.808440520E-02
     4233    -9.209825726E-03    -6.053553435E-03     7.800000000E-02
     4234    -9.500000000E-03    -4.375000000E-03     7.983333333E-02
     4235    -9.500000000E-03    -3.525000000E-03     7.800000000E-02
     4236    -8.000000000E-03    -3.525000000E-03     7.800000000E-02
     4237    -8.000000000E-03    -4.375000000E-03     7.800000000E-02
     4238    -8.750000000E-03    -4.375000000E-03     7.891666667E-02
     4239    -9.209825726E-03    -6.053553435E-03     7.983333333E-02
     4240    -7.436491673E-03    -5.956138830E-03     7.800000000E-02
     4241    -7.143598454E-03    -6.663245611E-03     7.800000000E-02
     4242    -6.936491673E-03    -7.331138830E-03     7.800000000E-02
     4243    -7.777699413E-03    -8.150802770E-03     7.800000000E-02
     4244    -7.759113894E-03    -8.166856620E-03     7.895164063E-02
     4245    -8.186491673E-03    -5.956138830E-03     7.891666667E-02
     4246    -4.500000000E-03    -9.375000000E-03     8.716666667E-02
     4247    -6.413417162E-03    -8.994397663E-03     8.900000000E-02
     4248    -4.500000000E-03    -7.875000000E-03     8.900000000E-02
     4249    -3.000000000E-03    -7.875000000E-03     8.900000000E-02
     4250    -4.500000000E-03    -7.875000000E-03     8.716666667E-02
     4251    -4.157457896E-03    -9.375000000E-03     9.072207545E-02
     4252    -2.250000000E-03    -9.375000000E-03     8.848785502E-02
     4253    -6.214172673E-03    -8.834805178E-03     9.166256427E-02
     4254    -2.624999965E-03    -7.875000000E-03     8.716666672E-02
     4255    -4.500000000E-03    -9.375000000E-03     8.350000000E-02
     4256    -4.500000000E-03    -7.875000000E-03     8.350000000E-02
     4257    -4.500000000E-03    -7.875000000E-03     8.166666667E-02
     4258    -4.500000000E-03    -9.375000000E-03     8.075000000E-02
     4259    -4.500000000E-03    -7.875000000E-03     8.075000000E-02
     4260    -2.250000000E-03    -9.375000000E-03     8.166666593E-02
     4261    -5.818938755E-03    -9.197903748E-03     8.078497397E-02
     4262    -6.836675511E-03    -8.795401289E-03     8.273063381E-02
     4263    -5.186077300E-03    -7.602528651E-03     8.258333333E-02
     4264    -2.624999965E-03    -7.875000000E-03     8.350000005E-02
     4265    -3.462116594E-03    -8.656755735E-03     8.027412397E-02
     4266    -6.413417162E-03    -8.994397663E-03     8.716666667E-02
     4267    -4.500000000E-03    -7.875000000E-03     8.533333333E-02
     4268    -2.250000000E-03    -9.375000000E-03     8.349999926E-02
     4269    -2.250000000E-03    -9.375000000E-03     8.665452169E-02
     4270    -6.836675444E-03    -8.795401324E-03     8.456396713E-02
     4271    -2.624999965E-03    -7.875000000E-03     8.533333338E-02
     4272    -9.119397663E-03    -6.288417162E-03     8.900000000E-02
     4273    -9.500000000E-03    -4.375000000E-03     8.716666667E-02
     4274    -9.500000000E-03    -3.525000000E-03     8.900000000E-02
     4275    -9.500000000E-03    -3.525000000E-03     8.716666667E-02
     4276    -8.000000000E-03    -3.525000000E-03     8.900000000E-02
     4277    -8.000000000E-03    -3.525000000E-03     8.716666667E-02
     4278    -8.000000000E-03    -4.375000000E-03     8.900000000E-02
     4279    -7.707106781E-03    -5.082106781E-03     8.900000000E-02
     4280    -8.000000000E-03    -4.375000000E-03     8.716666667E-02
     4281    -9.317460164E-03    -4.375000000E-03     9.085335806E-02
     4282    -9.119397663E-03    -6.288417162E-03     8.716666667E-02
     4283    -6.267766953E-03    -7.142766953E-03     8.900000000E-02
     4284    -6.267766953E-03    -7.142766953E-03     8.716666667E-02
     4285    -6.974873734E-03    -6.849873734E-03     8.900000000E-02
     4286    -7.267766953E-03    -6.142766953E-03     8.716666667E-02
     4287    -8.886110679E-03    -6.354446312E-03     9.092152281E-02
     4288    -7.896753866E-03    -7.607916663E-03     9.160143790E-02
     4289    -8.350420932E-03    -7.564711373E-03     8.639730049E-02
     4290    -9.500000000E-03    -4.375000000E-03     8.350000000E-02
     4291    -9.500000000E-03    -3.525000000E-03     7.983333333E-02
     4292    -9.500000000E-03    -3.525000000E-03     8.166666667E-02
     4293    -9.500000000E-03    -3.525000000E-03     8.350000000E-02
     4294    -8.000000000E-03    -3.525000000E-03     8.166666667E-02
     4295    -8.000000000E-03    -4.375000000E-03     8.166666667E-02
     4296    -8.842938483E-03    -6.852677407E-03     8.078497397E-02
     4297    -9.277974804E-03    -5.848416700E-03     8.273063380E-02
     4298    -8.750000000E-03    -4.375000000E-03     8.075000000E-02
     4299    -9.500000000E-03    -3.525000000E-03     8.533333333E-02
     4300    -8.000000000E-03    -4.375000000E-03     8.533333333E-02
     4301    -8.000000000E-03    -4.375000000E-03     8.350000000E-02
     4302    -9.277974804E-03    -5.848416700E-03     8.456396713E-02
     4303     9.209825726E-03    -6.053553435E-03     7.800000000E-02
     4304     9.500000000E-03    -4.375000000E-03     7.983333333E-02
     4305     9.500000000E-03    -3.525000000E-03     7.800000000E-02
     4306     9.500000000E-03    -3.525000000E-03     7.983333333E-02
     4307     8.000000000E-03    -4.375000000E-03     7.800000000E-02
     4308     8.750000000E-03    -3.950000000E-03     7.891666667E-02
     4309     9.209825726E-03    -6.053553435E-03     7.983333333E-02
     4310     7.436491673E-03    -5.956138830E-03     7.800000000E-02
     4311     7.143598454E-03    -6.663245611E-03     7.800000000E-02
     4312     7.777699413E-03    -8.150802770E-03     7.800000000E-02
     4313     7.544179235E-03    -8.341481159E-03     7.918099687E-02
     4314     8.535748822E-03    -7.326733634E-03     8.026614626E-02
     4315     7.524890927E-03    -7.026082785E-03     7.884378383E-02
     4316     8.186491673E-03    -5.531138830E-03     7.891666667E-02
     4317     9.500000000E-03    -4.375000000E-03     8.716666667E-02
     4318     9.119397663E-03    -6.288417162E-03     8.900000000E-02
     4319     9.500000000E-03    -3.525000000E-03     8.900000000E-02
     4320     8.000000000E-03    -4.375000000E-03     8.900000000E-02
     4321     9.317460164E-03    -4.375000000E-03     9.085335806E-02
     4322     9.239939825E-03    -5.966530852E-03     8.720179253E-02
     4323     8.471633210E-03    -5.234289368E-03     8.805815380E-02
     4324     9.500000000E-03    -4.375000000E-03     8.350000000E-02
     4325     9.500000000E-03    -3.525000000E-03     8.166666667E-02
     4326     8.000000000E-03    -4.375000000E-03     8.350000000E-02
     4327     8.000000000E-03    -4.375000000E-03     8.166666667E-02
     4328     9.292463251E-03    -5.800586191E-03     8.209947960E-02
     4329     7.727528651E-03    -5.061077300E-03     8.258333333E-02
     4330     8.088399254E-03    -5.444943955E-03     8.067711717E-02
     4331     8.750000000E-03    -3.950000000E-03     8.075000000E-02
     4332     9.500000000E-03    -3.525000000E-03     8.716666667E-02
     4333     9.500000000E-03    -3.525000000E-03     8.350000000E-02
     4334     9.500000000E-03    -3.525000000E-03     8.533333333E-02
     4335     8.000000000E-03    -4.375000000E-03     8.533333333E-02
     4336     9.292463251E-03    -5.800586191E-03     8.393281293E-02
     4337     9.239939834E-03    -5.966530826E-03     8.536845931E-02
     4338     8.471633210E-03    -5.234289368E-03     8.622482047E-02
     4339     6.413417162E-03    -8.994397663E-03     8.900000000E-02
     4340     4.500000000E-03    -9.375000000E-03     8.716666667E-02
     4341     4.500000000E-03    -7.875000000E-03     8.900000000E-02
     4342     5.207106781E-03    -7.582106781E-03     8.900000000E-02
     4343     4.500000000E-03    -7.875000000E-03     8.716666667E-02
     4344     3.000000000E-03    -7.875000000E-03     8.900000000E-02
     4345     4.157457896E-03    -9.375000000E-03     9.072207545E-02
     4346     2.250000000E-03    -9.375000000E-03     8.848785502E-02
     4347     5.971633210E-03    -7.734289368E-03     8.805815380E-02
     4348     6.413417162E-03    -8.994397663E-03     8.716666667E-02
     4349     7.267766953E-03    -6.142766953E-03     8.900000000E-02
     4350     6.974873734E-03    -6.849873734E-03     8.900000000E-02
     4351     8.886110679E-03    -6.354446312E-03     9.092152281E-02
     4352     5.760402534E-03    -9.148555553E-03     9.063400624E-02
     4353     7.067757120E-03    -7.873690976E-03     9.289922326E-02
     4354     8.270080919E-03    -7.659279201E-03     8.720179264E-02
     4355     7.739400163E-03    -7.002056321E-03     8.805815380E-02
     4356     4.500000000E-03    -9.375000000E-03     8.350000000E-02
     4357     4.500000000E-03    -7.875000000E-03     8.166666667E-02
     4358     4.500000000E-03    -9.375000000E-03     8.075000000E-02
     4359     4.500000000E-03    -7.875000000E-03     8.075000000E-02
     4360     2.250000000E-03    -9.375000000E-03     8.166666593E-02
     4361     5.549896134E-03    -9.263529238E-03     8.101433021E-02
     4362     6.880741410E-03    -8.771825029E-03     8.209947953E-02
     4363     5.227528651E-03    -7.561077300E-03     8.258333333E-02
     4364     3.375000000E-03    -8.539011730E-03     8.049734506E-02
     4365     5.207106781E-03    -7.582106781E-03     8.716666667E-02
     4366     4.500000000E-03    -7.875000000E-03     8.533333333E-02
     4367     4.500000000E-03    -7.875000000E-03     8.350000000E-02
     4368     3.000000000E-03    -7.875000000E-03     8.716666667E-02
     4369     2.250000000E-03    -9.375000000E-03     8.349999926E-02
     4370     2.250000000E-03    -9.375000000E-03     8.665452169E-02
     4371     6.880741410E-03    -8.771825029E-03     8.393281281E-02
     4372     6.726261154E-03    -8.852025941E-03     8.536845913E-02
     4373     5.227528651E-03    -7.561077300E-03     8.441666667E-02
     4374     1.875000035E-03    -7.875000000E-03     8.533333338E-02
     4375     5.971633210E-03    -7.734289368E-03     8.622482047E-02
     4376     9.500000000E-03    -2.675000000E-03     7.983333333E-02
     4377     8.000000000E-03    -2.675000000E-03     7.800000000E-02
     4378     8.000000000E-03    -3.525000000E-03     7.800000000E-02
     4379     9.418358809E-03    -1.445422484E-03     7.800000000E-02
     4380     8.750000000E-03    -3.100000000E-03     7.891666667E-02
     4381     9.500000000E-03    -2.675000000E-03     8.716666667E-02
     4382     8.000000000E-03    -2.675000000E-03     8.900000000E-02
     4383     8.000000000E-03    -3.525000000E-03     8.900000000E-02
     4384     8.000000000E-03    -2.675000000E-03     8.716666667E-02
     4385     9.317460164E-03    -2.675000000E-03     9.085335806E-02
     4386     9.321303108E-03    -8.606600053E-04     8.900000000E-02
     4387     9.317460164E-03    -3.525000000E-03     9.085335806E-02
     4388     9.328686216E-03    -8.981803786E-04     8.730776750E-02
     4389     8.471633210E-03    -4.384289368E-03     8.805815380E-02
     4390     8.580264093E-03    -1.802955455E-03     8.815388380E-02
     4391     9.500000000E-03    -2.675000000E-03     8.350000000E-02
     4392     8.000000000E-03    -2.675000000E-03     8.350000000E-02
     4393     8.000000000E-03    -2.675000000E-03     8.166666667E-02
     4394     8.000000000E-03    -3.525000000E-03     8.350000000E-02
     4395     8.000000000E-03    -3.525000000E-03     8.166666667E-02
     4396     9.418358809E-03    -1.445422484E-03     7.983333391E-02
     4397     9.135969980E-03    -9.848286969E-05     8.065127336E-02
     4398     9.424448628E-03    -1.491975270E-03     8.262922397E-02
     4399     8.750000000E-03    -3.100000000E-03     8.075000000E-02
     4400     8.000000000E-03    -2.675000000E-03     8.533333333E-02
     4401     8.000000000E-03    -3.525000000E-03     8.533333333E-02
     4402     9.424448628E-03    -1.491975270E-03     8.446255730E-02
     4403     9.328686222E-03    -8.981804069E-04     8.547443427E-02
     4404     8.471633210E-03    -4.384289368E-03     8.622482047E-02
     4405     8.580264093E-03    -1.802955455E-03     8.632055047E-02
     4406    -8.985325504E-18     6.625000000E-03     8.140113645E-02
     4407    -6.084447876E-04     6.616024899E-03     8.139879990E-02
     4408    -2.000000000E-04     6.625000000E-03     8.187606542E-02
     4409    -8.985325504E-18     6.625000000E-03     8.187606542E-02
     4410    -1.853524168E-04     6.075535278E-03     8.124208180E-02
     4411    -8.733281822E-03     1.022715684E-03     7.888708236E-02
     4412    -9.418358809E-03    -1.445422484E-03     7.800000000E-02
     4413    -9.418358809E-03    -1.445422484E-03     7.983333391E-02
     4414    -7.592097245E-03    -2.374329631E-04     7.800000116E-02
     4415    -7.837434315E-03    -1.456216482E-03     7.800000058E-02
     4416    -7.837434315E-03    -1.456216482E-03     7.983333391E-02
     4417    -7.439776274E-03     7.581280794E-05     8.014530004E-02
     4418    -9.087359589E-03     6.449621793E-05     8.067572014E-02
     4419    -4.784462692E-03     5.416520131E-03     8.102787205E-02
     4420    -3.590475079E-03     4.236382146E-03     8.058124938E-02
     4421    -2.588200032E-03     6.313130640E-03     8.131410324E-02
     4422    -2.735858938E-03     4.680943731E-03     8.075976575E-02
     4423    -3.164726820E-03     4.526415274E-03     8.315538617E-02
     4424    -4.134533386E-03     5.751710333E-03     8.260061925E-02
     4425    -2.024808928E-03     5.534176634E-03     8.181109146E-02
     4426    -7.184451245E-03     3.465638454E-03     8.024041778E-02
     4427    -4.959526353E-03     3.485490781E-03     8.025101309E-02
     4428    -5.891953810E-03     2.459970049E-03     8.149551018E-02
     4429    -5.502801680E-03     4.965045441E-03     8.232893787E-02
     4430    -6.819125820E-03     3.857776851E-03     8.210027511E-02
     4431    -7.040856164E-03     9.880197767E-04     7.886615102E-02
     4432    -5.956107736E-03     2.371231944E-03     7.969056340E-02
     4433    -6.888535193E-03     1.332687335E-03     8.096325382E-02
     4434    -7.788853949E-03     2.700806520E-03     8.156801875E-02
     4435    -8.585771444E-03     1.346049277E-03     8.149367383E-02
     4436    -9.500000000E-03    -2.675000000E-03     7.983333333E-02
     4437    -8.000000000E-03    -2.675000000E-03     7.800000000E-02
     4438    -8.750000000E-03    -3.525000000E-03     7.891666667E-02
     4439    -9.500000000E-03    -2.675000000E-03     8.716666667E-02
     4440    -9.321303108E-03    -8.606600053E-04     8.900000000E-02
     4441    -8.000000000E-03    -2.675000000E-03     8.900000000E-02
     4442    -8.000000000E-03    -2.675000000E-03     8.716666667E-02
     4443    -9.317460164E-03    -2.675000000E-03     9.085335806E-02
     4444    -9.317460164E-03    -3.525000000E-03     9.085335806E-02
     4445    -9.500000000E-03    -2.675000000E-03     8.350000000E-02
     4446    -8.000000000E-03    -2.675000000E-03     7.983333333E-02
     4447    -8.000000000E-03    -2.675000000E-03     8.166666667E-02
     4448    -9.371536829E-03    -1.134574020E-03     8.250905279E-02
     4449    -8.750000000E-03    -3.525000000E-03     8.075000000E-02
     4450    -9.321303108E-03    -8.606600053E-04     8.716666667E-02
     4451    -8.000000000E-03    -2.675000000E-03     8.533333333E-02
     4452    -8.000000000E-03    -2.675000000E-03     8.350000000E-02
     4453    -8.000000000E-03    -3.525000000E-03     8.533333333E-02
     4454    -8.000000000E-03    -3.525000000E-03     8.350000000E-02
     4455    -9.371536829E-03    -1.134574020E-03     8.434238613E-02
     4456    -9.177305364E-03    -2.464225564E-04     8.566846887E-02
     4457    -8.985325504E-18     6.625000000E-03     8.900000000E-02
     4458    -1.708845727E-04     6.625000000E-03     8.909866025E-02
     4459    -5.000000000E-05     6.625000000E-03     8.908660254E-02
     4460    -6.563293712E-04     6.613797743E-03     8.900000000E-02
     4461    -2.000000000E-04     6.625000000E-03     8.852507103E-02
     4462    -3.462057865E-04     6.623367378E-03     8.914214114E-02
     4463    -1.699867314E-04     6.418908016E-03     8.897715360E-02
     4464    -5.366803167E-03     5.057667394E-03     8.900000000E-02
     4465    -3.554477960E-03     4.349019848E-03     8.900000000E-02
     4466    -2.899647498E-03     6.224545122E-03     8.900000000E-02
     4467    -2.794757953E-03     4.663706179E-03     8.900000000E-02
     4468    -2.678804122E-03     6.254500061E-03     8.981091127E-02
     4469    -3.874348862E-03     5.357422028E-03     9.197901202E-02
     4470    -5.193764404E-03     5.170528477E-03     8.782273420E-02
     4471    -3.658362876E-03     5.958060073E-03     8.753141356E-02
     4472    -2.698388510E-03     5.308337871E-03     8.818849709E-02
     4473    -7.932667394E-03     2.491803167E-03     8.900000000E-02
     4474    -6.216026554E-03     2.188046533E-03     8.900000000E-02
     4475    -5.063046533E-03     3.341026554E-03     8.900000000E-02
     4476    -7.107619820E-03     3.284240199E-03     9.083170327E-02
     4477    -5.440673456E-03     4.397935645E-03     9.205254929E-02
     4478    -6.628397298E-03     4.045543741E-03     8.782273420E-02
     4479    -7.564572378E-03     3.004178962E-03     8.750180227E-02
     4480    -7.646039826E-03    -8.955220395E-04     8.900000000E-02
     4481    -7.224019848E-03     6.794779605E-04     8.900000000E-02
     4482    -7.646039826E-03    -8.955220395E-04     8.716666667E-02
     4483    -9.121065794E-03    -8.257821709E-04     9.088739767E-02
     4484    -8.170031631E-03     1.759894265E-03     9.083904268E-02
     4485    -8.531017213E-03     1.458297981E-03     8.750180233E-02
     4486    -7.013908834E-03    -9.578410114E-04     9.081770427E-02
     4487    -8.985325504E-18     6.625000000E-03     8.520056822E-02
     4488    -2.000000000E-04     6.625000000E-03     8.425071028E-02
     4489    -2.000000000E-04     6.625000000E-03     8.615042617E-02
     4490    -1.907684934E-03     6.466871371E-03     8.563169767E-02
     4491    -6.421199404E-04     5.613392457E-03     8.504296066E-02
     4492    -1.699635877E-04     5.853950845E-03     8.599684948E-02
     4493     1.364458470E-04     5.815227395E-03     8.493060513E-02
     4494    -5.156896852E-03     1.213338155E-03     7.901005136E-02
     4495    -6.376113378E-03    -1.431768910E-03     7.800000000E-02
     4496    -6.376113378E-03    -1.431768910E-03     7.983333391E-02
     4497    -5.865670942E-03     8.002682067E-05     8.014530004E-02
     4498    -1.200753906E-17     3.625000000E-03     8.031516440E-02
     4499    -6.992951910E-04     3.605183452E-03     8.030649655E-02
     4500    -2.000000000E-04     3.625000000E-03     8.067703255E-02
     4501    -1.000000000E-04     3.950379952E-03     8.045979249E-02
     4502    -3.029554309E-03     2.953820651E-03     7.999674802E-02
     4503    -3.424070500E-03     2.737519692E-03     8.240518530E-02
     4504    -4.888831298E-03     1.532714470E-03     8.101699068E-02
     4505    -4.367140109E-03     3.910176111E-03     8.185041837E-02
     4506    -1.200753906E-17     3.625000000E-03     8.900000000E-02
     4507    -2.000000000E-04     3.625000000E-03     8.863813185E-02
     4508    -6.120397141E-04     3.611511216E-03     8.900000000E-02
     4509    -6.524559353E-05     2.961916336E-03     8.900000000E-02
     4510    -2.575414977E-04     4.076188064E-03     8.880868280E-02
     4511     2.052783078E-06     3.830712984E-03     8.954812885E-02
     4512    -2.752377065E-05     3.202107959E-03     8.940150556E-02
     4513    -1.200753906E-17     3.625000000E-03     8.610505480E-02
     4514    -2.000000000E-04     3.625000000E-03     8.682879110E-02
     4515    -2.000000000E-04     3.625000000E-03     8.538131850E-02
     4516    -1.200753906E-17     3.625000000E-03     8.682879110E-02
     4517    -1.631619546E-03     3.460182595E-03     8.558602147E-02
     4518    -6.421199404E-04     4.113392457E-03     8.549520395E-02
     4519    -9.189105494E-04     4.162298045E-03     8.674102449E-02
     4520    -1.699635877E-04     4.353950845E-03     8.644909277E-02
     4521     1.364458470E-04     4.315227395E-03     8.538284842E-02
     4522    -1.200753906E-17     3.625000000E-03     8.321010960E-02
     4523    -1.177122564E-03     3.548763451E-03     8.169329416E-02
     4524    -2.000000000E-04     3.625000000E-03     8.393384590E-02
     4525    -2.000000000E-04     3.625000000E-03     8.248637330E-02
     4526    -1.200753906E-17     3.625000000E-03     8.393384590E-02
     4527    -1.200753906E-17     3.625000000E-03     8.248637330E-02
     4528    -1.631619546E-03     3.460182595E-03     8.413854887E-02
     4529    -6.421199404E-04     4.113392457E-03     8.404773135E-02
     4530    -4.542483506E-04     4.307438419E-03     8.279425416E-02
     4531     1.364458470E-04     4.315227395E-03     8.393537582E-02
     4532    -6.285332706E-03    -1.044440016E-03     8.900000000E-02
     4533    -6.500000000E-03    -2.675000000E-03     8.716666667E-02
     4534    -6.500000000E-03    -3.525000000E-03     8.900000000E-02
     4535    -7.638427779E-03    -2.675000000E-03     9.081774630E-02
     4536    -7.638427779E-03    -3.525000000E-03     9.081774630E-02
     4537    -3.880056653E-03    -2.894737624E-03     8.900000000E-02
     4538    -5.867869007E-03    -2.737318972E-03     9.081770427E-02
     4539    -4.654772721E-03     1.779772721E-03     8.900000000E-02
     4540    -6.285332706E-03    -1.044440016E-03     8.716666667E-02
     4541    -6.397003005E-03     1.441431994E-03     9.079290498E-02
     4542    -4.507410193E-03     1.922414211E-03     8.703349407E-02
     4543    -5.680490300E-03     4.321250499E-04     8.564529948E-02
     4544    -6.066744683E-03     2.330839023E-03     8.782273420E-02
     4545    -6.943787958E-03     1.244309412E-03     8.750180233E-02
     4546    -3.458036675E-03    -1.319737624E-03     8.900000000E-02
     4547    -3.348606931E-03     2.327470270E-04     9.085922647E-02
     4548    -5.445849029E-03    -1.162318972E-03     9.081770427E-02
     4549    -2.610905624E-03     3.145441055E-03     8.900000000E-02
     4550    -2.447741164E-03     4.591002283E-03     8.980286362E-02
     4551    -5.244022983E-03     2.594412016E-03     9.079290498E-02
     4552    -3.392783300E-03     3.388151244E-03     9.186468162E-02
     4553    -3.170740394E-03     2.880600914E-03     8.703349407E-02
     4554    -4.913764662E-03     3.483819045E-03     8.782273420E-02
     4555    -3.453649033E-03     4.389411438E-03     8.753141356E-02
     4556    -1.491666589E-03     1.536313337E-03     8.900000000E-02
     4557    -2.305056653E-03    -1.667576017E-04     8.900000000E-02
     4558    -2.195626909E-03     1.385727049E-03     9.085922647E-02
     4559    -2.116484475E-03     2.652148939E-03     9.042369559E-02
     4560    -2.493910549E-03     3.740278067E-03     8.818849709E-02
     4561    -6.500000000E-03    -2.675000000E-03     7.983333333E-02
     4562    -6.500000000E-03    -3.525000000E-03     7.800000000E-02
     4563    -6.500000000E-03    -3.525000000E-03     7.983333333E-02
     4564    -7.250000000E-03    -3.525000000E-03     7.891666667E-02
     4565    -6.500000000E-03    -2.675000000E-03     8.350000000E-02
     4566    -6.500000000E-03    -3.525000000E-03     8.716666667E-02
     4567    -6.500000000E-03    -3.525000000E-03     8.533333333E-02
     4568    -6.500000000E-03    -3.525000000E-03     8.350000000E-02
     4569    -6.297930332E-03    -1.092203215E-03     8.381196612E-02
     4570    -7.744848151E-03    -1.155852300E-03     8.434238613E-02
     4571    -7.365807936E-03    -3.306905884E-04     8.566846899E-02
     4572    -6.500000000E-03    -3.525000000E-03     8.166666667E-02
     4573    -6.297930332E-03    -1.092203215E-03     8.197863279E-02
     4574    -7.744848151E-03    -1.155852300E-03     8.250905279E-02
     4575    -7.250000000E-03    -3.525000000E-03     8.075000000E-02
     4576    -1.200753906E-17     3.625000000E-03     8.067703255E-02
     4577     2.000000000E-04     3.625000000E-03     8.067703255E-02
     4578     6.992951910E-04     3.605183452E-03     8.030649655E-02
     4579     1.000000000E-04     3.950379952E-03     8.045979249E-02
     4580    -1.200753906E-17     3.625000000E-03     8.863813185E-02
     4581     2.000000000E-04     3.625000000E-03     8.863813185E-02
     4582     6.120397141E-04     3.611511216E-03     8.900000000E-02
     4583     1.347544065E-04     2.961916336E-03     8.900000000E-02
     4584    -5.754149775E-05     4.076188064E-03     8.880868280E-02
     4585     3.696011190E-04     4.112613039E-03     8.863813185E-02
     4586     2.020527831E-04     3.830712984E-03     8.954812885E-02
     4587     4.070861489E-04     3.996347894E-03     8.916182865E-02
     4588     1.724762294E-04     3.202107959E-03     8.940150556E-02
     4589    -1.200753906E-17     3.625000000E-03     8.538131850E-02
     4590     2.000000000E-04     3.625000000E-03     8.682879110E-02
     4591     2.000000000E-04     3.625000000E-03     8.538131850E-02
     4592     1.631619546E-03     3.460182595E-03     8.543920935E-02
     4593     3.003641226E-05     4.353950845E-03     8.644909277E-02
     4594     3.364458470E-04     4.315227395E-03     8.538284842E-02
     4595     1.301515604E-03     4.262113156E-03     8.658716943E-02
     4596     2.000000000E-04     3.625000000E-03     8.393384590E-02
     4597     2.000000000E-04     3.625000000E-03     8.248637330E-02
     4598     1.631619546E-03     3.460182595E-03     8.399173675E-02
     4599     2.178172677E-03     3.306373827E-03     8.280331454E-02
     4600    -2.542483506E-04     4.307438419E-03     8.279425416E-02
     4601     7.287602395E-04     4.396201057E-03     8.275565861E-02
     4602     3.364458470E-04     4.315227395E-03     8.393537582E-02
     4603     6.500000000E-03    -3.525000000E-03     8.900000000E-02
     4604     6.500000000E-03    -2.675000000E-03     8.716666667E-02
     4605     6.500000000E-03    -3.525000000E-03     8.716666667E-02
     4606     7.638427779E-03    -2.675000000E-03     9.081774630E-02
     4607     7.646039826E-03    -8.955220395E-04     8.900000000E-02
     4608     6.285332706E-03    -1.044440016E-03     8.900000000E-02
     4609     7.158260410E-03    -3.571020070E-04     9.033849597E-02
     4610     4.955234554E-03    -2.250762636E-03     8.900000000E-02
     4611     5.087565271E-03    -3.626252869E-03     9.062662393E-02
     4612     5.352405791E-03    -1.341487153E-03     9.039750091E-02
     4613     6.971633210E-03    -4.384289368E-03     8.805815380E-02
     4614     7.080264093E-03    -1.802955455E-03     8.815388380E-02
     4615     6.500000000E-03    -4.375000000E-03     8.716666667E-02
     4616     6.347759065E-03    -5.140366865E-03     8.900000000E-02
     4617     7.638427779E-03    -3.525000000E-03     9.081774630E-02
     4618     7.638427779E-03    -4.375000000E-03     9.081774630E-02
     4619     4.955234554E-03    -3.100762636E-03     8.900000000E-02
     4620     5.087565271E-03    -4.476252869E-03     9.062662393E-02
     4621     6.971633210E-03    -5.234289368E-03     8.805815380E-02
     4622     6.500000000E-03    -2.675000000E-03     7.983333333E-02
     4623     6.500000000E-03    -3.525000000E-03     7.800000000E-02
     4624     6.376113378E-03    -1.431768910E-03     7.800000000E-02
     4625     7.837434315E-03    -1.456216482E-03     7.800000058E-02
     4626     7.250000000E-03    -3.100000000E-03     7.891666667E-02
     4627     6.500000000E-03    -2.675000000E-03     8.350000000E-02
     4628     6.500000000E-03    -3.525000000E-03     8.533333333E-02
     4629     6.285332706E-03    -1.044440016E-03     8.716666667E-02
     4630     6.350883085E-03    -1.312415223E-03     8.426788679E-02
     4631     6.218928783E-03    -8.142215851E-04     8.546233812E-02
     4632     7.849511020E-03    -1.501585930E-03     8.446255730E-02
     4633     7.660528186E-03    -9.309109099E-04     8.547443427E-02
     4634     6.971633210E-03    -4.384289368E-03     8.622482047E-02
     4635     7.080264093E-03    -1.802955455E-03     8.632055047E-02
     4636     6.500000000E-03    -3.525000000E-03     7.983333333E-02
     4637     6.500000000E-03    -3.525000000E-03     8.350000000E-02
     4638     6.500000000E-03    -3.525000000E-03     8.166666667E-02
     4639     6.376113378E-03    -1.431768910E-03     7.983333391E-02
     4640     7.837434315E-03    -1.456216482E-03     7.983333391E-02
     4641     7.286189185E-03    -1.993355149E-04     8.065127336E-02
     4642     6.350883085E-03    -1.312415223E-03     8.243455346E-02
     4643     7.849511020E-03    -1.501585930E-03     8.262922397E-02
     4644     7.250000000E-03    -3.100000000E-03     8.075000000E-02
     4645     6.500000000E-03    -4.375000000E-03     7.983333333E-02
     4646     6.347759065E-03    -5.140366865E-03     7.800000000E-02
     4647     6.588399254E-03    -5.444943955E-03     7.884378383E-02
     4648     7.250000000E-03    -3.950000000E-03     7.891666667E-02
     4649     6.500000000E-03    -4.375000000E-03     8.350000000E-02
     4650     6.347759065E-03    -5.140366865E-03     8.716666667E-02
     4651     7.593540803E-03    -5.741413886E-03     8.393281293E-02
     4652     7.493405926E-03    -5.883752072E-03     8.536845931E-02
     4653     6.358778443E-03    -5.113202342E-03     8.441666667E-02
     4654     6.971633210E-03    -5.234289368E-03     8.622482047E-02
     4655     6.347759065E-03    -5.140366865E-03     7.983333333E-02
     4656     6.358778443E-03    -5.113202342E-03     8.258333333E-02
     4657     6.588399254E-03    -5.444943955E-03     8.067711717E-02
     4658     7.250000000E-03    -3.950000000E-03     8.075000000E-02
     4659     5.265366865E-03    -6.222759065E-03     8.900000000E-02
     4660     4.500000000E-03    -6.375000000E-03     8.716666667E-02
     4661     3.000000000E-03    -6.375000000E-03     8.900000000E-02
     4662     3.840990258E-03    -7.875000000E-03     9.059099026E-02
     4663     3.955234554E-03    -4.100762636E-03     8.900000000E-02
     4664     4.087565271E-03    -5.476252869E-03     9.062662393E-02
     4665     5.265366865E-03    -6.222759065E-03     8.716666667E-02
     4666     7.345534561E-03    -5.082106781E-03     9.081774630E-02
     4667     4.548097039E-03    -7.582106781E-03     9.059099026E-02
     4668     5.476624918E-03    -6.325341525E-03     9.263031603E-02
     4669     5.934789553E-03    -5.768333750E-03     8.625000000E-02
     4670     4.662341335E-03    -3.807869417E-03     8.900000000E-02
     4671     4.794672052E-03    -5.183359650E-03     9.062662393E-02
     4672     6.678739991E-03    -5.941396149E-03     8.805815380E-02
     4673     5.265366865E-03    -6.222759065E-03     7.800000000E-02
     4674     4.500000000E-03    -6.375000000E-03     7.891666667E-02
     4675     3.750000000E-03    -6.375000000E-03     7.800000000E-02
     4676     4.083333333E-03    -6.750000000E-03     7.800000000E-02
     4677     5.265366865E-03    -6.222759065E-03     7.891666667E-02
     4678     5.934789553E-03    -5.768333750E-03     8.075000000E-02
     4679     6.295506035E-03    -6.152050736E-03     7.884378383E-02
     4680     4.500000000E-03    -6.375000000E-03     8.350000000E-02
     4681     3.000000000E-03    -6.375000000E-03     8.716666667E-02
     4682     2.250000000E-03    -7.875000000E-03     8.349999926E-02
     4683     5.292366960E-03    -6.211342724E-03     8.441666667E-02
     4684     2.250000097E-03    -6.375000000E-03     8.350000010E-02
     4685     1.875000035E-03    -6.375000000E-03     8.533333338E-02
     4686     4.500000000E-03    -6.375000000E-03     8.075000000E-02
     4687     2.250000000E-03    -7.875000000E-03     8.166666593E-02
     4688     5.526489589E-03    -7.654543622E-03     8.101433021E-02
     4689     5.292366960E-03    -6.211342724E-03     8.258333333E-02
     4690     2.250000097E-03    -6.375000000E-03     8.166666676E-02
     4691     3.375000000E-03    -7.039011730E-03     8.049734506E-02
     4692    -3.000000000E-03    -6.375000000E-03     8.900000000E-02
     4693    -4.500000000E-03    -6.375000000E-03     8.716666667E-02
     4694    -5.265366865E-03    -6.222759065E-03     8.900000000E-02
     4695    -3.840990258E-03    -7.875000000E-03     9.059099026E-02
     4696    -5.880316154E-03    -6.618234750E-03     9.151951797E-02
     4697    -2.880056653E-03    -4.744737624E-03     8.900000000E-02
     4698    -3.152691178E-03    -5.904403387E-03     9.114590004E-02
     4699    -4.867869007E-03    -4.587318972E-03     9.081770427E-02
     4700    -9.974659987E-18    -6.375000000E-03     8.900000000E-02
     4701     7.500000000E-04    -7.875000000E-03     9.125000000E-02
     4702     2.340990258E-03    -7.875000000E-03     9.059099026E-02
     4703     7.500000000E-04    -7.875000000E-03     8.848785502E-02
     4704     1.199433468E-04    -4.744737624E-03     8.900000000E-02
     4705     2.455234554E-03    -4.100762636E-03     8.900000000E-02
     4706     3.750000354E-04    -6.375000000E-03     8.716666672E-02
     4707     2.587565271E-03    -5.476252869E-03     9.062662393E-02
     4708    -1.526911781E-04    -5.904403387E-03     9.114590004E-02
     4709    -3.000000000E-03    -6.375000000E-03     8.716666667E-02
     4710    -2.340990258E-03    -7.875000000E-03     9.059099026E-02
     4711    -7.500000000E-04    -7.875000000E-03     9.125000000E-02
     4712    -7.500000000E-04    -7.875000000E-03     8.848785502E-02
     4713    -1.380056653E-03    -4.744737624E-03     8.900000000E-02
     4714    -1.124999965E-03    -6.375000000E-03     8.716666672E-02
     4715    -1.652691178E-03    -5.904403387E-03     9.114590004E-02
     4716    -5.265366865E-03    -6.222759065E-03     7.800000000E-02
     4717    -5.000000000E-03    -6.750000000E-03     7.800000000E-02
     4718    -3.750000000E-03    -6.375000000E-03     7.800000000E-02
     4719    -4.500000000E-03    -6.375000000E-03     7.891666667E-02
     4720    -4.083333333E-03    -6.750000000E-03     7.800000000E-02
     4721    -1.666666667E-03    -6.750000000E-03     7.800000000E-02
     4722    -2.250000000E-03    -6.375000000E-03     7.800000000E-02
     4723    -7.500000000E-04    -6.375000000E-03     7.800000000E-02
     4724    -7.500000000E-04    -6.750000000E-03     7.800000000E-02
     4725    -7.499999031E-04    -6.375000000E-03     7.983333343E-02
     4726    -1.962116594E-03    -7.156755735E-03     7.844079064E-02
     4727    -1.073669749E-03    -7.093032993E-03     7.832221478E-02
     4728     1.666666667E-03    -6.750000000E-03     7.800000000E-02
     4729     7.500000000E-04    -6.375000000E-03     7.800000000E-02
     4730     2.250000000E-03    -6.375000000E-03     7.800000000E-02
     4731     7.500000000E-04    -6.750000000E-03     7.800000000E-02
     4732     7.500000969E-04    -6.375000000E-03     7.983333343E-02
     4733     1.875000000E-03    -7.039011730E-03     7.866401173E-02
     4734    -4.500000000E-03    -6.375000000E-03     8.350000000E-02
     4735    -5.265366865E-03    -6.222759065E-03     8.716666667E-02
     4736    -6.565808646E-03    -6.782989574E-03     8.456396713E-02
     4737    -5.238202342E-03    -6.233778443E-03     8.441666667E-02
     4738    -2.624999965E-03    -6.375000000E-03     8.533333338E-02
     4739    -5.265366865E-03    -6.222759065E-03     7.983333333E-02
     4740    -4.500000000E-03    -6.375000000E-03     8.075000000E-02
     4741    -2.250000000E-03    -7.875000000E-03     8.166666593E-02
     4742    -5.772222933E-03    -7.527080112E-03     8.078497397E-02
     4743    -5.238202342E-03    -6.233778443E-03     8.258333333E-02
     4744    -2.249999903E-03    -6.375000000E-03     8.166666676E-02
     4745    -2.624999965E-03    -6.375000000E-03     8.350000005E-02
     4746    -3.462116594E-03    -7.156755735E-03     8.027412397E-02
     4747    -6.347759065E-03    -5.140366865E-03     8.900000000E-02
     4748    -6.500000000E-03    -4.375000000E-03     8.716666667E-02
     4749    -7.638427779E-03    -4.375000000E-03     9.081774630E-02
     4750    -3.880056653E-03    -3.744737624E-03     8.900000000E-02
     4751    -5.867869007E-03    -3.587318972E-03     9.081770427E-02
     4752    -6.347759065E-03    -5.140366865E-03     8.716666667E-02
     4753    -7.345534561E-03    -5.082106781E-03     9.081774630E-02
     4754    -6.587422936E-03    -6.325341531E-03     9.151951797E-02
     4755    -7.272915427E-03    -6.490096355E-03     8.639730047E-02
     4756    -5.893333750E-03    -5.809789553E-03     8.625000000E-02
     4757    -3.587163434E-03    -4.451844405E-03     8.900000000E-02
     4758    -5.574975789E-03    -4.294425753E-03     9.081770427E-02
     4759    -6.347759065E-03    -5.140366865E-03     7.800000000E-02
     4760    -6.500000000E-03    -4.375000000E-03     7.983333333E-02
     4761    -7.250000000E-03    -4.375000000E-03     7.891666667E-02
     4762    -6.347759065E-03    -5.140366865E-03     7.983333333E-02
     4763    -5.707106781E-03    -6.457106781E-03     7.800000000E-02
     4764    -5.265366865E-03    -6.222759065E-03     7.891666667E-02
     4765    -6.479329714E-03    -7.234186893E-03     7.895164063E-02
     4766    -5.893333750E-03    -5.809789553E-03     8.075000000E-02
     4767    -6.957106781E-03    -5.082106781E-03     7.891666667E-02
     4768    -6.500000000E-03    -4.375000000E-03     8.350000000E-02
     4769    -7.565808646E-03    -5.782989574E-03     8.456396713E-02
     4770    -6.336342724E-03    -5.167366960E-03     8.441666667E-02
     4771    -6.772222933E-03    -6.527080112E-03     8.078497397E-02
     4772    -7.565808646E-03    -5.782989574E-03     8.273063380E-02
     4773    -6.336342724E-03    -5.167366960E-03     8.258333333E-02
     4774    -7.250000000E-03    -4.375000000E-03     8.075000000E-02
     4775    -8.250000000E-04     4.625000000E-03     4.601530111E-02
     4776    -2.000000000E-03     4.625000000E-03     4.784608426E-02
     4777    -3.409888143E-03     4.422103411E-03     4.593049470E-02
     4778    -3.510111077E-03     4.391504436E-03     4.783907992E-02
     4779     1.525000000E-03     4.625000000E-03     4.601530111E-02
     4780     2.700000000E-03     4.625000000E-03     4.784608426E-02
     4781     2.350000000E-03     6.105537387E-03     4.656694567E-02
     4782     3.982995956E-03     5.764336876E-03     4.645153876E-02
     4783     4.229887080E-03     4.436418239E-03     4.593618138E-02
     4784     1.525000000E-03     4.625000000E-03     4.784608426E-02
     4785    -8.250000000E-04     4.625000000E-03     4.784608426E-02
     4786     1.175000000E-03     6.105537387E-03     4.656694567E-02
     4787     2.700000000E-03     4.625000000E-03     6.615391574E-02
     4788     1.525000000E-03     4.625000000E-03     6.798469889E-02
     4789     2.350000000E-03     6.105537387E-03     6.743305433E-02
     4790     3.982982131E-03     5.764341321E-03     6.754845970E-02
     4791     4.229887920E-03     4.436418028E-03     6.806380479E-02
     4792     2.700000000E-03     4.625000000E-03     6.249234945E-02
     4793     1.525000000E-03     4.625000000E-03     6.615391574E-02
     4794     3.500000000E-04     4.625000000E-03     6.432313259E-02
     4795     2.350000000E-03     6.125000000E-03     6.566156630E-02
     4796     2.350000000E-03     6.125000000E-03     6.366156630E-02
     4797     3.982982131E-03     5.776488657E-03     6.575255226E-02
     4798     4.221287428E-03     4.438565618E-03     6.631632378E-02
     4799     5.374869933E-03     4.028952212E-03     6.469219681E-02
     4800     4.063468120E-03     4.475687334E-03     6.355662745E-02
     4801     4.699532072E-03     5.362236328E-03     6.426587369E-02
     4802     2.700000000E-03     4.625000000E-03     5.883078315E-02
     4803     3.500000000E-04     4.625000000E-03     6.249234945E-02
     4804     3.500000000E-04     4.625000000E-03     6.066156630E-02
     4805     2.350000000E-03     6.125000000E-03     5.983078315E-02
     4806     2.350000000E-03     6.125000000E-03     6.183078315E-02
     4807     4.063468120E-03     4.475687334E-03     6.172584430E-02
     4808     3.851860632E-03     4.518804734E-03     5.974617472E-02
     4809     4.153439120E-03     5.695379159E-03     6.052382210E-02
     4810     2.700000000E-03     4.625000000E-03     5.516921685E-02
     4811     3.500000000E-04     4.625000000E-03     5.883078315E-02
     4812     3.500000000E-04     4.625000000E-03     5.700000000E-02
     4813     2.350000000E-03     6.125000000E-03     5.600000000E-02
     4814     2.350000000E-03     6.125000000E-03     5.800000000E-02
     4815     3.851860632E-03     4.518804734E-03     5.791539157E-02
     4816     4.133114832E-03     4.459833484E-03     5.637982581E-02
     4817     3.618950907E-03     5.918384188E-03     5.684636203E-02
     4818     2.700000000E-03     4.625000000E-03     5.150765055E-02
     4819     3.500000000E-04     4.625000000E-03     5.516921685E-02
     4820     3.500000000E-04     4.625000000E-03     5.333843370E-02
     4821     2.350000000E-03     6.125000000E-03     5.216921685E-02
     4822     2.350000000E-03     6.125000000E-03     5.416921685E-02
     4823     4.235038471E-03     4.435127404E-03     5.261761654E-02
     4824     4.133114763E-03     4.459833500E-03     5.454904308E-02
     4825     3.983737640E-03     5.776150685E-03     5.316238492E-02
     4826     3.618950907E-03     5.918384188E-03     5.501557888E-02
     4827     3.500000000E-04     4.625000000E-03     5.150765055E-02
     4828     3.500000000E-04     4.625000000E-03     4.967686741E-02
     4829     2.350000000E-03     6.125000000E-03     4.833843370E-02
     4830     2.350000000E-03     6.125000000E-03     5.033843370E-02
     4831     3.982995956E-03     5.776482475E-03     4.824745120E-02
     4832     4.221285931E-03     4.438565990E-03     4.768366170E-02
     4833     5.093020914E-03     4.152816993E-03     4.926605104E-02
     4834     4.235038471E-03     4.435127404E-03     5.078683340E-02
     4835     5.141848248E-03     4.989538944E-03     4.985074516E-02
     4836     3.983737640E-03     5.776150685E-03     5.133160177E-02
     4837    -8.250000000E-04     4.625000000E-03     6.798469889E-02
     4838    -2.000000000E-03     4.625000000E-03     6.615391574E-02
     4839    -3.409894713E-03     4.422101494E-03     6.806953292E-02
     4840    -3.566136174E-03     4.373391042E-03     6.654513690E-02
     4841    -3.228052525E-03     5.038231593E-03     6.662249644E-02
     4842    -8.250000000E-04     4.625000000E-03     6.615391574E-02
     4843     1.175000000E-03     6.105537387E-03     6.743305433E-02
     4844    -2.000000000E-03     4.625000000E-03     6.249234945E-02
     4845    -1.019150042E-17     6.125000000E-03     6.566156630E-02
     4846    -1.019150042E-17     6.125000000E-03     6.366156630E-02
     4847    -3.338368108E-03     4.442548215E-03     6.345469224E-02
     4848    -3.566135982E-03     4.373391105E-03     6.471435383E-02
     4849    -3.228052525E-03     5.038231593E-03     6.479171329E-02
     4850    -2.000000000E-03     4.625000000E-03     5.883078315E-02
     4851    -1.019150042E-17     6.125000000E-03     5.983078315E-02
     4852    -1.019150042E-17     6.125000000E-03     6.183078315E-02
     4853    -3.338368108E-03     4.442548215E-03     6.162390909E-02
     4854    -3.314075318E-03     4.449231137E-03     5.979297317E-02
     4855    -3.633737640E-03     5.776150685E-03     6.083761508E-02
     4856    -2.000000000E-03     4.625000000E-03     5.516921685E-02
     4857    -1.019150042E-17     6.125000000E-03     5.600000000E-02
     4858    -1.019150042E-17     6.125000000E-03     5.800000000E-02
     4859    -3.314075318E-03     4.449231137E-03     5.796219002E-02
     4860    -3.309090564E-03     4.450586171E-03     5.611118520E-02
     4861    -3.268950907E-03     5.918384188E-03     5.715363797E-02
     4862    -2.000000000E-03     4.625000000E-03     5.150765055E-02
     4863    -1.019150042E-17     6.125000000E-03     5.216921685E-02
     4864    -1.019150042E-17     6.125000000E-03     5.416921685E-02
     4865    -3.309090564E-03     4.450586171E-03     5.428040206E-02
     4866    -3.132004412E-03     4.495171045E-03     5.267046192E-02
     4867    -3.803439120E-03     5.695379159E-03     5.347617790E-02
     4868    -1.019150042E-17     6.125000000E-03     4.833843370E-02
     4869    -1.019150042E-17     6.125000000E-03     5.033843370E-02
     4870    -3.132004412E-03     4.495171045E-03     5.083967877E-02
     4871    -3.510110728E-03     4.391504546E-03     4.966986303E-02
     4872    -4.349532073E-03     5.362236327E-03     4.973412631E-02
     4873     9.000000000E-03    -3.025000000E-03     4.300000000E-02
     4874     8.847759065E-03    -5.140366865E-03     4.300000000E-02
     4875     9.000000000E-03    -4.375000000E-03     4.400000000E-02
     4876     8.966011818E-03    -1.021474262E-03     4.300000000E-02
     4877     9.000000000E-03    -3.025000000E-03     4.400000000E-02
     4878     9.000000000E-03    -1.675000000E-03     4.400000000E-02
     4879     9.000000000E-03    -3.025000000E-03     6.700000000E-02
     4880     9.500000000E-03    -4.625000000E-03     6.600000000E-02
     4881     9.000000000E-03    -4.375000000E-03     6.800000000E-02
     4882     9.000000000E-03    -4.375000000E-03     6.600000000E-02
     4883     9.000000000E-03    -3.025000000E-03     6.800000000E-02
     4884     8.839376548E-03    -5.160298615E-03     6.650000000E-02
     4885     9.000000000E-03    -3.025000000E-03     6.300000000E-02
     4886     9.500000000E-03    -4.625000000E-03     6.200000000E-02
     4887     9.000000000E-03    -4.375000000E-03     6.400000000E-02
     4888     9.000000000E-03    -4.375000000E-03     6.200000000E-02
     4889     8.839376548E-03    -5.160298615E-03     6.450000000E-02
     4890     8.863390103E-03    -5.101482845E-03     6.231876927E-02
     4891     9.221993318E-03    -5.708393906E-03     6.357149803E-02
     4892     9.000000000E-03    -3.025000000E-03     5.900000000E-02
     4893     9.500000000E-03    -4.625000000E-03     5.800000000E-02
     4894     9.500000000E-03    -4.625000000E-03     6.000000000E-02
     4895     9.000000000E-03    -4.375000000E-03     6.000000000E-02
     4896     9.000000000E-03    -4.375000000E-03     5.800000000E-02
     4897     8.863390103E-03    -5.101482845E-03     6.031876927E-02
     4898     8.863322598E-03    -5.101655969E-03     5.831924764E-02
     4899     9.304002679E-03    -5.543462298E-03     5.968442259E-02
     4900     9.000000000E-03    -3.025000000E-03     5.500000000E-02
     4901     9.500000000E-03    -4.625000000E-03     5.400000000E-02
     4902     9.500000000E-03    -4.625000000E-03     5.600000000E-02
     4903     9.000000000E-03    -4.375000000E-03     5.600000000E-02
     4904     9.000000000E-03    -4.375000000E-03     5.400000000E-02
     4905     8.863322598E-03    -5.101655969E-03     5.631924764E-02
     4906     8.863322431E-03    -5.101656396E-03     5.431924530E-02
     4907     9.306978967E-03    -5.536777127E-03     5.569481230E-02
     4908     9.000000000E-03    -3.025000000E-03     5.100000000E-02
     4909     9.500000000E-03    -4.625000000E-03     5.000000000E-02
     4910     9.500000000E-03    -4.625000000E-03     5.200000000E-02
     4911     9.000000000E-03    -4.375000000E-03     5.200000000E-02
     4912     9.000000000E-03    -4.375000000E-03     5.000000000E-02
     4913     8.863322431E-03    -5.101656396E-03     5.231924530E-02
     4914     8.858971324E-03    -5.112716487E-03     5.027205771E-02
     4915     9.300139952E-03    -5.552052412E-03     5.171714979E-02
     4916     9.000000000E-03    -3.025000000E-03     4.700000000E-02
     4917     8.847759065E-03    -5.140366865E-03     4.500000000E-02
     4918     9.500000000E-03    -4.625000000E-03     4.600000000E-02
     4919     9.500000000E-03    -4.625000000E-03     4.800000000E-02
     4920     9.000000000E-03    -4.375000000E-03     4.800000000E-02
     4921     9.000000000E-03    -4.375000000E-03     4.600000000E-02
     4922     9.000000000E-03    -3.025000000E-03     4.600000000E-02
     4923     8.858971324E-03    -5.112716487E-03     4.827205771E-02
     4924     9.313309537E-03    -5.522359322E-03     4.804125630E-02
     4925     8.854669705E-03    -5.123465287E-03     4.700240010E-02
     4926     9.000000000E-03    -1.675000000E-03     6.500000000E-02
     4927     8.699572793E-03     2.472711307E-04     6.816326846E-02
     4928     9.500000000E-03    -3.275000000E-03     6.600000000E-02
     4929     9.500000000E-03    -1.025000000E-03     6.800000000E-02
     4930     9.000000000E-03    -3.025000000E-03     6.600000000E-02
     4931     9.000000000E-03    -1.675000000E-03     6.800000000E-02
     4932     8.624721958E-03     4.668846202E-04     6.603063051E-02
     4933     9.000000000E-03    -1.675000000E-03     6.100000000E-02
     4934     9.500000000E-03    -3.275000000E-03     6.200000000E-02
     4935     9.500000000E-03    -3.275000000E-03     6.400000000E-02
     4936     9.000000000E-03    -3.025000000E-03     6.400000000E-02
     4937     9.000000000E-03    -3.025000000E-03     6.200000000E-02
     4938     8.624721958E-03     4.668846202E-04     6.403063051E-02
     4939     8.906498501E-03    -5.936229327E-04     6.184016418E-02
     4940     9.000000000E-03    -1.675000000E-03     5.700000000E-02
     4941     9.500000000E-03    -3.275000000E-03     5.800000000E-02
     4942     9.500000000E-03    -3.275000000E-03     6.000000000E-02
     4943     9.000000000E-03    -3.025000000E-03     6.000000000E-02
     4944     9.000000000E-03    -3.025000000E-03     5.800000000E-02
     4945     8.906498501E-03    -5.936229327E-04     5.984016418E-02
     4946     8.842995039E-03    -2.772833077E-04     5.800589027E-02
     4947     9.000000000E-03    -1.675000000E-03     5.300000000E-02
     4948     9.500000000E-03    -3.275000000E-03     5.400000000E-02
     4949     9.500000000E-03    -3.275000000E-03     5.600000000E-02
     4950     9.000000000E-03    -3.025000000E-03     5.600000000E-02
     4951     9.000000000E-03    -3.025000000E-03     5.400000000E-02
     4952     8.842995039E-03    -2.772833077E-04     5.600589027E-02
     4953     8.822343509E-03    -1.894327809E-04     5.373517734E-02
     4954     8.623054344E-03     4.714918431E-04     5.486053328E-02
     4955     9.000000000E-03    -1.675000000E-03     4.900000000E-02
     4956     9.500000000E-03    -3.275000000E-03     5.000000000E-02
     4957     9.500000000E-03    -3.275000000E-03     5.200000000E-02
     4958     9.000000000E-03    -3.025000000E-03     5.200000000E-02
     4959     9.000000000E-03    -3.025000000E-03     5.000000000E-02
     4960     8.822343509E-03    -1.894327809E-04     5.173517734E-02
     4961     8.881316388E-03    -4.579019285E-04     4.996663696E-02
     4962     8.699575139E-03     2.472638092E-04     4.583674366E-02
     4963     9.500000000E-03    -3.275000000E-03     4.600000000E-02
     4964     9.500000000E-03    -3.275000000E-03     4.800000000E-02
     4965     9.000000000E-03    -3.025000000E-03     4.800000000E-02
     4966     9.000000000E-03    -1.675000000E-03     4.600000000E-02
     4967     8.881316388E-03    -4.579019285E-04     4.796663696E-02
     4968     7.765366865E-03    -6.222759065E-03     4.300000000E-02
     4969     7.000000000E-03    -6.375000000E-03     4.500000000E-02
     4970     6.218750000E-03    -6.375000000E-03     4.300000000E-02
     4971     6.609375000E-03    -7.117581517E-03     4.374258152E-02
     4972     7.765366865E-03    -6.222759065E-03     4.500000000E-02
     4973     9.207106781E-03    -5.332106781E-03     4.400000000E-02
     4974     8.847759065E-03    -5.140366865E-03     4.400000000E-02
     4975     8.587836139E-03    -6.882339590E-03     4.500258912E-02
     4976     8.427066115E-03    -5.776243128E-03     4.500240010E-02
     4977     7.000000000E-03    -6.375000000E-03     6.500000000E-02
     4978     7.745345654E-03    -6.230925606E-03     6.650000000E-02
     4979     7.280304475E-03    -7.625243157E-03     6.589344997E-02
     4980     7.780242670E-03    -7.274502158E-03     6.696840931E-02
     4981     3.484374919E-03    -6.375000000E-03     6.799999995E-02
     4982     3.679687436E-03    -6.375000000E-03     6.599999992E-02
     4983     4.703612146E-03    -7.175308345E-03     6.842851125E-02
     4984     6.621674414E-03    -7.111433121E-03     6.816255640E-02
     4985     7.000000000E-03    -6.375000000E-03     6.100000000E-02
     4986     7.745345654E-03    -6.230925606E-03     6.450000000E-02
     4987     7.803914832E-03    -6.206316724E-03     6.231876927E-02
     4988     8.221993318E-03    -6.708393906E-03     6.357149803E-02
     4989     7.280304475E-03    -7.625243157E-03     6.389344997E-02
     4990     7.407004442E-03    -7.554725556E-03     6.226232391E-02
     4991     3.842447898E-03    -6.375000000E-03     6.166666664E-02
     4992     3.679687436E-03    -6.375000000E-03     6.399999992E-02
     4993     7.000000000E-03    -6.375000000E-03     5.700000000E-02
     4994     7.803914832E-03    -6.206316724E-03     6.031876927E-02
     4995     7.803744681E-03    -6.206391407E-03     5.831924764E-02
     4996     8.304002679E-03    -6.543462298E-03     5.968442259E-02
     4997     7.407004442E-03    -7.554725556E-03     6.026232391E-02
     4998     7.407004442E-03    -7.554725556E-03     5.826232391E-02
     4999     3.842447898E-03    -6.375000000E-03     5.966666664E-02
     5000     3.979890036E-03    -6.375000000E-03     5.646296295E-02
     5001     7.000000000E-03    -6.375000000E-03     5.300000000E-02
     5002     7.803744681E-03    -6.206391407E-03     5.631924764E-02
     5003     7.803744262E-03    -6.206391592E-03     5.431924530E-02
     5004     8.306978967E-03    -6.536777127E-03     5.569481230E-02
     5005     7.407004442E-03    -7.554725556E-03     5.626232391E-02
     5006     7.407004442E-03    -7.554725556E-03     5.426232391E-02
     5007     3.979890036E-03    -6.375000000E-03     5.446296295E-02
     5008     7.000000000E-03    -6.375000000E-03     4.900000000E-02
     5009     7.803744262E-03    -6.206391592E-03     5.231924530E-02
     5010     7.792846899E-03    -6.211135560E-03     5.027205771E-02
     5011     7.407004442E-03    -7.554725556E-03     5.226232391E-02
     5012     7.494322972E-03    -7.499609384E-03     5.040589954E-02
     5013     3.979890036E-03    -6.375000000E-03     5.246296295E-02
     5014     5.386710595E-03    -6.375000000E-03     4.923324331E-02
     5015     6.218750000E-03    -6.375000000E-03     4.500000000E-02
     5016     7.792846899E-03    -6.211135560E-03     4.827205771E-02
     5017     7.494322972E-03    -7.499609384E-03     4.840589954E-02
     5018     7.880729358E-03    -7.175232809E-03     4.700258912E-02
     5019     5.386710595E-03    -6.375000000E-03     4.723324331E-02
     5020     6.609375000E-03    -7.117581517E-03     4.574258152E-02
     5021     7.782204645E-03    -6.215694405E-03     4.700240010E-02
     5022    -6.074025149E-03    -6.260819299E-03     4.300000000E-02
     5023    -5.500000000E-03    -6.375000000E-03     4.400000000E-02
     5024    -4.718750000E-03    -6.375000000E-03     4.300000000E-02
     5025    -5.500000000E-03    -6.375000000E-03     6.500000000E-02
     5026    -5.500000000E-03    -6.375000000E-03     6.800000000E-02
     5027    -6.077240807E-03    -6.259482954E-03     6.757183296E-02
     5028    -6.100791993E-03    -6.249426783E-03     6.600000000E-02
     5029    -7.046416689E-03    -7.259348624E-03     6.697171319E-02
     5030    -2.765625081E-03    -6.375000000E-03     6.799999995E-02
     5031    -2.570312564E-03    -6.375000000E-03     6.599999992E-02
     5032    -4.508635239E-03    -7.000345174E-03     6.829430099E-02
     5033    -4.870437269E-03    -7.365687797E-03     6.609306362E-02
     5034    -6.561888482E-03    -6.684426146E-03     6.828591648E-02
     5035    -5.500000000E-03    -6.375000000E-03     6.100000000E-02
     5036    -2.751858548E-03    -7.875000000E-03     6.327900354E-02
     5037    -6.100791993E-03    -6.249426783E-03     6.400000000E-02
     5038    -6.100791993E-03    -6.249426783E-03     6.200000000E-02
     5039    -6.617091523E-03    -7.578101771E-03     6.172613951E-02
     5040    -2.407552102E-03    -6.375000000E-03     6.166666664E-02
     5041    -2.570312564E-03    -6.375000000E-03     6.399999992E-02
     5042    -4.870437269E-03    -7.365687797E-03     6.409306362E-02
     5043    -6.587462620E-03    -6.589397067E-03     6.294828551E-02
     5044    -5.500000000E-03    -6.375000000E-03     5.700000000E-02
     5045    -2.751858548E-03    -7.875000000E-03     6.127900354E-02
     5046    -2.750000000E-03    -7.875000000E-03     5.800000004E-02
     5047    -6.100791993E-03    -6.249426783E-03     6.000000000E-02
     5048    -6.100791993E-03    -6.249426783E-03     5.800000000E-02
     5049    -6.612937655E-03    -7.580471753E-03     5.774093101E-02
     5050    -6.617091523E-03    -7.578101771E-03     5.972613951E-02
     5051    -2.407552102E-03    -6.375000000E-03     5.966666664E-02
     5052    -2.270109964E-03    -6.375000000E-03     5.646296295E-02
     5053    -5.500000000E-03    -6.375000000E-03     5.300000000E-02
     5054    -2.750000000E-03    -7.875000000E-03     5.600000004E-02
     5055    -2.778543536E-03    -7.875000000E-03     5.247810419E-02
     5056    -6.100791993E-03    -6.249426783E-03     5.600000000E-02
     5057    -6.100791993E-03    -6.249426783E-03     5.400000000E-02
     5058    -6.607479232E-03    -7.583568291E-03     5.391018867E-02
     5059    -6.612937655E-03    -7.580471753E-03     5.574093101E-02
     5060    -2.270109964E-03    -6.375000000E-03     5.446296295E-02
     5061    -5.500000000E-03    -6.375000000E-03     4.900000000E-02
     5062    -2.778543536E-03    -7.875000000E-03     5.047810419E-02
     5063    -6.074799150E-03    -6.260498443E-03     4.889339841E-02
     5064    -6.100791993E-03    -6.249426783E-03     5.200000000E-02
     5065    -2.270109964E-03    -6.375000000E-03     5.246296295E-02
     5066    -3.527908647E-03    -6.375000000E-03     4.899571898E-02
     5067    -5.765461109E-03    -7.014868646E-03     4.994669921E-02
     5068    -5.500000000E-03    -6.375000000E-03     4.600000000E-02
     5069    -6.074799150E-03    -6.260498443E-03     4.689339841E-02
     5070    -3.527908647E-03    -6.375000000E-03     4.699571898E-02
     5071    -5.765461109E-03    -7.014868646E-03     4.794669921E-02
     5072    -3.020833333E-03    -6.750000000E-03     4.300000000E-02
     5073    -3.156250000E-03    -6.375000000E-03     4.300000000E-02
     5074    -1.593750000E-03    -6.375000000E-03     4.300000000E-02
     5075    -1.965408647E-03    -6.375000000E-03     4.499571898E-02
     5076    -1.951192262E-03    -7.047790335E-03     4.355812779E-02
     5077    -2.955306749E-03    -6.947199529E-03     4.386105696E-02
     5078    -2.773850260E-03    -7.258130379E-03     4.322406572E-02
     5079     3.750000000E-04    -6.750000000E-03     4.300000000E-02
     5080    -3.125000000E-05    -6.375000000E-03     4.300000000E-02
     5081     1.531250000E-03    -6.375000000E-03     4.300000000E-02
     5082     1.140624959E-03    -6.375000000E-03     4.399999973E-02
     5083     4.576904925E-04    -6.950412510E-03     4.350497247E-02
     5084     3.770833333E-03    -6.750000000E-03     4.300000000E-02
     5085     3.093750000E-03    -6.375000000E-03     4.300000000E-02
     5086     4.656250000E-03    -6.375000000E-03     4.300000000E-02
     5087     2.703124959E-03    -6.375000000E-03     4.399999973E-02
     5088     3.824210595E-03    -6.375000000E-03     4.523324331E-02
     5089     3.472979922E-03    -6.976743442E-03     4.350372191E-02
     5090    -7.898961317E-03    -2.675000000E-03     9.427791721E-02
     5091    -8.776855559E-03    -3.525000000E-03     9.263549261E-02
     5092    -7.898961317E-03    -3.525000000E-03     9.427791721E-02
     5093    -8.299150639E-03    -2.188042913E-05     9.276569581E-02
     5094    -7.518354399E-03    -1.087491096E-03     9.458117931E-02
     5095    -7.006296787E-03    -2.737318972E-03     9.263545058E-02
     5096    -5.277917214E-03    -2.675000000E-03     9.689896132E-02
     5097    -6.717514421E-03    -3.525000000E-03     9.571751442E-02
     5098    -5.277917214E-03    -3.525000000E-03     9.689896132E-02
     5099    -6.256045975E-03    -1.130143966E-03     9.597664839E-02
     5100    -5.976626218E-03    -2.737318972E-03     9.417646148E-02
     5101    -1.853358059E-03    -2.675000000E-03     9.831746016E-02
     5102    -3.635492607E-03    -3.525000000E-03     9.777685556E-02
     5103    -4.729561818E-03    -1.117324293E-03     9.708717118E-02
     5104    -3.160331639E-03    -8.677009875E-04     9.777069277E-02
     5105    -4.435615311E-03    -2.737318972E-03     9.520613205E-02
     5106    -2.171366844E-03    -2.009737381E-03     9.674412960E-02
     5107     1.853358059E-03    -2.675000000E-03     9.831746016E-02
     5108    -1.853358059E-03    -3.525000000E-03     9.831746016E-02
     5109     5.253126628E-17    -3.525000000E-03     9.850000000E-02
     5110     1.853358059E-03    -3.525000000E-03     9.831746016E-02
     5111     9.092081281E-04    -1.496620772E-03     9.838108612E-02
     5112    -1.323596165E-03    -8.522599989E-04     9.822515910E-02
     5113     9.479444272E-04    -2.984156870E-03     9.717683908E-02
     5114    -3.536205403E-04    -2.009737381E-03     9.710570182E-02
     5115     5.277917214E-03    -2.675000000E-03     9.689896132E-02
     5116     3.635492607E-03    -3.525000000E-03     9.777685556E-02
     5117     5.277917214E-03    -3.525000000E-03     9.689896132E-02
     5118     2.749987457E-03    -1.496620771E-03     9.801493235E-02
     5119     4.315497128E-03    -9.689148598E-04     9.728568786E-02
     5120     2.765690731E-03    -2.984156870E-03     9.681526686E-02
     5121     7.898961317E-03    -2.675000000E-03     9.427791721E-02
     5122     6.717514421E-03    -3.525000000E-03     9.571751442E-02
     5123     7.898961317E-03    -3.525000000E-03     9.427791721E-02
     5124     7.059705817E-03    -1.251274598E-03     9.519190664E-02
     5125     5.894817954E-03    -9.655935282E-04     9.624676950E-02
     5126     5.196322481E-03    -3.626252869E-03     9.398538114E-02
     5127     5.461163001E-03    -1.341487153E-03     9.375625812E-02
     5128     4.306701638E-03    -2.984156870E-03     9.578559629E-02
     5129     9.121065794E-03    -8.257821709E-04     9.088739767E-02
     5130     8.776855559E-03    -3.525000000E-03     9.263549261E-02
     5131     8.592118209E-03    -2.759010976E-04     9.224714020E-02
     5132     8.152409393E-03    -1.242512847E-03     9.365744625E-02
     5133     6.225993050E-03    -3.626252869E-03     9.244437024E-02
     5134     6.490833570E-03    -1.341487153E-03     9.221524721E-02
     5135     1.732050808E-04     6.625000000E-03     8.910000000E-02
     5136    -8.985325504E-18     6.625000000E-03     8.852507103E-02
     5137     6.563293712E-04     6.613797743E-03     8.900000000E-02
     5138     2.000000000E-04     6.625000000E-03     8.852507103E-02
     5139     4.152961572E-04     6.621444224E-03     8.919107816E-02
     5140     3.001326860E-05     6.418908016E-03     8.897715360E-02
     5141     2.848005595E-04     6.118806519E-03     8.858160144E-02
     5142     2.551616051E-04     6.425183594E-03     8.907829953E-02
     5143     7.932667394E-03     2.491803167E-03     8.900000000E-02
     5144     7.224019848E-03     6.794779605E-04     8.900000000E-02
     5145     8.412979208E-03     1.477304646E-03     9.035601296E-02
     5146     8.048578164E-03     2.313969914E-03     8.770323745E-02
     5147     8.806640769E-03     8.485968374E-04     8.730776760E-02
     5148     8.226303919E-03    -2.347749445E-05     8.815388380E-02
     5149     5.366803167E-03     5.057667394E-03     8.900000000E-02
     5150     5.063046533E-03     3.341026554E-03     8.900000000E-02
     5151     6.216026554E-03     2.188046533E-03     8.900000000E-02
     5152     7.421131064E-03     3.029507560E-03     9.036139476E-02
     5153     6.568113632E-03     3.821958503E-03     9.095987968E-02
     5154     6.924470188E-03     3.749289897E-03     8.770323745E-02
     5155     3.554477960E-03     4.349019848E-03     8.900000000E-02
     5156     2.899647498E-03     6.224545122E-03     8.900000000E-02
     5157     2.794757953E-03     4.663706179E-03     8.900000000E-02
     5158     2.868937029E-03     6.181579963E-03     8.999757806E-02
     5159     5.137013875E-03     4.971065094E-03     9.094844155E-02
     5160     5.541944594E-03     4.937728023E-03     8.770323745E-02
     5161     3.614008723E-03     5.975696182E-03     8.712511772E-02
     5162     3.080993565E-03     5.408152982E-03     8.803464203E-02
     5163     5.298865649E-17     6.625000000E-03     8.920000000E-02
     5164    -2.962007311E-04     6.623367418E-03     8.922875244E-02
     5165    -6.263881264E-05     6.622732820E-03     8.940047219E-02
     5166    -1.199867314E-04     6.418908016E-03     8.906375614E-02
     5167     3.737579514E-05     6.622801372E-03     8.940047323E-02
     5168     3.652826467E-04     6.621396745E-03     8.927770215E-02
     5169    -1.998673140E-05     6.418908016E-03     8.906375614E-02
     5170     2.051616051E-04     6.425183594E-03     8.916490207E-02
     5171    -7.898961317E-03    -4.375000000E-03     9.427791721E-02
     5172    -8.204698206E-03    -5.675167772E-03     9.343784522E-02
     5173    -7.006296787E-03    -3.587318972E-03     9.263545058E-02
     5174    -5.277917214E-03    -4.375000000E-03     9.689896132E-02
     5175    -5.314210981E-03    -6.884907000E-03     9.604478926E-02
     5176    -7.139595808E-03    -5.671019957E-03     9.500487456E-02
     5177    -4.261448389E-03    -4.904403387E-03     9.450465725E-02
     5178    -5.976626218E-03    -3.587318972E-03     9.417646148E-02
     5179    -1.853358059E-03    -4.375000000E-03     9.831746016E-02
     5180    -3.678766851E-03    -6.837819154E-03     9.705069121E-02
     5181    -2.663567278E-03    -5.675167755E-03     9.793962814E-02
     5182    -2.720437482E-03    -4.904403387E-03     9.553432782E-02
     5183    -4.435615311E-03    -3.587318972E-03     9.520613205E-02
     5184    -8.698018765E-04    -3.834156870E-03     9.681526686E-02
     5185    -2.171366844E-03    -2.859737381E-03     9.674412960E-02
     5186     1.853358059E-03    -4.375000000E-03     9.831746016E-02
     5187     1.223703588E-03    -6.884906992E-03     9.773913287E-02
     5188    -8.023690827E-04    -5.671019944E-03     9.829454410E-02
     5189     9.479444272E-04    -3.834156870E-03     9.717683908E-02
     5190     5.277917214E-03    -4.375000000E-03     9.689896132E-02
     5191     3.091416617E-03    -6.837819158E-03     9.729397960E-02
     5192     4.437845382E-03    -5.675167762E-03     9.720469807E-02
     5193     2.765690731E-03    -3.834156870E-03     9.681526686E-02
     5194     7.898961317E-03    -4.375000000E-03     9.427791721E-02
     5195     6.004874714E-03    -5.671019944E-03     9.613959566E-02
     5196     5.196322481E-03    -4.476252869E-03     9.398538114E-02
     5197     4.306701638E-03    -3.834156870E-03     9.578559629E-02
     5198     7.304694340E-03    -5.764401214E-03     9.476096435E-02
     5199     6.225993050E-03    -4.476252869E-03     9.244437024E-02
     5200    -1.722075446E-03    -9.375000000E-03     9.315745790E-02
     5201    -1.590990258E-03    -9.375000000E-03     9.007884528E-02
     5202    -3.203715424E-03    -9.211815234E-03     9.379522429E-02
     5203    -5.489177616E-03    -8.713126476E-03     9.332139161E-02
     5204    -2.493681436E-03    -7.404403387E-03     9.273689030E-02
     5205     1.722075446E-03    -9.375000000E-03     9.315745790E-02
     5206     2.689995373E-17    -9.375000000E-03     9.073785502E-02
     5207    -1.599229913E-03    -9.230966942E-03     9.446216264E-02
     5208     1.125366709E-03    -9.211815239E-03     9.465610452E-02
     5209    -8.257493953E-04    -8.713126476E-03     9.593712003E-02
     5210     1.837565271E-03    -6.976252869E-03     9.287662393E-02
     5211    -9.026911781E-04    -7.404403387E-03     9.339590004E-02
     5212     1.590990258E-03    -9.375000000E-03     9.007884528E-02
     5213     2.731505918E-03    -9.230966940E-03     9.399315855E-02
     5214     4.321391795E-03    -8.713126469E-03     9.448917749E-02
     5215     3.428555528E-03    -6.976252869E-03     9.221761419E-02
     5216     4.654772721E-03     1.779772721E-03     8.900000000E-02
     5217     2.610905624E-03     3.145441055E-03     8.900000000E-02
     5218     2.637236636E-03     4.523559399E-03     8.998811236E-02
     5219     4.715692131E-03     3.119883284E-03     9.091829115E-02
     5220     3.170740394E-03     2.880600914E-03     8.688668195E-02
     5221     4.482155959E-03     1.945945827E-03     8.729567142E-02
     5222     5.209671983E-03     3.187549908E-03     8.770323745E-02
     5223     1.858333411E-03     1.536313337E-03     8.900000000E-02
     5224     3.380234554E-03     4.772173861E-04     8.900000000E-02
     5225     3.777405791E-03     1.386492869E-03     9.039750091E-02
     5226     2.561331854E-03     2.737987141E-03     9.077757897E-02
     5227     2.876515604E-03     3.840093178E-03     8.803464203E-02
     5228     2.135543130E-03     2.638941750E-03     8.988878949E-02
     5229     6.736240431E-03     1.217897993E-03     9.033849597E-02
     5230     5.868672153E-03     1.966903263E-03     9.091829115E-02
     5231     5.532233865E-03     6.801873281E-04     8.729567146E-02
     5232     6.362652004E-03     2.034569886E-03     8.770323745E-02
     5233     4.533214576E-03    -6.757626358E-04     8.900000000E-02
     5234     4.930385813E-03     2.335128469E-04     9.039750091E-02
     5235     6.658244115E-03    -2.279554549E-04     8.815388380E-02
     5236    -6.885819299E-03    -5.449025149E-03     4.300000000E-02
     5237    -7.000000000E-03    -3.750000000E-03     4.300000000E-02
     5238    -7.000000000E-03    -4.875000000E-03     4.400000000E-02
     5239    -7.228301720E-03    -5.843856808E-03     4.392029430E-02
     5240    -6.074025149E-03    -6.260819299E-03     4.400000000E-02
     5241    -6.885819299E-03    -5.449025149E-03     4.400000000E-02
     5242    -6.561252470E-03    -5.935067542E-03     4.489339841E-02
     5243    -7.008631806E-03    -6.374186894E-03     4.392029430E-02
     5244    -7.000000000E-03    -4.875000000E-03     4.900000000E-02
     5245    -7.000000000E-03    -2.625000000E-03     4.700000000E-02
     5246    -7.000000000E-03    -2.625000000E-03     4.900000000E-02
     5247    -7.000000000E-03    -4.875000000E-03     4.600000000E-02
     5248    -6.886139722E-03    -5.448250968E-03     4.689339841E-02
     5249    -8.155540241E-03    -6.071418151E-03     4.848703278E-02
     5250    -7.750000000E-03    -3.750000000E-03     4.800000000E-02
     5251    -7.000000000E-03    -4.875000000E-03     5.300000000E-02
     5252    -7.000000000E-03    -2.625000000E-03     5.100000000E-02
     5253    -7.000000000E-03    -2.625000000E-03     5.300000000E-02
     5254    -6.886139722E-03    -5.448250968E-03     4.889339841E-02
     5255    -6.896690591E-03    -5.422042406E-03     5.200000000E-02
     5256    -8.155540241E-03    -6.071418151E-03     5.048703278E-02
     5257    -7.998070294E-03    -4.308162950E-03     5.200000000E-02
     5258    -7.750000000E-03    -3.750000000E-03     5.000000000E-02
     5259    -7.000000000E-03    -4.875000000E-03     5.700000000E-02
     5260    -7.000000000E-03    -2.625000000E-03     5.500000000E-02
     5261    -7.000000000E-03    -2.625000000E-03     5.700000000E-02
     5262    -6.896690591E-03    -5.422042406E-03     5.600000000E-02
     5263    -6.896690591E-03    -5.422042406E-03     5.400000000E-02
     5264    -8.186141709E-03    -6.021235265E-03     5.630146381E-02
     5265    -8.185334010E-03    -6.022598479E-03     5.443481232E-02
     5266    -7.998070294E-03    -4.308162950E-03     5.400000000E-02
     5267    -7.750000000E-03    -3.750000000E-03     5.600000000E-02
     5268    -7.000000000E-03    -4.875000000E-03     6.100000000E-02
     5269    -7.000000000E-03    -2.625000000E-03     5.900000000E-02
     5270    -7.000000000E-03    -2.625000000E-03     6.100000000E-02
     5271    -6.896690591E-03    -5.422042406E-03     6.000000000E-02
     5272    -6.896690591E-03    -5.422042406E-03     5.800000000E-02
     5273    -8.189772757E-03    -6.015079669E-03     6.027455996E-02
     5274    -8.186141709E-03    -6.021235265E-03     5.830146381E-02
     5275    -7.750000000E-03    -3.750000000E-03     5.800000000E-02
     5276    -7.977328598E-03    -4.345764678E-03     6.000000000E-02
     5277    -7.000000000E-03    -4.875000000E-03     6.500000000E-02
     5278    -7.000000000E-03    -2.625000000E-03     6.300000000E-02
     5279    -6.896690591E-03    -5.422042406E-03     6.400000000E-02
     5280    -6.896690591E-03    -5.422042406E-03     6.200000000E-02
     5281    -8.204776595E-03    -5.989158186E-03     6.392215618E-02
     5282    -7.977328598E-03    -4.345764678E-03     6.200000000E-02
     5283    -7.337462620E-03    -5.839397067E-03     6.294828551E-02
     5284    -7.000000000E-03    -2.625000000E-03     6.500000000E-02
     5285    -7.000000000E-03    -2.625000000E-03     6.700000000E-02
     5286    -7.000000000E-03    -4.875000000E-03     6.800000000E-02
     5287    -6.887148175E-03    -5.445806396E-03     6.757183296E-02
     5288    -6.896690591E-03    -5.422042406E-03     6.600000000E-02
     5289    -7.796416689E-03    -6.509348624E-03     6.697171319E-02
     5290    -7.311888482E-03    -5.934426146E-03     6.828591648E-02
     5291    -7.000000000E-03    -1.500000000E-03     4.300000000E-02
     5292    -7.000000000E-03    -3.750000000E-04     4.500000000E-02
     5293    -6.870117713E-03     7.572297810E-04     4.386415405E-02
     5294    -7.000000000E-03    -1.500000000E-03     4.500000000E-02
     5295    -7.000000000E-03    -3.750000000E-03     4.400000000E-02
     5296    -7.000000000E-03    -3.750000000E-04     4.900000000E-02
     5297    -6.861380888E-03     7.941774280E-04     4.580856747E-02
     5298    -7.000000000E-03    -2.625000000E-03     4.600000000E-02
     5299    -6.845310104E-03     8.590867070E-04     4.796008750E-02
     5300    -7.750000000E-03    -1.500000000E-03     4.800000000E-02
     5301    -7.000000000E-03    -3.750000000E-04     5.300000000E-02
     5302    -6.845310104E-03     8.590867070E-04     4.996008750E-02
     5303    -6.793246861E-03     1.047949235E-03     5.178242025E-02
     5304    -8.124526020E-03     1.316984377E-03     5.034803682E-02
     5305    -8.262988913E-03     9.814344594E-04     5.209281276E-02
     5306    -7.998070294E-03    -2.058162950E-03     5.200000000E-02
     5307    -7.750000000E-03    -1.500000000E-03     5.000000000E-02
     5308    -7.000000000E-03    -3.750000000E-04     5.700000000E-02
     5309    -6.793246861E-03     1.047949235E-03     5.378242025E-02
     5310    -6.843589485E-03     8.658226722E-04     5.576879509E-02
     5311    -8.262988913E-03     9.814344594E-04     5.409281276E-02
     5312    -8.303141784E-03     8.644000837E-04     5.582344351E-02
     5313    -7.998070294E-03    -2.058162950E-03     5.400000000E-02
     5314    -7.750000000E-03    -1.500000000E-03     5.600000000E-02
     5315    -7.000000000E-03    -3.750000000E-04     6.100000000E-02
     5316    -6.843589485E-03     8.658226722E-04     5.776879509E-02
     5317    -6.843589485E-03     8.658226722E-04     5.976879509E-02
     5318    -8.303141784E-03     8.644000837E-04     5.782344351E-02
     5319    -8.204523512E-03     1.133809315E-03     5.987088852E-02
     5320    -7.750000000E-03    -1.500000000E-03     5.800000000E-02
     5321    -7.977328598E-03    -2.095764678E-03     6.000000000E-02
     5322    -7.000000000E-03    -3.750000000E-04     6.500000000E-02
     5323    -6.843589485E-03     8.658226722E-04     6.176879509E-02
     5324    -6.835512549E-03     8.969348992E-04     6.360100700E-02
     5325    -8.204523512E-03     1.133809315E-03     6.187088852E-02
     5326    -8.211782554E-03     1.115862259E-03     6.375318841E-02
     5327    -7.977328598E-03    -2.095764678E-03     6.200000000E-02
     5328    -6.861394669E-03     7.941201264E-04     6.819132769E-02
     5329    -7.000000000E-03    -2.625000000E-03     6.800000000E-02
     5330    -6.835512549E-03     8.969348992E-04     6.560100700E-02
     5331    -6.741105192E-03     1.213055907E-03     6.655124554E-02
     5332    -8.211782554E-03     1.115862259E-03     6.575318841E-02
     5333    -7.507273276E-03     7.026047107E-04     6.726086421E-02
     5334    -7.750000000E-03    -9.375000000E-04     6.800000000E-02
     5335    -5.722509440E-03     2.963101755E-03     4.522813341E-02
     5336    -6.422406247E-03     1.957878692E-03     4.676865495E-02
     5337    -5.654670147E-03     3.037240630E-03     4.729457461E-02
     5338    -4.783878639E-03     3.778314306E-03     4.766591644E-02
     5339    -5.722568197E-03     2.963036220E-03     6.877170921E-02
     5340    -4.832602216E-03     3.745238426E-03     6.671831083E-02
     5341    -5.393080600E-03     3.297465662E-03     6.721676884E-02
     5342    -4.571604178E-03     4.646516776E-03     6.679567029E-02
     5343    -6.238351080E-03     2.277617599E-03     6.774257300E-02
     5344    -7.233904785E-03     1.839315553E-03     6.845219190E-02
     5345    -7.476631510E-03     1.992108421E-04     6.919132769E-02
     5346    -4.977331728E-03    -9.375000000E-03     4.113125000E-02
     5347    -4.875000000E-03    -9.375000000E-03     4.055000000E-02
     5348    -4.750000060E-03    -8.812500000E-03     4.100000000E-02
     5349    -5.010444689E-03    -8.727433698E-03     4.129528483E-02
     5350     2.486797456E-03    -9.375000000E-03     3.623567136E-02
     5351     2.490098049E-03    -8.812500000E-03     3.600000000E-02
     5352     1.867573536E-03    -9.375000000E-03     3.600000000E-02
     5353    -2.486797456E-03    -9.375000000E-03     3.623567136E-02
     5354    -1.867573536E-03    -9.375000000E-03     3.600000000E-02
     5355    -2.490098049E-03    -8.812500000E-03     3.600000000E-02
     5356    -1.517883041E-17    -9.375000000E-03     3.677500000E-02
     5357    -6.225245122E-04    -8.250000000E-03     3.600000000E-02
     5358    -6.225245122E-04    -9.375000000E-03     3.600000000E-02
     5359     6.225245122E-04    -9.375000000E-03     3.600000000E-02
     5360     8.112622561E-04    -8.812500000E-03     3.638750000E-02
     5361    -8.112622561E-04    -8.812500000E-03     3.638750000E-02
     5362     4.977331668E-03    -9.375000000E-03     4.113125000E-02
     5363     4.875000000E-03    -8.250000000E-03     4.055000000E-02
     5364     4.875000000E-03    -9.375000000E-03     4.055000000E-02
     5365     4.750000000E-03    -8.812500000E-03     4.100000000E-02
     5366     5.010444629E-03    -8.727433698E-03     4.122971517E-02
     5367    -2.770320270E-03    -9.375000000E-03     3.659709345E-02
     5368    -3.500000000E-03    -9.375000000E-03     3.710000000E-02
     5369    -3.625000000E-03    -9.375000000E-03     3.665000000E-02
     5370    -3.000000000E-03    -8.812500000E-03     3.665000000E-02
     5371    -2.500000000E-03    -9.375000000E-03     3.710000000E-02
     5372    -3.000000000E-03    -9.375000000E-03     3.710000000E-02
     5373    -3.269618056E-03    -9.118906250E-03     3.687500000E-02
     5374    -1.915990617E-03    -9.375000000E-03     3.622451852E-02
     5375    -2.486797456E-03    -8.812500000E-03     3.623567136E-02
     5376    -2.770320270E-03    -8.812500000E-03     3.659709345E-02
     5377    -2.293466104E-03    -9.375000000E-03     3.699951852E-02
     5378    -2.104728361E-03    -8.812500000E-03     3.661201852E-02
     5379     2.737500000E-03    -9.375000000E-03     3.957033666E-02
     5380     3.500000000E-03    -9.375000000E-03     3.905000000E-02
     5381     3.625000000E-03    -9.375000000E-03     3.950000000E-02
     5382     3.000000000E-03    -8.812500000E-03     3.950000000E-02
     5383     3.500000000E-03    -8.812500000E-03     3.905000000E-02
     5384     2.500000000E-03    -9.375000000E-03     3.905000000E-02
     5385     3.000000000E-03    -9.375000000E-03     3.905000000E-02
     5386     2.548645963E-03    -9.003484076E-03     3.945000171E-02
     5387     2.737500000E-03    -9.375000000E-03     4.047966334E-02
     5388     3.500000000E-03    -9.375000000E-03     4.100000000E-02
     5389     3.625000000E-03    -9.375000000E-03     4.055000000E-02
     5390     3.000000000E-03    -8.812500000E-03     4.055000000E-02
     5391     2.499999985E-03    -9.375000000E-03     4.100000000E-02
     5392     2.999999993E-03    -9.375000000E-03     4.100000000E-02
     5393     3.279513888E-03    -9.046875000E-03     4.076250000E-02
     5394     2.475000000E-03    -9.375000000E-03     4.002500000E-02
     5395     2.737500000E-03    -8.812500000E-03     3.957033666E-02
     5396     2.272668332E-03    -9.375000000E-03     3.918125000E-02
     5397     1.847552874E-03    -9.375000000E-03     3.986511061E-02
     5398     2.485380585E-03    -8.727433698E-03     3.992111613E-02
     5399     2.109930841E-03    -8.831149256E-03     4.014356098E-02
     5400     2.321314295E-03    -9.003484076E-03     3.958125171E-02
     5401     2.737500000E-03    -8.812500000E-03     4.047966334E-02
     5402     2.272668317E-03    -9.375000000E-03     4.086875000E-02
     5403     1.847552874E-03    -9.375000000E-03     4.012761061E-02
     5404     2.502384580E-03    -8.727433698E-03     4.019234364E-02
     5405     2.109930841E-03    -8.831149256E-03     4.040606098E-02
     5406    -2.737500000E-03    -9.375000000E-03     4.047966334E-02
     5407    -3.500000060E-03    -9.375000000E-03     4.100000000E-02
     5408    -3.625000000E-03    -9.375000000E-03     4.055000000E-02
     5409    -3.000000000E-03    -8.812500000E-03     4.055000000E-02
     5410    -3.500000060E-03    -8.812500000E-03     4.100000000E-02
     5411    -2.500000045E-03    -9.375000000E-03     4.100000000E-02
     5412    -3.000000052E-03    -9.375000000E-03     4.100000000E-02
     5413    -2.737500000E-03    -9.375000000E-03     3.957033666E-02
     5414    -3.500000000E-03    -9.375000000E-03     3.905000000E-02
     5415    -3.625000000E-03    -9.375000000E-03     3.950000000E-02
     5416    -3.000000000E-03    -8.812500000E-03     3.950000000E-02
     5417    -2.500000000E-03    -9.375000000E-03     3.905000000E-02
     5418    -3.000000000E-03    -9.375000000E-03     3.905000000E-02
     5419    -3.269618056E-03    -9.118906250E-03     3.927500000E-02
     5420    -2.475000000E-03    -9.375000000E-03     4.002500000E-02
     5421    -2.737500000E-03    -8.812500000E-03     4.047966334E-02
     5422    -2.272668376E-03    -9.375000000E-03     4.086875000E-02
     5423    -1.848212873E-03    -9.375000000E-03     4.018770316E-02
     5424    -2.485380585E-03    -8.727433698E-03     4.012888387E-02
     5425    -2.143442332E-03    -8.740876126E-03     4.044622372E-02
     5426    -2.078570806E-03    -8.840696530E-03     3.991542592E-02
     5427    -2.737500000E-03    -8.812500000E-03     3.957033666E-02
     5428    -2.272668332E-03    -9.375000000E-03     3.918125000E-02
     5429    -1.848212873E-03    -9.375000000E-03     3.992520316E-02
     5430    -2.502384580E-03    -8.727433698E-03     3.985765636E-02
     5431    -2.078570806E-03    -8.840696530E-03     3.965292592E-02
     5432     2.770320270E-03    -9.375000000E-03     3.659709345E-02
     5433     3.500000000E-03    -9.375000000E-03     3.710000000E-02
     5434     3.625000000E-03    -9.375000000E-03     3.665000000E-02
     5435     3.000000000E-03    -8.812500000E-03     3.665000000E-02
     5436     2.500000000E-03    -9.375000000E-03     3.710000000E-02
     5437     3.000000000E-03    -9.375000000E-03     3.710000000E-02
     5438     3.269618056E-03    -9.118906250E-03     3.687500000E-02
     5439     2.486797456E-03    -8.812500000E-03     3.623567136E-02
     5440     1.915990617E-03    -9.375000000E-03     3.622451852E-02
     5441     2.770320270E-03    -8.812500000E-03     3.659709345E-02
     5442     2.293466104E-03    -9.375000000E-03     3.699951852E-02
     5443     2.104728361E-03    -8.812500000E-03     3.661201852E-02
     5444    -4.262500119E-03    -9.375000000E-03     4.152033666E-02
     5445    -4.125000060E-03    -9.375000000E-03     4.100000000E-02
     5446    -4.000000119E-03    -8.812500000E-03     4.145000000E-02
     5447    -3.500000112E-03    -9.375000000E-03     4.145000000E-02
     5448    -4.262500119E-03    -9.375000000E-03     4.242966334E-02
     5449    -4.000000119E-03    -8.812500000E-03     4.250000000E-02
     5450    -3.500000112E-03    -9.375000000E-03     4.250000000E-02
     5451    -2.500000083E-03    -9.375000000E-03     4.412499999E-02
     5452    -3.586350320E-03    -8.758130379E-03     4.297406572E-02
     5453    -4.525000119E-03    -9.375000000E-03     4.197500000E-02
     5454    -4.352331728E-03    -9.375000000E-03     4.113125000E-02
     5455    -4.262500119E-03    -8.812500000E-03     4.152033666E-02
     5456    -4.514619534E-03    -8.727433698E-03     4.187111613E-02
     5457    -4.262500119E-03    -8.812500000E-03     4.242966334E-02
     5458    -4.497615539E-03    -8.727433698E-03     4.214234364E-02
     5459     4.262500000E-03    -9.375000000E-03     4.152033666E-02
     5460     4.125000000E-03    -9.375000000E-03     4.100000000E-02
     5461     3.499999993E-03    -9.375000000E-03     4.145000000E-02
     5462     4.000000000E-03    -8.812500000E-03     4.145000000E-02
     5463     3.779513888E-03    -9.046875000E-03     4.121250000E-02
     5464    -1.000000075E-03    -8.250000000E-03     4.145000000E-02
     5465     9.999999553E-04    -9.375000000E-03     4.145000000E-02
     5466    -1.000000075E-03    -9.375000000E-03     4.145000000E-02
     5467     5.748845132E-04    -9.375000000E-03     4.070886061E-02
     5468    -5.755445717E-04    -9.375000000E-03     4.076895316E-02
     5469     8.372624799E-04    -8.831149256E-03     4.098731098E-02
     5470    -8.707740304E-04    -8.740876126E-03     4.102747372E-02
     5471     7.978132967E-05    -8.853423621E-03     4.067377230E-02
     5472     4.262500000E-03    -9.375000000E-03     4.242966334E-02
     5473     4.000000000E-03    -8.812500000E-03     4.250000000E-02
     5474     3.499999993E-03    -9.375000000E-03     4.250000000E-02
     5475     3.535479922E-03    -8.476743442E-03     4.325372191E-02
     5476     4.525000000E-03    -9.375000000E-03     4.197500000E-02
     5477     4.262500000E-03    -8.812500000E-03     4.242966334E-02
     5478     4.514619415E-03    -8.727433698E-03     4.207888387E-02
     5479     4.352331668E-03    -9.375000000E-03     4.113125000E-02
     5480     4.262500000E-03    -8.812500000E-03     4.152033666E-02
     5481     4.497615420E-03    -8.727433698E-03     4.180765636E-02
     5482     9.999999553E-04    -8.250000000E-03     4.250000000E-02
     5483    -2.980001293E-11    -8.250000000E-03     4.275000000E-02
     5484    -1.000000075E-03    -9.375000000E-03     4.250000000E-02
     5485     9.999999553E-04    -9.375000000E-03     4.250000000E-02
     5486    -5.000000535E-04    -9.375000000E-03     4.412499999E-02
     5487     8.269046273E-05    -8.450412510E-03     4.325497247E-02
     5488    -7.636922919E-04    -8.547790335E-03     4.330812779E-02
     5489    -4.262500000E-03    -9.375000000E-03     3.762033666E-02
     5490    -4.125000000E-03    -9.375000000E-03     3.710000000E-02
     5491    -4.000000000E-03    -8.812500000E-03     3.755000000E-02
     5492    -3.500000000E-03    -9.375000000E-03     3.755000000E-02
     5493    -3.769618056E-03    -9.118906250E-03     3.732500000E-02
     5494    -4.262500000E-03    -9.375000000E-03     3.852966334E-02
     5495    -4.125000000E-03    -9.375000000E-03     3.905000000E-02
     5496    -4.000000000E-03    -8.812500000E-03     3.860000000E-02
     5497    -3.500000000E-03    -9.375000000E-03     3.860000000E-02
     5498    -3.769618056E-03    -9.118906250E-03     3.882500000E-02
     5499    -4.525000000E-03    -9.375000000E-03     3.807500000E-02
     5500    -4.352331668E-03    -9.375000000E-03     3.723125000E-02
     5501    -4.262500000E-03    -8.812500000E-03     3.762033666E-02
     5502    -4.514619415E-03    -8.727433698E-03     3.797111613E-02
     5503    -4.352331668E-03    -9.375000000E-03     3.891875000E-02
     5504    -4.262500000E-03    -8.812500000E-03     3.852966334E-02
     5505    -4.497615420E-03    -8.727433698E-03     3.824234364E-02
     5506     4.262500000E-03    -9.375000000E-03     3.762033666E-02
     5507     4.125000000E-03    -9.375000000E-03     3.710000000E-02
     5508     3.500000000E-03    -9.375000000E-03     3.755000000E-02
     5509     4.000000000E-03    -8.812500000E-03     3.755000000E-02
     5510     3.769618056E-03    -9.118906250E-03     3.732500000E-02
     5511     1.000000000E-03    -8.250000000E-03     3.755000000E-02
     5512    -6.225245122E-04    -9.375000000E-03     3.677500000E-02
     5513     6.225245122E-04    -9.375000000E-03     3.677500000E-02
     5514     1.000000000E-03    -9.375000000E-03     3.755000000E-02
     5515    -1.000000000E-03    -9.375000000E-03     3.755000000E-02
     5516     8.112622561E-04    -8.812500000E-03     3.716250000E-02
     5517    -8.112622561E-04    -8.812500000E-03     3.716250000E-02
     5518     4.262500000E-03    -9.375000000E-03     3.852966334E-02
     5519     4.125000000E-03    -9.375000000E-03     3.905000000E-02
     5520     4.000000000E-03    -8.812500000E-03     3.860000000E-02
     5521     3.500000000E-03    -9.375000000E-03     3.860000000E-02
     5522     4.525000000E-03    -9.375000000E-03     3.807500000E-02
     5523     4.352331668E-03    -9.375000000E-03     3.891875000E-02
     5524     4.262500000E-03    -8.812500000E-03     3.852966334E-02
     5525     4.514619415E-03    -8.727433698E-03     3.817888387E-02
     5526     4.352331668E-03    -9.375000000E-03     3.723125000E-02
     5527     4.262500000E-03    -8.812500000E-03     3.762033666E-02
     5528     4.497615420E-03    -8.727433698E-03     3.790765636E-02
     5529    -1.000000000E-03    -8.250000000E-03     3.860000000E-02
     5530    -1.000000000E-03    -9.375000000E-03     3.860000000E-02
     5531     1.000000000E-03    -9.375000000E-03     3.860000000E-02
     5532     5.748845430E-04    -9.375000000E-03     3.928386061E-02
     5533    -5.755445419E-04    -9.375000000E-03     3.934395316E-02
     5534     7.978135947E-05    -8.853423621E-03     3.924877230E-02
     5535    -8.059024744E-04    -8.840696530E-03     3.907167592E-02
     5536    -4.262500000E-03    -7.125000000E-03     7.262033666E-02
     5537    -3.500000000E-03    -7.125000000E-03     7.210000000E-02
     5538    -3.500000000E-03    -7.125000000E-03     7.255000000E-02
     5539    -4.125000000E-03    -7.125000000E-03     7.210000000E-02
     5540    -4.000000000E-03    -7.687500000E-03     7.255000000E-02
     5541    -3.731745353E-03    -7.501633445E-03     7.229657490E-02
     5542     4.262500000E-03    -7.125000000E-03     7.262033666E-02
     5543     3.500000000E-03    -7.125000000E-03     7.210000000E-02
     5544     3.500000000E-03    -7.125000000E-03     7.255000000E-02
     5545     4.125000000E-03    -7.125000000E-03     7.210000000E-02
     5546     4.000000000E-03    -7.687500000E-03     7.255000000E-02
     5547     3.741132290E-03    -7.466517857E-03     7.230799946E-02
     5548    -1.561251128E-17    -8.250000000E-03     7.255000000E-02
     5549    -6.225245122E-04    -7.125000000E-03     7.177500000E-02
     5550     6.225245122E-04    -7.125000000E-03     7.177500000E-02
     5551    -1.000000000E-03    -7.125000000E-03     7.255000000E-02
     5552     1.000000000E-03    -7.125000000E-03     7.255000000E-02
     5553    -1.000000000E-03    -8.250000000E-03     7.255000000E-02
     5554     8.619616859E-04    -7.618944859E-03     7.204247927E-02
     5555    -3.053443381E-04    -7.723431937E-03     7.175662234E-02
     5556    -1.070547953E-03    -7.743294580E-03     7.223163888E-02
     5557     4.262500000E-03    -7.125000000E-03     7.352966334E-02
     5558     3.500000000E-03    -7.125000000E-03     7.405000000E-02
     5559     3.500000000E-03    -7.125000000E-03     7.360000000E-02
     5560     4.125000000E-03    -7.125000000E-03     7.405000000E-02
     5561     4.000000000E-03    -7.687500000E-03     7.360000000E-02
     5562     4.525000000E-03    -7.125000000E-03     7.307500000E-02
     5563     4.977331668E-03    -7.125000000E-03     7.365625000E-02
     5564     4.977331668E-03    -7.125000000E-03     7.223125000E-02
     5565     4.352331668E-03    -7.125000000E-03     7.223125000E-02
     5566     4.262500000E-03    -7.687500000E-03     7.262033666E-02
     5567     4.497615420E-03    -7.602433698E-03     7.290765636E-02
     5568     4.977331668E-03    -7.125000000E-03     7.391875000E-02
     5569     4.454663337E-03    -8.250000000E-03     7.333750000E-02
     5570     4.977331668E-03    -8.250000000E-03     7.391875000E-02
     5571     4.352331668E-03    -7.125000000E-03     7.391875000E-02
     5572     4.262500000E-03    -7.687500000E-03     7.352966334E-02
     5573     4.514619415E-03    -7.602433698E-03     7.317888387E-02
     5574    -4.262500000E-03    -7.125000000E-03     7.352966334E-02
     5575    -3.500000000E-03    -7.125000000E-03     7.405000000E-02
     5576    -3.500000000E-03    -7.125000000E-03     7.360000000E-02
     5577    -4.125000000E-03    -7.125000000E-03     7.405000000E-02
     5578    -4.000000000E-03    -7.687500000E-03     7.360000000E-02
     5579    -3.763888889E-03    -7.493750000E-03     7.382500000E-02
     5580    -1.561251128E-17    -8.250000000E-03     7.360000000E-02
     5581     1.000000000E-03    -7.125000000E-03     7.360000000E-02
     5582    -1.000000000E-03    -7.125000000E-03     7.360000000E-02
     5583     1.000000000E-03    -8.250000000E-03     7.360000000E-02
     5584    -5.748845599E-04    -7.125000000E-03     7.434113938E-02
     5585     5.755445248E-04    -7.125000000E-03     7.428104683E-02
     5586     8.896551453E-04    -7.602814775E-03     7.398010986E-02
     5587    -8.055294759E-04    -7.698991737E-03     7.406042710E-02
     5588     1.634660507E-04    -7.679341189E-03     7.439560920E-02
     5589    -4.525000000E-03    -7.125000000E-03     7.307500000E-02
     5590    -4.977331668E-03    -7.125000000E-03     7.391875000E-02
     5591    -4.352331668E-03    -7.125000000E-03     7.391875000E-02
     5592    -4.262500000E-03    -7.687500000E-03     7.352966334E-02
     5593    -4.497615420E-03    -7.602433698E-03     7.324234364E-02
     5594    -4.977331668E-03    -7.125000000E-03     7.223125000E-02
     5595    -4.977331668E-03    -7.125000000E-03     7.365625000E-02
     5596    -4.454663337E-03    -8.250000000E-03     7.281250000E-02
     5597    -4.352331668E-03    -7.125000000E-03     7.223125000E-02
     5598    -4.977331668E-03    -7.687500000E-03     7.223125000E-02
     5599    -4.262500000E-03    -7.687500000E-03     7.262033666E-02
     5600    -4.514619415E-03    -7.602433698E-03     7.297111613E-02
     5601     4.262500000E-03    -7.125000000E-03     7.742966334E-02
     5602     3.499999993E-03    -7.125000000E-03     7.750000000E-02
     5603     3.833333333E-03    -7.125000000E-03     7.775000000E-02
     5604     4.000000000E-03    -7.687500000E-03     7.750000000E-02
     5605     4.258167660E-03    -7.461830164E-03     7.783440520E-02
     5606    -4.262500119E-03    -7.125000000E-03     7.742966334E-02
     5607    -4.750000060E-03    -7.125000000E-03     7.775000000E-02
     5608    -3.500000112E-03    -7.125000000E-03     7.750000000E-02
     5609    -3.833333393E-03    -7.125000000E-03     7.775000000E-02
     5610    -4.000000119E-03    -7.687500000E-03     7.750000000E-02
     5611    -4.242978584E-03    -7.478948646E-03     7.790544996E-02
     5612    -9.166666965E-04    -7.125000000E-03     7.775000000E-02
     5613     9.166666369E-04    -7.125000000E-03     7.775000000E-02
     5614    -5.959957007E-11    -8.250000000E-03     7.750000000E-02
     5615     9.999999553E-04    -7.125000000E-03     7.750000000E-02
     5616    -1.000000074E-03    -7.125000000E-03     7.750000000E-02
     5617    -2.979979046E-11    -7.125000000E-03     7.775000000E-02
     5618     9.999999553E-04    -8.250000000E-03     7.750000000E-02
     5619     5.440426214E-04    -7.605621222E-03     7.782863547E-02
     5620    -3.236697792E-04    -7.468032993E-03     7.807221478E-02
     5621    -4.262500119E-03    -7.125000000E-03     7.652033666E-02
     5622    -3.500000060E-03    -7.125000000E-03     7.600000000E-02
     5623    -3.500000112E-03    -7.125000000E-03     7.645000000E-02
     5624    -4.125000060E-03    -7.125000000E-03     7.600000000E-02
     5625    -4.000000119E-03    -7.687500000E-03     7.645000000E-02
     5626    -4.525000119E-03    -7.125000000E-03     7.697500000E-02
     5627    -4.977331728E-03    -7.125000000E-03     7.761875000E-02
     5628    -4.977331728E-03    -7.662244871E-03     7.761875000E-02
     5629    -4.262500119E-03    -7.687500000E-03     7.742966334E-02
     5630    -4.497615539E-03    -7.602433698E-03     7.714234364E-02
     5631    -4.470310253E-03    -7.478948646E-03     7.777419996E-02
     5632    -4.977331728E-03    -7.125000000E-03     7.613125000E-02
     5633    -4.977331728E-03    -7.125000000E-03     7.735625000E-02
     5634    -4.454663456E-03    -8.250000000E-03     7.671250000E-02
     5635    -4.352331728E-03    -7.125000000E-03     7.613125000E-02
     5636    -4.977331728E-03    -7.662244871E-03     7.735625000E-02
     5637    -4.262500119E-03    -7.687500000E-03     7.652033666E-02
     5638    -4.514619534E-03    -7.602433698E-03     7.687111613E-02
     5639    -4.798456648E-03    -7.726041590E-03     7.648071918E-02
     5640     4.262500000E-03    -7.125000000E-03     7.652033666E-02
     5641     3.500000000E-03    -7.125000000E-03     7.600000000E-02
     5642     3.499999993E-03    -7.125000000E-03     7.645000000E-02
     5643     4.125000000E-03    -7.125000000E-03     7.600000000E-02
     5644     4.000000000E-03    -7.687500000E-03     7.645000000E-02
     5645     3.750000000E-03    -7.406250000E-03     7.622500000E-02
     5646    -5.960045044E-11    -8.250000000E-03     7.645000000E-02
     5647    -1.000000075E-03    -7.125000000E-03     7.645000000E-02
     5648     9.999999553E-04    -7.125000000E-03     7.645000000E-02
     5649     9.999999553E-04    -8.250000000E-03     7.645000000E-02
     5650    -1.000000075E-03    -8.250000000E-03     7.645000000E-02
     5651    -5.748845897E-04    -7.125000000E-03     7.576613938E-02
     5652     5.755444950E-04    -7.125000000E-03     7.570604683E-02
     5653     1.634660209E-04    -7.679341189E-03     7.582060920E-02
     5654    -7.206242207E-04    -7.760130099E-03     7.600789667E-02
     5655     4.525000000E-03    -7.125000000E-03     7.697500000E-02
     5656     4.977331668E-03    -7.662244871E-03     7.735625000E-02
     5657     4.352331668E-03    -7.125000000E-03     7.613125000E-02
     5658     4.262500000E-03    -7.687500000E-03     7.652033666E-02
     5659     4.497615420E-03    -7.602433698E-03     7.680765636E-02
     5660     4.608455070E-03    -7.697316613E-03     7.643045392E-02
     5661     4.454663337E-03    -8.250000000E-03     7.723750000E-02
     5662     4.977331668E-03    -7.662244871E-03     7.761875000E-02
     5663     4.262500000E-03    -7.687500000E-03     7.742966334E-02
     5664     4.514619415E-03    -7.602433698E-03     7.707888387E-02
     5665     4.485499329E-03    -7.461830164E-03     7.770315520E-02
     5666    -2.770320270E-03    -7.125000000E-03     7.159709345E-02
     5667    -2.500000000E-03    -7.125000000E-03     7.210000000E-02
     5668    -3.000000000E-03    -7.125000000E-03     7.210000000E-02
     5669    -3.625000000E-03    -7.125000000E-03     7.165000000E-02
     5670    -3.000000000E-03    -7.687500000E-03     7.165000000E-02
     5671    -2.570547953E-03    -7.743294580E-03     7.178163888E-02
     5672    -3.231745353E-03    -7.501633445E-03     7.184657490E-02
     5673    -2.586932209E-03    -8.250000000E-03     7.144903703E-02
     5674    -2.486797456E-03    -7.687500000E-03     7.123567136E-02
     5675    -1.915990617E-03    -7.125000000E-03     7.122451852E-02
     5676    -2.293466104E-03    -7.125000000E-03     7.199951852E-02
     5677    -2.770320270E-03    -7.687500000E-03     7.159709345E-02
     5678    -2.364014057E-03    -7.743294580E-03     7.168115739E-02
     5679    -5.500000000E-03    -7.125000000E-03     7.307500000E-02
     5680    -4.875000000E-03    -7.125000000E-03     7.165000000E-02
     5681    -5.500000000E-03    -7.687500000E-03     7.165000000E-02
     5682    -5.500000000E-03    -8.250000000E-03     7.450000000E-02
     5683    -4.875000000E-03    -7.125000000E-03     7.450000000E-02
     5684    -5.500000000E-03    -7.687500000E-03     7.307500000E-02
     5685    -4.750000000E-03    -7.687500000E-03     7.405000000E-02
     5686    -5.010444629E-03    -7.602433698E-03     7.382028483E-02
     5687    -2.737500000E-03    -7.125000000E-03     7.457033666E-02
     5688    -2.500000000E-03    -7.125000000E-03     7.405000000E-02
     5689    -3.000000000E-03    -7.125000000E-03     7.405000000E-02
     5690    -3.625000000E-03    -7.125000000E-03     7.450000000E-02
     5691    -3.000000000E-03    -7.687500000E-03     7.450000000E-02
     5692    -3.263888889E-03    -7.493750000E-03     7.427500000E-02
     5693    -2.737500000E-03    -7.125000000E-03     7.547966334E-02
     5694    -2.500000045E-03    -7.125000000E-03     7.600000000E-02
     5695    -3.000000052E-03    -7.125000000E-03     7.600000000E-02
     5696    -3.625000000E-03    -7.125000000E-03     7.555000000E-02
     5697    -3.000000000E-03    -7.687500000E-03     7.555000000E-02
     5698    -3.500000060E-03    -7.687500000E-03     7.600000000E-02
     5699    -2.475000000E-03    -7.125000000E-03     7.502500000E-02
     5700    -2.272668332E-03    -7.125000000E-03     7.418125000E-02
     5701    -2.737500000E-03    -7.687500000E-03     7.457033666E-02
     5702    -1.847552891E-03    -7.125000000E-03     7.492238938E-02
     5703    -2.502384580E-03    -7.602433698E-03     7.485765636E-02
     5704    -2.078197807E-03    -7.698991737E-03     7.464167710E-02
     5705    -2.545336663E-03    -8.250000000E-03     7.528750000E-02
     5706    -2.272668376E-03    -7.125000000E-03     7.586875000E-02
     5707    -2.272668376E-03    -8.250000000E-03     7.586875000E-02
     5708    -2.737500000E-03    -7.687500000E-03     7.547966334E-02
     5709    -1.847552891E-03    -7.125000000E-03     7.518488938E-02
     5710    -2.485380585E-03    -7.602433698E-03     7.512888387E-02
     5711    -5.500000000E-03    -7.125000000E-03     7.677500000E-02
     5712    -5.500000000E-03    -8.250000000E-03     7.555000000E-02
     5713    -4.875000000E-03    -7.125000000E-03     7.555000000E-02
     5714    -5.500000000E-03    -8.250000000E-03     7.616250000E-02
     5715    -4.875000000E-03    -8.250000000E-03     7.555000000E-02
     5716    -5.500000000E-03    -7.662244871E-03     7.677500000E-02
     5717    -5.321124920E-03    -7.726041590E-03     7.589946918E-02
     5718    -6.293302457E-03    -7.889478618E-03     7.800000000E-02
     5719    -5.000000000E-03    -6.750000000E-03     7.891666667E-02
     5720    -4.583333333E-03    -7.125000000E-03     7.800000000E-02
     5721    -5.500000000E-03    -7.662244871E-03     7.800000000E-02
     5722    -6.272222933E-03    -7.902080112E-03     7.895164063E-02
     5723    -4.992978525E-03    -7.478948646E-03     7.815544996E-02
     5724    -2.416666667E-03    -6.750000000E-03     7.800000000E-02
     5725    -1.916666711E-03    -7.125000000E-03     7.775000000E-02
     5726    -2.416666719E-03    -7.125000000E-03     7.775000000E-02
     5727    -2.750000000E-03    -7.125000000E-03     7.800000000E-02
     5728    -9.166666667E-04    -7.125000000E-03     7.800000000E-02
     5729    -1.916666711E-03    -8.250000000E-03     7.775000000E-02
     5730    -2.128783260E-03    -7.531755735E-03     7.844079064E-02
     5731    -1.240336416E-03    -7.468032993E-03     7.832221478E-02
     5732     2.416666667E-03    -6.750000000E-03     7.800000000E-02
     5733     1.916666652E-03    -7.125000000E-03     7.775000000E-02
     5734     2.416666659E-03    -7.125000000E-03     7.775000000E-02
     5735     9.166666667E-04    -7.125000000E-03     7.800000000E-02
     5736     2.750000000E-03    -7.125000000E-03     7.800000000E-02
     5737     1.916666652E-03    -8.250000000E-03     7.775000000E-02
     5738     2.583326247E-03    -7.694110730E-03     7.806929581E-02
     5739     2.041666667E-03    -7.414011730E-03     7.866401173E-02
     5740     1.460709318E-03    -7.605621222E-03     7.807863547E-02
     5741     2.737500000E-03    -7.125000000E-03     7.547966334E-02
     5742     2.499999985E-03    -7.125000000E-03     7.600000000E-02
     5743     2.999999993E-03    -7.125000000E-03     7.600000000E-02
     5744     3.625000000E-03    -7.125000000E-03     7.555000000E-02
     5745     3.000000000E-03    -7.687500000E-03     7.555000000E-02
     5746     3.250000000E-03    -7.406250000E-03     7.577500000E-02
     5747     2.737500000E-03    -7.125000000E-03     7.457033666E-02
     5748     2.500000000E-03    -7.125000000E-03     7.405000000E-02
     5749     3.000000000E-03    -7.125000000E-03     7.405000000E-02
     5750     3.625000000E-03    -7.125000000E-03     7.450000000E-02
     5751     3.000000000E-03    -7.687500000E-03     7.450000000E-02
     5752     3.500000000E-03    -7.687500000E-03     7.405000000E-02
     5753     2.389655145E-03    -7.602814775E-03     7.443010986E-02
     5754     2.475000000E-03    -7.125000000E-03     7.502500000E-02
     5755     2.272668317E-03    -7.125000000E-03     7.586875000E-02
     5756     2.737500000E-03    -7.687500000E-03     7.547966334E-02
     5757     1.848212856E-03    -7.125000000E-03     7.512479683E-02
     5758     2.502384580E-03    -7.602433698E-03     7.519234364E-02
     5759     2.545336663E-03    -8.250000000E-03     7.476250000E-02
     5760     2.272668332E-03    -7.125000000E-03     7.418125000E-02
     5761     2.737500000E-03    -7.687500000E-03     7.457033666E-02
     5762     1.848212856E-03    -7.125000000E-03     7.486229683E-02
     5763     2.485380585E-03    -7.602433698E-03     7.492111613E-02
     5764     2.162323477E-03    -7.602814775E-03     7.456135986E-02
     5765     5.500000000E-03    -7.125000000E-03     7.307500000E-02
     5766     5.500000000E-03    -8.250000000E-03     7.450000000E-02
     5767     4.875000000E-03    -7.125000000E-03     7.450000000E-02
     5768     5.500000000E-03    -7.687500000E-03     7.307500000E-02
     5769     5.010444629E-03    -7.602433698E-03     7.375471517E-02
     5770     4.875000000E-03    -7.125000000E-03     7.165000000E-02
     5771     5.500000000E-03    -7.687500000E-03     7.165000000E-02
     5772     4.750000000E-03    -7.687500000E-03     7.210000000E-02
     5773     5.010444629E-03    -7.602433698E-03     7.232971517E-02
     5774     2.770320270E-03    -7.125000000E-03     7.159709345E-02
     5775     2.500000000E-03    -7.125000000E-03     7.210000000E-02
     5776     3.000000000E-03    -7.125000000E-03     7.210000000E-02
     5777     3.625000000E-03    -7.125000000E-03     7.165000000E-02
     5778     3.000000000E-03    -7.687500000E-03     7.165000000E-02
     5779     2.626022480E-03    -7.687500000E-03     7.181439099E-02
     5780     3.241132290E-03    -7.466517857E-03     7.185799946E-02
     5781     2.586932209E-03    -8.250000000E-03     7.144903703E-02
     5782     1.915990617E-03    -7.125000000E-03     7.122451852E-02
     5783     2.486797456E-03    -7.687500000E-03     7.123567136E-02
     5784     2.293466104E-03    -7.125000000E-03     7.199951852E-02
     5785     2.770320270E-03    -7.687500000E-03     7.159709345E-02
     5786     2.419488585E-03    -7.687500000E-03     7.171390951E-02
     5787     4.262500000E-03    -9.375000000E-03     7.262033666E-02
     5788     3.500000000E-03    -9.375000000E-03     7.210000000E-02
     5789     3.500000000E-03    -9.375000000E-03     7.255000000E-02
     5790     4.125000000E-03    -9.375000000E-03     7.210000000E-02
     5791     4.000000000E-03    -8.812500000E-03     7.255000000E-02
     5792     3.750000000E-03    -9.093750000E-03     7.232500000E-02
     5793    -4.262500000E-03    -9.375000000E-03     7.262033666E-02
     5794    -3.500000000E-03    -9.375000000E-03     7.210000000E-02
     5795    -3.500000000E-03    -9.375000000E-03     7.255000000E-02
     5796    -4.125000000E-03    -9.375000000E-03     7.210000000E-02
     5797    -4.000000000E-03    -8.812500000E-03     7.255000000E-02
     5798    -3.750000000E-03    -9.093750000E-03     7.232500000E-02
     5799     1.000000000E-03    -8.250000000E-03     7.255000000E-02
     5800     1.000000000E-03    -9.375000000E-03     7.255000000E-02
     5801    -1.000000000E-03    -9.375000000E-03     7.255000000E-02
     5802    -8.741022523E-04    -9.375000000E-03     7.074438537E-02
     5803     8.527687894E-04    -9.375000000E-03     7.077889815E-02
     5804     8.619616859E-04    -8.743944859E-03     7.204247927E-02
     5805    -3.053443381E-04    -8.848431937E-03     7.175662234E-02
     5806    -1.070547953E-03    -8.868294580E-03     7.223163888E-02
     5807    -4.262500000E-03    -9.375000000E-03     7.352966334E-02
     5808    -3.500000000E-03    -9.375000000E-03     7.405000000E-02
     5809    -3.500000000E-03    -9.375000000E-03     7.360000000E-02
     5810    -4.125000000E-03    -9.375000000E-03     7.405000000E-02
     5811    -4.000000000E-03    -8.812500000E-03     7.360000000E-02
     5812    -3.769618056E-03    -9.118906250E-03     7.382500000E-02
     5813    -4.525000000E-03    -9.375000000E-03     7.307500000E-02
     5814    -4.977331668E-03    -9.375000000E-03     7.223125000E-02
     5815    -4.352331668E-03    -9.375000000E-03     7.223125000E-02
     5816    -4.977331668E-03    -8.812500000E-03     7.223125000E-02
     5817    -4.262500000E-03    -8.812500000E-03     7.262033666E-02
     5818    -4.514619415E-03    -8.727433698E-03     7.297111613E-02
     5819    -4.977331668E-03    -9.375000000E-03     7.391875000E-02
     5820    -4.977331668E-03    -9.375000000E-03     7.249375000E-02
     5821    -4.352331668E-03    -9.375000000E-03     7.391875000E-02
     5822    -4.262500000E-03    -8.812500000E-03     7.352966334E-02
     5823    -4.497615420E-03    -8.727433698E-03     7.324234364E-02
     5824     4.262500000E-03    -9.375000000E-03     7.352966334E-02
     5825     3.500000000E-03    -9.375000000E-03     7.405000000E-02
     5826     3.500000000E-03    -9.375000000E-03     7.360000000E-02
     5827     4.125000000E-03    -9.375000000E-03     7.405000000E-02
     5828     4.000000000E-03    -8.812500000E-03     7.360000000E-02
     5829    -1.000000000E-03    -8.250000000E-03     7.360000000E-02
     5830    -1.000000000E-03    -9.375000000E-03     7.360000000E-02
     5831     1.000000000E-03    -9.375000000E-03     7.360000000E-02
     5832    -5.748845033E-04    -9.375000000E-03     7.434113908E-02
     5833     5.755445131E-04    -9.375000000E-03     7.428104688E-02
     5834     8.896551453E-04    -8.727814775E-03     7.398010986E-02
     5835    -8.055294759E-04    -8.823991737E-03     7.406042710E-02
     5836     1.634660507E-04    -8.804341189E-03     7.439560920E-02
     5837     4.525000000E-03    -9.375000000E-03     7.307500000E-02
     5838     4.977331668E-03    -9.375000000E-03     7.249375000E-02
     5839     4.977331668E-03    -9.375000000E-03     7.391875000E-02
     5840     4.352331668E-03    -8.250000000E-03     7.391875000E-02
     5841     4.352331668E-03    -9.375000000E-03     7.391875000E-02
     5842     4.262500000E-03    -8.812500000E-03     7.352966334E-02
     5843     4.514619415E-03    -8.727433698E-03     7.317888387E-02
     5844     4.977331668E-03    -9.375000000E-03     7.223125000E-02
     5845     4.352331668E-03    -9.375000000E-03     7.223125000E-02
     5846     4.262500000E-03    -8.812500000E-03     7.262033666E-02
     5847     4.497615420E-03    -8.727433698E-03     7.290765636E-02
     5848    -4.262500119E-03    -9.375000000E-03     7.742966334E-02
     5849    -3.500000112E-03    -9.375000000E-03     7.750000000E-02
     5850    -4.000000119E-03    -8.812500000E-03     7.750000000E-02
     5851     4.262500000E-03    -9.375000000E-03     7.742966334E-02
     5852     3.499999993E-03    -9.375000000E-03     7.750000000E-02
     5853     4.000000000E-03    -8.812500000E-03     7.750000000E-02
     5854    -1.000000074E-03    -8.250000000E-03     7.750000000E-02
     5855    -1.000000074E-03    -9.375000000E-03     7.750000000E-02
     5856     9.999999553E-04    -9.375000000E-03     7.750000000E-02
     5857    -2.979979281E-11    -9.375000000E-03     7.958333260E-02
     5858     5.440426214E-04    -8.730621222E-03     7.782863547E-02
     5859    -3.236697792E-04    -8.593032993E-03     7.807221478E-02
     5860     4.262500000E-03    -9.375000000E-03     7.652033666E-02
     5861     3.500000000E-03    -9.375000000E-03     7.600000000E-02
     5862     3.499999993E-03    -9.375000000E-03     7.645000000E-02
     5863     4.125000000E-03    -9.375000000E-03     7.600000000E-02
     5864     4.000000000E-03    -8.812500000E-03     7.645000000E-02
     5865     3.779513888E-03    -9.046875000E-03     7.621250000E-02
     5866     4.525000000E-03    -9.375000000E-03     7.697500000E-02
     5867     4.977331668E-03    -8.787244871E-03     7.761875000E-02
     5868     4.977331668E-03    -9.375000000E-03     7.700625000E-02
     5869     4.977331668E-03    -9.375000000E-03     7.731250000E-02
     5870     4.262500000E-03    -8.812500000E-03     7.742966334E-02
     5871     4.514619415E-03    -8.727433698E-03     7.707888387E-02
     5872     4.977331668E-03    -9.375000000E-03     7.674375000E-02
     5873     4.352331668E-03    -9.375000000E-03     7.613125000E-02
     5874     4.262500000E-03    -8.812500000E-03     7.652033666E-02
     5875     4.497615420E-03    -8.727433698E-03     7.680765636E-02
     5876     4.608455070E-03    -8.822316613E-03     7.643045392E-02
     5877    -4.262500119E-03    -9.375000000E-03     7.652033666E-02
     5878    -3.500000060E-03    -9.375000000E-03     7.600000000E-02
     5879    -3.500000112E-03    -9.375000000E-03     7.645000000E-02
     5880    -4.125000060E-03    -9.375000000E-03     7.600000000E-02
     5881    -4.000000119E-03    -8.812500000E-03     7.645000000E-02
     5882     9.999999553E-04    -9.375000000E-03     7.645000000E-02
     5883    -1.000000075E-03    -9.375000000E-03     7.645000000E-02
     5884    -5.748845331E-04    -9.375000000E-03     7.576613908E-02
     5885     5.755444833E-04    -9.375000000E-03     7.570604688E-02
     5886     1.634660209E-04    -8.804341189E-03     7.582060920E-02
     5887    -7.206242207E-04    -8.885130099E-03     7.600789667E-02
     5888    -4.525000119E-03    -9.375000000E-03     7.697500000E-02
     5889    -4.977331728E-03    -9.375000000E-03     7.613125000E-02
     5890    -4.977331728E-03    -9.375000000E-03     7.674375000E-02
     5891    -4.352331728E-03    -9.375000000E-03     7.613125000E-02
     5892    -4.262500119E-03    -8.812500000E-03     7.652033666E-02
     5893    -4.514619534E-03    -8.727433698E-03     7.687111613E-02
     5894    -4.798456648E-03    -8.851041590E-03     7.648071918E-02
     5895    -4.977331728E-03    -9.375000000E-03     7.700625000E-02
     5896    -4.977331728E-03    -9.375000000E-03     7.731250000E-02
     5897    -4.262500119E-03    -8.812500000E-03     7.742966334E-02
     5898    -4.497615539E-03    -8.727433698E-03     7.714234364E-02
     5899    -4.699870042E-03    -9.131222640E-03     7.738087839E-02
     5900     2.770320270E-03    -9.375000000E-03     7.159709345E-02
     5901     2.500000000E-03    -9.375000000E-03     7.210000000E-02
     5902     3.000000000E-03    -9.375000000E-03     7.210000000E-02
     5903     3.625000000E-03    -9.375000000E-03     7.165000000E-02
     5904     3.000000000E-03    -8.812500000E-03     7.165000000E-02
     5905     2.626022480E-03    -8.812500000E-03     7.181439099E-02
     5906     3.250000000E-03    -9.093750000E-03     7.187500000E-02
     5907     2.486797456E-03    -8.812500000E-03     7.123567136E-02
     5908     2.293466104E-03    -9.375000000E-03     7.199951852E-02
     5909     2.770320270E-03    -8.812500000E-03     7.159709345E-02
     5910     2.155427790E-03    -8.743944859E-03     7.149199779E-02
     5911     2.419488585E-03    -8.812500000E-03     7.171390951E-02
     5912     5.500000000E-03    -9.375000000E-03     7.307500000E-02
     5913     4.875000000E-03    -9.375000000E-03     7.165000000E-02
     5914     5.500000000E-03    -8.812500000E-03     7.165000000E-02
     5915     4.750000000E-03    -8.812500000E-03     7.210000000E-02
     5916     5.010444629E-03    -8.727433698E-03     7.232971517E-02
     5917     4.875000000E-03    -8.250000000E-03     7.450000000E-02
     5918     4.875000000E-03    -9.375000000E-03     7.450000000E-02
     5919     5.500000000E-03    -8.812500000E-03     7.307500000E-02
     5920     5.010444629E-03    -8.727433698E-03     7.375471517E-02
     5921     2.737500000E-03    -9.375000000E-03     7.457033666E-02
     5922     2.500000000E-03    -9.375000000E-03     7.405000000E-02
     5923     3.000000000E-03    -9.375000000E-03     7.405000000E-02
     5924     3.625000000E-03    -9.375000000E-03     7.450000000E-02
     5925     3.000000000E-03    -8.812500000E-03     7.450000000E-02
     5926     3.500000000E-03    -8.812500000E-03     7.405000000E-02
     5927     2.737500000E-03    -9.375000000E-03     7.547966334E-02
     5928     2.499999985E-03    -9.375000000E-03     7.600000000E-02
     5929     2.999999993E-03    -9.375000000E-03     7.600000000E-02
     5930     3.625000000E-03    -9.375000000E-03     7.555000000E-02
     5931     3.000000000E-03    -8.812500000E-03     7.555000000E-02
     5932     3.279513888E-03    -9.046875000E-03     7.576250000E-02
     5933     2.475000000E-03    -9.375000000E-03     7.502500000E-02
     5934     2.272668332E-03    -9.375000000E-03     7.418125000E-02
     5935     2.737500000E-03    -8.812500000E-03     7.457033666E-02
     5936     1.848212845E-03    -9.375000000E-03     7.486229688E-02
     5937     2.485380585E-03    -8.727433698E-03     7.492111613E-02
     5938     2.162323477E-03    -8.727814775E-03     7.456135986E-02
     5939     2.272668317E-03    -9.375000000E-03     7.586875000E-02
     5940     2.737500000E-03    -8.812500000E-03     7.547966334E-02
     5941     1.848212845E-03    -9.375000000E-03     7.512479688E-02
     5942     2.502384580E-03    -8.727433698E-03     7.519234364E-02
     5943    -5.500000000E-03    -9.375000000E-03     7.616250000E-02
     5944    -4.875000000E-03    -9.375000000E-03     7.555000000E-02
     5945    -5.321124920E-03    -8.851041590E-03     7.589946918E-02
     5946    -2.737500000E-03    -9.375000000E-03     7.547966334E-02
     5947    -2.500000045E-03    -9.375000000E-03     7.600000000E-02
     5948    -3.000000052E-03    -9.375000000E-03     7.600000000E-02
     5949    -3.625000000E-03    -9.375000000E-03     7.555000000E-02
     5950    -3.000000000E-03    -8.812500000E-03     7.555000000E-02
     5951    -3.500000060E-03    -8.812500000E-03     7.600000000E-02
     5952    -2.737500000E-03    -9.375000000E-03     7.457033666E-02
     5953    -2.500000000E-03    -9.375000000E-03     7.405000000E-02
     5954    -3.000000000E-03    -9.375000000E-03     7.405000000E-02
     5955    -3.625000000E-03    -9.375000000E-03     7.450000000E-02
     5956    -3.000000000E-03    -8.812500000E-03     7.450000000E-02
     5957    -3.269618056E-03    -9.118906250E-03     7.427500000E-02
     5958    -2.475000000E-03    -9.375000000E-03     7.502500000E-02
     5959    -2.272668376E-03    -9.375000000E-03     7.586875000E-02
     5960    -2.737500000E-03    -8.812500000E-03     7.547966334E-02
     5961    -1.847552835E-03    -9.375000000E-03     7.518488908E-02
     5962    -2.485380585E-03    -8.727433698E-03     7.512888387E-02
     5963    -1.993292522E-03    -8.885130099E-03     7.542664667E-02
     5964    -2.272668332E-03    -9.375000000E-03     7.418125000E-02
     5965    -2.737500000E-03    -8.812500000E-03     7.457033666E-02
     5966    -1.847552835E-03    -9.375000000E-03     7.492238908E-02
     5967    -2.502384580E-03    -8.727433698E-03     7.485765636E-02
     5968    -2.078197807E-03    -8.823991737E-03     7.464167710E-02
     5969    -1.993292522E-03    -8.885130099E-03     7.516414667E-02
     5970    -5.500000000E-03    -9.375000000E-03     7.307500000E-02
     5971    -4.875000000E-03    -8.250000000E-03     7.450000000E-02
     5972    -4.875000000E-03    -9.375000000E-03     7.450000000E-02
     5973    -5.500000000E-03    -8.812500000E-03     7.307500000E-02
     5974    -4.750000000E-03    -8.812500000E-03     7.405000000E-02
     5975    -5.010444629E-03    -8.727433698E-03     7.382028483E-02
     5976    -4.875000000E-03    -9.375000000E-03     7.165000000E-02
     5977    -5.500000000E-03    -8.812500000E-03     7.165000000E-02
     5978    -5.010444629E-03    -8.727433698E-03     7.239528483E-02
     5979    -2.770320270E-03    -9.375000000E-03     7.159709345E-02
     5980    -2.500000000E-03    -9.375000000E-03     7.210000000E-02
     5981    -3.000000000E-03    -9.375000000E-03     7.210000000E-02
     5982    -3.625000000E-03    -9.375000000E-03     7.165000000E-02
     5983    -3.000000000E-03    -8.812500000E-03     7.165000000E-02
     5984    -2.570547953E-03    -8.868294580E-03     7.178163888E-02
     5985    -3.250000000E-03    -9.093750000E-03     7.187500000E-02
     5986    -2.486797456E-03    -8.812500000E-03     7.123567136E-02
     5987    -2.293466104E-03    -9.375000000E-03     7.199951852E-02
     5988    -2.770320270E-03    -8.812500000E-03     7.159709345E-02
     5989    -2.364014057E-03    -8.868294580E-03     7.168115739E-02
     5990     2.000000000E-03     7.625000000E-03     4.900000000E-02
     5991     3.672363495E-03     7.448247265E-03     4.695722192E-02
     5992     2.000000000E-03     7.625000000E-03     6.500000000E-02
     5993     3.672348832E-03     7.448250400E-03     6.704278077E-02
     5994     2.000000000E-03     7.625000000E-03     5.300000000E-02
     5995     3.669772517E-03     7.448800850E-03     4.890901750E-02
     5996     3.670567125E-03     7.448631221E-03     5.199316806E-02
     5997     2.000000000E-03     7.625000000E-03     5.700000000E-02
     5998     3.670567125E-03     7.448631221E-03     5.399316806E-02
     5999     3.285661891E-03     7.521016306E-03     5.584636203E-02
     6000     2.000000000E-03     7.625000000E-03     6.100000000E-02
     6001     3.482444419E-03     5.914399537E-03     5.891539157E-02
     6002     3.285661891E-03     7.521016306E-03     5.784636203E-02
     6003     3.853905803E-03     7.407225470E-03     5.969303895E-02
     6004     3.669757706E-03     7.448804011E-03     6.509098597E-02
     6005     3.681153348E-03     5.829913442E-03     6.289506116E-02
     6006     4.470244801E-03     7.234066344E-03     6.360430739E-02
     6007     3.853905803E-03     7.407225470E-03     6.169303895E-02
     6008     8.867389847E-03     3.728529484E-03     4.561010971E-02
     6009     9.191850852E-03     9.498385049E-04     4.400218013E-02
     6010     8.673120148E-03     2.169197854E-03     4.478351751E-02
     6011     9.878905464E-03     1.011668197E-03     4.494325621E-02
     6012     8.323308533E-03     2.581702467E-03     4.687087392E-02
     6013     9.024512467E-03     1.534848008E-03     4.690989317E-02
     6014     9.472475110E-03     2.481941675E-03     4.719006788E-02
     6015     6.705084674E-03     6.095098557E-03     4.656316449E-02
     6016     6.787468814E-03     4.443100791E-03     4.593815686E-02
     6017     7.874678216E-03     3.463046596E-03     4.548506317E-02
     6018     7.524866602E-03     3.905128404E-03     4.751205166E-02
     6019     7.755724484E-03     5.181224947E-03     4.809674540E-02
     6020     8.779712920E-03     3.871821485E-03     4.783124553E-02
     6021     5.459262851E-03     5.386362948E-03     4.631561787E-02
     6022     6.196660639E-03     4.867506498E-03     4.783663521E-02
     6023     6.494277062E-03     6.243268179E-03     4.842132896E-02
     6024     5.266733418E-03     6.927633277E-03     4.990218562E-02
     6025     6.705048490E-03     6.095124870E-03     6.743683896E-02
     6026     5.459250389E-03     5.386371378E-03     6.768437901E-02
     6027     6.004001041E-03     6.550891687E-03     6.569529336E-02
     6028     8.867277207E-03     3.728715154E-03     6.839032349E-02
     6029     7.874645540E-03     3.463055368E-03     6.851493248E-02
     6030     6.787441969E-03     4.443116531E-03     6.806183637E-02
     6031     7.732972167E-03     3.678430760E-03     6.644623447E-02
     6032     7.338915611E-03     5.582850292E-03     6.601991135E-02
     6033     8.660762918E-03     4.056053752E-03     6.606756714E-02
     6034     8.673083043E-03     2.169187221E-03     6.921648877E-02
     6035     9.878889100E-03     1.011761174E-03     6.905691659E-02
     6036     8.531409670E-03     2.355064064E-03     6.708754710E-02
     6037     9.391339985E-03     2.685734099E-03     6.670887902E-02
     6038     8.486192187E-03     8.169817752E-04     4.390845048E-02
     6039     9.432207001E-03    -3.750000000E-04     4.400000000E-02
     6040     8.966011818E-03    -1.021474262E-03     4.400000000E-02
     6041     6.873747950E-03     3.044091846E-03     4.527092876E-02
     6042     6.429471015E-03     3.402503909E-03     4.727284571E-02
     6043     8.913476297E-03     8.055977433E-04     4.483674366E-02
     6044     8.699575139E-03     2.472638092E-04     4.483674366E-02
     6045     7.494739506E-03     2.411621229E-03     4.676436137E-02
     6046     8.215188640E-03     1.370109893E-03     4.680338062E-02
     6047     6.873743788E-03     3.044095527E-03     6.872907028E-02
     6048     8.913471829E-03     8.056039999E-04     6.916326846E-02
     6049     8.699572793E-03     2.472711307E-04     6.916326846E-02
     6050     7.688653561E-03     2.172510318E-03     6.719389898E-02
     6051     6.673070529E-03     3.214244376E-03     6.668538800E-02
     6052     6.175800330E-03     4.994884357E-03     6.625906487E-02
     6053     2.000000000E-04     6.625000000E-03     8.187606542E-02
     6054     6.084522170E-04     6.616024572E-03     8.139880038E-02
     6055     1.464758320E-05     6.075535278E-03     8.124208180E-02
     6056    -8.985325504E-18     6.625000000E-03     8.425071028E-02
     6057    -8.985325504E-18     6.625000000E-03     8.615042617E-02
     6058     2.000000000E-04     6.625000000E-03     8.425071028E-02
     6059     2.000000000E-04     6.625000000E-03     8.615042617E-02
     6060     1.860742399E-03     6.475515542E-03     8.522540183E-02
     6061     3.003641226E-05     5.853950845E-03     8.599684948E-02
     6062     3.364458470E-04     5.815227395E-03     8.493060513E-02
     6063     1.301515604E-03     5.762113156E-03     8.613492614E-02
     6064     7.592097245E-03    -2.374329631E-04     7.800000116E-02
     6065     7.040852114E-03     9.880177264E-04     7.886614969E-02
     6066     5.156896852E-03     1.213338155E-03     7.901005136E-02
     6067     5.961038659E-03    -1.254052142E-04     8.060122070E-02
     6068     6.016713845E-03     1.011371098E-03     7.976924357E-02
     6069     8.733279365E-03     1.022721353E-03     7.888707181E-02
     6070     8.587434315E-03    -1.881216482E-03     7.891666725E-02
     6071     7.184440468E-03     3.465650711E-03     8.024038561E-02
     6072     5.956103686E-03     2.371230904E-03     7.969056284E-02
     6073     6.991484855E-03     1.130997764E-03     8.141916015E-02
     6074     8.735625042E-03     1.017303501E-03     8.161383072E-02
     6075     8.141160193E-03     2.165245323E-03     8.148473477E-02
     6076     7.048240100E-03     2.268252064E-03     8.058718301E-02
     6077     4.784463248E-03     5.416519816E-03     8.102790188E-02
     6078     4.959523910E-03     3.485492567E-03     8.025101392E-02
     6079     5.017734777E-03     3.456805165E-03     8.154847085E-02
     6080     6.089683275E-03     4.522334988E-03     8.196810770E-02
     6081     7.253441533E-03     3.386267404E-03     8.201700579E-02
     6082     6.051660324E-03     3.395530332E-03     8.111945409E-02
     6083     3.590475254E-03     4.236386224E-03     8.058125107E-02
     6084     2.588211988E-03     6.313127463E-03     8.131411772E-02
     6085     2.735859114E-03     4.680947599E-03     8.075976725E-02
     6086     2.361105291E-03     5.465539459E-03     8.104527265E-02
     6087     3.164726995E-03     4.526415211E-03     8.300858566E-02
     6088     3.648686121E-03     4.230600564E-03     8.182016345E-02
     6089     4.787827314E-03     5.414613126E-03     8.223980031E-02
     6090     3.404693860E-03     6.055403041E-03     8.324702143E-02
     6091     2.299320993E-03     5.622939209E-03     8.177250752E-02
     6092     3.029554309E-03     2.953820651E-03     7.999674802E-02
     6093     3.898280759E-03     2.425266604E-03     8.106995097E-02
     6094     5.037046874E-03     1.361456062E-03     8.147291154E-02
     6095     4.931965417E-03     2.363659562E-03     8.064093421E-02
     6096     2.499999978E-03    -7.125000000E-03     4.250000000E-02
     6097     1.999999970E-03    -8.250000000E-03     4.250000000E-02
     6098     3.333333326E-03    -7.125000000E-03     4.275000000E-02
     6099     3.499999993E-03    -7.687500000E-03     4.250000000E-02
     6100     2.499999978E-03    -8.250000000E-03     4.250000000E-02
     6101     2.999999985E-03    -8.250000000E-03     4.250000000E-02
     6102     3.035479915E-03    -7.351743442E-03     4.325372191E-02
     6103    -2.500000097E-03    -7.125000000E-03     4.250000000E-02
     6104    -2.000000089E-03    -8.250000000E-03     4.250000000E-02
     6105    -2.500000097E-03    -8.250000000E-03     4.250000000E-02
     6106    -2.586350305E-03    -7.633130379E-03     4.297406572E-02
     6107    -3.333333385E-03    -7.125000000E-03     4.275000000E-02
     6108    -3.500000112E-03    -7.687500000E-03     4.250000000E-02
     6109    -3.000000104E-03    -8.250000000E-03     4.250000000E-02
     6110    -3.086350312E-03    -7.633130379E-03     4.297406572E-02
     6111    -2.500000097E-03    -7.125000000E-03     4.145000000E-02
     6112    -2.000000089E-03    -8.250000000E-03     4.145000000E-02
     6113    -1.574884605E-03    -7.125000000E-03     4.076613938E-02
     6114    -1.870774045E-03    -7.615876126E-03     4.102747372E-02
     6115    -3.000000052E-03    -7.687500000E-03     4.100000000E-02
     6116    -3.500000112E-03    -7.687500000E-03     4.145000000E-02
     6117    -2.500000097E-03    -8.250000000E-03     4.145000000E-02
     6118    -3.000000104E-03    -8.250000000E-03     4.145000000E-02
     6119    -2.370774053E-03    -7.615876126E-03     4.102747372E-02
     6120     2.499999978E-03    -7.125000000E-03     4.145000000E-02
     6121     2.499999985E-03    -7.687500000E-03     4.100000000E-02
     6122     1.999999970E-03    -8.250000000E-03     4.145000000E-02
     6123     2.499999978E-03    -8.250000000E-03     4.145000000E-02
     6124     1.575544510E-03    -7.125000000E-03     4.070604683E-02
     6125     1.837262495E-03    -7.706149256E-03     4.098731098E-02
     6126     2.999999993E-03    -7.687500000E-03     4.100000000E-02
     6127     2.999999985E-03    -8.250000000E-03     4.145000000E-02
     6128     3.499999993E-03    -7.687500000E-03     4.145000000E-02
     6129     3.249999993E-03    -7.406250000E-03     4.122500000E-02
     6130     2.500000000E-03    -7.125000000E-03     3.860000000E-02
     6131     2.500000000E-03    -7.687500000E-03     3.905000000E-02
     6132     2.000000000E-03    -8.250000000E-03     3.860000000E-02
     6133     1.575544525E-03    -7.125000000E-03     3.928104683E-02
     6134     2.048645963E-03    -7.878484076E-03     3.900000171E-02
     6135     3.000000000E-03    -7.687500000E-03     3.905000000E-02
     6136     3.500000000E-03    -7.687500000E-03     3.860000000E-02
     6137     2.500000000E-03    -8.250000000E-03     3.860000000E-02
     6138     3.000000000E-03    -8.250000000E-03     3.860000000E-02
     6139     2.548645963E-03    -7.878484076E-03     3.900000171E-02
     6140    -2.500000000E-03    -7.125000000E-03     3.860000000E-02
     6141    -2.500000000E-03    -7.687500000E-03     3.905000000E-02
     6142    -2.000000000E-03    -8.250000000E-03     3.860000000E-02
     6143    -1.574884560E-03    -7.125000000E-03     3.934113938E-02
     6144    -1.805902474E-03    -7.715696530E-03     3.907167592E-02
     6145    -3.000000000E-03    -7.687500000E-03     3.905000000E-02
     6146    -3.500000000E-03    -7.687500000E-03     3.860000000E-02
     6147    -2.500000000E-03    -8.250000000E-03     3.860000000E-02
     6148    -3.000000000E-03    -8.250000000E-03     3.860000000E-02
     6149    -3.263888889E-03    -7.493750000E-03     3.882500000E-02
     6150    -2.500000000E-03    -7.125000000E-03     3.755000000E-02
     6151    -1.622524512E-03    -7.125000000E-03     3.677500000E-02
     6152    -2.500000000E-03    -7.687500000E-03     3.710000000E-02
     6153    -2.000000000E-03    -8.250000000E-03     3.755000000E-02
     6154    -1.811262256E-03    -7.687500000E-03     3.716250000E-02
     6155    -3.000000000E-03    -7.687500000E-03     3.710000000E-02
     6156    -3.500000000E-03    -7.687500000E-03     3.755000000E-02
     6157    -2.500000000E-03    -8.250000000E-03     3.755000000E-02
     6158    -3.000000000E-03    -8.250000000E-03     3.755000000E-02
     6159    -3.263888889E-03    -7.493750000E-03     3.732500000E-02
     6160     2.500000000E-03    -7.125000000E-03     3.755000000E-02
     6161     1.622524512E-03    -7.125000000E-03     3.677500000E-02
     6162     2.500000000E-03    -7.687500000E-03     3.710000000E-02
     6163     2.000000000E-03    -8.250000000E-03     3.755000000E-02
     6164     1.811262256E-03    -7.687500000E-03     3.716250000E-02
     6165     3.000000000E-03    -7.687500000E-03     3.710000000E-02
     6166     2.500000000E-03    -8.250000000E-03     3.755000000E-02
     6167     3.000000000E-03    -8.250000000E-03     3.755000000E-02
     6168     3.500000000E-03    -7.687500000E-03     3.755000000E-02
     6169     3.263888889E-03    -7.493750000E-03     3.732500000E-02
     6170     1.867573536E-03    -7.687500000E-03     3.600000000E-02
     6171     1.245049024E-03    -8.250000000E-03     3.600000000E-02
     6172     1.433786768E-03    -7.687500000E-03     3.638750000E-02
     6173    -1.245049024E-03    -8.250000000E-03     3.600000000E-02
     6174    -1.867573536E-03    -7.687500000E-03     3.600000000E-02
     6175    -1.433786768E-03    -7.687500000E-03     3.638750000E-02
     6176    -4.250000000E-03    -8.250000000E-03     3.665000000E-02
     6177    -3.625000000E-03    -7.687500000E-03     3.665000000E-02
     6178    -4.125000000E-03    -7.687500000E-03     3.710000000E-02
     6179    -3.888888889E-03    -7.493750000E-03     3.687500000E-02
     6180    -4.250000000E-03    -8.250000000E-03     3.950000000E-02
     6181    -3.625000000E-03    -7.687500000E-03     3.950000000E-02
     6182    -4.125000000E-03    -7.687500000E-03     3.905000000E-02
     6183    -3.888888889E-03    -7.493750000E-03     3.927500000E-02
     6184    -4.250000000E-03    -8.250000000E-03     4.055000000E-02
     6185    -3.625000000E-03    -7.687500000E-03     4.055000000E-02
     6186    -4.125000060E-03    -7.687500000E-03     4.100000000E-02
     6187    -3.802083333E-03    -6.750000000E-03     4.300000000E-02
     6188    -3.833333393E-03    -7.687500000E-03     4.275000000E-02
     6189    -3.601140082E-03    -7.322199529E-03     4.386105696E-02
     6190    -3.419683594E-03    -7.633130379E-03     4.322406572E-02
     6191    -4.062500000E-04    -6.750000000E-03     4.300000000E-02
     6192     8.269049253E-05    -7.325412510E-03     4.350497247E-02
     6193    -7.636922621E-04    -7.422790335E-03     4.355812779E-02
     6194     2.989583333E-03    -6.750000000E-03     4.300000000E-02
     6195     3.833333333E-03    -7.687500000E-03     4.275000000E-02
     6196     3.368813256E-03    -7.351743442E-03     4.350372191E-02
     6197     4.250000000E-03    -8.250000000E-03     4.055000000E-02
     6198     3.625000000E-03    -7.687500000E-03     4.055000000E-02
     6199     4.125000000E-03    -7.687500000E-03     4.100000000E-02
     6200     3.904513888E-03    -7.921875000E-03     4.076250000E-02
     6201     3.875000000E-03    -7.406250000E-03     4.077500000E-02
     6202     4.250000000E-03    -8.250000000E-03     3.950000000E-02
     6203     3.625000000E-03    -7.687500000E-03     3.950000000E-02
     6204     4.125000000E-03    -7.687500000E-03     3.905000000E-02
     6205     4.250000000E-03    -8.250000000E-03     3.665000000E-02
     6206     3.625000000E-03    -7.687500000E-03     3.665000000E-02
     6207     4.125000000E-03    -7.687500000E-03     3.710000000E-02
     6208     3.888888889E-03    -7.493750000E-03     3.687500000E-02
     6209     7.929497338E-03    -8.662815028E-03     6.896840990E-02
     6210     6.732712137E-03    -8.440162069E-03     7.016255640E-02
     6211     1.000000000E-02    -2.625000000E-03     4.500000000E-02
     6212     9.500000000E-03    -4.625000000E-03     4.500000000E-02
     6213     9.500000000E-03    -3.275000000E-03     4.500000000E-02
     6214     9.678909207E-03    -6.544346531E-03     4.600258904E-02
     6215     9.219899857E-03    -5.319077946E-03     4.600240010E-02
     6216     9.500000000E-03    -4.625000000E-03     4.900000000E-02
     6217     9.227887193E-03    -5.310696897E-03     4.927205771E-02
     6218     9.905666002E-03    -5.791573555E-03     4.904125630E-02
     6219     9.500000000E-03    -4.625000000E-03     5.300000000E-02
     6220     9.235985241E-03    -5.301997581E-03     5.331924530E-02
     6221     9.898935074E-03    -5.823351314E-03     5.271714979E-02
     6222     9.500000000E-03    -4.625000000E-03     5.700000000E-02
     6223     9.235985552E-03    -5.301997244E-03     5.731924764E-02
     6224     9.902431754E-03    -5.806984254E-03     5.669481230E-02
     6225     9.500000000E-03    -4.625000000E-03     6.100000000E-02
     6226     9.236111338E-03    -5.301860472E-03     6.131876927E-02
     6227     9.900910367E-03    -5.814142131E-03     6.068442259E-02
     6228     9.500000000E-03    -4.625000000E-03     6.500000000E-02
     6229     9.191653042E-03    -5.347229928E-03     6.550000000E-02
     6230     9.858780785E-03    -5.993494555E-03     6.457149803E-02
     6231     9.624450528E-03    -6.674696597E-03     6.596840940E-02
     6232     1.000000000E-02    -2.625000000E-03     6.900000000E-02
     6233     9.500000000E-03    -4.625000000E-03     6.900000000E-02
     6234     9.500000000E-03    -3.275000000E-03     6.900000000E-02
     6235     9.624450528E-03    -6.674696597E-03     6.796840973E-02
     6236    -7.948123884E-03    -8.650803153E-03     6.897171330E-02
     6237    -7.422926204E-03    -8.013155094E-03     7.028591648E-02
     6238     9.500000000E-03    -1.025000000E-03     6.900000000E-02
     6239     9.500000000E-03    -1.025000000E-03     4.500000000E-02
     6240     1.778774512E-03    -6.750000000E-03     7.100000000E-02
     6241     1.140624919E-03    -6.375000000E-03     6.999999995E-02
     6242     2.359862146E-03    -7.175308345E-03     7.042851125E-02
     6243    -1.028774512E-03    -6.750000000E-03     7.100000000E-02
     6244    -4.218750815E-04    -6.375000000E-03     6.999999995E-02
     6245    -3.352211854E-04    -6.923833153E-03     7.062976787E-02
     6246    -3.966274512E-03    -7.875000000E-03     7.100000000E-02
     6247    -3.213799024E-03    -7.312500000E-03     7.100000000E-02
     6248    -4.718750000E-03    -6.375000000E-03     7.000000000E-02
     6249    -3.727385239E-03    -7.000345174E-03     7.029430099E-02
     6250    -3.242573536E-03    -8.812500000E-03     7.100000000E-02
     6251    -2.871626764E-03    -9.375000000E-03     6.996938537E-02
     6252    -3.756159751E-03    -8.500345174E-03     7.029430099E-02
     6253    -1.867573536E-03    -7.687500000E-03     7.100000000E-02
     6254    -2.119151277E-03    -8.812500000E-03     6.996938537E-02
     6255    -3.003684263E-03    -7.937845174E-03     7.029430099E-02
     6256    -1.550393362E-03    -8.285931937E-03     7.098162234E-02
     6257    -2.315596977E-03    -8.305794580E-03     7.145663888E-02
     6258    -1.622524512E-03    -7.125000000E-03     7.177500000E-02
     6259    -1.496626764E-03    -8.250000000E-03     6.996938537E-02
     6260    -6.381495937E-04    -6.750000000E-03     6.999999995E-02
     6261    -5.514956976E-04    -7.298833153E-03     7.062976787E-02
     6262    -2.381159751E-03    -7.375345174E-03     7.029430099E-02
     6263    -9.278688502E-04    -7.723431937E-03     7.098162234E-02
     6264    -1.693072465E-03    -7.743294580E-03     7.145663888E-02
     6265     1.867573536E-03    -7.687500000E-03     7.100000000E-02
     6266     1.622524512E-03    -7.125000000E-03     7.177500000E-02
     6267     6.068994307E-04    -6.750000000E-03     6.999999995E-02
     6268     6.935533268E-04    -7.298833153E-03     7.062976787E-02
     6269     1.484486198E-03    -7.618944859E-03     7.126747927E-02
     6270     1.826136658E-03    -7.550308345E-03     7.042851125E-02
     6271     1.748546992E-03    -7.687500000E-03     7.148939099E-02
     6272     3.242573536E-03    -8.812500000E-03     7.100000000E-02
     6273     2.107010710E-03    -8.181444859E-03     7.126747927E-02
     6274     2.448661170E-03    -8.112808345E-03     7.042851125E-02
     6275     2.371071504E-03    -8.250000000E-03     7.148939099E-02
     6276     2.850293302E-03    -9.375000000E-03     7.000389815E-02
     6277     3.201136658E-03    -8.675308345E-03     7.042851125E-02
     6278     5.119198927E-03    -8.611433121E-03     7.016255640E-02
     6279     5.500000000E-03    -8.787244871E-03     7.738750000E-02
     6280     5.500000000E-03    -8.787244871E-03     7.769375000E-02
     6281     6.293302457E-03    -8.426723489E-03     7.800000000E-02
     6282     5.909950631E-03    -8.615761534E-03     7.800000000E-02
     6283     5.000000000E-03    -8.787244871E-03     7.891666667E-02
     6284     4.750000000E-03    -8.224744871E-03     7.775000000E-02
     6285     6.026489589E-03    -8.566788493E-03     7.918099687E-02
     6286     5.010444629E-03    -8.139678569E-03     7.745471517E-02
     6287     5.131123401E-03    -8.234561484E-03     7.707420392E-02
     6288     6.088399254E-03    -7.357188826E-03     7.884378383E-02
     6289     5.008167660E-03    -7.999075035E-03     7.808440520E-02
     6290     5.500000000E-03    -9.375000000E-03     7.708125000E-02
     6291     5.010444629E-03    -8.727433698E-03     7.684221517E-02
     6292     5.131123401E-03    -8.822316613E-03     7.646170392E-02
     6293    -6.711347903E-03    -8.859410825E-03     7.800000000E-02
     6294    -6.293302457E-03    -8.426723489E-03     7.800000000E-02
     6295    -7.065556338E-03    -8.666610499E-03     7.895164063E-02
     6296    -5.909950631E-03    -8.615761534E-03     7.800000000E-02
     6297    -6.689294708E-03    -8.870218424E-03     7.895164063E-02
     6298    -4.500000000E-03    -7.875000000E-03     7.983333333E-02
     6299    -3.250000045E-03    -9.375000000E-03     7.866666667E-02
     6300    -3.750000052E-03    -9.375000000E-03     7.866666667E-02
     6301    -5.000000000E-03    -8.787244871E-03     7.891666667E-02
     6302    -2.250000000E-03    -9.375000000E-03     8.074999926E-02
     6303    -5.818938755E-03    -9.197903748E-03     7.986830730E-02
     6304    -4.008906399E-03    -8.884460404E-03     7.897863401E-02
     6305    -3.462116594E-03    -8.656755735E-03     7.935745730E-02
     6306    -4.492978525E-03    -8.603948646E-03     7.907211663E-02
     6307     6.711347903E-03    -8.859410825E-03     7.800000000E-02
     6308     6.824016640E-03    -8.802069760E-03     7.918099687E-02
     6309     6.881701711E-03    -7.584422572E-03     7.884378383E-02
     6310     6.437059391E-03    -8.984533698E-03     7.918099687E-02
     6311     4.500000000E-03    -7.875000000E-03     7.983333333E-02
     6312     3.249999985E-03    -9.375000000E-03     7.866666667E-02
     6313     3.749999993E-03    -9.375000000E-03     7.866666667E-02
     6314     2.250000000E-03    -9.375000000E-03     8.074999926E-02
     6315     5.549896134E-03    -9.263529238E-03     8.009766354E-02
     6316     3.916659581E-03    -8.819110730E-03     7.898596248E-02
     6317     3.375000000E-03    -8.539011730E-03     7.958067840E-02
     6318     4.508167660E-03    -8.586830164E-03     7.900107186E-02
     6319    -1.407221835E-03     6.546312106E-03     8.138010753E-02
     6320    -1.001067284E-03     6.590435295E-03     8.233230202E-02
     6321    -1.001067309E-03     6.590435293E-03     8.185737303E-02
     6322    -1.963388353E-03     4.879833780E-03     8.083566304E-02
     6323    -1.492760770E-03     4.996005990E-03     8.087887770E-02
     6324    -9.834424089E-04     6.007208931E-03     8.122110622E-02
     6325    -3.395994713E-03     6.058591346E-03     8.266060312E-02
     6326    -1.252338343E-03     5.738437278E-03     8.187107521E-02
     6327    -1.320319121E-03     5.285662035E-03     8.125355229E-02
     6328    -6.059341327E-04     6.616136501E-03     8.187139233E-02
     6329    -5.908996639E-04     6.058016741E-03     8.123672923E-02
     6330    -8.597955977E-04     5.789719772E-03     8.188509449E-02
     6331    -1.564593412E-03     6.524341543E-03     8.900000000E-02
     6332    -1.111559405E-03     6.580217958E-03     8.805014206E-02
     6333    -1.111559542E-03     6.580217945E-03     8.852507106E-02
     6334    -1.922449989E-03     4.928317907E-03     8.900000000E-02
     6335    -1.785785040E-03     6.457126809E-03     8.980551315E-02
     6336    -2.795522333E-03     6.255468287E-03     8.753141353E-02
     6337    -1.826080547E-03     5.572949599E-03     8.818849709E-02
     6338    -1.470074707E-03     5.866073635E-03     8.926216877E-02
     6339    -1.382809185E-03     6.031324601E-03     8.869094435E-02
     6340    -6.563293712E-04     6.613797743E-03     8.852507103E-02
     6341    -8.023221796E-04     6.604654553E-03     8.914219264E-02
     6342    -1.332911758E-03     6.525404887E-03     8.980551716E-02
     6343    -1.018684412E-03     5.933031060E-03     8.926216877E-02
     6344    -9.314188897E-04     6.098282026E-03     8.869094435E-02
     6345    -6.257664339E-04     6.396516995E-03     8.897715360E-02
     6346    -2.000000000E-04     6.625000000E-03     8.282592336E-02
     6347    -8.985325504E-18     6.625000000E-03     8.330085233E-02
     6348    -8.985325504E-18     6.625000000E-03     8.282592336E-02
     6349    -2.631837089E-03     6.301422916E-03     8.362915346E-02
     6350    -1.907684782E-03     6.466871400E-03     8.468183979E-02
     6351    -6.421199404E-04     5.613392457E-03     8.409310272E-02
     6352    -4.542483506E-04     5.807438419E-03     8.283962552E-02
     6353     1.364458470E-04     5.815227395E-03     8.398074718E-02
     6354    -8.985325504E-18     6.625000000E-03     8.235099439E-02
     6355    -1.853524168E-04     6.077921986E-03     8.170918645E-02
     6356    -4.542483506E-04     5.807438419E-03     8.236469655E-02
     6357    -2.000000000E-04     6.625000000E-03     8.757521308E-02
     6358    -8.985325504E-18     6.625000000E-03     8.710028411E-02
     6359    -1.907684782E-03     6.466871400E-03     8.658155577E-02
     6360    -9.189105494E-04     5.662298045E-03     8.723863915E-02
     6361    -1.699635877E-04     5.853950845E-03     8.694670742E-02
     6362    -4.756391872E-04     6.120673047E-03     8.774108641E-02
     6363     8.480055948E-05     6.118806519E-03     8.763174349E-02
     6364    -8.985325504E-18     6.625000000E-03     8.757521308E-02
     6365    -8.985325504E-18     6.625000000E-03     8.805014206E-02
     6366    -2.063146319E-04     6.149664272E-03     8.837431545E-02
     6367    -4.756391872E-04     6.120673047E-03     8.821601538E-02
     6368    -1.699867314E-04     6.418908016E-03     8.850222463E-02
     6369     8.480055948E-05     6.118806519E-03     8.810667247E-02
     6370    -1.667302237E-03     3.451746576E-03     8.023715371E-02
     6371    -1.177122564E-03     3.548763451E-03     8.096955786E-02
     6372    -2.565854957E-03     3.163898040E-03     8.262173335E-02
     6373    -1.419546711E-03     4.155887831E-03     8.127743872E-02
     6374    -1.487527490E-03     3.703112588E-03     8.065991580E-02
     6375    -6.962122620E-04     3.605427803E-03     8.102156499E-02
     6376    -6.962122620E-04     3.605427803E-03     8.065969684E-02
     6377    -5.946706796E-04     3.911169544E-03     8.044273041E-02
     6378    -6.800230964E-04     4.528508311E-03     8.069994544E-02
     6379    -1.016899809E-03     3.815579576E-03     8.071192293E-02
     6380    -2.000000000E-04     3.625000000E-03     8.791439555E-02
     6381    -1.022315011E-03     3.571102627E-03     8.827626370E-02
     6382    -6.120397216E-04     3.611511216E-03     8.827626370E-02
     6383    -1.200753906E-17     3.625000000E-03     8.755252740E-02
     6384    -1.200753906E-17     3.625000000E-03     8.791439555E-02
     6385    -1.631619459E-03     3.460182615E-03     8.630975777E-02
     6386    -9.189105494E-04     4.162298045E-03     8.746476079E-02
     6387    -1.699635877E-04     4.353950845E-03     8.717282907E-02
     6388    -2.575414977E-04     4.076188064E-03     8.808494650E-02
     6389     1.696011190E-04     4.112613039E-03     8.791439555E-02
     6390    -6.120397141E-04     3.611511216E-03     8.863813185E-02
     6391    -1.200753906E-17     3.625000000E-03     8.827626370E-02
     6392    -2.575414977E-04     4.076188064E-03     8.844681465E-02
     6393     1.696011190E-04     4.112613039E-03     8.827626370E-02
     6394    -1.200753906E-17     3.625000000E-03     8.465758220E-02
     6395    -1.631619546E-03     3.460182595E-03     8.486228517E-02
     6396    -6.421199404E-04     4.113392457E-03     8.477146765E-02
     6397     1.364458470E-04     4.315227395E-03     8.465911212E-02
     6398    -2.000000000E-04     3.625000000E-03     8.140076885E-02
     6399    -1.200753906E-17     3.625000000E-03     8.176263700E-02
     6400    -1.000000000E-04     3.951641578E-03     8.118062095E-02
     6401    -4.542483506E-04     4.307438419E-03     8.207051786E-02
     6402    -5.222291291E-04     3.854663176E-03     8.145299494E-02
     6403    -1.200753906E-17     3.625000000E-03     8.140076885E-02
     6404    -1.200753906E-17     3.625000000E-03     8.103890070E-02
     6405    -1.000000000E-04     3.951641578E-03     8.081875280E-02
     6406    -5.222291291E-04     3.854663176E-03     8.109112679E-02
     6407    -1.429069029E-03     3.503947267E-03     8.900000000E-02
     6408    -1.688021156E-03     4.905688614E-03     8.980286362E-02
     6409    -2.420173695E-03     3.220831473E-03     8.703349407E-02
     6410    -7.319465809E-04     1.850999668E-03     8.900000000E-02
     6411    -8.805255856E-04     2.854582689E-03     8.900000000E-02
     6412    -1.356764467E-03     2.966835270E-03     9.042369559E-02
     6413    -1.734190541E-03     4.054964398E-03     8.818849709E-02
     6414    -1.378184702E-03     4.348088434E-03     8.926216877E-02
     6415    -1.072821490E-03     3.968854416E-03     8.880868280E-02
     6416    -8.132272090E-04     3.723379337E-03     8.954812885E-02
     6417    -1.290919179E-03     4.513339400E-03     8.869094435E-02
     6418    -8.878159521E-04     3.972668290E-03     9.024255212E-02
     6419    -8.428037627E-04     3.094774312E-03     8.940150556E-02
     6420    -4.764030990E-04     2.934967650E-03     8.900000000E-02
     6421    -9.740622153E-04     4.428473395E-03     8.926216877E-02
     6422    -6.686990032E-04     4.049239377E-03     8.880868280E-02
     6423    -4.091047224E-04     3.803764297E-03     8.954812885E-02
     6424    -4.386812761E-04     3.175159272E-03     8.940150556E-02
     6425     2.000000000E-04     3.625000000E-03     8.791439555E-02
     6426     1.022315011E-03     3.571102627E-03     8.827626370E-02
     6427     6.120396144E-04     3.611511223E-03     8.827626370E-02
     6428     1.631619634E-03     3.460182575E-03     8.616294565E-02
     6429     3.003641226E-05     4.353950845E-03     8.717282907E-02
     6430     3.696011190E-04     4.112613039E-03     8.791439555E-02
     6431     1.301515604E-03     4.262113156E-03     8.731090573E-02
     6432     6.120397141E-04     3.611511216E-03     8.863813185E-02
     6433     3.696011190E-04     4.112613039E-03     8.827626370E-02
     6434     1.631619546E-03     3.460182595E-03     8.471547305E-02
     6435     3.364458470E-04     4.315227395E-03     8.465911212E-02
     6436     2.000000000E-04     3.625000000E-03     8.140076885E-02
     6437     1.177122564E-03     3.548763451E-03     8.096955786E-02
     6438     6.962122620E-04     3.605427803E-03     8.102156499E-02
     6439     1.000000000E-04     3.951641578E-03     8.118062095E-02
     6440     2.178172591E-03     3.306373855E-03     8.207957825E-02
     6441    -2.542483506E-04     4.307438419E-03     8.207051786E-02
     6442     7.287602395E-04     4.396201057E-03     8.203192231E-02
     6443     4.089424818E-04     3.973486365E-03     8.146249433E-02
     6444     6.962122620E-04     3.605427803E-03     8.065969684E-02
     6445     1.000000000E-04     3.951641578E-03     8.081875280E-02
     6446     4.089424818E-04     3.973486365E-03     8.110062618E-02
     6447     3.750000000E-03    -6.375000000E-03     7.891666667E-02
     6448     4.083333333E-03    -6.750000000E-03     7.891666667E-02
     6449     5.526489589E-03    -7.654543622E-03     8.009766354E-02
     6450     5.292366928E-03    -6.211342738E-03     8.166666685E-02
     6451     2.250000097E-03    -6.375000000E-03     8.075000010E-02
     6452     5.588399254E-03    -6.444943955E-03     7.976045050E-02
     6453     3.375000000E-03    -7.039011730E-03     7.958067840E-02
     6454     4.508167660E-03    -7.086830164E-03     7.900107186E-02
     6455    -3.750000000E-03    -6.375000000E-03     7.891666667E-02
     6456    -3.333333333E-03    -6.750000000E-03     7.800000000E-02
     6457    -1.499999903E-03    -6.375000000E-03     7.983333343E-02
     6458    -2.712116594E-03    -7.156755735E-03     7.844079064E-02
     6459    -1.040834086E-17    -6.750000000E-03     7.800000000E-02
     6460     9.685754304E-11    -6.375000000E-03     7.983333343E-02
     6461     3.333333333E-03    -6.750000000E-03     7.800000000E-02
     6462     1.500000097E-03    -6.375000000E-03     7.983333343E-02
     6463     2.625000000E-03    -7.039011730E-03     7.866401173E-02
     6464    -4.083333333E-03    -6.750000000E-03     7.891666667E-02
     6465    -5.772222933E-03    -7.527080112E-03     7.986830730E-02
     6466    -2.249999903E-03    -6.375000000E-03     8.075000010E-02
     6467    -3.462116594E-03    -7.156755735E-03     7.935745730E-02
     6468    -4.492978525E-03    -7.103948646E-03     7.907211663E-02
     6469     9.000000000E-03    -3.025000000E-03     6.900000000E-02
     6470     8.839376548E-03    -5.160298615E-03     6.749999995E-02
     6471     8.839376548E-03    -5.160298615E-03     6.550000000E-02
     6472     9.221993318E-03    -5.708393906E-03     6.457149803E-02
     6473     8.863390103E-03    -5.101482845E-03     6.131876927E-02
     6474     8.863322598E-03    -5.101655969E-03     5.731924764E-02
     6475     8.863322431E-03    -5.101656396E-03     5.331924530E-02
     6476     8.858971324E-03    -5.112716487E-03     4.927205771E-02
     6477     9.000000000E-03    -3.025000000E-03     4.500000000E-02
     6478    -6.077240807E-03    -6.259482954E-03     6.857183296E-02
     6479    -2.765625081E-03    -6.375000000E-03     6.899999995E-02
     6480    -4.508635239E-03    -7.000345174E-03     6.929430099E-02
     6481    -6.561888482E-03    -6.684426146E-03     6.928591648E-02
     6482    -4.718750000E-03    -6.375000000E-03     4.400000000E-02
     6483    -6.074799150E-03    -6.260498443E-03     4.589339841E-02
     6484    -3.527908647E-03    -6.375000000E-03     4.599571898E-02
     6485    -4.517806749E-03    -6.947199529E-03     4.486105696E-02
     6486    -6.478301720E-03    -6.593856808E-03     4.492029430E-02
     6487    -2.746658647E-03    -6.375000000E-03     4.499571898E-02
     6488    -3.736556749E-03    -6.947199529E-03     4.386105696E-02
     6489    -1.184158647E-03    -6.375000000E-03     4.499571898E-02
     6490     3.593749593E-04    -6.375000000E-03     4.399999973E-02
     6491    -3.235595075E-04    -6.950412510E-03     4.350497247E-02
     6492    -1.169942262E-03    -7.047790335E-03     4.355812779E-02
     6493     1.921874959E-03    -6.375000000E-03     4.399999973E-02
     6494     2.691729922E-03    -6.976743442E-03     4.350372191E-02
     6495     4.605460595E-03    -6.375000000E-03     4.523324331E-02
     6496     5.828125000E-03    -7.117581517E-03     4.374258152E-02
     6497     4.254229922E-03    -6.976743442E-03     4.350372191E-02
     6498     1.564593412E-03     6.524341543E-03     8.900000000E-02
     6499     1.922449989E-03     4.928317907E-03     8.900000000E-02
     6500     1.111559405E-03     6.580217958E-03     8.805014206E-02
     6501     1.111559693E-03     6.580217930E-03     8.852507106E-02
     6502     1.978936372E-03     6.404294761E-03     8.999289372E-02
     6503     2.749653008E-03     6.268672039E-03     8.712511768E-02
     6504     1.521342295E-03     5.778347342E-03     8.932365729E-02
     6505     1.276771116E-03     5.523264592E-03     8.863813185E-02
     6506     2.208685602E-03     5.672764710E-03     8.803464203E-02
     6507     1.191970557E-03     6.029458073E-03     8.858160144E-02
     6508     6.563293712E-04     6.613797743E-03     8.852507103E-02
     6509     8.712887921E-04     6.599218841E-03     8.919109941E-02
     6510     1.526819717E-03     6.482500320E-03     8.999384268E-02
     6511     1.069952000E-03     5.845304768E-03     8.932365729E-02
     6512     7.356334464E-04     6.098218251E-03     8.910780624E-02
     6513     7.405802620E-04     6.096415498E-03     8.858160144E-02
     6514     7.109413076E-04     6.402792573E-03     8.907829953E-02
     6515     1.429069029E-03     3.503947267E-03     8.900000000E-02
     6516     1.877516629E-03     4.838245730E-03     8.998811236E-02
     6517     2.420173863E-03     3.220831410E-03     8.688668195E-02
     6518     1.098613403E-03     1.850999668E-03     8.900000000E-02
     6519     9.500343985E-04     2.854582689E-03     8.900000000E-02
     6520     1.429452290E-03     4.260362141E-03     8.932365729E-02
     6521     1.184881111E-03     4.005279391E-03     8.863813185E-02
     6522     1.017332775E-03     3.723379337E-03     8.954812885E-02
     6523     2.116795596E-03     4.154779509E-03     8.803464203E-02
     6524     1.375823122E-03     2.953628080E-03     8.988878949E-02
     6525     1.222366141E-03     3.889014247E-03     8.916182865E-02
     6526     9.877562214E-04     3.094774312E-03     8.940150556E-02
     6527     5.459119120E-04     2.934967650E-03     8.900000000E-02
     6528     7.807586245E-04     4.085664352E-03     8.863813185E-02
     6529     8.182436544E-04     3.969399208E-03     8.916182865E-02
     6530     5.836337348E-04     3.175159272E-03     8.940150556E-02
     6531    -6.886139722E-03    -5.448250968E-03     4.589339841E-02
     6532    -7.228301720E-03    -5.843856808E-03     4.492029430E-02
     6533    -6.887148175E-03    -5.445806396E-03     6.857183296E-02
     6534    -7.750000000E-03    -3.187500000E-03     6.900000000E-02
     6535    -7.311888482E-03    -5.934426146E-03     6.928591648E-02
     6536     1.867573536E-03    -8.812500000E-03     3.600000000E-02
     6537     2.056311280E-03    -8.250000000E-03     3.638750000E-02
     6538    -1.867573536E-03    -8.812500000E-03     3.600000000E-02
     6539    -1.622524512E-03    -9.375000000E-03     3.677500000E-02
     6540    -1.433786768E-03    -8.812500000E-03     3.638750000E-02
     6541     1.622524512E-03    -9.375000000E-03     3.677500000E-02
     6542     1.433786768E-03    -8.812500000E-03     3.638750000E-02
     6543    -2.056311280E-03    -8.250000000E-03     3.638750000E-02
     6544    -3.625000000E-03    -8.812500000E-03     3.665000000E-02
     6545    -4.125000000E-03    -8.812500000E-03     3.710000000E-02
     6546    -3.894618056E-03    -9.118906250E-03     3.687500000E-02
     6547    -3.888888889E-03    -8.618750000E-03     3.687500000E-02
     6548    -2.500000000E-03    -8.812500000E-03     3.710000000E-02
     6549    -3.000000000E-03    -8.812500000E-03     3.710000000E-02
     6550    -2.311262256E-03    -8.250000000E-03     3.671250000E-02
     6551    -3.269618056E-03    -8.556406250E-03     3.687500000E-02
     6552    -3.263888889E-03    -8.056250000E-03     3.687500000E-02
     6553     3.625000000E-03    -8.812500000E-03     3.950000000E-02
     6554     4.125000000E-03    -8.812500000E-03     3.905000000E-02
     6555     3.500000000E-03    -8.250000000E-03     3.905000000E-02
     6556     3.000000000E-03    -8.812500000E-03     3.905000000E-02
     6557     2.548645963E-03    -8.440984076E-03     3.945000171E-02
     6558     3.625000000E-03    -8.812500000E-03     4.055000000E-02
     6559     4.125000000E-03    -8.812500000E-03     4.100000000E-02
     6560     3.904513888E-03    -9.046875000E-03     4.076250000E-02
     6561     2.499999985E-03    -8.812500000E-03     4.100000000E-02
     6562     2.999999993E-03    -8.812500000E-03     4.100000000E-02
     6563     2.652724226E-03    -8.164933698E-03     4.041873155E-02
     6564     2.337262510E-03    -8.268649256E-03     4.053731098E-02
     6565     3.279513888E-03    -8.484375000E-03     4.076250000E-02
     6566     3.250000000E-03    -7.968750000E-03     4.077500000E-02
     6567    -3.625000000E-03    -8.812500000E-03     4.055000000E-02
     6568    -4.125000060E-03    -8.812500000E-03     4.100000000E-02
     6569    -3.500000060E-03    -8.250000000E-03     4.100000000E-02
     6570    -2.500000045E-03    -8.812500000E-03     4.100000000E-02
     6571    -3.000000052E-03    -8.812500000E-03     4.100000000E-02
     6572    -2.370774001E-03    -8.178376126E-03     4.057747372E-02
     6573    -3.625000000E-03    -8.812500000E-03     3.950000000E-02
     6574    -4.125000000E-03    -8.812500000E-03     3.905000000E-02
     6575    -3.894618056E-03    -9.118906250E-03     3.927500000E-02
     6576    -3.888888889E-03    -8.618750000E-03     3.927500000E-02
     6577    -2.500000000E-03    -8.812500000E-03     3.905000000E-02
     6578    -3.000000000E-03    -8.812500000E-03     3.905000000E-02
     6579    -2.652724226E-03    -8.164933698E-03     3.963126845E-02
     6580    -2.305902474E-03    -8.278196530E-03     3.952167592E-02
     6581    -3.269618056E-03    -8.556406250E-03     3.927500000E-02
     6582    -3.263888889E-03    -8.056250000E-03     3.927500000E-02
     6583     3.625000000E-03    -8.812500000E-03     3.665000000E-02
     6584     4.125000000E-03    -8.812500000E-03     3.710000000E-02
     6585     3.894618056E-03    -9.118906250E-03     3.687500000E-02
     6586     3.888888889E-03    -8.618750000E-03     3.687500000E-02
     6587     2.500000000E-03    -8.812500000E-03     3.710000000E-02
     6588     3.000000000E-03    -8.812500000E-03     3.710000000E-02
     6589     2.311262256E-03    -8.250000000E-03     3.671250000E-02
     6590     3.269618056E-03    -8.556406250E-03     3.687500000E-02
     6591     3.263888889E-03    -8.056250000E-03     3.687500000E-02
     6592    -3.500000112E-03    -8.812500000E-03     4.145000000E-02
     6593    -3.500000112E-03    -8.812500000E-03     4.250000000E-02
     6594    -4.347275894E-03    -8.164933698E-03     4.236873155E-02
     6595    -3.586350320E-03    -8.195630379E-03     4.297406572E-02
     6596     2.499999978E-03    -9.375000000E-03     4.145000000E-02
     6597     1.574884528E-03    -9.375000000E-03     4.070886061E-02
     6598     1.837262495E-03    -8.831149256E-03     4.098731098E-02
     6599     3.499999993E-03    -8.812500000E-03     4.145000000E-02
     6600     3.279513881E-03    -9.046875000E-03     4.121250000E-02
     6601     3.249999993E-03    -8.531250000E-03     4.122500000E-02
     6602    -2.500000097E-03    -9.375000000E-03     4.145000000E-02
     6603    -1.575544587E-03    -9.375000000E-03     4.076895316E-02
     6604    -1.870774045E-03    -8.740876126E-03     4.102747372E-02
     6605     4.347275774E-03    -8.164933698E-03     4.158126845E-02
     6606     3.779513888E-03    -8.484375000E-03     4.121250000E-02
     6607     3.750000000E-03    -7.968750000E-03     4.122500000E-02
     6608     3.499999993E-03    -8.812500000E-03     4.250000000E-02
     6609     3.535479922E-03    -7.914243442E-03     4.325372191E-02
     6610    -2.500000097E-03    -9.375000000E-03     4.250000000E-02
     6611    -1.500000068E-03    -9.375000000E-03     4.412499999E-02
     6612    -1.763692307E-03    -8.547790335E-03     4.330812779E-02
     6613    -2.586350305E-03    -8.758130379E-03     4.297406572E-02
     6614    -2.000000076E-03    -9.375000000E-03     4.412499999E-02
     6615    -3.086350312E-03    -8.758130379E-03     4.297406572E-02
     6616     2.499999978E-03    -9.375000000E-03     4.250000000E-02
     6617     4.999999614E-04    -9.375000000E-03     4.412499999E-02
     6618     2.535479907E-03    -8.476743442E-03     4.325372191E-02
     6619     1.082690478E-03    -8.450412510E-03     4.325497247E-02
     6620     3.035479915E-03    -8.476743442E-03     4.325372191E-02
     6621    -3.500000000E-03    -8.812500000E-03     3.755000000E-02
     6622    -3.769618056E-03    -8.556406250E-03     3.732500000E-02
     6623    -3.763888889E-03    -8.056250000E-03     3.732500000E-02
     6624    -3.500000000E-03    -8.812500000E-03     3.860000000E-02
     6625    -4.347275774E-03    -8.164933698E-03     3.846873155E-02
     6626    -3.769618056E-03    -8.556406250E-03     3.882500000E-02
     6627    -3.763888889E-03    -8.056250000E-03     3.882500000E-02
     6628     2.500000000E-03    -9.375000000E-03     3.755000000E-02
     6629     1.811262256E-03    -8.812500000E-03     3.716250000E-02
     6630     3.500000000E-03    -8.812500000E-03     3.755000000E-02
     6631     3.269618056E-03    -9.118906250E-03     3.732500000E-02
     6632     3.263888889E-03    -8.618750000E-03     3.732500000E-02
     6633    -2.500000000E-03    -9.375000000E-03     3.755000000E-02
     6634    -1.811262256E-03    -8.812500000E-03     3.716250000E-02
     6635    -3.269618056E-03    -9.118906250E-03     3.732500000E-02
     6636    -3.263888889E-03    -8.618750000E-03     3.732500000E-02
     6637     4.347275774E-03    -8.164933698E-03     3.768126845E-02
     6638     3.769618056E-03    -8.556406250E-03     3.732500000E-02
     6639     3.763888889E-03    -8.056250000E-03     3.732500000E-02
     6640     3.500000000E-03    -8.812500000E-03     3.860000000E-02
     6641    -2.500000000E-03    -9.375000000E-03     3.860000000E-02
     6642    -1.575544542E-03    -9.375000000E-03     3.934395316E-02
     6643    -1.805902474E-03    -8.840696530E-03     3.907167592E-02
     6644    -3.269618056E-03    -9.118906250E-03     3.882500000E-02
     6645    -3.263888889E-03    -8.618750000E-03     3.882500000E-02
     6646     2.500000000E-03    -9.375000000E-03     3.860000000E-02
     6647     1.574884543E-03    -9.375000000E-03     3.928386061E-02
     6648     1.079781359E-03    -8.853423621E-03     3.924877230E-02
     6649     2.048645963E-03    -9.003484076E-03     3.900000171E-02
     6650     2.548645963E-03    -9.003484076E-03     3.900000171E-02
     6651    -2.500000000E-03    -7.125000000E-03     7.255000000E-02
     6652    -2.000000000E-03    -8.250000000E-03     7.255000000E-02
     6653    -2.070547953E-03    -7.743294580E-03     7.223163888E-02
     6654    -2.500000000E-03    -8.250000000E-03     7.255000000E-02
     6655    -3.000000000E-03    -8.250000000E-03     7.255000000E-02
     6656    -3.500000000E-03    -7.687500000E-03     7.255000000E-02
     6657    -2.570547953E-03    -7.743294580E-03     7.223163888E-02
     6658    -3.231745353E-03    -7.501633445E-03     7.229657490E-02
     6659     2.500000000E-03    -7.125000000E-03     7.255000000E-02
     6660     2.000000000E-03    -8.250000000E-03     7.255000000E-02
     6661     1.861961686E-03    -7.618944859E-03     7.204247927E-02
     6662     2.126022480E-03    -7.687500000E-03     7.226439099E-02
     6663     2.500000000E-03    -8.250000000E-03     7.255000000E-02
     6664     3.000000000E-03    -8.250000000E-03     7.255000000E-02
     6665     3.500000000E-03    -7.687500000E-03     7.255000000E-02
     6666     2.626022480E-03    -7.687500000E-03     7.226439099E-02
     6667     3.241132290E-03    -7.466517857E-03     7.230799946E-02
     6668     2.500000000E-03    -7.125000000E-03     7.360000000E-02
     6669     2.000000000E-03    -8.250000000E-03     7.360000000E-02
     6670     1.575544525E-03    -7.125000000E-03     7.428104683E-02
     6671     1.889655145E-03    -7.602814775E-03     7.398010986E-02
     6672     2.500000000E-03    -8.250000000E-03     7.360000000E-02
     6673     3.000000000E-03    -8.250000000E-03     7.360000000E-02
     6674     3.000000000E-03    -7.687500000E-03     7.405000000E-02
     6675     3.500000000E-03    -7.687500000E-03     7.360000000E-02
     6676     2.389655145E-03    -7.602814775E-03     7.398010986E-02
     6677    -2.500000000E-03    -7.125000000E-03     7.360000000E-02
     6678    -2.000000000E-03    -8.250000000E-03     7.360000000E-02
     6679    -2.500000000E-03    -7.687500000E-03     7.405000000E-02
     6680    -1.574884560E-03    -7.125000000E-03     7.434113938E-02
     6681    -1.805529476E-03    -7.698991737E-03     7.406042710E-02
     6682    -2.500000000E-03    -8.250000000E-03     7.360000000E-02
     6683    -3.000000000E-03    -8.250000000E-03     7.360000000E-02
     6684    -3.000000000E-03    -7.687500000E-03     7.405000000E-02
     6685    -3.500000000E-03    -7.687500000E-03     7.360000000E-02
     6686    -3.263888889E-03    -7.493750000E-03     7.382500000E-02
     6687     2.499999978E-03    -7.125000000E-03     7.750000000E-02
     6688     1.999999970E-03    -8.250000000E-03     7.750000000E-02
     6689     3.333333326E-03    -7.125000000E-03     7.775000000E-02
     6690     2.499999978E-03    -8.250000000E-03     7.750000000E-02
     6691     2.999999985E-03    -8.250000000E-03     7.750000000E-02
     6692     3.499999993E-03    -7.687500000E-03     7.750000000E-02
     6693     3.166659573E-03    -7.694110730E-03     7.781929581E-02
     6694    -2.500000097E-03    -7.125000000E-03     7.750000000E-02
     6695    -2.000000089E-03    -8.250000000E-03     7.750000000E-02
     6696    -1.323669794E-03    -7.468032993E-03     7.807221478E-02
     6697    -3.333333385E-03    -7.125000000E-03     7.775000000E-02
     6698    -2.500000097E-03    -8.250000000E-03     7.750000000E-02
     6699    -3.000000104E-03    -8.250000000E-03     7.750000000E-02
     6700    -3.500000112E-03    -7.687500000E-03     7.750000000E-02
     6701    -3.258906451E-03    -7.759460404E-03     7.781196734E-02
     6702    -2.712116646E-03    -7.531755735E-03     7.819079064E-02
     6703    -2.500000097E-03    -7.125000000E-03     7.645000000E-02
     6704    -2.000000089E-03    -8.250000000E-03     7.645000000E-02
     6705    -2.500000097E-03    -8.250000000E-03     7.645000000E-02
     6706    -2.500000045E-03    -7.687500000E-03     7.600000000E-02
     6707    -1.574884605E-03    -7.125000000E-03     7.576613938E-02
     6708    -2.239555416E-03    -7.602433698E-03     7.570471517E-02
     6709    -1.720624236E-03    -7.760130099E-03     7.600789667E-02
     6710    -3.000000104E-03    -8.250000000E-03     7.645000000E-02
     6711    -3.000000052E-03    -7.687500000E-03     7.600000000E-02
     6712    -3.500000112E-03    -7.687500000E-03     7.645000000E-02
     6713     2.499999978E-03    -7.125000000E-03     7.645000000E-02
     6714     1.999999970E-03    -8.250000000E-03     7.645000000E-02
     6715     2.499999978E-03    -8.250000000E-03     7.645000000E-02
     6716     2.499999985E-03    -7.687500000E-03     7.600000000E-02
     6717     1.575544510E-03    -7.125000000E-03     7.570604683E-02
     6718     2.239555356E-03    -7.602433698E-03     7.577028483E-02
     6719     1.163466036E-03    -7.679341189E-03     7.582060920E-02
     6720     2.999999985E-03    -8.250000000E-03     7.645000000E-02
     6721     2.999999993E-03    -7.687500000E-03     7.600000000E-02
     6722     3.499999993E-03    -7.687500000E-03     7.645000000E-02
     6723     3.249999993E-03    -7.406250000E-03     7.622500000E-02
     6724    -4.250000000E-03    -8.250000000E-03     7.165000000E-02
     6725    -4.875000000E-03    -7.687500000E-03     7.165000000E-02
     6726    -3.625000000E-03    -7.687500000E-03     7.165000000E-02
     6727    -4.125000000E-03    -7.687500000E-03     7.210000000E-02
     6728    -3.856745353E-03    -7.501633445E-03     7.184657490E-02
     6729    -4.250000000E-03    -8.250000000E-03     7.450000000E-02
     6730    -3.625000000E-03    -7.687500000E-03     7.450000000E-02
     6731    -4.125000000E-03    -7.687500000E-03     7.405000000E-02
     6732    -3.888888889E-03    -7.493750000E-03     7.427500000E-02
     6733    -4.250000000E-03    -8.250000000E-03     7.555000000E-02
     6734    -3.625000000E-03    -7.687500000E-03     7.555000000E-02
     6735    -4.125000060E-03    -7.687500000E-03     7.600000000E-02
     6736    -4.696124920E-03    -7.726041590E-03     7.589946918E-02
     6737    -3.833333393E-03    -7.687500000E-03     7.775000000E-02
     6738    -3.592239732E-03    -7.759460404E-03     7.806196734E-02
     6739    -3.045449927E-03    -7.531755735E-03     7.844079064E-02
     6740    -4.076311858E-03    -7.478948646E-03     7.815544996E-02
     6741     9.685754260E-11    -6.750000000E-03     7.983333343E-02
     6742     1.125000000E-03    -7.414011730E-03     7.866401173E-02
     6743     5.440426512E-04    -7.605621222E-03     7.807863547E-02
     6744    -3.236697494E-04    -7.468032993E-03     7.832221478E-02
     6745     3.833333333E-03    -7.687500000E-03     7.775000000E-02
     6746     3.499992914E-03    -7.694110730E-03     7.806929581E-02
     6747     2.958333333E-03    -7.414011730E-03     7.866401173E-02
     6748     4.091500994E-03    -7.461830164E-03     7.808440520E-02
     6749     4.250000000E-03    -8.250000000E-03     7.555000000E-02
     6750     3.625000000E-03    -7.687500000E-03     7.555000000E-02
     6751     4.125000000E-03    -7.687500000E-03     7.600000000E-02
     6752     4.506123401E-03    -7.697316613E-03     7.584920392E-02
     6753     3.904513888E-03    -7.921875000E-03     7.576250000E-02
     6754     3.875000000E-03    -7.406250000E-03     7.577500000E-02
     6755     4.250000000E-03    -8.250000000E-03     7.450000000E-02
     6756     3.625000000E-03    -7.687500000E-03     7.450000000E-02
     6757     4.125000000E-03    -7.687500000E-03     7.405000000E-02
     6758     4.250000000E-03    -8.250000000E-03     7.165000000E-02
     6759     4.875000000E-03    -7.687500000E-03     7.165000000E-02
     6760     3.625000000E-03    -7.687500000E-03     7.165000000E-02
     6761     4.125000000E-03    -7.687500000E-03     7.210000000E-02
     6762     3.866132290E-03    -7.466517857E-03     7.185799946E-02
     6763     2.500000000E-03    -9.375000000E-03     7.255000000E-02
     6764     1.861961686E-03    -8.743944859E-03     7.204247927E-02
     6765     2.126022480E-03    -8.812500000E-03     7.226439099E-02
     6766     3.500000000E-03    -8.812500000E-03     7.255000000E-02
     6767     2.626022480E-03    -8.812500000E-03     7.226439099E-02
     6768     3.250000000E-03    -9.093750000E-03     7.232500000E-02
     6769    -2.500000000E-03    -9.375000000E-03     7.255000000E-02
     6770    -2.070547953E-03    -8.868294580E-03     7.223163888E-02
     6771    -3.500000000E-03    -8.812500000E-03     7.255000000E-02
     6772    -2.570547953E-03    -8.868294580E-03     7.223163888E-02
     6773    -3.250000000E-03    -9.093750000E-03     7.232500000E-02
     6774    -2.500000000E-03    -9.375000000E-03     7.360000000E-02
     6775    -2.500000000E-03    -8.812500000E-03     7.405000000E-02
     6776    -1.574884503E-03    -9.375000000E-03     7.434113908E-02
     6777    -1.805529476E-03    -8.823991737E-03     7.406042710E-02
     6778    -3.000000000E-03    -8.812500000E-03     7.405000000E-02
     6779    -3.500000000E-03    -8.812500000E-03     7.360000000E-02
     6780    -3.263888889E-03    -8.618750000E-03     7.382500000E-02
     6781    -3.269618056E-03    -9.118906250E-03     7.382500000E-02
     6782     2.500000000E-03    -9.375000000E-03     7.360000000E-02
     6783     2.500000000E-03    -8.812500000E-03     7.405000000E-02
     6784     1.575544513E-03    -9.375000000E-03     7.428104688E-02
     6785     1.889655145E-03    -8.727814775E-03     7.398010986E-02
     6786     3.000000000E-03    -8.812500000E-03     7.405000000E-02
     6787     3.500000000E-03    -8.812500000E-03     7.360000000E-02
     6788    -2.500000097E-03    -9.375000000E-03     7.750000000E-02
     6789    -1.000000045E-03    -9.375000000E-03     7.958333260E-02
     6790    -2.758906444E-03    -8.884460404E-03     7.781196734E-02
     6791    -2.212116638E-03    -8.656755735E-03     7.819079064E-02
     6792    -1.323669794E-03    -8.593032993E-03     7.807221478E-02
     6793    -3.500000112E-03    -8.812500000E-03     7.750000000E-02
     6794    -3.258906451E-03    -8.884460404E-03     7.781196734E-02
     6795     2.499999978E-03    -9.375000000E-03     7.750000000E-02
     6796     9.999999851E-04    -9.375000000E-03     7.958333260E-02
     6797     2.666659566E-03    -8.819110730E-03     7.781929581E-02
     6798     2.124999985E-03    -8.539011730E-03     7.841401173E-02
     6799     1.544042636E-03    -8.730621222E-03     7.782863547E-02
     6800     3.499999993E-03    -8.812500000E-03     7.750000000E-02
     6801     3.166659573E-03    -8.819110730E-03     7.781929581E-02
     6802     2.499999978E-03    -9.375000000E-03     7.645000000E-02
     6803     2.499999985E-03    -8.812500000E-03     7.600000000E-02
     6804     1.575544498E-03    -9.375000000E-03     7.570604688E-02
     6805     2.239555356E-03    -8.727433698E-03     7.577028483E-02
     6806     1.163466036E-03    -8.804341189E-03     7.582060920E-02
     6807     2.999999993E-03    -8.812500000E-03     7.600000000E-02
     6808     3.499999993E-03    -8.812500000E-03     7.645000000E-02
     6809     3.279513881E-03    -9.046875000E-03     7.621250000E-02
     6810     3.249999993E-03    -8.531250000E-03     7.622500000E-02
     6811    -2.500000097E-03    -9.375000000E-03     7.645000000E-02
     6812    -2.500000045E-03    -8.812500000E-03     7.600000000E-02
     6813    -1.574884548E-03    -9.375000000E-03     7.576613908E-02
     6814    -2.239555416E-03    -8.727433698E-03     7.570471517E-02
     6815    -1.720624236E-03    -8.885130099E-03     7.600789667E-02
     6816    -3.000000052E-03    -8.812500000E-03     7.600000000E-02
     6817    -3.500000112E-03    -8.812500000E-03     7.645000000E-02
     6818     4.875000000E-03    -8.812500000E-03     7.165000000E-02
     6819     3.625000000E-03    -8.812500000E-03     7.165000000E-02
     6820     4.125000000E-03    -8.812500000E-03     7.210000000E-02
     6821     3.866132290E-03    -8.591517857E-03     7.185799946E-02
     6822     3.875000000E-03    -9.093750000E-03     7.187500000E-02
     6823     3.625000000E-03    -8.812500000E-03     7.450000000E-02
     6824     4.125000000E-03    -8.812500000E-03     7.405000000E-02
     6825     3.625000000E-03    -8.812500000E-03     7.555000000E-02
     6826     4.125000000E-03    -8.812500000E-03     7.600000000E-02
     6827     4.506123401E-03    -8.822316613E-03     7.584920392E-02
     6828     3.904513888E-03    -9.046875000E-03     7.576250000E-02
     6829    -5.500000000E-03    -9.375000000E-03     7.708125000E-02
     6830    -5.500000000E-03    -8.787244871E-03     7.738750000E-02
     6831    -5.010444689E-03    -8.727433698E-03     7.690778483E-02
     6832    -5.321124920E-03    -8.851041590E-03     7.651196918E-02
     6833    -5.222538314E-03    -9.131222640E-03     7.714962839E-02
     6834    -5.500000000E-03    -8.787244871E-03     7.769375000E-02
     6835    -5.222538314E-03    -9.131222640E-03     7.745587839E-02
     6836    -3.625000000E-03    -8.812500000E-03     7.555000000E-02
     6837    -4.125000060E-03    -8.812500000E-03     7.600000000E-02
     6838    -4.696124920E-03    -8.851041590E-03     7.589946918E-02
     6839    -3.625000000E-03    -8.812500000E-03     7.450000000E-02
     6840    -4.125000000E-03    -8.812500000E-03     7.405000000E-02
     6841    -3.888888889E-03    -8.618750000E-03     7.427500000E-02
     6842    -3.894618056E-03    -9.118906250E-03     7.427500000E-02
     6843    -4.875000000E-03    -8.812500000E-03     7.165000000E-02
     6844    -3.625000000E-03    -8.812500000E-03     7.165000000E-02
     6845    -4.125000000E-03    -8.812500000E-03     7.210000000E-02
     6846    -3.856745353E-03    -8.626633445E-03     7.184657490E-02
     6847    -3.875000000E-03    -9.093750000E-03     7.187500000E-02
     6848     4.750000000E-03    -8.250000000E-03     7.210000000E-02
     6849     5.010444629E-03    -8.164933698E-03     7.232971517E-02
     6850    -4.750000000E-03    -8.250000000E-03     7.210000000E-02
     6851    -5.010444629E-03    -8.164933698E-03     7.239528483E-02
     6852    -4.750000060E-03    -8.224744871E-03     7.775000000E-02
     6853    -6.272222933E-03    -8.439324983E-03     7.895164063E-02
     6854    -5.010444689E-03    -8.139678569E-03     7.752028483E-02
     6855    -5.321124920E-03    -8.263286461E-03     7.712446918E-02
     6856    -4.992978525E-03    -8.016193517E-03     7.815544996E-02
     6857    -5.222538314E-03    -8.543467512E-03     7.776212839E-02
     6858     2.626022480E-03    -8.250000000E-03     7.181439099E-02
     6859     3.241132290E-03    -8.029017857E-03     7.185799946E-02
     6860     3.250000000E-03    -8.531250000E-03     7.187500000E-02
     6861    -2.652724226E-03    -8.164933698E-03     7.463126845E-02
     6862    -2.305529476E-03    -8.261491737E-03     7.451042710E-02
     6863    -3.263888889E-03    -8.056250000E-03     7.427500000E-02
     6864    -3.269618056E-03    -8.556406250E-03     7.427500000E-02
     6865    -3.500000060E-03    -8.250000000E-03     7.600000000E-02
     6866     2.652724226E-03    -8.164933698E-03     7.541873155E-02
     6867     3.279513888E-03    -8.484375000E-03     7.576250000E-02
     6868     3.250000000E-03    -7.968750000E-03     7.577500000E-02
     6869     3.500000000E-03    -8.250000000E-03     7.405000000E-02
     6870     2.389655145E-03    -8.165314775E-03     7.443010986E-02
     6871    -2.570547953E-03    -8.305794580E-03     7.178163888E-02
     6872    -3.231745353E-03    -8.064133445E-03     7.184657490E-02
     6873    -3.250000000E-03    -8.531250000E-03     7.187500000E-02
     6874    -4.571124979E-03    -8.288541590E-03     7.634946918E-02
     6875    -4.347275894E-03    -8.164933698E-03     7.736873155E-02
     6876    -3.758906459E-03    -8.321960404E-03     7.781196734E-02
     6877    -4.242978584E-03    -8.041448646E-03     7.790544996E-02
     6878    -4.472538374E-03    -8.568722640E-03     7.751212839E-02
     6879     4.347275774E-03    -8.164933698E-03     7.658126845E-02
     6880     4.381123401E-03    -8.259816613E-03     7.629920392E-02
     6881     3.779513888E-03    -8.484375000E-03     7.621250000E-02
     6882     3.750000000E-03    -7.968750000E-03     7.622500000E-02
     6883     3.666659581E-03    -8.256610730E-03     7.781929581E-02
     6884     4.258167660E-03    -8.024330164E-03     7.783440520E-02
     6885     4.347275774E-03    -8.164933698E-03     7.268126845E-02
     6886     3.126022480E-03    -8.250000000E-03     7.226439099E-02
     6887     3.741132290E-03    -8.029017857E-03     7.230799946E-02
     6888     3.750000000E-03    -8.531250000E-03     7.232500000E-02
     6889    -4.347275774E-03    -8.164933698E-03     7.346873155E-02
     6890    -3.763888889E-03    -8.056250000E-03     7.382500000E-02
     6891    -3.769618056E-03    -8.556406250E-03     7.382500000E-02
     6892    -3.070547953E-03    -8.305794580E-03     7.223163888E-02
     6893    -3.731745353E-03    -8.064133445E-03     7.229657490E-02
     6894    -3.750000000E-03    -8.531250000E-03     7.232500000E-02
     6895     2.000000000E-04     6.625000000E-03     8.282592336E-02
     6896     1.001067144E-03     6.590435307E-03     8.233230586E-02
     6897     1.860742593E-03     6.475515507E-03     8.427554394E-02
     6898    -2.542483506E-04     5.807438419E-03     8.283962552E-02
     6899     7.287602395E-04     5.896201057E-03     8.280102998E-02
     6900     3.364458470E-04     5.815227395E-03     8.398074718E-02
     6901     1.001067460E-03     6.590435280E-03     8.185737687E-02
     6902     6.059390651E-04     6.616136285E-03     8.187139328E-02
     6903     1.464758320E-05     6.077921986E-03     8.170918645E-02
     6904    -2.542483506E-04     5.807438419E-03     8.236469655E-02
     6905     7.287602395E-04     5.896201057E-03     8.232610101E-02
     6906     2.000000000E-04     6.625000000E-03     8.757521308E-02
     6907     1.860742593E-03     6.475515507E-03     8.617525992E-02
     6908     3.003641226E-05     5.853950845E-03     8.694670742E-02
     6909     1.301515604E-03     5.762113156E-03     8.708478409E-02
     6910     2.848005595E-04     6.118806519E-03     8.763174349E-02
     6911     2.848005595E-04     6.118806519E-03     8.810667247E-02
     6912     1.407229073E-03     6.546311159E-03     8.138011184E-02
     6913     1.588634392E-03     5.667429259E-03     8.111280442E-02
     6914     2.642761340E-03     6.298456248E-03     8.330699745E-02
     6915     1.526850093E-03     5.827199940E-03     8.183248350E-02
     6916     4.201997486E-04     6.058016615E-03     8.123672919E-02
     6917     1.196096957E-03     5.717934949E-03     8.112932582E-02
     6918     1.134312405E-03     5.878481979E-03     8.184649990E-02
     6919     1.667302237E-03     3.451746576E-03     8.023715371E-02
     6920     1.755842899E-03     4.084063981E-03     8.051721720E-02
     6921     3.081938681E-03     2.927180775E-03     8.128649911E-02
     6922     1.694058600E-03     4.244650469E-03     8.123884317E-02
     6923     1.374240842E-03     3.821935776E-03     8.066941519E-02
     6924     5.946706796E-04     3.911169544E-03     8.044273041E-02
     6925     1.285215218E-03     4.198255783E-03     8.056536047E-02
     6926     9.036131614E-04     3.934402765E-03     8.072142232E-02
     6927    -7.102636625E-18    -9.375000000E-03     8.482118762E-02
     6928     9.685754025E-11    -7.875000000E-03     8.166666603E-02
     6929    -3.749999646E-04    -7.875000000E-03     8.349999931E-02
     6930     1.125000000E-03    -8.539011730E-03     8.049734433E-02
     6931     5.440426512E-04    -8.730621222E-03     7.991196807E-02
     6932    -1.212116594E-03    -8.656755735E-03     8.027412323E-02
     6933    -3.236697494E-04    -8.593032993E-03     8.015554738E-02
     6934    -8.759608000E-04    -9.375000000E-03     6.624838890E-02
     6935     8.509102418E-04    -9.375000000E-03     6.628290169E-02
     6936    -1.858547661E-06    -9.375000000E-03     6.027900357E-02
     6937     3.405893506E-04    -7.875000000E-03     6.194567018E-02
     6938     1.778288883E-04    -7.875000000E-03     6.427900345E-02
     6939    -2.122295816E-03    -8.865687797E-03     6.437206715E-02
     6940    -2.133346290E-05    -9.375000000E-03     6.897328352E-02
     6941    -8.897273338E-04    -7.875000000E-03     6.896938532E-02
     6942    -6.944148163E-04    -7.875000000E-03     6.696938528E-02
     6943    -8.030734377E-04    -8.423833153E-03     6.959915324E-02
     6944    -2.632737491E-03    -8.500345174E-03     6.926368636E-02
     6945    -1.179446590E-03    -8.848431937E-03     6.995100771E-02
     6946    -2.994539521E-03    -8.865687797E-03     6.706244899E-02
     6947     8.371437079E-04    -7.875000000E-03     6.900389810E-02
     6948     1.032456225E-03    -7.875000000E-03     6.700389807E-02
     6949     9.237976040E-04    -8.423833153E-03     6.963366603E-02
     6950     1.714730475E-03    -8.743944859E-03     7.027137742E-02
     6951     5.474244514E-04    -8.848431937E-03     6.998552049E-02
     6952     2.056380935E-03    -8.675308345E-03     6.943240940E-02
     6953    -2.854353622E-05    -9.375000000E-03     5.347810423E-02
     6954     3.424478982E-04    -7.875000000E-03     5.866666668E-02
     6955     4.798900355E-04    -7.875000000E-03     5.546296298E-02
     6956    -5.285435600E-04    -9.375000000E-03     4.785310418E-02
     6957     4.513464993E-04    -7.875000000E-03     5.194106714E-02
     6958    -8.064521837E-04    -7.875000000E-03     4.847382317E-02
     6959     1.858167059E-03    -7.875000000E-03     4.871134750E-02
     6960    -3.044004646E-03    -8.514868646E-03     4.942480340E-02
     6961    -1.277908671E-03    -7.875000000E-03     4.637071897E-02
     6962     2.656249355E-04    -7.875000000E-03     4.537499972E-02
     6963     1.386710571E-03    -7.875000000E-03     4.660824330E-02
     6964     1.035479899E-03    -8.476743442E-03     4.487872190E-02
     6965    -4.173095312E-04    -8.450412510E-03     4.487997246E-02
     6966    -1.263692286E-03    -8.547790335E-03     4.493312778E-02
     6967    -2.267806772E-03    -8.447199529E-03     4.523605695E-02
     6968    -2.086350284E-03    -8.758130379E-03     4.459906571E-02
     6969    -3.749999646E-04    -7.875000000E-03     8.665452173E-02
     6970    -6.599989219E-07    -9.375000000E-03     4.002781377E-02
     6971     1.412147053E-03    -8.831149256E-03     4.024617159E-02
     6972     6.546659024E-04    -8.853423621E-03     3.993263292E-02
     6973     1.623530506E-03    -9.003484076E-03     3.968386232E-02
     6974    -1.446318542E-03    -8.740876126E-03     4.034642688E-02
     6975    -4.957631824E-04    -8.853423621E-03     3.999272546E-02
     6976    -1.381447016E-03    -8.840696530E-03     3.981562908E-02
     6977     6.600097474E-07    -9.375000000E-03     7.502218597E-02
     6978    -1.380413979E-03    -8.823991737E-03     7.480156619E-02
     6979    -4.114184526E-04    -8.804341189E-03     7.513674828E-02
     6980    -1.295508694E-03    -8.885130099E-03     7.532403576E-02
     6981     1.815099884E-03    -8.727433698E-03     7.502633171E-02
     6982     1.465199658E-03    -8.727814775E-03     7.466115674E-02
     6983     7.390105638E-04    -8.804341189E-03     7.507665608E-02
     6984    -8.535241680E-05     4.900644087E-03     8.084346453E-02
     6985     6.905445383E-04     4.567764992E-03     8.071548876E-02
     6986    -3.542483506E-04     4.634079998E-03     8.148850181E-02
     6987     3.089424818E-04     4.300127943E-03     8.088047828E-02
     6988    -4.222291291E-04     4.181304754E-03     8.087097889E-02
     6989     6.051921216E-04     5.193872101E-03     8.095060416E-02
     6990    -4.396007674E-04     5.260360405E-03     8.172288860E-02
     6991     5.434078227E-04     5.349123043E-03     8.168429306E-02
     6992     2.235900650E-04     4.926408351E-03     8.111486508E-02
     6993    -5.075815459E-04     4.807585162E-03     8.110536568E-02
     6994     1.319304778E-03     5.013219054E-03     8.156452375E-02
     6995     9.994870202E-04     4.590504362E-03     8.099509577E-02
     6996    -5.369582944E-03    -8.002771081E-03     9.485015222E-02
     6997    -2.416403816E-03    -7.916188068E-03     9.665766382E-02
     6998    -2.487261421E-03    -7.047736579E-03     9.430799264E-02
     6999     3.398137907E-04    -8.002771076E-03     9.693355080E-02
     7000     3.706130663E-03    -7.916188082E-03     9.612344143E-02
     7001     2.953042021E-03    -6.619586063E-03     9.398302142E-02
     7002     2.127855723E-04    -7.047736581E-03     9.450229753E-02
     7003     2.063421178E-03    -5.977490063E-03     9.578323657E-02
     7004    -4.533007332E-03    -6.147638137E-03     9.366541801E-02
     7005    -6.248185162E-03    -4.830553722E-03     9.333722224E-02
     7006    -1.688144101E-03    -6.147638131E-03     9.549448944E-02
     7007     1.624915040E-04    -5.077391614E-03     9.677542848E-02
     7008     4.357083407E-03    -5.719487613E-03     9.425693996E-02
     7009     3.467462564E-03    -5.077391614E-03     9.605715511E-02
     7010    -2.588508691E-04     6.619341509E-03     8.945602704E-02
     7011    -1.022575779E-03     6.547947782E-03     8.994838841E-02
     7012    -7.090754903E-04     5.951770156E-03     8.940429554E-02
     7013    -3.161575119E-04     6.415256091E-03     8.911928037E-02
     7014     3.026588780E-04     6.616871176E-03     8.950500483E-02
     7015    -7.885049229E-04     6.551027537E-03     9.012113127E-02
     7016     9.215991581E-04     6.515034407E-03     9.033951253E-02
     7017    -4.755344346E-04     5.950492168E-03     8.957598032E-02
     7018    -8.261645626E-05     6.413978103E-03     8.929096515E-02
     7019     1.672240190E-04     6.115679358E-03     8.942161779E-02
     7020     1.425318803E-04     6.420253680E-03     8.939211108E-02
     7021     1.497327251E-04     5.916387721E-03     9.000593750E-02
     7022     1.284550224E-03     6.495237844E-03     9.018571696E-02
     7023     8.293627616E-04     5.859933906E-03     8.951468683E-02
     7024     4.950442078E-04     6.112847389E-03     8.929883577E-02
     7025     4.703520690E-04     6.417421711E-03     8.926932907E-02
     7026     4.775529138E-04     5.913555753E-03     8.988315548E-02
     7027     1.922615625E-04     6.481528785E-03     9.081711908E-02
     7028    -2.586539128E-03     5.516060906E-03     9.280893639E-02
     7029    -7.518158110E-04     6.050502645E-03     9.233430389E-02
     7030    -1.214225639E-03     4.462191178E-03     9.122655921E-02
     7031    -1.235645874E-03     5.843444342E-03     9.006503240E-02
     7032    -7.452771241E-04     5.468024199E-03     9.104541574E-02
     7033    -6.103787142E-04     5.809339896E-03     9.049498957E-02
     7034     4.156780560E-03     5.193465092E-03     9.205310513E-02
     7035     2.649758151E-03     5.642731337E-03     9.246238580E-02
     7036     1.015791644E-03     5.958047745E-03     9.251454297E-02
     7037     1.476408934E-03     5.688275166E-03     9.031176966E-02
     7038     1.848568490E-03     4.480586496E-03     9.176569133E-02
     7039     1.422779767E-03     4.381541105E-03     9.087690185E-02
     7040     9.897006764E-04     5.400581315E-03     9.123066448E-02
     7041     1.124599086E-03     5.741897013E-03     9.068023831E-02
     7042    -6.540789620E-03     1.497709301E-03     9.444620110E-02
     7043    -5.444986924E-03     3.382567296E-03     9.379694106E-02
     7044    -4.089649891E-03     1.199179021E-03     9.265213145E-02
     7045    -6.186891990E-03    -1.958869778E-04     9.261060926E-02
     7046     7.637786942E-03     1.110137319E-03     9.315510428E-02
     7047     7.013602949E-03     2.761239943E-03     9.228708703E-02
     7048     6.010666200E-03     9.764108399E-04     9.173599688E-02
     7049    -4.149606299E-03     6.716268554E-04     9.684739759E-02
     7050    -4.650747316E-03     2.324414817E-03     9.556072952E-02
     7051    -3.323734795E-03     1.788390259E-04     9.437208855E-02
     7052    -5.420976894E-03    -1.216226973E-03     9.433056636E-02
     7053    -3.156728427E-03    -4.886453822E-04     9.586856390E-02
     7054    -3.939217540E-04     3.496615420E-04     9.798576680E-02
     7055     3.364475533E-03     2.115794148E-04     9.739131899E-02
     7056     2.085493519E-03     1.350403298E-03     9.732648284E-02
     7057     6.489814459E-04     1.322375787E-03     9.757255161E-02
     7058     1.845775954E-03    -1.820841948E-03     9.694054297E-02
     7059     1.789913217E-03     4.124759427E-04     9.665934532E-02
     7060     5.442109867E-04    -8.464224591E-04     9.686940571E-02
     7061     6.791353118E-03     1.896520203E-03     9.376951373E-02
     7062     6.095752097E-03     4.439843491E-04     9.556873634E-02
     7063     5.707010550E-03     6.238583911E-05     9.314614935E-02
     7064     5.644508780E-03     2.214688182E-03     9.482449950E-02
     7065     4.750919939E-03     4.190954805E-03     9.339619893E-02
     7066     5.143097922E-03     1.725416109E-03     9.231579206E-02
     7067     3.927023985E-03     3.076910382E-03     9.269587012E-02
     7068     3.932773822E-03     2.316064283E-03     9.406393258E-02
     7069    -3.075677175E-03     2.566836344E-03     9.625714556E-02
     7070    -1.563127230E-03     1.885787585E-03     9.715645781E-02
     7071    -1.800857352E-03     4.286053884E-04     9.506844139E-02
     7072    -1.633850983E-03    -2.388790197E-04     9.656491674E-02
     7073     4.204219230E-03     2.904579803E-03     9.537957330E-02
     7074     3.611848943E-03     1.851768631E-03     9.649949912E-02
     7075     4.509796923E-03     3.297907969E-04     9.412733376E-02
     7076     3.355335559E-03    -1.312878920E-03     9.615667193E-02
     7077     3.299472823E-03     9.204389706E-04     9.587547428E-02
     7078    -2.020940027E-03     3.516945094E-03     9.584698619E-02
     7079    -1.716712776E-03     4.820978047E-03     9.444013232E-02
     7080    -2.238410209E-03     1.992918249E-03     9.372390809E-02
     7081    -2.159267776E-03     3.259340140E-03     9.328837721E-02
     7082     2.830220270E-03     3.902808596E-03     9.515483860E-02
     7083     1.702476778E-03     5.143376420E-03     9.395166950E-02
     7084     2.528286536E-03     3.707245566E-03     9.319231115E-02
     7085     2.534036372E-03     2.946399467E-03     9.456037361E-02
     7086     8.924298718E-04     2.906036523E-03     9.658691562E-02
     7087     1.211008766E-03     4.277084732E-03     9.526122026E-02
     7088     2.039045234E-03     2.030819557E-03     9.579592890E-02
     7089    -2.334710628E-04     4.208996952E-03     9.544882128E-02
     7090    -7.851744707E-04     1.392816985E-03     9.471072240E-02
     7091    -7.060320372E-04     2.659238876E-03     9.427519152E-02
     7092     6.275341284E-04     1.984230979E-03     9.599713736E-02
     7093    -6.181681023E-04     7.253325769E-04     9.620719775E-02
     7094    -4.056247869E-04     3.927550578E-03     9.288890207E-02
     7095     9.221915420E-04     4.013388779E-03     9.324278545E-02
     7096     9.279413787E-04     3.252542681E-03     9.461084791E-02
     7097     6.332372828E-05     4.933383598E-03     9.270775860E-02
     7098     6.545943749E-03     3.314861389E-03     6.392569167E-02
     7099     8.169141752E-03     1.452057482E-03     6.287079469E-02
     7100     7.365420644E-03     2.558656837E-03     6.261819012E-02
     7101     7.121330528E-03     4.226533286E-03     6.463493790E-02
     7102     8.396324476E-03     2.681281335E-03     6.468259369E-02
     7103     7.845234112E-03     3.549373768E-03     6.342303287E-02
     7104     6.440886578E-03     3.394099290E-03     5.037601741E-02
     7105     7.776372627E-03     2.056010714E-03     5.066279505E-02
     7106     7.934286776E-03     1.831029370E-03     4.889425467E-02
     7107     7.355512930E-03     4.080562967E-03     4.943992917E-02
     7108     8.275447236E-03     2.706886282E-03     4.917442930E-02
     7109     5.165046015E-03     4.122719219E-03     6.081045273E-02
     7110     6.327254586E-03     3.476021662E-03     6.148262076E-02
     7111     6.030685420E-03     5.067149770E-03     6.349936854E-02
     7112     5.484592468E-03     5.400292602E-03     6.158810010E-02
     7113     6.754589005E-03     4.389990251E-03     6.228746351E-02
     7114     6.973750739E-03     2.953720625E-03     5.792128197E-02
     7115     5.230620031E-03     4.094398778E-03     5.729521780E-02
     7116     6.148579273E-03     3.597314577E-03     5.950295118E-02
     7117     4.751395326E-03     5.707783725E-03     5.776175361E-02
     7118     5.285883539E-03     5.484778696E-03     5.960843052E-02
     7119     6.672106044E-03     4.328122536E-03     5.902090659E-02
     7120     5.894377930E-03     5.105414538E-03     5.828107498E-02
     7121     7.190658898E-03     2.743595100E-03     5.218357703E-02
     7122     5.584717337E-03     3.925750475E-03     5.382822592E-02
     7123     6.680263875E-03     3.208390163E-03     5.330893297E-02
     7124     6.630622951E-03     4.615516228E-03     5.096071115E-02
     7125     7.543298215E-03     3.259786600E-03     5.257751117E-02
     7126     7.550557256E-03     3.241839543E-03     5.069521128E-02
     7127     5.472512342E-03     5.402127970E-03     5.244156776E-02
     7128     6.185850386E-03     4.989994997E-03     5.357972239E-02
     7129     8.511909638E-03     7.564000817E-04     5.884605445E-02
     7130     8.029249304E-03     1.684925871E-03     6.042772378E-02
     7131     8.938910724E-03     1.732312178E-03     6.249212735E-02
     7132     9.077373617E-03     1.396762261E-03     6.074735142E-02
     7133     9.117526489E-03     1.279727885E-03     5.901672067E-02
     7134     7.180385443E-03     2.754011885E-03     5.638571643E-02
     7135     7.850240095E-03     1.953364227E-03     5.859344987E-02
     7136     7.999223171E-03     1.732085821E-03     5.586642355E-02
     7137     8.993044649E-03     1.577283688E-03     5.718244676E-02
     7138     8.894426377E-03     1.846692920E-03     5.513500175E-02
     7139     8.379564490E-03     2.751606603E-03     5.811140529E-02
     7140     8.377192566E-03     2.754737833E-03     5.648417303E-02
     7141     8.420009724E-03     9.653576943E-04     5.070181430E-02
     7142     7.949875460E-03     1.807643774E-03     5.359571062E-02
     7143     8.854220343E-03     1.927484366E-03     5.286428881E-02
     7144     8.861479385E-03     1.909537310E-03     5.098198892E-02
     7145     8.976651170E-03     1.660031823E-03     4.921344855E-02
     7146     6.598421995E-03     3.273970191E-03     5.524035950E-02
     7147     5.379280569E-03     5.450147840E-03     5.437299429E-02
     7148     5.014493837E-03     5.592381343E-03     5.622618825E-02
     7149     6.935204555E-03     4.212720154E-03     5.748534124E-02
     7150     6.932832631E-03     4.215851384E-03     5.585810898E-02
     7151     6.092618613E-03     5.038014867E-03     5.551114892E-02
     7152     6.157476441E-03     4.990012156E-03     5.674550963E-02
     7153     8.213810884E-03     2.882408331E-03     6.223952278E-02
     7154     8.352273777E-03     2.546858414E-03     6.049474684E-02
     7155     8.392426649E-03     2.429824038E-03     5.876411609E-02
     7156     6.392723984E-03     4.760803113E-03     6.028059855E-02
     7157     7.662720520E-03     3.750500763E-03     6.097996196E-02
     7158     7.778946490E-03     3.604146953E-03     5.969307462E-02
     7159     8.473185856E-03     2.501870877E-03     5.398964476E-02
     7160     7.955952045E-03     3.409915790E-03     5.533881604E-02
     7161     7.115738027E-03     4.232079273E-03     5.499185598E-02
     7162     8.170670440E-03     4.716446388E-03     6.425627056E-02
     7163     6.166311783E-03     6.454483592E-03     6.229734634E-02
     7164     7.465082250E-03     5.467334808E-03     6.299670974E-02
     7165     8.636327966E-03     4.092566579E-03     5.164142294E-02
     7166     8.647119770E-03     4.076493992E-03     4.975912305E-02
     7167     6.494949219E-03     6.242811687E-03     5.150547952E-02
     7168     7.152550195E-03     5.744740720E-03     5.264363415E-02
     7169     9.395131549E-03     2.676561793E-03     6.255915041E-02
     7170     8.753982165E-03     3.912624624E-03     6.304436553E-02
     7171     9.567035798E-03     2.221145071E-03     5.908374373E-02
     7172     8.941574446E-03     3.601750458E-03     6.129958959E-02
     7173     9.032581927E-03     3.438501205E-03     6.001270226E-02
     7174     9.512497556E-03     2.374978266E-03     5.530566797E-02
     7175     9.090721673E-03     3.329276739E-03     5.828207151E-02
     7176     9.088901933E-03     3.332758000E-03     5.665483925E-02
     7177     9.416327781E-03     2.624680357E-03     5.137592307E-02
     7178     8.951376477E-03     3.584591529E-03     5.460739424E-02
     7179     8.294082452E-03     4.563069065E-03     5.426043417E-02
     7180     4.906171222E-03     7.078466900E-03     5.483953010E-02
     7181     6.002090491E-03     6.551995864E-03     5.412449076E-02
     7182     5.080472646E-03     7.008135396E-03     5.853940098E-02
     7183     5.658274250E-03     6.739564604E-03     5.597768473E-02
     7184     5.729847013E-03     6.702304661E-03     5.721204544E-02
     7185     6.980423518E-03     5.885621501E-03     6.108544130E-02
     7186     7.125320334E-03     5.767563917E-03     5.979855396E-02
     7187     6.232408721E-03     6.413719792E-03     5.905872235E-02
     7188     8.264807020E-03     4.600157586E-03     6.049791737E-02
     7189     8.376952095E-03     4.455577810E-03     5.758379778E-02
     7190     7.655267539E-03     5.283440516E-03     5.847119842E-02
     7191     7.595100803E-03     5.342940801E-03     5.560960545E-02
     7192     7.652488433E-03     5.286216699E-03     5.684396617E-02
     7193     6.759251283E-03     6.055359806E-03     5.649700610E-02
     7194    -4.557443660E-03     3.921449921E-03     6.075531596E-02
     7195    -5.606200179E-03     3.088426088E-03     6.156192103E-02
     7196    -5.583860416E-03     3.111537612E-03     6.339413294E-02
     7197    -4.780006165E-03     3.780907329E-03     6.384591347E-02
     7198    -6.081378826E-03     4.631293105E-03     6.328081448E-02
     7199    -4.923268217E-03     5.417904847E-03     6.179995788E-02
     7200    -4.517583103E-03     4.679985754E-03     6.392327293E-02
     7201    -4.531307829E-03     3.936899892E-03     5.707337523E-02
     7202    -5.588702067E-03     3.106553888E-03     5.773098511E-02
     7203    -5.588702067E-03     3.106553888E-03     5.973098511E-02
     7204    -4.901618253E-03     5.430791897E-03     5.996902196E-02
     7205    -4.536831520E-03     5.573025399E-03     5.811582799E-02
     7206    -6.455170314E-03     4.196495440E-03     5.848390726E-02
     7207    -5.614956296E-03     5.018658924E-03     5.883086733E-02
     7208    -5.679814124E-03     4.970656213E-03     5.759650661E-02
     7209    -4.367615960E-03     4.028906750E-03     5.361243027E-02
     7210    -5.450854372E-03     3.243232179E-03     5.389360546E-02
     7211    -5.585103258E-03     3.110259621E-03     5.587998029E-02
     7212    -4.532376772E-03     5.575640567E-03     5.626482317E-02
     7213    -5.066864985E-03     5.352635538E-03     5.441814626E-02
     7214    -6.453087490E-03     4.195979378E-03     5.500567019E-02
     7215    -5.675359376E-03     4.973271380E-03     5.574550180E-02
     7216    -5.316428006E-03     3.366831809E-03     5.228366532E-02
     7217    -4.550040344E-03     3.925848085E-03     5.083267439E-02
     7218    -5.452143095E-03     5.105949529E-03     5.089693767E-02
     7219    -4.906050142E-03     5.439092361E-03     5.280820612E-02
     7220    -6.176046679E-03     4.428790011E-03     5.210884271E-02
     7221    -6.293744942E-03     2.186982508E-03     5.074250775E-02
     7222    -5.732601041E-03     2.951813711E-03     4.929151683E-02
     7223    -7.819932020E-03     2.512890935E-03     4.930812433E-02
     7224    -6.290178484E-03     2.192950267E-03     5.455121534E-02
     7225    -5.599411580E-03     3.095480698E-03     5.111384958E-02
     7226    -7.719569115E-03     2.681093768E-03     5.113045708E-02
     7227    -7.858032007E-03     2.345543851E-03     5.287523301E-02
     7228    -5.898482215E-03     4.559488550E-03     5.308938131E-02
     7229    -7.168478751E-03     3.549186200E-03     5.239001790E-02
     7230    -7.284704720E-03     3.402832390E-03     5.367690524E-02
     7231    -6.384143638E-03     2.029014259E-03     5.853759018E-02
     7232    -7.955060732E-03     2.183441589E-03     5.486160785E-02
     7233    -7.995213604E-03     2.066407213E-03     5.659223860E-02
     7234    -7.381733445E-03     3.240730128E-03     5.566328007E-02
     7235    -7.379361520E-03     3.243861358E-03     5.729051233E-02
     7236    -6.604005330E-03     4.018022131E-03     5.640311168E-02
     7237    -6.368598415E-03     2.057148821E-03     6.236980209E-02
     7238    -6.983920067E-03     3.691546073E-03     6.225648363E-02
     7239    -7.995213604E-03     2.066407213E-03     5.859223860E-02
     7240    -7.896595331E-03     2.335816445E-03     6.063968361E-02
     7241    -5.825809459E-03     4.478157815E-03     6.077562702E-02
     7242    -7.379361520E-03     3.243861358E-03     5.929051233E-02
     7243    -6.539147502E-03     4.066024842E-03     5.963747239E-02
     7244    -5.745736051E-03     2.937017729E-03     6.465379453E-02
     7245    -6.181153984E-03     2.366888284E-03     6.515225255E-02
     7246    -6.968284571E-03     3.719630377E-03     6.408869554E-02
     7247    -7.880959834E-03     2.363900749E-03     6.247189552E-02
     7248    -7.888218876E-03     2.345953692E-03     6.435419541E-02
     7249    -5.789122003E-03     4.906149445E-03     4.972712194E-02
     7250    -7.064115950E-03     3.360897495E-03     4.967946615E-02
     7251    -6.513025586E-03     4.228989927E-03     5.093902697E-02
     7252    -5.519162703E-03     3.176829651E-03     6.560403307E-02
     7253    -6.279173482E-03     4.498982561E-03     6.454047607E-02
     7254    -4.715377759E-03     4.547675210E-03     6.518293452E-02
     7255    -6.787463936E-03     3.995366964E-03     6.503893408E-02
     7256    -7.707398241E-03     2.621690279E-03     6.530443396E-02
     7257    -7.002888963E-03     2.208432731E-03     6.681210975E-02
     7258    -8.170670441E-03     4.716446387E-03     4.974372944E-02
     7259    -6.166311783E-03     6.454483591E-03     5.170265366E-02
     7260    -7.465082251E-03     5.467334807E-03     5.100329026E-02
     7261    -8.636327966E-03     4.092566578E-03     6.235857706E-02
     7262    -8.647119770E-03     4.076493992E-03     6.424087695E-02
     7263    -6.494949219E-03     6.242811686E-03     6.249452048E-02
     7264    -7.152550196E-03     5.744740720E-03     6.135636585E-02
     7265    -6.019900774E-03     5.402770536E-03     6.461783553E-02
     7266    -9.395131549E-03     2.676561792E-03     5.144084959E-02
     7267    -8.753982165E-03     3.912624624E-03     5.095563447E-02
     7268    -9.567035798E-03     2.221145071E-03     5.491625627E-02
     7269    -8.941574446E-03     3.601750458E-03     5.270041041E-02
     7270    -9.032581927E-03     3.438501205E-03     5.398729774E-02
     7271    -9.512497556E-03     2.374978266E-03     5.869433203E-02
     7272    -9.090721673E-03     3.329276739E-03     5.571792849E-02
     7273    -9.088901933E-03     3.332758000E-03     5.734516075E-02
     7274    -9.053141784E-03    -2.605999163E-04     5.682344351E-02
     7275    -9.416327781E-03     2.624680357E-03     6.262407693E-02
     7276    -8.951376477E-03     3.584591529E-03     5.939260576E-02
     7277    -8.294082452E-03     4.563069065E-03     5.973956583E-02
     7278    -8.719055829E-03     2.193466969E-03     6.601405262E-02
     7279    -4.906171222E-03     7.078466900E-03     5.916046990E-02
     7280    -6.002090491E-03     6.551995864E-03     5.987550924E-02
     7281    -4.861790165E-03     6.189382278E-03     6.313697893E-02
     7282    -5.080472646E-03     7.008135396E-03     5.546059902E-02
     7283    -5.658274250E-03     6.739564604E-03     5.802231527E-02
     7284    -5.729847013E-03     6.702304661E-03     5.678795456E-02
     7285    -6.980423519E-03     5.885621501E-03     5.291455870E-02
     7286    -7.125320334E-03     5.767563917E-03     5.420144604E-02
     7287    -6.232408721E-03     6.413719792E-03     5.494127765E-02
     7288    -8.264807020E-03     4.600157586E-03     5.350208263E-02
     7289    -8.376952095E-03     4.455577810E-03     5.641620222E-02
     7290    -7.655267539E-03     5.283440516E-03     5.552880158E-02
     7291    -7.595100803E-03     5.342940801E-03     5.839039455E-02
     7292    -7.652488433E-03     5.286216699E-03     5.715603383E-02
     7293    -6.759251282E-03     6.055359806E-03     5.750299390E-02
     7294     3.485635203E-03     2.700369877E-03     8.358494170E-02
     7295     4.329476059E-03     2.082880565E-03     8.518235341E-02
     7296     4.544233887E-03     3.744061692E-03     8.400457855E-02
     7297     5.028838224E-03     3.284246946E-03     8.558991940E-02
     7298     3.228214536E-03     4.503110896E-03     8.501179967E-02
     7299     2.122926481E-03     4.070878117E-03     8.353728576E-02
     7300     1.730612089E-03     3.989904455E-03     8.471700297E-02
     7301     2.695681846E-03     3.936790215E-03     8.592132398E-02
     7302     5.082801124E-03     1.305986458E-03     8.279947987E-02
     7303     4.741070357E-03     1.691769975E-03     8.399393120E-02
     7304     5.028193014E-03     3.448247045E-03     8.281615634E-02
     7305     2.606885608E-03     3.775063470E-03     8.234886356E-02
     7306     4.990176284E-03     2.321449992E-03     8.196750273E-02
     7307     5.674009349E-03     4.435287635E-04     8.439689158E-02
     7308     7.554806691E-03    -1.712526515E-04     8.339711075E-02
     7309     7.059483001E-03     1.019436454E-03     8.326801486E-02
     7310     7.365823857E-03     3.994223689E-04     8.440898772E-02
     7311     5.967346587E-03     1.122920858E-03     8.237046311E-02
     7312     5.750465057E-03     2.697145388E-03     8.441356806E-02
     7313     6.235069394E-03     2.237330642E-03     8.599890891E-02
     7314     6.804584742E-03     1.466863931E-03     8.446246620E-02
     7315     7.110925598E-03     8.468498456E-04     8.560343906E-02
     7316     5.712448327E-03     1.570348335E-03     8.356491444E-02
     7317     6.530661504E-03    -2.519469942E-05     8.644955526E-02
     7318     6.601275632E-03     4.071382014E-03     8.482113405E-02
     7319     4.846533616E-03     5.381036579E-03     8.424301432E-02
     7320     7.262241481E-03     3.376011921E-03     8.328469134E-02
     7321     6.062118561E-03     3.386972212E-03     8.238713958E-02
     7322     5.413209749E-03     5.026457272E-03     8.582835530E-02
     7323     7.678652742E-03     2.853087659E-03     8.487003219E-02
     7324     8.069025512E-03     2.281655879E-03     8.601100505E-02
     7325     4.736187587E-03     4.246683042E-03     8.673787948E-02
     7326     7.364936076E-03     1.331614431E-03     8.685712125E-02
     7327     8.786653957E-03     8.970265700E-04     8.346268537E-02
     7328     9.028502750E-03     2.486174851E-04     8.460365823E-02
     7329     2.362808534E-03     5.599634894E-03     8.377572153E-02
     7330     1.970494141E-03     5.518661232E-03     8.495543874E-02
     7331     2.935563898E-03     5.465546993E-03     8.615975975E-02
     7332     8.537800165E-03     1.444598088E-03     8.447456234E-02
     7333     7.116238246E-03     2.156690754E-03     8.243603773E-02
     7334     8.240792280E-03    -5.886636484E-05     8.646165140E-02
     7335    -4.543324592E-03     1.888499916E-03     8.367879353E-02
     7336    -3.941391849E-03     4.163781187E-03     8.451222122E-02
     7337    -5.235394850E-03     3.041727237E-03     8.428355846E-02
     7338    -4.732930903E-03     3.580516082E-03     8.585622827E-02
     7339    -3.272815275E-03     4.486108475E-03     8.556490763E-02
     7340    -5.609974178E-03     2.493986471E-03     8.553529640E-02
     7341    -2.036286182E-03     3.788069516E-03     8.497617062E-02
     7342    -2.313076791E-03     3.836975104E-03     8.622199116E-02
     7343    -1.848414592E-03     3.982115479E-03     8.372269343E-02
     7344    -5.299567566E-03     2.871133417E-03     8.312402660E-02
     7345    -6.593570566E-03     1.749079467E-03     8.289536384E-02
     7346    -7.347190109E-03     3.761769891E-04     8.282101892E-02
     7347    -6.968149895E-03     1.201338701E-03     8.414710178E-02
     7348    -6.292666818E-03     4.351336958E-03     8.372879153E-02
     7349    -5.716909227E-03     4.811902736E-03     8.530146135E-02
     7350    -4.238757420E-03     5.702257218E-03     8.501014070E-02
     7351    -2.989345548E-03     4.977496585E-03     8.442140369E-02
     7352    -2.801473958E-03     5.171542547E-03     8.316792650E-02
     7353    -7.001367668E-03     3.667822546E-03     8.507279859E-02
     7354    -8.352508257E-03     1.800109957E-03     8.342578384E-02
     7355    -7.876602672E-03     2.574740128E-03     8.475186671E-02
     7356    -5.101792762E-03     5.228317513E-03     8.635414776E-02
     7357    -7.436605258E-03     3.166364938E-03     8.632453653E-02
     7358    -8.651037076E-03     1.207006225E-03     8.467752179E-02
     7359    -2.320768973E-03     5.299823873E-03     8.547409011E-02
     7360    -2.597559582E-03     5.348729461E-03     8.671991065E-02
     7361    -1.848612621E-03     5.540382260E-03     8.642797892E-02
     7362     6.599648748E-07    -7.125000000E-03     7.502218621E-02
     7363    -1.814439931E-03    -7.602433698E-03     7.502085454E-02
     7364    -1.380414036E-03    -7.698991737E-03     7.480156648E-02
     7365    -4.114185092E-04    -7.679341189E-03     7.513674858E-02
     7366    -1.295508751E-03    -7.760130099E-03     7.532403605E-02
     7367     1.815099896E-03    -7.602433698E-03     7.502633167E-02
     7368     1.465199670E-03    -7.602814775E-03     7.466115669E-02
     7369     7.390105755E-04    -7.679341189E-03     7.507665603E-02
     7370     6.599648749E-07    -7.125000000E-03     4.002218621E-02
     7371    -1.814439931E-03    -7.602433698E-03     4.002085454E-02
     7372    -1.445658560E-03    -7.615876126E-03     4.034361310E-02
     7373    -4.951032004E-04    -7.728423621E-03     3.998991168E-02
     7374    -1.380787034E-03    -7.715696530E-03     3.981281530E-02
     7375     1.815099896E-03    -7.602433698E-03     4.002633167E-02
     7376     1.412807035E-03    -7.706149256E-03     4.024335781E-02
     7377     6.553258842E-04    -7.728423621E-03     3.992981914E-02
     7378     1.624190488E-03    -7.878484076E-03     3.968104854E-02
     7379     7.750906883E-03    -8.173895160E-03     8.144714314E-02
     7380     6.254018240E-03    -7.340620922E-03     8.193099687E-02
     7381     6.614888843E-03    -7.724487576E-03     8.002478070E-02
     7382     5.534657250E-03    -8.366373785E-03     7.926540207E-02
     7383     8.589424620E-03    -7.251909154E-03     8.396793890E-02
     7384     7.321069454E-03    -6.427491186E-03     8.301614626E-02
     7385     7.681940056E-03    -6.811357841E-03     8.110993009E-02
     7386     7.220934577E-03    -6.569829372E-03     8.445179264E-02
     7387     7.965039136E-03    -6.743041440E-03     8.625994644E-02
     7388    -7.919959875E-03    -8.022447662E-03     8.184894110E-02
     7389    -6.458300233E-03    -7.254608763E-03     8.170164063E-02
     7390    -5.765201458E-03    -8.256028758E-03     7.910709059E-02
     7391    -7.522222933E-03    -6.527080112E-03     7.986830730E-02
     7392    -7.251885946E-03    -6.510518225E-03     8.364730047E-02
     7393     4.641568030E-03    -8.174750311E-03     7.652891908E-02
     7394    -4.831569608E-03    -8.203475288E-03     7.664475401E-02
     7395    -4.732983003E-03    -8.483656338E-03     7.728241322E-02
     7396     2.129210516E-03    -8.080248473E-03     7.472539469E-02
     7397     1.403021422E-03    -8.156774887E-03     7.514089403E-02
     7398    -2.045084847E-03    -8.176425435E-03     7.474014227E-02
     7399    -1.960179562E-03    -8.237563797E-03     7.526261184E-02
     7400    -2.110329371E-03    -8.093309824E-03     4.028218889E-02
     7401    -2.045457845E-03    -8.193130228E-03     3.975139109E-02
     7402     2.076817881E-03    -8.183582954E-03     4.030759581E-02
     7403     2.288201334E-03    -8.355917774E-03     3.974528654E-02
     7404    -6.583440999E-03    -5.912379198E-03     6.657183296E-02
     7405    -7.579203394E-03    -7.037210658E-03     6.754354615E-02
     7406    -7.094675187E-03    -6.462288179E-03     6.885774944E-02
     7407    -6.581610505E-03    -5.914287600E-03     4.989339847E-02
     7408    -7.936462459E-03    -6.601155442E-03     4.838043119E-02
     7409    -7.660065393E-03    -6.956636939E-03     4.692501387E-02
     7410    -6.296383328E-03    -6.794605937E-03     4.784009762E-02
     7411    -7.009223939E-03    -6.373594099E-03     4.581369271E-02
     7412    -6.600992808E-03    -5.893731975E-03     6.300000000E-02
     7413    -8.005272999E-03    -6.498524173E-03     6.492215618E-02
     7414    -7.228748893E-03    -7.301191768E-03     6.453974898E-02
     7415    -7.596913093E-03    -7.018714612E-03     6.597171319E-02
     7416    -7.137959024E-03    -6.348763054E-03     6.394828551E-02
     7417    -6.600992808E-03    -5.893731975E-03     5.900000000E-02
     7418    -7.990269161E-03    -6.524445657E-03     6.127455996E-02
     7419    -7.986638113E-03    -6.530601253E-03     5.930146381E-02
     7420    -7.167587927E-03    -7.337467759E-03     6.072613951E-02
     7421    -7.777825002E-03    -4.855130666E-03     6.100000000E-02
     7422    -7.137959024E-03    -6.348763054E-03     6.194828551E-02
     7423    -6.600992808E-03    -5.893731975E-03     5.500000000E-02
     7424    -7.986638113E-03    -6.530601253E-03     5.730146381E-02
     7425    -7.985830414E-03    -6.531964467E-03     5.543481232E-02
     7426    -7.163434059E-03    -7.339837741E-03     5.674093101E-02
     7427    -7.167587927E-03    -7.337467759E-03     5.872613951E-02
     7428    -7.985830414E-03    -6.531964467E-03     5.343481232E-02
     7429    -7.956036644E-03    -6.580784138E-03     5.148703278E-02
     7430    -7.157975635E-03    -7.342934279E-03     5.291018867E-02
     7431    -7.163434059E-03    -7.339837741E-03     5.474093101E-02
     7432    -7.798566698E-03    -4.817528937E-03     5.300000000E-02
     7433    -6.315957513E-03    -6.774234633E-03     5.094669921E-02
     7434     8.428485041E-03    -5.774796588E-03     6.381876927E-02
     7435     8.913646360E-03    -6.430623834E-03     6.507149803E-02
     7436     7.971957518E-03    -7.347473085E-03     6.539344997E-02
     7437     8.471895713E-03    -6.996732086E-03     6.646840931E-02
     7438     8.472096896E-03    -5.728857721E-03     5.963801690E-02
     7439     9.040114017E-03    -6.220322770E-03     6.100319186E-02
     7440     8.958104656E-03    -6.385254378E-03     6.289026729E-02
     7441     8.143115779E-03    -7.231586028E-03     6.158109317E-02
     7442     8.471970793E-03    -5.728994824E-03     5.563849293E-02
     7443     9.042964519E-03    -6.213774371E-03     5.701405993E-02
     7444     9.039988231E-03    -6.220459542E-03     5.900367023E-02
     7445     8.142989993E-03    -7.231722800E-03     5.758157154E-02
     7446     8.463898282E-03    -5.737718540E-03     5.159130301E-02
     7447     9.036125194E-03    -6.229049993E-03     5.303639508E-02
     7448     9.042964208E-03    -6.213774708E-03     5.501405759E-02
     7449     8.142989683E-03    -7.231723137E-03     5.358156920E-02
     7450     8.230308213E-03    -7.176606965E-03     5.172514484E-02
     7451     9.041196730E-03    -6.208056219E-03     4.931331401E-02
     7452     9.028027145E-03    -6.237749310E-03     5.098920750E-02
     7453     8.222210164E-03    -7.185306281E-03     4.967795725E-02
     7454     8.608616550E-03    -6.860929706E-03     4.827464684E-02
     7455     8.447811308E-03    -5.754797962E-03     4.827445782E-02
     7456     6.315927905E-03    -6.131021255E-03     8.159378383E-02
     7457     6.699161861E-03    -5.920366669E-03     8.530815380E-02
     7458    -9.394635616E-03    -7.129287786E-03     6.319671615E-02
     7459    -8.734214976E-03    -8.003874157E-03     6.446190517E-02
     7460    -9.039626040E-03    -7.653677293E-03     6.589386937E-02
     7461    -8.542239215E-03    -6.953555252E-03     6.387044169E-02
     7462    -9.375919354E-03    -7.161317818E-03     5.957602377E-02
     7463    -8.663135180E-03    -8.075714894E-03     6.100069947E-02
     7464    -8.713318527E-03    -8.025330783E-03     6.281430895E-02
     7465    -9.167101355E-03    -5.485844348E-03     6.127455996E-02
     7466    -8.527235376E-03    -6.979476736E-03     6.222284547E-02
     7467    -9.371475959E-03    -7.168833887E-03     5.573627613E-02
     7468    -8.654639228E-03    -8.084088865E-03     5.704239482E-02
     7469    -8.658047930E-03    -8.080734436E-03     5.902760332E-02
     7470    -8.936141709E-03    -4.896235265E-03     5.730146381E-02
     7471    -9.341184501E-03    -7.219205970E-03     5.192184510E-02
     7472    -8.649029130E-03    -8.089594148E-03     5.334500099E-02
     7473    -8.653509057E-03    -8.085199469E-03     5.517574333E-02
     7474    -8.607918785E-03    -8.129357206E-03     5.139722145E-02
     7475    -9.052513749E-03    -7.637181395E-03     4.851864823E-02
     7476    -8.905540241E-03    -4.946418151E-03     4.948703278E-02
     7477    -7.671001350E-03    -7.461286796E-03     4.943373198E-02
     7478    -7.720419046E-03    -8.789043850E-03     5.465111968E-02
     7479    -7.730030438E-03    -8.783575731E-03     5.846707052E-02
     7480    -7.795630651E-03    -8.745410820E-03     6.226588849E-02
     7481    -7.704554143E-03    -7.792498838E-03     6.167442502E-02
     7482    -8.239272800E-03    -8.445207911E-03     6.551146217E-02
     7483    -7.765715109E-03    -7.756222847E-03     6.348803449E-02
     7484    -8.108305170E-03    -7.568774770E-03     6.825762967E-02
     7485    -7.394604284E-03    -7.816768294E-03     4.797831466E-02
     7486    -8.107444894E-03    -7.395756456E-03     4.595190975E-02
     7487     9.613556659E-03    -6.699459266E-03     5.075840608E-02
     7488     8.948978182E-03    -7.765423758E-03     4.944715584E-02
     7489     9.251288732E-03    -7.360524663E-03     4.804384542E-02
     7490     9.033209395E-03    -6.216437268E-03     4.804365640E-02
     7491     9.607147325E-03    -6.713842257E-03     5.441196208E-02
     7492     8.860227462E-03    -7.868137384E-03     5.297947369E-02
     7493     8.928024238E-03    -7.790244385E-03     5.112304933E-02
     7494     9.610987082E-03    -6.705241845E-03     5.837923489E-02
     7495     8.871336286E-03    -7.855619339E-03     5.695713620E-02
     7496     8.871336286E-03    -7.855619339E-03     5.495713620E-02
     7497     9.529372929E-03    -6.878535324E-03     6.225592062E-02
     7498     8.866484830E-03    -7.861097770E-03     6.094674650E-02
     7499     8.866484830E-03    -7.861097770E-03     5.894674650E-02
     7500     8.639172596E-03    -8.099220125E-03     6.446494799E-02
     7501     8.741435522E-03    -7.996393240E-03     6.283382193E-02
     7502     9.047694388E-03    -7.643368569E-03     6.553990733E-02
     7503     7.688445346E-03    -8.807010551E-03     6.315577387E-02
     7504     8.084457570E-03    -8.558826688E-03     6.586185927E-02
     7505     7.814008883E-03    -8.734451112E-03     5.952464781E-02
     7506     7.814008883E-03    -8.734451112E-03     5.552464781E-02
     7507     7.901959854E-03    -8.680336892E-03     5.166822345E-02
     7508     8.393293290E-03    -8.321571331E-03     4.840848866E-02
     7509     7.401917085E-03    -8.010935279E-03     6.813096571E-02
     7510     7.490104358E-03    -7.917814326E-03     4.574517064E-02
     7511     8.600629215E-03    -6.869310755E-03     4.700498923E-02
     7512     2.180878177E-04     1.295249651E-03     8.900000000E-02
     7513    -4.467232420E-04    -1.411404309E-03     8.900000000E-02
     7514     1.888567965E-03    -7.674293211E-04     8.900000000E-02
     7515     2.285739202E-03     1.418461616E-04     9.039750091E-02
     7516    -3.372934975E-04     1.410803417E-04     9.085922647E-02
     7517    -2.581510641E-04     1.407502232E-03     9.042369559E-02
     7518     6.438765412E-04     1.394295042E-03     8.988878949E-02
     7519    -4.067300688E-04     2.411085254E-03     9.042369559E-02
     7520     4.952975365E-04     2.397878064E-03     8.988878949E-02
     7521     1.072306358E-04     2.539024295E-03     8.940150556E-02
     7522     1.075177901E-03    -2.470500259E-03     8.900000000E-02
     7523     1.207508617E-03    -3.845990493E-03     9.062662393E-02
     7524    -1.532747831E-03    -4.274141011E-03     9.114590004E-02
     7525    -1.150683562E-03    -1.561990597E-03     9.085922647E-02
     7526    -3.247925661E-03    -2.957056596E-03     9.081770427E-02
     7527     3.542799825E-03    -3.202015505E-03     9.062662393E-02
     7528     3.807640345E-03    -9.172497890E-04     9.039750091E-02
     7529     1.184607645E-03    -9.180156089E-04     9.085922647E-02
     7530     8.223379338E-04    -6.375000000E-03     5.712962959E-02
     7531     5.221353342E-04    -6.375000000E-03     6.266666656E-02
     7532    -2.980186119E-04    -6.375000000E-03     5.045868193E-02
     7533     2.366600631E-03    -6.375000000E-03     5.069620625E-02
     7534    -1.228368820E-05    -6.375000000E-03     4.599571872E-02
     7535     1.108801948E-03    -6.375000000E-03     4.722896229E-02
     7536    -6.952181549E-04    -6.950412510E-03     4.550069145E-02
     7537    -1.541600910E-03    -7.047790335E-03     4.555384677E-02
     7538    -2.545715396E-03    -6.947199529E-03     4.585677595E-02
     7539    -3.793369757E-03    -7.014868646E-03     4.794241819E-02
     7540     1.640623545E-04    -6.375000000E-03     6.699999987E-02
     7541     5.540373311E-05    -6.923833153E-03     6.962976783E-02
     7542    -1.774260321E-03    -7.000345174E-03     6.929430094E-02
     7543     1.187987064E-03    -7.175308345E-03     6.942851120E-02
     7544    -2.136062350E-03    -7.365687797E-03     6.709306357E-02
     7545     1.383299582E-03    -7.175308345E-03     6.742851117E-02
     7546    -1.940749833E-03    -7.365687797E-03     6.509306353E-02
     7547     2.652335554E-03    -6.375000000E-03     4.623324304E-02
     7548     2.301104882E-03    -6.976743442E-03     4.450372164E-02
     7549     8.483154518E-04    -6.950412510E-03     4.450497220E-02
     7550     4.996085595E-03    -7.117581517E-03     4.597582483E-02
     7551     3.422190518E-03    -6.976743442E-03     4.573696522E-02
     7552    -3.749998678E-04    -6.375000000E-03     8.350000015E-02
     7553     1.125000097E-03    -7.039011730E-03     8.049734516E-02
     7554    -1.212116497E-03    -7.156755735E-03     8.027412407E-02
     7555    -3.236696525E-04    -7.093032993E-03     8.015554821E-02
     7556     4.644854922E-03    -7.719324960E-03     4.424630343E-02
     7557     1.618170415E-03    -7.552155952E-03     4.400869437E-02
     7558    -6.810017696E-04    -7.623202844E-03     4.406310026E-02
     7559     9.329905005E-04    -7.792778012E-03     7.089724715E-02
     7560    -2.343155234E-04    -7.897265090E-03     7.061139022E-02
     7561     1.274640960E-03    -7.724141497E-03     7.005827913E-02
     7562    -2.531499011E-03    -7.619989864E-03     4.441918475E-02
     7563    -2.350042522E-03    -7.930920714E-03     4.378219351E-02
     7564    -3.879072508E-03    -7.991032971E-03     6.738736461E-02
     7565     5.566173479E-04    -8.217376796E-03     7.124910162E-02
     7566     2.065573832E-03    -8.044253203E-03     7.069599053E-02
     7567     1.987984166E-03    -8.181444859E-03     7.175687026E-02
     7568    -1.375892291E-03    -8.341726517E-03     7.143826122E-02
     7569     9.170438692E-04    -8.309572877E-03     4.021108328E-02
     7570     1.885908473E-03    -8.459633332E-03     3.996231268E-02
     7571    -7.909926411E-04    -8.219299747E-03     4.025124603E-02
     7572    -1.676676475E-03    -8.206572656E-03     4.007414964E-02
     7573     1.053121196E-03    -8.157155964E-03     7.477571906E-02
     7574    -6.420634252E-04    -8.253332926E-03     7.485603630E-02
     7575    -1.526153667E-03    -8.334121836E-03     7.504332378E-02
     7576     2.791659581E-03    -7.983122461E-03     7.873330754E-02
     7577     3.924827241E-03    -8.030940894E-03     7.815370101E-02
     7578     5.596566914E-03    -7.156774119E-03     7.892818903E-02
     7579     7.338399254E-03    -5.019943955E-03     7.976045050E-02
     7580    -2.971022993E-03    -8.166216139E-03     7.850275797E-02
     7581    -4.001884924E-03    -8.113409050E-03     7.821741730E-02
     7582     1.669042651E-03    -7.894632952E-03     7.874264720E-02
     7583     8.013302506E-04    -7.757044723E-03     7.898622651E-02
     7584     3.383167660E-03    -7.750841894E-03     7.874841693E-02
     7585     2.203729018E-04    -7.948654215E-03     7.840085025E-02
     7586    -1.535786343E-03    -7.874788728E-03     7.876300542E-02
     7587    -3.455095118E-03    -7.885704381E-03     7.859624060E-02
     7588     9.348740925E-04    -5.005656256E-03     9.277252398E-02
     7589     3.939971061E-03    -2.292740022E-03     9.202412484E-02
     7590     1.316938362E-03    -2.293505842E-03     9.248585040E-02
     7591     2.785509698E-03    -3.935409739E-03     9.405346302E-02
     7592    -1.423318087E-03    -2.721656360E-03     9.300512651E-02
     7593    -3.520560186E-03    -4.116722359E-03     9.296360432E-02
     7594     4.525324909E-05    -4.363560257E-03     9.457273913E-02
     7595    -1.256311718E-03    -3.389140768E-03     9.450160186E-02
     7596     1.581778882E-03    -8.740126170E-06     9.225672738E-02
     7597     2.988737644E-03     1.343519966E-03     9.217507988E-02
     7598     3.050350218E-03    -1.650644023E-03     9.382433999E-02
     7599     2.562948921E-03     1.244474575E-03     9.128629040E-02
     7600     2.994487481E-03     5.826738674E-04     9.354314234E-02
     7601    -9.621113840E-04     1.256915944E-03     9.228292206E-02
     7602     3.657049449E-04     1.342754146E-03     9.263680544E-02
     7603    -3.138495916E-03    -1.404571945E-03     9.267693074E-02
     7604     4.273175185E-04    -1.651409843E-03     9.428606555E-02
     7605    -6.008377868E-05     1.243708755E-03     9.174801596E-02
     7606     3.714547816E-04     5.819080476E-04     9.400486790E-02
     7607    -8.742474491E-04    -6.769903542E-04     9.421492829E-02
     7608    -3.394316922E-04     3.279881902E-03     9.097182444E-02
     7609     4.448473784E-04     2.609176037E-03     9.220127456E-02
     7610     1.905865481E-05     2.510130645E-03     9.131248508E-02
     7611     4.505972151E-04     1.848329938E-03     9.356933702E-02
     7612    -4.140204353E-04     3.529170855E-03     9.166624771E-02
     7613    -3.690082459E-04     2.651276876E-03     9.082520115E-02
     7614    -1.361030490E-03     4.650690502E-03     8.613117364E-02
     7615    -8.963682910E-04     4.795830876E-03     8.363187590E-02
     7616    -6.120835282E-04     4.842343301E-03     8.583924192E-02
     7617    -3.056740935E-04     4.803619852E-03     8.477299756E-02
     7618    -8.888741372E-04     4.891248889E-03     8.708506246E-02
     7619    -9.764520472E-04     4.613486108E-03     8.799717989E-02
     7620    -1.194549737E-03     5.157971092E-03     8.787944144E-02
     7621     2.745118889E-04     5.078639477E-03     8.233980317E-02
     7622    -4.530586876E-05     4.655924784E-03     8.177037518E-02
     7623    -7.764774797E-04     4.537101596E-03     8.176087579E-02
     7624    -1.178025036E-04     4.997665815E-03     8.351952037E-02
     7625     9.377027213E-04     4.744687422E-03     8.173177964E-02
     7626     8.652060865E-04     5.086428453E-03     8.348092483E-02
     7627    -2.275050855E-04     4.805138908E-03     8.770524817E-02
     7628     1.996375312E-04     4.841563883E-03     8.753469722E-02
     7629     1.664822592E-04     5.044178240E-03     8.572688638E-02
     7630    -4.456027749E-04     5.349623892E-03     8.758750972E-02
     7631     1.131552017E-03     4.991064000E-03     8.693120740E-02
     7632     1.148369717E-04     5.347757364E-03     8.747816681E-02
     7633     7.837734167E-04     4.855308827E-03     8.896178914E-02
     7634     6.162250808E-04     4.573408773E-03     8.987178615E-02
     7635     9.747154278E-04     3.803657516E-03     9.021244678E-02
     7636     6.940260417E-04     5.363305060E-03     8.943146354E-02
     7637     6.989728572E-04     5.361502308E-03     8.890525873E-02
     7638     8.212584466E-04     4.739043683E-03     8.948548594E-02
     7639     6.765347477E-04     5.164013424E-03     9.001578325E-02
     7640    -5.692193417E-04     5.480086353E-03     8.911141320E-02
     7641    -6.204462075E-04     4.906610145E-03     8.907085157E-02
     7642    -3.608519267E-04     4.661135066E-03     8.981029763E-02
     7643    -8.385438969E-04     5.451095129E-03     8.895311313E-02
     7644    -5.328914412E-04     5.749330098E-03     8.923932237E-02
     7645    -2.830509659E-04     5.451031353E-03     8.936997502E-02
     7646    -4.354406698E-04     4.910424019E-03     9.050472089E-02
     7647    -1.558185609E-04     4.826769976E-03     8.942399742E-02
     7648    -3.005422598E-04     5.251739717E-03     8.995429473E-02
     7649    -2.638561296E-04     5.100852335E-03     8.865792723E-02
     7650    -4.819538191E-04     5.645337319E-03     8.854018878E-02
     7651    -1.763013633E-04     5.943572288E-03     8.882639802E-02
     7652     7.353911201E-05     5.645273543E-03     8.895705067E-02
     7653     7.848592759E-05     5.643470791E-03     8.843084586E-02
     7654     1.120596212E-04     4.563801102E-03     8.844681465E-02
     7655    -5.548871467E-05     4.281901048E-03     8.935681165E-02
     7656    -5.331806849E-04     5.071861111E-03     8.849962715E-02
     7657     2.231224616E-05     5.071797335E-03     8.891648904E-02
     7658     2.725906174E-05     5.069994583E-03     8.839028424E-02
     7659     1.495446511E-04     4.447535958E-03     8.897051145E-02
     7660     1.471116723E-03     4.749726194E-03     8.767277388E-02
     7661     4.494548629E-04     5.108222310E-03     8.874593809E-02
     7662     4.544016785E-04     5.106419558E-03     8.821973329E-02
     7663     5.766872678E-04     4.483960933E-03     8.879996050E-02
     7664     5.625959131E-04     3.266674712E-03     9.043691834E-02
     7665     1.295168230E-04     4.285714922E-03     9.079068097E-02
     7666     4.091389320E-04     4.202060878E-03     8.970995750E-02
     7667     1.745290124E-04     3.407820943E-03     8.994963441E-02
     7668     2.644152330E-04     4.627030619E-03     9.024025480E-02
     7669    -3.354157009E-03    -7.830329908E-03     4.408512268E-02
     7670     1.128427323E-03    -8.481907697E-03     3.964877401E-02
     7671    -7.261211150E-04    -8.319120151E-03     3.972044822E-02
     7672    -5.571581402E-04    -8.314471288E-03     7.537850587E-02
     7673     1.346874984E-03     2.595968847E-03     9.166636846E-02
     7674     1.778413544E-03     1.934168140E-03     9.392322040E-02
     7675     9.137958936E-04     3.615009057E-03     9.202013109E-02
     7676    -2.971489548E-03    -2.072056353E-03     9.417340610E-02
     7677     1.437961451E-03     4.952340551E-03     8.586496305E-02
     7678    -4.456259186E-04     5.914581064E-03     8.866809795E-02
     7679    -1.908386277E-04     5.614479567E-03     8.827254579E-02
     7680     1.386316164E-03     5.255919675E-03     8.761624347E-02
     7681     4.325286560E-03    -7.911741466E-03     6.959106766E-02
     7682     1.840026118E-03    -1.059995849E-03     9.557248051E-02
     7683     5.943238869E-04    -2.318894251E-03     9.578254091E-02
     7684     1.098670125E-04     5.914517288E-03     8.908495984E-02
     7685     1.148138281E-04     5.912714536E-03     8.855875504E-02
     7686     8.517487372E-05     6.219091610E-03     8.905545313E-02
     7687     4.880071700E-04     3.515963665E-03     9.113134160E-02
     7688     5.330193594E-04     2.638069687E-03     9.029029504E-02
     7689     6.229055800E-04     3.857279363E-03     9.058091544E-02
     7690     3.646543034E-04     5.614415791E-03     8.868940768E-02
     7691     3.350153490E-04     5.920792866E-03     8.918610577E-02
     7692     4.869398928E-04     4.991957166E-03     8.926963489E-02
     7693     3.422161938E-04     5.416926907E-03     8.979993219E-02
     7694     3.399621646E-04     5.918990113E-03     8.865990097E-02
     7695    -8.257273276E-03     1.401047107E-04     6.826086421E-02
     7696    -8.748070294E-03    -3.183162950E-03     5.500000000E-02
     7697    -8.748070294E-03    -3.183162950E-03     5.100000000E-02
     7698    -8.727328598E-03    -3.220764678E-03     5.900000000E-02
     7699     2.867154771E-03    -8.029017857E-03     7.202239046E-02
     7700     2.876022480E-03    -8.531250000E-03     7.203939099E-02
     7701     3.529513888E-03    -8.203125000E-03     4.098750000E-02
     7702    -2.802293306E-03    -8.119928025E-03     7.197821377E-02
     7703    -2.820547953E-03    -8.587044580E-03     7.200663888E-02
     7704     3.491132290E-03    -8.310267857E-03     7.208299946E-02
     7705    -3.481745353E-03    -8.345383445E-03     7.207157490E-02
     7706    -3.533506944E-03    -8.362656250E-03     7.405000000E-02
     7707    -3.533506944E-03    -8.362656250E-03     3.905000000E-02
     7708     3.533506944E-03    -8.362656250E-03     3.710000000E-02
     7709     3.529513888E-03    -8.203125000E-03     7.598750000E-02
     7710    -3.533506944E-03    -8.362656250E-03     3.710000000E-02
     7711     5.384611500E-04    -8.557636059E-05     9.550134325E-02
     7712     1.898264899E-04     4.876319573E-03     9.093467807E-02
     7713     3.795623782E-04     3.573455853E-03     8.956333421E-02
     7714     4.694485988E-04     4.792665530E-03     8.985395460E-02
        1    -5.500000000E-03    -9.375000000E-03     4.000000000E-03
        2     5.500000000E-03    -9.375000000E-03     4.000000000E-03
        3    -2.750000000E-03    -9.375000000E-03     4.000000000E-03
        4    -2.081668171E-17    -9.375000000E-03     4.000000000E-03
        5     2.750000000E-03    -9.375000000E-03     4.000000000E-03
        6     5.500000000E-03    -9.375000000E-03     3.600000000E-02
        7     5.500000000E-03    -9.375000000E-03     3.280000000E-02
        8     5.500000000E-03    -9.375000000E-03     2.960000000E-02
        9     5.500000000E-03    -9.375000000E-03     2.640000000E-02
       10     5.500000000E-03    -9.375000000E-03     2.320000000E-02
       11     5.500000000E-03    -9.375000000E-03     2.000000000E-02
       12     5.500000000E-03    -9.375000000E-03     1.680000000E-02
       13     5.500000000E-03    -9.375000000E-03     1.360000000E-02
       14     5.500000000E-03    -9.375000000E-03     1.040000000E-02
       15     5.500000000E-03    -9.375000000E-03     7.200000000E-03
       16    -5.500000000E-03    -9.375000000E-03     3.600000000E-02
       17    -2.750000000E-03    -9.375000000E-03     3.600000000E-02
       18    -1.561251128E-17    -9.375000000E-03     3.600000000E-02
       19     2.750000000E-03    -9.375000000E-03     3.600000000E-02
       20    -5.500000000E-03    -9.375000000E-03     7.200000000E-03
       21    -5.500000000E-03    -9.375000000E-03     1.040000000E-02
       22    -5.500000000E-03    -9.375000000E-03     1.360000000E-02
       23    -5.500000000E-03    -9.375000000E-03     1.680000000E-02
       24    -5.500000000E-03    -9.375000000E-03     2.000000000E-02
       25    -5.500000000E-03    -9.375000000E-03     2.320000000E-02
       26    -5.500000000E-03    -9.375000000E-03     2.640000000E-02
       27    -5.500000000E-03    -9.375000000E-03     2.960000000E-02
       28    -5.500000000E-03    -9.375000000E-03     3.280000000E-02
       29    -1.050000000E-02    -4.375000000E-03     4.000000000E-03
       30    -9.830127019E-03    -6.875000000E-03     4.000000000E-03
       31    -8.000000000E-03    -8.705127019E-03     4.000000000E-03
       32    -1.050000000E-02    -4.375000000E-03     3.600000000E-02
       33    -8.000000000E-03    -8.705127019E-03     3.600000000E-02
       34    -9.830127019E-03    -6.875000000E-03     3.600000000E-02
       35    -1.050000000E-02    -4.375000000E-03     3.280000000E-02
       36    -1.050000000E-02    -4.375000000E-03     2.960000000E-02
       37    -1.050000000E-02    -4.375000000E-03     2.640000000E-02
       38    -1.050000000E-02    -4.375000000E-03     2.320000000E-02
       39    -1.050000000E-02    -4.375000000E-03     2.000000000E-02
       40    -1.050000000E-02    -4.375000000E-03     1.680000000E-02
       41    -1.050000000E-02    -4.375000000E-03     1.360000000E-02
       42    -1.050000000E-02    -4.375000000E-03     1.040000000E-02
       43    -1.050000000E-02    -4.375000000E-03     7.200000000E-03
       44     1.050000000E-02    -4.375000000E-03     4.000000000E-03
       45     8.000000000E-03    -8.705127019E-03     4.000000000E-03
       46     9.830127019E-03    -6.875000000E-03     4.000000000E-03
       47     1.050000000E-02    -4.375000000E-03     3.600000000E-02
       48     1.050000000E-02    -4.375000000E-03     7.200000000E-03
       49     1.050000000E-02    -4.375000000E-03     1.040000000E-02
       50     1.050000000E-02    -4.375000000E-03     1.360000000E-02
       51     1.050000000E-02    -4.375000000E-03     1.680000000E-02
       52     1.050000000E-02    -4.375000000E-03     2.000000000E-02
       53     1.050000000E-02    -4.375000000E-03     2.320000000E-02
       54     1.050000000E-02    -4.375000000E-03     2.640000000E-02
       55     1.050000000E-02    -4.375000000E-03     2.960000000E-02
       56     1.050000000E-02    -4.375000000E-03     3.280000000E-02
       57     9.830127019E-03    -6.875000000E-03     3.600000000E-02
       58     8.000000000E-03    -8.705127019E-03     3.600000000E-02
       59     1.050000000E-02     1.375000000E-03     4.000000000E-03
       60     1.050000000E-02    -1.500000000E-03     4.000000000E-03
       61     1.050000000E-02     1.375000000E-03     3.600000000E-02
       62     1.050000000E-02     1.375000000E-03     3.280000000E-02
       63     1.050000000E-02     1.375000000E-03     2.960000000E-02
       64     1.050000000E-02     1.375000000E-03     2.640000000E-02
       65     1.050000000E-02     1.375000000E-03     2.320000000E-02
       66     1.050000000E-02     1.375000000E-03     2.000000000E-02
       67     1.050000000E-02     1.375000000E-03     1.680000000E-02
       68     1.050000000E-02     1.375000000E-03     1.360000000E-02
       69     1.050000000E-02     1.375000000E-03     1.040000000E-02
       70     1.050000000E-02     1.375000000E-03     7.200000000E-03
       71     1.050000000E-02    -1.500000000E-03     3.600000000E-02
       72    -7.500000000E-03    -4.375000000E-03     4.000000000E-03
       73    -7.500000000E-03     1.375000000E-03     4.000000000E-03
       74    -7.500000000E-03    -1.500000000E-03     4.000000000E-03
       75    -7.500000000E-03     1.375000000E-03     3.600000000E-02
       76    -7.500000000E-03     1.375000000E-03     7.200000000E-03
       77    -7.500000000E-03     1.375000000E-03     1.040000000E-02
       78    -7.500000000E-03     1.375000000E-03     1.360000000E-02
       79    -7.500000000E-03     1.375000000E-03     1.680000000E-02
       80    -7.500000000E-03     1.375000000E-03     2.000000000E-02
       81    -7.500000000E-03     1.375000000E-03     2.320000000E-02
       82    -7.500000000E-03     1.375000000E-03     2.640000000E-02
       83    -7.500000000E-03     1.375000000E-03     2.960000000E-02
       84    -7.500000000E-03     1.375000000E-03     3.280000000E-02
       85    -7.500000000E-03    -4.375000000E-03     3.600000000E-02
       86    -7.500000000E-03    -1.500000000E-03     3.600000000E-02
       87    -7.500000000E-03    -4.375000000E-03     7.200000000E-03
       88    -7.500000000E-03    -4.375000000E-03     1.040000000E-02
       89    -7.500000000E-03    -4.375000000E-03     1.360000000E-02
       90    -7.500000000E-03    -4.375000000E-03     1.680000000E-02
       91    -7.500000000E-03    -4.375000000E-03     2.000000000E-02
       92    -7.500000000E-03    -4.375000000E-03     2.320000000E-02
       93    -7.500000000E-03    -4.375000000E-03     2.640000000E-02
       94    -7.500000000E-03    -4.375000000E-03     2.960000000E-02
       95    -7.500000000E-03    -4.375000000E-03     3.280000000E-02
       96    -5.500000000E-03    -6.375000000E-03     4.000000000E-03
       97    -6.914213562E-03    -5.789213562E-03     4.000000000E-03
       98    -5.500000000E-03    -6.375000000E-03     3.600000000E-02
       99    -6.914213562E-03    -5.789213562E-03     3.600000000E-02
      100    -5.500000000E-03    -6.375000000E-03     7.200000000E-03
      101    -5.500000000E-03    -6.375000000E-03     1.040000000E-02
      102    -5.500000000E-03    -6.375000000E-03     1.360000000E-02
      103    -5.500000000E-03    -6.375000000E-03     1.680000000E-02
      104    -5.500000000E-03    -6.375000000E-03     2.000000000E-02
      105    -5.500000000E-03    -6.375000000E-03     2.320000000E-02
      106    -5.500000000E-03    -6.375000000E-03     2.640000000E-02
      107    -5.500000000E-03    -6.375000000E-03     2.960000000E-02
      108    -5.500000000E-03    -6.375000000E-03     3.280000000E-02
      109     5.500000000E-03    -6.375000000E-03     4.000000000E-03
      110     2.750000000E-03    -6.375000000E-03     4.000000000E-03
      111    -1.994931997E-17    -6.375000000E-03     4.000000000E-03
      112    -2.750000000E-03    -6.375000000E-03     4.000000000E-03
      113     5.500000000E-03    -6.375000000E-03     3.600000000E-02
      114     2.750000000E-03    -6.375000000E-03     3.600000000E-02
      115    -1.994931997E-17    -6.375000000E-03     3.600000000E-02
      116    -2.750000000E-03    -6.375000000E-03     3.600000000E-02
      117     5.500000000E-03    -6.375000000E-03     7.200000000E-03
      118     5.500000000E-03    -6.375000000E-03     1.040000000E-02
      119     5.500000000E-03    -6.375000000E-03     1.360000000E-02
      120     5.500000000E-03    -6.375000000E-03     1.680000000E-02
      121     5.500000000E-03    -6.375000000E-03     2.000000000E-02
      122     5.500000000E-03    -6.375000000E-03     2.320000000E-02
      123     5.500000000E-03    -6.375000000E-03     2.640000000E-02
      124     5.500000000E-03    -6.375000000E-03     2.960000000E-02
      125     5.500000000E-03    -6.375000000E-03     3.280000000E-02
      126     7.500000000E-03    -4.375000000E-03     4.000000000E-03
      127     6.914213562E-03    -5.789213562E-03     4.000000000E-03
      128     7.500000000E-03    -4.375000000E-03     3.600000000E-02
      129     6.914213562E-03    -5.789213562E-03     3.600000000E-02
      130     7.500000000E-03    -4.375000000E-03     7.200000000E-03
      131     7.500000000E-03    -4.375000000E-03     1.040000000E-02
      132     7.500000000E-03    -4.375000000E-03     1.360000000E-02
      133     7.500000000E-03    -4.375000000E-03     1.680000000E-02
      134     7.500000000E-03    -4.375000000E-03     2.000000000E-02
      135     7.500000000E-03    -4.375000000E-03     2.320000000E-02
      136     7.500000000E-03    -4.375000000E-03     2.640000000E-02
      137     7.500000000E-03    -4.375000000E-03     2.960000000E-02
      138     7.500000000E-03    -4.375000000E-03     3.280000000E-02
      139    -2.500000000E-03     6.375000000E-03     3.100000000E-02
      140    -1.500000000E-03     6.375000000E-03     3.100000000E-02
      141     2.500000000E-03     6.375000000E-03     3.100000000E-02
      142     1.250000000E-03     4.209936491E-03     3.100000000E-02
      143    -1.364850653E-03     4.280439737E-03     3.100000000E-02
      144     1.500000000E-03     6.375000000E-03     3.100000000E-02
      145    -7.500000000E-04     5.075961894E-03     3.100000000E-02
      146     7.500000000E-04     5.075961894E-03     3.100000000E-02
      147     2.500000000E-03     6.375000000E-03     5.000000000E-03
      148    -2.500000000E-03     6.375000000E-03     5.000000000E-03
      149     1.250000000E-03     4.209936491E-03     5.000000000E-03
      150    -1.250000000E-03     4.209936491E-03     5.000000000E-03
      151    -1.500000000E-03     6.375000000E-03     5.000000000E-03
      152     1.500000000E-03     6.375000000E-03     5.000000000E-03
      153     7.500000000E-04     5.075961894E-03     5.000000000E-03
      154    -7.500000000E-04     5.075961894E-03     5.000000000E-03
      155     1.500000000E-03     6.375000000E-03     9.076248134E-03
      156     1.500000000E-03     6.375000000E-03     1.077777778E-02
      157     1.500000000E-03     6.375000000E-03     1.366666667E-02
      158     1.500000000E-03     6.375000000E-03     1.655555556E-02
      159     1.500000000E-03     6.375000000E-03     1.944444444E-02
      160     1.500000000E-03     6.375000000E-03     2.198767040E-02
      161     1.500000000E-03     6.375000000E-03     2.522222222E-02
      162     1.500000000E-03     6.375000000E-03     2.811111111E-02
      163    -1.500000000E-03     6.375000000E-03     2.811111111E-02
      164    -1.500000000E-03     6.375000000E-03     2.551727575E-02
      165    -1.500000000E-03     6.375000000E-03     2.285535636E-02
      166    -1.500000000E-03     6.375000000E-03     1.944444444E-02
      167    -1.500000000E-03     6.375000000E-03     1.655555556E-02
      168    -1.500000000E-03     6.375000000E-03     1.366666667E-02
      169    -1.500000000E-03     6.375000000E-03     1.077777778E-02
      170    -1.500000000E-03     6.375000000E-03     7.888888889E-03
      171    -2.500000000E-03     6.375000000E-03     7.888888889E-03
      172    -2.500000000E-03     6.375000000E-03     1.077777778E-02
      173    -2.500000000E-03     6.375000000E-03     1.366666667E-02
      174    -2.500000000E-03     6.375000000E-03     1.655555556E-02
      175    -2.500000000E-03     6.375000000E-03     1.944444444E-02
      176    -2.500000000E-03     6.375000000E-03     2.233333333E-02
      177    -2.500000000E-03     6.375000000E-03     2.522222222E-02
      178    -2.500000000E-03     6.375000000E-03     2.811111111E-02
      179     2.500000000E-03     6.375000000E-03     7.888888889E-03
      180     2.500000000E-03     6.375000000E-03     1.077777778E-02
      181     2.500000000E-03     6.375000000E-03     1.366666667E-02
      182     2.500000000E-03     6.375000000E-03     1.655555556E-02
      183     2.500000000E-03     6.375000000E-03     1.944444444E-02
      184     2.500000000E-03     6.375000000E-03     2.233333333E-02
      185     2.500000000E-03     6.375000000E-03     2.522222222E-02
      186     2.500000000E-03     6.375000000E-03     2.811111111E-02
      187    -1.050000000E-02     1.375000000E-03     3.600000000E-02
      188    -1.050000000E-02    -1.500000000E-03     3.600000000E-02
      189     7.500000000E-03     1.375000000E-03     3.600000000E-02
      190     7.500000000E-03    -1.500000000E-03     3.600000000E-02
      191    -2.500000000E-03     6.375000000E-03     3.263914587E-02
      192    -5.256246192E-03     5.546702723E-03     3.296496991E-02
      193    -7.011781724E-03     3.529952910E-03     3.409064571E-02
      194     2.500000000E-03     6.375000000E-03     3.263914587E-02
      195    -1.517883041E-17     6.375000000E-03     3.263914587E-02
      196     7.011774103E-03     3.529968865E-03     3.409066754E-02
      197     5.256248308E-03     5.546701326E-03     3.296494433E-02
      198     2.500000000E-03     9.375000000E-03     3.200000000E-02
      199     4.773140076E-03     9.045256725E-03     3.203158951E-02
      200     7.542242650E-03     7.585940530E-03     3.228476538E-02
      201     9.287535701E-03     5.609307391E-03     3.294069237E-02
      202     1.024199186E-02     3.390331969E-03     3.418718650E-02
      203    -2.500000000E-03     9.375000000E-03     3.200000000E-02
      204    -1.517883041E-17     9.375000000E-03     3.200000000E-02
      205    -1.024161610E-02     3.391774084E-03     3.418911476E-02
      206    -9.287367707E-03     5.609574963E-03     3.294019516E-02
      207    -7.542057079E-03     7.586091176E-03     3.228473110E-02
      208    -5.180220747E-03     8.912666715E-03     3.204689963E-02
      209    -1.050000000E-02     1.375000000E-03     4.000000000E-03
      210    -1.050000000E-02    -1.500000000E-03     4.000000000E-03
      211    -1.050000000E-02     1.375000000E-03     7.200000000E-03
      212    -1.050000000E-02     1.375000000E-03     1.040000000E-02
      213    -1.050000000E-02     1.375000000E-03     1.360000000E-02
      214    -1.050000000E-02     1.375000000E-03     1.680000000E-02
      215    -1.050000000E-02     1.375000000E-03     2.000000000E-02
      216    -1.050000000E-02     1.375000000E-03     2.320000000E-02
      217    -1.050000000E-02     1.375000000E-03     2.640000000E-02
      218    -1.050000000E-02     1.375000000E-03     2.960000000E-02
      219    -1.050000000E-02     1.375000000E-03     3.280000000E-02
      220    -2.500000000E-03     9.375000000E-03     4.000000000E-03
      221    -4.834008394E-03     9.026954314E-03     4.000000000E-03
      222    -8.156854249E-03     7.031854249E-03     4.000000000E-03
      223    -9.891036260E-03     4.436467459E-03     4.000000000E-03
      224    -2.500000000E-03     9.375000000E-03     2.888888889E-02
      225    -2.500000000E-03     9.375000000E-03     2.577777778E-02
      226    -2.500000000E-03     9.375000000E-03     2.266666667E-02
      227    -2.500000000E-03     9.375000000E-03     1.955555556E-02
      228    -2.500000000E-03     9.375000000E-03     1.644444444E-02
      229    -2.500000000E-03     9.375000000E-03     1.333333333E-02
      230    -2.500000000E-03     9.375000000E-03     1.022222222E-02
      231    -2.500000000E-03     9.375000000E-03     7.111111111E-03
      232     2.500000000E-03     9.375000000E-03     4.000000000E-03
      233    -1.040834086E-17     9.375000000E-03     4.000000000E-03
      234     2.500000000E-03     9.375000000E-03     7.111111111E-03
      235     2.500000000E-03     9.375000000E-03     1.022222222E-02
      236     2.500000000E-03     9.375000000E-03     1.333333333E-02
      237     2.500000000E-03     9.375000000E-03     1.644444444E-02
      238     2.500000000E-03     9.375000000E-03     1.955555556E-02
      239     2.500000000E-03     9.375000000E-03     2.266666667E-02
      240     2.500000000E-03     9.375000000E-03     2.577777778E-02
      241     2.500000000E-03     9.375000000E-03     2.888888889E-02
      242     9.891036260E-03     4.436467459E-03     4.000000000E-03
      243     8.156854249E-03     7.031854249E-03     4.000000000E-03
      244     5.561467459E-03     8.766036260E-03     4.000000000E-03
      245     7.500000000E-03     1.375000000E-03     4.000000000E-03
      246     7.500000000E-03    -1.500000000E-03     4.000000000E-03
      247     7.500000000E-03     1.375000000E-03     7.200000000E-03
      248     7.500000000E-03     1.375000000E-03     1.040000000E-02
      249     7.500000000E-03     1.375000000E-03     1.360000000E-02
      250     7.500000000E-03     1.375000000E-03     1.680000000E-02
      251     7.500000000E-03     1.375000000E-03     2.000000000E-02
      252     7.500000000E-03     1.375000000E-03     2.320000000E-02
      253     7.500000000E-03     1.375000000E-03     2.640000000E-02
      254     7.500000000E-03     1.375000000E-03     2.960000000E-02
      255     7.500000000E-03     1.375000000E-03     3.280000000E-02
      256     2.500000000E-03     6.375000000E-03     4.000000000E-03
      257     5.000000000E-03     5.705127019E-03     4.000000000E-03
      258     6.830127019E-03     3.875000000E-03     4.000000000E-03
      259    -2.500000000E-03     6.375000000E-03     4.000000000E-03
      260    -1.517883041E-17     6.375000000E-03     4.000000000E-03
      261    -6.830127019E-03     3.875000000E-03     4.000000000E-03
      262    -5.000000000E-03     5.705127019E-03     4.000000000E-03
      263    -5.903694077E-03     5.037631107E-03     9.912407650E-03
      264    -5.331016134E-03     5.496328384E-03     1.563244901E-02
      265    -5.331016134E-03     5.496328384E-03     2.141022679E-02
      266    -5.563581923E-03     5.326514368E-03     2.742723039E-02
      267    -6.514307453E-03     4.355828017E-03     1.838605826E-02
      268     5.567517306E-03     5.323460152E-03     9.126707374E-03
      269     5.587688409E-03     5.307706484E-03     1.532074532E-02
      270     5.866565479E-03     5.071787372E-03     2.078243003E-02
      271     5.871297140E-03     5.067472829E-03     2.650944082E-02
      272     6.654283039E-03     4.157432826E-03     1.226829196E-02
      273     7.581968762E-03     7.553478251E-03     2.917934086E-02
      274     9.114427795E-03     5.874927215E-03     7.473715372E-03
      275     5.253569888E-03     8.886181856E-03     9.231138285E-03
      276     5.552815003E-03     8.769614294E-03     1.485936778E-02
      277     5.490981934E-03     8.794840097E-03     2.093262269E-02
      278     4.930194500E-03     8.996952158E-03     2.717659919E-02
      279     1.005891762E-02     3.994687837E-03     1.572826865E-02
      280     1.012767516E-02     3.787171577E-03     2.769900769E-02
      281     1.006041726E-02     3.990356729E-03     2.176447379E-02
      282     6.244010097E-03     8.444822374E-03     2.452623980E-02
      283     9.700251628E-03     4.861599560E-03     1.303836352E-02
      284     9.564701771E-03     5.128663395E-03     1.067295699E-02
      285     9.961862233E-03     4.259547106E-03     2.429933147E-02
      286     9.566735668E-03     5.124832929E-03     1.926160649E-02
      287     7.552308421E-03     7.577755808E-03     1.108390152E-02
      288     7.970757379E-03     7.212020961E-03     1.643762832E-02
      289     8.454050930E-03     6.718152395E-03     2.205951590E-02
      290    -8.929982107E-03     6.134761560E-03     2.908936865E-02
      291    -7.019640555E-03     7.975973356E-03     7.591237802E-03
      292    -5.213436860E-03     8.900773077E-03     2.709441675E-02
      293    -5.517902064E-03     8.783931578E-03     2.138211177E-02
      294    -6.032911879E-03     8.552641232E-03     1.546097826E-02
      295    -1.001126357E-02     4.128346965E-03     9.336936774E-03
      296    -9.666622236E-03     4.930211066E-03     1.466948516E-02
      297    -1.016052441E-02     3.680724576E-03     2.201785712E-02
      298    -6.807267455E-03     8.116472174E-03     1.175730797E-02
      299    -9.433069771E-03     5.366559038E-03     1.838278706E-02
      300    -9.619134328E-03     5.024373428E-03     2.360899731E-02
      301    -9.544280282E-03     5.166848534E-03     2.602515830E-02
      302    -7.413542027E-03     7.688248352E-03     2.530127108E-02
      303    -8.109580674E-03     7.078736026E-03     2.036013207E-02
      304    -8.185846919E-03     7.002712218E-03     2.324183908E-02
      305     5.457127396E-04     3.935287393E-03     2.640132799E-02
      306    -3.557765748E-04     3.900444883E-03     9.458061142E-03
      307    -1.678816692E-03     4.522549052E-03     1.602650167E-02
      308    -1.429352856E-03     4.323914820E-03     2.314846969E-02
      309     1.582197722E-03     4.439373391E-03     1.169895644E-02
      310     1.745360967E-03     4.585107518E-03     1.833965370E-02
      311    -6.775337269E-04     3.968561127E-03     1.274256413E-02
      312     1.151214129E-03     4.155832132E-03     1.540717586E-02
      313     1.151214129E-03     4.155832132E-03     2.118495364E-02
      314     5.481867920E-05     3.875601090E-03     1.796013668E-02
      315     4.678700692E-04     4.949834186E-03     2.782199922E-02
      316    -4.573146398E-04     4.946412124E-03     9.004731974E-03
      317     9.000264314E-04     5.175019824E-03     9.252752162E-03
      318     1.039338256E-03     5.293438171E-03     1.713480997E-02
      319     6.841954682E-04     5.040130508E-03     2.088888889E-02
      320    -1.192451198E-03     5.465021901E-03     2.657904785E-02
      321    -7.811694392E-04     5.094463274E-03     2.049778360E-02
      322    -9.420096192E-04     5.207687755E-03     1.421621679E-02
      323     5.360640094E-04     4.974059110E-03     1.239602584E-02
      324     2.306386814E-04     4.892837459E-03     2.422951750E-02
      325     6.845379064E-03    -5.854849713E-03     9.278250379E-03
      326     6.940766887E-03    -5.762152039E-03     1.520000000E-02
      327     6.926767357E-03    -5.776547327E-03     3.078819755E-02
      328     6.940766887E-03    -5.762152039E-03     2.160000000E-02
      329     8.278007009E-03    -8.532243926E-03     1.541420430E-02
      330     8.571245823E-03    -8.320560682E-03     8.781037210E-03
      331     9.657243926E-03    -7.153007009E-03     1.178579570E-02
      332     9.250657970E-03    -7.681442921E-03     3.094197227E-02
      333     8.419297320E-03    -8.434273723E-03     2.771764462E-02
      334     8.868490865E-03    -8.070033057E-03     2.193540153E-02
      335     9.532029879E-03    -7.331811637E-03     1.849650931E-02
      336     9.657243926E-03    -7.153007009E-03     2.458579570E-02
      337    -8.529141585E-03    -8.352977031E-03     9.340357319E-03
      338    -8.481006201E-03    -8.389175137E-03     1.538483495E-02
      339    -8.384107224E-03    -8.459351297E-03     3.061676505E-02
      340    -9.657243926E-03    -7.153007009E-03     1.221420430E-02
      341    -8.573828846E-03    -8.318548684E-03     2.224782786E-02
      342    -9.859958633E-03    -6.822603055E-03     2.692667117E-02
      343    -9.657243926E-03    -7.153007009E-03     1.861420430E-02
      344    -8.550730055E-03    -8.336444955E-03     2.554094232E-02
      345    -1.641588428E-11    -6.375000000E-03     2.710164984E-02
      346    -2.980234289E-11    -6.375000000E-03     2.159999963E-02
      347    -1.522022612E-11    -6.375000000E-03     1.611334989E-02
      348    -1.014453712E-11    -6.375000000E-03     9.462534980E-03
      349    -2.980234289E-11    -6.375000000E-03     3.199999919E-02
      350     1.610922229E-10    -9.375000000E-03     2.710164984E-02
      351     3.241002553E-10    -9.375000000E-03     2.159999963E-02
      352     1.655197299E-10    -9.375000000E-03     1.611334989E-02
      353     1.103216130E-10    -9.375000000E-03     9.462534980E-03
      354     9.126961166E-11    -9.375000000E-03     3.199999919E-02
      355    -1.250000000E-03     7.824412951E-03     5.449412951E-03
      356     2.431717597E-04     8.081893807E-03     8.247216372E-03
      357     4.949811684E-03     6.949255505E-03     1.226572376E-02
      358     5.000000000E-04     7.875000000E-03     1.205555556E-02
      359    -5.000000000E-04     7.875000000E-03     1.494444444E-02
      360     3.995490967E-03     7.584920049E-03     1.874408913E-02
      361     5.126784944E-03     7.295654437E-03     6.615569143E-03
      362    -5.171896156E-03     6.983142650E-03     1.839397715E-02
      363    -5.000000000E-04     7.857142857E-03     2.130092593E-02
      364    -8.420695297E-03     4.001673483E-03     6.668468387E-03
      365    -5.000000000E-04     7.875000000E-03     2.394444444E-02
      366    -9.000000000E-03    -1.500000000E-03     1.520000000E-02
      367     9.000000000E-03    -1.500000000E-03     8.800000000E-03
      368     9.000000000E-03    -1.500000000E-03     1.520000000E-02
      369    -5.000000000E-04     7.875000000E-03     2.694444444E-02
      370     9.000000000E-03    -1.500000000E-03     2.302204861E-02
      371    -9.000000000E-03    -1.500000000E-03     8.800000000E-03
      372    -3.856718430E-03     7.637886539E-03     2.904720837E-02
      373    -9.005566112E-03    -1.510668381E-03     2.306589214E-02
      374     7.500000000E-04     7.875000000E-03     3.005555556E-02
      375     9.000000000E-03    -1.500000000E-03     2.800000000E-02
      376     7.742729693E-03    -7.054887122E-03     6.390518605E-03
      377    -9.100357062E-03    -1.692351035E-03     2.879088313E-02
      378     9.000000000E-03    -1.500000000E-03     3.280000000E-02
      379    -1.375000005E-03    -7.875000000E-03     6.731267490E-03
      380    -1.500000000E-03     6.375000000E-03     2.088888889E-02
      381    -1.299038106E-03     5.625000000E-03     2.955555556E-02
      382    -4.125000000E-03    -9.375000000E-03     4.000000000E-03
      383    -5.500000000E-03    -9.375000000E-03     5.600000000E-03
      384    -6.794095226E-03    -9.204629131E-03     4.000000000E-03
      385    -5.500000000E-03    -7.875000000E-03     4.000000000E-03
      386     4.125000000E-03    -9.375000000E-03     4.000000000E-03
      387     5.500000000E-03    -9.375000000E-03     5.600000000E-03
      388     6.794095226E-03    -9.204629131E-03     4.000000000E-03
      389     5.500000000E-03    -7.875000000E-03     4.000000000E-03
      390     4.125000000E-03    -7.875000000E-03     4.000000000E-03
      391    -1.375000000E-03    -9.375000000E-03     4.000000000E-03
      392    -4.125000000E-03    -9.375000000E-03     5.600000000E-03
      393    -4.125000000E-03    -7.875000000E-03     4.000000000E-03
      394    -2.750000000E-03    -7.875000000E-03     4.000000000E-03
      395    -1.374999945E-03    -9.375000000E-03     6.731267490E-03
      396    -2.062500003E-03    -8.625000000E-03     5.365633745E-03
      397     1.375000000E-03    -9.375000000E-03     4.000000000E-03
      398    -2.038300084E-17    -7.875000000E-03     4.000000000E-03
      399    -1.375000000E-03    -7.875000000E-03     4.000000000E-03
      400     5.516079607E-11    -9.375000000E-03     6.731267490E-03
      401    -6.875000025E-04    -8.625000000E-03     5.365633745E-03
      402     4.125000000E-03    -9.375000000E-03     5.600000000E-03
      403     2.750000000E-03    -7.875000000E-03     4.000000000E-03
      404     1.375000000E-03    -7.875000000E-03     4.000000000E-03
      405     1.375000055E-03    -9.375000000E-03     6.731267490E-03
      406     6.874999975E-04    -8.625000000E-03     5.365633745E-03
      407     5.500000000E-03    -9.375000000E-03     3.440000000E-02
      408     4.125000000E-03    -9.375000000E-03     3.600000000E-02
      409     6.794095226E-03    -9.204629131E-03     3.600000000E-02
      410     5.500000000E-03    -7.875000000E-03     3.600000000E-02
      411     5.500000000E-03    -7.875000000E-03     3.440000000E-02
      412     5.500000000E-03    -9.375000000E-03     3.120000000E-02
      413     4.125000000E-03    -9.375000000E-03     3.440000000E-02
      414     6.794095226E-03    -9.204629131E-03     3.440000000E-02
      415     5.500000000E-03    -7.875000000E-03     3.120000000E-02
      416     5.500000000E-03    -7.875000000E-03     3.280000000E-02
      417     6.213383678E-03    -7.575773663E-03     3.179409877E-02
      418     7.557642510E-03    -8.931984453E-03     3.187098613E-02
      419     2.750000046E-03    -9.375000000E-03     3.239999960E-02
      420     5.500000000E-03    -9.375000000E-03     2.800000000E-02
      421     5.500000000E-03    -7.875000000E-03     2.960000000E-02
      422     6.213383678E-03    -7.575773663E-03     3.019409877E-02
      423     7.557642510E-03    -8.931984453E-03     3.027098613E-02
      424     7.033563071E-03    -9.134010854E-03     2.865882231E-02
      425     2.750000081E-03    -9.375000000E-03     2.835082492E-02
      426     2.750000046E-03    -9.375000000E-03     3.079999960E-02
      427     5.500000000E-03    -9.375000000E-03     2.480000000E-02
      428     5.500000000E-03    -7.875000000E-03     2.480000000E-02
      429     5.500000000E-03    -7.875000000E-03     2.640000000E-02
      430     5.500000000E-03    -7.875000000E-03     2.800000000E-02
      431     6.220383443E-03    -7.568576019E-03     2.400000000E-02
      432     7.033563071E-03    -9.134010854E-03     2.705882231E-02
      433     7.856900854E-03    -8.784650594E-03     2.549289778E-02
      434     2.750000081E-03    -9.375000000E-03     2.675082492E-02
      435     5.500000000E-03    -9.375000000E-03     2.160000000E-02
      436     5.500000000E-03    -7.875000000E-03     2.160000000E-02
      437     5.500000000E-03    -7.875000000E-03     2.320000000E-02
      438     6.220383443E-03    -7.568576019E-03     2.240000000E-02
      439     7.306216309E-03    -9.037358056E-03     2.256770076E-02
      440     7.856900854E-03    -8.784650594E-03     2.389289770E-02
      441     2.750000081E-03    -9.375000000E-03     2.515082492E-02
      442     2.750000162E-03    -9.375000000E-03     2.239999981E-02
      443     5.500000000E-03    -9.375000000E-03     1.840000000E-02
      444     5.500000000E-03    -7.875000000E-03     1.840000000E-02
      445     5.500000000E-03    -7.875000000E-03     2.000000000E-02
      446     6.220383443E-03    -7.568576019E-03     2.080000000E-02
      447     7.306216309E-03    -9.037358056E-03     2.096770076E-02
      448     7.760082058E-03    -8.835048104E-03     1.924825465E-02
      449     2.750000162E-03    -9.375000000E-03     2.079999981E-02
      450     2.750000083E-03    -9.375000000E-03     1.805667495E-02
      451     5.500000000E-03    -9.375000000E-03     1.520000000E-02
      452     5.500000000E-03    -7.875000000E-03     1.520000000E-02
      453     5.500000000E-03    -7.875000000E-03     1.680000000E-02
      454     6.951513068E-03    -9.159674473E-03     1.610710215E-02
      455     7.760081896E-03    -8.835048186E-03     1.764825452E-02
      456     2.750000083E-03    -9.375000000E-03     1.645667495E-02
      457     5.500000000E-03    -9.375000000E-03     1.200000000E-02
      458     5.500000000E-03    -7.875000000E-03     1.360000000E-02
      459     6.951513068E-03    -9.159674473E-03     1.450710215E-02
      460     7.856900854E-03    -8.784650594E-03     1.269289794E-02
      461     2.750000083E-03    -9.375000000E-03     1.485667495E-02
      462     2.750000055E-03    -9.375000000E-03     1.153126749E-02
      463     5.500000000E-03    -9.375000000E-03     8.800000000E-03
      464     5.500000000E-03    -7.875000000E-03     8.800000000E-03
      465     5.500000000E-03    -7.875000000E-03     1.040000000E-02
      466     5.500000000E-03    -7.875000000E-03     1.200000000E-02
      467     6.172689532E-03    -7.614924857E-03     9.839125190E-03
      468     7.123606571E-03    -9.104048710E-03     9.590518605E-03
      469     7.856901033E-03    -8.784650499E-03     1.109289785E-02
      470     2.750000055E-03    -9.375000000E-03     9.931267490E-03
      471     6.794095226E-03    -9.204629131E-03     5.600000000E-03
      472     5.500000000E-03    -7.875000000E-03     5.600000000E-03
      473     4.125000000E-03    -7.875000000E-03     5.600000000E-03
      474     5.500000000E-03    -7.875000000E-03     7.200000000E-03
      475     7.123606571E-03    -9.104048710E-03     7.990518605E-03
      476     2.750000055E-03    -9.375000000E-03     8.331267490E-03
      477     6.621364846E-03    -8.214943561E-03     6.795259303E-03
      478    -4.125000000E-03    -9.375000000E-03     3.600000000E-02
      479    -5.500000000E-03    -9.375000000E-03     3.440000000E-02
      480    -6.794095226E-03    -9.204629131E-03     3.600000000E-02
      481    -5.500000000E-03    -7.875000000E-03     3.600000000E-02
      482    -5.500000000E-03    -7.875000000E-03     3.440000000E-02
      483    -4.125000000E-03    -7.875000000E-03     3.600000000E-02
      484    -1.375000000E-03    -9.375000000E-03     3.600000000E-02
      485    -4.125000000E-03    -9.375000000E-03     3.440000000E-02
      486    -1.375000000E-03    -7.875000000E-03     3.600000000E-02
      487    -2.750000000E-03    -7.875000000E-03     3.600000000E-02
      488    -1.375000015E-03    -7.875000000E-03     3.399999960E-02
      489    -1.374999954E-03    -9.375000000E-03     3.399999960E-02
      490     1.375000000E-03    -9.375000000E-03     3.600000000E-02
      491     1.375000000E-03    -7.875000000E-03     3.600000000E-02
      492    -1.778091563E-17    -7.875000000E-03     3.600000000E-02
      493    -1.490117925E-11    -7.875000000E-03     3.399999960E-02
      494     4.563479802E-11    -9.375000000E-03     3.399999960E-02
      495     4.125000000E-03    -7.875000000E-03     3.600000000E-02
      496     2.750000000E-03    -7.875000000E-03     3.600000000E-02
      497     4.125000000E-03    -7.875000000E-03     3.440000000E-02
      498     1.374999985E-03    -7.875000000E-03     3.399999960E-02
      499     1.375000046E-03    -9.375000000E-03     3.399999960E-02
      500    -5.500000000E-03    -9.375000000E-03     8.800000000E-03
      501    -6.794095226E-03    -9.204629131E-03     5.600000000E-03
      502    -5.500000000E-03    -7.875000000E-03     5.600000000E-03
      503    -5.500000000E-03    -7.875000000E-03     7.200000000E-03
      504    -5.500000000E-03    -7.875000000E-03     8.800000000E-03
      505    -4.125000000E-03    -7.875000000E-03     5.600000000E-03
      506    -7.098454698E-03    -9.112609374E-03     8.270178660E-03
      507    -2.749999945E-03    -9.375000000E-03     8.331267490E-03
      508    -3.437500003E-03    -8.625000000E-03     6.965633745E-03
      509    -5.500000000E-03    -9.375000000E-03     1.200000000E-02
      510    -5.500000000E-03    -7.875000000E-03     1.040000000E-02
      511    -7.098454698E-03    -9.112609374E-03     9.870178660E-03
      512    -7.856901211E-03    -8.784650404E-03     1.130710216E-02
      513    -2.750000005E-03    -7.875000000E-03     9.931267490E-03
      514    -2.749999945E-03    -9.375000000E-03     9.931267490E-03
      515    -3.437500003E-03    -8.625000000E-03     8.565633745E-03
      516    -5.500000000E-03    -9.375000000E-03     1.520000000E-02
      517    -5.500000000E-03    -7.875000000E-03     1.200000000E-02
      518    -5.500000000E-03    -7.875000000E-03     1.360000000E-02
      519    -5.500000000E-03    -7.875000000E-03     1.520000000E-02
      520    -7.069892403E-03    -9.122150497E-03     1.449241748E-02
      521    -7.856901033E-03    -8.784650499E-03     1.290710215E-02
      522    -2.750000008E-03    -7.875000000E-03     1.485667495E-02
      523    -2.750000005E-03    -7.875000000E-03     1.153126749E-02
      524    -2.749999917E-03    -9.375000000E-03     1.485667495E-02
      525    -2.749999945E-03    -9.375000000E-03     1.153126749E-02
      526    -5.500000000E-03    -9.375000000E-03     1.840000000E-02
      527    -5.500000000E-03    -7.875000000E-03     1.680000000E-02
      528    -7.069892403E-03    -9.122150497E-03     1.609241748E-02
      529    -7.856901211E-03    -8.784650404E-03     1.770710185E-02
      530    -2.750000008E-03    -7.875000000E-03     1.645667495E-02
      531    -2.749999917E-03    -9.375000000E-03     1.645667495E-02
      532    -5.500000000E-03    -9.375000000E-03     2.160000000E-02
      533    -5.500000000E-03    -7.875000000E-03     1.840000000E-02
      534    -5.500000000E-03    -7.875000000E-03     2.000000000E-02
      535    -7.125154851E-03    -9.103516862E-03     2.112391393E-02
      536    -7.856901033E-03    -8.784650499E-03     1.930710215E-02
      537    -2.750000015E-03    -7.875000000E-03     2.079999981E-02
      538    -2.750000008E-03    -7.875000000E-03     1.805667495E-02
      539    -2.749999838E-03    -9.375000000E-03     2.079999981E-02
      540    -2.749999917E-03    -9.375000000E-03     1.805667495E-02
      541    -5.500000000E-03    -9.375000000E-03     2.480000000E-02
      542    -5.500000000E-03    -7.875000000E-03     2.160000000E-02
      543    -5.500000000E-03    -7.875000000E-03     2.320000000E-02
      544    -5.500000000E-03    -7.875000000E-03     2.480000000E-02
      545    -7.125154851E-03    -9.103516862E-03     2.272391393E-02
      546    -7.111331034E-03    -9.108245430E-03     2.437047102E-02
      547    -2.750000008E-03    -7.875000000E-03     2.515082492E-02
      548    -2.750000015E-03    -7.875000000E-03     2.239999981E-02
      549    -2.749999919E-03    -9.375000000E-03     2.515082492E-02
      550    -2.749999838E-03    -9.375000000E-03     2.239999981E-02
      551    -5.500000000E-03    -9.375000000E-03     2.800000000E-02
      552    -5.500000000E-03    -7.875000000E-03     2.640000000E-02
      553    -5.500000000E-03    -7.875000000E-03     2.800000000E-02
      554    -7.111331007E-03    -9.108245439E-03     2.597047116E-02
      555    -2.750000008E-03    -7.875000000E-03     2.675082492E-02
      556    -2.749999919E-03    -9.375000000E-03     2.675082492E-02
      557    -5.500000000E-03    -9.375000000E-03     3.120000000E-02
      558    -5.500000000E-03    -7.875000000E-03     2.960000000E-02
      559    -7.012984387E-03    -9.140593168E-03     3.010838252E-02
      560    -7.111331034E-03    -9.108245430E-03     2.757047117E-02
      561    -2.750000008E-03    -7.875000000E-03     2.835082492E-02
      562    -2.750000015E-03    -7.875000000E-03     3.079999960E-02
      563    -2.749999919E-03    -9.375000000E-03     2.835082492E-02
      564    -2.749999954E-03    -9.375000000E-03     3.079999960E-02
      565    -6.794095226E-03    -9.204629131E-03     3.440000000E-02
      566    -5.500000000E-03    -7.875000000E-03     3.120000000E-02
      567    -5.500000000E-03    -7.875000000E-03     3.280000000E-02
      568    -4.125000000E-03    -7.875000000E-03     3.440000000E-02
      569    -7.012984387E-03    -9.140593168E-03     3.170838252E-02
      570    -2.750000015E-03    -7.875000000E-03     3.239999960E-02
      571    -2.749999954E-03    -9.375000000E-03     3.239999960E-02
      572    -1.032962913E-02    -5.669095226E-03     4.000000000E-03
      573    -1.050000000E-02    -4.375000000E-03     5.600000000E-03
      574    -9.000000000E-03    -4.375000000E-03     4.000000000E-03
      575    -1.050000000E-02    -2.937500000E-03     4.000000000E-03
      576    -9.035533906E-03    -7.910533906E-03     4.000000000E-03
      577    -1.032962913E-02    -5.669095226E-03     5.600000000E-03
      578    -8.665063509E-03    -5.625000000E-03     4.000000000E-03
      579    -8.665063509E-03    -5.625000000E-03     5.600000000E-03
      580    -8.372170291E-03    -6.332106781E-03     4.000000000E-03
      581    -7.665063509E-03    -6.625000000E-03     5.600000000E-03
      582    -9.253107242E-03    -7.678662517E-03     6.670178613E-03
      583    -6.750000000E-03    -7.540063509E-03     4.000000000E-03
      584    -7.457106781E-03    -7.247170291E-03     4.000000000E-03
      585    -6.750000000E-03    -7.540063509E-03     5.600000000E-03
      586    -8.270172251E-03    -8.537468703E-03     6.670178613E-03
      587    -1.032962913E-02    -5.669095226E-03     3.600000000E-02
      588    -1.050000000E-02    -4.375000000E-03     3.440000000E-02
      589    -9.000000000E-03    -4.375000000E-03     3.600000000E-02
      590    -9.000000000E-03    -4.375000000E-03     3.440000000E-02
      591    -1.050000000E-02    -2.937500000E-03     3.600000000E-02
      592    -9.035533906E-03    -7.910533906E-03     3.600000000E-02
      593    -6.750000000E-03    -7.540063509E-03     3.600000000E-02
      594    -7.457106781E-03    -7.247170291E-03     3.600000000E-02
      595    -6.750000000E-03    -7.540063509E-03     3.440000000E-02
      596    -8.194856968E-03    -8.586620344E-03     3.330838252E-02
      597    -1.032962913E-02    -5.669095226E-03     3.440000000E-02
      598    -8.665063509E-03    -5.625000000E-03     3.600000000E-02
      599    -8.665063509E-03    -5.625000000E-03     3.440000000E-02
      600    -8.372170291E-03    -6.332106781E-03     3.600000000E-02
      601    -7.665063509E-03    -6.625000000E-03     3.440000000E-02
      602    -9.193079714E-03    -7.745632319E-03     3.330838215E-02
      603    -1.050000000E-02    -4.375000000E-03     3.120000000E-02
      604    -9.000000000E-03    -4.375000000E-03     3.120000000E-02
      605    -9.000000000E-03    -4.375000000E-03     3.280000000E-02
      606    -1.050000000E-02    -2.937500000E-03     3.440000000E-02
      607    -1.050000000E-02    -1.500000000E-03     3.280000000E-02
      608    -9.939624766E-03    -6.674941725E-03     3.170838252E-02
      609    -9.800178531E-03    -3.033675517E-03     3.079544156E-02
      610    -1.050000000E-02    -4.375000000E-03     2.800000000E-02
      611    -9.000000000E-03    -4.375000000E-03     2.800000000E-02
      612    -9.000000000E-03    -4.375000000E-03     2.960000000E-02
      613    -1.050000000E-02    -1.500000000E-03     2.800000000E-02
      614    -1.050000000E-02    -1.500000000E-03     2.960000000E-02
      615    -1.050000000E-02    -1.500000000E-03     3.120000000E-02
      616    -9.939624766E-03    -6.674941725E-03     3.010838252E-02
      617    -1.033734396E-02    -5.639951942E-03     2.826333558E-02
      618    -9.800178531E-03    -3.033675517E-03     2.919544156E-02
      619    -1.050000000E-02    -4.375000000E-03     2.480000000E-02
      620    -9.000000000E-03    -4.375000000E-03     2.480000000E-02
      621    -9.000000000E-03    -4.375000000E-03     2.640000000E-02
      622    -1.050000000E-02    -1.500000000E-03     2.480000000E-02
      623    -1.050000000E-02    -1.500000000E-03     2.640000000E-02
      624    -1.033734396E-02    -5.639951942E-03     2.666333558E-02
      625    -9.752783056E-03    -2.942834191E-03     2.473294607E-02
      626    -9.800178531E-03    -3.033675517E-03     2.759544156E-02
      627    -1.050000000E-02    -4.375000000E-03     2.160000000E-02
      628    -9.000000000E-03    -4.375000000E-03     2.160000000E-02
      629    -9.000000000E-03    -4.375000000E-03     2.320000000E-02
      630    -1.050000000E-02    -1.500000000E-03     2.160000000E-02
      631    -1.050000000E-02    -1.500000000E-03     2.320000000E-02
      632    -9.992724353E-03    -6.569408322E-03     2.272391393E-02
      633    -1.033734396E-02    -5.639951942E-03     2.506333558E-02
      634    -9.986292773E-03    -6.582527385E-03     2.437047102E-02
      635    -9.752783056E-03    -2.942834191E-03     2.313294607E-02
      636    -1.050000000E-02    -4.375000000E-03     1.840000000E-02
      637    -9.000000000E-03    -4.375000000E-03     1.840000000E-02
      638    -9.000000000E-03    -4.375000000E-03     2.000000000E-02
      639    -1.050000000E-02    -1.500000000E-03     1.840000000E-02
      640    -1.050000000E-02    -1.500000000E-03     2.000000000E-02
      641    -9.992724353E-03    -6.569408322E-03     2.112391393E-02
      642    -1.028467447E-02    -5.826513068E-03     1.930710215E-02
      643    -9.750000000E-03    -2.937500000E-03     1.760000000E-02
      644    -9.752783056E-03    -2.942834191E-03     2.153294607E-02
      645    -1.050000000E-02    -4.375000000E-03     1.520000000E-02
      646    -9.000000000E-03    -4.375000000E-03     1.520000000E-02
      647    -9.000000000E-03    -4.375000000E-03     1.680000000E-02
      648    -1.050000000E-02    -1.500000000E-03     1.520000000E-02
      649    -1.050000000E-02    -1.500000000E-03     1.680000000E-02
      650    -9.966823872E-03    -6.621660744E-03     1.609241748E-02
      651    -1.028467447E-02    -5.826513068E-03     1.770710215E-02
      652    -9.750000000E-03    -2.937500000E-03     1.600000000E-02
      653    -1.050000000E-02    -4.375000000E-03     1.200000000E-02
      654    -9.000000000E-03    -4.375000000E-03     1.200000000E-02
      655    -9.000000000E-03    -4.375000000E-03     1.360000000E-02
      656    -1.050000000E-02    -1.500000000E-03     1.200000000E-02
      657    -1.050000000E-02    -1.500000000E-03     1.360000000E-02
      658    -9.966823872E-03    -6.621660744E-03     1.449241748E-02
      659    -1.028467447E-02    -5.826513068E-03     1.290710215E-02
      660    -9.750000000E-03    -2.937500000E-03     1.440000000E-02
      661    -9.750000000E-03    -2.937500000E-03     1.120000000E-02
      662    -1.050000000E-02    -4.375000000E-03     8.800000000E-03
      663    -9.000000000E-03    -4.375000000E-03     8.800000000E-03
      664    -9.000000000E-03    -4.375000000E-03     1.040000000E-02
      665    -1.050000000E-02    -1.500000000E-03     8.800000000E-03
      666    -1.050000000E-02    -1.500000000E-03     1.040000000E-02
      667    -9.980273871E-03    -6.594717558E-03     9.870178660E-03
      668    -1.028467447E-02    -5.826513068E-03     1.130710215E-02
      669    -9.750000000E-03    -2.937500000E-03     9.600000000E-03
      670    -9.000000000E-03    -4.375000000E-03     5.600000000E-03
      671    -9.000000000E-03    -4.375000000E-03     7.200000000E-03
      672    -1.050000000E-02    -2.937500000E-03     5.600000000E-03
      673    -1.050000000E-02    -1.500000000E-03     7.200000000E-03
      674    -9.980273871E-03    -6.594717558E-03     8.270178660E-03
      675    -9.750000000E-03    -2.937500000E-03     8.000000000E-03
      676     1.032962913E-02    -5.669095226E-03     4.000000000E-03
      677     1.050000000E-02    -4.375000000E-03     5.600000000E-03
      678     1.050000000E-02    -2.937500000E-03     4.000000000E-03
      679     9.000000000E-03    -4.375000000E-03     4.000000000E-03
      680     9.000000000E-03    -4.375000000E-03     5.600000000E-03
      681     9.121364846E-03    -5.714943561E-03     5.195259303E-03
      682     9.035533906E-03    -7.910533906E-03     4.000000000E-03
      683     6.750000000E-03    -7.540063509E-03     4.000000000E-03
      684     7.457106781E-03    -7.247170291E-03     4.000000000E-03
      685     8.292251390E-03    -8.522689981E-03     6.390518605E-03
      686     7.871364846E-03    -7.880007070E-03     5.195259303E-03
      687     1.032962913E-02    -5.669095226E-03     5.600000000E-03
      688     8.665063509E-03    -5.625000000E-03     4.000000000E-03
      689     8.372170291E-03    -6.332106781E-03     4.000000000E-03
      690     9.270608951E-03    -7.658672965E-03     6.390518742E-03
      691     8.786428356E-03    -6.964943561E-03     5.195259303E-03
      692     1.050000000E-02    -4.375000000E-03     3.440000000E-02
      693     1.032962913E-02    -5.669095226E-03     3.600000000E-02
      694     1.050000000E-02    -2.937500000E-03     3.600000000E-02
      695     9.000000000E-03    -4.375000000E-03     3.600000000E-02
      696     9.000000000E-03    -4.375000000E-03     3.440000000E-02
      697     9.750000000E-03    -2.937500000E-03     3.440000000E-02
      698     1.050000000E-02    -4.375000000E-03     8.800000000E-03
      699     1.050000000E-02    -2.937500000E-03     5.600000000E-03
      700     1.050000000E-02    -1.500000000E-03     8.800000000E-03
      701     1.050000000E-02    -1.500000000E-03     7.200000000E-03
      702     9.000000000E-03    -4.375000000E-03     7.200000000E-03
      703     9.000000000E-03    -4.375000000E-03     8.800000000E-03
      704     8.672689532E-03    -5.114924857E-03     8.239125190E-03
      705     9.992005628E-03    -6.570879196E-03     7.990518605E-03
      706     9.750000000E-03    -2.937500000E-03     8.000000000E-03
      707     9.121364846E-03    -5.714943561E-03     6.795259303E-03
      708     1.050000000E-02    -4.375000000E-03     1.200000000E-02
      709     1.050000000E-02    -1.500000000E-03     1.200000000E-02
      710     1.050000000E-02    -1.500000000E-03     1.040000000E-02
      711     9.000000000E-03    -4.375000000E-03     1.040000000E-02
      712     8.672689532E-03    -5.114924857E-03     9.839125190E-03
      713     9.992005628E-03    -6.570879196E-03     9.590518605E-03
      714     1.028467447E-02    -5.826513068E-03     1.109289785E-02
      715     9.750000000E-03    -2.937500000E-03     9.600000000E-03
      716     1.050000000E-02    -4.375000000E-03     1.520000000E-02
      717     1.050000000E-02    -1.500000000E-03     1.520000000E-02
      718     1.050000000E-02    -1.500000000E-03     1.360000000E-02
      719     9.000000000E-03    -4.375000000E-03     1.200000000E-02
      720     9.000000000E-03    -4.375000000E-03     1.360000000E-02
      721     9.000000000E-03    -4.375000000E-03     1.520000000E-02
      722     8.720383443E-03    -5.068576019E-03     1.440000000E-02
      723     9.909650499E-03    -6.731901033E-03     1.450710215E-02
      724     1.028467447E-02    -5.826513068E-03     1.269289785E-02
      725     9.750000000E-03    -2.937500000E-03     1.120000000E-02
      726     9.750000000E-03    -2.937500000E-03     1.440000000E-02
      727     1.050000000E-02    -4.375000000E-03     1.840000000E-02
      728     1.050000000E-02    -1.500000000E-03     1.840000000E-02
      729     1.050000000E-02    -1.500000000E-03     1.680000000E-02
      730     9.000000000E-03    -4.375000000E-03     1.680000000E-02
      731     9.000000000E-03    -4.375000000E-03     1.840000000E-02
      732     8.720383443E-03    -5.068576019E-03     1.600000000E-02
      733     9.909650499E-03    -6.731901033E-03     1.610710215E-02
      734     1.025184961E-02    -5.930610910E-03     1.764825465E-02
      735     9.750000000E-03    -2.937500000E-03     1.600000000E-02
      736     1.050000000E-02    -4.375000000E-03     2.160000000E-02
      737     1.050000000E-02    -1.500000000E-03     2.160000000E-02
      738     1.050000000E-02    -1.500000000E-03     2.000000000E-02
      739     9.000000000E-03    -4.375000000E-03     2.000000000E-02
      740     8.720383443E-03    -5.068576019E-03     2.080000000E-02
      741     1.007397280E-02    -6.394597197E-03     2.096770076E-02
      742     1.025184961E-02    -5.930610910E-03     1.924825465E-02
      743     9.750000000E-03    -2.937500000E-03     1.760000000E-02
      744     9.750000000E-03    -2.937500000E-03     2.151102431E-02
      745     1.050000000E-02    -4.375000000E-03     2.480000000E-02
      746     1.050000000E-02    -1.500000000E-03     2.480000000E-02
      747     1.050000000E-02    -1.500000000E-03     2.320000000E-02
      748     9.000000000E-03    -4.375000000E-03     2.160000000E-02
      749     9.000000000E-03    -4.375000000E-03     2.320000000E-02
      750     8.720383443E-03    -5.068576019E-03     2.240000000E-02
      751     1.007397280E-02    -6.394597197E-03     2.256770076E-02
      752     1.028467447E-02    -5.826513068E-03     2.389289785E-02
      753     9.750000000E-03    -2.937500000E-03     2.311102431E-02
      754     1.050000000E-02    -4.375000000E-03     2.800000000E-02
      755     1.050000000E-02    -1.500000000E-03     2.800000000E-02
      756     1.050000000E-02    -1.500000000E-03     2.640000000E-02
      757     9.000000000E-03    -4.375000000E-03     2.480000000E-02
      758     9.000000000E-03    -4.375000000E-03     2.640000000E-02
      759     9.949521693E-03    -6.655736000E-03     2.705882231E-02
      760     1.028467447E-02    -5.826513068E-03     2.549289785E-02
      761     9.750000000E-03    -2.937500000E-03     2.471102431E-02
      762     9.750000000E-03    -2.937500000E-03     2.720000000E-02
      763     1.050000000E-02    -4.375000000E-03     3.120000000E-02
      764     1.050000000E-02    -1.500000000E-03     2.960000000E-02
      765     9.000000000E-03    -4.375000000E-03     2.800000000E-02
      766     9.000000000E-03    -4.375000000E-03     2.960000000E-02
      767     9.000000000E-03    -4.375000000E-03     3.120000000E-02
      768     8.713383678E-03    -5.075773663E-03     3.019409877E-02
      769     1.017724758E-02    -6.142301637E-03     3.027098613E-02
      770     9.949521693E-03    -6.655736000E-03     2.865882231E-02
      771     9.750000000E-03    -2.937500000E-03     2.880000000E-02
      772     9.750000000E-03    -2.937500000E-03     3.120000000E-02
      773     1.032962913E-02    -5.669095226E-03     3.440000000E-02
      774     1.050000000E-02    -1.500000000E-03     3.280000000E-02
      775     1.050000000E-02    -1.500000000E-03     3.120000000E-02
      776     1.050000000E-02    -2.937500000E-03     3.440000000E-02
      777     9.000000000E-03    -4.375000000E-03     3.280000000E-02
      778     8.713383678E-03    -5.075773663E-03     3.179409877E-02
      779     1.017724758E-02    -6.142301637E-03     3.187098613E-02
      780     9.750000000E-03    -2.937500000E-03     3.280000000E-02
      781     9.035533906E-03    -7.910533906E-03     3.600000000E-02
      782     7.665063509E-03    -6.625000000E-03     3.440000000E-02
      783     8.665063509E-03    -5.625000000E-03     3.600000000E-02
      784     8.372170291E-03    -6.332106781E-03     3.600000000E-02
      785     8.665063509E-03    -5.625000000E-03     3.440000000E-02
      786     8.378447188E-03    -6.325773663E-03     3.339409877E-02
      787     9.560462908E-03    -7.292643051E-03     3.347098548E-02
      788     6.750000000E-03    -7.540063509E-03     3.600000000E-02
      789     6.750000000E-03    -7.540063509E-03     3.440000000E-02
      790     7.457106781E-03    -7.247170291E-03     3.600000000E-02
      791     8.666964409E-03    -8.244151901E-03     3.347098548E-02
      792     1.050000000E-02    -6.250000000E-05     4.000000000E-03
      793     1.050000000E-02     1.375000000E-03     5.600000000E-03
      794     1.034628224E-02     2.935722576E-03     4.000000000E-03
      795     9.000000000E-03     1.375000000E-03     4.000000000E-03
      796     9.000000000E-03    -6.250000000E-05     4.000000000E-03
      797     1.050000000E-02    -6.250000000E-05     5.600000000E-03
      798     9.000000000E-03    -2.937500000E-03     4.000000000E-03
      799     9.000000000E-03    -2.937500000E-03     5.600000000E-03
      800     9.000000000E-03    -1.500000000E-03     4.000000000E-03
      801     9.750000000E-03    -1.500000000E-03     6.400000000E-03
      802     1.050000000E-02     1.375000000E-03     3.440000000E-02
      803     1.050000000E-02    -6.250000000E-05     3.600000000E-02
      804     9.000000000E-03     1.375000000E-03     3.600000000E-02
      805     9.000000000E-03    -6.250000000E-05     3.600000000E-02
      806     1.044205016E-02     2.336168021E-03     3.503152921E-02
      807     9.000000000E-03     1.375000000E-03     3.440000000E-02
      808     9.750000000E-03    -6.250000000E-05     3.440000000E-02
      809     1.050000000E-02     1.375000000E-03     3.120000000E-02
      810     1.050000000E-02    -6.250000000E-05     3.440000000E-02
      811     1.019091303E-02     3.577239051E-03     3.287034668E-02
      812     1.043523580E-02     2.390890145E-03     3.349359325E-02
      813     9.000000000E-03     1.375000000E-03     3.280000000E-02
      814     9.750000000E-03    -6.250000000E-05     3.280000000E-02
      815     1.050000000E-02     1.375000000E-03     2.800000000E-02
      816     1.019091300E-02     3.577239131E-03     3.127034619E-02
      817     9.000000000E-03     1.375000000E-03     2.800000000E-02
      818     9.000000000E-03     1.375000000E-03     2.960000000E-02
      819     9.000000000E-03     1.375000000E-03     3.120000000E-02
      820     1.040637089E-02     2.595368541E-03     2.864950385E-02
      821     9.750000000E-03    -6.250000000E-05     2.880000000E-02
      822     9.750000000E-03    -6.250000000E-05     3.120000000E-02
      823     1.050000000E-02     1.375000000E-03     2.480000000E-02
      824     9.000000000E-03     1.375000000E-03     2.480000000E-02
      825     9.000000000E-03     1.375000000E-03     2.640000000E-02
      826     1.040637089E-02     2.595368541E-03     2.704950385E-02
      827     1.036431491E-02     2.842157478E-03     2.534966566E-02
      828     9.750000000E-03    -6.250000000E-05     2.471102431E-02
      829     9.750000000E-03    -6.250000000E-05     2.720000000E-02
      830     1.050000000E-02     1.375000000E-03     2.160000000E-02
      831     9.000000000E-03     1.375000000E-03     2.160000000E-02
      832     9.000000000E-03     1.375000000E-03     2.320000000E-02
      833     1.038933895E-02     2.701020721E-03     2.248223689E-02
      834     1.036431491E-02     2.842157478E-03     2.374966574E-02
      835     9.750000000E-03    -6.250000000E-05     2.311102431E-02
      836     1.050000000E-02     1.375000000E-03     1.840000000E-02
      837     9.000000000E-03     1.375000000E-03     1.840000000E-02
      838     9.000000000E-03     1.375000000E-03     2.000000000E-02
      839     1.038933895E-02     2.701020721E-03     2.088223689E-02
      840     1.026317864E-02     3.307112142E-03     1.963080324E-02
      841     9.750000000E-03    -6.250000000E-05     1.760000000E-02
      842     9.750000000E-03    -6.250000000E-05     2.151102431E-02
      843     1.050000000E-02     1.375000000E-03     1.520000000E-02
      844     9.000000000E-03     1.375000000E-03     1.520000000E-02
      845     9.000000000E-03     1.375000000E-03     1.680000000E-02
      846     1.038895877E-02     2.703280658E-03     1.626413432E-02
      847     1.026317865E-02     3.307112131E-03     1.803080272E-02
      848     9.750000000E-03    -6.250000000E-05     1.600000000E-02
      849     1.050000000E-02     1.375000000E-03     1.200000000E-02
      850     9.000000000E-03     1.375000000E-03     1.200000000E-02
      851     9.000000000E-03     1.375000000E-03     1.360000000E-02
      852     1.038895877E-02     2.703280658E-03     1.466413432E-02
      853     1.029750001E-02     3.163573066E-03     1.331918174E-02
      854     9.750000000E-03    -6.250000000E-05     1.120000000E-02
      855     9.750000000E-03    -6.250000000E-05     1.440000000E-02
      856     1.050000000E-02     1.375000000E-03     8.800000000E-03
      857     9.000000000E-03     1.375000000E-03     8.800000000E-03
      858     9.000000000E-03     1.375000000E-03     1.040000000E-02
      859     1.029750002E-02     3.163573031E-03     1.171918176E-02
      860     1.026265464E-02     3.309216357E-03     1.053647849E-02
      861     9.750000000E-03    -6.250000000E-05     9.600000000E-03
      862     1.034628224E-02     2.935722576E-03     5.600000000E-03
      863     9.000000000E-03     1.375000000E-03     5.600000000E-03
      864     9.000000000E-03    -6.250000000E-05     5.600000000E-03
      865     9.000000000E-03     1.375000000E-03     7.200000000E-03
      866     1.014576426E-02     3.729206622E-03     7.336857686E-03
      867     1.026265462E-02     3.309216449E-03     8.936478291E-03
      868     9.750000000E-03    -6.250000000E-05     8.000000000E-03
      869     9.000000000E-03    -2.937500000E-03     3.600000000E-02
      870     9.000000000E-03    -1.500000000E-03     3.600000000E-02
      871     9.750000000E-03    -1.500000000E-03     3.440000000E-02
      872    -7.500000000E-03    -2.937500000E-03     4.000000000E-03
      873    -7.500000000E-03    -4.375000000E-03     5.600000000E-03
      874    -7.347759065E-03    -5.140366865E-03     4.000000000E-03
      875    -9.000000000E-03    -2.937500000E-03     4.000000000E-03
      876    -7.500000000E-03    -6.250000000E-05     4.000000000E-03
      877    -7.500000000E-03     1.375000000E-03     5.600000000E-03
      878    -9.000000000E-03     1.375000000E-03     4.000000000E-03
      879    -8.695518130E-03     2.905733729E-03     4.000000000E-03
      880    -7.329629131E-03     2.669095226E-03     4.000000000E-03
      881    -7.960347648E-03     2.688336741E-03     5.334234193E-03
      882    -7.500000000E-03    -6.250000000E-05     5.600000000E-03
      883    -7.500000000E-03    -2.937500000E-03     5.600000000E-03
      884    -9.000000000E-03    -6.250000000E-05     4.000000000E-03
      885    -9.000000000E-03    -1.500000000E-03     4.000000000E-03
      886    -9.000000000E-03    -6.250000000E-05     5.600000000E-03
      887    -8.250000000E-03    -1.500000000E-03     6.400000000E-03
      888    -7.500000000E-03     1.375000000E-03     3.440000000E-02
      889    -7.500000000E-03    -6.250000000E-05     3.600000000E-02
      890    -9.000000000E-03     1.375000000E-03     3.600000000E-02
      891    -7.391145832E-03     2.412635892E-03     3.496483321E-02
      892    -8.870808048E-03     2.331417339E-03     3.503676072E-02
      893    -7.500000000E-03     1.375000000E-03     8.800000000E-03
      894    -7.500000000E-03    -1.500000000E-03     7.200000000E-03
      895    -9.000000000E-03     1.375000000E-03     5.600000000E-03
      896    -9.000000000E-03     1.375000000E-03     7.200000000E-03
      897    -9.000000000E-03     1.375000000E-03     8.800000000E-03
      898    -7.329629131E-03     2.669095226E-03     5.600000000E-03
      899    -7.083583226E-03     3.372689867E-03     8.556203825E-03
      900    -8.755631787E-03     2.751673483E-03     8.268468387E-03
      901    -7.960347648E-03     2.688336741E-03     6.934234193E-03
      902    -8.250000000E-03    -6.250000000E-05     8.000000000E-03
      903    -7.500000000E-03     1.375000000E-03     1.200000000E-02
      904    -7.500000000E-03    -1.500000000E-03     8.800000000E-03
      905    -7.500000000E-03    -1.500000000E-03     1.040000000E-02
      906    -9.000000000E-03     1.375000000E-03     1.040000000E-02
      907    -7.083583226E-03     3.372689867E-03     1.015620383E-02
      908    -8.755631787E-03     2.751673483E-03     9.868468387E-03
      909    -8.250000000E-03    -6.250000000E-05     1.280000000E-02
      910    -8.250000000E-03    -6.250000000E-05     9.600000000E-03
      911    -7.500000000E-03     1.375000000E-03     1.520000000E-02
      912    -7.500000000E-03    -1.500000000E-03     1.200000000E-02
      913    -7.500000000E-03    -1.500000000E-03     1.360000000E-02
      914    -9.000000000E-03     1.375000000E-03     1.200000000E-02
      915    -9.000000000E-03     1.375000000E-03     1.360000000E-02
      916    -9.000000000E-03     1.375000000E-03     1.520000000E-02
      917    -7.083583226E-03     3.372689867E-03     1.175620383E-02
      918    -6.924651436E-03     3.703617544E-03     1.461622451E-02
      919    -8.755631787E-03     2.751673483E-03     1.146846839E-02
      920    -8.583311118E-03     3.152605533E-03     1.413474258E-02
      921    -8.250000000E-03    -6.250000000E-05     1.440000000E-02
      922    -7.500000000E-03     1.375000000E-03     1.840000000E-02
      923    -7.500000000E-03    -1.500000000E-03     1.520000000E-02
      924    -7.500000000E-03    -1.500000000E-03     1.680000000E-02
      925    -7.500000000E-03    -1.500000000E-03     1.840000000E-02
      926    -9.000000000E-03     1.375000000E-03     1.680000000E-02
      927    -6.924651436E-03     3.703617544E-03     1.621622451E-02
      928    -7.247185338E-03     2.944787045E-03     1.759302913E-02
      929    -8.583311118E-03     3.152605533E-03     1.573474258E-02
      930    -8.466534885E-03     3.370779519E-03     1.759139353E-02
      931    -8.250000000E-03    -6.250000000E-05     1.600000000E-02
      932    -7.500000000E-03     1.375000000E-03     2.160000000E-02
      933    -7.500000000E-03    -1.500000000E-03     2.000000000E-02
      934    -9.000000000E-03     1.375000000E-03     1.840000000E-02
      935    -9.000000000E-03     1.375000000E-03     2.000000000E-02
      936    -9.000000000E-03     1.375000000E-03     2.160000000E-02
      937    -6.924651436E-03     3.703617544E-03     2.070511340E-02
      938    -7.247185338E-03     2.944787045E-03     1.919302913E-02
      939    -8.830262203E-03     2.527862288E-03     2.100892856E-02
      940    -8.466534885E-03     3.370779519E-03     1.919139353E-02
      941    -8.250000000E-03    -6.250000000E-05     1.760000000E-02
      942    -8.252783056E-03    -6.783419062E-05     2.153294607E-02
      943    -7.500000000E-03     1.375000000E-03     2.480000000E-02
      944    -7.500000000E-03    -1.500000000E-03     2.160000000E-02
      945    -7.500000000E-03    -1.500000000E-03     2.320000000E-02
      946    -7.500000000E-03    -1.500000000E-03     2.480000000E-02
      947    -9.000000000E-03     1.375000000E-03     2.320000000E-02
      948    -9.000000000E-03     1.375000000E-03     2.480000000E-02
      949    -6.924651436E-03     3.703617544E-03     2.230511340E-02
      950    -6.989872471E-03     3.575237531E-03     2.531361519E-02
      951    -8.830262203E-03     2.527862288E-03     2.260892856E-02
      952    -8.559567164E-03     3.199686714E-03     2.340449866E-02
      953    -8.252783056E-03    -6.783419062E-05     2.313294607E-02
      954    -7.500000000E-03     1.375000000E-03     2.800000000E-02
      955    -7.500000000E-03    -1.500000000E-03     2.640000000E-02
      956    -9.000000000E-03     1.375000000E-03     2.640000000E-02
      957    -6.989872471E-03     3.575237531E-03     2.691361519E-02
      958    -8.559567164E-03     3.199686714E-03     2.500449866E-02
      959    -8.522140141E-03     3.270924267E-03     2.621257915E-02
      960    -8.252783056E-03    -6.783419062E-05     2.473294607E-02
      961    -8.300178531E-03    -1.586755173E-04     2.759544156E-02
      962    -7.500000000E-03     1.375000000E-03     3.120000000E-02
      963    -7.500000000E-03    -1.500000000E-03     2.800000000E-02
      964    -7.500000000E-03    -1.500000000E-03     2.960000000E-02
      965    -7.500000000E-03    -1.500000000E-03     3.120000000E-02
      966    -6.903477752E-03     3.743413750E-03     3.128248496E-02
      967    -7.376418278E-03     2.479782686E-03     3.184532285E-02
      968    -8.393683853E-03     3.492287482E-03     3.127009758E-02
      969    -9.000000000E-03     1.375000000E-03     2.800000000E-02
      970    -9.000000000E-03     1.375000000E-03     2.960000000E-02
      971    -9.000000000E-03     1.375000000E-03     3.120000000E-02
      972    -6.989872471E-03     3.575237531E-03     2.851361519E-02
      973    -8.214991053E-03     3.754880780E-03     2.934468432E-02
      974    -8.522140141E-03     3.270924267E-03     2.781257915E-02
      975    -8.300178531E-03    -1.586755173E-04     2.919544156E-02
      976    -7.500000000E-03    -6.250000000E-05     3.440000000E-02
      977    -7.500000000E-03    -1.500000000E-03     3.280000000E-02
      978    -9.000000000E-03     1.375000000E-03     3.440000000E-02
      979    -7.376418278E-03     2.479782686E-03     3.344532285E-02
      980    -8.870808048E-03     2.383387042E-03     3.349455738E-02
      981    -8.393683853E-03     3.492287482E-03     3.287009758E-02
      982    -9.000000000E-03     1.375000000E-03     3.280000000E-02
      983    -7.500000000E-03    -2.937500000E-03     3.600000000E-02
      984    -7.500000000E-03    -4.375000000E-03     3.440000000E-02
      985    -7.347759065E-03    -5.140366865E-03     3.600000000E-02
      986    -9.000000000E-03    -2.937500000E-03     3.600000000E-02
      987    -7.500000000E-03    -2.937500000E-03     3.440000000E-02
      988    -9.000000000E-03    -6.250000000E-05     3.600000000E-02
      989    -9.000000000E-03    -1.500000000E-03     3.600000000E-02
      990    -9.000000000E-03    -6.250000000E-05     3.440000000E-02
      991    -7.500000000E-03    -4.375000000E-03     8.800000000E-03
      992    -7.347759065E-03    -5.140366865E-03     5.600000000E-03
      993    -6.914213562E-03    -5.789213562E-03     7.200000000E-03
      994    -6.914213538E-03    -5.789213587E-03     8.799999952E-03
      995    -9.000000000E-03    -2.937500000E-03     5.600000000E-03
      996    -8.014570792E-03    -6.363988516E-03     8.270178660E-03
      997    -8.250000000E-03    -2.937500000E-03     8.000000000E-03
      998    -7.500000000E-03    -4.375000000E-03     1.200000000E-02
      999    -6.914213562E-03    -5.789213562E-03     1.040000000E-02
     1000    -6.914213538E-03    -5.789213587E-03     1.200000010E-02
     1001    -8.014570792E-03    -6.363988516E-03     9.870178660E-03
     1002    -8.578621963E-03    -5.764003505E-03     1.130710215E-02
     1003    -8.250000000E-03    -2.937500000E-03     1.280000000E-02
     1004    -8.250000000E-03    -2.937500000E-03     9.600000000E-03
     1005    -7.500000000E-03    -4.375000000E-03     1.520000000E-02
     1006    -6.914213562E-03    -5.789213562E-03     1.360000000E-02
     1007    -6.914213538E-03    -5.789213587E-03     1.519999979E-02
     1008    -7.990503101E-03    -6.382087568E-03     1.449241748E-02
     1009    -8.578621963E-03    -5.764003505E-03     1.290710215E-02
     1010    -8.250000000E-03    -2.937500000E-03     1.440000000E-02
     1011    -7.500000000E-03    -4.375000000E-03     1.840000000E-02
     1012    -6.914213562E-03    -5.789213562E-03     1.680000000E-02
     1013    -6.914213538E-03    -5.789213587E-03     1.839999948E-02
     1014    -7.990503101E-03    -6.382087568E-03     1.609241748E-02
     1015    -8.578621963E-03    -5.764003505E-03     1.770710215E-02
     1016    -8.250000000E-03    -2.937500000E-03     1.600000000E-02
     1017    -7.500000000E-03    -4.375000000E-03     2.160000000E-02
     1018    -6.914213562E-03    -5.789213562E-03     2.000000000E-02
     1019    -6.914213538E-03    -5.789213587E-03     2.159999963E-02
     1020    -8.036914423E-03    -6.346774342E-03     2.112391393E-02
     1021    -8.578621963E-03    -5.764003505E-03     1.930710215E-02
     1022    -8.250000000E-03    -2.937500000E-03     1.760000000E-02
     1023    -8.252783056E-03    -2.942834191E-03     2.153294607E-02
     1024    -7.500000000E-03    -4.375000000E-03     2.480000000E-02
     1025    -6.914213562E-03    -5.789213562E-03     2.320000000E-02
     1026    -6.914213538E-03    -5.789213587E-03     2.479999978E-02
     1027    -8.036914423E-03    -6.346774342E-03     2.272391393E-02
     1028    -8.679979317E-03    -5.598801528E-03     2.506333558E-02
     1029    -8.025365028E-03    -6.355722477E-03     2.437047116E-02
     1030    -8.252783056E-03    -2.942834191E-03     2.313294607E-02
     1031    -7.500000000E-03    -4.375000000E-03     2.800000000E-02
     1032    -6.914213562E-03    -5.789213562E-03     2.640000000E-02
     1033    -6.914213538E-03    -5.789213587E-03     2.799999993E-02
     1034    -8.679979317E-03    -5.598801528E-03     2.666333558E-02
     1035    -8.252783056E-03    -2.942834191E-03     2.473294607E-02
     1036    -8.300178531E-03    -3.033675517E-03     2.759544156E-02
     1037    -7.500000000E-03    -4.375000000E-03     3.120000000E-02
     1038    -6.914213562E-03    -5.789213562E-03     2.960000000E-02
     1039    -6.914213538E-03    -5.789213587E-03     3.120000008E-02
     1040    -7.942053612E-03    -6.417175649E-03     3.010838252E-02
     1041    -8.679979317E-03    -5.598801528E-03     2.826333558E-02
     1042    -8.300178531E-03    -3.033675517E-03     2.919544156E-02
     1043    -7.347759065E-03    -5.140366865E-03     3.440000000E-02
     1044    -6.914213562E-03    -5.789213562E-03     3.280000000E-02
     1045    -9.000000000E-03    -2.937500000E-03     3.440000000E-02
     1046    -9.000000000E-03    -1.500000000E-03     3.280000000E-02
     1047    -7.942053612E-03    -6.417175649E-03     3.170838252E-02
     1048    -8.300178531E-03    -3.033675517E-03     3.079544156E-02
     1049    -6.265366865E-03    -6.222759065E-03     4.000000000E-03
     1050    -5.500000000E-03    -6.375000000E-03     5.600000000E-03
     1051    -4.125000000E-03    -6.375000000E-03     4.000000000E-03
     1052    -6.265366865E-03    -6.222759065E-03     5.600000000E-03
     1053    -6.265366865E-03    -6.222759065E-03     3.600000000E-02
     1054    -5.500000000E-03    -6.375000000E-03     3.440000000E-02
     1055    -4.125000000E-03    -6.375000000E-03     3.600000000E-02
     1056    -6.265366865E-03    -6.222759065E-03     3.440000000E-02
     1057    -5.500000000E-03    -6.375000000E-03     8.800000000E-03
     1058    -4.125000000E-03    -6.375000000E-03     5.600000000E-03
     1059    -7.014570792E-03    -7.363988516E-03     8.270178660E-03
     1060    -2.750000005E-03    -6.375000000E-03     8.331267490E-03
     1061    -3.437500003E-03    -7.125000000E-03     6.965633745E-03
     1062    -5.500000000E-03    -6.375000000E-03     1.200000000E-02
     1063    -7.014570792E-03    -7.363988516E-03     9.870178660E-03
     1064    -7.578621963E-03    -6.764003505E-03     1.130710215E-02
     1065    -2.750000005E-03    -6.375000000E-03     9.931267490E-03
     1066    -3.437500003E-03    -7.125000000E-03     8.565633745E-03
     1067    -5.500000000E-03    -6.375000000E-03     1.520000000E-02
     1068    -6.990503101E-03    -7.382087568E-03     1.449241748E-02
     1069    -7.578621963E-03    -6.764003505E-03     1.290710215E-02
     1070    -2.750000008E-03    -6.375000000E-03     1.485667495E-02
     1071    -2.750000005E-03    -6.375000000E-03     1.153126749E-02
     1072    -5.500000000E-03    -6.375000000E-03     1.840000000E-02
     1073    -6.990503101E-03    -7.382087568E-03     1.609241748E-02
     1074    -7.578621963E-03    -6.764003505E-03     1.770710215E-02
     1075    -2.750000008E-03    -6.375000000E-03     1.645667495E-02
     1076    -5.500000000E-03    -6.375000000E-03     2.160000000E-02
     1077    -7.036914423E-03    -7.346774342E-03     2.112391393E-02
     1078    -7.578621963E-03    -6.764003505E-03     1.930710215E-02
     1079    -2.750000015E-03    -6.375000000E-03     2.079999981E-02
     1080    -2.750000008E-03    -6.375000000E-03     1.805667495E-02
     1081    -5.500000000E-03    -6.375000000E-03     2.480000000E-02
     1082    -7.036914423E-03    -7.346774342E-03     2.272391393E-02
     1083    -7.025365028E-03    -7.355722477E-03     2.437047116E-02
     1084    -2.750000008E-03    -6.375000000E-03     2.515082492E-02
     1085    -2.750000015E-03    -6.375000000E-03     2.239999981E-02
     1086    -5.500000000E-03    -6.375000000E-03     2.800000000E-02
     1087    -7.679979317E-03    -6.598801528E-03     2.666333558E-02
     1088    -7.025365028E-03    -7.355722477E-03     2.597047116E-02
     1089    -2.750000008E-03    -6.375000000E-03     2.675082492E-02
     1090    -5.500000000E-03    -6.375000000E-03     3.120000000E-02
     1091    -6.942053612E-03    -7.417175649E-03     3.010838252E-02
     1092    -7.679979317E-03    -6.598801528E-03     2.826333558E-02
     1093    -7.025365028E-03    -7.355722477E-03     2.757047116E-02
     1094    -2.750000008E-03    -6.375000000E-03     2.835082492E-02
     1095    -2.750000015E-03    -6.375000000E-03     3.079999960E-02
     1096    -4.125000000E-03    -6.375000000E-03     3.440000000E-02
     1097    -6.942053612E-03    -7.417175649E-03     3.170838252E-02
     1098    -2.750000015E-03    -6.375000000E-03     3.239999960E-02
     1099     4.125000000E-03    -6.375000000E-03     4.000000000E-03
     1100     5.500000000E-03    -6.375000000E-03     5.600000000E-03
     1101     6.265366865E-03    -6.222759065E-03     4.000000000E-03
     1102     6.621364846E-03    -6.714943561E-03     5.195259303E-03
     1103     1.375000000E-03    -6.375000000E-03     4.000000000E-03
     1104     4.125000000E-03    -6.375000000E-03     5.600000000E-03
     1105     1.374999995E-03    -6.375000000E-03     6.731267490E-03
     1106     1.375000055E-03    -7.875000000E-03     6.731267490E-03
     1107     6.874999975E-04    -7.125000000E-03     5.365633745E-03
     1108    -1.375000000E-03    -6.375000000E-03     4.000000000E-03
     1109    -5.072278535E-12    -6.375000000E-03     6.731267490E-03
     1110    -6.875000025E-04    -7.125000000E-03     5.365633745E-03
     1111    -1.375000005E-03    -6.375000000E-03     6.731267490E-03
     1112    -2.062500003E-03    -7.125000000E-03     5.365633745E-03
     1113     4.125000000E-03    -6.375000000E-03     3.600000000E-02
     1114     5.500000000E-03    -6.375000000E-03     3.440000000E-02
     1115     6.265366865E-03    -6.222759065E-03     3.600000000E-02
     1116     1.375000000E-03    -6.375000000E-03     3.600000000E-02
     1117     4.125000000E-03    -6.375000000E-03     3.440000000E-02
     1118     1.374999985E-03    -6.375000000E-03     3.399999960E-02
     1119    -1.375000000E-03    -6.375000000E-03     3.600000000E-02
     1120    -1.490118142E-11    -6.375000000E-03     3.399999960E-02
     1121    -1.375000015E-03    -6.375000000E-03     3.399999960E-02
     1122     5.500000000E-03    -6.375000000E-03     8.800000000E-03
     1123     6.265366865E-03    -6.222759065E-03     5.600000000E-03
     1124     6.221214453E-03    -6.240435529E-03     8.239125190E-03
     1125     7.035622912E-03    -7.347780341E-03     7.990518605E-03
     1126     2.749999995E-03    -6.375000000E-03     8.331267490E-03
     1127     2.750000055E-03    -7.875000000E-03     8.331267490E-03
     1128     6.621364846E-03    -6.714943561E-03     6.795259303E-03
     1129     5.500000000E-03    -6.375000000E-03     1.200000000E-02
     1130     6.221214453E-03    -6.240435529E-03     9.839125190E-03
     1131     2.749999995E-03    -6.375000000E-03     9.931267490E-03
     1132     2.750000055E-03    -7.875000000E-03     9.931267490E-03
     1133     5.500000000E-03    -6.375000000E-03     1.520000000E-02
     1134     6.221214453E-03    -6.240435529E-03     1.143912519E-02
     1135     6.282846065E-03    -6.215421701E-03     1.440000000E-02
     1136     6.889003505E-03    -7.453621963E-03     1.450710215E-02
     1137     7.578621963E-03    -6.764003505E-03     1.269289785E-02
     1138     2.749999992E-03    -6.375000000E-03     1.485667495E-02
     1139     2.749999995E-03    -6.375000000E-03     1.153126749E-02
     1140     2.750000083E-03    -7.875000000E-03     1.485667495E-02
     1141     2.750000055E-03    -7.875000000E-03     1.153126749E-02
     1142     5.500000000E-03    -6.375000000E-03     1.840000000E-02
     1143     6.282846065E-03    -6.215421701E-03     1.600000000E-02
     1144     6.282846033E-03    -6.215421715E-03     1.919999970E-02
     1145     6.889003505E-03    -7.453621963E-03     1.610710215E-02
     1146     7.516014940E-03    -6.853405818E-03     1.764825465E-02
     1147     2.749999992E-03    -6.375000000E-03     1.645667495E-02
     1148     2.750000083E-03    -7.875000000E-03     1.645667495E-02
     1149     5.500000000E-03    -6.375000000E-03     2.160000000E-02
     1150     6.282846065E-03    -6.215421701E-03     2.080000000E-02
     1151     2.749999985E-03    -6.375000000E-03     2.079999981E-02
     1152     2.749999992E-03    -6.375000000E-03     1.805667495E-02
     1153     2.750000162E-03    -7.875000000E-03     2.079999981E-02
     1154     2.750000083E-03    -7.875000000E-03     1.805667495E-02
     1155     5.500000000E-03    -6.375000000E-03     2.480000000E-02
     1156     6.282846065E-03    -6.215421701E-03     2.240000000E-02
     1157     2.749999992E-03    -6.375000000E-03     2.515082492E-02
     1158     2.749999985E-03    -6.375000000E-03     2.239999981E-02
     1159     2.750000081E-03    -7.875000000E-03     2.515082492E-02
     1160     2.750000162E-03    -7.875000000E-03     2.239999981E-02
     1161     5.500000000E-03    -6.375000000E-03     2.800000000E-02
     1162     6.914213562E-03    -5.789213562E-03     2.640000000E-02
     1163     6.273597229E-03    -6.219328422E-03     2.859409877E-02
     1164     6.282846065E-03    -6.215421701E-03     2.400000000E-02
     1165     6.959648660E-03    -7.404636862E-03     2.705882231E-02
     1166     7.578621963E-03    -6.764003505E-03     2.549289785E-02
     1167     2.749999992E-03    -6.375000000E-03     2.675082492E-02
     1168     2.750000081E-03    -7.875000000E-03     2.675082492E-02
     1169     5.500000000E-03    -6.375000000E-03     3.120000000E-02
     1170     6.273597229E-03    -6.219328422E-03     3.019409877E-02
     1171     6.959648660E-03    -7.404636862E-03     2.865882231E-02
     1172     2.749999992E-03    -6.375000000E-03     2.835082492E-02
     1173     2.749999985E-03    -6.375000000E-03     3.079999960E-02
     1174     2.750000081E-03    -7.875000000E-03     2.835082492E-02
     1175     2.750000046E-03    -7.875000000E-03     3.079999960E-02
     1176     6.265366865E-03    -6.222759065E-03     3.440000000E-02
     1177     6.273597229E-03    -6.219328422E-03     3.179409877E-02
     1178     7.375328985E-03    -7.028221461E-03     3.187098613E-02
     1179     2.749999985E-03    -6.375000000E-03     3.239999960E-02
     1180     2.750000046E-03    -7.875000000E-03     3.239999960E-02
     1181     7.347759065E-03    -5.140366865E-03     4.000000000E-03
     1182     7.500000000E-03    -4.375000000E-03     5.600000000E-03
     1183     7.500000000E-03    -2.937500000E-03     4.000000000E-03
     1184     7.621364846E-03    -5.714943561E-03     5.195259303E-03
     1185     7.347759065E-03    -5.140366865E-03     5.600000000E-03
     1186     6.880186542E-03    -5.822440882E-03     6.639125190E-03
     1187     7.328471628E-03    -6.422050342E-03     5.195259303E-03
     1188     7.347759065E-03    -5.140366865E-03     3.600000000E-02
     1189     7.500000000E-03    -4.375000000E-03     3.440000000E-02
     1190     7.500000000E-03    -2.937500000E-03     3.600000000E-02
     1191     8.250000000E-03    -2.937500000E-03     3.440000000E-02
     1192     7.347759065E-03    -5.140366865E-03     3.440000000E-02
     1193     6.920504577E-03    -5.782894437E-03     3.339409877E-02
     1194     7.500000000E-03    -4.375000000E-03     8.800000000E-03
     1195     7.500000000E-03    -2.937500000E-03     5.600000000E-03
     1196     7.500000000E-03    -1.500000000E-03     7.200000000E-03
     1197     7.500000000E-03    -1.500000000E-03     8.800000000E-03
     1198     7.329037743E-03    -5.184086482E-03     8.239125190E-03
     1199     8.250000000E-03    -2.937500000E-03     8.000000000E-03
     1200     7.621364846E-03    -5.714943561E-03     6.795259303E-03
     1201     7.500000000E-03    -4.375000000E-03     1.200000000E-02
     1202     7.500000000E-03    -1.500000000E-03     1.040000000E-02
     1203     7.329037743E-03    -5.184086482E-03     9.839125190E-03
     1204     8.578621963E-03    -5.764003505E-03     1.109289785E-02
     1205     8.250000000E-03    -2.937500000E-03     9.600000000E-03
     1206     8.250000000E-03    -2.937500000E-03     1.280000000E-02
     1207     7.500000000E-03    -4.375000000E-03     1.520000000E-02
     1208     7.500000000E-03    -1.500000000E-03     1.200000000E-02
     1209     7.500000000E-03    -1.500000000E-03     1.360000000E-02
     1210     7.500000000E-03    -1.500000000E-03     1.520000000E-02
     1211     7.329037732E-03    -5.184086505E-03     1.143912505E-02
     1212     7.354930426E-03    -5.122818904E-03     1.440000000E-02
     1213     8.578621963E-03    -5.764003505E-03     1.269289785E-02
     1214     8.250000000E-03    -2.937500000E-03     1.440000000E-02
     1215     7.500000000E-03    -4.375000000E-03     1.840000000E-02
     1216     7.500000000E-03    -1.500000000E-03     1.680000000E-02
     1217     7.354930426E-03    -5.122818904E-03     1.600000000E-02
     1218     8.250000000E-03    -2.937500000E-03     1.600000000E-02
     1219     7.500000000E-03    -4.375000000E-03     2.160000000E-02
     1220     7.500000000E-03    -1.500000000E-03     1.840000000E-02
     1221     7.500000000E-03    -1.500000000E-03     2.000000000E-02
     1222     7.500000000E-03    -1.500000000E-03     2.160000000E-02
     1223     7.354930426E-03    -5.122818904E-03     1.759999978E-02
     1224     7.354930426E-03    -5.122818904E-03     2.080000000E-02
     1225     8.516014940E-03    -5.853405818E-03     1.924825465E-02
     1226     8.250000000E-03    -2.937500000E-03     1.760000000E-02
     1227     8.250000000E-03    -2.937500000E-03     2.151102431E-02
     1228     7.500000000E-03    -4.375000000E-03     2.480000000E-02
     1229     7.500000000E-03    -1.500000000E-03     2.320000000E-02
     1230     7.354930426E-03    -5.122818904E-03     2.240000000E-02
     1231     8.578621963E-03    -5.764003505E-03     2.389289785E-02
     1232     8.250000000E-03    -2.937500000E-03     2.311102431E-02
     1233     7.500000000E-03    -4.375000000E-03     2.800000000E-02
     1234     7.500000000E-03    -1.500000000E-03     2.480000000E-02
     1235     7.500000000E-03    -1.500000000E-03     2.640000000E-02
     1236     7.351152980E-03    -5.132121287E-03     2.859409877E-02
     1237     7.354930426E-03    -5.122818904E-03     2.400000000E-02
     1238     7.959648660E-03    -6.404636862E-03     2.705882231E-02
     1239     8.578621963E-03    -5.764003505E-03     2.549289785E-02
     1240     8.250000000E-03    -2.937500000E-03     2.471102431E-02
     1241     8.250000000E-03    -2.937500000E-03     2.720000000E-02
     1242     7.500000000E-03    -4.375000000E-03     3.120000000E-02
     1243     7.500000000E-03    -1.500000000E-03     2.800000000E-02
     1244     7.500000000E-03    -1.500000000E-03     2.960000000E-02
     1245     7.351152980E-03    -5.132121287E-03     3.019409877E-02
     1246     8.250000000E-03    -2.937500000E-03     2.880000000E-02
     1247     8.250000000E-03    -2.937500000E-03     3.120000000E-02
     1248     7.500000000E-03    -2.937500000E-03     3.440000000E-02
     1249     7.500000000E-03    -1.500000000E-03     3.120000000E-02
     1250     7.500000000E-03    -1.500000000E-03     3.280000000E-02
     1251     7.351152980E-03    -5.132121287E-03     3.179409877E-02
     1252     8.250000000E-03    -2.937500000E-03     3.280000000E-02
     1253    -2.000000000E-03     6.375000000E-03     3.100000000E-02
     1254    -2.197967997E-03     5.183808712E-03     3.100000000E-02
     1255    -2.500000000E-03     6.375000000E-03     2.955555556E-02
     1256    -2.500000000E-03     6.375000000E-03     3.181957293E-02
     1257    -3.939007423E-03     6.163450442E-03     3.198248496E-02
     1258    -2.500000000E-03     7.875000000E-03     3.150000000E-02
     1259    -3.840110373E-03     7.643833357E-03     3.152344982E-02
     1260    -4.119016393E-03     6.105622149E-03     2.921361519E-02
     1261    -3.178359215E-03     7.006443269E-03     3.002360419E-02
     1262    -1.432425327E-03     5.327719869E-03     3.100000000E-02
     1263    -1.994931997E-17     6.375000000E-03     3.100000000E-02
     1264    -1.239186401E-03     5.659555398E-03     3.100000000E-02
     1265    -1.500000000E-03     6.375000000E-03     2.955555556E-02
     1266    -2.000000000E-03     6.375000000E-03     2.955555556E-02
     1267    -2.000000000E-03     6.375000000E-03     3.181957293E-02
     1268    -7.500000000E-04     6.375000000E-03     3.181957293E-02
     1269    -2.000000000E-03     7.875000000E-03     3.150000000E-02
     1270    -7.500000000E-04     7.875000000E-03     3.150000000E-02
     1271    -2.000000000E-03     7.875000000E-03     2.994444444E-02
     1272    -2.678359215E-03     7.006443269E-03     3.002360419E-02
     1273    -3.750000000E-04     7.125000000E-03     3.052777778E-02
     1274    -1.448888739E-03     5.986771432E-03     3.027777778E-02
     1275     2.165063509E-03     5.125000000E-03     3.100000000E-02
     1276     2.000000000E-03     6.375000000E-03     3.100000000E-02
     1277     1.625000000E-03     5.725480947E-03     3.100000000E-02
     1278     2.500000000E-03     6.375000000E-03     2.955555556E-02
     1279     2.500000000E-03     6.375000000E-03     3.181957293E-02
     1280     3.939008637E-03     6.163450077E-03     3.198247216E-02
     1281     2.500000000E-03     7.875000000E-03     3.150000000E-02
     1282     3.636570038E-03     7.710128363E-03     3.151579476E-02
     1283     2.500000000E-03     7.875000000E-03     2.994444444E-02
     1284     4.307987259E-03     6.036671596E-03     2.875472041E-02
     1285     5.040984381E-03     6.964239126E-03     3.008967043E-02
     1286     1.625000000E-03     7.125000000E-03     3.052777778E-02
     1287    -6.738208279E-05     3.875908234E-03     3.100000000E-02
     1288     1.000000000E-03     4.642949192E-03     3.100000000E-02
     1289     2.165063509E-03     5.125000000E-03     2.955555556E-02
     1290     9.082973591E-04     4.045837939E-03     2.870066400E-02
     1291     8.589350346E-04     4.579885338E-03     2.941099961E-02
     1292    -1.057425327E-03     4.678200816E-03     3.100000000E-02
     1293    -3.074253266E-04     4.678200816E-03     3.100000000E-02
     1294    -2.197967997E-03     5.183808712E-03     2.811111111E-02
     1295    -2.197967997E-03     5.183808712E-03     2.955555556E-02
     1296    -4.444426460E-04     3.914823028E-03     2.870066400E-02
     1297    -1.397270852E-03     4.301926396E-03     2.707423484E-02
     1298    -4.484902920E-04     4.615136961E-03     2.941099961E-02
     1299    -1.278650925E-03     4.872730819E-03     2.878952392E-02
     1300    -1.331944379E-03     4.952719869E-03     3.027777778E-02
     1301     1.239186401E-03     5.659555398E-03     3.100000000E-02
     1302     1.500000000E-03     6.375000000E-03     2.955555556E-02
     1303    -1.994931997E-17     6.375000000E-03     2.955555556E-02
     1304     2.000000000E-03     6.375000000E-03     2.955555556E-02
     1305     2.000000000E-03     6.375000000E-03     3.181957293E-02
     1306     7.500000000E-04     6.375000000E-03     3.181957293E-02
     1307     2.000000000E-03     7.875000000E-03     3.150000000E-02
     1308     7.500000000E-04     7.875000000E-03     3.150000000E-02
     1309     1.125000000E-03     7.125000000E-03     3.052777778E-02
     1310    -1.689198294E-17     4.944110795E-03     3.100000000E-02
     1311    -1.545198181E-04     4.882980018E-03     2.941099961E-02
     1312    -9.905155658E-04     5.248554744E-03     2.878952392E-02
     1313    -1.060660172E-03     5.314339828E-03     3.027777778E-02
     1314     1.255528579E-03     5.650120237E-03     2.955555556E-02
     1315     1.625000000E-03     5.725480947E-03     2.955555556E-02
     1316     6.113776859E-04     5.007434173E-03     2.941099961E-02
     1317     2.165063509E-03     5.125000000E-03     5.000000000E-03
     1318     2.000000000E-03     6.375000000E-03     5.000000000E-03
     1319     1.625000000E-03     5.725480947E-03     5.000000000E-03
     1320     2.500000000E-03     6.375000000E-03     6.444444444E-03
     1321     2.500000000E-03     7.875000000E-03     4.500000000E-03
     1322     2.500000000E-03     7.875000000E-03     6.055555556E-03
     1323     4.030733729E-03     7.570518130E-03     4.500000000E-03
     1324     2.500000000E-03     6.375000000E-03     4.500000000E-03
     1325     3.794095226E-03     6.204629131E-03     4.500000000E-03
     1326     3.813392472E-03     6.835327219E-03     5.807784571E-03
     1327    -2.165063509E-03     5.125000000E-03     5.000000000E-03
     1328    -2.000000000E-03     6.375000000E-03     5.000000000E-03
     1329    -2.500000000E-03     6.375000000E-03     6.444444444E-03
     1330    -2.500000000E-03     7.875000000E-03     4.500000000E-03
     1331    -3.667004197E-03     7.700977157E-03     4.500000000E-03
     1332    -2.500000000E-03     7.875000000E-03     6.055555556E-03
     1333    -2.500000000E-03     6.375000000E-03     4.500000000E-03
     1334    -3.794095226E-03     6.204629131E-03     4.500000000E-03
     1335    -1.875000000E-03     7.099706476E-03     5.224706476E-03
     1336    -1.622270876E-17     3.875000000E-03     5.000000000E-03
     1337     1.000000000E-03     4.642949192E-03     5.000000000E-03
     1338     2.165063509E-03     5.125000000E-03     6.444444444E-03
     1339     4.731333294E-04     3.920179263E-03     7.229030571E-03
     1340     1.420737945E-03     4.317938092E-03     8.349478218E-03
     1341     1.075013216E-03     4.692478157E-03     7.126376081E-03
     1342    -1.375000000E-03     5.292468245E-03     5.000000000E-03
     1343    -2.500000000E-04     4.642949192E-03     5.000000000E-03
     1344    -1.000000000E-03     4.642949192E-03     5.000000000E-03
     1345    -2.165063509E-03     5.125000000E-03     6.444444444E-03
     1346    -8.176648861E-04     4.012496215E-03     7.229030571E-03
     1347    -8.536573199E-04     4.578174307E-03     7.002365987E-03
     1348    -1.994931997E-17     6.375000000E-03     5.000000000E-03
     1349    -1.239186401E-03     5.659555398E-03     5.000000000E-03
     1350    -1.500000000E-03     6.375000000E-03     6.444444444E-03
     1351    -2.000000000E-03     6.375000000E-03     6.444444444E-03
     1352    -2.000000000E-03     6.375000000E-03     4.500000000E-03
     1353    -7.500000000E-04     6.375000000E-03     4.500000000E-03
     1354    -1.375000000E-03     7.099706476E-03     5.224706476E-03
     1355     1.239186401E-03     5.659555398E-03     5.000000000E-03
     1356     1.500000000E-03     6.375000000E-03     7.038124067E-03
     1357    -1.994931997E-17     6.375000000E-03     6.444444444E-03
     1358     2.000000000E-03     6.375000000E-03     6.444444444E-03
     1359     2.000000000E-03     7.875000000E-03     4.500000000E-03
     1360     7.500000000E-04     7.875000000E-03     4.500000000E-03
     1361     2.000000000E-03     7.875000000E-03     6.055555556E-03
     1362     2.000000000E-03     6.375000000E-03     4.500000000E-03
     1363     7.500000000E-04     6.375000000E-03     4.500000000E-03
     1364     1.341648177E-03     5.704194388E-03     7.126376145E-03
     1365     1.250000000E-04     7.099706476E-03     5.224706476E-03
     1366     8.715858798E-04     7.228446904E-03     6.623608186E-03
     1367    -1.695788789E-17     4.944110795E-03     5.000000000E-03
     1368     1.625000000E-03     5.725480947E-03     6.444444444E-03
     1369     1.971117126E-04     4.488203388E-03     7.229030571E-03
     1370     1.600373887E-04     4.883561756E-03     7.002365987E-03
     1371     8.264985931E-04     5.123241207E-03     7.126376081E-03
     1372    -1.255528579E-03     5.650120237E-03     6.444444444E-03
     1373    -1.625000000E-03     5.725480947E-03     6.444444444E-03
     1374    -6.062563382E-04     5.005315176E-03     7.002365987E-03
     1375     1.500000000E-03     6.375000000E-03     9.927012956E-03
     1376    -1.994931997E-17     6.375000000E-03     9.927012956E-03
     1377    -1.994931997E-17     6.375000000E-03     8.482568512E-03
     1378     2.000000000E-03     6.375000000E-03     8.482568512E-03
     1379     2.000000000E-03     6.375000000E-03     9.927012956E-03
     1380     2.000000000E-03     7.875000000E-03     9.649235178E-03
     1381     1.341648174E-03     5.704194383E-03     9.164500148E-03
     1382     8.715858798E-04     7.228446904E-03     8.661732253E-03
     1383     1.000000000E-03     7.125000000E-03     1.056590184E-02
     1384     1.500000000E-03     6.375000000E-03     1.222222222E-02
     1385    -1.994931997E-17     6.375000000E-03     1.077777778E-02
     1386     2.000000000E-03     6.375000000E-03     1.077777778E-02
     1387     2.000000000E-03     6.375000000E-03     1.222222222E-02
     1388     2.000000000E-03     7.875000000E-03     1.050000000E-02
     1389     1.541098861E-03     5.407186696E-03     1.123836711E-02
     1390     1.341648174E-03     5.704194383E-03     1.001526497E-02
     1391     1.235737838E-03     5.524734162E-03     1.158690184E-02
     1392     1.000000000E-03     7.125000000E-03     1.141666667E-02
     1393     1.500000000E-03     6.375000000E-03     1.511111111E-02
     1394    -1.994931997E-17     6.375000000E-03     1.366666667E-02
     1395    -1.994931997E-17     6.375000000E-03     1.222222222E-02
     1396     2.000000000E-03     6.375000000E-03     1.366666667E-02
     1397     2.000000000E-03     6.375000000E-03     1.511111111E-02
     1398     2.000000000E-03     7.875000000E-03     1.350000000E-02
     1399     2.000000000E-03     7.875000000E-03     1.505555556E-02
     1400     1.541098861E-03     5.407186696E-03     1.268281155E-02
     1401     1.407408992E-03     5.241487032E-03     1.453492052E-02
     1402     1.380037569E-03     5.787210660E-03     1.540073832E-02
     1403     1.235737839E-03     5.524734163E-03     1.303134626E-02
     1404     1.000000000E-03     7.125000000E-03     1.286111111E-02
     1405     5.000000000E-04     7.125000000E-03     1.430555556E-02
     1406     1.500000000E-03     6.375000000E-03     1.800000000E-02
     1407    -1.994931997E-17     6.375000000E-03     1.800000000E-02
     1408    -1.994931997E-17     6.375000000E-03     1.655555556E-02
     1409    -1.994931997E-17     6.375000000E-03     1.511111111E-02
     1410     2.000000000E-03     6.375000000E-03     1.655555556E-02
     1411     2.000000000E-03     6.375000000E-03     1.800000000E-02
     1412    -5.000000000E-04     7.875000000E-03     1.650000000E-02
     1413     2.000000000E-03     7.875000000E-03     1.650000000E-02
     1414     2.000000000E-03     7.875000000E-03     1.805555556E-02
     1415     1.380037569E-03     5.787210660E-03     1.684518276E-02
     1416     5.000000000E-04     7.125000000E-03     1.575000000E-02
     1417     2.747745484E-03     6.979960024E-03     1.764982234E-02
     1418     1.500000000E-03     6.375000000E-03     2.071605742E-02
     1419    -1.994931997E-17     6.375000000E-03     1.944444444E-02
     1420     2.000000000E-03     6.375000000E-03     1.944444444E-02
     1421     2.000000000E-03     7.875000000E-03     1.950000000E-02
     1422     1.622680483E-03     5.480053759E-03     1.889204907E-02
     1423     1.380037569E-03     5.787210660E-03     1.828962721E-02
     1424     1.279901012E-03     5.592789415E-03     2.016666667E-02
     1425     1.500000000E-03     6.375000000E-03     2.360494631E-02
     1426    -1.994931997E-17     6.375000000E-03     2.375247308E-02
     1427    -1.994931997E-17     6.375000000E-03     2.242151338E-02
     1428    -1.994931997E-17     6.375000000E-03     2.071605742E-02
     1429     2.000000000E-03     6.375000000E-03     2.071605742E-02
     1430     2.000000000E-03     6.375000000E-03     2.216050187E-02
     1431     2.000000000E-03     7.875000000E-03     2.077161298E-02
     1432     2.000000000E-03     7.875000000E-03     2.232716853E-02
     1433     1.279901012E-03     5.592789415E-03     2.143827965E-02
     1434     5.000000000E-04     7.116071429E-03     2.164429816E-02
     1435     5.000000000E-04     7.125000000E-03     2.296605742E-02
     1436    -1.994931997E-17     6.375000000E-03     2.143827965E-02
     1437     1.500000000E-03     6.375000000E-03     2.666666667E-02
     1438    -1.994931997E-17     6.375000000E-03     2.666666667E-02
     1439    -1.994931997E-17     6.375000000E-03     2.536974899E-02
     1440     2.000000000E-03     6.375000000E-03     2.377777778E-02
     1441     2.000000000E-03     6.375000000E-03     2.522222222E-02
     1442     2.000000000E-03     7.875000000E-03     2.394444444E-02
     1443     2.000000000E-03     7.875000000E-03     2.550000000E-02
     1444     1.022856370E-03     5.155143696E-03     2.581177511E-02
     1445     1.325607065E-03     5.265416066E-03     2.320358793E-02
     1446     1.070534633E-03     5.599700153E-03     2.652211072E-02
     1447     1.232950193E-03     5.621483375E-03     2.305555556E-02
     1448     9.423732562E-04     5.567927816E-03     2.472586986E-02
     1449     5.000000000E-04     7.125000000E-03     2.458333333E-02
     1450     5.000000000E-04     7.125000000E-03     2.608333333E-02
     1451    -1.994931997E-17     6.375000000E-03     2.811111111E-02
     1452     2.000000000E-03     6.375000000E-03     2.666666667E-02
     1453     2.000000000E-03     6.375000000E-03     2.811111111E-02
     1454     2.000000000E-03     7.875000000E-03     2.694444444E-02
     1455     2.000000000E-03     7.875000000E-03     2.850000000E-02
     1456     1.048884734E-03     5.615379388E-03     2.796655517E-02
     1457     5.000000000E-04     7.125000000E-03     2.752777778E-02
     1458     1.125000000E-03     7.125000000E-03     2.908333333E-02
     1459    -1.500000000E-03     6.375000000E-03     2.681419343E-02
     1460    -2.000000000E-03     6.375000000E-03     2.811111111E-02
     1461    -2.000000000E-03     7.875000000E-03     2.850000000E-02
     1462    -1.421034271E-03     5.894727576E-03     2.734507948E-02
     1463    -1.000000000E-03     7.125000000E-03     2.752777778E-02
     1464    -3.750000000E-04     7.125000000E-03     2.908333333E-02
     1465    -1.448888739E-03     5.986771432E-03     2.883333333E-02
     1466    -1.500000000E-03     6.375000000E-03     2.418631605E-02
     1467    -2.000000000E-03     6.375000000E-03     2.536974899E-02
     1468    -2.000000000E-03     6.375000000E-03     2.681419343E-02
     1469    -1.421034271E-03     5.894727576E-03     2.604816180E-02
     1470    -1.000000000E-03     7.125000000E-03     2.473086010E-02
     1471    -1.000000000E-03     7.125000000E-03     2.623086010E-02
     1472    -2.000000000E-03     6.375000000E-03     2.259434485E-02
     1473    -2.000000000E-03     6.375000000E-03     2.403878929E-02
     1474    -1.464676428E-03     5.349457410E-03     2.300191302E-02
     1475    -1.421034271E-03     5.894727576E-03     2.471720210E-02
     1476    -1.308005000E-03     5.640750097E-03     2.167656998E-02
     1477    -9.757156292E-04     5.235711182E-03     2.354243693E-02
     1478    -1.000000000E-03     7.116071429E-03     2.207814114E-02
     1479    -1.000000000E-03     7.125000000E-03     2.339990040E-02
     1480    -1.500000000E-03     6.375000000E-03     2.187212262E-02
     1481    -1.500000000E-03     6.375000000E-03     1.800000000E-02
     1482    -2.000000000E-03     6.375000000E-03     1.800000000E-02
     1483    -2.000000000E-03     6.375000000E-03     1.944444444E-02
     1484    -2.000000000E-03     6.375000000E-03     2.088888889E-02
     1485    -2.000000000E-03     7.875000000E-03     1.950000000E-02
     1486    -2.000000000E-03     7.875000000E-03     1.794444444E-02
     1487     5.000000000E-04     7.875000000E-03     1.950000000E-02
     1488    -1.308005000E-03     5.640750097E-03     1.997111402E-02
     1489    -1.000000000E-03     7.116071429E-03     2.037268519E-02
     1490    -1.500000000E-03     6.375000000E-03     2.016666667E-02
     1491    -1.500000000E-03     6.375000000E-03     1.511111111E-02
     1492    -2.000000000E-03     6.375000000E-03     1.655555556E-02
     1493    -2.000000000E-03     7.875000000E-03     1.650000000E-02
     1494    -1.589408346E-03     5.448774526E-03     1.629102861E-02
     1495    -1.308005000E-03     5.640750097E-03     1.852666958E-02
     1496    -1.353331894E-03     5.728089816E-03     1.538588617E-02
     1497    -1.000000000E-03     7.125000000E-03     1.575000000E-02
     1498    -1.500000000E-03     6.375000000E-03     1.222222222E-02
     1499    -2.000000000E-03     6.375000000E-03     1.222222222E-02
     1500    -2.000000000E-03     6.375000000E-03     1.366666667E-02
     1501    -2.000000000E-03     6.375000000E-03     1.511111111E-02
     1502    -2.000000000E-03     7.875000000E-03     1.350000000E-02
     1503    -1.353331894E-03     5.728089816E-03     1.394144173E-02
     1504    -5.000000000E-04     7.125000000E-03     1.286111111E-02
     1505    -1.000000000E-03     7.125000000E-03     1.430555556E-02
     1506    -1.500000000E-03     6.375000000E-03     9.333333333E-03
     1507    -2.000000000E-03     6.375000000E-03     9.333333333E-03
     1508    -2.000000000E-03     6.375000000E-03     1.077777778E-02
     1509    -2.000000000E-03     7.875000000E-03     1.205555556E-02
     1510    -2.000000000E-03     7.875000000E-03     1.050000000E-02
     1511    -1.095131016E-03     5.575695248E-03     9.891254876E-03
     1512    -1.353331894E-03     5.728089816E-03     1.249699728E-02
     1513    -6.284141202E-04     7.228446904E-03     9.512497075E-03
     1514    -5.000000000E-04     7.125000000E-03     1.141666667E-02
     1515    -2.000000000E-03     6.375000000E-03     7.888888889E-03
     1516    -2.000000000E-03     7.875000000E-03     9.055555556E-03
     1517    -2.000000000E-03     7.875000000E-03     7.500000000E-03
     1518    -1.066012592E-03     5.596947951E-03     8.446810431E-03
     1519    -1.375000000E-03     7.099706476E-03     6.669150920E-03
     1520    -6.284141202E-04     7.228446904E-03     8.068052631E-03
     1521    -2.500000000E-03     6.375000000E-03     9.333333333E-03
     1522    -3.667004197E-03     7.700977157E-03     5.944444444E-03
     1523    -2.500000000E-03     7.875000000E-03     9.055555556E-03
     1524    -2.500000000E-03     7.875000000E-03     7.500000000E-03
     1525    -3.794095226E-03     6.204629131E-03     5.944444444E-03
     1526    -4.328502730E-03     6.028662833E-03     8.900648270E-03
     1527    -4.759820278E-03     7.175486678E-03     7.740063345E-03
     1528    -1.889370456E-03     4.737844149E-03     8.673475015E-03
     1529    -1.478657320E-03     5.660706062E-03     8.446810431E-03
     1530    -1.875000000E-03     7.099706476E-03     6.669150920E-03
     1531    -2.500000000E-03     6.375000000E-03     1.222222222E-02
     1532    -2.500000000E-03     7.875000000E-03     1.205555556E-02
     1533    -2.500000000E-03     7.875000000E-03     1.050000000E-02
     1534    -4.328502730E-03     6.028662833E-03     1.034509271E-02
     1535    -4.653633727E-03     7.245736087E-03     1.126754287E-02
     1536    -1.889370456E-03     4.737844149E-03     1.011791946E-02
     1537    -1.992966791E-03     4.865667906E-03     1.176017092E-02
     1538    -1.584546832E-03     5.510808430E-03     9.893187959E-03
     1539    -1.721004810E-03     5.791343877E-03     1.249699728E-02
     1540    -2.500000000E-03     6.375000000E-03     1.511111111E-02
     1541    -2.500000000E-03     7.875000000E-03     1.505555556E-02
     1542    -2.500000000E-03     7.875000000E-03     1.350000000E-02
     1543    -4.328502730E-03     6.028662833E-03     1.178953716E-02
     1544    -3.982119779E-03     6.150282291E-03     1.464955784E-02
     1545    -4.266455939E-03     7.463820616E-03     1.456382247E-02
     1546    -4.653633727E-03     7.245736087E-03     1.271198732E-02
     1547    -2.285502322E-03     5.361846934E-03     1.484658417E-02
     1548    -1.992966924E-03     4.865668081E-03     1.320461540E-02
     1549    -1.721004810E-03     5.791343877E-03     1.394144173E-02
     1550    -1.500000000E-03     7.125000000E-03     1.430555556E-02
     1551    -2.500000000E-03     6.375000000E-03     1.800000000E-02
     1552    -2.500000000E-03     7.875000000E-03     1.650000000E-02
     1553    -3.982119779E-03     6.150282291E-03     1.609400228E-02
     1554    -4.746760031E-03     5.841773933E-03     1.747080684E-02
     1555    -4.266455939E-03     7.463820616E-03     1.600826691E-02
     1556    -2.285502322E-03     5.361846934E-03     1.629102861E-02
     1557    -1.672884112E-03     5.703582307E-03     1.852666958E-02
     1558    -1.721004810E-03     5.791343877E-03     1.538588617E-02
     1559    -1.500000000E-03     7.125000000E-03     1.575000000E-02
     1560    -3.835948078E-03     6.679071325E-03     1.747476635E-02
     1561    -2.500000000E-03     6.375000000E-03     2.088888889E-02
     1562    -2.500000000E-03     7.875000000E-03     1.950000000E-02
     1563    -2.500000000E-03     7.875000000E-03     1.794444444E-02
     1564    -3.982119779E-03     6.150282291E-03     2.042733562E-02
     1565    -4.746759880E-03     5.841774009E-03     1.891525135E-02
     1566    -4.008951032E-03     7.579465789E-03     2.041327811E-02
     1567    -2.285502322E-03     5.361846934E-03     1.773547306E-02
     1568    -2.216233532E-03     5.218146971E-03     2.129645707E-02
     1569    -1.696204362E-03     5.690675259E-03     1.998105381E-02
     1570    -3.835948078E-03     6.679071325E-03     1.891921080E-02
     1571    -2.500000000E-03     6.375000000E-03     2.377777778E-02
     1572    -2.500000000E-03     7.875000000E-03     2.250000000E-02
     1573    -2.500000000E-03     7.875000000E-03     2.094444444E-02
     1574    -3.982119779E-03     6.150282291E-03     2.187178006E-02
     1575    -4.008951032E-03     7.579465789E-03     2.185772255E-02
     1576    -2.216233532E-03     5.218146971E-03     2.274090151E-02
     1577    -1.640584720E-03     5.734731637E-03     2.141555846E-02
     1578    -1.500000000E-03     7.116071429E-03     2.181712963E-02
     1579    -1.500000000E-03     7.125000000E-03     2.313888889E-02
     1580    -2.000000000E-03     6.375000000E-03     2.161111111E-02
     1581    -2.500000000E-03     6.375000000E-03     2.666666667E-02
     1582    -2.500000000E-03     7.875000000E-03     2.550000000E-02
     1583    -2.500000000E-03     7.875000000E-03     2.394444444E-02
     1584    -3.982119779E-03     6.150282291E-03     2.331622451E-02
     1585    -4.119016393E-03     6.105622149E-03     2.632472631E-02
     1586    -3.856718430E-03     7.637886539E-03     2.615831949E-02
     1587    -4.008951032E-03     7.579465789E-03     2.330216700E-02
     1588    -4.956771013E-03     7.031624176E-03     2.526174665E-02
     1589    -2.216233532E-03     5.218146971E-03     2.418534596E-02
     1590    -1.846225599E-03     5.920010950E-03     2.590063504E-02
     1591    -1.500000000E-03     7.125000000E-03     2.458333333E-02
     1592    -1.500000000E-03     7.125000000E-03     2.608333333E-02
     1593    -2.500000000E-03     7.875000000E-03     2.850000000E-02
     1594    -2.500000000E-03     7.875000000E-03     2.694444444E-02
     1595    -4.119016393E-03     6.105622149E-03     2.776917075E-02
     1596    -3.856718430E-03     7.637886539E-03     2.760276393E-02
     1597    -1.846225599E-03     5.920010950E-03     2.734507948E-02
     1598    -1.500000000E-03     7.125000000E-03     2.752777778E-02
     1599    -3.178359215E-03     7.006443269E-03     2.857915974E-02
     1600    -1.899519053E-03     6.000000000E-03     2.883333333E-02
     1601     2.500000000E-03     6.375000000E-03     9.333333333E-03
     1602     2.500000000E-03     7.875000000E-03     7.500000000E-03
     1603     2.500000000E-03     7.875000000E-03     9.055555556E-03
     1604     3.794095226E-03     6.204629131E-03     5.944444444E-03
     1605     4.121372758E-03     6.104815047E-03     8.507798132E-03
     1606     3.876784944E-03     7.630590928E-03     8.560013587E-03
     1607     2.258926106E-03     5.303901103E-03     9.793922628E-03
     1608     1.700013216E-03     5.775009912E-03     8.570820525E-03
     1609     1.371585880E-03     7.228446904E-03     8.068052631E-03
     1610     3.813392472E-03     6.835327219E-03     7.252229016E-03
     1611     2.500000000E-03     6.375000000E-03     1.222222222E-02
     1612     2.500000000E-03     7.875000000E-03     1.050000000E-02
     1613     2.500000000E-03     7.875000000E-03     1.205555556E-02
     1614     4.121372758E-03     6.104815047E-03     9.952242576E-03
     1615     4.854552419E-03     5.785904999E-03     1.152303498E-02
     1616     3.876784944E-03     7.630590928E-03     1.000445803E-02
     1617     2.258926106E-03     5.303901103E-03     1.123836711E-02
     1618     1.700013216E-03     5.775009912E-03     1.001526497E-02
     1619     3.724905842E-03     6.662127753E-03     1.152175077E-02
     1620     1.500000000E-03     7.125000000E-03     1.141666667E-02
     1621     2.500000000E-03     6.375000000E-03     1.511111111E-02
     1622     2.500000000E-03     7.875000000E-03     1.350000000E-02
     1623     2.500000000E-03     7.875000000E-03     1.505555556E-02
     1624     4.133472923E-03     6.100649819E-03     1.449370599E-02
     1625     4.854552597E-03     5.785904903E-03     1.296747931E-02
     1626     4.026407501E-03     7.572307147E-03     1.426301723E-02
     1627     2.258926106E-03     5.303901103E-03     1.268281155E-02
     1628     2.136356165E-03     5.076546174E-03     1.453692104E-02
     1629     3.724905842E-03     6.662127753E-03     1.296619521E-02
     1630     1.500000000E-03     7.125000000E-03     1.286111111E-02
     1631     2.500000000E-03     6.375000000E-03     1.800000000E-02
     1632     2.500000000E-03     7.875000000E-03     1.650000000E-02
     1633     4.133472923E-03     6.100649819E-03     1.593815044E-02
     1634     4.026407501E-03     7.572307147E-03     1.570746167E-02
     1635     2.303627836E-03     5.403764297E-03     1.744760463E-02
     1636     2.136356165E-03     5.076546174E-03     1.598136571E-02
     1637     1.769669128E-03     5.834219086E-03     1.684518276E-02
     1638     3.247745484E-03     6.979960024E-03     1.764982234E-02
     1639     2.500000000E-03     6.375000000E-03     2.088888889E-02
     1640     2.500000000E-03     7.875000000E-03     1.950000000E-02
     1641     4.133472923E-03     6.100649819E-03     1.738259488E-02
     1642     4.305001820E-03     6.037828372E-03     2.011343724E-02
     1643     2.303627836E-03     5.403764297E-03     1.889204907E-02
     1644     2.136356168E-03     5.076546179E-03     2.031469915E-02
     1645     1.769669128E-03     5.834219086E-03     1.828962721E-02
     1646     1.681461640E-03     5.666253714E-03     2.020876366E-02
     1647     3.247745484E-03     6.979960024E-03     1.909426678E-02
     1648     2.500000000E-03     6.375000000E-03     2.377777778E-02
     1649     2.500000000E-03     7.875000000E-03     2.094444444E-02
     1650     2.500000000E-03     7.875000000E-03     2.250000000E-02
     1651     4.305001820E-03     6.037828372E-03     2.155788168E-02
     1652     4.307987259E-03     6.036671596E-03     2.442138708E-02
     1653     3.995490967E-03     7.584920049E-03     2.163297801E-02
     1654     4.372005048E-03     7.409911187E-03     2.342978657E-02
     1655     1.951189618E-03     4.812035165E-03     2.436733066E-02
     1656     2.136356165E-03     5.076546174E-03     2.175914349E-02
     1657     1.642558039E-03     5.645379447E-03     2.161707611E-02
     1658     3.247745484E-03     6.979960024E-03     2.053871123E-02
     1659     2.500000000E-03     6.375000000E-03     2.666666667E-02
     1660     2.500000000E-03     7.875000000E-03     2.394444444E-02
     1661     2.500000000E-03     7.875000000E-03     2.550000000E-02
     1662     4.307987259E-03     6.036671596E-03     2.586583152E-02
     1663     3.715097250E-03     7.685976079E-03     2.619941071E-02
     1664     4.372005048E-03     7.409911187E-03     2.487423101E-02
     1665     1.951189618E-03     4.812035165E-03     2.581177511E-02
     1666     1.483935035E-03     5.662417093E-03     2.652211072E-02
     1667     3.636570038E-03     7.710128363E-03     3.007135031E-02
     1668     2.500000000E-03     7.875000000E-03     2.694444444E-02
     1669     2.500000000E-03     7.875000000E-03     2.850000000E-02
     1670     4.307987259E-03     6.036671596E-03     2.731027597E-02
     1671     5.040984381E-03     6.964239126E-03     2.864522599E-02
     1672     3.715097250E-03     7.685976079E-03     2.764385515E-02
     1673     1.951189618E-03     4.812035165E-03     2.725621955E-02
     1674     1.483935035E-03     5.662417093E-03     2.796655517E-02
     1675     1.625000000E-03     7.125000000E-03     2.908333333E-02
     1676    -1.050000000E-02    -6.250000000E-05     3.600000000E-02
     1677    -1.044197835E-02     2.336762363E-03     3.503223205E-02
     1678    -1.050000000E-02     1.375000000E-03     3.440000000E-02
     1679    -1.050000000E-02    -6.250000000E-05     3.440000000E-02
     1680     7.500000000E-03    -6.250000000E-05     3.600000000E-02
     1681     7.391144085E-03     2.412644132E-03     3.496484243E-02
     1682     8.870995931E-03     2.331498514E-03     3.503668773E-02
     1683     7.500000000E-03     1.375000000E-03     3.440000000E-02
     1684     7.500000000E-03    -6.250000000E-05     3.440000000E-02
     1685     8.250000000E-03    -1.500000000E-03     3.440000000E-02
     1686    -3.948430472E-03     6.160606837E-03     3.271539284E-02
     1687    -1.250000000E-03     6.375000000E-03     3.263914587E-02
     1688    -2.500000000E-03     7.854494350E-03     3.222332425E-02
     1689    -1.250000000E-03     7.854494350E-03     3.222332425E-02
     1690    -3.840110373E-03     7.627711043E-03     3.227394030E-02
     1691    -6.301367735E-03     4.623015198E-03     3.341751743E-02
     1692    -7.271806949E-03     5.577798621E-03     3.295179855E-02
     1693    -6.399151636E-03     6.551004723E-03     3.257879823E-02
     1694    -5.218233469E-03     7.196176506E-03     3.238312876E-02
     1695    -5.411996076E-03     5.439514590E-03     3.019610015E-02
     1696    -7.093114150E-03     5.840732141E-03     3.102716928E-02
     1697    -4.556482311E-03     6.592294631E-03     3.100608914E-02
     1698    -8.626698911E-03     3.459947432E-03     3.413857538E-02
     1699    -8.149574715E-03     4.540538761E-03     3.346265777E-02
     1700     1.250000000E-03     6.375000000E-03     3.263914587E-02
     1701     3.948430921E-03     6.160606702E-03     3.271538179E-02
     1702     2.500000000E-03     7.854494350E-03     3.222332425E-02
     1703     3.636570038E-03     7.692742616E-03     3.225895393E-02
     1704     1.250000000E-03     7.854494350E-03     3.222332425E-02
     1705    -1.561251128E-17     7.854494350E-03     3.222332425E-02
     1706     6.301363420E-03     4.623020248E-03     3.341751642E-02
     1707     8.149654902E-03     4.540331444E-03     3.346277261E-02
     1708     8.626882983E-03     3.459918036E-03     3.413859601E-02
     1709     7.376416324E-03     2.479791308E-03     3.184533377E-02
     1710     7.376416324E-03     2.479791308E-03     3.344533377E-02
     1711     5.014694192E-03     7.260609237E-03     3.236574035E-02
     1712     6.399245479E-03     6.550934750E-03     3.257882162E-02
     1713     7.271892005E-03     5.577599316E-03     3.295188505E-02
     1714     6.903478352E-03     3.743412633E-03     3.128247216E-02
     1715     5.573128533E-03     5.319094449E-03     2.973719258E-02
     1716     6.419108535E-03     6.550089789E-03     3.107214259E-02
     1717     3.648577841E-03     9.292118890E-03     3.200696067E-02
     1718     1.250000000E-03     9.375000000E-03     3.200000000E-02
     1719     2.500000000E-03     9.375000000E-03     3.044444444E-02
     1720     1.625000000E-03     8.625000000E-03     3.102777778E-02
     1721     6.232883063E-03     8.450703826E-03     3.211269187E-02
     1722     3.648465980E-03     9.292134955E-03     3.046023920E-02
     1723     6.252433430E-03     8.440355147E-03     3.060546519E-02
     1724     4.851791272E-03     9.021507557E-03     2.960409435E-02
     1725     8.508121476E-03     6.657279467E-03     3.254451787E-02
     1726     7.562131863E-03     7.569741399E-03     3.073205312E-02
     1727     9.864607481E-03     4.499509270E-03     3.348673711E-02
     1728     8.393767851E-03     3.492153695E-03     3.127034619E-02
     1729     8.393767851E-03     3.492153695E-03     3.287034619E-02
     1730     8.513836890E-03     6.650771589E-03     3.106001662E-02
     1731     9.764958414E-03     4.724683454E-03     3.031985003E-02
     1732     8.870995931E-03     2.382665985E-03     3.349359325E-02
     1733    -1.250000000E-03     9.375000000E-03     3.200000000E-02
     1734    -3.860139939E-03     9.258528395E-03     3.200999989E-02
     1735    -2.500000000E-03     9.375000000E-03     3.044444444E-02
     1736    -3.178359215E-03     8.506443269E-03     3.052360419E-02
     1737    -1.250000000E-03     9.375000000E-03     3.044444444E-02
     1738     1.250000000E-03     9.375000000E-03     3.044444444E-02
     1739     3.750000000E-04     8.625000000E-03     3.102777778E-02
     1740    -9.845146458E-03     4.500765315E-03     3.350300801E-02
     1741    -1.043514115E-02     2.391629228E-03     3.349455738E-02
     1742    -8.508014311E-03     6.657401342E-03     3.254387454E-02
     1743    -1.019086955E-02     3.577390871E-03     3.127009758E-02
     1744    -1.019086959E-02     3.577390729E-03     3.287009709E-02
     1745    -9.113890238E-03     5.875717267E-03     3.101478190E-02
     1746    -6.420487861E-03     8.348505253E-03     3.212983357E-02
     1747    -8.281739546E-03     6.904148924E-03     3.068704987E-02
     1748    -6.433067466E-03     8.341418040E-03     2.968957461E-02
     1749    -5.699387755E-03     7.611988857E-03     3.066596974E-02
     1750    -3.859902140E-03     9.258569380E-03     3.046789426E-02
     1751    -5.196835331E-03     8.906738126E-03     2.957065819E-02
     1752    -4.518469588E-03     8.275276627E-03     3.054705400E-02
     1753    -1.050000000E-02    -6.250000000E-05     4.000000000E-03
     1754    -1.050000000E-02     1.375000000E-03     5.600000000E-03
     1755    -1.034628224E-02     2.935722576E-03     4.000000000E-03
     1756    -9.460347648E-03     2.688336741E-03     5.334234193E-03
     1757    -1.050000000E-02    -6.250000000E-05     5.600000000E-03
     1758    -9.750000000E-03    -1.500000000E-03     6.400000000E-03
     1759    -1.050000000E-02     1.375000000E-03     8.800000000E-03
     1760    -1.034628224E-02     2.935722576E-03     5.600000000E-03
     1761    -1.037686831E-02     2.773193728E-03     8.268468387E-03
     1762    -9.460347648E-03     2.688336741E-03     6.934234193E-03
     1763    -9.750000000E-03    -6.250000000E-05     8.000000000E-03
     1764    -1.050000000E-02     1.375000000E-03     1.200000000E-02
     1765    -1.037686831E-02     2.773193728E-03     9.868468387E-03
     1766    -1.028886965E-02     3.200790105E-03     1.253474271E-02
     1767    -9.750000000E-03    -6.250000000E-05     1.280000000E-02
     1768    -9.750000000E-03    -6.250000000E-05     9.600000000E-03
     1769    -1.050000000E-02     1.375000000E-03     1.520000000E-02
     1770    -1.028886956E-02     3.200790529E-03     1.413474258E-02
     1771    -9.750000000E-03    -6.250000000E-05     1.440000000E-02
     1772    -1.050000000E-02     1.375000000E-03     1.840000000E-02
     1773    -1.028886956E-02     3.200790529E-03     1.573474258E-02
     1774    -1.022866613E-02     3.440846042E-03     1.759139355E-02
     1775    -9.750000000E-03    -6.250000000E-05     1.600000000E-02
     1776    -1.050000000E-02     1.375000000E-03     2.160000000E-02
     1777    -1.041467609E-02     2.540290682E-03     2.100892856E-02
     1778    -1.022866606E-02     3.440846296E-03     1.919139353E-02
     1779    -9.750000000E-03    -6.250000000E-05     1.760000000E-02
     1780    -9.752783056E-03    -6.783419062E-05     2.153294607E-02
     1781    -1.050000000E-02     1.375000000E-03     2.480000000E-02
     1782    -1.041467609E-02     2.540290682E-03     2.260892856E-02
     1783    -1.027666618E-02     3.252088997E-03     2.340449858E-02
     1784    -9.752783056E-03    -6.783419062E-05     2.313294607E-02
     1785    -1.050000000E-02     1.375000000E-03     2.800000000E-02
     1786    -1.027666621E-02     3.252088886E-03     2.500449866E-02
     1787    -1.025739139E-02     3.330218369E-03     2.621257915E-02
     1788    -9.752783056E-03    -6.783419062E-05     2.473294607E-02
     1789    -9.800178531E-03    -1.586755173E-04     2.759544156E-02
     1790    -1.050000000E-02     1.375000000E-03     3.120000000E-02
     1791    -1.009736325E-02     3.881007097E-03     2.934468432E-02
     1792    -1.025739146E-02     3.330218062E-03     2.781257872E-02
     1793    -9.800178531E-03    -1.586755173E-04     2.919544156E-02
     1794    -9.800178531E-03    -1.586755173E-04     3.079544156E-02
     1795    -3.679907939E-03     9.287510174E-03     4.000000000E-03
     1796    -2.500000000E-03     9.375000000E-03     5.555555556E-03
     1797    -1.250000000E-03     9.375000000E-03     4.000000000E-03
     1798    -2.500000000E-03     7.875000000E-03     4.000000000E-03
     1799    -1.250000000E-03     7.875000000E-03     4.000000000E-03
     1800    -1.875000000E-03     8.599706476E-03     4.724706476E-03
     1801    -6.618079348E-03     8.233674980E-03     4.000000000E-03
     1802    -3.679907939E-03     9.287510174E-03     5.555555556E-03
     1803    -3.667004197E-03     7.700977157E-03     4.000000000E-03
     1804    -4.917004197E-03     7.366040666E-03     4.000000000E-03
     1805    -5.966881340E-03     8.584766555E-03     5.795618901E-03
     1806    -9.151756898E-03     5.819561864E-03     4.000000000E-03
     1807    -7.493490634E-03     5.453427125E-03     4.000000000E-03
     1808    -6.578427125E-03     6.368490634E-03     4.000000000E-03
     1809    -7.610098028E-03     7.530233395E-03     5.795618901E-03
     1810    -9.242211448E-03     5.681110170E-03     6.668468704E-03
     1811    -8.288774773E-03     5.516763866E-03     5.334234193E-03
     1812    -8.360581640E-03     4.155733729E-03     4.000000000E-03
     1813    -9.952742425E-03     4.283028602E-03     6.668468387E-03
     1814    -9.155865778E-03     4.219070471E-03     5.334234193E-03
     1815    -2.500000000E-03     9.375000000E-03     2.733333333E-02
     1816    -1.474514955E-17     9.375000000E-03     2.888888889E-02
     1817    -3.877282720E-03     9.255551523E-03     2.799165282E-02
     1818    -1.500000000E-03     8.625000000E-03     2.791666667E-02
     1819    -3.178359215E-03     8.506443269E-03     2.896804863E-02
     1820    -8.750000000E-04     8.625000000E-03     2.947222222E-02
     1821    -2.500000000E-03     9.375000000E-03     2.422222222E-02
     1822    -1.431146868E-17     9.375000000E-03     2.577777778E-02
     1823    -1.431146868E-17     9.375000000E-03     2.733333333E-02
     1824    -3.877282720E-03     9.255551523E-03     2.643609726E-02
     1825    -1.500000000E-03     8.625000000E-03     2.486111111E-02
     1826    -1.500000000E-03     8.625000000E-03     2.636111111E-02
     1827    -2.500000000E-03     9.375000000E-03     2.111111111E-02
     1828    -1.387778781E-17     9.375000000E-03     2.266666667E-02
     1829    -1.387778781E-17     9.375000000E-03     2.422222222E-02
     1830    -3.877282720E-03     9.255551523E-03     2.488054171E-02
     1831    -4.037619487E-03     9.225842395E-03     2.202438922E-02
     1832    -5.097500426E-03     8.941570659E-03     2.398396842E-02
     1833    -1.500000000E-03     8.616071429E-03     2.198379630E-02
     1834    -1.500000000E-03     8.625000000E-03     2.330555556E-02
     1835    -2.500000000E-03     9.375000000E-03     1.800000000E-02
     1836    -1.344410694E-17     9.375000000E-03     1.955555556E-02
     1837    -1.344410694E-17     9.375000000E-03     2.111111111E-02
     1838    -4.037619487E-03     9.225842395E-03     2.046883366E-02
     1839    -4.313680051E-03     9.166698446E-03     1.750826696E-02
     1840    -3.835948078E-03     8.179071325E-03     1.897476635E-02
     1841    -1.500000000E-03     8.616071429E-03     2.042824074E-02
     1842    -2.500000000E-03     9.375000000E-03     1.488888889E-02
     1843    -1.301042607E-17     9.375000000E-03     1.644444444E-02
     1844    -1.301042607E-17     9.375000000E-03     1.800000000E-02
     1845    -4.313679980E-03     9.166698462E-03     1.595271135E-02
     1846    -1.500000000E-03     8.625000000E-03     1.569444444E-02
     1847    -3.835948078E-03     8.179071325E-03     1.741921080E-02
     1848    -2.500000000E-03     9.375000000E-03     1.177777778E-02
     1849    -1.257674520E-17     9.375000000E-03     1.333333333E-02
     1850    -1.257674520E-17     9.375000000E-03     1.488888889E-02
     1851    -4.313679980E-03     9.166698462E-03     1.439715580E-02
     1852    -4.743682826E-03     9.053924884E-03     1.254532067E-02
     1853    -1.000000000E-03     8.625000000E-03     1.269444444E-02
     1854    -1.500000000E-03     8.625000000E-03     1.413888889E-02
     1855    -2.500000000E-03     9.375000000E-03     8.666666667E-03
     1856    -1.214306433E-17     9.375000000E-03     1.022222222E-02
     1857    -1.214306433E-17     9.375000000E-03     1.177777778E-02
     1858    -4.201847039E-03     7.206315554E-03     1.006731494E-02
     1859    -4.865609134E-03     9.017244005E-03     8.906730012E-03
     1860    -4.743682532E-03     9.053924970E-03     1.098976510E-02
     1861    -1.128414120E-03     8.728446904E-03     9.234719297E-03
     1862    -1.000000000E-03     8.625000000E-03     1.113888889E-02
     1863    -1.250000000E-03     9.375000000E-03     5.555555556E-03
     1864    -1.170938346E-17     9.375000000E-03     7.111111111E-03
     1865    -1.170938346E-17     9.375000000E-03     8.666666667E-03
     1866    -4.865609134E-03     9.017244005E-03     7.351174456E-03
     1867    -1.875000000E-03     8.599706476E-03     6.280262031E-03
     1868    -1.128414120E-03     8.728446904E-03     7.679163742E-03
     1869     1.250000000E-03     9.375000000E-03     4.000000000E-03
     1870     2.500000000E-03     9.375000000E-03     5.555555556E-03
     1871     4.060722576E-03     9.221282243E-03     4.000000000E-03
     1872     2.500000000E-03     7.875000000E-03     4.000000000E-03
     1873     1.250000000E-03     9.375000000E-03     5.555555556E-03
     1874     1.250000000E-03     7.875000000E-03     4.000000000E-03
     1875    -1.279358564E-17     7.875000000E-03     4.000000000E-03
     1876    -6.250000000E-04     8.599706476E-03     4.724706476E-03
     1877     2.500000000E-03     9.375000000E-03     8.666666667E-03
     1878     4.060722576E-03     9.221282243E-03     5.555555556E-03
     1879     3.898310615E-03     9.251847556E-03     8.171124698E-03
     1880     6.250000000E-04     8.599706476E-03     6.280262031E-03
     1881     1.371585880E-03     8.728446904E-03     7.679163742E-03
     1882     3.813392472E-03     8.335327219E-03     6.863340127E-03
     1883     2.500000000E-03     9.375000000E-03     1.177777778E-02
     1884     3.898310615E-03     9.251847556E-03     9.726680254E-03
     1885     1.371585880E-03     8.728446904E-03     9.234719297E-03
     1886     1.500000000E-03     8.625000000E-03     1.113888889E-02
     1887     2.500000000E-03     9.375000000E-03     1.488888889E-02
     1888     3.898310615E-03     9.251847556E-03     1.128223581E-02
     1889     4.056130722E-03     9.222194223E-03     1.409635056E-02
     1890     3.724905842E-03     8.162127753E-03     1.279952855E-02
     1891     1.500000000E-03     8.625000000E-03     1.269444444E-02
     1892     1.000000000E-03     8.625000000E-03     1.413888889E-02
     1893     2.500000000E-03     9.375000000E-03     1.800000000E-02
     1894     4.056130722E-03     9.222194223E-03     1.565190611E-02
     1895     4.023364577E-03     9.228620844E-03     1.868853346E-02
     1896     1.000000000E-03     8.625000000E-03     1.569444444E-02
     1897     3.247745484E-03     8.479960024E-03     1.759426678E-02
     1898     2.500000000E-03     9.375000000E-03     2.111111111E-02
     1899     4.023364569E-03     9.228620846E-03     2.024408913E-02
     1900     3.247745484E-03     8.479960024E-03     1.914982234E-02
     1901     1.000000000E-03     8.616071429E-03     2.042824074E-02
     1902     2.500000000E-03     9.375000000E-03     2.422222222E-02
     1903     4.023364569E-03     9.228620846E-03     2.179964468E-02
     1904     4.428913996E-03     9.138973905E-03     2.359645348E-02
     1905     1.000000000E-03     8.616071429E-03     2.198379630E-02
     1906     1.000000000E-03     8.625000000E-03     2.330555556E-02
     1907     2.500000000E-03     9.375000000E-03     2.733333333E-02
     1908     3.729711905E-03     9.279923063E-03     2.647718849E-02
     1909     4.428914333E-03     9.138973821E-03     2.515200879E-02
     1910     1.000000000E-03     8.625000000E-03     2.486111111E-02
     1911     1.000000000E-03     8.625000000E-03     2.636111111E-02
     1912     3.729711905E-03     9.279923063E-03     2.803274404E-02
     1913     1.000000000E-03     8.625000000E-03     2.791666667E-02
     1914     1.625000000E-03     8.625000000E-03     2.947222222E-02
     1915     9.151756898E-03     5.819561864E-03     4.000000000E-03
     1916     8.695518130E-03     2.905733729E-03     4.000000000E-03
     1917     8.695518130E-03     2.905733729E-03     5.600000000E-03
     1918     8.360581640E-03     4.155733729E-03     4.000000000E-03
     1919     9.539570120E-03     5.175585814E-03     5.736857686E-03
     1920     6.944561864E-03     8.026756898E-03     4.000000000E-03
     1921     6.578427125E-03     6.368490634E-03     4.000000000E-03
     1922     7.493490634E-03     5.453427125E-03     4.000000000E-03
     1923     8.662849243E-03     6.475910625E-03     5.736857686E-03
     1924     6.806209691E-03     8.117147885E-03     6.615569117E-03
     1925     6.641819597E-03     7.163754343E-03     5.307784571E-03
     1926     4.030733729E-03     7.570518130E-03     4.000000000E-03
     1927     5.280733729E-03     7.235581640E-03     4.000000000E-03
     1928     5.408139195E-03     8.827699271E-03     6.615569143E-03
     1929     5.344126202E-03     8.030845349E-03     5.307784571E-03
     1930     7.500000000E-03    -6.250000000E-05     4.000000000E-03
     1931     7.500000000E-03     1.375000000E-03     5.600000000E-03
     1932     7.329629131E-03     2.669095226E-03     4.000000000E-03
     1933     7.500000000E-03    -6.250000000E-05     5.600000000E-03
     1934     8.250000000E-03    -1.500000000E-03     6.400000000E-03
     1935     7.500000000E-03     1.375000000E-03     8.800000000E-03
     1936     7.329629131E-03     2.669095226E-03     5.600000000E-03
     1937     6.990967965E-03     3.573000622E-03     8.163353687E-03
     1938     8.307213898E-03     3.624963608E-03     7.336857686E-03
     1939     8.532350886E-03     3.251831697E-03     8.936478494E-03
     1940     8.250000000E-03    -6.250000000E-05     8.000000000E-03
     1941     7.500000000E-03     1.375000000E-03     1.200000000E-02
     1942     6.990967965E-03     3.573000622E-03     9.763353687E-03
     1943     7.283900877E-03     2.829060660E-03     1.133414598E-02
     1944     8.600125814E-03     3.118299780E-03     1.171918176E-02
     1945     8.532350886E-03     3.251831697E-03     1.053647849E-02
     1946     8.250000000E-03    -6.250000000E-05     9.600000000E-03
     1947     8.250000000E-03    -6.250000000E-05     1.280000000E-02
     1948     7.500000000E-03     1.375000000E-03     1.520000000E-02
     1949     6.996578813E-03     3.561499252E-03     1.446037266E-02
     1950     7.283900877E-03     2.829060660E-03     1.293414598E-02
     1951     8.779458812E-03     2.684843919E-03     1.466413432E-02
     1952     8.600125814E-03     3.118299780E-03     1.331918176E-02
     1953     8.250000000E-03    -6.250000000E-05     1.440000000E-02
     1954     7.500000000E-03     1.375000000E-03     1.840000000E-02
     1955     6.996578813E-03     3.561499252E-03     1.606037266E-02
     1956     7.073446588E-03     3.395788535E-03     1.879121501E-02
     1957     8.779458812E-03     2.684843919E-03     1.626413432E-02
     1958     8.533367834E-03     3.249916465E-03     1.803080324E-02
     1959     8.250000000E-03    -6.250000000E-05     1.600000000E-02
     1960     7.500000000E-03     1.375000000E-03     2.160000000E-02
     1961     7.073446588E-03     3.395788535E-03     2.039121501E-02
     1962     8.780208631E-03     2.682678365E-03     2.088223689E-02
     1963     8.533367834E-03     3.249916465E-03     1.963080324E-02
     1964     8.250000000E-03    -6.250000000E-05     1.760000000E-02
     1965     8.250000000E-03    -6.250000000E-05     2.151102431E-02
     1966     7.500000000E-03     1.375000000E-03     2.480000000E-02
     1967     7.073446588E-03     3.395788535E-03     2.199121501E-02
     1968     7.074739648E-03     3.392859547E-03     2.485472041E-02
     1969     8.780208631E-03     2.682678365E-03     2.248223689E-02
     1970     8.730931117E-03     2.817273553E-03     2.374966574E-02
     1971     8.250000000E-03    -6.250000000E-05     2.311102431E-02
     1972     7.500000000E-03     1.375000000E-03     2.800000000E-02
     1973     7.074739648E-03     3.392859547E-03     2.645472041E-02
     1974     8.813837578E-03     2.581085788E-03     2.704950385E-02
     1975     8.730931117E-03     2.817273553E-03     2.534966574E-02
     1976     8.250000000E-03    -6.250000000E-05     2.471102431E-02
     1977     8.250000000E-03    -6.250000000E-05     2.720000000E-02
     1978     7.500000000E-03     1.375000000E-03     3.120000000E-02
     1979     7.074739648E-03     3.392859547E-03     2.805472041E-02
     1980     7.540984381E-03     4.464239126E-03     2.938967043E-02
     1981     8.813837578E-03     2.581085788E-03     2.864950385E-02
     1982     8.250000000E-03    -6.250000000E-05     2.880000000E-02
     1983     8.250000000E-03    -6.250000000E-05     3.120000000E-02
     1984     8.250000000E-03    -6.250000000E-05     3.280000000E-02
     1985     3.794095226E-03     6.204629131E-03     4.000000000E-03
     1986     1.250000000E-03     6.375000000E-03     4.000000000E-03
     1987     6.035533906E-03     4.910533906E-03     4.000000000E-03
     1988     5.290292124E-03     5.524008299E-03     6.563353585E-03
     1989     5.063392472E-03     6.500390728E-03     5.307784571E-03
     1990     6.269057521E-03     4.660453607E-03     6.563353687E-03
     1991     7.972277407E-03     4.874963608E-03     5.736857686E-03
     1992     5.978455982E-03     5.585327219E-03     5.307784571E-03
     1993    -1.250000000E-03     6.375000000E-03     4.000000000E-03
     1994    -3.794095226E-03     6.204629131E-03     4.000000000E-03
     1995    -1.875000000E-03     7.099706476E-03     4.724706476E-03
     1996    -6.250000000E-04     7.099706476E-03     4.724706476E-03
     1997    -6.035533906E-03     4.910533906E-03     4.000000000E-03
     1998    -6.410361231E-03     4.490938870E-03     6.956203825E-03
     1999    -7.625411158E-03     3.938336741E-03     5.334234193E-03
     2000    -5.470654581E-03     5.396841787E-03     6.956203825E-03
     2001    -6.009820278E-03     6.840550188E-03     5.795618901E-03
     2002    -6.710347648E-03     4.853400251E-03     5.334234193E-03
     2003    -5.625780487E-03     5.277498731E-03     1.277242833E-02
     2004    -6.461667316E-03     6.506802232E-03     8.751822726E-03
     2005    -7.957478826E-03     4.582989036E-03     9.624672212E-03
     2006    -7.785158157E-03     4.983921086E-03     1.229094641E-02
     2007    -6.355480766E-03     6.577051641E-03     1.083485781E-02
     2008    -7.162194687E-03     4.519652295E-03     8.290438019E-03
     2009    -5.969841354E-03     4.975027913E-03     1.700925364E-02
     2010    -5.681964006E-03     7.024484808E-03     1.554671364E-02
     2011    -7.498819185E-03     5.213269725E-03     1.515096709E-02
     2012    -6.069141794E-03     6.806400279E-03     1.369487849E-02
     2013    -7.382042952E-03     5.431443711E-03     1.700761804E-02
     2014    -5.251456145E-03     6.239735517E-03     1.701321308E-02
     2015    -5.448521950E-03     5.413095877E-03     2.441872841E-02
     2016    -5.969841354E-03     4.975027913E-03     1.989814253E-02
     2017    -5.424459099E-03     7.140129981E-03     2.139616928E-02
     2018    -7.745770270E-03     4.588526480E-03     2.171404196E-02
     2019    -7.475075231E-03     5.260350906E-03     2.250961205E-02
     2020    -6.372279080E-03     6.592288368E-03     2.335574894E-02
     2021    -6.720298404E-03     6.287532205E-03     2.088517943E-02
     2022    -6.758431526E-03     6.249520301E-03     2.232603294E-02
     2023    -5.251456145E-03     6.239735517E-03     1.990210197E-02
     2024    -7.246782015E-03     5.730637964E-03     2.825829952E-02
     2025    -5.388509392E-03     7.113643722E-03     2.726082357E-02
     2026    -7.591358126E-03     5.175443898E-03     2.551811385E-02
     2027    -7.553931103E-03     5.246681451E-03     2.672619434E-02
     2028    -6.488561975E-03     6.507381360E-03     2.636425073E-02
     2029    -6.874714421E-03     6.164613293E-03     2.533453474E-02
     2030    -4.710150177E-03     6.482200453E-03     2.823721938E-02
     2031    -8.337415930E-03     4.018276296E-03     2.020195769E-02
     2032    -7.973688612E-03     4.861193528E-03     1.838442266E-02
     2033    -7.311944064E-03     5.717282022E-03     1.937309517E-02
     2034    -5.843101805E-03     5.669485334E-03     1.839001771E-02
     2035     6.157663870E-03     4.784031389E-03     1.069749967E-02
     2036     7.340972551E-03     5.599193684E-03     8.300211373E-03
     2037     5.410543597E-03     7.104821004E-03     9.178922830E-03
     2038     7.566109539E-03     5.226061774E-03     9.899832181E-03
     2039     6.559912864E-03     6.450607980E-03     1.010530445E-02
     2040     5.258664495E-03     6.136357829E-03     1.069621557E-02
     2041     5.347151125E-03     6.309557295E-03     7.871138258E-03
     2042     5.729282033E-03     5.192294533E-03     1.805158751E-02
     2043     6.166376956E-03     4.774658809E-03     1.379451864E-02
     2044     5.570251706E-03     7.038660389E-03     1.509005655E-02
     2045     7.823303016E-03     4.651197161E-03     1.552450698E-02
     2046     7.643970018E-03     5.084653022E-03     1.417955442E-02
     2047     7.577212038E-03     5.216269707E-03     1.729117590E-02
     2048     6.569998415E-03     6.442731146E-03     1.320232342E-02
     2049     6.779222894E-03     6.259863723E-03     1.587918682E-02
     2050     5.268750046E-03     6.128480995E-03     1.379323454E-02
     2051     4.791589688E-03     6.446313266E-03     1.703241722E-02
     2052     5.868932000E-03     5.069630858E-03     2.364593543E-02
     2053     5.678773707E-03     6.933313735E-03     2.085752636E-02
     2054     7.963491370E-03     4.531072051E-03     2.127345191E-02
     2055     6.055287788E-03     6.758304873E-03     2.265433492E-02
     2056     7.914213856E-03     4.665667239E-03     2.254088075E-02
     2057     7.716650573E-03     5.098310151E-03     2.002201826E-02
     2058     6.918661429E-03     6.141904167E-03     1.861002918E-02
     2059     7.160308205E-03     5.894969884E-03     2.142097297E-02
     2060     4.931028223E-03     6.328353711E-03     1.976325958E-02
     2061     6.726632951E-03     6.310475540E-03     2.784439084E-02
     2062     5.400745820E-03     7.032212493E-03     2.684302001E-02
     2063     7.999486148E-03     4.427322203E-03     2.710422426E-02
     2064     6.057653618E-03     6.756147601E-03     2.551784031E-02
     2065     7.916579687E-03     4.663509968E-03     2.540438615E-02
     2066     8.177267333E-03     4.509516193E-03     1.265332774E-02
     2067     8.109492405E-03     4.643048111E-03     1.147062447E-02
     2068     7.103295730E-03     5.867594317E-03     1.167609674E-02
     2069     5.802047361E-03     5.553344166E-03     1.226700786E-02
     2070     6.324794563E-03     8.401446225E-03     2.817797003E-02
     2071     9.127973191E-03     5.854952162E-03     2.843917428E-02
     2072     6.935436764E-03     8.032845050E-03     2.685279033E-02
     2073     8.984552383E-03     6.060144650E-03     2.673933617E-02
     2074     7.420036461E-03     7.683188426E-03     8.352426829E-03
     2075     9.349735312E-03     5.507931907E-03     9.073336180E-03
     2076     8.395175128E-03     6.783041254E-03     9.278808447E-03
     2077     7.120606370E-03     6.585290826E-03     7.044642257E-03
     2078     5.403777497E-03     8.829399791E-03     1.204525307E-02
     2079     6.457389130E-03     8.327630529E-03     1.015751990E-02
     2080     5.101690786E-03     7.917718681E-03     1.074843102E-02
     2081     5.190177416E-03     8.090918147E-03     7.923353714E-03
     2082     5.521924845E-03     8.782291694E-03     1.789599517E-02
     2083     6.596143075E-03     8.246798302E-03     1.297163465E-02
     2084     6.832360302E-03     8.100373909E-03     1.564849805E-02
     2085     5.251313343E-03     7.859434900E-03     1.356254577E-02
     2086     4.774152985E-03     8.177267171E-03     1.680172845E-02
     2087     5.872040557E-03     8.629608362E-03     2.272943125E-02
     2088     6.804252218E-03     8.118397723E-03     1.868512551E-02
     2089     7.091466126E-03     7.926216590E-03     2.149606930E-02
     2090     4.743236451E-03     8.189880073E-03     1.983835591E-02
     2091     5.599421305E-03     8.750200850E-03     2.585141950E-02
     2092     9.892303648E-03     4.433405920E-03     1.438331608E-02
     2093     9.834626134E-03     4.569254133E-03     1.749493757E-02
     2094     9.210507863E-03     5.730351217E-03     1.608294849E-02
     2095     1.004846470E-02     4.024656710E-03     2.599916958E-02
     2096     1.001234558E-02     4.125393394E-03     2.303190263E-02
     2097     9.835540864E-03     4.567152914E-03     2.051304014E-02
     2098     9.393506360E-03     5.434503673E-03     2.191199485E-02
     2099     8.480971850E-03     6.688000633E-03     2.441278589E-02
     2100     7.425286208E-03     7.679090400E-03     2.329287785E-02
     2101     9.633726561E-03     4.995765852E-03     1.185566025E-02
     2102     8.775004632E-03     6.337289479E-03     1.206113252E-02
     2103     8.943581109E-03     6.116335518E-03     1.473799592E-02
     2104     8.681019124E-03     6.453878083E-03     1.087842925E-02
     2105     9.319667624E-03     5.557359801E-03     2.317942369E-02
     2106     8.855019390E-03     6.234395904E-03     1.784961741E-02
     2107     9.058954767E-03     5.955405261E-03     2.066056119E-02
     2108     7.764709769E-03     7.398523142E-03     1.376076492E-02
     2109     6.251060053E-03     7.263505657E-03     1.167481264E-02
     2110     8.217738868E-03     6.970307162E-03     1.924857218E-02
     2111     5.983124173E-03     7.398470505E-03     1.759085872E-02
     2112    -7.276319978E-03     7.792691756E-03     2.809189270E-02
     2113    -9.254491146E-03     5.661822758E-03     2.755726347E-02
     2114    -8.224702197E-03     6.963182598E-03     2.719531987E-02
     2115    -6.393350268E-03     6.886324049E-03     2.906828851E-02
     2116    -8.815593461E-03     6.285527389E-03     8.464087288E-03
     2117    -6.914013053E-03     8.047067803E-03     9.674272887E-03
     2118    -7.720167926E-03     5.988823419E-03     7.129853094E-03
     2119    -6.361380037E-03     8.381407368E-03     2.619784392E-02
     2120    -4.535077645E-03     8.269329808E-03     2.807081256E-02
     2121    -5.777447668E-03     8.672830964E-03     1.842154516E-02
     2122    -6.503383791E-03     8.301248496E-03     2.334169143E-02
     2123    -6.897190872E-03     8.058166348E-03     2.087112192E-02
     2124    -6.942071273E-03     8.028420384E-03     2.231197543E-02
     2125    -5.344899110E-03     7.883537114E-03     1.988804446E-02
     2126    -8.148053439E-03     7.040641389E-03     1.506523171E-02
     2127    -6.426151278E-03     8.345318224E-03     1.360914312E-02
     2128    -7.970098071E-03     7.212638829E-03     1.692188266E-02
     2129    -7.130269070E-03     7.898849197E-03     1.791055517E-02
     2130    -5.602404017E-03     7.767891941E-03     1.692747771E-02
     2131    -9.849886242E-03     4.533982785E-03     1.200321130E-02
     2132    -8.736641913E-03     6.385418909E-03     1.054712245E-02
     2133    -9.215979436E-03     4.065010224E-03     8.002702580E-03
     2134    -8.454040739E-03     6.718163752E-03     1.321339657E-02
     2135    -9.553221148E-03     5.150191577E-03     1.652613611E-02
     2136    -9.845322131E-03     4.544580854E-03     2.020032209E-02
     2137    -9.920304990E-03     4.364828400E-03     2.281342722E-02
     2138    -9.349127146E-03     5.508939686E-03     2.118899459E-02
     2139    -8.829487148E-03     6.267605895E-03     1.937145956E-02
     2140    -7.302482963E-03     6.174850844E-03     1.838838210E-02
     2141    -9.582065599E-03     5.095799222E-03     2.481707781E-02
     2142    -8.946716050E-03     6.112072110E-03     2.198456469E-02
     2143    -8.978452152E-03     6.068576219E-03     2.342541820E-02
     2144    -8.610379927E-03     6.538647659E-03     2.566321469E-02
     2145    -8.930912339E-03     6.133504649E-03     2.463349869E-02
     2146    -7.810767501E-03     7.357954834E-03     2.427155508E-02
     2147    -8.147841715E-03     7.040852448E-03     2.180098558E-02
     2148    -6.640738415E-03     7.030939338E-03     1.937705461E-02
     2149    -4.826621832E-04     3.922035015E-03     2.477489884E-02
     2150     8.538153481E-04     4.030866185E-03     2.379314082E-02
     2151     5.067914044E-04     4.442560789E-03     2.711166361E-02
     2152     3.881757105E-04     4.414062426E-03     2.531542275E-02
     2153     6.698045924E-04     3.966398371E-03     1.057850879E-02
     2154    -5.177764967E-04     3.929206162E-03     1.110031264E-02
     2155    -4.065456073E-04     4.423428503E-03     9.231396558E-03
     2156     2.721249283E-04     4.537732353E-03     9.355406652E-03
     2157    -6.488930970E-04     4.554066319E-03     1.183713897E-02
     2158     9.014371729E-05     4.437251996E-03     1.092704349E-02
     2159    -1.557255077E-03     4.419250367E-03     1.958748568E-02
     2160    -1.210298508E-03     4.187495138E-03     1.438453290E-02
     2161    -3.212653748E-04     3.895728220E-03     1.571683877E-02
     2162    -8.740582378E-04     4.032774094E-03     1.699331918E-02
     2163    -1.229993066E-03     4.808506163E-03     1.826214263E-02
     2164    -1.310413156E-03     4.865118404E-03     1.512135923E-02
     2165    -1.624907239E-04     3.880286236E-03     2.216671166E-02
     2166    -7.228985758E-04     3.981797616E-03     2.055430319E-02
     2167    -4.807413933E-04     4.636874503E-03     2.548523446E-02
     2168    -1.310902027E-03     4.894468361E-03     2.486375877E-02
     2169    -1.105261147E-03     4.709189047E-03     2.182312664E-02
     2170    -5.993570872E-04     4.608376140E-03     2.368899359E-02
     2171     5.099218402E-04     3.927556494E-03     1.222076028E-02
     2172     1.374039300E-03     4.286456009E-03     1.355306615E-02
     2173     1.241112077E-03     4.807196608E-03     1.047585430E-02
     2174     1.059130866E-03     4.706716251E-03     1.204749114E-02
     2175     1.464105926E-03     4.348576096E-03     1.687341478E-02
     2176     1.464105926E-03     4.348576096E-03     1.976230367E-02
     2177     9.674768899E-04     4.069791014E-03     1.814989519E-02
     2178     1.392349612E-03     4.939272845E-03     1.773723183E-02
     2179     1.214778217E-03     4.812619013E-03     1.961427129E-02
     2180     2.546780089E-04     3.888006009E-03     1.407487000E-02
     2181    -8.097716730E-04     4.588124441E-03     1.347939046E-02
     2182    -7.073485873E-05     4.471310118E-03     1.256929499E-02
     2183     6.190808857E-04     3.952864814E-03     1.668365627E-02
     2184     1.095276193E-03     4.724635152E-03     1.627099291E-02
     2185     6.512027378E-05     4.584380150E-03     1.481461868E-02
     2186     8.436390694E-04     4.564945621E-03     1.390160085E-02
     2187     6.190808857E-04     3.952864814E-03     1.957254516E-02
     2188     9.177047988E-04     4.597981320E-03     2.103692126E-02
     2189     1.692066734E-04     4.585382019E-03     2.085563361E-02
     2190     6.909264054E-04     4.524334795E-03     2.270723557E-02
     2191     5.470784678E-04     4.584519631E-03     1.754747332E-02
     2192     3.695070737E-04     4.457865799E-03     1.942451279E-02
     2193    -3.631753800E-04     4.485032182E-03     1.922896014E-02
     2194    -4.435954700E-04     4.541644422E-03     1.608817674E-02
     2195    -4.445323930E-04     4.942383180E-03     2.720052354E-02
     2196     3.498347612E-04     4.918920144E-03     2.602575836E-02
     2197     2.491260780E-04     4.895832600E-03     9.128742068E-03
     2198    -7.117537034E-04     5.054618742E-03     1.161047438E-02
     2199     4.173074121E-05     4.875580597E-03     1.070037891E-02
     2200     7.250415441E-04     5.061868339E-03     1.082438900E-02
     2201     8.710242924E-04     5.153805224E-03     1.901184943E-02
     2202     1.629740379E-04     4.883879796E-03     1.881629678E-02
     2203     6.485753144E-05     4.876402822E-03     1.567551338E-02
     2204     8.037249660E-04     5.108498449E-03     1.476541791E-02
     2205    -5.557877406E-05     4.876030020E-03     2.069333624E-02
     2206     4.618351781E-04     4.952879399E-03     2.255920319E-02
     2207    -5.595708964E-04     4.983281490E-03     2.540428267E-02
     2208    -1.248310052E-03     5.543301729E-03     2.806730170E-02
     2209    -8.634474289E-04     5.148436289E-03     1.735700019E-02
     2210    -2.931454778E-04     4.903923616E-03     2.236365055E-02
     2211    -1.140584720E-03     5.734731637E-03     2.069333624E-02
     2212    -2.341869883E-04     4.893393961E-03     1.330612132E-02
     2213     6.893843797E-03    -5.809294067E-03     1.223912519E-02
     2214     7.708312444E-03    -7.087705198E-03     9.029643795E-03
     2215     8.251311495E-03    -6.503928361E-03     1.053202304E-02
     2216     7.294054378E-03    -6.454868418E-03     7.834384492E-03
     2217     6.940766887E-03    -5.762152039E-03     1.840000000E-02
     2218     7.609386948E-03    -7.147197982E-03     1.530710215E-02
     2219     8.299005406E-03    -6.457579524E-03     1.349289785E-02
     2220     8.236398383E-03    -6.546981838E-03     1.684825465E-02
     2221     8.088712664E-03    -6.728995124E-03     3.086508491E-02
     2222     7.673032338E-03    -7.105410525E-03     2.925292108E-02
     2223     7.904628876E-03    -6.916092548E-03     2.176770076E-02
     2224     8.236398383E-03    -6.546981838E-03     2.004825465E-02
     2225     8.299005406E-03    -6.457579524E-03     2.309289785E-02
     2226     9.035533906E-03    -7.910533906E-03     1.360000000E-02
     2227     8.957515007E-03    -7.986867934E-03     1.695535680E-02
     2228     9.161087462E-03    -7.780354400E-03     1.028341646E-02
     2229     8.156987758E-03    -7.687723902E-03     7.585777908E-03
     2230     8.856153221E-03    -8.081242781E-03     2.932980844E-02
     2231     9.095798951E-03    -7.849223640E-03     2.615172016E-02
     2232     9.218624683E-03    -7.717428827E-03     2.021595542E-02
     2233     9.290699833E-03    -7.635459289E-03     2.326059861E-02
     2234    -9.142940596E-03    -7.799760402E-03     1.077728081E-02
     2235    -9.122248146E-03    -7.821638706E-03     1.379951963E-02
     2236    -9.122248146E-03    -7.821638706E-03     1.699951963E-02
     2237    -9.213335258E-03    -7.723304237E-03     2.877171811E-02
     2238    -8.468054867E-03    -8.398760717E-03     2.807885408E-02
     2239    -9.162202235E-03    -7.779155518E-03     2.043101608E-02
     2240    -8.562292524E-03    -8.327513693E-03     2.389438509E-02
     2241    -9.281865417E-03    -7.645702366E-03     2.623380674E-02
     2242    -2.310911358E-11    -6.375000000E-03     2.435082473E-02
     2243    -2.310911358E-11    -6.375000000E-03     2.955082451E-02
     2244     7.233816931E-11    -7.875000000E-03     2.710164984E-02
     2245     3.742686369E-11    -7.875000000E-03     2.955082451E-02
     2246    -2.251128450E-11    -6.375000000E-03     1.885667476E-02
     2247     6.564494000E-11    -7.875000000E-03     2.435082473E-02
     2248     1.471489562E-10    -7.875000000E-03     2.159999963E-02
     2249    -1.268238162E-11    -6.375000000E-03     1.278794244E-02
     2250     1.544400146E-10    -7.875000000E-03     1.885667476E-02
     2251     7.514975187E-11    -7.875000000E-03     1.611334989E-02
     2252     4.755069342E-11    -7.875000000E-03     1.278794244E-02
     2253     5.008853792E-11    -7.875000000E-03     9.462534980E-03
     2254    -6.875000076E-04    -7.125000000E-03     8.096901235E-03
     2255     3.073363439E-11    -7.875000000E-03     3.199999919E-02
     2256     2.425962391E-10    -9.375000000E-03     2.435082473E-02
     2257     1.261809173E-10    -9.375000000E-03     2.955082451E-02
     2258     2.448099926E-10    -9.375000000E-03     1.885667476E-02
     2259     1.379206714E-10    -9.375000000E-03     1.278794244E-02
     2260    -6.874999474E-04    -8.625000000E-03     8.096901235E-03
     2261    -5.034141202E-04     7.953153379E-03     6.848314662E-03
     2262     3.715858798E-04     7.978446904E-03     1.015138596E-02
     2263    -1.626303259E-17     7.875000000E-03     1.350000000E-02
     2264    -5.000000000E-04     7.866071429E-03     2.262268519E-02
     2265    -1.000000000E-03     7.116071429E-03     2.109490741E-02
     2266    -5.000000000E-04     7.875000000E-03     2.544444444E-02
     2267    -9.000000000E-03    -1.500000000E-03     1.200000000E-02
     2268    -9.002783056E-03    -1.505334191E-03     1.913294607E-02
     2269     9.000000000E-03    -1.500000000E-03     1.200000000E-02
     2270     9.000000000E-03    -1.500000000E-03     1.911102431E-02
     2271     1.250000000E-04     7.875000000E-03     2.850000000E-02
     2272     9.000000000E-03    -1.500000000E-03     2.551102431E-02
     2273    -9.052961587E-03    -1.601509708E-03     2.592838764E-02
     2274     9.000000000E-03    -1.500000000E-03     3.040000000E-02
-1
/wb,elem,start            !  set before creation of elements
/com,*********** Elements for Body 1 'SYS\Body1' ***********
et,1,187
MAT,1 $ TYPE,1 $ REAL,1 $ SECNUM,1 $ ESYS,0    ! ELEMNODES = 10
eblock,21,COMPACT,,1153
(21i9)
        1        5      110      111      379      403     1103      404      406     1107     1110
        2        4      353        5      379      400      405      397      401     2260      406
        3        4        5      111      379      397      404      398      401      406     1110
        4      110      379      348      111     1107     2254     1105     1103     1110     1109
        5       21      101      348      379      510     1065      513      515     1066     2254
        6       20      379      101       21      508     1066      504      500      515      510
        7       21      348      353      379      513     2253      514      515     2254     2260
        8       20      353      379       21      507     2260      508      500      514      515
        9        4      111      112      379      398     1108      399      401     1110     1112
       10      111      348      112      379     1109     1111     1108     1110     2254     1112
       11        3      379      353        4      396     2260      395      391      401      400
       12      100      348      101      379     1060     1065     1057     1061     2254     1066
       13       20      101      379      100      504     1066      508      503     1057     1061
       14        3       20      353      379      392      507      395      396      508     2260
       15        3      112      379        4      394     1112      396      391      399      401
       16       20      379      112      100      508     1112      505      503     1061     1058
       17      100      112      348      379     1058     1111     1060     1061     1112     2254
       18        3      112       20      379      394      505      392      396     1112      508
       19       55      137      378      375      766     1247      772      771     1246     2274
       20       55      138      378      137      767     1252      772      766     1242     1247
       21       55      378       63      375      772      822      764      771     2274      821
       22       55      378       56       63      772      780      763      764      822      775
       23       47      378      128       71      697     1191      695      694      871      869
       24       47      378      138      128      697     1252      696      695     1191     1189
       25      137      254      378      375     1244     1983     1247     1246     1982     2274
       26      137      254      138      378     1244     1249     1242     1247     1983     1252
       27       55       56      378      138      763      780      772      767      777     1252
       28       56      378       62       63      780      814      774      775      822      809
       29       63      378      254      375      822     1983      818      821     2274     1982
       30       63      254      378      255      818     1983      822      819     1978     1984
       31       71      190      378      128      870     1685      871      869     1190     1191
       32      128      138      190      378     1189     1248     1190     1191     1252     1685
       33       47      378       56      138      697      780      692      696     1252      777
       34       47      378       71       56      697      871      694      692      780      776
       35      138      378      254      255     1252     1983     1249     1250     1984     1978
       36       62      378      255       63      814     1984      813      809      822      819
       37       61      378       71      190      808      871      803      805     1685      870
       38      138      190      378      255     1248     1685     1252     1250     1684     1984
       39       56      378       71       62      780      871      776      774      814      810
       40       61      378       62       71      808      814      802      803      871      810
       41       61      378      255       62      808     1984      807      802      814      813
       42       35       94      377       95      604     1042      609      605     1037     1048
       43       35      377      219       95      609     1794      607      605     1048     1046
       44       35      377       36      219      609      618      603      607     1794      615
       45       35      377       94       36      609     1042      604      603      618      612
       46       37      217      377      373      623     1789      626      625     1788     2273
       47       37      377       93      373      626     1036      621      625     2273     1035
       48       83       94       95      377      964     1037      965      975     1042     1048
       49       36      219      377      218      615     1794      618      614     1790     1793
       50       36       37      377       93      610      626      618      611      621     1036
       51       36      377       37      217      618      626      610      613     1789      623
       52       82       93      377      373      955     1036      961      960     1035     2273
       53       82      377      217      373      961     1789      956      960     2273     1788
       54       83      219      218      377      971     1790      970      975     1794     1793
       55       36      377      217      218      618     1789      613      614     1793     1785
       56       36      377       94       93      618     1042      612      611     1036     1031
       57       82       83      217      377      954      969      956      961      975     1789
       58       82       93       83      377      955      963      954      961     1036      975
       59       83      218      217      377      970     1785      969      975     1793     1789
       60       83       94      377       93      964     1042      975      963     1031     1036
       61       15      109      117      376      472     1100      474      477     1102     1128
       62       15       45      376      330      471      686      477      475      685     2229
       63       15      376      117      330      477     1128      474      475     2229     1125
       64      109      117      376      127     1100     1128     1102     1101     1123     1187
       65       45      109      376      127      683     1102      686      684     1101     1187
       66       44      376       46       48      681      691      676      677      707      687
       67       44      130      376       48      680     1200      681      677      702      707
       68       44       46      376      126      676      691      681      679      688     1184
       69       44      376      130      126      681     1200      680      679     1184     1182
       70       45       46      376      330      682      691      686      685      690     2229
       71       45      127      376       46      684     1187      686      682      689      691
       72       46       48      376      330      687      707      691      690      705     2229
       73       46      127      376      126      689     1187      691      688     1181     1184
       74      126      130      127      376     1182     1185     1181     1184     1200     1187
       75      117      376      325      330     1128     2216     1124     1125     2229     2214
       76      117      376      127      325     1128     1187     1123     1124     2216     1186
       77       48      325      376      330      704     2216      707      705     2214     2229
       78       48      325      130      376      704     1198      702      707     2216     1200
       79      127      325      376      130     1186     2216     1187     1185     1198     1200
       80      137      253      254      375     1243     1972     1244     1246     1977     1982
       81       63      254      253      375      818     1972      817      821     1982     1977
       82       55      375      136      137      771     1241      765      766     1246     1233
       83       54      136       55      375      758      765      754      762     1241      771
       84       54       55       63      375      754      764      755      762      771      821
       85       54      375       64      370      762      829      756      761     2272      828
       86       54      136      375      370      758     1241      762      761     1240     2272
       87      136      375      253      137     1241     1977     1235     1233     1246     1243
       88       54       63       64      375      755      815      756      762      821      829
       89      136      253      375      370     1235     1977     1241     1240     1976     2272
       90       64      375      253      370      829     1977      825      828     2272     1976
       91       63      253       64      375      817      825      815      821     1977      829
       92      163      224      374      369     1461     1820     1464     1463     1818     2271
       93      140      374      163      224     1273     1464     1265     1271     1820     1461
       94      140      163      374      144     1265     1464     1273     1263     1303     1309
       95      141      241      374      198     1283     1914     1286     1281     1719     1720
       96      141      374      144      198     1286     1309     1276     1281     1720     1307
       97      141      144      374      186     1276     1309     1286     1278     1304     1675
       98      141      374      241      186     1286     1914     1283     1278     1675     1669
       99      162      163      374      369     1451     1464     1458     1457     1463     2271
      100      144      162      163      374     1302     1451     1303     1309     1458     1464
      101      224      241      374      369     1816     1914     1820     1818     1913     2271
      102      204      224      241      374     1737     1816     1738     1739     1820     1914
      103      198      204      241      374     1718     1738     1719     1720     1739     1914
      104      144      374      204      198     1309     1739     1308     1307     1720     1718
      105      162      374      186      241     1458     1675     1453     1455     1914     1669
      106      144      374      186      162     1309     1675     1304     1302     1458     1453
      107      162      374      241      369     1458     1914     1455     1457     2271     1913
      108       81      217      373       82      948     1788      953      943      956      960
      109       81      373       93       82      953     1035      946      943      960      955
      110       37       92      373       93      620     1030      625      621     1024     1035
      111       81      373       92       93      953     1030      945      946     1035     1024
      112       37      373      216      217      625     1784      622      623     1788     1781
      113       37       38      216      373      619      631      622      625      635     1784
      114       37       92       38      373      620      629      619      625     1030      635
      115       81      217      216      373      948     1781      947      953     1788     1784
      116       38      373       39      215      635      644      627      630     1780      640
      117       38       91       39      373      628      638      627      635     1023      644
      118       38       91      373       92      628     1023      635      629     1017     1030
      119       39      373       91      366      644     1023      638      643     2268     1022
      120       39      215      373      366      640     1780      644      643     1779     2268
      121       81       91       92      373      944     1017      945      953     1023     1030
      122       38      216      373      215      631     1784      635      630     1776     1780
      123       80       91      373      366      933     1023      942      941     1022     2268
      124       80      373      215      366      942     1780      935      941     2268     1779
      125       80      216      373       81      936     1784      942      932      947      953
      126       80      373       91       81      942     1023      933      932      953      944
      127       80      373      216      215      942     1784      936      935     1780     1776
      128      207      290      292      372     1747     2112     1748     1749     2115     2120
      129      266      372      292      290     2030     2120     2025     2024     2115     2112
      130      192      208      372      207     1694     1752     1697     1693     1746     1749
      131      203      372      208      224     1736     1752     1734     1735     1819     1750
      132      139      203      372      208     1258     1736     1261     1259     1734     1752
      133      139      178      372      140     1255     1599     1261     1253     1266     1272
      134      139      372      192      208     1261     1697     1257     1259     1752     1694
      135      139      372      266      192     1261     2030     1260     1257     1697     1695
      136      207      292      208      372     1748     1751     1746     1749     2120     1752
      137      208      372      292      224     1752     2120     1751     1750     1819     1817
      138      178      266      372      292     1595     2030     1599     1596     2025     2120
      139      139      178      266      372     1255     1595     1260     1261     1599     2030
      140       41      371      212      366      661     1768      656      660     2267     1767
      141       41      212      371       42      656     1768      661      653      666      669
      142       41       88      371      366      654     1004      661      660     1003     2267
      143       41       42      371       88      653      669      661      654      664     1004
      144       43      371       87      210      675      997      671      672     1758      995
      145       43      211      371      210      673     1763      675      672     1757     1758
      146       42      371       43      211      669      675      662      665     1763      673
      147       42       87       43      371      663      671      662      669      997      675
      148       74       87      371      210      883      997      887      885      995     1758
      149       74      371      211      210      887     1763      886      885     1758     1757
      150       77      212      371      366      906     1768      910      909     1767     2267
      151       77      371       88      366      910     1004      905      909     2267     1003
      152       42       87      371       88      663      997      669      664      991     1004
      153       42      212      371      211      666     1768      669      665     1759     1763
      154       74      371       76      211      887      902      882      886     1763      896
      155       74       76      371       87      882      902      887      883      894      997
      156       77       87       88      371      904      991      905      910      997     1004
      157       76      371      212      211      902     1768      897      896     1763     1759
      158       76      212      371       77      897     1768      902      893      906      910
      159       76      371       87       77      902      997      894      893      910      904
      160       54      136      370      135      758     1240      761      757     1228     1232
      161       64      253      252      370      825     1966      824      828     1976     1971
      162      136      253      370      252     1235     1976     1240     1234     1966     1971
      163       53       64      370       54      746      828      753      745      756      761
      164       53      370      135       54      753     1232      749      745      761      757
      165      135      136      370      252     1228     1240     1232     1229     1234     1971
      166       53       64       65      370      746      823      747      753      828      835
      167       64      252       65      370      824      832      823      828     1971      835
      168       53      135      370      134      749     1232      753      748     1219     1227
      169      134      135      370      252     1219     1232     1227     1222     1229     1971
      170       52      370       66      368      744      842      738      743     2270      841
      171       52      134      370      368      739     1227      744      743     1226     2270
      172       52       65      370       53      737      835      744      736      747      753
      173       52      370      134       53      744     1227      739      736      753      748
      174       65      370      252      251      835     1971      832      831     1965     1960
      175      134      252      370      251     1222     1971     1227     1221     1960     1965
      176       66      370      251      368      842     1965      838      841     2270     1964
      177      134      251      370      368     1221     1965     1227     1226     1964     2270
      178       52       66      370       65      738      842      744      737      830      835
      179       65       66      370      251      830      842      835      831      838     1965
      180      177      178      369      225     1581     1598     1592     1582     1594     1826
      181      164      177      178      369     1467     1581     1468     1471     1592     1598
      182      161      164      369      365     1439     1471     1450     1449     1470     2266
      183      161      164      163      369     1439     1459     1438     1450     1471     1463
      184      163      178      369      164     1460     1598     1463     1459     1468     1471
      185      161      369      163      162     1450     1463     1438     1437     1457     1451
      186      178      224      369      225     1593     1818     1598     1594     1815     1826
      187      163      369      178      224     1463     1598     1460     1461     1818     1593
      188      161      369      240      365     1450     1911     1443     1449     2266     1910
      189      161      369      162      240     1450     1457     1437     1443     1911     1454
      190      225      240      369      365     1822     1911     1826     1825     1910     2266
      191      224      241      369      225     1816     1913     1818     1815     1823     1826
      192      162      369      241      240     1457     1913     1455     1454     1911     1907
      193      225      241      369      240     1823     1913     1826     1822     1907     1911
      194       68      368      248      367      855     1947      850      854     2269     1946
      195       68      249      248      368      851     1941      850      855     1953     1947
      196       51       52      368      134      727      743      735      731      739     1226
      197       51       52       66      368      727      738      728      735      743      841
      198       51      134      368      133      731     1226      735      730     1215     1218
      199       66      250      368      251      837     1959      841      838     1954     1964
      200      134      368      250      251     1226     1959     1220     1221     1964     1954
      201      131      248      368      367     1202     1947     1206     1205     1946     2269
      202      131      248      132      368     1202     1208     1201     1206     1947     1214
      203       50      131      368      367      719     1206      726      725     1205     2269
      204       50      131      132      368      719     1201      720      726     1206     1214
      205       50       51      368      133      716      735      726      721      730     1218
      206       50       67      368       51      717      848      726      716      729      735
      207       51      368       66       67      735      841      728      729      848      836
      208      133      250      134      368     1216     1220     1215     1218     1959     1226
      209      132      368      248      249     1214     1947     1208     1209     1953     1941
      210       50      368       68      367      726      855      718      725     2269      854
      211       50      132      133      368      720     1207      721      726     1214     1218
      212       66       67      368      250      836      848      841      837      845     1959
      213       50       68      368       67      718      855      726      717      843      848
      214      132      368      250      133     1214     1959     1210     1207     1218     1216
      215       67      249       68      368      844      851      843      848     1953      855
      216      132      368      249      250     1214     1953     1209     1210     1959     1948
      217       67      249      368      250      844     1953      848      845     1948     1959
      218       49      367       50       68      715      725      708      709      854      718
      219       49      131       50      367      711      719      708      715     1205      725
      220       49      367       68       69      715      854      709      710      861      849
      221       48      367       49       69      706      715      698      700      861      710
      222       48      367      131       49      706     1205      703      698      715      711
      223       48       60      367       70      699      801      706      701      797      868
      224       48      130      367       60      702     1199      706      699      799      801
      225       60      246      367       70      800     1934      801      797      864      868
      226       60      246      130      367      800     1195      799      801     1934     1199
      227       68      367      248       69      854     1946      850      849      861      858
      228       48      130      131      367      702     1194      703      706     1199     1205
      229       48       70      367       69      701      868      706      700      856      861
      230       70      247      246      367      865     1933      864      868     1940     1934
      231      130      367      246      247     1199     1934     1195     1196     1940     1933
      232      130      248      131      367     1197     1202     1194     1199     1946     1205
      233       69      247       70      367      857      865      856      861     1940      868
      234       69      248      247      367      858     1935      857      861     1946     1940
      235      130      248      367      247     1197     1946     1199     1196     1935     1940
      236       80      214      366      215      934     1775      941      935     1772     1779
      237       39      366      214      215      643     1775      639      640     1779     1772
      238       77       88       78      366      905      912      903      909     1003      921
      239       77       78      212      366      903      914      906      909      921     1767
      240       41      366       89       88      660     1010      655      654     1003      998
      241       79       91       80      366      925      933      922      931     1022      941
      242       79       80      214      366      922      934      926      931      941     1775
      243       39      366       91       90      643     1022      638      637     1016     1011
      244       39       40      366       90      636      652      643      637      647     1016
      245       39      214      366       40      639     1775      643      636      649      652
      246       40      366       41      213      652      660      645      648     1771      657
      247       40       89       41      366      646      655      645      652     1010      660
      248       41      366      212      213      660     1767      656      657     1771     1764
      249       78       88       89      366      912      998      913      921     1003     1010
      250       79       90       91      366      924     1011      925      931     1016     1022
      251       40       89      366       90      646     1010      652      647     1005     1016
      252       40      214      366      213      649     1775      652      648     1769     1771
      253       78      212      366      213      914     1767      921      915     1764     1771
      254       79       89       90      366      923     1005      924      931     1010     1016
      255       78      366      214      213      921     1775      916      915     1771     1769
      256       78      214      366       79      916     1775      921      911      926      931
      257       78      366       89       79      921     1010      913      911      931      923
      258      165      176      177      365     1472     1571     1473     1479     1579     1591
      259      176      226      177      365     1572     1583     1571     1579     1834     1591
      260      177      365      226      225     1591     1834     1583     1582     1825     1821
      261      164      365      165      177     1470     1479     1466     1467     1591     1473
      262      225      365      226      240     1825     1834     1821     1822     1910     1829
      263      160      164      365      165     1426     1470     1435     1427     1466     1479
      264      160      165      365      363     1427     1479     1435     1434     1478     2264
      265      226      365      239      240     1834     1906     1828     1829     1910     1902
      266      161      239      365      240     1442     1906     1449     1443     1902     1910
      267      160      365      164      161     1435     1470     1426     1425     1449     1439
      268      226      239      365      363     1828     1906     1834     1833     1905     2264
      269      160      365      239      363     1435     1906     1432     1434     2264     1905
      270      160      239      365      161     1432     1906     1435     1425     1442     1449
      271       76      364      209      211      901     1756      895      896     1762     1754
      272      209      364      223      211     1756     1814     1755     1754     1762     1760
      273       73      209       76      364      878      895      877      881     1756      901
      274       73      223      209      364      879     1755      878      881     1814     1756
      275       76      364      211      295      901     1762      896      900     2133     1761
      276      211      364      223      295     1762     1814     1760     1761     2133     1813
      277       73       76      261      364      877      898      880      881      901     1999
      278       73      261      223      364      880     1812      879      881     1999     1814
      279      222      223      364      295     1806     1814     1811     1810     1813     2133
      280      222      261      364      223     1807     1999     1811     1806     1812     1814
      281      222      364      261      262     1811     1999     1807     1808     2002     1997
      282      222      291      364      262     1809     2118     1811     1808     2001     2002
      283       76      261      364      263      898     1999      901      899     1998     2008
      284      222      291      295      364     1809     2116     1810     1811     2118     2133
      285      261      364      263      262     1999     2008     1998     1997     2002     2000
      286      262      263      291      364     2000     2004     2001     2002     2008     2118
      287      263      291      364      295     2004     2118     2008     2005     2116     2133
      288      176      363      227      226     1578     1841     1573     1572     1833     1827
      289      226      239      363      227     1828     1905     1833     1827     1837     1841
      290      227      239      363      238     1837     1905     1841     1836     1898     1901
      291      160      363      239      238     1434     1905     1432     1431     1901     1898
      292      166      238      227      363     1487     1836     1485     1489     1901     1841
      293      265      293      362      303     2017     2125     2023     2021     2123     2148
      294      265      362      267      303     2023     2034     2016     2021     2148     2033
      295      264      299      267      362     2013     2032     2009     2014     2140     2034
      296      267      299      303      362     2032     2139     2033     2034     2140     2148
      297      175      265      362      267     1564     2023     1570     1565     2016     2034
      298      175      362      265      293     1570     2023     1564     1566     2125     2017
      299      294      299      362      303     2128     2140     2130     2129     2139     2148
      300      264      299      362      294     2013     2140     2014     2010     2128     2130
      301      175      362      227      228     1570     1840     1562     1563     1847     1835
      302      227      362      294      228     1840     2130     1839     1835     1847     1845
      303      174      362      175      228     1560     1570     1551     1552     1847     1563
      304      174      294      362      228     1555     2130     1560     1552     1845     1847
      305      174      175      362      267     1551     1570     1560     1554     1565     2034
      306      174      362      264      267     1560     2014     1553     1554     2034     2009
      307      293      303      294      362     2123     2129     2121     2125     2148     2130
      308      175      362      293      227     1570     2125     1566     1562     1840     1838
      309      227      293      294      362     1838     2121     1839     1840     2125     2130
      310      174      264      362      294     1553     2014     1560     1555     2010     2130
      311      147      179      361      234     1320     1610     1326     1322     1602     1882
      312      243      361      258      274     1925     1992     1922     1923     2077     1991
      313      243      258      361      257     1922     1992     1925     1921     1987     1989
      314      243      361      244      257     1925     1929     1920     1921     1989     1927
      315      243      361      275      244     1925     2081     1924     1920     1929     1928
      316      147      361      179      257     1326     1610     1320     1325     1989     1604
      317      179      361      234      275     1610     1882     1602     1606     2081     1879
      318      234      361      244      275     1882     1929     1878     1879     2081     1928
      319      243      274      275      361     1923     2074     1924     1925     2077     2081
      320      258      361      268      274     1992     2041     1990     1991     2077     2036
      321      257      268      258      361     1988     1990     1987     1989     2041     1992
      322      268      274      361      275     2036     2077     2041     2037     2074     2081
      323      179      275      268      361     1606     2037     1605     1610     2081     2041
      324      179      268      257      361     1605     1988     1604     1610     2041     1989
      325      269      288      360      270     2049     2111     2051     2042     2058     2060
      326      183      269      360      270     1641     2051     1647     1642     2042     2060
      327      183      360      184      270     1647     1658     1639     1642     2060     1651
      328      184      360      277      270     1658     2090     1653     1651     2060     2053
      329      182      183      269      360     1631     1641     1633     1638     1647     2051
      330      270      277      288      360     2053     2088     2058     2060     2090     2111
      331      183      184      360      238     1639     1658     1647     1640     1649     1900
      332      184      277      360      238     1653     2090     1658     1649     1899     1900
      333      158      183      182      360     1411     1631     1410     1417     1647     1638
      334      269      360      288      276     2051     2111     2049     2044     2086     2084
      335      182      360      269      276     1638     2051     1633     1634     2086     2044
      336      158      360      237      238     1417     1897     1413     1414     1900     1893
      337      158      182      237      360     1410     1632     1413     1417     1638     1897
      338      276      288      277      360     2084     2088     2082     2086     2111     2090
      339      237      360      277      238     1897     2090     1895     1893     1900     1899
      340      237      277      360      276     1895     2090     1897     1894     2082     2086
      341      182      237      360      276     1632     1897     1638     1634     1894     2086
      342      167      168      174      359     1491     1501     1492     1497     1505     1559
      343      167      174      228      359     1492     1552     1493     1497     1559     1846
      344      173      174      359      228     1540     1559     1550     1541     1552     1846
      345      168      173      174      359     1500     1540     1501     1505     1550     1559
      346      158      359      168      167     1416     1505     1409     1408     1497     1491
      347      158      228      359      167     1412     1846     1416     1408     1493     1497
      348      173      359      229      228     1550     1854     1542     1541     1846     1842
      349      168      173      359      229     1500     1550     1505     1502     1542     1854
      350      157      359      236      358     1405     1892     1398     1404     2263     1891
      351      157      359      237      236     1405     1896     1399     1398     1892     1887
      352      229      236      359      358     1849     1892     1854     1853     1891     2263
      353      229      237      359      236     1850     1896     1854     1849     1887     1892
      354      157      168      359      358     1394     1505     1405     1404     1504     2263
      355      168      229      359      358     1502     1854     1505     1504     1853     2263
      356      158      228      237      359     1412     1843     1413     1416     1846     1896
      357      228      229      237      359     1842     1850     1843     1846     1854     1896
      358      157      168      158      359     1394     1409     1393     1405     1505     1416
      359      157      359      158      237     1405     1416     1393     1399     1896     1413
      360      230      235      358      356     1856     1886     1862     1861     1885     2262
      361      169      230      358      356     1510     1862     1514     1513     1861     2262
      362      155      356      358      235     1382     2262     1383     1380     1885     1886
      363      155      169      358      356     1376     1514     1383     1382     1513     2262
      364      168      358      169      229     1504     1514     1498     1502     1853     1509
      365      157      358      169      168     1404     1514     1395     1394     1504     1498
      366      229      236      358      230     1849     1891     1853     1848     1857     1862
      367      169      229      358      230     1509     1853     1514     1510     1848     1862
      368      230      235      236      358     1856     1883     1857     1862     1886     1891
      369      180      235      358      236     1612     1886     1620     1613     1883     1891
      370      156      358      180      235     1392     1620     1386     1388     1886     1612
      371      155      358      156      235     1383     1392     1375     1380     1886     1388
      372      155      358      169      156     1383     1514     1376     1375     1392     1385
      373      180      358      181      236     1620     1630     1611     1613     1891     1622
      374      156      181      180      358     1387     1611     1386     1392     1630     1620
      375      157      181      358      236     1396     1630     1404     1398     1622     1891
      376      156      181      358      157     1387     1630     1392     1384     1396     1404
      377      156      169      157      358     1385     1395     1384     1392     1514     1404
      378      180      357      268      275     1619     2040     1614     1616     2080     2037
      379      180      272      268      357     1615     2035     1614     1619     2069     2040
      380      180      181      357      236     1611     1629     1619     1613     1622     1890
      381      180      181      272      357     1611     1625     1615     1619     1629     2069
      382      268      272      287      357     2035     2068     2039     2040     2069     2109
      383      268      287      275      357     2039     2079     2037     2040     2109     2080
      384      236      276      357      275     1889     2085     1890     1888     2078     2080
      385      181      276      357      236     1626     2085     1629     1622     1889     1890
      386      275      276      357      287     2078     2085     2080     2079     2083     2109
      387      269      272      357      287     2043     2069     2050     2048     2068     2109
      388      181      272      357      269     1625     2069     1629     1624     2043     2050
      389      181      269      357      276     1624     2050     1629     1626     2044     2085
      390      155      180      235      156     1379     1612     1380     1375     1386     1388
      391      155      235      180      179     1380     1612     1379     1378     1603     1601
      392      179      275      234      235     1606     1879     1602     1603     1884     1877
      393      169      170      171      230     1506     1515     1507     1510     1516     1523
      394      170      230      231      171     1516     1855     1517     1515     1523     1524
      395      309      312      323      311     2172     2186     2174     2171     2180     2182
      396      306      309      323      311     2153     2174     2158     2154     2171     2182
      397      311      312      323      322     2180     2186     2182     2181     2185     2212
      398      157      309      312      323     1400     2172     1401     1403     2174     2186
      399      306      323      322      311     2158     2212     2157     2154     2182     2181
      400      306      309      317      323     2153     2173     2156     2158     2174     2200
      401      307      322      312      311     2164     2185     2161     2160     2181     2180
      402      312      318      323      322     2184     2204     2186     2185     2203     2212
      403      156      323      309      157     1391     2174     1389     1384     1403     1400
      404      157      312      318      323     1401     2184     1402     1403     2186     2204
      405      157      312      309      181     1401     2172     1400     1396     1628     1627
      406      306      323      317      316     2158     2200     2156     2155     2199     2197
      407      156      309      323      317     1389     2174     1391     1390     2173     2200
      408      173      307      311      322     1547     2160     1548     1549     2164     2181
      409      312      322      314      318     2185     2194     2183     2184     2203     2191
      410      156      309      181      157     1389     1627     1387     1384     1400     1396
      411      157      182      318      312     1397     1637     1402     1401     1636     2184
      412      157      312      181      182     1401     1628     1396     1397     1636     1621
      413      172      311      322      173     1537     2181     1539     1531     1548     1549
      414      156      180      309      317     1386     1617     1389     1390     1618     2173
      415      173      322      174      307     1549     1558     1540     1547     2164     1556
      416      307      322      321      314     2164     2209     2163     2162     2194     2193
      417      310      314      318      312     2177     2191     2178     2175     2183     2184
      418      314      318      322      321     2191     2203     2194     2193     2202     2209
      419      156      309      180      181     1389     1617     1386     1387     1627     1611
      420      182      310      318      312     1635     2178     1637     1636     2175     2184
      421      157      318      182      158     1402     1637     1397     1393     1415     1410
      422      157      181      237      182     1396     1623     1399     1397     1621     1632
      423      168      172      322      173     1499     1539     1503     1500     1531     1549
      424      171      306      316      172     1528     2155     1529     1521     1536     1538
      425      179      317      309      180     1608     2173     1607     1601     1618     1617
      426      155      317      180      156     1381     1618     1379     1375     1390     1386
      427      167      174      322      307     1492     1558     1496     1494     1556     2164
      428      168      322      174      173     1503     1558     1501     1500     1549     1540
      429      307      321      308      314     2163     2169     2159     2162     2193     2166
      430      310      319      318      314     2179     2201     2178     2177     2192     2191
      431      314      319      318      321     2192     2201     2191     2193     2205     2202
      432      157      237      181      236     1399     1623     1396     1398     1887     1622
      433      157      237      158      182     1399     1413     1393     1397     1632     1410
      434      181      276      237      182     1626     1894     1623     1621     1634     1632
      435      168      229      172      173     1502     1532     1499     1500     1542     1531
      436      169      171      316      172     1507     1529     1511     1508     1521     1538
      437      150      316      171      306     1347     1529     1345     1346     2155     1528
      438      150      153      154      316     1343     1367     1344     1347     1370     1374
      439      155      180      317      179     1379     1618     1381     1378     1601     1608
      440      167      307      321      174     1494     2163     1495     1492     1556     1557
      441      167      322      174      168     1496     1558     1492     1491     1503     1501
      442      308      313      314      321     2165     2187     2166     2169     2189     2193
      443      175      307      321      308     1567     2163     1569     1568     2159     2169
      444      159      318      310      319     1423     2178     1422     1424     2201     2179
      445      310      313      319      314     2176     2188     2179     2177     2187     2192
      446      313      319      314      321     2188     2192     2187     2189     2205     2193
      447      181      237      276      236     1623     1894     1626     1622     1887     1889
      448      181      269      276      182     1624     2044     1626     1621     1633     1634
      449      172      173      229      298     1531     1542     1532     1535     1546     1852
      450      168      172      229      169     1499     1532     1502     1498     1508     1509
      451      169      171      172      230     1507     1521     1508     1510     1523     1533
      452      169      316      171      170     1511     1529     1507     1506     1518     1515
      453      150      171      316      154     1345     1529     1347     1344     1373     1374
      454      147      149      179      153     1317     1338     1320     1319     1337     1368
      455      173      174      228      294     1540     1552     1541     1545     1555     1845
      456      308      313      321      324     2165     2189     2169     2170     2190     2210
      457      175      176      308      321     1561     1576     1568     1569     1577     2169
      458      159      310      183      319     1422     1643     1420     1424     2179     1646
      459      183      310      313      319     1643     2176     1644     1646     2179     2188
      460      313      321      324      319     2189     2210     2190     2188     2205     2206
      461      158      238      237      228     1414     1893     1413     1412     1844     1843
      462      173      294      228      229     1545     1845     1541     1542     1851     1842
      463      172      173      298      263     1531     1546     1535     1534     1543     2007
      464      172      298      229      230     1535     1852     1532     1533     1860     1848
      465      173      229      298      294     1542     1852     1546     1545     1851     2127
      466      169      229      230      172     1509     1848     1510     1508     1532     1533
      467      171      172      230      263     1521     1533     1523     1526     1534     1858
      468      154      171      316      170     1373     1529     1374     1372     1515     1518
      469      150      151      171      154     1342     1351     1345     1344     1349     1373
      470      179      180      275      235     1601     1616     1606     1603     1612     1884
      471      147      153      179      152     1319     1368     1320     1318     1355     1358
      472      166      174      321      175     1482     1557     1488     1483     1551     1569
      473      166      167      174      228     1481     1492     1482     1486     1493     1552
      474      173      174      294      264     1540     1555     1545     1544     1553     2010
      475      305      308      324      313     2149     2170     2152     2150     2165     2190
      476      166      176      175      321     1484     1561     1483     1488     1577     1569
      477      165      308      176      321     1474     1576     1472     1476     2169     1577
      478      159      183      160      319     1420     1429     1418     1424     1646     1433
      479      183      313      184      319     1644     1656     1639     1646     2188     1657
      480      161      319      313      324     1447     2188     1445     1448     2206     2190
      481      158      238      228      166     1414     1844     1412     1407     1487     1486
      482      172      230      263      298     1533     1858     1534     1535     1860     2007
      483      173      263      264      298     1543     2003     1544     1546     2007     2012
      484      173      294      298      264     1545     2127     1546     1544     2010     2012
      485      171      263      230      291     1526     1858     1523     1527     2004     1859
      486      151      171      154      170     1351     1373     1349     1350     1515     1372
      487      148      171      150      151     1329     1345     1327     1328     1351     1342
      488      179      275      180      268     1606     1616     1601     1605     2037     1614
      489      147      152      179      234     1318     1358     1320     1322     1361     1602
      490      166      174      175      228     1482     1551     1483     1486     1552     1563
      491      158      167      166      228     1408     1481     1407     1412     1493     1486
      492      161      313      305      324     1445     2150     1444     1448     2190     2152
      493      165      176      308      177     1472     1576     1474     1473     1571     1589
      494      159      238      160      183     1421     1431     1418     1420     1640     1429
      495      160      319      183      184     1433     1646     1429     1430     1657     1639
      496      161      313      319      184     1445     2188     1447     1440     1656     1657
      497      158      238      166      159     1414     1487     1407     1406     1421     1419
      498      166      238      228      227     1487     1844     1486     1485     1836     1835
      499      269      288      283      287     2049     2103     2046     2048     2108     2102
      500      269      283      272      287     2046     2066     2043     2048     2102     2068
      501      230      263      298      291     1858     2007     1860     1859     2004     2117
      502      263      264      298      296     2003     2012     2007     2006     2011     2134
      503      264      298      296      294     2012     2134     2011     2010     2127     2126
      504      171      291      230      231     1527     1859     1523     1524     1866     1855
      505      171      262      263      291     1525     2000     1526     1527     2001     2004
      506      147      234      232      152     1322     1870     1321     1318     1361     1359
      507      166      228      175      227     1486     1563     1483     1485     1835     1562
      508      161      305      315      324     1444     2151     1446     1448     2152     2196
      509      175      176      227      293     1561     1573     1562     1566     1575     1838
      510      160      183      238      184     1429     1640     1431     1430     1639     1649
      511      160      161      319      184     1425     1447     1433     1430     1440     1657
      512      268      274      275      287     2036     2074     2037     2039     2076     2079
      513      268      272      284      287     2035     2067     2038     2039     2068     2104
      514      184      238      239      277     1649     1898     1650     1653     1899     1903
      515      270      288      277      289     2058     2088     2053     2059     2110     2089
      516      269      286      288      270     2047     2106     2049     2042     2057     2058
      517      269      288      279      283     2049     2094     2045     2046     2103     2092
      518      272      287      283      284     2068     2102     2066     2067     2104     2101
      519      263      295      298      291     2005     2132     2007     2004     2116     2117
      520      263      298      295      296     2007     2132     2005     2006     2134     2131
      521       78      263      296      264      917     2006      920      918     2003     2011
      522      264      296      299      294     2011     2135     2013     2010     2126     2128
      523      171      231      221      291     1524     1802     1522     1527     1866     1805
      524      171      221      262      291     1522     1804     1525     1527     1805     2001
      525      147      232      256      152     1321     1872     1324     1318     1359     1362
      526      152      233      234      232     1360     1873     1361     1359     1869     1870
      527      161      315      305      185     1446     2151     1444     1441     1666     1665
      528      161      305      184      185     1444     1655     1440     1441     1665     1648
      529      175      176      293      265     1561     1575     1566     1564     1574     2017
      530      176      227      293      226     1573     1838     1575     1572     1827     1831
      531      176      177      226      293     1571     1583     1572     1575     1587     1831
      532      160      239      184      238     1432     1650     1430     1431     1898     1649
      533      160      184      239      161     1430     1650     1432     1425     1440     1442
      534      268      284      274      287     2038     2075     2036     2039     2104     2076
      535      248      284      268      272     1945     2038     1942     1943     2067     2035
      536      184      277      282      270     1653     2087     1654     1651     2053     2055
      537      184      239      282      277     1650     1904     1654     1653     1903     2087
      538      270      277      282      289     2053     2087     2055     2059     2089     2100
      539      270      286      288      289     2057     2106     2058     2059     2107     2110
      540      250      286      269      270     1958     2047     1955     1956     2057     2042
      541      269      279      288      286     2045     2094     2049     2047     2093     2106
      542      248      272      283      284     1943     2066     1944     1945     2067     2101
      543       78      263      295      296      917     2005      919      920     2006     2131
      544       78      264      296       79      918     2011      920      911      927      929
      545       79      299      264      296      930     2013      927      929     2135     2011
      546      221      222      262      291     1801     1808     1804     1805     1809     2001
      547      152      256      233      232     1362     1874     1360     1359     1872     1869
      548      142      305      143      315     1290     1296     1287     1291     2151     1298
      549      164      178      177      320     1468     1581     1467     1469     1597     1590
      550      185      305      186      315     1665     1673     1659     1666     2151     1674
      551      161      185      162      315     1441     1452     1437     1446     1666     1456
      552      161      185      184      239     1441     1648     1440     1442     1660     1650
      553      176      177      293      265     1571     1587     1575     1574     1584     2017
      554      177      293      302      226     1587     2122     1588     1583     1831     1832
      555      184      282      271      270     1654     2064     1652     1651     2055     2052
      556      184      185      282      239     1648     1664     1654     1650     1660     1904
      557      270      282      285      289     2055     2099     2056     2059     2100     2105
      558      270      281      286      289     2054     2097     2057     2059     2098     2107
      559      250      251      286      270     1954     1963     1958     1956     1961     2057
      560      250      279      269      286     1957     2045     1955     1958     2093     2047
      561       69      248      283      284      858     1944      859      860     1945     2101
      562      248      283      272      249     1944     2066     1943     1941     1952     1950
      563      249      250      279      269     1948     1957     1951     1949     1955     2045
      564       68      249      279      283      851     1951      852      853     1952     2092
      565       78      212      296      295      914     1766      920      919     1765     2131
      566       77       78      263      295      903      917      907      908      919     2005
      567       78      296      214       79      920     1773      916      911      929      926
      568       79      296      214      299      929     1773      926      930     2135     1774
      569       79      264      299      267      927     2013      930      928     2009     2032
      570      247      258      268      274     1936     1990     1937     1938     1991     2036
      571      152      256      260      233     1362     1986     1363     1360     1874     1875
      572      142      315      143      146     1291     1298     1287     1288     1316     1293
      573      142      305      315      186     1290     2151     1291     1289     1673     1674
      574      143      145      146      315     1292     1310     1293     1298     1311     1316
      575      163      178      164      320     1460     1468     1459     1462     1597     1469
      576      162      315      185      186     1456     1666     1452     1453     1674     1659
      577      161      240      162      185     1443     1454     1437     1441     1661     1452
      578      161      185      239      240     1441     1660     1442     1443     1661     1902
      579      177      265      302      293     1584     2020     1588     1587     2017     2122
      580      270      285      282      271     2056     2099     2055     2052     2065     2064
      581      184      282      185      271     1654     1664     1648     1652     2064     1662
      582      185      282      239      240     1664     1904     1660     1661     1909     1902
      583      270      285      281      289     2056     2096     2054     2059     2105     2098
      584      251      281      286      270     1962     2097     1963     1961     2054     2057
      585       66      286      250      251      840     1958      837      838     1963     1954
      586       67      286      279      250      847     2093      846      845     1958     1957
      587       69      247      248      284      857     1935      858      860     1939     1945
      588       68      248      283       69      850     1944      853      849      858      859
      589       68      248      249      283      850     1941      851      853     1944     1952
      590       67      279      249      250      846     1951      844      845     1957     1948
      591       67      249      279       68      844     1951      846      843      851      852
      592       78      296      212      213      920     1766      914      915     1770     1764
      593       77      212       78      295      906      914      903      908     1765      919
      594       78      214      296      213      916     1773      920      915     1769     1770
      595      267      299      297      303     2032     2136     2031     2033     2139     2138
      596       79      214       80      299      926      934      922      930     1774      940
      597       79      299       80      267      930      940      922      928     2032      938
      598      242      243      258      274     1915     1922     1918     1919     1923     1991
      599      242      258      247      274     1918     1936     1917     1919     1991     1938
      600      265      303      267      297     2021     2033     2016     2018     2138     2031
      601      265      304      293      303     2022     2124     2017     2021     2147     2123
      602      142      186      315      146     1289     1674     1291     1288     1315     1316
      603      177      178      225      292     1581     1594     1582     1586     1596     1824
      604      146      186      315      162     1315     1674     1316     1314     1453     1456
      605      162      185      240      186     1452     1661     1454     1453     1659     1668
      606      265      302      293      304     2020     2122     2017     2022     2146     2124
      607      177      302      265      266     1588     2020     1584     1585     2028     2015
      608       70      274      247      284      866     1938      865      867     2075     1939
      609      271      285      282      273     2065     2099     2064     2061     2073     2072
      610      252      271      285      270     1968     2065     1970     1967     2052     2056
      611      185      271      282      278     1662     2064     1664     1663     2062     2091
      612      185      278      282      240     1663     2091     1664     1661     1908     1909
      613      252      270      285      281     1967     2056     1970     1969     2054     2096
      614      251      270      252      281     1961     1967     1960     1962     2054     1969
      615       66      286      251      281      840     1963      838      839     2097     1962
      616       66      286       67      250      840      847      836      837     1958      845
      617       69       70      247      284      856      865      857      860      867     1939
      618       76      295      212       77      900     1765      897      893      908      906
      619       80      267      299      297      938     2032      940      939     2031     2136
      620       80      299      214      215      940     1774      934      935     1778     1772
      621      242      258      245      247     1918     1932     1916     1917     1936     1931
      622       70      242      247      274      862     1917      865      866     1919     1938
      623       80      297      265      267      939     2018      937      938     2031     2016
      624      265      300      303      297     2019     2142     2021     2018     2137     2138
      625      265      300      304      303     2019     2143     2022     2021     2142     2147
      626      141      142      146      186     1275     1288     1277     1278     1289     1315
      627      139      143      178      140     1254     1295     1255     1253     1262     1266
      628      177      178      292      266     1581     1596     1586     1585     1595     2025
      629      144      186      146      162     1304     1315     1301     1302     1453     1314
      630      185      240      186      278     1661     1668     1659     1663     1908     1672
      631      162      241      186      240     1455     1669     1453     1454     1907     1668
      632      265      266      302      304     2015     2028     2020     2022     2029     2146
      633      177      302      266      292     1588     2028     1585     1586     2119     2025
      634      271      280      285      273     2063     2095     2065     2061     2071     2073
      635      271      282      278      273     2064     2091     2062     2061     2072     2070
      636      252      285      271      253     1970     2065     1968     1966     1975     1973
      637      185      278      186      271     1663     1672     1659     1662     2062     1670
      638       65      285      281      252      834     2096      833      832     1970     1969
      639       65      252      281      251      832     1969      833      831     1960     1962
      640       65      281       66      251      833      839      830      831     1962      838
      641       76      212      295      211      897     1765      900      896     1759     1761
      642       80      299      215      297      940     1778      935      939     2136     1777
      643       70      245      247      242      863     1931      865      862     1916     1917
      644       80       81      265      297      932      949      937      939      951     2018
      645       81      300      265      297      952     2019      949      951     2137     2018
      646      265      266      304      300     2015     2029     2022     2019     2026     2143
      647      141      146      144      186     1277     1301     1276     1278     1315     1304
      648      186      278      240      241     1672     1908     1668     1669     1912     1907
      649      266      301      302      304     2027     2144     2028     2029     2145     2146
      650      266      292      302      290     2025     2119     2028     2024     2112     2114
      651      254      280      271      273     1981     2063     1979     1980     2071     2061
      652      253      285      271      280     1975     2065     1973     1974     2095     2063
      653       64      253      285      252      825     1975      827      824     1966     1970
      654       64      285       65      252      827      834      823      824     1970      832
      655       73       74       76      209      876      882      877      878      884      895
      656       74      211       76      209      886      896      882      884     1754      895
      657       40      338       89       90      650     1008      646      647     1014     1005
      658       80      216      297      215      936     1782      939      935     1776     1777
      659       59      245       70      242      795      863      793      794     1916      862
      660       70      245      246      247      863     1930      864      865     1931     1933
      661       80      216       81      297      936      947      932      939     1782      951
      662       81      216      300      297      947     1783      952      951     1782     2137
      663       81      266      265      300      950     2015      949      952     2026     2019
      664      266      304      300      301     2029     2143     2026     2027     2145     2141
      665      186      199      278      241     1667     1724     1672     1669     1722     1912
      666      266      290      302      301     2024     2114     2028     2027     2113     2144
      667      197      271      273      254     1715     2061     1716     1714     1979     1980
      668      201      254      273      280     1728     1980     1730     1731     1981     2071
      669      253      280      271      254     1974     2063     1973     1972     1981     1979
      670       64      285      253      280      827     1975      825      826     2095     1974
      671       51      326      134      133      732     1223      731      730     1217     1215
      672       48      325      131      130      704     1203      703      702     1198     1194
      673       50      132      131      331      720     1201      719      724     1213     1204
      674       49       50      131      331      708      719      711      714      724     1204
      675       48      131      325       49      703     1203      704      698      711      712
      676       50      326      133      132      722     1217      721      720     1212     1207
      677       74      209      210      211      884     1753      885      886     1754     1757
      678       41       88       89      340      654      998      655      659     1002     1009
      679       40       89      338       41      646     1008      650      645      655      658
      680       42      337       87       88      667      996      663      664     1001      991
      681       39       90      343       40      637     1015      642      636      647      651
      682       40      343      338       90      651     2236      650      647     1015     1014
      683       89      338      103       90     1008     1073     1007     1005     1014     1012
      684       39       90       91      343      637     1011      638      642     1015     1021
      685       59      246       70      245      796      864      793      795     1930      863
      686       81      300      216      217      952     1783      947      948     1786     1781
      687      141      199      186      241     1282     1667     1278     1283     1722     1669
      688      139      203      191      140     1258     1688     1256     1253     1269     1267
      689      197      201      254      273     1713     1728     1714     1716     1730     1980
      690       63      254      201      280      818     1728      816      820     1981     1731
      691       63      253      254      280      817     1972      818      820     1974     1981
      692       63       64      253      280      815      825      817      820      826     1974
      693       51      335       52      134      734      742      727      731     1225      739
      694       50      133      326       51      721     1217      722      716      730      732
      695       51      134      326      335      731     1223      732      734     1225     2220
      696       52      134      328       53      739     1224      740      736      748      750
      697       60      130      246      126      799     1195      800      798     1182     1183
      698       59       70      246       60      793      864      796      792      797      800
      699       44       60      130       48      678      799      680      677      699      702
      700       50      326      132      331      722     1212      720      724     2219     1213
      701      131      331      132      325     1204     1213     1201     1203     2215     1211
      702       49      131      325      331      711     1203      712      714     1204     2215
      703       48      325      330       49      704     2214      705      698      712      713
      704       41       88      340       42      654     1002      659      653      664      668
      705       41       89      338      340      655     1008      658      659     1009     2235
      706       88      102       89      340     1000     1006      998     1002     1069     1009
      707       42      337       43       87      667      674      662      663      996      671
      708       42      340      337       88      668     2234      667      664     1002     1001
      709       87      337      101       88      996     1063      994      991     1001      999
      710       90      343      338      103     1015     2236     1014     1012     1074     1073
      711       89      102      103      338     1006     1067     1007     1008     1068     1073
      712       39       91      341      343      638     1020      641      642     1021     2239
      713       90       91      343      104     1011     1021     1015     1013     1018     1078
      714       38       39       91      341      627      638      628      632      641     1020
      715       81      300      217       82      952     1786      948      943      958      956
      716      141      194      198      144     1279     1702     1281     1276     1305     1307
      717      141      241      198      199     1283     1719     1281     1282     1722     1717
      718      140      203      191      204     1269     1688     1267     1270     1733     1689
      719      139      191      203      208     1256     1688     1258     1259     1690     1734
      720      139      192      191      208     1257     1686     1256     1259     1694     1690
      721      144      204      194      198     1308     1704     1305     1307     1718     1702
      722       83      192      266      290      966     1695      972      973     1696     2024
      723      192      207      290      206     1693     1747     1696     1692     1742     1745
      724      197      201      273      200     1713     1730     1716     1712     1725     1726
      725      196      254      197      201     1709     1714     1706     1707     1728     1713
      726       63      255      201      254      819     1729      816      818     1978     1728
      727       53      134      328      135      748     1224      750      749     1219     1230
      728       52      335      328      134      742     2224      740      739     1225     1224
      729       50      326      329       51      722     2218      723      716      732      733
      730       51      326      329      335      732     2218      733      734     2220     2227
      731      134      328      326      335     1224     2217     1223     1225     2224     2220
      732       52       53      328      334      736      750      740      741      751     2223
      733       44      126      130       60      679     1182      680      678      798      799
      734      132      326      325      331     1212     2213     1211     1213     2219     2215
      735       50      329      326      331      723     2218      722      724     2226     2219
      736       49      331      325      330      714     2215      712      713     2228     2214
      737       72       87       74      210      873      883      872      875      995      885
      738       89      340      102      338     1009     1069     1006     1008     2235     1068
      739       88      101      102      340      999     1062     1000     1002     1064     1069
      740       30       87       43      337      579      671      577      582      996      674
      741       88      337      101      340     1001     1063      999     1002     2234     1064
      742       87      101      337      100      994     1063      996      993     1057     1059
      743       90      343      103      104     1015     1074     1012     1013     1078     1072
      744       23      338      343      103      528     2236      529      527     1073     1074
      745       22      338      103      102      520     1073      519      518     1068     1067
      746       91      343      104      341     1021     1078     1018     1020     2239     1077
      747       38       91       92      341      628     1017      629      632     1020     1027
      748       82      300      217      301      958     1786      956      959     2141     1787
      749      141      198      194      199     1281     1702     1279     1282     1717     1703
      750      140      191      195      204     1267     1687     1268     1270     1689     1705
      751      144      195      194      204     1306     1700     1305     1308     1705     1704
      752       83      290      301      218      973     2113      974      970     1791     1792
      753       82      301      217       83      959     1787      956      954      974      969
      754       83      192      290      206      966     1696      973      968     1692     1745
      755      197      199      200      273     1711     1721     1712     1716     1723     1726
      756      196      255      254      201     1710     1978     1709     1707     1729     1728
      757      141      197      199      194     1280     1711     1282     1279     1701     1703
      758       62      255      201       63      813     1729      811      809      819      816
      759       54      135      336      136      757     1231      760      758     1228     1239
      760       53      135      336       54      749     1231      752      745      757      760
      761       53      328      336      135      750     2225      752      749     1230     1231
      762       52      328      335      334      740     2224      742      741     2223     2232
      763      120      335      329      326     1146     2227     1145     1143     2220     2218
      764      120      326      328      335     1143     2217     1144     1146     2220     2224
      765       53      336      328      334      752     2225      750      751     2233     2223
      766      119      325      326      331     1134     2213     1135     1137     2215     2219
      767      119      329      331      326     1136     2226     1137     1135     2218     2219
      768       14      325      331      330      467     2215      469      468     2214     2228
      769       43       87       72      210      671      873      670      672      995      875
      770       22      102      340      338      518     1069      521      520     1068     2235
      771       22      101      340      102      517     1064      521      518     1062     1069
      772       30       87      337      100      579      996      582      581      993     1059
      773       30       72       43       87      578      670      577      579      873      671
      774       21      101      337      340      510     1063      511      512     1064     2234
      775       20      101      100      337      504     1057      503      506     1063     1059
      776       24      103      343      104      533     1074      536      534     1072     1078
      777       23      343       24      103      529      536      526      527     1074      533
      778       22      103      338       23      519     1073      520      516      527      528
      779       22      103      347      102      519     1075      522      518     1067     1070
      780       91      104      105      341     1018     1076     1019     1020     1077     1082
      781       24      343      341      104      536     2239      535      534     1078     1077
      782       37       38       92      342      619      629      620      624      633     1028
      783       38       92      344      341      629     1029      634      632     1027     2240
      784       91      105       92      341     1019     1025     1017     1020     1082     1027
      785       83      290      218      206      973     1791      970      968     1745     1743
      786       83      301      217      218      974     1787      969      970     1792     1785
      787       83      193      192      206      967     1691      966      968     1699     1692
      788      196      255      201      202     1710     1729     1707     1708     1732     1727
      789       62      201      255      202      811     1729      813      812     1727     1732
      790       54      336      333      136      760     2231      759      758     1239     1238
      791      135      136      328      336     1228     1237     1230     1231     1239     2225
      792       54      333       55      136      759      770      754      758     1238      765
      793      119      120      329      326     1133     1145     1136     1135     1143     2218
      794       12      335      329      120      455     2227      454      453     1146     1145
      795       10      328      336      334      438     2225      440      439     2223     2233
      796       14      331      325      119      469     2215      467      466     1137     1134
      797       13      329      331      119      459     2226      460      458     1136     1137
      798       29       43       72      210      573      670      574      575      672      875
      799       22      348      101      102      523     1065      517      518     1071     1062
      800       21      340       22      101      512      521      509      510     1064      517
      801       30       31      100      337      576      585      581      582      586     1059
      802       30      100       97       87      581     1052      580      579      993      992
      803       30       72       87       97      578      873      579      580      874      992
      804       29       43       30       72      573      577      572      574      670      578
      805       20       21      101      337      500      510      504      506      511     1063
      806       20      100       31      337      503      585      501      506     1059      586
      807       24      347      103      104      538     1075      533      534     1080     1072
      808       23      103       24      347      527      533      526      530     1075      538
      809       22      347      103       23      522     1075      519      516      530      527
      810       22      347      348      102      522     2249      523      518     1070     1071
      811       25      104      341      105      542     1077      545      543     1076     1082
      812       24      341       25      104      535      545      532      534     1077      542
      813       38      342      344       92      633     2241      634      629     1028     1029
      814       37      342       92       93      624     1028      620      621     1034     1024
      815       92      105      344      341     1025     1083     1029     1027     1082     2240
      816       83      218      219      206      970     1790      971      968     1743     1744
      817       83       84      193      206      962      979      967      968      981     1699
      818      189      255      196      202     1683     1710     1681     1682     1732     1708
      819       61       62      255      202      802      813      807      806      812     1732
      820       55      138      137      327      767     1242      766      768     1251     1245
      821      123      333      336      136     1165     2231     1166     1162     1238     1239
      822      123      336      328      136     1166     2225     1164     1162     1239     1237
      823       12      329      119      120      454     1136      452      453     1145     1133
      824       11       12      120      335      443      453      444      448      455     1146
      825       10       11      328      334      435      446      438      439      447     2223
      826       14      119      325      118      466     1134      467      465     1129     1130
      827       13       14      119      331      457      466      458      460      469     1137
      828       12      119      329       13      452     1136      454      451      458      459
      829       21      101       22      348      510      517      509      513     1065      523
      830       30       31       97      100      576      584      580      581      585     1052
      831       20       96       31      100      502      583      501      503     1050      585
      832       24      104      346      347      534     1079      537      538     1080     2246
      833       23      352      347       24      531     2251      530      526      540      538
      834       22      347       23      352      522      530      516      524     2251      531
      835       22      348      347      353      523     2249      522      525     2253     2252
      836       25      346      104      105      548     1079      542      543     1085     1076
      837       25      341      344      105      545     2240      546      543     1082     1083
      838       24      104       25      346      534      542      532      537     1079      548
      839       36       93      342       37      611     1034      617      610      621      624
      840       92      344      105      106     1029     1083     1025     1026     1088     1081
      841       83      219       84      206      971      982      962      968     1744      981
      842       84      193      206      205      979     1699      981      980     1698     1740
      843       61      202      255      189      806     1732      807      804     1682     1683
      844       55      327       56      138      768      778      763      767     1251      777
      845      123      333      136      327     1165     1238     1162     1163     2222     1236
      846        9      336      123      333      433     1166      429      432     2231     1165
      847       10      328       11      121      438      446      435      436     1150      445
      848       12      352      120      119      456     1148      453      452     1140     1133
      849       11      120       12      352      444      453      443      450     1148      456
      850       14       15      353      117      463      476      470      464      474     1127
      851       14      117      118      325      464     1122      465      467     1124     1130
      852       12      352      119       13      456     1140      452      451      461      458
      853       21      348       22      353      513      523      509      514     2253      525
      854       31       96       97      100      583     1049      584      585     1050     1052
      855        1       20       96       31      383      502      385      384      501      583
      856       20       96      100      112      502     1050      503      505     1051     1058
      857       24      351      347      346      539     2250      538      537     2248     2246
      858       24      347      351      352      538     2250      539      540     2251     2258
      859       22      353      347      352      525     2252      522      524     2259     2251
      860       25      344      106      105      546     1088      544      543     1083     1081
      861       24       25      351      346      532      550      539      537      548     2248
      862       36       93       94      342      611     1031      612      617     1034     1041
      863       84      219      205      206      982     1741      980      981     1744     1740
      864       75      193       84      205      891      979      888      892     1698      980
      865       55       56      327      332      763      778      768      769      779     2221
      866      123      124      333      327     1161     1171     1165     1163     1170     2222
      867        9      124      333      123      430     1171      432      429     1161     1165
      868        8      333      327      332      424     2222      422      423     2230     2221
      869       10       11      351      121      435      449      442      436      445     1153
      870       10      122      328      121      437     1156      438      436     1149     1150
      871      119      120      347      352     1133     1147     1138     1140     1148     2251
      872       14      353      118      117      470     1132      465      464     1127     1122
      873       15      110      117      109      473     1104      474      472     1099     1100
      874        1        3       96       20      382      393      385      383      392      502
      875        3       96       20      112      393      502      392      394     1051      505
      876      121      351      346      347     1153     2248     1151     1152     2250     2246
      877       25      106      344       26      544     1088      546      541      552      554
      878       25      346      350      351      548     2247      549      550     2248     2256
      879      106      344      107      342     1088     1093     1086     1087     2241     1092
      880       93      107      342      106     1033     1092     1034     1032     1086     1087
      881       36       94      339      342      612     1040      616      617     1041     2237
      882       93      107       94      342     1033     1038     1031     1034     1092     1041
      883       84       95       86      219      977      987      976      982     1046      990
      884       84      205      219      187      980     1741      982      978     1677     1678
      885       75       84      187      205      888      978      890      892      980     1677
      886       47       57      138       56      693      785      696      692      773      777
      887        8      327      333      124      422     2222      424      421     1170     1171
      888        9      350      124      123      434     1174      430      429     1168     1161
      889        8      333        9      124      424      432      420      421     1171      430
      890        7        8      327      332      412      422      417      418      423     2221
      891       10      351      122      121      442     1160      437      436     1153     1149
      892      117      348      353      118     1126     2253     1127     1122     1131     1132
      893        2      109      110       15      389     1099      390      387      472      473
      894      121      346      351      122     1151     2248     1153     1149     1158     1160
      895       26      344      107      106      554     1093      553      552     1088     1086
      896      107      344      339      342     1093     2238     1091     1092     2241     2237
      897       94      107      339      342     1038     1091     1040     1041     1092     2237
      898       35       94      339       36      604     1040      608      603      612      616
      899       35      188       95      219      606     1045      605      607     1679     1046
      900       35       94       95      339      604     1037      605      608     1040     1047
      901       84       86      187      219      976      988      978      982      990     1678
      902       86       95      188      219      987     1045      989      990     1046     1679
      903       75       84       86      187      888      976      889      890      978      988
      904       47      138       57      128      696      785      693      695     1189      783
      905       57      138      129      128      785     1192      784      783     1189     1188
      906        7      327        8      124      417      422      412      415     1170      421
      907      123      350      124      345     1168     1174     1161     1167     2244     1172
      908        8        9      350      124      420      434      425      421      430     1174
      909        7      327      125      332      417     1177      416      418     2221     1178
      910        2      110        5       15      390      403      386      387      473      402
      911       26      345       27      350      555      561      551      556     2244      563
      912       26      107      345      106      553     1094      555      552     1086     1089
      913       26      107      344       27      553     1093      554      551      558      560
      914       27      107      344      339      558     1093      560      559     1091     2238
      915       94      107      108      339     1038     1090     1039     1040     1091     1097
      916       32       35      188       95      588      606      591      590      605     1045
      917       34       35       95      339      597      605      599      602      608     1047
      918       94      339      108       95     1040     1097     1039     1037     1047     1044
      919       86      188      187      219      989     1676      988      990     1679     1678
      920       85      188       86       95      986      989      983      984     1045      987
      921       57      129      125       58      784     1176      782      781      790      789
      922       57      125      332       58      782     1178      787      781      789      791
      923        7      124        8      354      415      421      412      419     1175      426
      924        7      125      327      124      416     1177      417      415     1169     1170
      925      124      350      354      345     1174     2257     1175     1172     2244     2245
      926        8      124      350      354      421     1174      425      426     1175     2257
      927        7      125       58      332      416      789      414      418     1178      791
      928       27      350      345      354      563     2244      561      564     2257     2245
      929       26      345      107       27      555     1094      553      551      561      558
      930       27       28      107      339      557      566      558      559      569     1091
      931       28      107      339      108      566     1091      569      567     1090     1097
      932       32       34       35       95      587      597      588      590      599      605
      933       32       95      188       85      590     1045      591      589      984      986
      934       34      108      339       95      601     1097      602      599     1044     1047
      935       58      129      125      113      790     1176      789      788     1115     1114
      936        7      125      124      354      416     1169      415      419     1180     1175
      937      124      354      349      345     1175     2255     1173     1172     2245     2243
      938        6        7      125       58      407      416      411      409      414      789
      939       27      345      349      354      561     2243      562      564     2245     2255
      940       27      345      107      349      561     1094      558      562     2243     1095
      941       27      349      107       28      562     1095      558      557      570      566
      942       28      339       33      108      569      596      565      567     1097      595
      943       28      349      107      108      570     1095      566      567     1098     1090
      944       32       34       95       85      587      599      590      589      598      984
      945       34       99      108       95      600     1056      601      599     1043     1044
      946       33      339       34      108      596      602      592      595     1097      601
      947        6       58      125      113      409      789      411      410      788     1114
      948        7      354       19      125      419      499      413      416     1180      497
      949      124      125      349      354     1169     1179     1173     1175     1180     2255
      950        6        7       19      125      407      413      408      411      416      497
      951       27       28      354      349      557      571      564      562      570     2255
      952       16       33      108       28      480      595      482      479      565      567
      953       28      108      116      349      567     1096      568      570     1098     1121
      954       34       85       99       95      598      985      600      599      984     1043
      955       33       34       99      108      592      600      594      595      601     1056
      956        6      125       19      113      411      497      408      410     1114      495
      957       19      349      125      354      498     1179      497      499     2255     1180
      958       17      354       28      349      489      571      485      488     2255      570
      959       16      116       28      108      483      568      479      482     1096      567
      960       16       98      108       33      481     1054      482      480      593      595
      961       17       28      116      349      485      568      487      488      570     1121
      962       33       99       98      108      594     1053      593      595     1056     1054
      963       19      113      125      114      495     1114      497      496     1113     1117
      964       18      349       19      354      493      498      490      494     2255      499
      965       19      125      349      114      497     1179      498      496     1117     1118
      966       17      349       18      354      488      493      484      489     2255      494
      967       16       98      116      108      481     1055      483      482     1054     1096
      968       16       28      116       17      479      568      483      478      485      487
      969       17      116      115      349      487     1119      486      488     1121     1120
      970       18       19      349      114      490      498      493      491      496     1118
      971       17      115       18      349      486      492      484      488     1120      493
      972       18      349      115      114      493     1120      492      491     1118     1116
      973      220      355      233      231     1800     1876     1797     1796     1867     1863
      974      152      233      260      355     1360     1875     1363     1365     1876     1996
      975      151      260      355      152     1353     1996     1354     1348     1363     1365
      976      231      234      355      233     1864     1880     1867     1863     1873     1876
      977      152      234      233      355     1361     1873     1360     1365     1880     1876
      978      151      170      152      355     1350     1357     1348     1354     1519     1365
      979      220      355      260      233     1800     1996     1799     1797     1876     1875
      980      148      355      220      231     1335     1800     1330     1332     1867     1796
      981      151      355      171      170     1354     1530     1351     1350     1519     1515
      982      170      355      171      231     1519     1530     1515     1517     1867     1524
      983      220      260      355      259     1799     1996     1800     1798     1993     1995
      984      151      355      260      259     1354     1996     1353     1352     1995     1993
      985      148      220      355      259     1330     1800     1335     1333     1798     1995
      986      148      355      151      259     1335     1354     1328     1333     1995     1352
      987      148      355      171      151     1335     1530     1329     1328     1354     1351
      988      148      171      355      231     1329     1530     1335     1332     1524     1867
      989      231      234      235      356     1864     1877     1865     1868     1881     1885
      990      230      231      235      356     1855     1865     1856     1861     1868     1885
      991      170      356      231      230     1520     1868     1517     1516     1861     1855
      992      170      231      356      355     1517     1868     1520     1519     1867     2261
      993      231      234      356      355     1864     1881     1868     1867     1880     2261
      994      169      356      170      230     1513     1520     1506     1510     1861     1516
      995      155      356      170      169     1382     1520     1377     1376     1513     1506
      996      179      234      356      235     1602     1881     1609     1603     1877     1885
      997      152      356      234      355     1366     1881     1361     1365     2261     1880
      998      152      356      179      234     1366     1609     1358     1361     1881     1602
      999      152      179      356      155     1358     1609     1366     1356     1378     1382
     1000      164      165      320      177     1466     1475     1469     1467     1473     1590
     1001      165      320      177      308     1475     1590     1473     1474     2168     1589
     1002      249      283      269      279     1952     2046     1949     1951     2092     2045
     1003      249      269      283      272     1949     2046     1952     1950     2043     2066
     1004      177      226      292      225     1583     1830     1586     1582     1821     1824
     1005      177      292      226      302     1586     1830     1583     1588     2119     1832
     1006      247      284      268      248     1939     2038     1937     1935     1945     1942
     1007      247      268      284      274     1937     2038     1939     1938     2036     2075
     1008       81      266      300       82      950     2026      952      943      957      958
     1009       82      266      300      301      957     2026      958      959     2027     2141
     1010       83      266      301      290      972     2027      974      973     2024     2113
     1011       82      266      301       83      957     2027      959      954      972      974
     1012       11      335      328      334      448     2224      446      447     2232     2223
     1013       11      328      120      121      446     1144      444      445     1150     1142
     1014       11      120      328      335      444     1144      446      448     1146     2224
     1015       14      330      117      325      468     1125      464      467     2214     1124
     1016       14      117      330       15      464     1125      468      463      474      475
     1017       92      342      106       93     1028     1087     1026     1024     1034     1032
     1018       92      106      342      344     1026     1087     1028     1029     1088     2241
     1019       55      327      333      332      768     2222      770      769     2221     2230
     1020      152      356      170      155     1366     1520     1357     1356     1382     1377
     1021       55      327      136      333      768     1236      765      770     2222     1238
     1022       55      136      327      137      765     1236      768      766     1233     1245
     1023      149      309      317      306     1340     2173     1341     1339     2153     2156
     1024      172      322      306      316     1539     2157     1536     1538     2198     2155
     1025      153      306      317      316     1369     2156     1371     1370     2155     2197
     1026      149      153      306      317     1337     1369     1339     1341     1371     2156
     1027      149      317      309      179     1341     2173     1340     1338     1608     1607
     1028      169      322      172      316     1512     1539     1508     1511     2198     1538
     1029      149      150      306      153     1336     1346     1339     1337     1343     1369
     1030      148      171      231      221     1329     1524     1332     1331     1522     1802
     1031      149      153      317      179     1337     1371     1341     1338     1368     1608
     1032      148      262      171      221     1334     1525     1329     1331     1804     1522
     1033      148      221      231      220     1331     1802     1332     1330     1795     1796
     1034      147      244      257      256     1323     1927     1325     1324     1926     1985
     1035      147      232      244      256     1321     1871     1323     1324     1872     1926
     1036      148      221      259      262     1331     1803     1333     1334     1804     1994
     1037      148      259      221      220     1333     1803     1331     1330     1798     1795
     1038      186      273      271      278     1671     2061     1670     1672     2070     2062
     1039      186      273      278      199     1671     2070     1672     1667     1723     1724
     1040      141      186      273      271     1278     1671     1285     1284     1670     2061
     1041      141      271      273      197     1284     2061     1285     1280     1715     1716
     1042      141      273      186      199     1285     1671     1278     1282     1723     1667
     1043      141      197      273      199     1280     1716     1285     1282     1711     1723
     1044        9       10      328      336      427      438      431      433      440     2225
     1045        9      328      123      336      431     1164      429      433     2225     1166
     1046      152      170      356      355     1357     1520     1366     1365     1519     2261
     1047       11      352      121      120      450     1154      445      444     1148     1142
     1048        9      328       10      122      431      438      427      428     1156      437
     1049       14      353      119      118      470     1141      466      465     1132     1129
     1050       13      353      119       14      462     1141      458      457      470      466
     1051      119      348      353      347     1139     2253     1141     1138     2249     2252
     1052       25      105      345      346      543     1084      547      548     1085     2242
     1053       56      327       57      138      778      786      773      777     1251      785
     1054        9      123      328      122      429     1164      431      428     1155     1156
     1055      120      121      347      352     1142     1152     1147     1148     1154     2251
     1056       11      352      351      121      450     2258      449      445     1154     1153
     1057        9      122       10      350      428      437      427      434     1159      441
     1058       15      110      353      117      473     1106      476      474     1104     1127
     1059      118      348      353      119     1131     2253     1132     1129     1139     1141
     1060       13      119      353      352      458     1141      462      461     1140     2259
     1061      121      347      352      351     1152     2251     1154     1153     2250     2258
     1062      119      347      353      352     1138     2252     1141     1140     2251     2259
     1063       25      350      346      345      549     2247      548      547     2244     2242
     1064       25      106      345      105      544     1089      547      543     1081     1084
     1065       57      138      327      129      785     1251      786      784     1192     1193
     1066       56       57      327      332      773      786      778      779      787     2221
     1067        9      122      350      123      428     1159      434      429     1155     1168
     1068       10      122      351      350      437     1160      442      441     1159     2256
     1069      110      348      353      117     1105     2253     1106     1104     1126     1127
     1070        5      110      353       15      403     1106      405      402      473      476
     1071      122      346      350      345     1158     2247     1159     1157     2242     2244
     1072       25      345       26      350      547      555      541      549     2244      556
     1073       25      345      106       26      547     1089      544      541      555      552
     1074      122      350      346      351     1159     2247     1158     1160     2256     2248
     1075       57      327      125      129      786     1177      782      784     1193     1176
     1076       57      125      327      332      782     1177      786      787     1178     2221
     1077      122      350      123      345     1159     1168     1155     1157     2244     1167
     1078      147      244      361      257     1323     1929     1326     1325     1927     1989
     1079      110      353      348      379     1106     2253     1105     1107     2260     2254
     1080        5      353      110      379      405     1106      403      406     2260     1107
     1081       61      190      255      378      805     1684      807      808     1685     1984
     1082       61      255      190      189      807     1684      805      804     1683     1680
     1083       83       95      219      377      965     1046      971      975     1048     1794
     1084       83      219       95       84      971     1046      965      962      982      977
     1085        2       15       45      109      387      471      388      389      472      683
     1086       15       45      109      376      471      683      472      477      686     1102
     1087      140      204      224      203     1270     1737     1271     1269     1733     1735
     1088      140      224      204      374     1271     1737     1270     1273     1820     1739
     1089      140      144      204      195     1263     1308     1270     1268     1306     1705
     1090      140      204      144      374     1270     1308     1263     1273     1739     1309
     1091      140      178      224      163     1266     1593     1271     1265     1460     1461
     1092      140      224      178      372     1271     1593     1266     1272     1819     1599
     1093      192      372      290      207     1697     2115     1696     1693     1749     1747
     1094      192      290      372      266     1696     2115     1697     1695     2024     2030
     1095      140      372      203      224     1272     1736     1269     1271     1819     1735
     1096      139      372      203      140     1261     1736     1258     1253     1272     1269
     1097      178      224      292      372     1593     1817     1596     1599     1819     2120
     1098      178      292      224      225     1596     1817     1593     1594     1824     1815
     1099      164      177      369      365     1467     1592     1471     1470     1591     2266
     1100      177      369      365      225     1592     2266     1591     1582     1826     1825
     1101      165      176      365      363     1472     1579     1479     1478     1578     2264
     1102      176      365      363      226     1579     2264     1578     1572     1834     1833
     1103       76      295      263      364      900     2005      899      901     2133     2008
     1104       76      263      295       77      899     2005      900      893      907      908
     1105      166      227      176      363     1485     1573     1484     1489     1841     1578
     1106      166      176      227      175     1484     1573     1485     1483     1561     1562
     1107      160      238      166      363     1431     1487     1428     1434     1901     1489
     1108      159      166      160      238     1419     1428     1418     1421     1487     1431
     1109      147      244      234      361     1323     1878     1322     1326     1929     1882
     1110      147      234      244      232     1322     1878     1323     1321     1870     1871
     1111      158      183      238      159     1411     1640     1414     1406     1420     1421
     1112      158      238      183      360     1414     1640     1411     1417     1900     1647
     1113      180      275      236      357     1616     1888     1613     1619     2080     1890
     1114      180      236      275      235     1613     1888     1616     1612     1883     1884
     1115      269      276      287      357     2044     2083     2048     2050     2085     2109
     1116      269      287      276      288     2048     2083     2044     2049     2108     2084
     1117      172      306      322      311     1536     2157     1539     1537     2154     2181
     1118      306      322      323      316     2157     2212     2158     2155     2198     2199
     1119      307      322      314      312     2164     2194     2162     2161     2185     2183
     1120      150      306      153      316     1346     1369     1343     1347     2155     1370
     1121      167      321      307      322     1495     2163     1494     1496     2209     2164
     1122      168      322      172      169     1503     1539     1499     1498     1512     1508
     1123      174      307      321      175     1556     2163     1557     1551     1567     1569
     1124      166      167      321      174     1481     1495     1488     1482     1492     1557
     1125      161      305      313      184     1444     2150     1445     1440     1655     1656
     1126      143      308      177      320     1297     1589     1294     1299     2168     1590
     1127      143      145      315      320     1292     1311     1298     1299     1312     2195
     1128      143      320      177      178     1299     1590     1294     1295     1597     1581
     1129      155      179      356      235     1378     1609     1382     1380     1603     1885
     1130      159      318      183      310     1423     1645     1420     1422     2178     1643
     1131      158      159      318      183     1406     1423     1415     1411     1420     1645
     1132      182      183      318      310     1631     1645     1637     1635     1643     2178
     1133      158      318      182      183     1415     1637     1410     1411     1645     1631
     1134      152      179      317      153     1358     1608     1364     1355     1368     1371
     1135      152      317      179      155     1364     1608     1358     1356     1381     1378
     1136      165      380      176      363     1480     1580     1472     1478     2265     1578
     1137      166      176      380      363     1484     1580     1490     1489     1578     2265
     1138      160      363      166      380     1434     1489     1428     1436     2265     1490
     1139      160      363      380      165     1434     2265     1436     1427     1478     1480
     1140      165      321      176      380     1476     1577     1472     1480     2211     1580
     1141      166      380      176      321     1490     1580     1484     1488     2211     1577
     1142      163      381      178      320     1465     1600     1460     1462     2208     1597
     1143      140      178      163      381     1266     1460     1265     1274     1600     1465
     1144      143      178      381      320     1295     1600     1300     1299     1597     2208
     1145      143      381      145      320     1300     1313     1292     1299     2208     1312
     1146      140      143      178      381     1262     1295     1266     1274     1300     1600
     1147      140      143      381      145     1262     1300     1274     1264     1292     1313
     1148      165      308      324      320     1474     2170     1477     1475     2168     2207
     1149      165      324      308      321     1477     2170     1474     1476     2210     2169
     1150      143      308      320      315     1297     2168     1299     1298     2167     2195
     1151      308      320      315      324     2168     2195     2167     2170     2207     2196
     1152      143      305      308      315     1296     2149     1297     1298     2151     2167
     1153      305      308      315      324     2149     2167     2151     2152     2170     2196
-1
secnum,1    ! reset the section ID to default
! Material Id = {69D234AF-2D7A-4089-9986-CC6C8D84B222}
/com,*********** Elements for Body 2 'SYS\Body2' ***********
et,2,187
MAT,1 $ TYPE,2 $ REAL,2 $ SECNUM,2 $ ESYS,0    ! ELEMNODES = 10
eblock,21,COMPACT,,2653
(21i9)
     1154     2972     3233     2973     3227     7033     7041     7027     7032     7712     7040
     1155     2970     3233     2973     2972     7021     7041     7016     7015     7033     7027
     1156     2973     3233     3160     3186     7041     7639     7037     7039     7689     7635
     1157     2971     2973     3233     3160     7022     7041     7026     7023     7037     7639
     1158     2970     2971     2973     3233     7014     7022     7016     7021     7026     7041
     1159     3166     3186     3233     3227     7664     7689     7668     7665     7687     7712
     1160     3160     3233     3166     3186     7639     7668     7634     7635     7689     7664
     1161     2972     3161     3233     3227     7031     7648     7033     7032     7646     7712
     1162     2970     3233     2972     3161     7021     7033     7015     7017     7648     7031
     1163     2970     2971     3233     3187     7014     7026     7021     7019     7024     7693
     1164     2971     3160     3233     3187     7023     7639     7026     7024     7636     7693
     1165     3161     3233     3166     3230     7648     7668     7642     7647     7714     7666
     1166     3161     3187     3233     3230     7645     7693     7648     7647     7692     7714
     1167     3160     3166     3233     3230     7634     7668     7639     7638     7666     7714
     1168     3160     3233     3187     3230     7639     7693     7636     7638     7714     7692
     1169     3161     3166     3233     3227     7642     7668     7648     7646     7665     7712
     1170     2970     3233     3161     3187     7021     7648     7017     7019     7693     7645
     1171     2802     3232     3117     2803     6419     7521     6411     6407     6424     6420
     1172     2802     3153     3232     3166     6412     7613     6419     6416     7608     7667
     1173     2802     3117     3232     3153     6411     7521     6419     6412     7519     7613
     1174     2458     2803     3232     3166     4508     6424     4512     4511     6423     7667
     1175     2458     3232     2803     3117     4512     6424     4508     4509     7521     6420
     1176     2831     2832     3232     3230     6515     6530     6526     6525     6529     7713
     1177     2831     3232     3166     3230     6526     7667     6522     6525     7713     7666
     1178     3117     3232     3153     3186     7521     7613     7519     7520     7688     7610
     1179     3153     3232     3166     3186     7613     7667     7608     7610     7688     7664
     1180     2458     3232     2468     3166     4512     4588     4506     4511     7667     4586
     1181     2458     3232     3117     2468     4512     7521     4509     4506     4588     4583
     1182     2831     3166     3232     3186     6522     7667     6526     6524     7664     7688
     1183     2468     3232     2832     3230     4588     6530     4582     4587     7713     6529
     1184     2468     3166     3232     3230     4586     7667     4588     4587     7666     7713
     1185     2831     3232     3117     3186     6526     7521     6519     6524     7688     7520
     1186     2831     3232     2832     3117     6526     6530     6515     6519     7521     6527
     1187     2468     3117     2832     3232     4583     6527     4582     4588     7521     6530
     1188     2562     3150     3231     3182     5182     7595     5185     5184     7594     7683
     1189     2977     3231     2985     3226     7060     7093     7057     7059     7711     7092
     1190     2977     2980     2985     3231     7054     7070     7057     7060     7072     7093
     1191     2977     3182     3231     3226     7058     7683     7060     7059     7682     7711
     1192     2550     3231     2977     3182     5114     7060     5111     5113     7683     7058
     1193     3150     3231     3152     3175     7595     7607     7592     7593     7676     7603
     1194     2549     2550     2562     3231     5101     5108     5102     5106     5114     5185
     1195     3150     3152     3231     3182     7592     7607     7595     7594     7604     7683
     1196     2550     2980     2977     3231     5112     7054     5111     5114     7072     7060
     1197     2985     3231     3152     3226     7093     7607     7090     7092     7711     7606
     1198     2980     2985     3231     3152     7070     7093     7072     7071     7090     7607
     1199     3152     3231     3182     3226     7607     7683     7604     7606     7711     7682
     1200     2549     2976     3231     3175     5103     7053     5106     5105     7052     7676
     1201     2976     3152     3231     3175     7051     7607     7053     7052     7603     7676
     1202     2976     2980     3231     3152     7049     7072     7053     7051     7071     7607
     1203     2549     3231     2976     2980     5106     7053     5103     5104     7072     7049
     1204     2549     2550     3231     2980     5101     5114     5106     5104     5112     7072
     1205     2831     3160     3230     3166     6520     7638     6525     6522     7634     7666
     1206     3161     3230     3164     3187     7647     7659     7641     7645     7692     7657
     1207     3161     3164     3230     3166     7641     7659     7647     7642     7655     7666
     1208     2831     2832     3230     3165     6515     6529     6525     6521     6528     7663
     1209     2831     3230     3160     3165     6525     7638     6520     6521     7663     7633
     1210     2468     3230     2832     3165     4587     6529     4582     4585     7663     6528
     1211     3164     3230     3165     3187     7659     7663     7654     7657     7692     7661
     1212     3160     3165     3230     3187     7633     7663     7638     7636     7661     7692
     1213     2468     3164     3230     3165     4584     7659     4587     4585     7654     7663
     1214     2571     3229     3044     3046     5235     7317     5231     5232     7326     7313
     1215     3044     3229     3050     3046     7317     7334     7315     7313     7326     7324
     1216     2555     2571     3046     3229     5144     5232     5146     5148     5235     7326
     1217     2555     3046     3050     3229     5146     7324     5147     5148     7326     7334
     1218     2474     3044     3229     3050     4631     7317     4635     4633     7315     7334
     1219     2474     2571     3229     3044     4629     5235     4635     4631     5231     7317
     1220     2471     3229     2571     2555     4614     5235     4608     4607     5148     5144
     1221     2438     3050     2440     3229     4388     4403     4381     4390     7334     4405
     1222     2438     2440     2474     3229     4381     4400     4384     4390     4405     4635
     1223     2471     2474     2571     3229     4604     4629     4608     4614     4635     5235
     1224     2438     3050     3229     2555     4388     7334     4390     4386     5147     5148
     1225     2438     3229     2471     2555     4390     4614     4382     4386     5148     4607
     1226     2438     2471     3229     2474     4382     4614     4390     4384     4604     4635
     1227     2438     2474     2440     3228     4384     4400     4381     4389     4634     4404
     1228     2440     2474     2477     3228     4400     4628     4401     4404     4634     4654
     1229     2471     2474     3228     2477     4604     4634     4613     4605     4628     4654
     1230     2438     2474     3228     2471     4384     4634     4389     4382     4604     4613
     1231     2432     3228     2440     2477     4338     4404     4334     4335     4654     4401
     1232     2432     2440     3228     2438     4334     4404     4338     4332     4381     4389
     1233     2433     2436     3228     2434     4340     4375     4347     4339     4348     4355
     1234     2471     3228     2472     2477     4613     4621     4603     4605     4654     4615
     1235     2438     3228     2472     2471     4389     4621     4383     4382     4613     4603
     1236     2430     2438     2432     3228     4319     4332     4317     4323     4389     4338
     1237     2433     2434     3228     2480     4339     4355     4347     4342     4350     4672
     1238     2434     3065     2436     3228     4354     4372     4348     4355     7387     4375
     1239     2432     3065     3228     2477     4337     7387     4338     4335     4652     4654
     1240     2430     2432     3065     3228     4317     4337     4322     4323     4338     7387
     1241     2430     2472     2438     3228     4320     4383     4319     4323     4621     4389
     1242     2430     3065     2434     3228     4322     4354     4318     4323     7387     4355
     1243     2430     2434     2472     3228     4318     4349     4320     4323     4355     4621
     1244     2477     3228     2480     3092     4654     4672     4650     4653     7457     4669
     1245     2477     3065     3228     3092     4652     7387     4654     4653     7386     7457
     1246     2434     2480     2472     3228     4350     4616     4349     4355     4672     4621
     1247     2472     3228     2480     2477     4621     4672     4616     4615     4654     4650
     1248     2802     3227     3153     3166     6418     7612     6412     6416     7665     7608
     1249     2802     3227     2972     3153     6418     7032     6408     6412     7612     7030
     1250     2802     3161     3227     3166     6414     7646     6418     6416     7642     7665
     1251     2802     2972     3227     3161     6408     7032     6418     6414     7031     7646
     1252     2972     3227     2973     2986     7032     7040     7027     7029     7097     7036
     1253     3153     3166     3227     3186     7608     7665     7612     7610     7664     7687
     1254     3153     3227     3174     3186     7612     7675     7609     7610     7687     7673
     1255     2986     3153     3227     3174     7094     7612     7097     7095     7609     7675
     1256     3152     3153     3226     3174     7601     7611     7606     7602     7609     7674
     1257     2985     3226     3152     3153     7092     7606     7090     7091     7611     7601
     1258     3151     3226     3152     3182     7600     7606     7596     7598     7682     7604
     1259     3151     3174     3152     3226     7597     7602     7596     7600     7674     7606
     1260     2979     3151     3226     3174     7066     7600     7068     7067     7597     7674
     1261     2979     2981     3226     3151     7064     7077     7068     7066     7075     7600
     1262     2984     3226     2985     2986     7088     7092     7086     7087     7096     7089
     1263     2981     3226     3151     3182     7077     7600     7075     7076     7682     7598
     1264     2979     3226     2983     3174     7068     7085     7065     7067     7674     7084
     1265     2979     2983     3226     2981     7065     7085     7068     7064     7073     7077
     1266     2977     2984     3226     2985     7056     7088     7059     7057     7086     7092
     1267     2981     2984     2983     3226     7074     7082     7073     7077     7088     7085
     1268     2977     3226     2984     2981     7059     7088     7056     7055     7077     7074
     1269     2645     3225     2897     2935     5645     6754     5643     5644     6882     6751
     1270     2645     2661     2897     3225     5641     5744     5643     5645     5746     6754
     1271     2897     3225     2930     3222     6754     6868     6750     6753     7709     6867
     1272     2913     2930     3225     3222     6807     6868     6810     6809     6867     7709
     1273     2913     3225     2935     3222     6810     6882     6808     6809     7709     6881
     1274     2890     3225     2935     2913     6723     6882     6722     6720     6810     6808
     1275     2645     2890     3225     2935     5642     6723     5645     5644     6722     6882
     1276     2645     2890     2661     3225     5642     5743     5641     5645     6723     5746
     1277     2661     3225     2930     2897     5746     6868     5745     5744     6754     6750
     1278     2661     2890     2930     3225     5743     6721     5745     5746     6723     6868
     1279     2863     3224     2868     3223     6623     6636     6621     6622     7710     6635
     1280     2744     2868     2863     3224     6158     6621     6156     6159     6636     6623
     1281     2840     2868     3224     3223     6549     6636     6552     6551     6635     7710
     1282     2839     3224     2863     3223     6547     6623     6545     6546     7710     6622
     1283     2749     2863     2839     3224     6178     6545     6176     6179     6623     6547
     1284     2839     2840     3224     3223     6544     6552     6547     6546     6551     7710
     1285     2749     3224     2839     2840     6179     6547     6176     6177     6552     6544
     1286     2300     3224     2840     2744     3388     6552     3387     3385     6159     6155
     1287     2288     2863     3224     2744     3318     6623     3319     3316     6156     6159
     1288     2288     3224     2300     2744     3319     3388     3315     3316     6159     3385
     1289     2300     3224     2749     2840     3388     6179     3386     3387     6552     6177
     1290     2288     2863     2749     3224     3318     6178     3317     3319     6623     6179
     1291     2288     2749     2300     3224     3317     3386     3315     3319     6179     3388
     1292     2597     3223     2868     2840     5373     6635     5372     5370     6551     6549
     1293     2619     2863     2868     3223     5491     6621     5492     5493     6622     6635
     1294     2597     2868     3223     2619     5372     6635     5373     5368     5492     5493
     1295     2597     2839     3223     2840     5369     6546     5373     5370     6544     6551
     1296     2597     3223     2839     2619     5373     6546     5369     5368     5493     5490
     1297     2619     2839     2863     3223     5490     6545     5491     5493     6546     6622
     1298     2682     2694     3222     2918     5861     5932     5865     5863     5930     6828
     1299     2682     3222     2935     2918     5865     6881     5864     5863     6828     6826
     1300     2897     2930     2918     3222     6750     6825     6749     6753     6867     6828
     1301     2682     2913     3222     2694     5862     6809     5865     5861     5929     5932
     1302     2682     2913     2935     3222     5862     6808     5864     5865     6809     6881
     1303     2694     3222     2918     2930     5932     6828     5930     5931     6867     6825
     1304     2694     2913     3222     2930     5929     6809     5932     5931     6807     6867
     1305     2849     2869     3221     3220     6584     6639     6586     6585     6638     7708
     1306     2757     3221     2849     2869     6208     6586     6205     6207     6639     6584
     1307     2850     3221     2866     3220     6591     6632     6588     6590     7708     6631
     1308     2866     3221     2869     3220     6632     6639     6630     6631     7708     6638
     1309     2746     2869     2866     3221     6168     6630     6167     6169     6639     6632
     1310     2849     3221     2850     3220     6586     6591     6583     6585     7708     6590
     1311     2757     2850     2849     3221     6206     6583     6205     6208     6591     6586
     1312     2291     2295     3221     2746     3333     3365     3337     3334     3362     6169
     1313     2295     2850     3221     2746     3364     6591     3365     3362     6165     6169
     1314     2291     3221     2869     2746     3337     6639     3336     3334     6169     6168
     1315     2291     3221     2295     2757     3337     3365     3333     3335     6208     3363
     1316     2295     3221     2850     2757     3365     6591     3364     3363     6208     6206
     1317     2291     3221     2757     2869     3337     6208     3335     3336     6639     6207
     1318     2607     3220     2850     2866     5438     6590     5435     5437     6631     6588
     1319     2607     2623     3220     2866     5433     5510     5438     5437     5508     6631
     1320     2623     3220     2866     2869     5510     6631     5508     5509     6638     6630
     1321     2607     2849     3220     2623     5434     6585     5438     5433     5507     5510
     1322     2607     3220     2849     2850     5438     6585     5434     5435     6590     6583
     1323     2623     2849     3220     2869     5507     6585     5510     5509     6584     6638
     1324     2847     2864     3219     3218     6574     6627     6576     6575     6626     7707
     1325     2750     2847     2864     3219     6180     6574     6182     6183     6576     6627
     1326     2847     3219     2848     3218     6576     6582     6573     6575     7707     6581
     1327     2750     2848     2847     3219     6181     6573     6180     6183     6582     6576
     1328     2864     2872     3219     3218     6624     6645     6627     6626     6644     7707
     1329     2742     3219     2864     2872     6149     6627     6146     6148     6645     6624
     1330     2848     3219     2872     3218     6582     6645     6578     6581     7707     6644
     1331     2286     2864     3219     2750     3303     6627     3304     3302     6182     6183
     1332     2304     3219     2848     2750     3410     6582     3409     3408     6183     6181
     1333     2286     3219     2304     2750     3304     3410     3300     3302     6183     3408
     1334     2286     2864     2742     3219     3303     6146     3301     3304     6627     6149
     1335     2286     2742     2304     3219     3301     3407     3300     3304     6149     3410
     1336     2304     3219     2742     2848     3410     6149     3407     3409     6582     6145
     1337     2620     2864     2847     3218     5496     6574     5495     5498     6626     6575
     1338     2604     2847     3218     2620     5415     6575     5419     5414     5495     5498
     1339     2604     3218     2847     2848     5419     6575     5415     5416     6581     6573
     1340     2604     3218     2872     2620     5419     6644     5418     5414     5498     5497
     1341     2620     2872     2864     3218     5497     6624     5496     5498     6644     6626
     1342     2604     2872     3218     2848     5418     6644     5419     5416     6578     6581
     1343     2905     3217     2928     3216     6781     6864     6778     6780     7706     6863
     1344     2905     2939     3217     3216     6779     6891     6781     6780     6890     7706
     1345     2922     2928     3217     3216     6839     6864     6842     6841     6863     7706
     1346     2922     3217     2939     3216     6842     6891     6840     6841     7706     6890
     1347     2699     2905     3217     2928     5954     6781     5957     5956     6778     6864
     1348     2699     3217     2922     2928     5957     6842     5955     5956     6864     6839
     1349     2672     2905     3217     2699     5809     6781     5812     5808     5954     5957
     1350     2672     2905     2939     3217     5809     6779     5811     5812     6781     6891
     1351     2672     2699     3217     2922     5808     5957     5812     5810     5955     6842
     1352     2672     3217     2939     2922     5812     6891     5811     5810     6842     6840
     1353     2882     2905     3216     2939     6683     6780     6686     6685     6779     6890
     1354     2892     3216     2922     2939     6732     6841     6729     6731     6890     6840
     1355     2892     3216     2928     2922     6732     6863     6730     6729     6841     6839
     1356     2653     2928     3216     2882     5691     6863     5692     5689     6684     6686
     1357     2653     2892     3216     2928     5690     6732     5692     5691     6730     6863
     1358     2635     3216     2882     2653     5579     6686     5576     5575     5692     5689
     1359     2635     2939     2882     3216     5578     6685     5576     5579     6890     6686
     1360     2635     2892     3216     2653     5577     6732     5579     5575     5690     5692
     1361     2635     2892     2939     3216     5577     6731     5578     5579     6732     6890
     1362     2606     3215     2848     3078     5431     6580     5427     5430     7401     6579
     1363     2606     2848     3215     2871     5427     6580     5431     5428     6577     6643
     1364     2605     2958     2606     3215     5423     5429     5420     5426     6976     5431
     1365     2605     2606     3078     3215     5420     5430     5424     5426     5431     7401
     1366     2287     3215     2628     3170     3313     5535     3305     3311     7671     5534
     1367     2287     2628     3215     2741     3305     5535     3313     3307     5529     6144
     1368     2741     2848     2871     3215     6141     6577     6142     6144     6580     6643
     1369     2628     2741     2871     3215     5529     6142     5530     5535     6144     6643
     1370     2628     2871     2958     3215     5530     6642     5533     5535     6643     6976
     1371     2606     3215     2958     2871     5431     6976     5429     5428     6643     6642
     1372     2605     3078     3138     3215     5424     7400     5425     5426     7401     7572
     1373     2605     3138     2958     3215     5425     6974     5423     5426     7572     6976
     1374     2628     2958     3170     3215     5533     6975     5534     5535     6976     7671
     1375     2958     3215     3138     3170     6976     7572     6974     6975     7671     7571
     1376     3061     3138     3215     3170     7372     7572     7374     7373     7571     7671
     1377     2287     3061     3215     3170     3309     7374     3313     3311     7373     7671
     1378     2287     3215     3061     2741     3313     7374     3309     3307     6144     6143
     1379     3061     3078     3215     3138     7371     7401     7374     7372     7400     7572
     1380     2306     3061     3215     2741     3421     7374     3423     3419     6143     6144
     1381     2306     3078     3215     3061     3422     7401     3423     3421     7371     7374
     1382     2700     3214     2701     3073     5963     5969     5958     5962     7399     5967
     1383     2700     2959     2701     3214     5961     5966     5958     5963     6980     5969
     1384     2646     2686     3214     3171     5646     5887     5654     5653     5886     7672
     1385     2646     3214     2686     2914     5654     5887     5646     5650     6815     5883
     1386     2701     3214     3140     3073     5969     7575     5968     5967     7399     7398
     1387     2701     3214     2959     3140     5969     6980     5966     5968     7575     6978
     1388     2700     2914     2959     3214     5959     6813     5961     5963     6815     6980
     1389     2686     2959     3214     3171     5884     6980     5887     5886     6979     7672
     1390     2686     3214     2959     2914     5887     6980     5884     5883     6815     6813
     1391     2646     2914     2887     3214     5650     6704     5647     5654     6815     6709
     1392     3059     3214     3073     3140     7366     7399     7363     7364     7575     7398
     1393     3059     3214     3140     3171     7366     7575     7364     7365     7672     7574
     1394     2959     3140     3214     3171     6978     7575     6980     6979     7574     7672
     1395     2646     3214     3059     3171     5654     7366     5651     5653     7672     7365
     1396     2646     3059     3214     2887     5651     7366     5654     5647     6707     6709
     1397     2923     2940     3213     3212     6845     6894     6847     6846     6893     7705
     1398     2923     3213     2932     3212     6847     6873     6844     6846     7705     6872
     1399     2670     2704     2923     3213     5794     5982     5796     5798     5985     6847
     1400     2704     2932     2923     3213     5983     6844     5982     5985     6873     6847
     1401     2932     3213     3209     3212     6873     7703     6871     6872     7705     7702
     1402     2940     3209     3213     3212     6892     7703     6894     6893     7702     7705
     1403     2704     2932     3213     3209     5983     6873     5985     5984     6871     7703
     1404     2704     3213     2903     3209     5985     6773     5981     5984     7703     6772
     1405     2670     2923     2940     3213     5796     6845     5797     5798     6847     6894
     1406     2670     2903     2704     3213     5795     5981     5794     5798     6773     5985
     1407     2903     3213     2940     3209     6773     6894     6771     6772     7703     6892
     1408     2670     2940     2903     3213     5797     6771     5795     5798     6894     6773
     1409     2891     2940     2923     3212     6727     6845     6724     6728     6893     6846
     1410     2891     2923     2932     3212     6724     6844     6726     6728     6846     6872
     1411     2876     2940     3212     3209     6656     6893     6658     6657     6892     7702
     1412     2629     3212     2940     2891     5541     6893     5540     5539     6728     6727
     1413     2629     2940     3212     2876     5540     6893     5541     5538     6656     6658
     1414     2649     3212     2932     3209     5672     6872     5670     5671     7702     6871
     1415     2649     2876     3212     3209     5668     6658     5672     5671     6657     7702
     1416     2629     3212     2891     2649     5541     6728     5539     5537     5672     5669
     1417     2649     2891     2932     3212     5669     6726     5670     5672     6728     6872
     1418     2629     3212     2649     2876     5541     5672     5537     5538     6658     5668
     1419     2669     2916     3211     2938     5790     6822     5792     5791     6820     6888
     1420     2669     2916     2689     3211     5790     5903     5788     5792     6822     5906
     1421     2916     2927     3211     3210     6819     6860     6822     6821     6859     7704
     1422     2916     3211     2938     3210     6822     6888     6820     6821     7704     6887
     1423     2938     3211     3202     3210     6888     7700     6886     6887     7704     7699
     1424     2927     3202     3211     3210     6858     7700     6860     6859     7699     7704
     1425     2669     2938     3211     2901     5791     6888     5792     5789     6766     6768
     1426     2669     3211     2689     2901     5792     5906     5788     5789     6768     5902
     1427     2689     2916     2927     3211     5903     6819     5904     5906     6822     6860
     1428     2689     3211     2927     3202     5906     6860     5904     5905     7700     6858
     1429     2689     2901     3211     3202     5902     6768     5906     5905     6767     7700
     1430     2901     2938     3211     3202     6766     6888     6768     6767     6886     7700
     1431     2899     2938     3210     2916     6761     6887     6762     6758     6820     6821
     1432     2899     3210     2927     2916     6762     6859     6760     6758     6821     6819
     1433     2630     2667     2899     3210     5543     5777     5545     5547     5780     6762
     1434     2630     2899     2938     3210     5545     6761     5546     5547     6762     6887
     1435     2667     2927     3210     3202     5778     6859     5780     5779     6858     7699
     1436     2667     3210     2878     3202     5780     6667     5776     5779     7699     6666
     1437     2630     2667     3210     2878     5543     5780     5547     5544     5776     6667
     1438     2630     3210     2938     2878     5547     6887     5546     5544     6667     6665
     1439     2878     3210     2938     3202     6667     6887     6665     6666     7699     6886
     1440     2667     2899     3210     2927     5777     6762     5780     5778     6760     6859
     1441     2704     3209     2903     2902     5984     6772     5981     5980     6770     6769
     1442     2876     2903     2940     3209     6655     6771     6656     6657     6772     6892
     1443     2704     2705     3209     2902     5979     5989     5984     5980     5987     6770
     1444     2704     2932     3209     2705     5983     6871     5984     5979     5988     5989
     1445     2876     2903     3209     2902     6655     6772     6657     6654     6769     6770
     1446     2649     3209     2875     2876     5671     6653     5667     5668     6657     6651
     1447     2631     2671     3209     3136     5548     5806     5556     5555     5805     7568
     1448     2631     2902     3209     2671     5553     6770     5556     5548     5801     5806
     1449     2631     3209     2774     3136     5556     6264     5549     5555     7568     6263
     1450     2631     2875     2774     3209     5551     6258     5549     5556     6653     6264
     1451     2393     3209     2705     2902     4061     5989     4055     4058     6770     5987
     1452     2650     3209     2932     2705     5678     6871     5677     5673     5989     5988
     1453     2649     2650     2875     3209     5666     5676     5667     5671     5678     6653
     1454     2649     2932     2650     3209     5670     5677     5666     5671     6871     5678
     1455     2875     2876     3209     2902     6651     6657     6653     6652     6654     6770
     1456     2631     2875     3209     2902     5551     6653     5556     5553     6652     6770
     1457     2773     2774     3209     3136     6253     6264     6257     6256     6263     7568
     1458     2393     2773     3209     3136     4057     6257     4061     4060     6256     7568
     1459     2650     3209     2773     2774     5678     6257     5674     5675     6264     6253
     1460     2650     2875     3209     2774     5676     6653     5678     5675     6258     6264
     1461     2844     3208     2854     3207     6566     6601     6562     6565     7701     6600
     1462     2854     3208     2857     3207     6601     6607     6599     6600     7701     6606
     1463     2738     2854     3208     2857     6127     6601     6129     6128     6599     6607
     1464     2755     3208     2844     3207     6201     6566     6198     6200     7701     6565
     1465     2755     2857     3208     3207     6199     6607     6201     6200     6606     7701
     1466     2314     2738     2844     3208     3487     6126     3489     3490     6129     6566
     1467     2314     2844     2755     3208     3489     6198     3488     3490     6566     6201
     1468     2281     2738     3208     2857     3270     6129     3273     3272     6128     6607
     1469     2281     2738     2314     3208     3270     3487     3269     3273     6129     3490
     1470     2281     2857     3208     2755     3272     6607     3273     3271     6199     6201
     1471     2281     3208     2314     2755     3273     3490     3269     3271     6201     3488
     1472     2755     3207     2843     2857     6200     6560     6197     6199     6606     6559
     1473     2755     2843     3207     2844     6197     6560     6200     6198     6558     6565
     1474     2600     2844     2854     3207     5390     6562     5392     5393     6565     6600
     1475     2613     3207     2854     2857     5463     6600     5461     5462     6606     6599
     1476     2600     2854     2613     3207     5392     5461     5388     5393     6600     5463
     1477     2600     2843     2844     3207     5389     6558     5390     5393     6560     6565
     1478     2613     2843     3207     2857     5460     6560     5463     5462     6559     6606
     1479     2600     2613     2843     3207     5388     5460     5389     5393     5463     6560
     1480     2352     2389     3206     2834     3765     4040     3769     3767     4039     6535
     1481     2352     2389     2361     3206     3765     3830     3764     3769     4040     3834
     1482     2360     2385     2823     3206     3824     4013     3827     3829     4015     6481
     1483     2360     2766     2385     3206     3825     4010     3824     3829     6237     4015
     1484     2360     2766     3206     2369     3825     6237     3829     3823     3898     3908
     1485     2360     3206     2823     2369     3829     6481     3827     3823     3908     3900
     1486     2352     3206     2353     2834     3769     3782     3762     3767     6535     3777
     1487     2352     2361     2353     3206     3764     3772     3762     3769     3834     3782
     1488     2353     3206     2579     2834     3782     5290     3774     3777     6535     5286
     1489     2353     3102     2579     3206     3780     5289     3774     3782     7484     5290
     1490     2389     2390     3206     2834     4037     4045     4040     4039     4043     6535
     1491     2361     2389     2390     3206     3830     4037     3831     3834     4040     4045
     1492     2385     2823     3206     2390     4013     6481     4015     4009     4042     4045
     1493     2385     3206     2766     2390     4015     6237     4010     4009     4045     4041
     1494     2369     2766     3206     3102     3898     6237     3908     3905     6236     7484
     1495     2353     3102     3206     2361     3780     7484     3782     3772     3833     3834
     1496     2579     3206     3080     2834     5290     7406     5287     5286     6535     6533
     1497     2579     3206     3102     3080     5290     7484     5289     5287     7406     7405
     1498     2390     3080     3206     2834     4044     7406     4045     4043     6533     6535
     1499     2361     2390     2766     3206     3831     4041     3832     3834     4045     6237
     1500     2369     3206     2538     3102     3908     5034     3896     3905     7484     5029
     1501     2369     2823     2538     3206     3900     5026     3896     3908     6481     5034
     1502     2361     2766     3102     3206     3832     6236     3833     3834     6237     7484
     1503     2390     2823     3206     3080     4042     6481     4045     4044     6478     7406
     1504     2538     3206     3080     3102     5034     7406     5027     5029     7484     7405
     1505     2538     3206     2823     3080     5034     6481     5026     5027     7406     6478
     1506     2740     2873     2874     3205     6137     6646     6138     6139     6649     6650
     1507     2599     2874     3205     2842     5385     6650     5386     5382     6556     6557
     1508     2599     3205     2874     2873     5386     6650     5385     5384     6649     6646
     1509     2739     3205     2740     2842     6134     6139     6130     6131     6557     6135
     1510     2739     3205     2873     2740     6134     6649     6132     6130     6139     6137
     1511     2287     3062     3170     3205     3310     7377     3311     3312     7378     7670
     1512     3062     3205     3137     3170     7378     7570     7376     7377     7670     7569
     1513     2957     3137     3205     3170     6971     7570     6973     6972     7569     7670
     1514     2599     3205     2873     2601     5386     6649     5384     5379     5400     5396
     1515     2599     2842     3205     2601     5382     6557     5386     5379     5395     5400
     1516     2317     3205     2739     2842     3508     6134     3504     3505     6557     6131
     1517     2287     2873     2739     3205     3308     6132     3306     3312     6649     6134
     1518     2287     2739     3062     3205     3306     6133     3310     3312     6134     7378
     1519     3062     3205     3079     3137     7378     7403     7375     7376     7570     7402
     1520     2317     3205     2842     2601     3508     6557     3505     3503     5400     5395
     1521     2601     2873     2957     3205     5396     6647     5397     5400     6649     6973
     1522     2317     3205     3062     2739     3508     7378     3506     3504     6134     6133
     1523     2317     3062     3205     3079     3506     7378     3508     3507     7375     7403
     1524     2350     2833     3204     2572     3755     6532     3756     3753     5238     5239
     1525     2350     3204     2363     2572     3756     3851     3752     3753     5239     3848
     1526     2350     2363     3204     2358     3752     3851     3756     3751     3811     3819
     1527     2350     3204     2833     2358     3756     6532     3755     3751     3819     3814
     1528     2309     2362     2824     3204     3435     3841     3441     3447     3846     6486
     1529     2309     2363     2362     3204     3436     3835     3435     3447     3851     3846
     1530     2572     2833     3204     2573     5238     6532     5239     5236     5241     5243
     1531     2363     2572     3204     2573     3848     5239     3851     3849     5236     5243
     1532     2358     3103     2363     3204     3817     3850     3811     3819     7486     3851
     1533     2362     2364     3204     2363     3836     3864     3846     3835     3847     3851
     1534     2362     2824     3204     2364     3841     6486     3846     3836     3855     3864
     1535     2358     3081     3103     3204     3815     7409     3817     3819     7411     7486
     1536     2309     2363     3204     2573     3436     3851     3447     3438     3849     5243
     1537     2309     3204     2824     2573     3447     6486     3441     3438     5243     5240
     1538     2363     2364     3204     3103     3847     3864     3851     3850     3859     7486
     1539     2573     3081     2833     3204     5242     6531     5241     5243     7411     6532
     1540     2364     3081     3204     3103     3858     7411     3864     3859     7409     7486
     1541     2573     2824     3081     3204     5240     6483     5242     5243     6486     7411
     1542     2352     2353     3203     2834     3762     3781     3768     3767     3777     6534
     1543     2352     2353     2359     3203     3762     3771     3763     3768     3781     3822
     1544     2587     3203     2591     3195     5334     5345     5328     5333     7695     5344
     1545     2403     2591     3203     3195     4121     5345     4124     4123     5344     7695
     1546     2349     2359     2353     3203     3744     3771     3743     3749     3822     3781
     1547     2349     2403     3203     3195     3745     4124     3749     3748     4123     7695
     1548     2349     3203     2587     3195     3749     5334     3746     3748     7695     5333
     1549     2343     2403     3203     2349     3697     4124     3698     3694     3745     3749
     1550     2343     2391     3203     2403     3696     4050     3698     3697     4047     4124
     1551     2391     2587     3203     2591     4048     5334     4050     4049     5328     5345
     1552     2391     3203     2403     2591     4050     4124     4047     4049     5345     4121
     1553     2343     3203     2359     2349     3698     3822     3695     3694     3749     3744
     1554     2343     3203     2391     2359     3698     4050     3696     3695     3822     3820
     1555     2349     2353     2587     3203     3743     3776     3746     3749     3781     5334
     1556     2359     3203     2391     2392     3822     4050     3820     3821     4053     4046
     1557     2392     3203     2587     2834     4053     5334     4051     4052     6534     5329
     1558     2391     3203     2587     2392     4050     5334     4048     4046     4053     4051
     1559     2878     2938     2901     3202     6665     6766     6664     6666     6886     6767
     1560     2689     2901     3202     2900     5902     6767     5905     5901     6763     6765
     1561     2689     3202     2690     2900     5905     5911     5900     5901     6765     5908
     1562     2689     2927     2690     3202     5904     5909     5900     5905     6858     5911
     1563     2878     2901     2900     3202     6664     6763     6663     6666     6767     6765
     1564     2667     2877     3202     2878     5775     6662     5779     5776     6659     6666
     1565     2690     3202     2776     3135     5911     6275     5907     5910     7567     6273
     1566     2775     2776     3202     3135     6265     6275     6271     6269     6273     7567
     1567     2668     2776     3202     2775     5783     6275     5786     5782     6265     6271
     1568     2668     3202     2690     2927     5786     5911     5781     5785     6858     5909
     1569     2877     3202     2878     2900     6662     6666     6659     6660     6765     6663
     1570     2667     2877     2668     3202     5775     5784     5774     5779     6662     5786
     1571     2667     2668     2927     3202     5774     5785     5778     5779     5786     6858
     1572     2690     2900     3202     3135     5908     6765     5911     5910     6764     7567
     1573     2775     3202     2877     3135     6271     6662     6266     6269     7567     6661
     1574     2668     3202     2877     2775     5786     6662     5784     5782     6271     6266
     1575     2877     3202     2900     3135     6662     6765     6660     6661     7567     6764
     1576     2368     3201     3100     3101     3895     7481     3892     3893     7483     7480
     1577     2368     3201     2539     3100     3895     5043     3889     3892     7481     5039
     1578     3094     3101     3100     3201     7464     7480     7463     7466     7483     7481
     1579     2354     3083     2578     3201     3786     5280     3784     3790     7422     5283
     1580     2354     2578     3093     3201     3784     5281     3787     3790     5283     7461
     1581     2354     3093     3094     3201     3787     7458     3788     3790     7461     7466
     1582     2354     3094     3083     3201     3788     7418     3786     3790     7466     7422
     1583     3083     3100     3201     3094     7420     7481     7422     7418     7463     7466
     1584     2539     3100     3201     3083     5039     7481     5043     5038     7420     7422
     1585     3093     3094     3201     3101     7458     7466     7461     7459     7464     7483
     1586     2578     3082     3201     3083     5279     7416     5283     5280     7412     7422
     1587     2578     3201     3082     3093     5283     7416     5279     5281     7461     7413
     1588     3082     3093     3201     3101     7413     7461     7416     7414     7459     7483
     1589     2539     3201     3082     3083     5043     7416     5037     5038     7422     7412
     1590     3081     3200     3097     3103     7410     7477     7408     7409     7485     7475
     1591     2365     3097     3200     3103     3870     7477     3873     3872     7475     7485
     1592     2364     3122     3200     2954     3860     7539     3863     3856     6958     6960
     1593     2364     3200     2365     2954     3863     3873     3852     3856     6960     3868
     1594     2364     2365     3200     3103     3852     3873     3863     3859     3872     7485
     1595     2364     3200     3081     3103     3863     7410     3858     3859     7485     7409
     1596     2364     3200     3122     2543     3863     7539     3860     3853     5071     5070
     1597     2542     3122     2954     3200     5066     6958     5062     5067     7539     6960
     1598     2365     2954     3200     2542     3868     6960     3873     3867     5062     5067
     1599     2364     3081     3200     2543     3858     7410     3863     3853     5069     5071
     1600     2365     3200     3085     2542     3873     7433     3869     3867     5067     5064
     1601     2542     3085     3081     3200     5064     7407     5063     5067     7433     7410
     1602     2542     3200     2543     3122     5067     5071     5061     5066     7539     5070
     1603     2542     3081     2543     3200     5063     5069     5061     5067     7410     5071
     1604     2354     3199     3083     3094     3789     7421     3786     3788     7465     7418
     1605     2577     3083     3199     3094     5271     7421     5276     5273     7418     7465
     1606     2355     3199     2577     3197     3796     5276     3792     3795     7698     5275
     1607     2577     3199     2585     3197     5276     5321     5269     5275     7698     5320
     1608     2355     2577     3199     3094     3792     5276     3796     3793     5273     7465
     1609     2354     2355     3199     3094     3783     3796     3789     3788     3793     7465
     1610     2354     3199     2578     3083     3789     5282     3784     3786     7421     5280
     1611     2347     2585     3199     3197     3729     5321     3733     3732     5320     7698
     1612     2347     3199     2355     3197     3733     3796     3728     3732     7698     3795
     1613     2577     2578     2586     3199     5268     5278     5270     5276     5282     5327
     1614     2354     2578     3199     2586     3784     5282     3789     3785     5278     5327
     1615     2347     3199     2354     2355     3733     3789     3727     3728     3796     3783
     1616     2577     2586     2585     3199     5270     5315     5269     5276     5327     5321
     1617     2347     2585     2348     3199     3729     3737     3726     3733     5321     3742
     1618     2347     2348     2354     3199     3726     3736     3727     3733     3742     3789
     1619     2348     3199     2585     2586     3742     5321     3737     3738     5327     5315
     1620     2348     2354     3199     2586     3736     3789     3742     3738     3785     5327
     1621     2574     3097     2575     3198     5249     5256     5244     5250     7476     5258
     1622     2357     2575     3097     3198     3805     5256     3808     3810     5258     7476
     1623     2358     3198     3097     2574     3818     7476     3816     3812     5250     5249
     1624     2357     3198     3097     2358     3810     7476     3808     3804     3818     3816
     1625     2575     2583     3198     3196     5252     5307     5258     5257     5306     7697
     1626     2357     2575     3198     3196     3805     5258     3810     3809     5257     7697
     1627     2574     2575     2583     3198     5244     5252     5246     5250     5258     5307
     1628     2358     2582     3198     2574     3813     5300     3818     3812     5245     5250
     1629     2345     2357     3198     3196     3711     3810     3716     3715     3809     7697
     1630     2345     3198     2583     3196     3716     5307     3712     3715     7697     5306
     1631     2344     3198     2358     2582     3708     3818     3702     3704     5300     3813
     1632     2344     3198     2357     2358     3708     3810     3701     3702     3818     3804
     1633     2574     2583     2582     3198     5246     5296     5245     5250     5307     5300
     1634     2344     3198     2583     2345     3708     5307     3705     3699     3716     3712
     1635     2344     2357     3198     2345     3701     3810     3708     3699     3711     3716
     1636     2344     2583     3198     2582     3705     5307     3708     3704     5296     5300
     1637     2355     3197     2577     3095     3795     5275     3792     3794     7470     5274
     1638     2356     2576     3197     3095     3798     5267     3803     3800     5264     7470
     1639     2355     2356     3197     3095     3791     3803     3795     3794     3800     7470
     1640     2356     3197     2576     3196     3803     5267     3798     3802     7696     5266
     1641     2576     3197     2584     3196     5267     5314     5260     5266     7696     5313
     1642     2576     2585     3197     2577     5261     5320     5267     5259     5269     5275
     1643     2346     3197     2356     3196     3725     3803     3719     3724     7696     3802
     1644     2346     2584     3197     3196     3721     5314     3725     3724     5313     7696
     1645     2346     3197     3030     2347     3725     7274     3723     3717     3732     3730
     1646     2347     3030     2585     3197     3730     5318     3729     3732     7274     5320
     1647     2346     3197     2347     2355     3725     3732     3717     3718     3795     3728
     1648     2576     2585     2584     3197     5261     5308     5260     5267     5320     5314
     1649     2346     2356     3197     2355     3719     3803     3725     3718     3791     3795
     1650     2584     2585     3030     3197     5308     5318     5312     5314     5320     7274
     1651     2346     3030     3197     2584     3723     7274     3725     3721     5312     5314
     1652     2356     3085     3196     2576     3799     7432     3802     3798     5263     5266
     1653     2356     3085     2357     3196     3799     3806     3797     3802     7432     3809
     1654     2357     3085     2575     3196     3806     5255     3805     3809     7432     5257
     1655     2575     2584     3196     2576     5253     5313     5257     5251     5260     5266
     1656     2345     2356     2357     3196     3710     3797     3711     3715     3802     3809
     1657     2575     2583     3196     2584     5252     5306     5257     5253     5301     5313
     1658     2345     2583     2346     3196     3712     3720     3709     3715     5306     3724
     1659     2345     2346     2356     3196     3709     3719     3710     3715     3724     3802
     1660     2346     3196     2583     2584     3724     5306     3720     3721     5313     5301
     1661     2587     3025     3195     2591     5331     7257     5333     5328     5343     5344
     1662     2349     2587     3032     3195     3746     5332     3747     3748     5333     7278
     1663     2349     3032     2403     3195     3747     4122     3745     3748     7278     4123
     1664     2403     3195     2404     2591     4123     4133     4120     4121     5344     4127
     1665     2403     3195     3032     2404     4123     7278     4122     4120     4133     4131
     1666     2369     3194     2538     3134     3907     5033     3896     3906     7564     5032
     1667     2369     2951     3194     3134     3902     6946     3907     3906     6944     7564
     1668     2951     3134     3123     3194     6944     7542     6941     6946     7564     7544
     1669     2538     3194     3123     3134     5033     7544     5030     5032     7564     7542
     1670     2369     3194     2951     2950     3907     6946     3902     3901     6939     6934
     1671     2951     3123     3124     3194     6941     7540     6942     6946     7544     7546
     1672     2538     3123     3194     3124     5030     7544     5033     5031     7540     7546
     1673     2368     3194     2369     2950     3894     3907     3888     3890     6939     3901
     1674     2950     3124     3194     2951     6938     7546     6939     6934     6942     6946
     1675     2368     3194     2950     2539     3894     6939     3890     3889     5042     5036
     1676     2538     3194     2539     3124     5033     5042     5025     5031     7546     5041
     1677     2386     3193     2777     3179     4023     6278     4020     4022     7681     6277
     1678     2325     2777     3193     2328     3550     6278     3551     3546     3571     3578
     1679     2325     2386     3193     2777     3548     4023     3551     3550     4020     6278
     1680     2326     3114     2758     3193     3556     6209     3554     3557     7509     6210
     1681     2326     2758     2383     3193     3554     4001     3552     3557     6210     4003
     1682     2383     3193     2386     2531     4003     4023     3999     4000     4984     4017
     1683     2325     2386     2383     3193     3548     3999     3547     3551     4023     4003
     1684     2328     3114     2531     3193     3575     4980     3569     3578     7509     4984
     1685     2328     2758     3114     3193     3570     6209     3575     3578     6210     7509
     1686     2325     3193     2383     2758     3551     4003     3547     3549     6210     4001
     1687     2325     3193     2758     2328     3551     6210     3549     3546     3578     3570
     1688     2404     3192     2405     2590     4132     4139     4125     4126     5342     4136
     1689     2404     3024     3192     2590     4128     7254     4132     4126     5340     5342
     1690     2405     3033     2406     3192     4138     4146     4134     4139     7281     4147
     1691     2406     3033     3014     3192     4146     7199     4145     4147     7281     7200
     1692     2402     2405     2406     3192     4112     4134     4113     4119     4139     4147
     1693     2402     2406     2510     3192     4113     4141     4116     4119     4147     4849
     1694     2405     3192     2508     2590     4139     4841     4135     4136     5342     4839
     1695     2508     3192     3024     2590     4841     7254     4840     4839     5342     5340
     1696     2402     2510     2508     3192     4116     4838     4114     4119     4849     4841
     1697     2402     2508     2405     3192     4114     4135     4112     4119     4841     4139
     1698     2404     3027     2405     3192     4130     4137     4125     4132     7265     4139
     1699     2405     3027     3033     3192     4137     7263     4138     4139     7265     7281
     1700     3014     3192     3033     3027     7200     7281     7199     7198     7265     7263
     1701     2406     3014     2510     3192     4145     4847     4141     4147     7200     4849
     1702     2508     3192     2510     3024     4841     4849     4838     4840     7254     4848
     1703     3014     3192     3027     3024     7200     7265     7198     7197     7254     7253
     1704     2510     3192     3014     3024     4849     7200     4847     4848     7254     7197
     1705     2554     2830     3191     3190     5137     6514     5142     5141     6513     7694
     1706     2830     3187     3191     3190     6512     7691     6514     6513     7690     7694
     1707     2554     3191     3185     3190     5142     7686     5140     5141     7694     7685
     1708     2830     2971     3191     3187     6509     7025     6514     6512     7024     7691
     1709     2554     2830     2971     3191     5137     6509     5139     5142     6514     7025
     1710     2554     3191     2559     3185     5142     5170     5135     5140     7686     5169
     1711     2554     2971     2559     3191     5139     5168     5135     5142     7025     5170
     1712     2970     3191     2971     3187     7020     7025     7014     7019     7691     7024
     1713     2559     3191     2971     2970     5170     7025     5168     5167     7020     7014
     1714     2793     2943     3190     3158     6358     6910     6363     6361     6908     7632
     1715     2793     2794     3190     2943     6357     6369     6363     6358     6364     6910
     1716     3163     3190     3164     3177     7653     7658     7649     7650     7679     7656
     1717     3158     3164     3190     3177     7627     7658     7632     7630     7656     7679
     1718     2794     3190     3163     3177     6369     7653     6366     6367     7679     7650
     1719     3160     3190     3165     3187     7637     7662     7633     7636     7690     7661
     1720     2829     3160     3190     3165     6504     7637     6507     6505     7633     7662
     1721     2554     2944     2830     3190     5138     6508     5137     5141     6911     6513
     1722     2794     3190     2943     2944     6369     6910     6364     6365     6911     6906
     1723     3158     3190     3164     3165     7632     7658     7627     7628     7662     7654
     1724     2943     3178     3190     3158     6909     7680     6910     6908     7631     7632
     1725     2829     2830     2944     3190     6498     6508     6501     6507     6513     6911
     1726     2829     3190     2943     3178     6507     6910     6500     6506     7680     6909
     1727     2829     2944     2943     3190     6501     6906     6500     6507     6911     6910
     1728     3158     3165     3178     3190     7628     7660     7631     7632     7662     7680
     1729     2829     3178     3165     3190     6506     7660     6505     6507     7680     7662
     1730     3042     3045     3044     3189     7304     7312     7303     7306     7321     7316
     1731     3044     3049     3189     3045     7314     7333     7316     7312     7320     7321
     1732     2728     3045     3189     3049     6080     7321     6082     6081     7320     7333
     1733     2728     3042     3189     3045     6079     7306     6082     6080     7304     7321
     1734     3043     3049     3189     3044     7309     7333     7311     7307     7314     7316
     1735     3042     3043     3189     3044     7302     7311     7306     7303     7307     7316
     1736     2728     3189     3042     2730     6082     7306     6079     6078     6095     6093
     1737     2730     3189     3042     3043     6095     7306     6093     6094     7311     7302
     1738     2727     2728     3189     3049     6071     6082     6076     6075     6081     7333
     1739     2727     2728     2730     3189     6071     6078     6072     6076     6082     6095
     1740     2725     2730     3189     2727     6066     6095     6068     6065     6072     6076
     1741     2725     3043     3189     2730     6067     7311     6068     6066     6094     6095
     1742     2727     3189     3043     3049     6076     7311     6073     6075     7333     7309
     1743     2688     2934     3071     3188     5897     6875     5898     5899     6878     7395
     1744     2926     2934     3188     3071     6852     6878     6857     6854     6875     7395
     1745     2411     2926     3188     2920     4187     6857     4189     4186     6834     6835
     1746     2410     3188     2411     2926     4182     4189     4171     4178     6857     4187
     1747     2919     2926     3188     3071     6830     6857     6833     6831     6854     7395
     1748     2410     2920     3188     2688     4177     6835     4182     4174     5896     5899
     1749     2688     2919     2920     3188     5895     6829     5896     5899     6833     6835
     1750     2919     3188     2926     2920     6833     6857     6830     6829     6835     6834
     1751     3161     3163     3187     3164     7640     7652     7645     7641     7649     7657
     1752     3161     3187     3163     3185     7645     7652     7640     7644     7684     7651
     1753     2830     2971     3187     3160     6509     7024     6512     6511     7023     7636
     1754     2570     3186     3151     3174     5228     7599     5225     5226     7673     7597
     1755     2570     3186     3116     3151     5228     7518     5223     5225     7599     7515
     1756     3151     3186     3152     3174     7599     7605     7596     7597     7673     7602
     1757     3116     3151     3186     3152     7515     7599     7518     7516     7596     7605
     1758     2570     2831     3116     3186     5217     6518     5223     5228     6524     7518
     1759     2831     3186     3160     3166     6524     7635     6520     6522     7664     7634
     1760     2831     3186     2973     3160     6524     7039     6516     6520     7635     7037
     1761     3152     3186     3153     3174     7605     7610     7601     7602     7673     7609
     1762     3116     3152     3186     3153     7516     7605     7518     7517     7601     7610
     1763     2831     3116     3186     3117     6518     7518     6524     6519     7512     7520
     1764     3116     3186     3117     3153     7518     7520     7512     7517     7610     7519
     1765     2790     3185     3177     2794     6345     7678     6344     6340     6368     6367
     1766     2794     3177     3163     3185     6367     7650     6366     6368     7678     7651
     1767     2450     3185     2790     2794     4463     6345     4460     4461     6368     6340
     1768     2790     3185     3161     3177     6345     7644     6343     6344     7678     7643
     1769     3161     3185     3163     3177     7644     7651     7640     7643     7678     7650
     1770     2450     3185     2794     2554     4463     6368     4461     4457     5140     5136
     1771     2450     2969     2790     3185     4462     6341     4460     4463     7013     6345
     1772     2790     3185     2969     3161     6345     7013     6341     6343     7644     7012
     1773     2450     2559     3185     2554     4459     5169     4463     4457     5135     5140
     1774     2450     2558     2969     3185     4458     5164     4462     4463     5166     7013
     1775     2969     3185     2970     3161     7013     7018     7010     7012     7644     7017
     1776     2450     2559     2558     3185     4459     5163     4458     4463     5169     5166
     1777     2558     2969     3185     2970     5164     7013     5166     5165     7010     7018
     1778     2437     2726     2473     3184     4379     4625     4377     4380     6070     4626
     1779     2437     2439     2726     3184     4376     4396     4379     4380     4399     6070
     1780     2439     2475     2726     3184     4393     4640     4396     4399     4644     6070
     1781     2437     2473     2476     3184     4377     4623     4378     4380     4626     4648
     1782     2429     3184     3144     2431     4316     7579     4315     4309     4331     4330
     1783     2429     3184     2476     3144     4316     4648     4310     4315     7579     4647
     1784     2428     3184     2429     2431     4308     4316     4303     4304     4331     4309
     1785     2428     2476     2429     3184     4307     4310     4303     4308     4648     4316
     1786     2428     2476     3184     2437     4307     4648     4308     4305     4378     4380
     1787     2428     3184     2439     2437     4308     4399     4306     4305     4380     4376
     1788     2473     2475     2476     3184     4622     4636     4623     4626     4644     4648
     1789     2476     3184     2478     3144     4648     4658     4645     4647     7579     4657
     1790     2431     2478     3184     3144     4327     4658     4331     4330     4657     7579
     1791     2428     2439     3184     2431     4306     4399     4308     4304     4325     4331
     1792     2439     2478     2475     3184     4395     4638     4393     4399     4658     4644
     1793     2475     2478     2476     3184     4638     4645     4636     4644     4658     4648
     1794     2431     2478     2439     3184     4327     4395     4325     4331     4658     4399
     1795     2446     2448     3183     2464     4436     4449     4438     4437     4446     4564
     1796     2426     3183     2446     2448     4298     4438     4291     4292     4449     4436
     1797     2419     2446     3183     2464     4235     4438     4238     4236     4437     4564
     1798     2419     3183     2446     2426     4238     4438     4235     4234     4298     4291
     1799     2448     2466     3183     2464     4447     4575     4449     4446     4561     4564
     1800     2426     3183     2448     2466     4298     4449     4292     4294     4575     4447
     1801     2419     3183     2495     2464     4238     4761     4237     4236     4564     4562
     1802     2464     2498     2466     3183     4563     4572     4561     4564     4774     4575
     1803     2426     2498     3183     2466     4295     4774     4298     4294     4572     4575
     1804     2420     3183     3066     2496     4245     7391     4244     4241     4767     4765
     1805     2496     3066     2498     3183     4765     4771     4762     4767     7391     4774
     1806     2419     2420     3183     2426     4233     4245     4238     4234     4239     4298
     1807     2419     2420     2495     3183     4233     4240     4237     4238     4245     4761
     1808     2420     2495     3183     2496     4240     4761     4245     4241     4759     4767
     1809     2495     2498     3183     2496     4760     4774     4761     4759     4762     4767
     1810     2464     2498     3183     2495     4563     4774     4564     4562     4760     4761
     1811     2420     3066     3183     2426     4244     7391     4245     4239     4296     4298
     1812     2562     3182     2967     3150     5184     7007     5181     5182     7594     7006
     1813     2562     2967     3182     2563     5181     7007     5184     5179     5188     5189
     1814     2965     2967     3182     3150     6999     7007     7003     7002     7006     7594
     1815     2563     2965     2967     3182     5187     6999     5188     5189     7003     7007
     1816     2552     3182     2981     3151     5128     7076     5125     5127     7598     7075
     1817     2552     3149     3182     3151     5126     7591     5128     5127     7589     7598
     1818     2965     3182     3149     3150     7003     7591     7001     7002     7594     7588
     1819     2965     3182     2968     3149     7003     7009     7000     7001     7591     7008
     1820     2564     2965     3182     2968     5191     7003     5193     5192     7000     7009
     1821     2551     2552     3182     2981     5115     5128     5120     5119     5125     7076
     1822     3149     3150     3182     3152     7588     7594     7591     7590     7592     7604
     1823     3149     3182     3151     3152     7591     7598     7589     7590     7604     7596
     1824     2563     2965     3182     2564     5187     7003     5189     5186     5191     5193
     1825     2552     2565     3182     3149     5122     5197     5128     5126     5196     7591
     1826     2551     3182     2552     2565     5120     5128     5115     5117     5197     5122
     1827     2550     3182     2564     2563     5113     5193     5110     5109     5189     5186
     1828     2551     2564     3182     2565     5116     5193     5120     5117     5190     5197
     1829     2550     2551     3182     2977     5107     5120     5113     5111     5118     7058
     1830     2550     2564     3182     2551     5110     5193     5113     5107     5116     5120
     1831     2301     2598     2838     3181     3389     5375     3392     3394     5378     6543
     1832     2292     3181     2595     2624     3347     5361     3339     3340     5517     5356
     1833     2595     3181     2836     2624     5361     6540     5358     5356     5517     5512
     1834     2292     2867     3181     2624     3345     6634     3347     3340     5515     5517
     1835     2624     2836     2867     3181     5512     6539     5515     5517     6540     6634
     1836     2301     2840     3181     2743     3393     6550     3394     3390     6152     6154
     1837     2301     2840     2598     3181     3393     5376     3389     3394     6550     5378
     1838     2595     3181     2748     2836     5361     6175     5357     5358     6540     6173
     1839     2292     3181     2867     2743     3347     6634     3345     3341     6154     6153
     1840     2743     2867     2840     3181     6153     6548     6152     6154     6634     6550
     1841     2598     3181     2840     2867     5378     6550     5376     5377     6634     6548
     1842     2301     3181     2748     2743     3394     6175     3391     3390     6154     6151
     1843     2292     2748     3181     2743     3344     6175     3347     3341     6151     6154
     1844     2598     3181     2867     2836     5378     6634     5377     5374     6540     6539
     1845     2748     3181     2838     2836     6175     6543     6174     6173     6540     6538
     1846     2297     2835     2608     3180     3372     5439     3369     3374     6537     5443
     1847     2595     2837     3180     2624     5359     6542     5360     5356     5513     5516
     1848     2292     2595     3180     2624     3339     5360     3346     3340     5356     5516
     1849     2292     2595     2299     3180     3339     3378     3338     3346     5360     3382
     1850     2299     2837     3180     2595     3381     6542     3382     3378     5359     5360
     1851     2297     3180     2850     2745     3374     6589     3373     3370     6164     6162
     1852     2297     2608     2850     3180     3369     5441     3373     3374     5443     6589
     1853     2292     2624     3180     2745     3340     5516     3346     3342     5511     6164
     1854     2292     2299     2747     3180     3338     3379     3343     3346     3382     6172
     1855     2299     3180     2837     2747     3382     6542     3381     3379     6172     6171
     1856     2624     2865     3180     2745     5514     6629     5516     5511     6163     6164
     1857     2624     2865     2837     3180     5514     6541     5513     5516     6629     6542
     1858     2745     2850     2865     3180     6162     6587     6163     6164     6589     6629
     1859     2608     3180     2865     2850     5443     6629     5442     5441     6589     6587
     1860     2292     3180     2747     2745     3346     6172     3343     3342     6164     6161
     1861     2297     2747     3180     2745     3371     6172     3374     3370     6161     6164
     1862     2608     2865     3180     2837     5442     6629     5443     5440     6541     6542
     1863     2747     2837     2835     3180     6171     6536     6170     6172     6542     6537
     1864     2397     2776     3179     3135     4081     6274     4086     4085     6273     7566
     1865     2397     3179     2952     3135     4086     6952     4084     4085     7566     6950
     1866     2775     3132     3179     3135     6268     7561     6270     6269     7559     7566
     1867     2397     3179     2777     2952     4086     6277     4082     4084     6952     6276
     1868     2397     2776     2777     3179     4081     6272     4082     4086     6274     6277
     1869     2775     3179     2776     3135     6270     6274     6265     6269     7566     6273
     1870     2395     2775     2769     3179     4069     6240     4068     4071     6270     6242
     1871     2769     2775     3123     3179     6240     6267     6241     6242     6270     7543
     1872     2952     3179     3123     3132     6952     7543     6947     6949     7561     7541
     1873     2775     3123     3179     3132     6267     7543     6270     6268     7541     7561
     1874     2386     3179     2777     2776     4022     6277     4020     4019     6274     6272
     1875     2395     3179     2776     2775     4071     6274     4070     4069     6270     6265
     1876     2386     2395     2769     3179     4016     4068     4018     4022     4071     6242
     1877     2386     2769     3123     3179     4018     6241     4021     4022     6242     7543
     1878     2386     3179     2776     2395     4022     6274     4019     4016     4071     4070
     1879     2556     2979     2557     2570     5153     5159     5149     5150     5219     5155
     1880     2556     2571     2570     3046     5151     5216     5150     5154     5232     5222
     1881     2570     3041     3046     3044     5220     7297     5222     5221     7295     7313
     1882     3041     3046     3045     3048     7297     7318     7296     7298     7322     7319
     1883     2425     2494     2560     2966     4285     4753     4287     4288     4754     5172
     1884     2452     2462     2974     2453     4474     4541     4476     4473     4481     4484
     1885     2424     2560     2494     2493     4281     4753     4279     4278     4749     4747
     1886     2453     2465     2462     2461     4482     4540     4481     4480     4533     4532
     1887     2447     2547     2461     2453     4443     4535     4441     4440     4483     4480
     1888     2424     2560     2493     2461     4281     4749     4278     4276     4536     4534
     1889     2447     2560     2461     2547     4444     4536     4441     4443     5091     4535
     1890     2557     2973     2831     2570     5158     6516     5157     5155     5218     5217
     1891     2410     2411     2783     2926     4171     4185     4175     4178     4187     6301
     1892     2411     2783     2926     3066     4185     6301     4187     4188     6303     6853
     1893     2422     2813     2783     3066     4259     6298     4258     4261     6465     6303
     1894     2640     2894     2934     2886     5609     6737     5610     5608     6697     6700
     1895     2488     2810     2813     2894     4718     6455     4719     4720     6456     6464
     1896     2488     2813     2496     2658     4719     4764     4716     4717     5719     4763
     1897     2496     2813     3066     2658     4764     6465     4765     4763     5719     5722
     1898     2658     2926     3066     2781     5721     6853     5722     5718     6294     6295
     1899     2416     3063     2778     2786     4221     6285     4217     4220     6315     6283
     1900     2648     2683     2778     2936     5661     5867     5662     5663     5870     6284
     1901     2435     2809     3063     2786     4359     6449     4361     4358     6311     6315
     1902     2416     2786     2778     2418     4220     6283     4217     4216     4228     4226
     1903     2418     2936     2778     2683     4230     6284     4226     4225     5870     5867
     1904     2639     2936     2896     2884     5604     6745     5603     5602     6692     6689
     1905     2415     2809     2482     2481     4211     4677     4205     4204     4674     4673
     1906     2481     2809     2812     2896     4674     6447     4675     4676     6448     6461
     1907     2696     3072     2960     2912     5942     6981     5941     5939     6805     6804
     1908     2889     3072     2930     2912     6718     6866     6716     6714     6805     6803
     1909     2663     3060     3072     2889     5757     7367     5758     5755     6717     6718
     1910     2998     3011     3004     3012     7160     7178     7159     7161     7191     7179
     1911     2375     2993     3004     2998     3953     7138     3957     3955     7136     7159
     1912     2375     3004     2993     3003     3957     7138     3953     3956     7174     7137
     1913     2991     2998     3004     3012     7123     7159     7125     7128     7161     7179
     1914     2996     2998     3012     3011     7146     7161     7151     7150     7160     7191
     1915     2993     3011     2998     2996     7140     7160     7136     7134     7150     7146
     1916     2993     3010     3003     3011     7139     7175     7137     7140     7189     7176
     1917     2375     3004     2994     2998     3957     7143     3954     3955     7159     7142
     1918     2375     2998     2526     2993     3955     4954     3949     3953     7136     4952
     1919     2374     2375     2993     3003     3938     3953     3944     3946     3956     7137
     1920     2991     3004     2998     2994     7125     7159     7123     7121     7143     7142
     1921     2991     3004     3000     3012     7125     7165     7124     7128     7179     7168
     1922     2991     2996     2998     3012     7122     7146     7123     7128     7151     7161
     1923     2996     3012     3013     3011     7151     7193     7152     7150     7191     7192
     1924     2993     2996     3010     3011     7134     7149     7139     7140     7150     7189
     1925     2993     2997     3003     3010     7135     7155     7137     7139     7158     7175
     1926     2375     2526     2998     2994     3949     4954     3955     3954     4953     7142
     1927     2375     2376     2994     3004     3947     3962     3954     3957     3964     7143
     1928     2375     2526     2525     2993     3949     4940     3948     3953     4952     4946
     1929     2374     3003     2993     2992     3946     7137     3944     3943     7133     7129
     1930     2374     2993     2375     2525     3944     3953     3938     3940     4946     3948
     1931     2991     3000     3006     3012     7124     7167     7127     7128     7168     7181
     1932     2991     3006     2996     3012     7127     7147     7122     7128     7181     7151
     1933     2996     3010     3011     3013     7149     7189     7150     7152     7190     7192
     1934     2996     3013     3012     3007     7152     7193     7151     7148     7184     7183
     1935     2992     3003     2993     2997     7133     7137     7129     7130     7155     7135
     1936     2997     3002     3003     3010     7154     7171     7155     7158     7173     7175
     1937     2375     2526     2994     2527     3949     4953     3954     3950     4947     4960
     1938     2376     3005     2994     3004     3965     7144     3962     3964     7177     7143
     1939     2375     2376     2527     2994     3947     3959     3950     3954     3962     4960
     1940     2375     2526     2762     2525     3949     4949     3952     3948     4940     4941
     1941     2374     3003     2992     3002     3946     7133     3943     3945     7171     7132
     1942     2374     2992     2993     2525     3943     7129     3944     3940     4945     4946
     1943     2374     2375     2762     2525     3938     3952     3941     3940     3948     4941
     1944     2507     3000     3006     2991     4835     7167     4836     4834     7124     7127
     1945     2996     3012     3006     3007     7151     7181     7147     7148     7183     7180
     1946     2506     3006     2996     2991     4825     7147     4824     4823     7127     7122
     1947     2990     3010     2996     3013     7119     7149     7115     7120     7190     7152
     1948     2990     3013     2996     3007     7120     7152     7115     7117     7184     7148
     1949     2992     3002     3003     2997     7132     7171     7133     7130     7154     7155
     1950     2997     3002     3010     3009     7154     7173     7158     7157     7172     7188
     1951     2375     2761     2526     2527     3951     4948     3949     3950     4957     4947
     1952     2376     3005     2995     2994     3965     7145     3963     3962     7144     7141
     1953     2376     2994     2995     2527     3962     7141     3963     3959     4960     4961
     1954     2375     2376     2761     2527     3947     3961     3951     3950     3959     4957
     1955     2525     2526     2762     2817     4940     4949     4941     4944     4950     6222
     1956     2338     2375     2526     2762     3653     3949     3655     3657     3952     4949
     1957     2373     2374     2992     3002     3930     3943     3935     3937     3945     7132
     1958     2374     2525     2524     2992     3940     4933     3939     3943     4945     4939
     1959     2339     2374     2762     2525     3661     3941     3664     3663     3940     4941
     1960     2988     2994     3005     2991     7105     7144     7108     7104     7121     7126
     1961     2988     2991     3005     3000     7104     7126     7108     7107     7124     7166
     1962     2506     2991     2507     3006     4823     4834     4818     4825     7127     4836
     1963     2507     3000     2991     2988     4835     7124     4834     4833     7107     7104
     1964     2507     3006     3000     2714     4836     7167     4835     4831     6024     6023
     1965     2506     3006     3007     2996     4825     7180     4826     4824     7147     7148
     1966     2990     3008     3010     3013     7118     7186     7119     7120     7187     7190
     1967     2505     2990     2996     3007     4815     7115     4816     4817     7117     7148
     1968     2990     3008     3013     3007     7118     7187     7120     7117     7182     7184
     1969     2990     2997     3010     3008     7116     7158     7119     7118     7156     7186
     1970     2992     3001     3002     2997     7131     7169     7132     7130     7153     7154
     1971     2997     3001     3002     3009     7153     7169     7154     7157     7170     7172
     1972     2997     3009     3010     3008     7157     7188     7158     7156     7185     7186
     1973     2526     2761     2818     2527     4948     6219     4951     4947     4957     4958
     1974     2338     2375     2761     2526     3653     3951     3656     3655     3949     4948
     1975     2988     3005     2994     2995     7108     7144     7105     7106     7145     7141
     1976     2376     2377     2995     3005     3958     3974     3963     3965     3975     7145
     1977     2376     2995     2377     2527     3963     3974     3958     3959     4961     3966
     1978     2337     2376     2527     2761     3645     3959     3647     3649     3961     4957
     1979     2519     2525     2762     2817     4892     4941     4893     4896     4944     6222
     1980     2520     2762     2526     2817     4902     4949     4900     4903     6222     4950
     1981     2338     2762     2526     2520     3657     4949     3655     3654     4902     4900
     1982     2373     3002     2992     3001     3937     7132     3935     3936     7169     7131
     1983     2373     2992     2374     2524     3935     3943     3930     3931     4939     3939
     1984     2374     2525     2763     2524     3940     4942     3942     3939     4933     4934
     1985     2339     2762     2519     2525     3664     4893     3662     3663     4941     4892
     1986     2339     2374     2525     2763     3661     3940     3663     3665     3942     4942
     1987     2713     2988     3005     3000     6018     7108     6020     6019     7107     7166
     1988     2506     2507     2708     3006     4818     4830     4821     4825     4836     5996
     1989     2507     2714     3000     2988     4831     6023     4835     4833     6022     7107
     1990     2507     2708     3006     2714     4830     5996     4836     4831     5995     6024
     1991     2505     2996     2506     3007     4816     4824     4810     4817     7148     4826
     1992     2506     3007     3006     2709     4826     7180     4825     4822     5999     5998
     1993     2505     2710     2990     3007     4814     6001     4815     4817     6002     7117
     1994     2710     2990     3007     3008     6001     7117     6002     6003     7118     7182
     1995     2989     2997     2990     3008     7110     7116     7109     7112     7156     7118
     1996     2987     2997     3001     2992     7100     7153     7102     7099     7130     7131
     1997     2989     3009     2997     3008     7113     7157     7110     7112     7185     7156
     1998     2521     2761     2527     2818     4910     4957     4908     4911     6219     4958
     1999     2520     2761     2818     2526     4901     6219     4904     4900     4948     4951
     2000     2338     2526     2761     2520     3655     4948     3656     3654     4900     4901
     2001     2712     3005     2988     2995     6014     7108     6012     6013     7145     7106
     2002     2377     2995     3005     2712     3974     7145     3975     3968     6013     6014
     2003     2376     2377     2760     2527     3958     3971     3960     3959     3966     4956
     2004     2377     2528     2527     2995     3967     4955     3966     3974     4967     4961
     2005     2337     2761     2527     2521     3649     4957     3647     3646     4910     4908
     2006     2337     2376     2760     2527     3645     3960     3648     3647     3959     4956
     2007     2519     2762     3088     2817     4893     6223     4898     4896     6222     6474
     2008     2520     3088     2762     2817     4905     6223     4902     4903     6474     6222
     2009     2338     3106     2762     2520     3660     6224     3657     3654     4907     4902
     2010     2373     3001     2992     2987     3936     7131     3935     3934     7102     7099
     2011     2373     2374     2763     2524     3930     3942     3932     3931     3939     4934
     2012     2373     2987     2992     2524     3934     7099     3935     3931     4938     4939
     2013     2524     2763     2816     2525     4934     6225     4937     4933     4942     4943
     2014     2339     2525     2519     2763     3663     4892     3662     3665     4942     4894
     2015     2339     2519     2762     3088     3662     4893     3664     3666     4898     6223
     2016     2712     3005     2713     2988     6014     6020     6008     6012     7108     6018
     2017     2713     2714     2988     3000     6015     6022     6018     6019     6023     7107
     2018     2506     3006     2708     2709     4825     5996     4821     4822     5998     5994
     2019     2506     2708     2507     2513     4821     4830     4818     4820     4863     4827
     2020     2507     2719     2714     2988     4832     6021     4831     4833     6042     6022
     2021     2507     2706     2708     2714     4829     5990     4830     4831     5991     5995
     2022     2505     2506     2709     3007     4810     4822     4813     4817     4826     5999
     2023     2504     2990     2505     2710     4808     4815     4802     4805     6001     4814
     2024     2505     2709     2710     3007     4813     5997     4814     4817     5999     6002
     2025     2504     3008     2990     2710     4809     7118     4808     4805     6003     6001
     2026     2504     2990     3008     2989     4808     7118     4809     4807     7109     7112
     2027     2989     2999     3009     3008     7111     7164     7113     7112     7163     7185
     2028     2521     3089     2761     2818     4913     6220     4910     4911     6475     6219
     2029     2520     2818     2761     3089     4904     6219     4901     4906     6475     6220
     2030     2338     2520     2761     3089     3654     4901     3656     3658     4906     6220
     2031     2712     2988     2720     2995     6012     6045     6010     6013     7106     6046
     2032     2377     2995     2712     2720     3974     6013     3968     3969     6046     6010
     2033     2377     2528     2760     2527     3967     4964     3971     3966     4955     4956
     2034     2377     2720     2528     2995     3969     4962     3967     3974     6046     4967
     2035     2337     2760     2521     2527     3648     4909     3646     3647     4956     4908
     2036     2337     3105     2761     2521     3652     6221     3649     3646     4915     4910
     2037     2520     2762     3088     3106     4902     6223     4905     4907     6224     7443
     2038     2338     3106     2520     3089     3660     4907     3654     3658     7448     4906
     2039     2372     2373     2987     3001     3921     3934     3928     3929     3936     7102
     2040     2340     2373     2763     2524     3669     3932     3672     3671     3931     4934
     2041     2372     2373     2524     2987     3921     3931     3923     3928     3934     4938
     2042     2519     2763     2525     2816     4894     4942     4892     4895     6225     4943
     2043     2518     2524     2763     2816     4885     4934     4886     4888     4937     6225
     2044     2339     2763     2519     3107     3665     4894     3662     3668     6227     4899
     2045     2339     2762     3106     3088     3664     6224     3667     3666     6223     7443
     2046     2339     3107     2519     3088     3668     4899     3662     3666     7444     4898
     2047     2712     2713     2720     2988     6008     6017     6010     6012     6018     6045
     2048     2713     2988     2714     2719     6018     6022     6015     6016     6042     6021
     2049     2506     2709     2708     2513     4822     5994     4821     4820     4864     4863
     2050     2507     2708     2514     2513     4830     4869     4828     4827     4863     4862
     2051     2500     2507     2719     2714     4780     4832     4783     4782     4831     6021
     2052     2500     2507     2714     2706     4780     4831     4782     4781     4829     5991
     2053     2507     2514     2708     2706     4828     4869     4830     4829     4868     5990
     2054     2505     2709     2506     2512     4813     4822     4810     4812     4857     4819
     2055     2504     2505     2511     2710     4802     4811     4804     4805     4814     4851
     2056     2505     2709     2512     2710     4813     4857     4812     4814     5997     4858
     2057     2504     2710     2711     3008     4805     6000     4806     4809     6003     6007
     2058     2504     2711     2989     3008     4806     6005     4807     4809     6007     7112
     2059     2987     2999     3001     3009     7101     7162     7102     7103     7164     7170
     2060     2987     2999     3009     2989     7101     7164     7103     7098     7111     7113
     2061     2711     2989     3008     2999     6005     7112     6007     6006     7111     7163
     2062     2521     2761     3089     3105     4910     6220     4913     4915     6221     7447
     2063     2338     2761     3105     3089     3656     6221     3659     3658     6220     7447
     2064     2377     2768     2720     2712     3972     6043     3969     3968     6011     6010
     2065     2527     2760     2819     2528     4956     6216     4959     4955     4964     4965
     2066     2336     2760     2377     2528     3641     3971     3637     3639     4964     3967
     2067     2377     2822     2528     2720     3973     4966     3967     3969     6044     4962
     2068     2521     2760     2819     2527     4909     6216     4912     4908     4956     4959
     2069     2337     2521     2760     3090     3646     4909     3648     3650     4914     6217
     2070     2337     3105     2521     3090     3652     4915     3646     3650     7452     4914
     2071     2520     3106     3088     3089     4907     7443     4905     4906     7448     7442
     2072     2338     3089     3105     3106     3658     7447     3659     3660     7448     7491
     2073     2372     3001     2987     2717     3929     7102     3928     3924     6037     6036
     2074     2340     2763     2518     2524     3672     4886     3670     3671     4934     4885
     2075     2340     2373     2524     2764     3669     3931     3671     3673     3933     4935
     2076     2372     2523     2987     2524     3922     4932     3928     3923     4926     4938
     2077     2372     2373     2764     2524     3921     3933     3926     3923     3931     4935
     2078     2519     3087     2763     2816     4897     6226     4894     4895     6473     6225
     2079     2518     2816     2763     3087     4888     6225     4886     4890     6473     6226
     2080     2519     2763     3087     3107     4894     6226     4897     4899     6227     7439
     2081     2339     3088     3106     3107     3666     7443     3667     3668     7444     7494
     2082     2519     3088     3107     3087     4898     7444     4899     4897     7438     7439
     2083     2713     2720     2988     2719     6017     6045     6018     6016     6041     6042
     2084     2506     2512     2709     2513     4819     4857     4822     4820     4856     4864
     2085     2408     2709     2513     2708     4160     4864     4158     4159     5994     4863
     2086     2409     2514     2708     2513     4165     4869     4167     4164     4862     4863
     2087     2500     2501     2507     2706     4779     4784     4780     4781     4786     4829
     2088     2501     2507     2706     2514     4784     4829     4786     4785     4828     4868
     2089     2409     2514     2706     2708     4165     4868     4166     4167     4869     5990
     2090     2504     2511     2711     2710     4804     4852     4806     4805     4851     6000
     2091     2505     2512     2511     2710     4812     4850     4811     4814     4858     4851
     2092     2407     2512     2709     2710     4150     4857     4151     4152     4858     5997
     2093     2503     2504     2711     2989     4792     4806     4796     4800     4807     6005
     2094     2716     3001     2987     2999     6033     7102     6031     6032     7162     7101
     2095     2503     2999     2987     2989     4801     7101     4799     4800     7111     7098
     2096     2503     2999     2989     2711     4801     7111     4800     4796     6006     6005
     2097     2521     3090     3105     3089     4914     7452     4915     4913     7446     7447
     2098     2712     2768     2720     2718     6011     6043     6010     6009     6039     6038
     2099     2377     2720     2768     2822     3969     6043     3972     3973     6044     6239
     2100     2522     2760     2528     2819     4919     4964     4916     4920     6216     4965
     2101     2336     2528     2377     2759     3639     3967     3637     3640     4963     3970
     2102     2336     2528     2522     2760     3639     4916     3638     3641     4964     4919
     2103     2377     2759     2528     2822     3970     4963     3967     3973     6213     4966
     2104     2521     2760     3090     2819     4909     6217     4914     4912     6216     6476
     2105     2337     3090     2760     3104     3650     6217     3648     3651     7451     6218
     2106     2337     3090     3104     3105     3650     7451     3651     3652     7452     7487
     2107     2534     3088     3106     3089     5002     7443     5004     5003     7442     7448
     2108     3089     3105     3106     3112     7447     7491     7448     7449     7492     7496
     2109     2372     2721     2717     2987     3925     6034     3924     3928     6050     6036
     2110     2716     3001     2717     2987     6033     6037     6028     6031     7102     6036
     2111     2340     2524     2518     2815     3671     4885     3670     3674     4936     4887
     2112     2340     2763     3087     2518     3672     6226     3675     3670     4886     4890
     2113     2340     2815     2764     2524     3674     6228     3673     3671     4936     4935
     2114     2372     2764     2523     2524     3926     4928     3922     3923     4935     4926
     2115     2372     2721     2987     2523     3925     6050     3928     3922     4927     4932
     2116     2340     2763     3107     3087     3672     6227     3676     3675     6226     7439
     2117     3088     3106     3107     3111     7443     7494     7444     7445     7495     7499
     2118     2533     3107     3088     3087     4996     7444     4995     4994     7439     7438
     2119     2408     2513     2709     2512     4158     4864     4160     4157     4856     4857
     2120     2408     2513     2409     2708     4158     4164     4156     4159     4863     4167
     2121     2409     3017     2514     2513     4168     4870     4165     4164     4866     4862
     2122     2398     2501     2706     2514     4090     4786     4092     4091     4785     4868
     2123     2398     2409     2514     2706     4088     4165     4091     4092     4166     4868
     2124     2406     2711     2511     2710     4144     4852     4142     4143     6000     4851
     2125     2504     2511     2510     2711     4804     4844     4803     4806     4852     4846
     2126     2407     2511     2512     2710     4149     4850     4150     4152     4851     4858
     2127     2407     2709     2512     2408     4151     4857     4150     4148     4160     4157
     2128     2503     2510     2711     2504     4794     4846     4796     4792     4803     4806
     2129     2716     2987     2722     2999     6031     6051     6030     6032     7101     6052
     2130     2503     2987     2999     2722     4799     7101     4801     4798     6051     6052
     2131     2503     2715     2999     2711     4797     6027     4801     4796     6004     6006
     2132     2371     2768     2712     2718     3919     6011     3917     3918     6039     6009
     2133     2718     2768     2720     2822     6039     6043     6038     6040     6239     6044
     2134     2377     2759     2822     2768     3970     6213     3973     3972     6211     6239
     2135     2522     3090     2760     2819     4923     6217     4919     4920     6476     6216
     2136     2336     2528     2759     2522     3639     4963     3640     3638     4916     4918
     2137     2336     2760     2522     3104     3641     4919     3638     3642     6218     4924
     2138     2522     2528     2759     2822     4916     4963     4918     4922     4966     6213
     2139     2522     3104     2760     3090     4924     6218     4919     4923     7451     6217
     2140     3090     3104     3105     3113     7451     7487     7452     7453     7488     7493
     2141     2534     3089     3106     3112     5003     7448     5004     5006     7449     7496
     2142     2534     3106     3088     3111     5004     7443     5002     5005     7495     7445
     2143     2716     2987     2717     2721     6031     6036     6028     6029     6050     6034
     2144     2372     2721     2767     2717     3925     6048     3927     3924     6034     6035
     2145     2340     2518     3108     2815     3670     4891     3677     3674     4887     6472
     2146     2340     3087     3108     2518     3675     7440     3677     3670     4890     4891
     2147     2523     2524     2764     2815     4926     4935     4928     4930     4936     6228
     2148     2340     2764     2815     3108     3673     6228     3674     3677     6230     6472
     2149     2341     2372     2764     2523     3678     3926     3682     3681     3922     4928
     2150     2372     2767     2721     2523     3927     6048     3925     3922     4929     4927
     2151     2340     3087     3107     3108     3675     7439     3676     3677     7440     7497
     2152     2533     3088     3107     3111     4995     7444     4996     4998     7445     7499
     2153     2533     3107     3087     3110     4996     7439     4994     4997     7498     7441
     2154     2408     3016     2513     2512     4161     4865     4158     4157     4860     4856
     2155     2408     3035     2409     2513     4163     4170     4156     4158     4867     4164
     2156     2409     3035     3017     2513     4170     7219     4168     4164     4867     4866
     2157     2398     2499     2501     2514     4089     4775     4090     4091     4776     4785
     2158     2398     2409     2399     2514     4088     4094     4087     4091     4165     4096
     2159     2406     2511     2407     2710     4142     4149     4140     4143     4851     4152
     2160     2406     2510     2511     2711     4141     4844     4142     4144     4846     4852
     2161     2407     2511     3015     2512     4149     4854     4153     4150     4850     4859
     2162     2407     2512     3034     2408     4150     4861     4155     4148     4157     4162
     2163     2503     2711     2510     2707     4796     4846     4794     4795     5992     4845
     2164     2715     2716     2722     2999     6025     6030     6026     6027     6032     6052
     2165     2716     2722     2987     2721     6030     6051     6031     6029     6047     6050
     2166     2503     2722     2999     2715     4798     6052     4801     4797     6026     6027
     2167     2503     2711     2707     2715     4796     5992     4795     4797     6004     5993
     2168     2371     2768     2718     2822     3919     6039     3918     3920     6239     6040
     2169     2379     2759     2768     2822     3983     6211     3984     3986     6213     6239
     2170     2522     2822     2759     2820     4922     6213     4918     4921     6477     6212
     2171     3090     3115     3104     3113     7454     7489     7451     7453     7508     7488
     2172     2534     2535     3089     3112     5001     5009     5003     5006     5011     7449
     2173     2534     3112     3106     3111     5006     7496     5004     5005     7506     7495
     2174     2533     3088     3111     2534     4995     7445     4998     4993     5002     5005
     2175     2380     2717     2767     2721     3988     6035     3990     3989     6034     6048
     2176     2518     3108     2815     3086     4891     6472     4887     4889     7435     6471
     2177     2518     3108     3086     3087     4891     7435     4889     4890     7440     7434
     2178     2517     2523     2764     2815     4879     4928     4880     4882     4930     6228
     2179     2764     3108     3086     2815     6230     7435     6229     6228     6472     6471
     2180     2341     2764     2517     2523     3682     4880     3680     3681     4928     4879
     2181     2341     2372     2523     2767     3678     3922     3681     3684     3927     4929
     2182     2523     2767     2721     2821     4929     6048     4927     4931     6238     6049
     2183     3087     3107     3108     3110     7439     7497     7440     7441     7498     7501
     2184     2533     3111     3107     3110     4998     7499     4996     4997     7505     7498
     2185     2532     3110     2533     3087     4990     4997     4985     4987     7441     4994
     2186     2408     3016     2512     3034     4161     4860     4157     4162     7212     4861
     2187     2408     3016     3035     2513     4161     7213     4163     4158     4865     4867
     2188     2513     3016     3035     3017     4865     7213     4867     4866     7209     7219
     2189     2409     3035     3026     3017     4170     7259     4169     4168     7219     7218
     2190     2398     2399     2499     2514     4087     4095     4089     4091     4096     4776
     2191     2399     2514     2409     3026     4096     4165     4094     4099     4872     4169
     2192     2406     2511     3033     2407     4142     4855     4146     4140     4149     4154
     2193     2406     2511     2510     3014     4142     4844     4141     4145     4853     4847
     2194     2402     2510     2406     2711     4116     4141     4113     4118     4846     4144
     2195     2407     2512     3015     3034     4150     4859     4153     4155     4861     7205
     2196     2407     3015     2511     3033     4153     4854     4149     4154     7204     4855
     2197     2503     2707     2510     2509     4795     4845     4794     4793     4843     4842
     2198     2402     2707     2510     2711     4117     4845     4116     4118     5992     4846
     2199     2502     2503     2715     2722     4787     4797     4790     4791     4798     6026
     2200     2502     2715     2503     2707     4790     4797     4787     4789     5993     4795
     2201     2535     3113     2536     3090     5012     5017     5008     5010     7453     5016
     2202     2371     2379     2768     2822     3915     3984     3919     3920     3986     6239
     2203     2371     2718     2516     2822     3918     4876     3916     3920     6040     4878
     2204     2379     2759     2822     2820     3983     6213     3986     3985     6212     6477
     2205     2522     2759     2530     2820     4918     4973     4917     4921     6212     4974
     2206     2536     3113     3115     3090     5017     7508     5018     5016     7453     7454
     2207     2331     2534     3112     2535     3598     5006     3603     3599     5001     5011
     2208     2331     3111     3112     2534     3602     7506     3603     3598     5005     5006
     2209     2331     2533     3111     2534     3597     4998     3602     3598     4993     5005
     2210     2332     2535     3112     3113     3606     5011     3608     3609     5012     7507
     2211     2370     2717     2767     2380     3912     6035     3913     3910     3988     3990
     2212     2380     2721     2767     2821     3989     6048     3990     3991     6049     6238
     2213     2532     3086     3108     3087     4986     7435     4988     4987     7434     7440
     2214     2517     2815     2764     3086     4882     6228     4880     4884     6471     6229
     2215     2764     3086     3108     3114     6229     7435     6230     6231     7437     7502
     2216     2341     2821     2523     2517     3686     4931     3681     3680     4883     4879
     2217     2341     2764     3086     2517     3682     6229     3687     3680     4880     4884
     2218     2341     2821     2767     2523     3686     6238     3684     3681     4931     4929
     2219     2532     3108     3110     3087     4988     7501     4990     4987     7440     7441
     2220     2330     3111     2533     3110     3593     4998     3589     3592     7505     4997
     2221     2329     2533     2532     3110     3582     4985     3581     3585     4997     4990
     2222     2512     3016     3015     3034     4860     7201     4859     4861     7212     7205
     2223     2408     3035     3016     3034     4163     7213     4161     4162     7282     7212
     2224     3016     3017     3019     3035     7209     7216     7210     7213     7219     7228
     2225     3017     3035     3026     3036     7219     7259     7218     7220     7285     7260
     2226     2399     3023     2514     3026     4098     4871     4096     4099     7249     4872
     2227     3017     3026     3023     3036     7218     7249     7217     7220     7260     7251
     2228     2399     2499     2514     3023     4095     4776     4096     4098     4778     4871
     2229     2406     3033     2511     3014     4146     4855     4142     4145     7199     4853
     2230     2407     3015     3033     3034     4153     7204     4154     4155     7205     7279
     2231     2511     3015     3014     3033     4854     7194     4853     4855     7204     7199
     2232     2402     2509     2510     2707     4115     4842     4116     4117     4843     4845
     2233     2502     2707     2503     2509     4789     4795     4787     4788     4843     4793
     2234     2333     2536     2535     3113     3614     5008     3613     3620     5017     5012
     2235     2371     2516     2379     2822     3916     3982     3915     3920     4878     3986
     2236     2334     2759     2379     2820     3629     3983     3626     3630     6212     3985
     2237     2379     2820     2822     2516     3985     6477     3986     3982     4877     4878
     2238     2335     3115     2759     2530     3635     6214     3634     3632     4975     4973
     2239     2334     2530     2759     2820     3628     4973     3629     3630     4974     6212
     2240     2333     3115     2536     3113     3621     5018     3614     3620     7508     5017
     2241     2331     2332     2535     3112     3596     3606     3599     3603     3608     5011
     2242     2331     2535     3121     2534     3599     5013     3604     3598     5001     5007
     2243     2330     2533     3111     2331     3589     4998     3593     3588     3597     3602
     2244     2331     3121     2533     2534     3604     5000     3597     3598     5007     4993
     2245     2332     2333     2535     3113     3605     3613     3606     3609     3620     5012
     2246     2370     2380     2767     2821     3910     3990     3913     3914     3991     6238
     2247     2532     3109     3108     3086     4989     7500     4988     4986     7436     7435
     2248     3086     3108     3114     3109     7435     7502     7437     7436     7500     7504
     2249     2341     3086     2764     3114     3687     6229     3682     3688     7437     6231
     2250     2341     2821     2517     2814     3686     4883     3680     3685     6469     4881
     2251     2341     2517     3086     2814     3680     4884     3687     3685     4881     6470
     2252     2341     2767     2821     2765     3684     6238     3686     3683     6232     6234
     2253     2532     3110     3108     3109     4990     7501     4988     4989     7503     7500
     2254     2329     2533     3110     2330     3582     4997     3585     3579     3589     3592
     2255     2329     3110     2532     3109     3585     4990     3581     3584     7503     4989
     2256     2329     2532     2533     3120     3581     4985     3582     3586     4991     4999
     2257     3015     3016     3040     3034     7201     7215     7208     7205     7212     7284
     2258     3016     3040     3034     3035     7215     7284     7212     7213     7287     7282
     2259     3016     3035     3019     3037     7213     7228     7210     7214     7286     7230
     2260     3017     3019     3035     3036     7216     7228     7219     7220     7229     7285
     2261     2399     2400     3023     3026     4093     4104     4098     4099     4105     7249
     2262     3023     3026     3028     3036     7249     7258     7250     7251     7260     7267
     2263     3017     3023     3019     3036     7217     7225     7216     7220     7251     7229
     2264     2399     2589     2499     3023     4097     4777     4095     4098     5338     4778
     2265     3015     3034     3039     3033     7205     7283     7207     7204     7279     7280
     2266     3014     3033     3015     3021     7199     7204     7194     7195     7241     7203
     2267     2402     2510     2509     2508     4116     4842     4115     4114     4838     4837
     2268     2333     2535     2536     3126     3613     5008     3614     3622     5014     5019
     2269     2334     2820     2379     2515     3630     3985     3626     3627     4875     3981
     2270     2379     2515     2820     2516     3981     4875     3985     3982     4873     4877
     2271     2334     2759     2530     2335     3629     4973     3628     3625     3634     3632
     2272     2334     2530     2820     2515     3628     4974     3630     3627     4874     4875
     2273     2331     2535     2332     3121     3599     3606     3596     3604     5013     3610
     2274     2330     3121     2533     2331     3595     5000     3589     3588     3604     3597
     2275     2332     2535     2333     3126     3606     3613     3605     3611     5014     3622
     2276     2370     2767     2378     2821     3913     3979     3909     3914     6238     3980
     2277     2370     2381     2380     2821     3911     3987     3910     3914     3993     3991
     2278     2531     3086     3109     2532     4978     7436     4979     4977     4986     4989
     2279     2531     3086     3114     3109     4978     7437     4980     4979     7436     7504
     2280     2341     2765     2821     2814     3683     6234     3686     3685     6233     6469
     2281     2341     2384     2814     3086     3679     4006     3685     3687     4007     6470
     2282     2378     2767     2765     2821     3979     6232     3978     3980     6238     6234
     2283     2329     2533     2330     3120     3582     3589     3579     3586     4999     3594
     2284     2329     2532     2531     3109     3581     4977     3580     3584     4989     4979
     2285     2329     2532     3120     3124     3581     4991     3586     3587     4992     7531
     2286     3015     3040     3016     3020     7208     7215     7201     7202     7236     7211
     2287     3015     3040     3039     3034     7208     7293     7207     7205     7284     7283
     2288     3016     3040     3035     3037     7215     7287     7213     7214     7290     7286
     2289     3016     3019     3020     3037     7210     7224     7211     7214     7230     7234
     2290     3019     3036     3037     3035     7229     7288     7230     7228     7285     7286
     2291     2399     2589     3023     2400     4097     5338     4098     4093     4102     4104
     2292     3014     3027     3033     3021     7198     7263     7199     7195     7238     7241
     2293     3015     3039     3021     3033     7207     7243     7203     7204     7280     7241
     2294     2332     2535     3126     3121     3606     5014     3611     3610     5013     7533
     2295     2331     3121     2332     2954     3604     3610     3596     3601     6957     3607
     2296     2330     2533     3121     3120     3589     5000     3595     3594     4999     7530
     2297     2330     2953     3121     2331     3591     6955     3595     3588     3600     3604
     2298     2332     3126     2333     2954     3611     3622     3605     3607     6959     3618
     2299     2370     2378     2381     2821     3909     3976     3911     3914     3980     3993
     2300     2328     2531     3114     3109     3569     4980     3575     3574     4979     7504
     2301     2341     2384     2765     2814     3679     4005     3683     3685     4006     6233
     2302     2329     2330     2950     3120     3579     3590     3583     3586     3594     6937
     2303     2328     2531     3109     2329     3569     4979     3574     3568     3580     3584
     2304     2329     2531     2532     3124     3580     4977     3581     3587     4982     4992
     2305     2329     2950     3124     3120     3583     6938     3587     3586     6937     7531
     2306     3015     3038     3040     3020     7206     7292     7208     7202     7235     7236
     2307     3016     3020     3040     3037     7211     7236     7215     7214     7234     7290
     2308     3015     3039     3040     3038     7207     7293     7208     7206     7291     7292
     2309     3019     3029     3020     3037     7227     7232     7224     7230     7270     7234
     2310     3019     3036     3029     3037     7229     7269     7227     7230     7288     7270
     2311     2400     3018     2589     3023     4103     5337     4102     4104     7222     5338
     2312     3021     3033     3039     3027     7241     7280     7243     7238     7263     7264
     2313     3014     3022     3027     3021     7196     7246     7198     7195     7237     7238
     2314     3014     3027     3022     3024     7198     7246     7196     7197     7253     7244
     2315     3015     3021     3039     3038     7203     7243     7207     7206     7242     7291
     2316     2332     3126     2954     3121     3611     6959     3607     3610     7533     6957
     2317     2331     3121     2954     2953     3604     6957     3601     3600     6955     6953
     2318     2330     3121     2953     3120     3595     6955     3591     3594     7530     6954
     2319     2333     2954     3126     2955     3618     6959     3622     3619     6956     6963
     2320     2378     2382     2381     2821     3977     3992     3976     3980     3997     3993
     2321     2382     2765     2384     2814     3995     4005     3994     3996     6233     4006
     2322     2330     2953     2950     3120     3591     6936     3590     3594     6954     6937
     2323     2328     3124     2531     2329     3576     4982     3569     3568     3587     3580
     2324     2328     2950     3124     2329     3572     6938     3576     3568     3583     3587
     2325     3020     3040     3037     3038     7236     7290     7234     7235     7292     7289
     2326     3015     3020     3021     3038     7202     7231     7203     7206     7235     7242
     2327     3020     3029     3030     3037     7232     7268     7233     7234     7270     7272
     2328     2584     3019     3029     3020     5309     7227     5311     5310     7224     7232
     2329     3019     3036     3028     3029     7229     7267     7226     7227     7269     7266
     2330     2400     2589     3018     2588     4102     5337     4103     4101     5335     5336
     2331     2400     3028     2401     3018     4106     4111     4100     4103     7223     4110
     2332     2583     3028     3019     3018     5304     7226     5303     5302     7223     7221
     2333     3021     3039     3031     3027     7243     7277     7240     7238     7264     7261
     2334     3021     3031     3022     3027     7240     7247     7237     7238     7261     7246
     2335     3022     3025     3024     3027     7245     7252     7244     7246     7255     7253
     2336     3021     3031     3039     3038     7240     7277     7243     7242     7276     7291
     2337     2954     3126     3122     3121     6959     7535     6958     6957     7533     7532
     2338     2540     2953     3121     3120     5046     6955     5052     5051     6954     7530
     2339     2954     2955     3122     3126     6956     6961     6958     6959     6963     7535
     2340     2324     2765     2326     2384     3545     3555     3541     3544     4005     3553
     2341     2324     2382     2765     2384     3543     3995     3545     3544     3994     4005
     2342     2324     2378     2765     2382     3542     3978     3545     3543     3977     3995
     2343     2328     3124     2950     2952     3576     6938     3572     3573     6948     6935
     2344     3020     3037     3030     3038     7234     7272     7233     7235     7289     7273
     2345     3020     3030     3021     3038     7233     7239     7231     7235     7273     7242
     2346     2584     3029     3030     3020     5311     7268     5312     5310     7232     7233
     2347     2583     2584     3019     3029     5301     5309     5303     5305     5311     7227
     2348     2583     3019     3028     3029     5303     7226     5304     5305     7227     7266
     2349     2400     3018     2401     2588     4103     4110     4100     4101     5336     4109
     2350     2344     3028     3018     2401     3707     7223     3706     3703     4111     4110
     2351     3022     3031     3032     3027     7247     7275     7248     7246     7261     7262
     2352     2586     3021     3031     3022     5323     7240     5325     5324     7237     7247
     2353     3022     3032     3025     3027     7248     7256     7245     7246     7262     7255
     2354     2404     2590     3025     3024     4126     5341     4129     4128     5340     7252
     2355     3021     3030     3031     3038     7239     7271     7240     7242     7273     7276
     2356     2542     3122     3121     2954     5066     7532     5065     5062     6958     6957
     2357     2540     2953     2541     3121     5046     5054     5044     5052     6955     5060
     2358     2955     3122     3126     3125     6961     7535     6963     6962     7534     7547
     2359     2364     3122     2954     2955     3860     6958     3856     3857     6961     6956
     2360     2950     2952     3124     2951     6935     6948     6938     6934     6940     6942
     2361     2585     3030     3021     3020     5318     7239     5317     5316     7233     7231
     2362     2346     2584     3029     3030     3721     5311     3722     3723     5312     7268
     2363     2584     3030     2585     3020     5312     5318     5308     5310     7233     5316
     2364     2346     2584     2583     3029     3721     5301     3720     3722     5311     5305
     2365     2345     2583     3028     3029     3712     5304     3713     3714     5305     7266
     2366     2401     3018     2582     2588     4110     5299     4108     4109     5336     5297
     2367     2344     2401     3018     2582     3703     4110     3706     3704     4108     5299
     2368     2586     3031     3032     3022     5325     7275     5326     5324     7247     7248
     2369     2585     3021     3031     2586     5317     7240     5319     5315     5323     5325
     2370     2585     3031     3021     3030     5319     7240     5317     5318     7271     7239
     2371     2275     2858     2310     2754     3239     3456     3236     3238     6195     3454
     2372     2367     2953     2541     2540     3885     5054     3883     3882     5046     5044
     2373     2366     2953     2541     2367     3876     5054     3875     3874     3885     3883
     2374     2951     3123     2952     3124     6941     6947     6940     6942     7540     6948
     2375     2367     2950     2539     2368     3884     5036     3881     3880     3890     3889
     2376     2345     2346     2583     3029     3709     3720     3712     3714     3722     5305
     2377     2401     2580     2588     2582     4107     5293     4109     4108     5292     5297
     2378     2342     2344     2582     2401     3689     3704     3693     3691     3703     4108
     2379     2344     3018     2583     2582     3706     5302     3705     3704     5299     5296
     2380     2348     2586     3031     3032     3738     5325     3740     3741     5326     7275
     2381     2586     3032     2587     3022     5326     5332     5322     5324     7248     5330
     2382     2348     3031     2586     2585     3740     5325     3738     3737     5319     5315
     2383     2347     3031     2585     3030     3731     5319     3729     3730     7271     5318
     2384     2275     2310     2858     2284     3236     3456     3239     3235     3289     3292
     2385     2275     2858     2754     2732     3239     6195     3238     3237     6099     6098
     2386     2327     2615     2858     2616     3561     5473     3564     3562     5472     5477
     2387     2365     2542     3085     2541     3867     5064     3869     3866     5053     5057
     2388     2367     2541     3099     2540     3883     5059     3886     3882     5044     5049
     2389     2366     2367     2541     3099     3874     3883     3875     3879     3886     5059
     2390     2365     2541     3098     2366     3866     5058     3871     3865     3875     3878
     2391     2342     2582     2580     2401     3693     5292     3692     3691     4108     4107
     2392     2342     2582     2344     2351     3693     3704     3689     3690     3760     3700
     2393     2348     2587     2586     3032     3739     5322     3738     3741     5332     5326
     2394     2347     3031     2348     2585     3731     3740     3726     3729     5319     3737
     2395     2283     2310     2284     3076     3284     3289     3283     3288     3457     3293
     2396     2312     3125     2827     2545     3478     6493     3476     3470     5082     5081
     2397     2365     3098     2541     3085     3871     5058     3866     3869     7430     5057
     2398     2367     2540     3099     3100     3882     5049     3886     3887     5050     7479
     2399     2540     2541     3099     3084     5044     5059     5049     5048     5056     7426
     2400     2366     3099     2541     3098     3879     5059     3875     3878     7478     5058
     2401     2368     3101     2369     3082     3893     3904     3888     3891     7414     3903
     2402     2369     3102     2538     3082     3905     5029     3896     3903     7415     5028
     2403     2342     2582     2351     2580     3693     3760     3690     3692     5292     3758
     2404     2348     2349     2587     3032     3734     3746     3739     3741     3747     5332
     2405     2348     2586     2587     2353     3738     5322     3739     3735     3775     3776
     2406     2348     2354     2586     2353     3736     3785     3738     3735     3770     3775
     2407     2327     2616     3076     2617     3562     5478     3565     3563     5476     5481
     2408     2283     2310     3076     2313     3284     3457     3288     3285     3448     3484
     2409     2312     2861     2731     2732     3477     6097     3472     3473     6100     6096
     2410     2541     3098     3099     3085     5058     7478     5059     5057     7430     7431
     2411     2541     3099     3084     3085     5059     7426     5056     5057     7431     7423
     2412     2369     3102     3082     3101     3905     7415     3903     3904     7482     7414
     2413     2538     3080     3082     3102     5027     7404     5028     5029     7405     7415
     2414     3082     3102     3093     3101     7415     7460     7413     7414     7482     7459
     2415     2351     2581     2580     2582     3759     5291     3758     3760     5294     5292
     2416     2348     2587     2349     2353     3739     3746     3734     3735     3776     3743
     2417     2353     2587     2579     2586     3776     5285     3774     3775     5322     5284
     2418     2353     2578     2354     2586     3773     3784     3770     3775     5278     3785
     2419     3085     3098     3099     3096     7430     7478     7431     7428     7472     7473
     2420     3084     3085     3099     3096     7423     7431     7426     7425     7428     7473
     2421     2362     2852     2610     2612     3842     5449     3838     3840     5457     5448
     2422     2309     3077     2852     2362     3444     6594     3443     3435     3843     3842
     2423     2276     2752     2309     2852     3243     3440     3241     3244     6188     3443
     2424     2309     2824     2825     2537     3441     6482     3442     3437     5023     5024
     2425     2395     2775     2776     2668     4069     6265     4070     4067     5782     5783
     2426     2387     3123     2769     2775     4028     6241     4025     4027     6267     6240
     2427     2388     2774     3123     2770     4033     6260     4035     4031     6243     6244
     2428     2577     3083     3095     3084     5271     7419     5274     5272     7417     7424
     2429     3083     3095     3100     3094     7419     7469     7420     7418     7462     7463
     2430     2579     3082     3080     3102     5288     7404     5287     5289     7415     7405
     2431     2357     2575     3085     3097     3805     5255     3806     3808     5256     7429
     2432     2356     2357     3085     3096     3797     3806     3799     3801     3807     7428
     2433     2356     3096     3085     2576     3801     7428     3799     3798     5265     5263
     2434     2350     2358     2833     2351     3751     3814     3755     3750     3757     3761
     2435     2350     2833     2581     2351     3755     5295     3754     3750     3761     3759
     2436     2353     2579     2578     2586     3774     5277     3773     3775     5284     5278
     2437     2596     2843     2617     2857     5364     5479     5362     5365     6559     5480
     2438     3085     3097     3098     3096     7429     7474     7430     7428     7471     7472
     2439     3084     3099     3095     3096     7426     7468     7424     7425     7473     7467
     2440     2576     3096     3085     3084     5265     7428     5263     5262     7425     7423
     2441     2276     2734     2752     2852     3242     6107     3243     3244     6108     6188
     2442     2277     2311     2733     2859     3245     3462     3249     3251     3467     6104
     2443     2362     2612     3077     2852     3840     5458     3843     3842     5457     6594
     2444     2279     2309     3077     2852     3258     3444     3260     3259     3443     6594
     2445     2276     2279     2852     2309     3240     3259     3244     3241     3258     3443
     2446     2309     2824     2537     2573     3441     5023     3437     3438     5240     5022
     2447     2394     2773     2774     2650     4064     6253     4065     4062     5674     5675
     2448     2577     3094     3095     3083     5273     7462     5274     5271     7418     7419
     2449     2356     3095     3096     2576     3800     7467     3801     3798     5264     5265
     2450     2576     3095     3096     3084     5264     7467     5265     5262     7424     7425
     2451     2357     3097     3085     3096     3808     7429     3806     3807     7471     7428
     2452     2350     2581     2833     2572     3754     5295     3755     3753     5237     5238
     2453     2353     3082     2578     2579     3778     5279     3773     3774     5288     5277
     2454     2596     2755     2843     2857     5363     6197     5364     5365     6199     6559
     2455     2613     2617     2843     2857     5459     5479     5460     5462     5480     6559
     2456     2281     2857     2755     2283     3272     6199     3271     3268     3287     3286
     2457     2362     3077     2612     2611     3843     5458     3840     3839     5456     5453
     2458     2279     2309     2280     3077     3258     3262     3257     3260     3444     3267
     2459     2355     3094     3095     2577     3793     7462     3794     3792     5273     5274
     2460     2352     2389     2834     2392     3765     4039     3767     3766     4038     4052
     2461     2592     2845     2851     2611     5347     6568     5348     5346     5454     5455
     2462     2280     2308     2751     2851     3261     3432     3265     3266     3434     6186
     2463     2308     2845     2851     2592     3433     6568     3434     3431     5347     5348
     2464     2314     2844     2738     2737     3489     6126     3487     3486     6121     6120
     2465     2600     2844     2853     2854     5390     6561     5391     5392     6562     6596
     2466     2609     2845     2611     2851     5445     5454     5444     5446     6568     5455
     2467     2278     2751     2851     2280     3255     6186     3256     3252     3265     3266
     2468     2308     2851     2845     2751     3434     6568     3433     3432     6186     6184
     2469     2314     2316     2844     2737     3485     3499     3489     3486     3498     6121
     2470     2737     2853     2844     2854     6122     6561     6121     6123     6596     6562
     2471     2603     2851     2845     2609     5410     6568     5408     5407     5446     5445
     2472     2278     2751     2305     2851     3255     3414     3253     3256     6186     3416
     2473     2751     2845     2846     2851     6184     6567     6185     6186     6568     6569
     2474     2603     2856     2851     2609     5412     6592     5410     5407     5447     5446
     2475     2603     2845     2851     2846     5408     6568     5410     5409     6567     6569
     2476     2278     2305     2736     2851     3253     3413     3254     3256     3416     6116
     2477     2305     2751     2846     2851     3414     6185     3415     3416     6186     6569
     2478     2603     2851     2856     2846     5410     6592     5412     5409     6569     6571
     2479     2305     2846     2736     2851     3415     6115     3413     3416     6569     6116
     2480     2316     2317     3079     3062     3497     3507     3501     3500     3506     7375
     2481     2603     2846     2856     2855     5409     6571     5412     5411     6570     6602
     2482     2630     2938     2899     2633     5546     6761     5545     5542     5566     5565
     2483     2899     2924     2938     2916     6759     6848     6761     6758     6818     6820
     2484     2669     2938     2678     2916     5791     5846     5787     5790     6820     5845
     2485     2629     2891     2940     2638     5539     6727     5540     5536     5597     5599
     2486     2670     2673     2940     2923     5793     5817     5797     5796     5815     6845
     2487     2736     2856     2846     2855     6118     6571     6115     6117     6602     6570
     2488     2603     2605     2846     2855     5406     5421     5409     5411     5422     6570
     2489     2691     2916     2938     2924     5913     6820     5915     5914     6818     6848
     2490     2678     2916     2938     2691     5845     6820     5846     5844     5913     5915
     2491     2891     2940     2925     2923     6727     6850     6725     6724     6845     6843
     2492     2638     2891     2940     2925     5597     6727     5599     5598     6725     6850
     2493     2673     2940     2923     2925     5817     6845     5815     5816     6850     6843
     2494     2638     2940     2673     2925     5599     5817     5596     5598     6850     5816
     2495     2638     2925     2651     2891     5598     5681     5594     5597     6725     5680
     2496     2673     2923     2703     2925     5815     5976     5814     5816     6843     5977
     2497     2315     2317     2739     2842     3491     3504     3492     3495     3505     6131
     2498     2633     2634     3069     2665     5562     5573     5567     5563     5568     5769
     2499     2315     2842     2739     2740     3495     6131     3492     3493     6135     6130
     2500     2637     2638     3068     2652     5589     5600     5593     5590     5595     5686
     2501     2652     2702     2925     3068     5682     5973     5684     5686     5975     6851
     2502     2315     2740     2870     2842     3493     6136     3496     3495     6135     6555
     2503     2740     2874     2870     2842     6138     6640     6136     6135     6556     6555
     2504     2599     2870     2874     2842     5383     6640     5385     5382     6555     6556
     2505     2637     2939     2652     3068     5592     5685     5590     5593     6889     5686
     2506     2652     2939     2702     3068     5685     5974     5682     5686     6889     5975
     2507     2674     2702     2939     3068     5819     5974     5822     5823     5975     6889
     2508     2315     2870     2756     2842     3496     6204     3494     3495     6555     6203
     2509     2285     2740     2870     2315     3296     6136     3298     3295     3493     3496
     2510     2599     2841     2870     2842     5381     6554     5383     5382     6553     6555
     2511     2599     2874     2870     2625     5385     6640     5383     5380     5521     5520
     2512     2637     2652     2939     2892     5590     5685     5592     5591     5683     6731
     2513     2652     2702     2939     2892     5682     5974     5685     5683     5971     6731
     2514     2674     2939     2702     2922     5822     5974     5819     5821     6840     5972
     2515     2756     2841     2842     2870     6202     6553     6203     6204     6554     6555
     2516     2285     2315     2870     2756     3295     3496     3298     3297     3494     6204
     2517     2599     2870     2841     2625     5383     6554     5381     5380     5520     5519
     2518     2604     2871     2848     2606     5417     6577     5416     5413     5428     5427
     2519     2632     2898     2937     2634     5560     6757     5561     5557     5571     5572
     2520     2675     2917     2677     2937     5827     5841     5824     5828     6824     5842
     2521     2898     2937     2917     2931     6757     6824     6755     6756     6869     6823
     2522     2635     2637     2939     2892     5574     5592     5578     5577     5591     6731
     2523     2702     2939     2892     2922     5974     6731     5971     5972     6840     6729
     2524     2672     2939     2674     2922     5811     5822     5807     5810     6840     5821
     2525     2323     2841     2756     2870     3538     6202     3537     3539     6554     6204
     2526     2285     2756     2870     2294     3297     6204     3298     3294     3357     3358
     2527     2625     2626     2870     2841     5518     5524     5520     5519     5523     6554
     2528     2304     2741     2306     2848     3406     3419     3405     3409     6141     3420
     2529     2604     2871     2872     2848     5417     6641     5418     5416     6577     6578
     2530     2632     2662     2937     2898     5558     5752     5561     5560     5750     6757
     2531     2675     2693     2917     2937     5825     5924     5827     5828     5926     6824
     2532     2693     2917     2937     2931     5924     6824     5926     5925     6823     6869
     2533     2662     2937     2898     2931     5752     6757     5750     5751     6869     6756
     2534     2323     2626     2841     2870     3535     5523     3538     3539     5524     6554
     2535     2304     2742     2741     2848     3407     6140     3406     3409     6145     6141
     2536     2632     2937     2662     2880     5561     5752     5558     5559     6675     5749
     2537     2675     2907     2693     2937     5826     5923     5825     5828     6787     5926
     2538     2693     2937     2907     2931     5926     6787     5923     5925     6869     6786
     2539     2662     2880     2937     2931     5749     6675     5752     5751     6674     6869
     2540     2693     2931     2907     2906     5925     6786     5923     5922     6783     6782
     2541     2880     2937     2931     2907     6675     6869     6674     6673     6787     6786
     2542     2693     2931     2906     2695     5925     6783     5922     5921     5935     5934
     2543     2653     2928     2882     2881     5691     6684     5689     5688     6679     6677
     2544     2293     2294     3074     2318     3348     3359     3353     3349     3354     3513
     2545     2620     2847     2864     2622     5495     6574     5496     5494     5503     5504
     2546     2320     2864     2750     2847     3523     6182     3521     3522     6574     6180
     2547     2653     2928     2881     2655     5691     6679     5688     5687     5701     5700
     2548     2293     3074     2319     2318     3353     3517     3350     3349     3513     3509
     2549     2286     2289     2864     2750     3299     3323     3303     3302     3322     6182
     2550     2320     2622     2864     2847     3520     5504     3523     3522     5503     6574
     2551     2322     3074     2869     2627     3534     6637     3533     3530     5528     5527
     2552     2322     2869     2849     2627     3533     6584     3532     3530     5527     5526
     2553     2655     2656     3073     3059     5699     5710     5703     5702     5709     7363
     2554     2623     2627     2849     2869     5506     5526     5507     5509     5527     6584
     2555     2322     2757     2849     2869     3531     6205     3532     3533     6207     6584
     2556     2291     2869     2757     2293     3336     6207     3335     3332     3352     3351
     2557     2289     2290     3075     2303     3320     3331     3324     3321     3326     3404
     2558     2696     2930     3072     2912     5940     6866     5942     5939     6803     6805
     2559     2694     2930     2696     2912     5931     5940     5927     5928     6803     5939
     2560     2663     3072     2930     2889     5758     6866     5756     5755     6718     6716
     2561     2321     2839     2863     2621     3526     6545     3527     3525     5500     5501
     2562     2302     2321     2839     2863     3396     3526     3398     3399     3527     6545
     2563     2290     2863     2302     2749     3330     3399     3325     3329     6178     3397
     2564     2694     2930     2912     2913     5931     6803     5928     5929     6807     6802
     2565     2889     2912     2930     2913     6714     6803     6716     6715     6802     6807
     2566     2661     2663     2930     2889     5741     5756     5745     5742     5755     6716
     2567     2654     2929     2656     2887     5697     5708     5693     5694     6706     5706
     2568     2887     2915     2929     2914     6705     6816     6706     6704     6811     6812
     2569     2698     2700     2929     2914     5946     5960     5950     5947     5959     6812
     2570     2607     2865     2866     2850     5436     6628     5437     5435     6587     6588
     2571     2746     2865     2850     2866     6166     6587     6165     6167     6628     6588
     2572     2295     2850     2746     2745     3364     6165     3362     3361     6162     6160
     2573     2619     2863     2839     2621     5491     6545     5490     5489     5501     5500
     2574     2302     2839     2749     2863     3398     6176     3397     3399     6545     6178
     2575     2288     2749     2863     2290     3317     6178     3318     3314     3329     3330
     2576     2661     2930     2890     2889     5745     6721     5743     5742     6716     6713
     2577     2654     2888     2929     2887     5695     6711     5697     5694     6703     6706
     2578     2698     2929     2915     2914     5950     6816     5948     5947     6812     6811
     2579     2607     2865     2850     2608     5436     6587     5435     5432     5442     5441
     2580     2745     2865     2850     2746     6163     6587     6162     6160     6166     6165
     2581     2295     2850     2745     2297     3364     6162     3361     3360     3373     3370
     2582     2654     2933     2929     2888     5698     6865     5697     5695     6712     6711
     2583     2698     2933     2915     2929     5951     6817     5948     5950     6865     6816
     2584     2888     2915     2933     2929     6710     6817     6712     6711     6816     6865
     2585     2642     2933     2654     2888     5625     5698     5622     5623     6712     5695
     2586     2654     2929     2933     2893     5697     6865     5698     5696     6734     6735
     2587     2698     2921     2933     2929     5949     6837     5951     5950     6836     6865
     2588     2685     2933     2915     2698     5881     6817     5879     5878     5951     5948
     2589     2642     2654     2933     2893     5622     5698     5625     5624     5696     6735
     2590     2685     2921     2933     2698     5880     6837     5881     5878     5949     5951
     2591     2597     2868     2867     2840     5372     6633     5371     5370     6549     6548
     2592     2300     2840     2743     2744     3387     6152     3384     3385     6155     6150
     2593     2744     2868     2840     2867     6158     6549     6155     6157     6633     6548
     2594     2597     2867     2598     2840     5371     5377     5367     5370     6548     5376
     2595     2743     2840     2867     2744     6152     6548     6153     6150     6155     6157
     2596     2300     2743     2840     2301     3384     6152     3387     3383     3390     3393
     2597     2683     3070     2779     2684     5871     6291     5868     5866     5875     5872
     2598     2683     2778     2779     3070     5867     6279     5868     5871     6286     6291
     2599     2648     2683     3070     2778     5661     5871     5664     5662     5867     6286
     2600     2683     2779     2778     2780     5868     6279     5867     5869     6290     6280
     2601     2644     2657     2926     2658     5632     5716     5636     5633     5711     5721
     2602     2418     2683     2778     2780     4225     5867     4226     4227     5869     6280
     2603     2416     2780     2418     2778     4218     4227     4216     4217     6280     4226
     2604     2418     2936     2683     2680     4230     5870     4225     4224     5853     5851
     2605     2416     2778     3063     2785     4217     6285     4221     4219     6282     6310
     2606     2778     3063     2785     2784     6285     6310     6282     6281     6308     6307
     2607     2435     3063     2809     2484     4361     6449     4359     4357     4688     4686
     2608     2411     3066     2926     2782     4188     6853     4187     4184     6297     6296
     2609     2781     3066     2782     2926     6295     6297     6293     6294     6853     6296
     2610     2420     3066     2781     2658     4244     6295     4243     4242     5722     5718
     2611     2420     2496     3066     2658     4241     4765     4244     4242     4763     5722
     2612     2492     2813     3066     2496     4740     6465     4742     4739     4764     4765
     2613     2435     2484     2949     2436     4357     4687     4360     4356     4367     4369
     2614     2435     2436     3092     2484     4356     4373     4363     4357     4367     4689
     2615     2483     2949     3127     2484     4682     6928     4684     4680     4687     4690
     2616     2422     2813     3066     2492     4259     6465     4261     4257     4740     4742
     2617     2492     3066     3091     2496     4742     7389     4743     4739     4765     4766
     2618     2436     2483     2484     2949     4366     4680     4367     4369     4682     4687
     2619     2435     3064     3092     2436     4362     7384     4363     4356     4371     4373
     2620     2436     2483     3092     2484     4366     4683     4373     4367     4680     4689
     2621     2483     2949     3128     3127     4682     6929     4685     4684     6928     7552
     2622     2422     2492     3066     3091     4257     4742     4261     4263     4743     7389
     2623     2496     3066     3091     2498     4765     7389     4766     4762     4771     4773
     2624     2431     3064     2477     3092     4328     4651     4326     4329     7384     4653
     2625     2431     2478     3092     2477     4327     4656     4329     4326     4649     4653
     2626     2436     2949     3128     2483     4369     6929     4374     4366     4682     4685
     2627     2436     3092     3065     3064     4373     7386     4372     4371     7384     7383
     2628     2492     3128     2949     3127     4745     6929     4741     4744     7552     6928
     2629     2422     3066     3067     3091     4261     7388     4262     4263     7389     7392
     2630     2422     2491     2492     3091     4256     4734     4257     4263     4737     4743
     2631     2498     3066     3091     3067     4771     7389     4773     4772     7388     7392
     2632     2477     3064     3065     3092     4651     7383     4652     4653     7384     7386
     2633     2431     2477     3064     2432     4326     4651     4328     4324     4335     4336
     2634     2431     2439     2478     2477     4325     4395     4327     4326     4394     4649
     2635     2436     3128     2486     2483     4374     4706     4368     4366     4685     4681
     2636     2436     3128     2949     2956     4374     6929     4369     4370     6969     6927
     2637     2422     3067     2491     3091     4262     4736     4256     4263     7392     4737
     2638     2426     2498     2427     3067     4295     4301     4290     4297     4772     4302
     2639     2497     3067     2498     3091     4769     4772     4768     4770     7392     4773
     2640     2432     3064     3065     2477     4336     7383     4337     4335     4651     4652
     2641     2431     2432     2439     2477     4324     4333     4325     4326     4335     4394
     2642     2439     2475     2478     2477     4393     4638     4395     4394     4637     4649
     2643     2433     2436     2486     2483     4340     4368     4344     4343     4366     4681
     2644     2436     2486     3128     2956     4368     4706     4374     4370     4703     6969
     2645     2423     2949     3128     2956     4268     6929     4271     4269     6927     6969
     2646     2422     2491     3067     2423     4256     4736     4262     4255     4267     4270
     2647     2426     2427     2498     2449     4290     4301     4295     4293     4299     4454
     2648     2427     2498     2497     3067     4301     4768     4300     4302     4772     4769
     2649     2432     2439     2477     2440     4333     4394     4335     4334     4391     4401
     2650     2439     2477     2474     2475     4394     4628     4392     4393     4637     4627
     2651     2433     2956     2486     2436     4346     4703     4344     4340     4370     4368
     2652     2433     2483     2486     2479     4343     4681     4344     4341     4660     4661
     2653     2486     2487     3128     2956     4700     4714     4706     4703     4712     6969
     2654     2421     3128     2956     2423     4254     6969     4252     4246     4271     4269
     2655     2423     2491     3067     2425     4267     4736     4270     4266     4284     4289
     2656     2421     3128     2423     2491     4254     4271     4246     4250     4738     4267
     2657     2426     2449     2498     2466     4293     4454     4295     4294     4452     4572
     2658     2427     2449     2497     2498     4299     4453     4300     4301     4454     4768
     2659     2425     2497     3067     2427     4286     4769     4289     4282     4300     4302
     2660     2439     2474     2477     2440     4392     4628     4394     4391     4400     4401
     2661     2439     2474     3047     2475     4392     4632     4398     4393     4627     4643
     2662     2433     2569     2486     2956     4345     4702     4344     4346     5212     4703
     2663     2433     2486     2569     2479     4344     4702     4345     4341     4661     4662
     2664     2486     2568     2487     2956     4701     4711     4700     4703     5206     4712
     2665     2421     2956     3128     2487     4252     6969     4254     4249     4712     4714
     2666     2433     2480     2569     2434     4342     4667     4345     4339     4350     4352
     2667     2434     2472     2480     2566     4349     4616     4350     4351     4618     4666
     2668     2425     2485     2491     2494     4283     4693     4284     4285     4694     4735
     2669     2421     2425     2491     2423     4247     4284     4250     4246     4266     4267
     2670     2421     3128     2491     2487     4254     4738     4250     4249     4714     4709
     2671     2426     2449     2466     2448     4293     4452     4294     4292     4445     4447
     2672     2449     2498     2466     2465     4454     4572     4452     4451     4568     4565
     2673     2424     2449     2497     2427     4275     4453     4280     4273     4299     4300
     2674     2449     2497     2498     2465     4453     4768     4454     4451     4567     4568
     2675     2424     2497     2425     2427     4280     4286     4272     4273     4300     4282
     2676     2442     2448     2464     2466     4413     4446     4415     4416     4447     4561
     2677     2424     2497     2494     2425     4280     4752     4279     4272     4286     4285
     2678     2439     3047     2474     2440     4398     4632     4392     4391     4402     4400
     2679     2439     2726     2475     2727     4396     4640     4393     4397     6069     4641
     2680     2474     3047     2475     3043     4632     4643     4627     4630     7308     4642
     2681     2439     2475     3047     2727     4393     4643     4398     4397     4641     6074
     2682     2486     2569     2568     2956     4702     5205     4701     4703     5212     5206
     2683     2433     2569     2480     2479     4345     4667     4342     4341     4662     4659
     2684     2487     2567     2956     2568     4710     5201     4712     4711     5200     5206
     2685     2421     2956     2487     2567     4252     4712     4249     4251     5201     4710
     2686     2430     2472     2434     2566     4320     4349     4318     4321     4618     4351
     2687     2421     2425     2485     2491     4247     4283     4248     4250     4284     4693
     2688     2421     2487     2491     2485     4249     4709     4250     4248     4692     4693
     2689     2448     3056     2449     2466     4448     4455     4445     4447     4574     4452
     2690     2449     3056     2465     2466     4455     4570     4451     4452     4574     4565
     2691     2424     2497     2449     2465     4280     4453     4275     4277     4567     4451
     2692     2442     2466     3056     2448     4416     4574     4418     4413     4447     4448
     2693     2442     2464     2455     2466     4415     4495     4414     4416     4561     4496
     2694     2442     2446     2464     2448     4412     4437     4415     4413     4436     4446
     2695     2424     2494     2560     2425     4279     4753     4281     4272     4285     4287
     2696     2424     2497     2493     2494     4280     4748     4278     4279     4752     4747
     2697     2430     2438     2472     2566     4319     4383     4320     4321     4387     4618
     2698     2475     2725     2727     2726     4639     6065     4641     4640     6064     6069
     2699     2475     2727     3043     3047     4641     6073     4642     4643     6074     7308
     2700     2474     3043     3050     3047     4630     7310     4633     4632     7308     7328
     2701     2421     2567     2487     2485     4251     4710     4249     4248     4695     4692
     2702     2465     2466     3056     3052     4565     4574     4570     4569     4573     7346
     2703     2449     3056     3058     2465     4455     7358     4456     4451     4570     4571
     2704     2424     2449     2447     2465     4275     4439     4274     4277     4451     4442
     2705     2424     2465     2493     2497     4277     4566     4278     4280     4567     4748
     2706     2442     3052     3056     2466     4417     7346     4418     4416     4573     4574
     2707     2442     2455     3052     2466     4414     4497     4417     4416     4496     4573
     2708     2438     2553     2472     2566     4385     4617     4383     4387     5130     4618
     2709     2438     2471     2472     2553     4382     4603     4383     4385     4606     4617
     2710     2727     3043     3047     3049     6073     7308     6074     6075     7309     7327
     2711     3043     3050     3047     3049     7310     7328     7308     7309     7332     7327
     2712     2474     3050     3043     3044     4633     7310     4630     4631     7315     7307
     2713     2465     3056     3058     3052     4570     7358     4571     4569     7346     7347
     2714     2449     3058     2453     2465     4456     4485     4450     4451     4571     4482
     2715     2447     2449     2453     2465     4439     4450     4440     4442     4451     4482
     2716     2424     2465     2447     2461     4277     4442     4274     4276     4533     4441
     2717     2424     2493     2465     2461     4278     4566     4277     4276     4534     4533
     2718     2442     3056     3052     2445     4418     7346     4417     4411     4435     4433
     2719     2442     3052     2455     2445     4417     4497     4414     4411     4433     4431
     2720     2438     2553     2555     2471     4385     5129     4386     4382     4606     4607
     2721     3043     3044     3050     3049     7307     7315     7310     7309     7314     7332
     2722     2462     2465     3058     3052     4540     4571     4545     4543     4569     7347
     2723     3052     3058     3054     3056     7347     7355     7345     7346     7358     7354
     2724     2453     2465     3058     2462     4482     4571     4485     4481     4540     4545
     2725     2447     2461     2465     2453     4441     4533     4442     4440     4480     4482
     2726     2424     2447     2560     2461     4274     4444     4281     4276     4441     4536
     2727     2445     3052     3054     3056     4433     7345     4434     4435     7346     7354
     2728     2445     3052     2455     2457     4433     4497     4431     4432     4504     4494
     2729     3044     3049     3046     3050     7314     7323     7313     7315     7332     7324
     2730     2462     3058     3051     3052     4545     7340     4542     4543     7347     7335
     2731     3051     3052     3058     3054     7335     7347     7340     7337     7345     7355
     2732     2452     2453     3058     2462     4473     4485     4479     4474     4481     4545
     2733     2444     3052     3054     2445     4428     7345     4430     4426     4433     4434
     2734     2444     2457     3052     2445     4427     4504     4428     4426     4432     4433
     2735     3044     3045     3046     3049     7312     7318     7313     7314     7320     7323
     2736     2570     3046     2571     3044     5222     5232     5216     5221     7313     5231
     2737     2462     3051     3058     3055     4542     7340     4545     4544     7338     7357
     2738     3051     3053     3052     3054     7336     7344     7335     7337     7348     7345
     2739     3051     3058     3055     3054     7340     7357     7338     7337     7355     7353
     2740     2452     3058     3055     2462     4479     7357     4478     4474     4545     4544
     2741     2444     3052     3053     3054     4428     7344     4429     4430     7345     7348
     2742     2444     3053     3052     2457     4429     7344     4428     4427     4505     4504
     2743     2555     2571     2975     2556     5144     5229     5145     5143     5151     5152
     2744     2555     3046     2571     2556     5146     5232     5144     5143     5154     5151
     2745     2728     2729     2730     3042     6077     6083     6078     6079     6088     6093
     2746     3041     3044     3042     3045     7295     7303     7294     7296     7312     7304
     2747     3041     3045     3046     3044     7296     7318     7297     7295     7312     7313
     2748     2462     3051     3055     2463     4542     7338     4544     4539     4553     4554
     2749     3051     3055     3053     3054     7338     7349     7336     7337     7353     7348
     2750     2457     3053     3052     3051     4505     7344     4504     4503     7336     7335
     2751     2452     2463     2462     3055     4475     4539     4474     4478     4554     4544
     2752     2452     2974     2462     2463     4476     4541     4474     4475     4551     4539
     2753     2443     2457     3053     2444     4420     4505     4424     4419     4427     4429
     2754     2556     2979     2571     2975     5153     5230     5151     5152     7047     5229
     2755     2728     3042     3045     2729     6079     7304     6080     6077     6088     6089
     2756     2729     2730     3042     2947     6083     6093     6088     6085     6092     6921
     2757     2729     3041     3042     3045     6087     7294     6088     6089     7296     7304
     2758     2556     2979     2570     2571     5153     5219     5150     5151     5230     5216
     2759     2463     3055     3057     3051     4554     7356     4555     4553     7338     7339
     2760     3051     3053     3055     3057     7336     7349     7338     7339     7350     7356
     2761     2451     2452     3055     2463     4464     4478     4470     4465     4475     4554
     2762     2729     3048     3041     3045     6090     7298     6087     6089     7319     7296
     2763     2451     2463     3055     3057     4465     4554     4470     4471     4555     7356
     2764     2557     2979     2973     2570     5159     7034     5158     5155     5219     5218
     2765     2451     2972     2463     2802     4468     4550     4465     4467     6408     4549
     2766     2801     2961     2807     2808     6405     6439     6403     6404     6445     6436
     2767     2441     2792     2962     2942     4408     6355     4410     4409     6354     6903
     2768     2467     2961     2801     2808     4579     6405     4576     4577     6445     6404
     2769     2800     2961     2807     2801     6400     6439     6399     6398     6405     6403
     2770     2441     2792     2788     2962     4408     6328     4407     4410     6355     6329
     2771     2441     2962     2723     2942     4410     6055     4406     4409     6903     6053
     2772     2456     2961     2801     2467     4501     6405     4500     4498     4579     4576
     2773     2333     3126     2536     3129     3622     5019     3614     3623     7550     5020
     2774     2333     2536     3115     3129     3614     5018     3621     3623     5020     7510
     2775     2333     3129     3115     2335     3623     7510     3621     3612     3636     3635
     2776     2327     3129     2333     2335     3566     3623     3558     3559     3636     3612
     2777     2310     3129     2327     2335     3458     3566     3449     3450     3636     3559
     2778     2310     2529     3129     2335     3451     4971     3458     3450     3631     3636
     2779     2536     3126     2828     3129     5019     6495     5015     5020     7550     6496
     2780     2529     2536     2828     3129     4969     5015     4970     4971     5020     6496
     2781     2310     2529     2828     3129     3451     4970     3455     3458     4971     6496
     2782     2333     3130     2862     2861     3624     6620     3617     3616     6618     6616
     2783     2333     3130     2615     2862     3624     5475     3615     3617     6620     5474
     2784     2615     2862     3130     2858     5474     6620     5475     5473     6608     6609
     2785     2312     3130     2754     2827     3479     6196     3475     3476     6494     6194
     2786     2312     3125     3130     2827     3478     7548     3479     3476     6493     6494
     2787     2333     3130     3126     3129     3624     7551     3622     3623     7556     7550
     2788     2546     3130     3126     3125     5089     7551     5088     5087     7548     7547
     2789     2732     2858     2754     3130     6099     6195     6098     6102     6609     6196
     2790     2732     2862     2858     3130     6101     6608     6099     6102     6620     6609
     2791     2546     2754     3130     2827     5084     6196     5089     5085     6194     6494
     2792     2546     3130     3125     2827     5089     7548     5087     5085     6494     6493
     2793     2327     2615     3130     2858     3561     5475     3567     3564     5473     6609
     2794     2327     2615     2333     3130     3561     3615     3558     3567     5475     3624
     2795     2327     3130     2333     3129     3567     3624     3558     3566     7556     3623
     2796     2310     2858     3130     2754     3456     6609     3459     3454     6195     6196
     2797     2310     3130     2546     2754     3459     5089     3452     3454     6196     5084
     2798     2546     2828     3126     3130     5086     6495     5088     5089     6497     7551
     2799     2828     3126     3130     3129     6495     7551     6497     6496     7550     7556
     2800     2310     2828     2546     3130     3455     5086     3452     3459     6497     5089
     2801     2310     2828     3130     3129     3455     6497     3459     3458     6496     7556
     2802     2955     3122     3125     3131     6961     7534     6962     6965     7536     7549
     2803     2826     3122     3131     3125     6489     7536     6491     6490     7534     7549
     2804     2312     3131     3125     2545     3480     7549     3478     3470     5083     5082
     2805     2312     3131     2545     2753     3480     5083     3470     3474     6192     5079
     2806     2545     3125     2826     3131     5082     6490     5080     5083     7549     6491
     2807     2545     3131     2826     2753     5083     6491     5080     5079     6192     6191
     2808     2618     2955     2861     3131     5486     6617     5485     5487     6965     6619
     2809     2312     3131     2861     3130     3480     6619     3477     3479     7557     6618
     2810     2312     3125     3131     3130     3478     7549     3480     3479     7548     7557
     2811     2951     2952     3123     3132     6940     6947     6941     6943     6949     7541
     2812     2770     3123     3132     2774     6244     7541     6245     6243     6260     6261
     2813     2396     2774     2770     3132     4074     6243     4073     4076     6261     6245
     2814     2387     3132     3123     2775     4029     7541     4028     4027     6268     6267
     2815     2387     3132     2775     2396     4029     6268     4027     4024     4076     4075
     2816     2387     2770     3123     3132     4026     6244     4028     4029     6245     7541
     2817     2387     2770     3132     2396     4026     6245     4029     4024     4073     4076
     2818     2955     3133     3122     3131     6966     7537     6961     6965     7558     7536
     2819     2544     3122     3133     2826     5075     7537     5076     5074     6489     6492
     2820     2311     2826     2544     3133     3466     5074     3460     3468     6492     5076
     2821     2826     3122     3133     3131     6489     7537     6492     6491     7536     7558
     2822     2618     2955     3133     2859     5486     6966     5488     5484     6611     6612
     2823     2618     3133     2955     3131     5488     6966     5486     5487     7558     6965
     2824     2618     2753     3133     3131     5483     6193     5488     5487     6192     7558
     2825     2388     2823     3123     3134     4034     6479     4035     4036     6480     7542
     2826     2538     3123     2823     3134     5030     6479     5026     5032     7542     6480
     2827     2388     2394     3134     2774     4030     4066     4036     4033     4065     6262
     2828     2388     3134     3123     2774     4036     7542     4035     4033     6262     6260
     2829     2388     2823     3134     2771     4034     6480     4036     4032     6248     6249
     2830     2388     2771     3134     2394     4032     6249     4036     4030     4063     4066
     2831     2394     2773     3134     2774     4064     6255     4066     4065     6253     6262
     2832     2394     2771     3134     2773     4063     6249     4066     4064     6247     6255
     2833     2369     2538     2823     3134     3896     5026     3900     3906     5032     6480
     2834     2771     2772     3134     2773     6246     6252     6249     6247     6250     6255
     2835     2369     3134     2772     2951     3906     6252     3899     3902     6944     6251
     2836     2385     2823     2771     3134     4013     6248     4011     4014     6480     6249
     2837     2385     3134     2771     2772     4014     6249     4011     4012     6252     6246
     2838     2360     3134     2772     2369     3828     6252     3826     3823     3906     3899
     2839     2360     2823     3134     2369     3827     6480     3828     3823     3900     3906
     2840     2360     2823     2385     3134     3827     4013     3824     3828     6480     4014
     2841     2360     3134     2385     2772     3828     4014     3824     3826     6252     4012
     2842     2396     2775     3135     3132     4075     6269     4077     4076     6268     7559
     2843     2397     3135     2671     2900     4085     5804     4079     4083     6764     5800
     2844     2396     2775     2631     3135     4075     5550     4072     4077     6269     5554
     2845     2631     2775     2877     3135     5550     6266     5552     5554     6269     6661
     2846     2631     2877     2671     3135     5552     5799     5548     5554     6661     5804
     2847     2671     2900     3135     2877     5800     6764     5804     5799     6660     6661
     2848     2397     2776     3135     2690     4081     6273     4085     4080     5907     5910
     2849     2393     2951     2773     3136     4059     6254     4057     4060     6945     6256
     2850     2951     3136     2952     3132     6945     6951     6940     6943     7560     6949
     2851     2393     2951     3136     2671     4059     6945     4060     4054     5802     5805
     2852     2774     3136     2951     3132     6263     6945     6259     6261     7560     6943
     2853     2671     2952     2951     3136     5803     6940     5802     5805     6951     6945
     2854     2396     3136     2774     3132     4078     6263     4074     4076     7560     6261
     2855     2396     3136     3132     3135     4078     7560     4076     4077     7565     7559
     2856     2396     2631     2774     3136     4072     5549     4074     4078     5555     6263
     2857     2396     2631     3136     3135     4072     5555     4078     4077     5554     7565
     2858     2631     2671     3136     3135     5548     5805     5555     5554     5804     7565
     2859     2602     2853     3137     2957     5402     6598     5405     5403     6597     6971
     2860     2614     2853     2957     3137     5465     6597     5467     5469     6598     6971
     2861     2282     3137     2853     2614     3280     6598     3277     3274     5469     5465
     2862     2282     2853     3137     2737     3277     6598     3280     3276     6122     6125
     2863     2282     2737     3137     3062     3276     6125     3280     3279     6124     7376
     2864     2602     3079     3137     2844     5404     7402     5405     5401     6563     6564
     2865     2737     2844     2853     3137     6121     6561     6122     6125     6564     6598
     2866     2316     3062     3079     3137     3500     7375     3501     3502     7376     7402
     2867     2316     3062     3137     2737     3500     7376     3502     3498     6124     6125
     2868     2316     3079     2844     3137     3501     6563     3499     3502     7402     6564
     2869     2316     3137     2844     2737     3502     6564     3499     3498     6125     6121
     2870     2307     3061     2735     3138     3427     6113     3425     3429     7372     6114
     2871     2605     3138     2855     2958     5425     6604     5422     5423     6974     6603
     2872     2307     3138     2846     2605     3429     6572     3426     3424     5425     5421
     2873     2307     3138     2605     3078     3429     5425     3424     3428     7400     5424
     2874     2605     2846     2855     3138     5421     6570     5422     5425     6572     6604
     2875     2614     2855     2735     3138     5466     6112     5464     5470     6604     6114
     2876     2614     2958     2855     3138     5468     6603     5466     5470     6974     6604
     2877     2305     2307     2735     3138     3411     3425     3412     3417     3429     6114
     2878     2305     2846     2307     3138     3415     3426     3411     3417     6572     3429
     2879     2282     2735     3061     3138     3275     6113     3278     3281     6114     7372
     2880     2282     2735     3138     2614     3275     6114     3281     3274     5464     5470
     2881     2305     2736     2846     3138     3413     6115     3415     3417     6119     6572
     2882     2305     2735     2736     3138     3412     6111     3413     3417     6114     6119
     2883     2676     3139     2960     2906     5834     6982     5833     5831     6785     6784
     2884     2664     3139     3060     2879     5764     7368     5762     5760     6671     6670
     2885     2695     2960     3139     2906     5936     6982     5938     5934     6784     6785
     2886     2664     3139     2695     3072     5764     5938     5759     5763     7396     5937
     2887     2636     3139     2676     2906     5586     5834     5580     5583     6785     5831
     2888     2636     3139     2879     3060     5586     6671     5581     5585     7368     6670
     2889     2636     2879     3139     2906     5581     6671     5586     5583     6669     6785
     2890     2664     2695     3139     2931     5759     5938     5764     5761     5935     6870
     2891     2695     3139     2931     2906     5938     6870     5935     5934     6785     6783
     2892     2662     3139     2664     2879     5753     5764     5747     5748     6671     5760
     2893     2662     2664     3139     2931     5747     5764     5753     5751     5761     6870
     2894     2662     3139     2879     2880     5753     6671     5748     5749     6676     6668
     2895     2662     3139     2880     2931     5753     6676     5749     5751     6870     6674
     2896     2676     3140     2904     2959     5835     6777     5830     5832     6978     6776
     2897     2676     2904     3140     2881     5830     6777     5835     5829     6678     6681
     2898     2881     2904     3140     2928     6678     6777     6681     6679     6775     6862
     2899     2701     2904     3140     2959     5964     6777     5968     5966     6776     6978
     2900     2636     2676     3140     2881     5580     5835     5587     5582     5829     6681
     2901     2636     3140     3059     2881     5587     7364     5584     5582     6681     6680
     2902     2655     3059     3140     2881     5702     7364     5704     5700     6680     6681
     2903     2655     3140     3059     3073     5704     7364     5702     5703     7398     7363
     2904     2655     2881     3140     2928     5700     6681     5704     5701     6679     6862
     2905     2655     2928     3140     3073     5701     6862     5704     5703     6861     7398
     2906     2701     3140     2928     3073     5968     6862     5965     5967     7398     6861
     2907     2413     2897     3141     2414     4194     6752     4196     4191     4201     4202
     2908     2413     2918     3141     2897     4195     6827     4196     4194     6749     6752
     2909     2414     2647     2897     3141     4198     5657     4201     4202     5660     6752
     2910     2413     2918     2684     3141     4195     5873     4192     4196     6827     5876
     2911     2647     3141     3070     2935     5660     7393     5659     5658     6880     6879
     2912     2413     3141     2779     2414     4196     6292     4193     4191     4202     4200
     2913     2684     3141     2935     3070     5876     6880     5874     5875     7393     6879
     2914     2414     2778     3141     2779     4199     6287     4202     4200     6279     6292
     2915     2778     3141     2779     3070     6287     6292     6279     6286     7393     6291
     2916     2413     2684     2779     3141     4192     5872     4193     4196     5876     6292
     2917     2684     2779     3141     3070     5872     6292     5876     5875     6291     7393
     2918     2657     3142     2697     2921     5717     5945     5712     5715     6838     5944
     2919     2687     2697     3142     2921     5889     5945     5894     5891     5944     6838
     2920     2657     3142     2921     2893     5717     6838     5715     5713     6736     6733
     2921     2657     3142     2919     2697     5717     6832     5714     5712     5945     5943
     2922     2644     2657     2893     3142     5632     5713     5635     5639     5717     6736
     2923     2687     2919     3142     2697     5890     6832     5894     5889     5943     5945
     2924     2657     3142     2926     2919     5717     6855     5716     5714     6832     6830
     2925     2919     3142     2926     3071     6832     6855     6830     6831     7394     6854
     2926     2644     3071     2926     3142     5638     6854     5636     5639     7394     6855
     2927     2687     3142     2919     3071     5894     6832     5890     5893     7394     6831
     2928     2644     2933     2687     3142     5637     5892     5634     5639     6874     5894
     2929     2786     2910     3143     2911     6312     6797     6316     6313     6795     6801
     2930     2884     3143     2910     2911     6693     6797     6690     6691     6801     6795
     2931     2884     3143     2911     2936     6693     6801     6691     6692     6883     6800
     2932     2884     2896     3143     2936     6689     6746     6693     6692     6745     6883
     2933     2418     2786     3143     2911     4228     6316     4231     4229     6313     6801
     2934     2482     2809     3144     3092     4677     6452     4679     4678     6450     7456
     2935     2429     3144     3063     3064     4315     7381     4313     4314     7385     7379
     2936     2415     2429     2482     3144     4203     4311     4205     4213     4315     4679
     2937     2478     2482     3144     3092     4655     4679     4657     4656     4678     7456
     2938     2415     2482     2809     3144     4205     4677     4211     4213     4679     6452
     2939     2429     2431     3144     3064     4309     4330     4315     4314     4328     7385
     2940     2431     3144     3064     3092     4330     7385     4328     4329     7456     7384
     2941     2429     2784     3063     3144     4312     6308     4313     4315     6309     7381
     2942     2415     2784     2429     3144     4210     4312     4203     4213     6309     4315
     2943     2476     3144     2478     2482     4647     4657     4645     4646     4679     4655
     2944     2429     2476     2482     3144     4310     4646     4311     4315     4647     4679
     2945     2431     3144     3092     2478     4330     7456     4329     4327     4657     4656
     2946     2778     3063     2784     3144     6285     6308     6281     6288     7381     6309
     2947     2415     2778     2784     3144     4209     6281     4210     4213     6288     6309
     2948     2783     2909     3145     2908     6300     6794     6304     6299     6788     6790
     2949     2886     2909     2908     3145     6699     6788     6698     6701     6794     6790
     2950     2886     2934     2909     3145     6700     6793     6699     6701     6876     6794
     2951     2886     2894     2934     3145     6697     6737     6700     6701     6738     6876
     2952     2410     3145     2783     2909     4180     6304     4175     4176     6794     6300
     2953     2484     3127     3146     2949     4690     7553     4691     4687     6928     6930
     2954     2435     3146     2949     2484     4364     6930     4360     4357     4691     4687
     2955     2484     2809     3146     3127     4686     6453     4691     4690     6451     7553
     2956     2786     2910     2949     3146     6312     6796     6314     6317     6798     6930
     2957     2786     2910     3146     3143     6312     6798     6317     6316     6797     7576
     2958     2809     3127     2812     3146     6451     6462     6447     6453     7553     6463
     2959     2490     3127     3146     2812     4732     7553     4733     4730     6462     6463
     2960     2490     2812     3146     2660     4730     6463     4733     4728     5732     5739
     2961     2435     2809     3146     2484     4359     6453     4364     4357     4686     4691
     2962     2435     2786     2949     3146     4358     6314     4360     4364     6317     6930
     2963     2660     2812     3146     2896     5732     6463     5739     5736     6461     6747
     2964     2809     3146     2812     2896     6453     6463     6447     6448     6747     6461
     2965     2435     2809     2786     3146     4359     6311     4358     4364     6453     6317
     2966     2641     2681     2910     3147     5614     5856     5618     5619     5858     6799
     2967     2681     2949     2910     3147     5857     6796     5856     5858     6931     6799
     2968     2910     3147     2949     3146     6799     6931     6796     6798     7582     6930
     2969     2641     2895     3147     2660     5617     6743     5619     5613     5735     5740
     2970     2492     3127     2949     3148     4744     6928     4741     4746     7554     6932
     2971     2783     2908     3148     2949     6299     6791     6305     6302     6789     6932
     2972     2783     3148     2908     3145     6305     6791     6299     6304     7580     6790
     2973     2422     2949     3148     2492     4260     6932     4265     4257     4741     4746
     2974     2492     2813     3127     3148     4740     6466     4744     4746     6467     7554
     2975     2810     3148     3127     2813     6458     7554     6457     6455     6467     6466
     2976     2489     3127     2810     3148     4725     6457     4722     4726     7554     6458
     2977     2489     3148     2810     2659     4726     6458     4722     4721     5730     5724
     2978     2422     2783     3148     2949     4258     6305     4265     4260     6302     6932
     2979     2422     3148     2813     2492     4265     6467     4259     4257     4746     4740
     2980     2659     3148     2810     2894     5730     6458     5724     5727     6739     6456
     2981     2810     3148     2813     2894     6458     6467     6455     6456     6739     6464
     2982     2422     2783     2813     3148     4258     6298     4259     4265     6305     6467
     2983     2886     3148     2894     3145     6702     6739     6697     6701     7580     6738
     2984     2479     2486     2569     3149     4661     4702     4662     4664     4707     5215
     2985     2479     2486     3149     3119     4661     4707     4664     4663     4705     7527
     2986     2486     3118     3149     3119     4704     7523     4707     4705     7522     7527
     2987     2486     2569     3149     2568     4702     5215     4707     4701     5205     5210
     2988     2568     2569     3149     2965     5205     5215     5210     5208     5213     7001
     2989     2569     2965     2968     3149     5213     7000     5214     5215     7001     7008
     2990     2479     3149     2569     2480     4664     5215     4662     4659     4671     4667
     2991     2479     3119     3149     2480     4663     7527     4664     4659     4670     4671
     2992     2472     2480     3149     3119     4616     4671     4620     4619     4670     7527
     2993     2472     3149     2480     2566     4620     4671     4616     4618     5199     4666
     2994     2565     2566     2968     3149     5194     5198     5195     5196     5199     7008
     2995     2471     3119     2472     3149     4610     4619     4603     4611     7527     4620
     2996     2552     3149     2566     2565     5126     5199     5123     5122     5196     5194
     2997     2471     2472     2553     3149     4603     4617     4606     4611     4620     5133
     2998     2552     2566     3149     2553     5123     5199     5126     5121     5130     5133
     2999     2472     3149     2566     2553     4620     5199     4618     4617     5133     5130
     3000     2561     3150     2562     2964     5177     5182     5174     5175     6998     5180
     3001     2562     2964     3150     2967     5180     6998     5182     5181     6997     7006
     3002     2561     3150     2964     2966     5177     6998     5175     5176     7004     6996
     3003     2568     2964     2967     3150     5207     6997     5209     5211     6998     7006
     3004     2485     3118     3150     2487     4697     7524     4698     4692     4713     4715
     3005     2486     2487     3150     3118     4700     4715     4708     4704     4713     7524
     3006     2486     3118     3150     3149     4704     7524     4708     4707     7523     7588
     3007     2568     3150     2967     2965     5211     7006     5209     5208     7002     6999
     3008     2568     3150     2965     3149     5211     7002     5208     5210     7588     7001
     3009     2485     2487     3150     2567     4692     4715     4698     4695     4710     5204
     3010     2487     2568     3150     2567     4711     5211     4715     4710     5200     5204
     3011     2567     2568     3150     2964     5200     5211     5204     5202     5207     6998
     3012     2486     3150     2487     2568     4708     4715     4700     4701     5211     4711
     3013     2486     3150     2568     3149     4708     5211     4701     4707     7588     5210
     3014     2567     3150     2966     2964     5204     7004     5203     5202     6998     6996
     3015     2570     2979     3151     2571     5219     7066     5225     5216     5230     5234
     3016     2570     2571     3151     3119     5216     5234     5225     5224     5233     7528
     3017     2978     2979     3151     2981     7061     7066     7063     7062     7064     7075
     3018     2570     3116     3119     3151     5223     7514     5224     5225     7515     7528
     3019     2471     2571     3119     3151     4608     5233     4610     4612     5234     7528
     3020     2571     2979     3151     2975     5230     7066     5234     5229     7047     7048
     3021     2975     2979     3151     2978     7047     7066     7048     7046     7061     7063
     3022     2552     2978     3151     2981     5124     7063     5127     5125     7062     7075
     3023     2471     3151     3119     3149     4612     7528     4610     4611     7589     7527
     3024     2552     2553     3151     2978     5121     5134     5127     5124     5132     7063
     3025     2552     3151     2553     3149     5127     5134     5121     5126     7589     5133
     3026     2471     2553     3151     3149     4606     5134     4612     4611     5133     7589
     3027     2553     2975     3151     2978     5131     7048     5134     5132     7046     7063
     3028     2463     3152     3118     3116     4558     7525     4557     4556     7516     7513
     3029     2980     2982     2985     3152     7069     7078     7070     7071     7080     7090
     3030     2976     2982     2980     3152     7050     7069     7049     7051     7080     7071
     3031     3118     3149     3152     3150     7523     7590     7525     7524     7588     7592
     3032     2974     3152     2982     2976     7044     7080     7043     7042     7051     7050
     3033     2462     3152     3118     2463     4547     7525     4546     4539     4558     4557
     3034     3116     3118     3119     3152     7513     7522     7514     7516     7525     7529
     3035     3118     3119     3152     3149     7522     7529     7525     7523     7527     7590
     3036     2462     2974     3152     2463     4541     7044     4547     4539     4551     4558
     3037     3119     3152     3149     3151     7529     7590     7527     7528     7596     7589
     3038     3116     3152     3119     3151     7516     7529     7514     7515     7596     7528
     3039     2982     2985     3153     2986     7078     7091     7081     7079     7089     7094
     3040     2982     3153     2985     3152     7081     7091     7078     7080     7601     7090
     3041     2802     3116     3117     3153     6410     7512     6411     6412     7517     7519
     3042     2463     3153     2802     2972     4559     6412     4549     4550     7030     6408
     3043     2463     3153     3116     2802     4559     7517     4556     4549     6412     6410
     3044     2463     3116     3153     3152     4556     7517     4559     4558     7516     7601
     3045     2459     3154     2799     3051     4518     6396     4515     4517     7341     6395
     3046     3051     3154     3053     3057     7341     7351     7336     7339     7359     7350
     3047     2791     3057     3053     3154     6350     7350     6349     6351     7359     7351
     3048     2454     3154     3057     2791     4491     7359     4490     4488     6351     6350
     3049     2460     3051     2799     3154     4528     6395     4524     4529     7341     6396
     3050     2451     2789     3155     3057     4466     6337     4472     4471     6336     7360
     3051     2451     3155     2789     2802     4472     6337     4466     4467     6413     6334
     3052     2797     3155     3051     2802     6386     7342     6385     6381     6413     6409
     3053     2451     3155     2463     3057     4472     4560     4465     4471     7360     4555
     3054     2451     2463     3155     2802     4465     4560     4472     4467     4549     6413
     3055     2459     2797     3155     3051     4514     6386     4519     4517     6385     7342
     3056     2463     3155     3051     3057     4560     7342     4553     4555     7360     7339
     3057     2463     3051     3155     2802     4553     7342     4560     4549     6409     6413
     3058     3051     3057     3155     3154     7339     7360     7342     7341     7359     7614
     3059     2459     3051     3155     3154     4517     7342     4519     4518     7341     7614
     3060     2788     2792     3156     2962     6328     6356     6330     6329     6355     6990
     3061     2787     2962     2788     3156     6324     6329     6319     6326     6990     6330
     3062     2787     2788     2792     3156     6319     6328     6321     6326     6330     6356
     3063     2787     3156     2792     2791     6326     6356     6321     6320     6352     6346
     3064     2460     2807     2800     3156     4527     6399     4525     4530     6441     6401
     3065     2792     3156     2962     2942     6356     6990     6355     6354     6904     6903
     3066     2460     2470     2807     3156     4522     4597     4527     4530     4600     6441
     3067     2791     3156     2792     2942     6352     6356     6346     6348     6904     6354
     3068     2800     2807     2961     3156     6399     6439     6400     6401     6441     6986
     3069     2460     3156     3051     3154     4530     7343     4528     4529     7615     7341
     3070     2791     3156     2942     2941     6352     6904     6348     6347     6898     6895
     3071     2443     2795     3156     3051     4422     6373     4425     4423     6372     7343
     3072     2729     2945     3157     3048     6084     6915     6091     6090     6914     7329
     3073     2729     2945     2963     3157     6084     6913     6086     6091     6915     6994
     3074     2729     3157     3041     3048     6091     7299     6087     6090     7329     7298
     3075     2941     3157     2945     3048     6899     6915     6896     6897     7329     6914
     3076     2941     2942     2945     3157     6895     6901     6896     6899     6905     6915
     3077     2945     3157     2946     2963     6915     6918     6912     6913     6994     6917
     3078     2942     2946     2945     3157     6902     6912     6901     6905     6918     6915
     3079     2470     3042     3157     3041     4599     7305     4601     4598     7294     7299
     3080     2729     3042     3041     3157     6088     7294     6087     6091     7305     7299
     3081     2941     2942     3157     3156     6895     6905     6899     6898     6904     7621
     3082     2946     3157     2962     2963     6918     6991     6916     6917     6994     6989
     3083     2942     2962     3157     3156     6903     6991     6905     6904     6990     7621
     3084     2470     3157     2807     3156     4601     6442     4597     4600     7621     6441
     3085     2470     2807     3157     3042     4597     6442     4601     4599     6440     7305
     3086     2459     2469     3158     2804     4513     4593     4520     4516     4590     6429
     3087     2459     3158     2797     2804     4520     6387     4514     4516     6429     6383
     3088     2459     2797     3158     3155     4514     6387     4520     4519     6386     7618
     3089     2724     2793     3158     2943     6057     6361     6061     6059     6358     6908
     3090     2454     3158     2724     2793     4492     6061     4487     4489     6361     6057
     3091     2459     3158     3154     3155     4520     7616     4518     4519     7618     7614
     3092     2454     3158     3057     3154     4492     7361     4490     4491     7616     7359
     3093     3057     3154     3158     3155     7359     7616     7361     7360     7614     7618
     3094     2454     3057     3158     2793     4490     7361     4492     4489     6359     6361
     3095     2807     3159     2948     2808     6443     6926     6438     6436     6446     6444
     3096     2948     2961     3159     2963     6924     6987     6926     6925     6985     6995
     3097     2807     2961     3159     2808     6439     6987     6443     6436     6445     6446
     3098     2947     2963     2948     3159     6920     6925     6919     6923     6995     6926
     3099     2807     2948     3159     2947     6438     6926     6443     6437     6919     6923
     3100     2961     2962     3159     2963     6984     6992     6987     6985     6989     6995
     3101     2947     2963     3159     3157     6920     6995     6923     6922     6994     7625
     3102     2962     3159     2963     3157     6992     6995     6989     6991     7625     6994
     3103     2962     3156     3159     3157     6990     7622     6992     6991     7621     7625
     3104     2807     3159     3156     3157     6443     7622     6441     6442     7625     7621
     3105     2830     2971     3160     2973     6509     7023     6511     6510     7022     7037
     3106     2829     2973     2830     3160     6502     6510     6498     6504     7037     6511
     3107     2790     3161     2969     2972     6343     7012     6341     6342     7031     7011
     3108     2969     2972     3161     2970     7011     7031     7012     7010     7015     7017
     3109     2789     3161     2790     2972     6338     6343     6331     6335     7031     6342
     3110     2796     2801     3162     2800     6376     6406     6379     6375     6398     6402
     3111     2800     2961     2801     3162     6400     6405     6398     6402     6988     6406
     3112     2800     2961     3162     3156     6400     6988     6402     6401     6986     7623
     3113     2796     3162     2961     2962     6379     6988     6377     6378     6993     6984
     3114     2961     2962     3162     3156     6984     6993     6988     6986     6990     7623
     3115     2795     2796     3162     2800     6370     6379     6374     6371     6375     6402
     3116     2802     2803     3164     3161     6407     6422     6415     6414     6421     7641
     3117     2458     2803     3164     2798     4508     6422     4510     4507     6390     6392
     3118     2458     2798     3164     2468     4507     6392     4510     4506     4580     4584
     3119     2797     3155     3164     3158     6386     7619     6388     6387     7618     7627
     3120     2804     2805     2832     3165     6425     6432     6427     6430     6433     6528
     3121     2468     2832     2805     3165     4582     6432     4581     4585     6528     6433
     3122     2804     2832     2831     3165     6427     6515     6426     6430     6528     6521
     3123     2797     3165     2804     3158     6389     6430     6383     6387     7628     6429
     3124     2797     3165     3158     3164     6389     7628     6387     6388     7654     7627
     3125     2797     3165     2805     2804     6389     6433     6384     6383     6430     6425
     3126     2797     2805     3165     2798     6384     6433     6389     6380     6391     6393
     3127     2797     2798     3165     3164     6380     6393     6389     6388     6392     7654
     3128     2803     3161     3166     3164     6421     7642     6423     6422     7641     7655
     3129     2458     2803     3166     3164     4508     6423     4511     4510     6422     7655
     3130     2802     3166     2803     3161     6416     6423     6407     6414     7642     6421
     3131     2681     3167     2949     3147     5859     6933     5857     5858     7585     6931
     3132     2681     3167     2908     2949     5859     6792     5855     5857     6933     6789
     3133     2908     2949     3167     3148     6789     6933     6792     6791     6932     7586
     3134     2949     3127     3167     3148     6928     7555     6933     6932     7554     7586
     3135     2641     2895     2659     3167     5617     5728     5612     5620     6744     5731
     3136     2659     2908     3167     3148     5729     6792     5731     5730     6791     7586
     3137     2489     3167     2659     2895     4727     5731     4721     4724     6744     5728
     3138     2489     2659     3167     3148     4721     5731     4727     4726     5730     7586
     3139     2949     3167     3127     3146     6933     7555     6928     6930     7583     7553
     3140     2949     3167     3146     3147     6933     7583     6930     6931     7585     7582
     3141     2641     3167     2659     2885     5620     5731     5612     5616     6696     5725
     3142     2641     3167     2885     2681     5620     6696     5616     5614     5859     5854
     3143     2681     3167     2885     2908     5859     6696     5854     5855     6792     6695
     3144     2659     2885     3167     2908     5725     6696     5731     5729     6695     6792
     3145     2824     2825     3122     3168     6482     6487     6484     6485     6488     7538
     3146     2364     3122     2955     3168     3860     6961     3857     3861     7538     6967
     3147     2955     3168     3122     3133     6967     7538     6961     6966     7562     7537
     3148     2362     3168     2824     2364     3844     6485     3841     3836     3861     3855
     3149     2544     3122     3168     3133     5075     7538     5077     5076     7537     7562
     3150     2309     2824     2362     3168     3441     3841     3435     3445     6485     3844
     3151     2309     2752     2825     3168     3440     6187     3442     3445     6189     6488
     3152     2309     2825     2824     3168     3442     6482     3441     3445     6488     6485
     3153     2544     3168     2825     2752     5077     6488     5073     5072     6189     6187
     3154     2734     2860     3169     2852     6109     6615     6110     6108     6593     6595
     3155     2955     3133     3169     3168     6966     7563     6968     6967     7562     7669
     3156     2610     3169     2860     2852     5452     6615     5450     5449     6595     6593
     3157     2734     2752     2852     3169     6107     6188     6108     6110     6190     6595
     3158     2859     2955     3169     2860     6611     6968     6613     6610     6614     6615
     3159     2859     3169     2955     3133     6613     6968     6611     6612     7563     6966
     3160     2610     3169     2955     2860     5452     6968     5451     5450     6615     6614
     3161     2544     3169     3133     3168     5078     7563     5076     5077     7669     7562
     3162     2544     2752     3169     3168     5072     6190     5078     5077     6189     7669
     3163     2309     2752     3169     2852     3440     6190     3446     3443     6188     6595
     3164     2309     3169     2752     3168     3446     6190     3440     3445     7669     6189
     3165     2362     3169     2610     2852     3845     5452     3838     3842     6595     5449
     3166     2311     3169     2752     2734     3469     6190     3464     3463     6110     6107
     3167     2733     2860     3169     2734     6105     6615     6106     6103     6109     6110
     3168     2311     2733     3169     2734     3462     6106     3469     3463     6103     6110
     3169     2311     3169     2859     3133     3469     6613     3467     3468     7563     6612
     3170     2364     3169     2955     2610     3862     6968     3857     3854     5452     5451
     3171     2364     2955     3169     3168     3857     6968     3862     3861     6967     7669
     3172     2311     2544     2752     3169     3460     5072     3464     3469     5078     6190
     3173     2311     2544     3169     3133     3460     5078     3469     3468     5076     7563
     3174     2309     2362     2852     3169     3435     3842     3443     3446     3845     6595
     3175     2309     2362     3169     3168     3435     3845     3446     3445     3844     7669
     3176     2362     3169     2364     2610     3845     3862     3836     3838     5452     3854
     3177     2362     2364     3169     3168     3836     3862     3845     3844     3861     7669
     3178     2311     2859     3169     2733     3467     6613     3469     3462     6104     6106
     3179     2733     2859     3169     2860     6104     6613     6106     6105     6610     6615
     3180     2287     2628     2873     3170     3305     5531     3308     3311     5534     6648
     3181     2287     3170     3062     3061     3311     7377     3310     3309     7373     7370
     3182     2628     3170     2958     2957     5534     6975     5533     5532     6972     6970
     3183     2282     3062     3170     3061     3279     7377     3282     3278     7370     7373
     3184     2614     2958     3170     2957     5468     6975     5471     5467     6970     6972
     3185     2282     3170     3062     3137     3282     7377     3279     3280     7569     7376
     3186     2614     3170     2958     3138     5471     6975     5468     5470     7571     6974
     3187     2282     2614     3170     3137     3274     5471     3282     3280     5469     7569
     3188     2614     2957     3170     3137     5467     6972     5471     5469     6971     7569
     3189     2282     3170     2614     3138     3282     5471     3274     3281     7571     5470
     3190     2282     3061     3170     3138     3278     7373     3282     3281     7372     7571
     3191     2646     3060     3171     3059     5652     7369     5653     5651     7362     7365
     3192     2646     2686     3171     2912     5646     5886     5653     5649     5882     6806
     3193     2686     2959     3171     2960     5884     6979     5886     5885     6977     6983
     3194     2636     3171     3060     3059     5588     7369     5585     5584     7365     7362
     3195     2646     3171     3060     2889     5653     7369     5652     5648     6719     6717
     3196     2646     3171     2889     2912     5653     6719     5648     5649     6806     6714
     3197     2686     3171     2912     2960     5886     6806     5882     5885     6983     6804
     3198     2676     2960     3171     2959     5833     6983     5836     5832     6977     6979
     3199     2636     3171     3059     3140     5588     7365     5584     5587     7574     7364
     3200     2889     3171     3060     3072     6719     7369     6717     6718     7397     7367
     3201     2889     2912     3171     3072     6714     6806     6719     6718     6805     7397
     3202     2912     3171     3072     2960     6806     7397     6805     6804     6983     6981
     3203     2676     3171     2960     3139     5836     6983     5833     5834     7573     6982
     3204     2636     3060     3171     3139     5585     7369     5588     5586     7368     7573
     3205     2636     3171     2676     3139     5588     5836     5580     5586     7573     5834
     3206     2676     2959     3171     3140     5832     6979     5836     5835     6978     7574
     3207     2636     2676     3171     3140     5580     5836     5588     5587     5835     7574
     3208     2960     3171     3072     3139     6983     7397     6981     6982     7573     7396
     3209     3060     3072     3171     3139     7367     7397     7369     7368     7396     7573
     3210     2896     3143     3172     3146     6746     7577     6748     6747     7576     7584
     3211     2809     2896     3172     3146     6448     6748     6454     6453     6747     7584
     3212     2786     3172     3143     3146     6318     7577     6316     6317     7584     7576
     3213     2786     2809     3172     3146     6311     6454     6318     6317     6453     7584
     3214     2415     2896     2639     3172     4212     5603     4206     4214     6748     5605
     3215     2896     2936     3172     3143     6745     6884     6748     6746     6883     7577
     3216     2415     2809     3172     3144     4211     6454     4214     4213     6452     7578
     3217     2639     3172     2896     2936     5605     6748     5603     5604     6884     6745
     3218     2415     2648     2778     3172     4208     5662     4209     4214     5665     6289
     3219     2418     3172     2778     2936     4232     6289     4226     4230     6884     6284
     3220     2418     3172     2936     3143     4232     6884     4230     4231     7577     6883
     3221     2415     3172     2778     3144     4214     6289     4209     4213     7578     6288
     3222     2418     3172     2786     2778     4232     6318     4228     4226     6289     6283
     3223     2418     2786     3172     3143     4228     6318     4232     4231     6316     7577
     3224     2786     3063     3172     2809     6315     7382     6318     6311     6449     6454
     3225     2809     3063     3172     3144     6449     7382     6454     6452     7381     7578
     3226     2639     2648     3172     2936     5601     5665     5605     5604     5663     6884
     3227     2648     2778     3172     2936     5662     6289     5665     5663     6284     6884
     3228     2778     3063     3172     2786     6285     7382     6289     6283     6315     6318
     3229     2778     3172     3063     3144     6289     7382     6285     6288     7578     7381
     3230     2894     3173     2934     3145     6740     6877     6737     6738     7581     6876
     3231     2894     3173     3145     3148     6740     7581     6738     6739     7587     7580
     3232     2813     3173     2894     3148     6468     6740     6464     6467     7587     6739
     3233     2658     3066     2926     3173     5722     6853     5721     5723     7390     6856
     3234     2658     2813     3066     3173     5719     6465     5722     5723     6468     7390
     3235     2640     2894     2658     3173     5609     5720     5607     5611     6740     5723
     3236     2640     2934     2894     3173     5610     6737     5609     5611     6877     6740
     3237     2783     3145     3173     3148     6304     7581     6306     6305     7580     7587
     3238     2783     3173     2813     3148     6306     6468     6298     6305     7587     6467
     3239     2783     2813     3173     3066     6298     6468     6306     6303     6465     7390
     3240     2783     3066     3173     2926     6303     7390     6306     6301     6853     6856
     3241     2410     2783     3173     2926     4175     6306     4181     4178     6301     6856
     3242     2410     3173     2783     3145     4181     6306     4175     4180     7581     6304
     3243     2640     2643     2934     3173     5606     5629     5610     5611     5631     6877
     3244     2570     2979     3174     3151     5219     7067     5226     5225     7066     7597
     3245     3118     3175     3150     3152     7526     7593     7524     7525     7603     7592
     3246     2547     2561     3175     2548     5092     5178     5095     5090     5097     5100
     3247     2461     2547     2560     3175     4535     5091     4536     4538     5095     5173
     3248     2548     2549     2562     3175     5096     5102     5098     5100     5105     5183
     3249     2548     2976     2549     3175     5099     5103     5096     5100     7052     5105
     3250     2461     3175     2493     3118     4538     4751     4534     4537     7526     4750
     3251     2461     3175     3118     2462     4538     7526     4537     4532     4548     4546
     3252     2462     3175     3118     3152     4548     7526     4546     4547     7603     7525
     3253     2547     3175     2976     2548     5095     7052     5094     5090     5100     5099
     3254     2548     2562     2561     3175     5098     5174     5097     5100     5183     5178
     3255     2561     3175     2562     3150     5178     5183     5174     5177     7593     5182
     3256     2547     2561     2560     3175     5092     5171     5091     5095     5178     5173
     3257     2461     2560     2493     3175     4536     4749     4534     4538     5173     4751
     3258     2453     3175     2547     2461     4486     5095     4483     4480     4538     4535
     3259     2453     2462     3175     2461     4481     4548     4486     4480     4532     4538
     3260     2560     3175     2561     2966     5173     5178     5171     5172     7005     5176
     3261     2561     2966     3175     3150     5176     7005     5178     5177     7004     7593
     3262     2493     2560     2494     3175     4749     4753     4747     4751     5173     4758
     3263     2453     3175     2462     2974     4486     4548     4481     4484     7045     4541
     3264     2453     2547     3175     2974     4483     5095     4486     4484     5093     7045
     3265     2547     2976     3175     2974     5094     7052     5095     5093     7042     7045
     3266     2462     2974     3175     3152     4541     7045     4548     4547     7044     7603
     3267     2974     2976     3175     3152     7042     7052     7045     7044     7051     7603
     3268     2494     2560     2966     3175     4753     5172     4754     4758     5173     7005
     3269     2485     2494     3175     3118     4694     4758     4699     4697     4757     7526
     3270     2485     3118     3175     3150     4697     7526     4699     4698     7524     7593
     3271     2493     3175     2494     3118     4751     4758     4747     4750     7526     4757
     3272     2469     3176     3041     2806     4594     7300     4592     4591     6435     6434
     3273     2469     2799     3176     2806     4589     6397     4594     4591     6394     6435
     3274     2724     3176     2941     3048     6062     6900     6058     6060     7330     6897
     3275     3041     3176     3048     3157     7300     7330     7298     7299     7626     7329
     3276     2454     3154     3176     3158     4491     7617     4493     4492     7616     7629
     3277     2454     3176     2724     3158     4493     6062     4487     4492     7629     6061
     3278     2459     3176     3154     3158     4521     7617     4518     4520     7629     7616
     3279     2459     2469     3176     3158     4513     4594     4521     4520     4593     7629
     3280     2724     3176     2791     2941     6062     6353     6056     6058     6900     6347
     3281     2459     3176     2469     2799     4521     4594     4513     4515     6397     4589
     3282     2459     3176     2799     3154     4521     6397     4515     4518     7617     6396
     3283     2470     3041     3176     2806     4598     7300     4602     4596     6434     6435
     3284     2470     3176     3041     3157     4602     7300     4598     4601     7626     7299
     3285     2454     2724     3176     2791     4487     6062     4493     4488     6056     6353
     3286     2454     2791     3176     3154     4488     6353     4493     4491     6351     7617
     3287     2791     3176     3154     3156     6353     7617     6351     6352     7624     7615
     3288     2791     2941     3176     3156     6347     6900     6353     6352     6898     7624
     3289     2460     3154     3176     3156     4529     7617     4531     4530     7615     7624
     3290     2460     3176     2470     3156     4531     4602     4522     4530     7624     4600
     3291     2789     3177     2794     2790     6339     6367     6333     6331     6344     6340
     3292     2789     3177     2790     3161     6339     6344     6331     6338     7643     6343
     3293     2789     2794     3177     2793     6333     6367     6339     6332     6357     6362
     3294     3161     3177     3163     3164     7643     7650     7640     7641     7656     7649
     3295     2793     3177     3155     3158     6362     7620     6360     6361     7630     7618
     3296     3155     3158     3177     3164     7618     7630     7620     7619     7627     7656
     3297     2789     3177     2802     3155     6339     6417     6334     6337     7620     6413
     3298     2789     2802     3177     3161     6334     6417     6339     6338     6414     7643
     3299     2557     2831     3178     2570     5157     6523     5162     5155     5217     5227
     3300     2557     3048     3178     2829     5161     7331     5162     5156     6503     6506
     3301     2557     3178     2831     2829     5162     6523     5157     5156     6506     6499
     3302     2557     3178     3048     3046     5162     7331     5161     5160     7325     7322
     3303     2570     3041     2831     3178     5220     6517     5217     5227     7301     6523
     3304     3041     3048     3178     3046     7298     7331     7301     7297     7322     7325
     3305     2570     3041     3178     3046     5220     7301     5227     5222     7297     7325
     3306     2829     2943     3048     3178     6500     6907     6503     6506     6909     7331
     3307     3041     3178     3048     3176     7301     7331     7298     7300     7677     7330
     3308     2469     3178     3041     3176     4595     7301     4592     4594     7677     7300
     3309     2469     3041     3178     2804     4592     7301     4595     4590     6428     6431
     3310     2804     2831     3041     3178     6426     6517     6428     6431     6523     7301
     3311     2804     2831     3178     3165     6426     6523     6431     6430     6521     7660
     3312     2469     3158     3178     3176     4593     7631     4595     4594     7629     7677
     3313     2469     2804     3178     3158     4590     6431     4595     4593     6429     7631
     3314     2804     3178     3158     3165     6431     7631     6429     6430     7660     7628
     3315     2724     2943     3178     3048     6059     6909     6063     6060     6907     7331
     3316     2724     3048     3178     3176     6060     7331     6063     6062     7330     7677
     3317     2789     3155     2793     3177     6337     6360     6332     6339     7620     6362
     3318     2789     2793     3155     3057     6332     6360     6337     6336     6359     7360
     3319     2973     3174     2979     2983     7038     7067     7034     7035     7084     7065
     3320     2443     2795     2787     3156     4422     6322     4421     4425     6373     6326
     3321     2460     3156     2795     3051     4530     6373     4523     4528     7343     6372
     3322     2807     2947     3157     3042     6437     6922     6442     6440     6921     7305
     3323     2807     3157     2947     3159     6442     6922     6437     6443     7625     6923
     3324     2671     3135     2952     3136     5804     6950     5803     5805     7565     6951
     3325     2397     2952     2671     3135     4084     5803     4079     4085     6950     5804
     3326     2993     3004     3011     3003     7138     7178     7140     7137     7174     7176
     3327     2993     3011     3004     2998     7140     7178     7138     7136     7160     7159
     3328     2991     3005     3004     2994     7126     7177     7125     7121     7144     7143
     3329     2991     3004     3005     3000     7125     7177     7126     7124     7165     7166
     3330     2990     3010     2993     2996     7119     7139     7114     7115     7149     7134
     3331     2990     2993     3010     2997     7114     7139     7119     7116     7135     7158
     3332     2987     2997     3009     3001     7100     7157     7103     7102     7153     7170
     3333     2987     3009     2997     2989     7103     7157     7100     7098     7113     7110
     3334     2409     2514     3017     3026     4165     4870     4168     4169     4872     7218
     3335     2514     3017     3026     3023     4870     7218     4872     4871     7217     7249
     3336     2400     3023     3028     3018     4104     7250     4106     4103     7222     7223
     3337     2400     3028     3023     3026     4106     7250     4104     4105     7258     7249
     3338     3019     3023     3028     3036     7225     7250     7226     7229     7251     7267
     3339     3018     3023     3028     3019     7222     7250     7223     7221     7225     7226
     3340     2382     2821     2765     2814     3997     6234     3995     3996     6469     6233
     3341     2378     2821     2765     2382     3980     6234     3978     3977     3997     3995
     3342     2344     3028     2583     3018     3707     5304     3705     3706     7223     5302
     3343     2344     2583     3028     2345     3705     5304     3707     3699     3712     3713
     3344     2367     2539     3100     2368     3881     5039     3887     3880     3889     3892
     3345     2539     2540     3100     3083     5035     5050     5039     5038     5047     7420
     3346     2367     2540     3100     2539     3882     5050     3887     3881     5035     5039
     3347     2312     2861     2732     3130     3477     6100     3473     3479     6618     6102
     3348     2732     3130     2861     2862     6102     6618     6100     6101     6620     6616
     3349     2344     2351     2582     2358     3700     3760     3704     3702     3757     3813
     3350     2353     3102     3082     2579     3780     7415     3778     3774     5289     5288
     3351     2353     3082     3102     3093     3778     7415     3780     3779     7413     7460
     3352     2353     2578     3093     2354     3773     5281     3779     3770     3784     3787
     3353     2353     3093     2578     3082     3779     5281     3773     3778     7413     5279
     3354     2358     3081     3097     3103     3815     7408     3816     3817     7409     7475
     3355     2358     3097     3081     2574     3816     7408     3815     3812     5249     5248
     3356     2735     2855     2736     3138     6112     6117     6111     6114     6604     6119
     3357     2638     2652     2925     3068     5595     5684     5598     5600     5686     6851
     3358     2638     2925     2652     2651     5598     5684     5595     5594     5681     5679
     3359     2880     3139     2906     2931     6676     6785     6672     6674     6870     6783
     3360     2879     2906     2880     3139     6669     6672     6668     6671     6785     6676
     3361     2443     3051     2457     2795     4423     4503     4420     4422     6372     4502
     3362     2443     2457     3051     3053     4420     4503     4423     4424     4505     7336
     3363     2729     3157     2947     3042     6091     6922     6085     6088     7305     6921
     3364     2729     2947     3157     2963     6085     6922     6091     6086     6920     6994
     3365     2310     3130     2327     3129     3459     3567     3449     3458     7556     3566
     3366     2310     2327     3130     2858     3449     3567     3459     3456     3564     6609
     3367     2753     2826     3133     3131     6191     6492     6193     6192     6491     7558
     3368     2311     2753     2826     3133     3465     6191     3466     3468     6193     6492
     3369     2774     3123     2951     3134     6260     6941     6259     6262     7542     6944
     3370     2774     2951     3123     3132     6259     6941     6260     6261     6943     7541
     3371     2772     2773     2951     3134     6250     6254     6251     6252     6255     6944
     3372     2393     2772     2773     2951     4056     6250     4057     4059     6251     6254
     3373     2773     2951     2774     3136     6254     6259     6253     6256     6945     6263
     3374     2773     2774     2951     3134     6253     6259     6254     6255     6262     6944
     3375     2602     2853     2844     3137     5402     6561     5401     5405     6598     6564
     3376     2600     2844     2602     2853     5390     5401     5387     5391     6561     5402
     3377     2307     3078     3061     3138     3428     7371     3427     3429     7400     7372
     3378     2306     2307     3078     3061     3418     3428     3422     3421     3427     7371
     3379     2664     3072     3060     3139     5763     7367     5762     5764     7396     7368
     3380     2663     3060     2664     3072     5757     5762     5754     5758     7367     5763
     3381     2695     2960     3072     3139     5936     6981     5937     5938     6982     7396
     3382     2695     3072     2960     2696     5937     6981     5936     5933     5942     5941
     3383     2699     2928     2904     2905     5956     6775     5953     5954     6778     6774
     3384     2647     2935     2897     3141     5658     6751     5657     5660     6880     6752
     3385     2645     2935     2897     2647     5644     6751     5643     5640     5658     5657
     3386     2684     2918     2935     3141     5873     6826     5874     5876     6827     6880
     3387     2682     2918     2935     2684     5863     6826     5864     5860     5873     5874
     3388     2687     2933     2921     3142     5892     6837     5891     5894     6874     6838
     3389     2685     2921     2687     2933     5880     5891     5877     5881     6837     5892
     3390     2893     2921     2933     3142     6733     6837     6735     6736     6838     6874
     3391     2893     2933     2921     2929     6735     6837     6733     6734     6865     6836
     3392     2642     2893     2933     2644     5624     6735     5625     5621     5635     5637
     3393     2644     2893     2933     3142     5635     6735     5637     5639     6736     6874
     3394     2660     2910     2884     3143     5737     6690     5734     5738     6797     6693
     3395     2660     2884     2910     2883     5734     6690     5737     5733     6687     6688
     3396     2418     2936     2911     3143     4230     6800     4229     4231     6883     6801
     3397     2418     2911     2936     2680     4229     6800     4230     4224     5852     5853
     3398     2659     2908     2886     2885     5729     6698     5726     5725     6695     6694
     3399     2410     2909     2934     3145     4176     6793     4179     4180     6794     6876
     3400     2410     2934     2909     2679     4179     6793     4176     4173     5850     5849
     3401     2660     2896     3143     2884     5736     6746     5738     5734     6689     6693
     3402     2660     3143     2896     3146     5738     6746     5736     5739     7576     6747
     3403     2641     3167     3147     2895     5620     7585     5619     5617     6744     6743
     3404     2641     3147     3167     2681     5619     7585     5620     5614     5858     5859
     3405     2660     2910     3146     3147     5737     6798     5739     5740     6799     7582
     3406     2660     3146     2910     3143     5739     6798     5737     5738     7576     6797
     3407     2641     2910     2660     3147     5618     5737     5613     5619     6799     5740
     3408     2641     2660     2910     2883     5613     5737     5618     5615     5733     6688
     3409     2659     2908     3148     2886     5729     6791     5730     5726     6698     6702
     3410     2886     2908     3148     3145     6698     6791     6702     6701     6790     7580
     3411     2463     2982     3152     3153     4552     7080     4558     4559     7081     7601
     3412     2463     3152     2982     2974     4558     7080     4552     4551     7044     7043
     3413     2797     3164     2803     2798     6388     6422     6382     6380     6392     6390
     3414     2807     2961     3156     3159     6439     6986     6441     6443     6987     7622
     3415     2961     3156     3159     2962     6986     7622     6987     6984     6990     6992
     3416     2941     3156     3157     3176     6898     7621     6899     6900     7624     7626
     3417     2470     3157     3156     3176     4601     7621     4600     4602     7626     7624
     3418     2723     2962     2946     2942     6055     6916     6054     6053     6903     6902
     3419     2942     2962     2946     3157     6903     6916     6902     6905     6991     6918
     3420     2808     2948     2961     3159     6444     6924     6445     6446     6926     6987
     3421     2467     2948     2961     2808     4578     6924     4579     4577     6444     6445
     3422     2829     2831     2973     3160     6499     6516     6502     6504     6520     7037
     3423     2557     2831     2973     2829     5157     6516     5158     5156     6499     6502
     3424     2451     2802     2789     2972     4467     6334     4466     4468     6408     6335
     3425     2789     2972     2802     3161     6335     6408     6334     6338     7031     6414
     3426     2796     2801     2961     3162     6376     6405     6377     6379     6406     6988
     3427     2456     2796     2801     2961     4499     6376     4500     4501     6377     6405
     3428     2795     3156     2800     3162     6373     6401     6371     6374     7623     6402
     3429     2460     2800     2795     3156     4525     6371     4523     4530     6401     6373
     3430     2797     3164     2802     2803     6388     6415     6381     6382     6422     6407
     3431     2797     2802     3164     3155     6381     6415     6388     6386     6413     7619
     3432     2802     3177     3164     3155     6417     7656     6415     6413     7620     7619
     3433     2802     3164     3177     3161     6415     7656     6417     6414     7641     7643
     3434     2468     3165     2798     3164     4585     6393     4580     4584     7654     6392
     3435     2468     2798     3165     2805     4580     6393     4585     4581     6391     6433
     3436     2364     2824     3122     3168     3855     6484     3860     3861     6485     7538
     3437     2364     3122     2824     2543     3860     6484     3855     3853     5070     5068
     3438     2415     2809     2896     3172     4211     6448     4212     4214     6454     6748
     3439     2415     2896     2809     2481     4212     6448     4211     4204     4676     4674
     3440     2658     2894     2813     3173     5720     6464     5719     5723     6740     6468
     3441     2488     2813     2658     2894     4719     5719     4717     4720     6464     5720
     3442     2460     3176     2799     2806     4531     6397     4524     4526     6435     6394
     3443     2460     2799     3176     3154     4524     6397     4531     4529     6396     7617
     3444     2724     3158     3178     2943     6061     7631     6063     6059     6908     6909
     3445     2724     3178     3158     3176     6063     7631     6061     6062     7677     7629
     3446     2829     2831     3165     3178     6499     6521     6505     6506     6523     7660
     3447     2829     3165     2831     3160     6505     6521     6499     6504     7633     6520
     3448     2557     3046     2570     3178     5160     5222     5155     5162     7325     5227
     3449     2556     3046     2570     2557     5154     5222     5150     5149     5160     5155
     3450     2701     2904     2928     3140     5964     6775     5965     5968     6777     6862
     3451     2699     2904     2928     2701     5953     6775     5956     5952     5964     5965
     3452     3089     3113     3090     3105     7450     7453     7446     7447     7493     7452
     3453     3089     3112     3113     3105     7449     7507     7450     7447     7492     7493
     3454     2535     3090     3089     3113     5010     7446     5009     5012     7453     7450
     3455     2535     3113     3089     3112     5012     7450     5009     5011     7507     7449
     3456     2341     3114     2384     3086     3688     4008     3679     3687     7437     4007
     3457     2333     3130     2861     2955     3624     6618     3616     3619     6964     6617
     3458     2384     3114     2531     3086     4008     4980     4004     4007     7437     4978
     3459     2341     2384     3114     2765     3679     4008     3688     3683     4005     6235
     3460     2333     3126     3130     2955     3622     7551     3624     3619     6963     6964
     3461     2955     3125     3126     3130     6962     7547     6963     6964     7548     7551
     3462     2326     2765     3114     2384     3555     6235     3556     3553     4005     4008
     3463     2541     2953     2954     3121     5054     6953     5055     5060     6955     6957
     3464     2540     2950     2953     3120     5045     6936     5046     5051     6937     6954
     3465     2539     2950     2540     3120     5036     5045     5035     5040     6937     5051
     3466     2955     3131     3125     3130     6965     7549     6962     6964     7557     7548
     3467     2541     2954     2542     3121     5055     5062     5053     5060     6957     5065
     3468     2366     2541     2953     2954     3875     5054     3876     3877     5055     6953
     3469     2367     2540     2950     2953     3882     5045     3884     3885     5046     6936
     3470     2367     2539     2950     2540     3881     5036     3884     3882     5035     5045
     3471     2284     2327     2310     2858     3290     3449     3289     3292     3564     3456
     3472     2365     2954     2542     2541     3868     5062     3867     3866     5055     5053
     3473     2365     2366     2954     2541     3865     3877     3868     3866     3875     5055
     3474     2284     2616     2327     2858     3291     3562     3290     3292     5477     3564
     3475     2312     2618     2861     3131     3471     5485     3477     3480     5487     6619
     3476     2284     2327     2616     3076     3290     3562     3291     3293     3565     5478
     3477     2310     2327     3076     2596     3449     3565     3457     3453     3560     5366
     3478     2312     2861     2618     2731     3477     5485     3471     3472     6097     5482
     3479     2540     3100     3083     3084     5050     7420     5047     5048     7427     7417
     3480     2310     2596     3076     2313     3453     5366     3457     3448     3481     3484
     3481     2327     2617     3076     2596     3563     5481     3565     3560     5362     5366
     3482     2540     3099     3100     3084     5049     7479     5050     5048     7426     7427
     3483     2277     2618     2731     2312     3247     5482     3248     3246     3471     3472
     3484     2277     2753     2618     2312     3250     5483     3247     3246     3474     3471
     3485     2277     2311     2618     2753     3245     3461     3247     3250     3465     5483
     3486     3083     3084     3100     3095     7417     7427     7420     7419     7424     7469
     3487     2351     2582     2358     2833     3760     3813     3757     3761     5298     3814
     3488     2351     2833     2581     2582     3761     5295     3759     3760     5298     5294
     3489     2596     2617     3076     2857     5362     5481     5366     5365     5480     6605
     3490     3084     3099     3100     3095     7426     7479     7427     7424     7468     7469
     3491     2277     2618     2311     2859     3247     3461     3245     3251     5484     3467
     3492     2358     2574     2833     2582     3812     5247     3814     3813     5245     5298
     3493     2309     3077     2362     2592     3444     3843     3435     3439     5349     3837
     3494     2280     2309     2592     3077     3262     3439     3263     3267     3444     5349
     3495     2362     2592     3077     2611     3837     5349     3843     3839     5346     5456
     3496     2280     2592     2309     2308     3263     3439     3262     3261     3431     3430
     3497     2280     2611     2592     2851     3264     5346     3263     3266     5455     5348
     3498     2280     2592     2308     2851     3263     3431     3261     3266     5348     3434
     3499     2737     2844     2738     2854     6121     6126     6120     6123     6562     6127
     3500     2736     2846     2856     2851     6115     6571     6118     6116     6569     6592
     3501     2633     2666     2938     2899     5564     5772     5566     5565     5770     6761
     3502     2666     2938     2899     2924     5772     6761     5770     5771     6848     6759
     3503     2736     3138     2855     2846     6119     6604     6117     6115     6572     6570
     3504     2633     3069     2938     2666     5567     6885     5566     5564     5773     5772
     3505     2691     2938     3069     2924     5915     6885     5916     5914     6848     6849
     3506     2666     3069     2938     2924     5773     6885     5772     5771     6849     6848
     3507     2678     2691     2938     3069     5844     5915     5846     5847     5916     6885
     3508     2633     2665     3069     2666     5563     5769     5567     5564     5765     5773
     3509     2691     3069     2692     2924     5916     5920     5912     5914     6849     5919
     3510     2665     3069     2666     2924     5769     5773     5765     5768     6849     5771
     3511     2677     2678     3069     2691     5837     5847     5843     5838     5844     5916
     3512     2638     2673     3068     2925     5596     5818     5600     5598     5816     6851
     3513     2677     3069     2692     2691     5843     5920     5839     5838     5916     5912
     3514     2665     2692     3069     2924     5766     5920     5769     5768     5919     6849
     3515     2702     3068     2703     2925     5975     5978     5970     5973     6851     5977
     3516     2673     3068     2703     2674     5818     5978     5814     5813     5823     5820
     3517     2674     2703     2702     3068     5820     5970     5819     5823     5978     5975
     3518     2677     2898     2917     2692     5840     6755     5841     5839     5917     5918
     3519     2634     2677     2898     2937     5569     5840     5571     5572     5842     6757
     3520     2677     2917     2898     2937     5841     6755     5840     5842     6824     6757
     3521     2741     2848     2742     2871     6141     6145     6140     6142     6577     6147
     3522     2294     2323     2756     2870     3355     3537     3357     3358     3539     6204
     3523     2742     2872     2871     2848     6148     6641     6147     6145     6578     6577
     3524     2294     2870     2626     2323     3358     5524     3356     3355     3539     3535
     3525     2294     2756     2323     2318     3357     3537     3355     3354     3512     3511
     3526     2880     2931     2906     2907     6674     6783     6672     6673     6786     6782
     3527     2323     2626     3074     2627     3535     5525     3540     3536     5522     5528
     3528     2318     2323     3074     2322     3511     3540     3513     3510     3529     3534
     3529     2881     2928     2882     2904     6679     6684     6677     6678     6775     6682
     3530     2882     2905     2904     2928     6683     6774     6682     6684     6778     6775
     3531     2322     2323     3074     2627     3529     3540     3534     3530     3536     5528
     3532     2318     2322     3074     2319     3510     3534     3513     3509     3514     3517
     3533     2320     3075     2864     2622     3524     6625     3523     3520     5505     5504
     3534     2290     2321     2303     2302     3327     3401     3326     3325     3396     3395
     3535     2290     2303     2321     3075     3326     3401     3327     3331     3404     3528
     3536     2320     3075     2622     2621     3524     5505     3520     3519     5502     5499
     3537     2303     3075     2320     2321     3404     3524     3400     3401     3528     3518
     3538     2320     3075     2621     2321     3524     5502     3519     3518     3528     3525
     3539     2290     2321     2863     2621     3327     3527     3330     3328     3525     5501
     3540     2290     2302     2863     2321     3325     3399     3330     3327     3396     3527
     3541     2656     2914     2887     2929     5707     6704     5706     5708     6812     6706
     3542     2656     2700     2914     2929     5705     5959     5707     5708     5960     6812
     3543     2889     2930     2890     2913     6716     6721     6713     6715     6807     6720
     3544     2887     2929     2915     2888     6706     6816     6705     6703     6711     6710
     3545     2647     3141     2778     3070     5660     6287     5656     5659     7393     6286
     3546     2414     2778     2647     3141     4199     5656     4198     4202     6287     5660
     3547     2647     2778     2648     3070     5656     5662     5655     5659     6286     5664
     3548     2414     2647     2778     2415     4198     5656     4199     4197     4207     4209
     3549     2415     2648     2647     2778     4208     5655     4207     4209     5662     5656
     3550     2643     2926     2644     3071     5628     5636     5626     5630     6854     5638
     3551     2643     2644     2926     2658     5626     5636     5628     5627     5633     5721
     3552     2435     3063     2484     3092     4361     4688     4357     4363     7380     4689
     3553     3063     3144     3092     3064     7381     7456     7380     7379     7385     7384
     3554     2490     2895     2660     3146     4731     5735     4728     4733     6742     5739
     3555     2480     2569     2968     3149     4667     5214     4668     4671     5215     7008
     3556     2435     3064     3063     3092     4362     7379     4361     4363     7384     7380
     3557     2660     3146     2895     3147     5739     6742     5735     5740     7582     6743
     3558     2422     2949     2492     3128     4260     4741     4257     4264     6929     4745
     3559     2422     2491     3128     2492     4256     4738     4264     4257     4734     4745
     3560     2422     2949     3128     2423     4260     6929     4264     4255     4268     4271
     3561     2491     2494     3091     3067     4735     4756     4737     4736     4755     7392
     3562     2422     2491     2423     3128     4256     4267     4255     4264     4738     4271
     3563     2494     3091     3067     2497     4756     7392     4755     4752     4770     4769
     3564     2425     2494     2491     3067     4285     4735     4284     4289     4755     4736
     3565     2434     2968     2480     2569     4353     4668     4350     4352     5214     4667
     3566     2434     2480     2968     2566     4350     4668     4353     4351     4666     5198
     3567     2425     2966     2485     2494     4288     4696     4283     4285     4754     4694
     3568     2421     2966     2485     2425     4253     4696     4248     4247     4288     4283
     3569     2421     2567     2485     2966     4251     4695     4248     4253     5203     4696
     3570     2443     3053     3156     2787     4424     7352     4425     4421     6325     6326
     3571     2463     2982     3153     2972     4552     7081     4559     4550     7028     7030
     3572     2471     2555     2975     2553     4607     5145     4609     4606     5129     5131
     3573     2485     3150     2966     2567     4698     7004     4696     4695     5204     5203
     3574     2471     2975     2555     2571     4609     5145     4607     4608     5229     5144
     3575     2471     2975     3151     2553     4609     7048     4612     4606     5131     5134
     3576     2941     3048     3176     3157     6897     7330     6900     6899     7329     7626
     3577     2452     2982     2974     2463     4477     7043     4476     4475     4552     4551
     3578     2451     2982     2452     2463     4469     4477     4464     4465     4552     4475
     3579     2787     3053     3156     2791     6325     7352     6326     6320     6349     6352
     3580     2451     2982     2463     2972     4469     4552     4465     4468     7028     4550
     3581     2787     2796     2962     3162     6323     6378     6324     6327     6379     6993
     3582     2895     3127     3167     3146     6741     7555     6744     6742     7553     7583
     3583     2490     3127     2895     3146     4732     6741     4731     4733     7553     6742
     3584     2791     3053     3156     3154     6349     7352     6352     6351     7351     7615
     3585     2787     3162     2962     3156     6327     6993     6324     6326     7623     6990
     3586     2489     2895     3127     3167     4724     6741     4725     4727     6744     7555
     3587     2861     3131     2955     3130     6619     6965     6617     6618     7557     6964
     3588     2312     2618     3131     2753     3471     5487     3480     3474     5483     6192
     3589     2787     3156     2795     3162     6326     6373     6322     6327     7623     6374
     3590     2311     2618     3133     2859     3461     5488     3468     3467     5484     6612
     3591     2311     3133     2618     2753     3468     5488     3461     3465     6193     5483
     3592     2644     2926     2657     3142     5636     5716     5632     5639     6855     5717
     3593     2484     3092     3063     2809     4689     7380     4688     4686     6450     6449
     3594     2809     3092     3063     3144     6450     7380     6449     6452     7456     7381
     3595     2471     2975     2571     3151     4609     5229     4608     4612     7048     5234
     3596     2643     2926     2934     3173     5628     6852     5629     5631     6856     6877
     3597     2480     3149     2968     2566     4671     7008     4668     4666     5199     5198
     3598     2489     3167     3127     3148     4727     7555     4725     4726     7586     7554
     3599     2570     2979     2973     3174     5219     7034     5218     5226     7067     7038
     3600     2490     2895     3127     2811     4731     6741     4732     4729     6459     6460
     3601     2443     3156     3053     3051     4425     7352     4424     4423     7343     7336
     3602     3051     3156     3053     3154     7343     7352     7336     7341     7615     7351
     3603     2793     3057     3158     3155     6359     7361     6361     6360     7360     7618
     3604     2895     3146     3167     3147     6742     7583     6744     6743     7582     7585
     3605     2489     3127     2895     2811     4725     6741     4724     4723     6460     6459
     3606     2643     2926     3173     2658     5628     6856     5631     5627     5721     5723
     3607     2643     2934     2926     3071     5629     6852     5628     5630     6875     6854
     3608     2485     2494     2966     3175     4694     4754     4696     4699     4758     7005
     3609     2485     3175     2966     3150     4699     7005     4696     4698     7593     7004
     3610     2386     3179     3123     2531     4022     7543     4021     4017     4983     4981
     3611     2328     2952     3179     3124     3573     6952     3577     3576     6948     7545
     3612     2952     3123     3179     3124     6947     7543     6952     6948     7540     7545
     3613     2328     2777     3179     2952     3571     6277     3577     3573     6276     6952
     3614     2328     3179     2531     3124     3577     4983     3569     3576     7545     4982
     3615     2531     3179     3123     3124     4983     7543     4981     4982     7545     7540
     3616     2328     3193     2531     3179     3578     4984     3569     3577     7681     4983
     3617     2386     2531     3193     3179     4017     4984     4023     4022     4983     7681
     3618     2328     2777     3193     3179     3571     6278     3578     3577     6277     7681
     3619     2287     3170     2873     3205     3311     6648     3308     3312     7670     6649
     3620     2740     3205     2874     2842     6139     6650     6138     6135     6557     6556
     3621     2738     2844     3208     2854     6126     6566     6129     6127     6562     6601
     3622     2887     3214     2914     3073     6709     6815     6704     6708     7399     6814
     3623     2700     2914     3214     3073     5959     6815     5963     5962     6814     7399
     3624     2882     3216     2905     2928     6686     6780     6683     6684     6863     6778
     3625     2742     3219     2872     2848     6149     6645     6148     6145     6582     6578
     3626     2746     2866     2850     3221     6167     6588     6165     6169     6632     6591
     3627     2744     2840     2868     3224     6155     6549     6158     6159     6552     6636
     3628     2890     2930     3225     2913     6721     6868     6723     6720     6807     6810
     3629     2973     3227     3186     3174     7040     7687     7039     7038     7675     7673
     3630     2973     3186     3227     3233     7039     7687     7040     7041     7689     7712
     3631     2550     2562     3182     2563     5108     5184     5113     5109     5179     5189
     3632     2550     3182     2562     3231     5113     5184     5108     5114     7683     5185
     3633     2562     3175     3231     3150     5183     7676     5185     5182     7593     7595
     3634     2549     3231     2562     3175     5106     5185     5102     5105     7676     5183
     3635     2458     3166     2468     3164     4511     4586     4506     4510     7655     4584
     3636     2468     3164     3166     3230     4584     7655     4586     4587     7659     7666
     3637     2440     2474     3050     3047     4400     4633     4403     4402     4632     7328
     3638     2440     3050     2474     3229     4403     4633     4400     4405     7334     4635
     3639     2433     2480     2483     2479     4342     4665     4343     4341     4659     4660
     3640     2436     3092     3228     3065     4373     7457     4375     4372     7386     7387
     3641     2973     3174     2986     3227     7038     7095     7036     7040     7675     7097
     3642     2973     2986     3174     2983     7036     7095     7038     7035     7083     7084
     3643     2972     2986     3153     3227     7029     7094     7030     7032     7097     7612
     3644     2972     3153     2986     2982     7030     7094     7029     7028     7081     7079
     3645     2986     3226     3153     3174     7096     7611     7094     7095     7674     7609
     3646     2985     3226     3153     2986     7092     7611     7091     7089     7096     7094
     3647     2983     3226     2986     3174     7085     7096     7083     7084     7674     7095
     3648     2983     2986     3226     2984     7083     7096     7085     7082     7087     7088
     3649     2551     3182     2977     2981     5120     7058     5118     5119     7076     7055
     3650     2977     2981     3182     3226     7055     7076     7058     7059     7077     7682
     3651     2897     3222     2935     3225     6753     6881     6751     6754     7709     6882
     3652     2897     2935     2918     3141     6751     6826     6749     6752     6880     6827
     3653     2897     2918     2935     3222     6749     6826     6751     6753     6828     6881
     3654     2306     3215     2848     2741     3423     6580     3420     3419     6144     6141
     3655     2306     2848     3215     3078     3420     6580     3423     3422     6579     7401
     3656     2656     3073     3059     2887     5710     7363     5709     5706     6708     6707
     3657     2887     3073     3059     3214     6708     7363     6707     6709     7399     7366
     3658     2393     3209     2671     3136     4061     5806     4054     4060     7568     5805
     3659     2393     2671     3209     2902     4054     5806     4061     4058     5801     6770
     3660     2628     3170     2957     2873     5534     6972     5532     5531     6648     6647
     3661     2873     3170     2957     3205     6648     6972     6647     6649     7670     6973
     3662     2358     2833     3081     3204     3814     6531     3815     3819     6532     7411
     3663     2358     3081     2833     2574     3815     6531     3814     3812     5248     5247
     3664     2364     3081     2824     3204     3858     6483     3855     3864     7411     6486
     3665     2364     2824     3081     2543     3855     6483     3858     3853     5068     5069
     3666     2352     2392     3203     2359     3766     4053     3768     3763     3821     3822
     3667     2352     3203     2392     2834     3768     4053     3766     3767     6534     4052
     3668     2353     2587     2834     2579     3776     5329     3777     3774     5285     5286
     3669     2353     2834     2587     3203     3777     5329     3776     3781     6534     5334
     3670     2368     3082     3201     3101     3891     7416     3895     3893     7414     7483
     3671     2368     3201     3082     2539     3895     7416     3891     3889     5043     5037
     3672     2574     3081     2575     3097     5248     5254     5244     5249     7408     5256
     3673     3081     3085     3097     3200     7407     7429     7408     7410     7433     7477
     3674     2575     3085     3097     3081     5255     7429     5256     5254     7407     7408
     3675     2365     3097     3085     3200     3870     7429     3869     3873     7477     7433
     3676     2365     3085     3097     3098     3869     7429     3870     3871     7430     7474
     3677     2576     2577     3095     3084     5259     5274     5264     5262     5272     7424
     3678     2576     3095     2577     3197     5264     5274     5259     5267     7470     5275
     3679     2404     3025     2591     3195     4129     5343     4127     4133     7257     5344
     3680     2404     2591     3025     2590     4127     5343     4129     4126     5339     5341
     3681     2587     3025     3032     3195     5331     7256     5332     5333     7257     7278
     3682     2587     3032     3025     3022     5332     7256     5331     5330     7248     7245
     3683     2404     3025     3032     3027     4129     7256     4131     4130     7255     7262
     3684     2404     3032     3025     3195     4131     7256     4129     4133     7278     7257
     3685     2539     3124     2950     3120     5041     6938     5036     5040     7531     6937
     3686     2539     2950     3124     3194     5036     6938     5041     5042     6939     7546
     3687     2404     3027     3024     3025     4130     7253     4128     4129     7255     7252
     3688     2404     3024     3027     3192     4128     7253     4130     4132     7254     7265
     3689     3163     3190     3185     3187     7653     7685     7651     7652     7690     7684
     3690     3185     3187     3190     3191     7684     7690     7685     7686     7691     7694
     3691     2970     3187     3185     3191     7019     7684     7018     7020     7691     7686
     3692     2970     3185     3187     3161     7018     7684     7019     7017     7644     7645
     3693     2558     3185     2559     2970     5166     5169     5163     5165     7018     5167
     3694     2559     2970     3185     3191     5167     7018     5169     5170     7020     7686
     3695     2794     3190     3185     3163     6369     7685     6368     6366     7653     7651
     3696     2793     3177     3190     2794     6362     7679     6363     6357     6367     6369
     3697     2793     3190     3177     3158     6363     7679     6362     6361     7632     7630
     3698     2830     3190     3160     3187     6513     7637     6511     6512     7690     7636
     3699     2829     3190     3160     2830     6507     7637     6504     6498     6513     6511
     3700     3164     3190     3187     3165     7658     7690     7657     7654     7662     7661
     3701     3163     3190     3187     3164     7653     7690     7652     7649     7658     7657
     3702     2475     2727     2725     3043     4641     6065     4639     4642     6073     6067
     3703     2725     3043     2727     3189     6067     6073     6065     6068     7311     6076
     3704     2410     2934     3173     3145     4179     6877     4181     4180     6876     7581
     3705     2410     2688     2934     2679     4174     5897     4179     4173     5848     5850
     3706     2410     2934     2688     3188     4179     5897     4174     4182     6878     5899
     3707     2410     2926     2934     3188     4178     6852     4179     4182     6857     6878
     3708     2410     2934     2926     3173     4179     6852     4178     4181     6877     6856
     3709     2410     2920     2411     3188     4177     4186     4171     4182     6835     4189
     3710     2688     3071     2919     3188     5898     6831     5895     5899     7395     6833
     3711     2687     2688     3071     2919     5888     5898     5893     5890     5895     6831
     3712     2570     2973     3186     3174     5218     7039     5228     5226     7038     7673
     3713     2570     3186     2973     2831     5228     7039     5218     5217     6524     6516
     3714     2554     3190     2794     2944     5141     6369     5136     5138     6911     6365
     3715     2554     2794     3190     3185     5136     6369     5141     5140     6368     7685
     3716     2473     2475     2726     2725     4622     4640     4625     4624     4639     6064
     3717     2473     2726     2475     3184     4625     4640     4622     4626     6070     4644
     3718     2426     3066     2498     3067     4296     4771     4295     4297     7388     4772
     3719     2426     2498     3066     3183     4295     4771     4296     4298     4774     7391
     3720     2564     2968     3182     2565     5192     7009     5193     5190     5195     5197
     3721     2565     2968     3182     3149     5195     7009     5197     5196     7008     7591
     3722     2292     2595     2748     2299     3339     5357     3344     3338     3378     3380
     3723     2292     2748     2595     3181     3344     5357     3339     3347     6175     5361
     3724     2298     2301     2838     2748     3375     3392     3377     3376     3391     6174
     3725     2301     2838     2748     3181     3392     6174     3391     3394     6543     6175
     3726     2594     2836     2838     2598     5354     6538     5355     5353     5374     5375
     3727     2598     2836     2838     3181     5374     6538     5375     5378     6540     6543
     3728     2297     2747     2835     3180     3371     6170     3372     3374     6172     6537
     3729     2296     2835     2297     2747     3368     3372     3366     3367     6170     3371
     3730     2608     2835     2837     3180     5439     6536     5440     5443     6537     6542
     3731     2593     2837     2608     2835     5352     5440     5350     5351     6536     5439
     3732     2952     3132     3135     3179     6949     7559     6950     6952     7561     7566
     3733     2952     3135     3132     3136     6950     7559     6949     6951     7565     7560
     3734     2312     2754     3130     2732     3475     6196     3479     3473     6098     6102
     3735     2284     2310     2327     3076     3289     3449     3290     3293     3457     3565
     3736     2317     3079     3205     2601     3507     7403     3508     3503     5398     5400
     3737     2650     2773     3209     2705     5674     6257     5678     5673     5986     5989
     3738     2280     2592     2611     3077     3263     5346     3264     3267     5349     5456
     3739     2673     2703     3068     2925     5814     5978     5818     5816     5977     6851
     3740     2294     2626     3074     2323     3356     5525     3359     3355     3535     3540
     3741     2294     2323     3074     2318     3355     3540     3359     3354     3511     3513
     3742     2290     3075     2321     2621     3331     3528     3327     3328     5502     3525
     3743     2656     3073     2887     2914     5710     6708     5706     5707     6814     6704
     3744     2656     3073     2914     2700     5710     6814     5707     5705     5962     5959
     3745     2415     2639     2648     3172     4206     5601     4208     4214     5605     5665
     3746     2416     2418     2780     2417     4216     4227     4218     4215     4222     4223
     3747     2410     2411     2920     2412     4171     4186     4177     4172     4183     4190
     3748     2544     3122     2825     3168     5075     6487     5073     5077     7538     6488
     3749     2425     2494     3067     2497     4285     4755     4289     4286     4752     4769
     3750     2460     3176     2806     2470     4531     6435     4526     4522     4602     4596
     3751     2397     2690     3135     2900     4080     5910     4085     4083     5908     6764
     3752     2644     2687     3071     3142     5634     5893     5638     5639     5894     7394
     3753     2659     3148     2894     2886     5730     6739     5727     5726     6702     6697
     3754     2787     2795     2796     3162     6322     6370     6323     6327     6374     6379
     3755     2640     2658     2643     3173     5607     5627     5606     5611     5723     5631
     3756     2575     3196     3085     2576     5257     7432     5255     5251     5266     5263
     3757     2577     3083     2578     3199     5271     5280     5268     5276     7421     5282
     3758     2668     2690     3202     2776     5781     5911     5786     5783     5907     6275
     3759     2393     3209     2773     2705     4061     6257     4057     4055     5989     5986
     3760     2802     3232     2803     3166     6419     6424     6407     6416     7667     6423
     3761     2634     2692     3069     2665     5570     5920     5573     5568     5766     5769
     3762     2634     2898     2692     2665     5571     5917     5570     5568     5767     5766
     3763     2634     3069     2692     2677     5573     5920     5570     5569     5843     5839
     3764     2634     2692     2898     2677     5570     5917     5571     5569     5839     5840
     3765     2601     3137     3079     3205     5399     7402     5398     5400     7570     7403
     3766     2601     3079     3137     2602     5398     7402     5399     5394     5404     5405
     3767     2601     2957     3137     3205     5397     6971     5399     5400     6973     7570
     3768     2601     3137     2957     2602     5399     6971     5397     5394     5405     5403
     3769     2383     3114     2531     2384     4002     4980     4000     3998     4008     4004
     3770     2383     2531     3114     3193     4000     4980     4002     4003     4984     7509
     3771     2326     3114     2383     2384     3556     4002     3552     3553     4008     3998
     3772     2326     2383     3114     3193     3552     4002     3556     3557     4003     7509
     3773     2313     2857     2596     3076     3483     5365     3481     3484     6605     5366
     3774     2313     2596     2857     2755     3481     5365     3483     3482     5363     6199
     3775     2283     2857     2313     3076     3287     3483     3285     3288     6605     3484
     3776     2283     2313     2857     2755     3285     3483     3287     3286     3482     6199
     3777     2303     2864     2320     3075     3403     3523     3400     3404     6625     3524
     3778     2303     2320     2864     2750     3400     3523     3403     3402     3521     6182
     3779     2289     2864     2303     3075     3323     3403     3321     3324     6625     3404
     3780     2289     2303     2864     2750     3321     3403     3323     3322     3402     6182
     3781     2319     2869     2322     3074     3516     3533     3514     3517     6637     3534
     3782     2319     2322     2869     2757     3514     3533     3516     3515     3531     6207
     3783     2293     2869     2319     3074     3352     3516     3350     3353     6637     3517
     3784     2293     2319     2869     2757     3350     3516     3352     3351     3515     6207
     3785     2335     2536     2529     3129     3633     4969     3631     3636     5020     4971
     3786     2335     2529     2536     2530     3631     4969     3633     3632     4968     4972
     3787     2335     3115     2536     3129     3635     5018     3633     3636     7510     5020
     3788     2335     2536     3115     2530     3633     5018     3635     3632     4972     4975
     3789     2530     2536     3115     3234     4972     5018     4975     4976     5021     7511
     3790     2536     3115     3234     3090     5018     7511     5021     5016     7454     7455
     3791     2336     3115     3234     2759     3643     7511     3644     3640     6214     6215
     3792     2336     3234     2522     2759     3644     4925     3638     3640     6215     4918
     3793     2336     3104     2522     3234     3642     4924     3638     3644     7490     4925
     3794     2336     3104     3234     3115     3642     7490     3644     3643     7489     7511
     3795     2522     3234     3104     3090     4925     7490     4924     4923     7455     7451
     3796     3090     3104     3115     3234     7451     7489     7454     7455     7490     7511
     3797     2522     3234     2530     2759     4925     4976     4917     4918     6215     4973
     3798     2530     3234     3115     2759     4976     7511     4975     4973     6215     6214
     3799     2369     2539     2538     3194     3897     5025     3896     3907     5042     5033
     3800     2369     2538     2539     3082     3896     5025     3897     3903     5028     5037
     3801     2368     2539     2369     3194     3889     3897     3888     3894     5042     3907
     3802     2368     2369     2539     3082     3888     3897     3889     3891     3903     5037
     3803     2436     2480     3092     2483     4365     4669     4373     4366     4665     4683
     3804     2436     3092     2480     3228     4373     4669     4365     4375     7457     4672
     3805     2433     2480     2436     2483     4342     4365     4340     4343     4665     4366
     3806     2433     2436     2480     3228     4340     4365     4342     4347     4375     4672
-1
secnum,1    ! reset the section ID to default
! Material Id = {C040C439-5F2A-431F-81FE-52A7D18070C2}
/com,*********** Elements for Body 3 'SYS\Body3' ***********
et,3,186
keyo,3,2,1          ! set full integration on SOLID186
MAT,1 $ TYPE,3 $ REAL,3 $ SECNUM,3 $ ESYS,0    ! ELEMNODES = 20
eblock,21,COMPACT,,54
(21i9)
     3807     7760     7763     7799     7850     7761     7764     7798     7848     7977     7984     8087     7978     7979     7985     8085     7980     7976     7983     8084     8184
     3808     7759     7849     7797     7762     7761     7848     7798     7764     7975     8083     7982     7974     7980     8085     7985     7979     7973     8183     8082     7981
     3809     7715     7732     7749     7750     7849     7797     7762     7759     7868     7920     7954     7869     8083     7982     7974     7975     7870     7921     7955     7956
     3810     7796     7798     7848     7846     7800     7799     7850     7851     8079     8085     8180     8081     8086     8087     8185     8089     8080     8084     8184     8181
     3811     7795     7797     7849     7847     7796     7798     7848     7846     8077     8083     8182     8078     8079     8085     8180     8081     8076     8082     8183     8179
     3812     7715     7716     7733     7732     7849     7847     7795     7797     7867     7872     7919     7868     8182     8078     8077     8083     7870     7873     7923     7921
     3813     7794     7796     7846     7844     7801     7800     7851     7852     8073     8081     8176     8075     8088     8089     8186     8091     8074     8080     8181     8177
     3814     7793     7795     7847     7845     7794     7796     7846     7844     8071     8078     8178     8072     8073     8081     8176     8075     8070     8076     8179     8175
     3815     7716     7717     7734     7733     7847     7845     7793     7795     7871     7875     7922     7872     8178     8072     8071     8078     7873     7876     7925     7923
     3816     7792     7794     7844     7842     7802     7801     7852     7853     8067     8075     8172     8069     8090     8091     8187     8093     8068     8074     8177     8173
     3817     7791     7793     7845     7843     7792     7794     7844     7842     8065     8072     8174     8066     8067     8075     8172     8069     8064     8070     8175     8171
     3818     7717     7718     7735     7734     7845     7843     7791     7793     7874     7878     7924     7875     8174     8066     8065     8072     7876     7879     7927     7925
     3819     7790     7792     7842     7840     7803     7802     7853     7854     8061     8069     8168     8063     8092     8093     8188     8095     8062     8068     8173     8169
     3820     7789     7791     7843     7841     7790     7792     7842     7840     8059     8066     8170     8060     8061     8069     8168     8063     8058     8064     8171     8167
     3821     7718     7719     7736     7735     7843     7841     7789     7791     7877     7881     7926     7878     8170     8060     8059     8066     7879     7882     7929     7927
     3822     7788     7790     7840     7838     7804     7803     7854     7855     8055     8063     8164     8057     8094     8095     8189     8097     8056     8062     8169     8165
     3823     7787     7789     7841     7839     7788     7790     7840     7838     8053     8060     8166     8054     8055     8063     8164     8057     8052     8058     8167     8163
     3824     7719     7720     7737     7736     7841     7839     7787     7789     7880     7884     7928     7881     8166     8054     8053     8060     7882     7885     7931     7929
     3825     7786     7788     7838     7836     7805     7804     7855     7856     8049     8057     8160     8051     8096     8097     8190     8099     8050     8056     8165     8161
     3826     7785     7787     7839     7837     7786     7788     7838     7836     8047     8054     8162     8048     8049     8057     8160     8051     8046     8052     8163     8159
     3827     7720     7721     7738     7737     7839     7837     7785     7787     7883     7887     7930     7884     8162     8048     8047     8054     7885     7888     7933     7931
     3828     7784     7786     7836     7834     7806     7805     7856     7857     8043     8051     8156     8045     8098     8099     8191     8101     8044     8050     8161     8157
     3829     7783     7785     7837     7835     7784     7786     7836     7834     8041     8048     8158     8042     8043     8051     8156     8045     8040     8046     8159     8155
     3830     7721     7722     7739     7738     7837     7835     7783     7785     7886     7890     7932     7887     8158     8042     8041     8048     7888     7891     7935     7933
     3831     7782     7784     7834     7832     7807     7806     7857     7858     8037     8045     8152     8039     8100     8101     8192     8103     8038     8044     8157     8153
     3832     7781     7783     7835     7833     7782     7784     7834     7832     8035     8042     8154     8036     8037     8045     8152     8039     8034     8040     8155     8151
     3833     7722     7723     7740     7739     7835     7833     7781     7783     7889     7893     7934     7890     8154     8036     8035     8042     7891     7894     7937     7935
     3834     7780     7782     7832     7830     7808     7807     7858     7859     8031     8039     8148     8033     8102     8103     8193     8105     8032     8038     8153     8149
     3835     7779     7781     7833     7831     7780     7782     7832     7830     8029     8036     8150     8030     8031     8039     8148     8033     8028     8034     8151     8147
     3836     7723     7724     7741     7740     7833     7831     7779     7781     7892     7896     7936     7893     8150     8030     8029     8036     7894     7897     7939     7937
     3837     7778     7780     7830     7828     7809     7808     7859     7860     8025     8033     8144     8027     8104     8105     8194     8107     8026     8032     8149     8145
     3838     7777     7779     7831     7829     7778     7780     7830     7828     8023     8030     8146     8024     8025     8033     8144     8027     8022     8028     8147     8143
     3839     7724     7725     7742     7741     7831     7829     7777     7779     7895     7899     7938     7896     8146     8024     8023     8030     7897     7900     7941     7939
     3840     7776     7778     7828     7826     7810     7809     7860     7861     8019     8027     8140     8021     8106     8107     8195     8109     8020     8026     8145     8141
     3841     7775     7777     7829     7827     7776     7778     7828     7826     8017     8024     8142     8018     8019     8027     8140     8021     8016     8022     8143     8139
     3842     7725     7726     7743     7742     7829     7827     7775     7777     7898     7902     7940     7899     8142     8018     8017     8024     7900     7903     7943     7941
     3843     7774     7776     7826     7824     7811     7810     7861     7862     8013     8021     8136     8015     8108     8109     8196     8111     8014     8020     8141     8137
     3844     7773     7775     7827     7825     7774     7776     7826     7824     8011     8018     8138     8012     8013     8021     8136     8015     8010     8016     8139     8135
     3845     7726     7727     7744     7743     7827     7825     7773     7775     7901     7905     7942     7902     8138     8012     8011     8018     7903     7906     7945     7943
     3846     7772     7774     7824     7822     7812     7811     7862     7863     8007     8015     8132     8009     8110     8111     8197     8113     8008     8014     8137     8133
     3847     7771     7773     7825     7823     7772     7774     7824     7822     8005     8012     8134     8006     8007     8015     8132     8009     8004     8010     8135     8131
     3848     7727     7728     7745     7744     7825     7823     7771     7773     7904     7908     7944     7905     8134     8006     8005     8012     7906     7909     7947     7945
     3849     7770     7772     7822     7820     7813     7812     7863     7864     8001     8009     8128     8003     8112     8113     8198     8115     8002     8008     8133     8129
     3850     7769     7771     7823     7821     7770     7772     7822     7820     7999     8006     8130     8000     8001     8009     8128     8003     7998     8004     8131     8127
     3851     7728     7729     7746     7745     7823     7821     7769     7771     7907     7911     7946     7908     8130     8000     7999     8006     7909     7912     7949     7947
     3852     7768     7770     7820     7818     7814     7813     7864     7865     7995     8003     8124     7997     8114     8115     8199     8117     7996     8002     8129     8125
     3853     7767     7769     7821     7819     7768     7770     7820     7818     7993     8000     8126     7994     7995     8003     8124     7997     7992     7998     8127     8123
     3854     7729     7730     7747     7746     7821     7819     7767     7769     7910     7914     7948     7911     8126     7994     7993     8000     7912     7915     7951     7949
     3855     7766     7768     7818     7816     7815     7814     7865     7866     7989     7997     8120     7991     8116     8117     8200     8118     7990     7996     8125     8121
     3856     7765     7767     7819     7817     7766     7768     7818     7816     7987     7994     8122     7988     7989     7997     8120     7991     7986     7992     8123     8119
     3857     7730     7731     7748     7747     7819     7817     7765     7767     7913     7916     7950     7914     8122     7988     7987     7994     7915     7918     7953     7951
     3858     7754     7866     7815     7756     7755     7816     7766     7757     7965     8118     7969     7964     7967     7991     7971     7966     7963     8121     7990     7968
     3859     7753     7758     7765     7817     7755     7757     7766     7816     7961     7972     7988     7962     7966     7971     7991     7967     7960     7970     7986     8119
     3860     7731     7751     7752     7748     7817     7753     7758     7765     7917     7957     7952     7916     7962     7961     7972     7988     7918     7958     7959     7953
-1
secnum,1    ! reset the section ID to default
! Material Id = {97644ECE-A364-44CB-85C2-2433AD248A80}
/wb,elem,end               !  done creating elements
toffst,273.15,      ! Temperature offset from absolute zero
/com,*********** Set Reference Temperature ***********
tref,22.
/wb,mat,start              !  starting to send materials
/com,*********** Send Materials ***********
Temperature = 'TEMP' ! Temperature
MP,DENS,1,1339,	! kg m^-3
MP,EX,1,2898000000,	! Pa
MP,NUXY,1,0.3887,
MP,ALPX,1,0.000117,	! C^-1
MP,KXX,1,0.1702,	! W m^-1 C^-1
MP,C,1,1199,	! J kg^-1 C^-1
MP,RSVX,1,9950000000000,	! kg m^3 A^-2 s^-3
MP,LSST,1,0.004583,
MP,PERX,1,3.599,
MP,UVID,1,1b2285f1-90b8-46a0-b562-196f28d9536b
MP,UMID,1,5cc4945b-4e18-4193-9590-e343a797919c

/wb,mat,end                !  done sending materials
!************************* Model Summary ********************
! SYS\Body1,	Plastic, PET (amorphous),	matid,	1
! SYS\Body2,	Plastic, PET (amorphous),	matid,	1
! SYS\Body3,	Plastic, PET (amorphous),	matid,	1
!************************* End Model Summary ********************
! get the diagonal of the bounding box. Needed later for other things
*get,_xmin,node,,mnloc,x
*get,_ymin,node,,mnloc,y
*get,_zmin,node,,mnloc,z
*get,_xmax,node,,mxloc,x
*get,_ymax,node,,mxloc,y
*get,_zmax,node,,mxloc,z
_ASMDIAG=(_xmax-_xmin)*(_xmax-_xmin)+(_ymax-_ymin)*(_ymax-_ymin)+(_zmax-_zmin)*(_zmax-_zmin)
_ASMDIAG=SQRT(_ASMDIAG)
/wb,contact,start          !  starting to send contact
/com,*********** Create Contact "Contact Region" ***********
/com,            Real Constant Set For Above Contact Is 5 & 4 
*set,tid,5
*set,cid,4
r,tid
r,cid
et,tid,170
et,cid,174
MAT,5 $ TYPE,5 $ REAL,5 $ SECNUM,5 $ ESYS,0    ! ELEMNODES = 8
eblock,21,COMPACT,,8
(21i9)
     6453       17      115      116      116      486     1119      116      487
     6454       19      113      114      114      495     1113      114      496
     6455       17       18      115      115      484      492      115      486
     6456       16      116       98       98      483     1055       98      481
     6457       18      114      115      115      491     1116      115      492
     6458       16       17      116      116      478      487      116      483
     6459       18       19      114      114      490      496      114      491
     6460        6      113       19       19      410      495       19      408
-1
secnum,1    ! reset the section ID to default
MAT,4 $ TYPE,4 $ REAL,4 $ SECNUM,4 $ ESYS,0    ! ELEMNODES = 8
eblock,21,COMPACT,,8
(21i9)
     6461       17      115      116      116      486     1119      116      487
     6462       19      113      114      114      495     1113      114      496
     6463       17       18      115      115      484      492      115      486
     6464       16      116       98       98      483     1055       98      481
     6465       18      114      115      115      491     1116      115      492
     6466       16       17      116      116      478      487      116      483
     6467       18       19      114      114      490      496      114      491
     6468        6      113       19       19      410      495       19      408
-1
secnum,1    ! reset the section ID to default
MAT,4 $ TYPE,4 $ REAL,5 $ SECNUM,4 $ ESYS,0    ! ELEMNODES = 8
eblock,21,COMPACT,,10
(21i9)
     6469     2298     2748     2838     2838     3376     6174     2838     3377
     6470     2747     2835     2837     2837     6170     6536     2837     6171
     6471     2748     2836     2838     2838     6173     6538     2838     6174
     6472     2299     2837     2595     2595     3381     5359     2595     3378
     6473     2594     2838     2836     2836     5355     6538     2836     5354
     6474     2595     2836     2748     2748     5358     6173     2748     5357
     6475     2299     2595     2748     2748     3378     5357     2748     3380
     6476     2593     2837     2835     2835     5352     6536     2835     5351
     6477     2299     2747     2837     2837     3379     6171     2837     3381
     6478     2296     2835     2747     2747     3368     6170     2747     3367
-1
secnum,1    ! reset the section ID to default
MAT,5 $ TYPE,5 $ REAL,4 $ SECNUM,5 $ ESYS,0    ! ELEMNODES = 8
eblock,21,COMPACT,,10
(21i9)
     6479     2298     2748     2838     2838     3376     6174     2838     3377
     6480     2747     2835     2837     2837     6170     6536     2837     6171
     6481     2748     2836     2838     2838     6173     6538     2838     6174
     6482     2299     2837     2595     2595     3381     5359     2595     3378
     6483     2594     2838     2836     2836     5355     6538     2836     5354
     6484     2595     2836     2748     2748     5358     6173     2748     5357
     6485     2299     2595     2748     2748     3378     5357     2748     3380
     6486     2593     2837     2835     2835     5352     6536     2835     5351
     6487     2299     2747     2837     2837     3379     6171     2837     3381
     6488     2296     2835     2747     2747     3368     6170     2747     3367
-1
secnum,1    ! reset the section ID to default
keyo,cid,8,2               ! auto create asymmetric contact (from Program Controlled setting)
keyo,cid,10,0              ! adjust contact stiffness each NR iteration (from Program Controlled setting)
keyo,cid,12,5              ! bonded always
keyo,cid,18,1              ! small sliding turned on by application
keyo,cid,2,2               ! MPC for bonded contacts (from Program Controlled setting)
keyo,tid,5,0               ! Automatic constraint type detection
keyo,cid,4,2               ! on nodal point - normal to target surface (from Program Controlled setting)
keyo,cid,9,1               ! ignore initial gaps/penetration
keyo,cid,7,0               ! No Prediction
rmod,tid,3,10.      ! FKN
rmod,tid,5,0.       ! ICONT
rmod,tid,6,0.       ! PINB
rmod,tid,10,0.      ! CNOF
rmod,tid,12,0.      ! FKT
rmod,tid,36,32      ! WB DSID
rmod,cid,3,10.      ! FKN
rmod,cid,5,0.       ! ICONT
rmod,cid,6,0.       ! PINB
rmod,cid,10,0.      ! CNOF
rmod,cid,12,0.      ! FKT
rmod,cid,36,32      ! WB DSID
/com,*********** Create Contact "Contact Region 2" ***********
/com,            Real Constant Set For Above Contact Is 7 & 6 
*set,tid,7
*set,cid,6
r,tid
r,cid
et,tid,170
et,cid,174
MAT,7 $ TYPE,7 $ REAL,7 $ SECNUM,7 $ ESYS,0    ! ELEMNODES = 8
eblock,21,COMPACT,,40
(21i9)
     6489     2506     2513     2507     2507     4820     4827     2507     4818
     6490     2511     2505     2504     2504     4811     4802     2504     4804
     6491     2500     2507     2501     2501     4780     4784     2501     4779
     6492     2501     2507     2514     2514     4784     4828     2514     4785
     6493     2502     2509     2503     2503     4788     4793     2503     4787
     6494     2506     2512     2513     2513     4819     4856     2513     4820
     6495     2512     2505     2511     2511     4812     4811     2511     4850
     6496     2507     2513     2514     2514     4827     4862     2514     4828
     6497     2505     2512     2506     2506     4812     4819     2506     4810
     6498     2499     2501     2514     2514     4775     4785     2514     4776
     6499     2503     2509     2510     2510     4793     4842     2510     4794
     6500     2508     2510     2509     2509     4838     4842     2509     4837
     6501     2511     2504     2510     2510     4804     4803     2510     4844
     6502     2510     2504     2503     2503     4803     4792     2503     4794
     6503     2508     3024     2510     2510     4840     4848     2510     4838
     6504     2589     2499     3023     3023     4777     4778     3023     5338
     6505     2511     2510     3014     3014     4844     4847     3014     4853
     6506     2512     2511     3015     3015     4850     4854     3015     4859
     6507     2513     2512     3016     3016     4856     4860     3016     4865
     6508     2514     2513     3017     3017     4862     4866     3017     4870
     6509     3023     2499     2514     2514     4778     4776     2514     4871
     6510     2590     3024     2508     2508     5340     4840     2508     4839
     6511     2511     3014     3015     3015     4853     7194     3015     4854
     6512     3014     2510     3024     3024     4847     4848     3024     7197
     6513     2512     3015     3016     3016     4859     7201     3016     4860
     6514     2513     3016     3017     3017     4865     7209     3017     4866
     6515     2514     3017     3023     3023     4870     7217     3023     4871
     6516     2503     2989     2987     2987     4800     7098     2987     4799
     6517     2991     2507     2988     2988     4834     4833     2988     7104
     6518     2989     2504     2990     2990     4807     4808     2990     7109
     6519     2506     2991     2996     2996     4823     7122     2996     4824
     6520     2990     2505     2996     2996     4815     4816     2996     7115
     6521     2722     2503     2987     2987     4798     4799     2987     6051
     6522     2507     2719     2988     2988     4832     6042     2988     4833
     6523     2500     2719     2507     2507     4783     4832     2507     4780
     6524     2505     2506     2996     2996     4810     4824     2996     4816
     6525     2506     2507     2991     2991     4818     4834     2991     4823
     6526     2503     2504     2989     2989     4792     4807     2989     4800
     6527     2722     2502     2503     2503     4791     4787     2503     4798
     6528     2504     2505     2990     2990     4802     4815     2990     4808
-1
secnum,1    ! reset the section ID to default
MAT,6 $ TYPE,6 $ REAL,6 $ SECNUM,6 $ ESYS,0    ! ELEMNODES = 8
eblock,21,COMPACT,,40
(21i9)
     6529     2506     2513     2507     2507     4820     4827     2507     4818
     6530     2511     2505     2504     2504     4811     4802     2504     4804
     6531     2500     2507     2501     2501     4780     4784     2501     4779
     6532     2501     2507     2514     2514     4784     4828     2514     4785
     6533     2502     2509     2503     2503     4788     4793     2503     4787
     6534     2506     2512     2513     2513     4819     4856     2513     4820
     6535     2512     2505     2511     2511     4812     4811     2511     4850
     6536     2507     2513     2514     2514     4827     4862     2514     4828
     6537     2505     2512     2506     2506     4812     4819     2506     4810
     6538     2499     2501     2514     2514     4775     4785     2514     4776
     6539     2503     2509     2510     2510     4793     4842     2510     4794
     6540     2508     2510     2509     2509     4838     4842     2509     4837
     6541     2511     2504     2510     2510     4804     4803     2510     4844
     6542     2510     2504     2503     2503     4803     4792     2503     4794
     6543     2508     3024     2510     2510     4840     4848     2510     4838
     6544     2589     2499     3023     3023     4777     4778     3023     5338
     6545     2511     2510     3014     3014     4844     4847     3014     4853
     6546     2512     2511     3015     3015     4850     4854     3015     4859
     6547     2513     2512     3016     3016     4856     4860     3016     4865
     6548     2514     2513     3017     3017     4862     4866     3017     4870
     6549     3023     2499     2514     2514     4778     4776     2514     4871
     6550     2590     3024     2508     2508     5340     4840     2508     4839
     6551     2511     3014     3015     3015     4853     7194     3015     4854
     6552     3014     2510     3024     3024     4847     4848     3024     7197
     6553     2512     3015     3016     3016     4859     7201     3016     4860
     6554     2513     3016     3017     3017     4865     7209     3017     4866
     6555     2514     3017     3023     3023     4870     7217     3023     4871
     6556     2503     2989     2987     2987     4800     7098     2987     4799
     6557     2991     2507     2988     2988     4834     4833     2988     7104
     6558     2989     2504     2990     2990     4807     4808     2990     7109
     6559     2506     2991     2996     2996     4823     7122     2996     4824
     6560     2990     2505     2996     2996     4815     4816     2996     7115
     6561     2722     2503     2987     2987     4798     4799     2987     6051
     6562     2507     2719     2988     2988     4832     6042     2988     4833
     6563     2500     2719     2507     2507     4783     4832     2507     4780
     6564     2505     2506     2996     2996     4810     4824     2996     4816
     6565     2506     2507     2991     2991     4818     4834     2991     4823
     6566     2503     2504     2989     2989     4792     4807     2989     4800
     6567     2722     2502     2503     2503     4791     4787     2503     4798
     6568     2504     2505     2990     2990     4802     4815     2990     4808
-1
secnum,1    ! reset the section ID to default
MAT,6 $ TYPE,6 $ REAL,7 $ SECNUM,6 $ ESYS,0    ! ELEMNODES = 8
eblock,21,COMPACT,,36
(21i9)
     6569     7850     7799     7763     7760     8087     7984     7977     7978
     6570     7851     7800     7799     7850     8089     8086     8087     8185
     6571     7852     7801     7800     7851     8091     8088     8089     8186
     6572     7853     7802     7801     7852     8093     8090     8091     8187
     6573     7854     7803     7802     7853     8095     8092     8093     8188
     6574     7855     7804     7803     7854     8097     8094     8095     8189
     6575     7856     7805     7804     7855     8099     8096     8097     8190
     6576     7857     7806     7805     7856     8101     8098     8099     8191
     6577     7858     7807     7806     7857     8103     8100     8101     8192
     6578     7859     7808     7807     7858     8105     8102     8103     8193
     6579     7860     7809     7808     7859     8107     8104     8105     8194
     6580     7861     7810     7809     7860     8109     8106     8107     8195
     6581     7862     7811     7810     7861     8111     8108     8109     8196
     6582     7863     7812     7811     7862     8113     8110     8111     8197
     6583     7864     7813     7812     7863     8115     8112     8113     8198
     6584     7865     7814     7813     7864     8117     8114     8115     8199
     6585     7866     7815     7814     7865     8118     8116     8117     8200
     6586     7754     7756     7815     7866     7964     7969     8118     7965
     6587     7749     7732     7715     7750     7920     7868     7869     7954
     6588     7732     7733     7716     7715     7919     7872     7867     7868
     6589     7733     7734     7717     7716     7922     7875     7871     7872
     6590     7734     7735     7718     7717     7924     7878     7874     7875
     6591     7735     7736     7719     7718     7926     7881     7877     7878
     6592     7736     7737     7720     7719     7928     7884     7880     7881
     6593     7737     7738     7721     7720     7930     7887     7883     7884
     6594     7738     7739     7722     7721     7932     7890     7886     7887
     6595     7739     7740     7723     7722     7934     7893     7889     7890
     6596     7740     7741     7724     7723     7936     7896     7892     7893
     6597     7741     7742     7725     7724     7938     7899     7895     7896
     6598     7742     7743     7726     7725     7940     7902     7898     7899
     6599     7743     7744     7727     7726     7942     7905     7901     7902
     6600     7744     7745     7728     7727     7944     7908     7904     7905
     6601     7745     7746     7729     7728     7946     7911     7907     7908
     6602     7746     7747     7730     7729     7948     7914     7910     7911
     6603     7747     7748     7731     7730     7950     7916     7913     7914
     6604     7748     7752     7751     7731     7952     7957     7917     7916
-1
secnum,1    ! reset the section ID to default
MAT,7 $ TYPE,7 $ REAL,6 $ SECNUM,7 $ ESYS,0    ! ELEMNODES = 8
eblock,21,COMPACT,,36
(21i9)
     6605     7850     7799     7763     7760     8087     7984     7977     7978
     6606     7851     7800     7799     7850     8089     8086     8087     8185
     6607     7852     7801     7800     7851     8091     8088     8089     8186
     6608     7853     7802     7801     7852     8093     8090     8091     8187
     6609     7854     7803     7802     7853     8095     8092     8093     8188
     6610     7855     7804     7803     7854     8097     8094     8095     8189
     6611     7856     7805     7804     7855     8099     8096     8097     8190
     6612     7857     7806     7805     7856     8101     8098     8099     8191
     6613     7858     7807     7806     7857     8103     8100     8101     8192
     6614     7859     7808     7807     7858     8105     8102     8103     8193
     6615     7860     7809     7808     7859     8107     8104     8105     8194
     6616     7861     7810     7809     7860     8109     8106     8107     8195
     6617     7862     7811     7810     7861     8111     8108     8109     8196
     6618     7863     7812     7811     7862     8113     8110     8111     8197
     6619     7864     7813     7812     7863     8115     8112     8113     8198
     6620     7865     7814     7813     7864     8117     8114     8115     8199
     6621     7866     7815     7814     7865     8118     8116     8117     8200
     6622     7754     7756     7815     7866     7964     7969     8118     7965
     6623     7749     7732     7715     7750     7920     7868     7869     7954
     6624     7732     7733     7716     7715     7919     7872     7867     7868
     6625     7733     7734     7717     7716     7922     7875     7871     7872
     6626     7734     7735     7718     7717     7924     7878     7874     7875
     6627     7735     7736     7719     7718     7926     7881     7877     7878
     6628     7736     7737     7720     7719     7928     7884     7880     7881
     6629     7737     7738     7721     7720     7930     7887     7883     7884
     6630     7738     7739     7722     7721     7932     7890     7886     7887
     6631     7739     7740     7723     7722     7934     7893     7889     7890
     6632     7740     7741     7724     7723     7936     7896     7892     7893
     6633     7741     7742     7725     7724     7938     7899     7895     7896
     6634     7742     7743     7726     7725     7940     7902     7898     7899
     6635     7743     7744     7727     7726     7942     7905     7901     7902
     6636     7744     7745     7728     7727     7944     7908     7904     7905
     6637     7745     7746     7729     7728     7946     7911     7907     7908
     6638     7746     7747     7730     7729     7948     7914     7910     7911
     6639     7747     7748     7731     7730     7950     7916     7913     7914
     6640     7748     7752     7751     7731     7952     7957     7917     7916
-1
secnum,1    ! reset the section ID to default
keyo,cid,8,2               ! auto create asymmetric contact (from Program Controlled setting)
keyo,cid,10,0              ! adjust contact stiffness each NR iteration (from Program Controlled setting)
keyo,cid,12,5              ! bonded always
keyo,cid,18,1              ! small sliding turned on by application
keyo,cid,2,2               ! MPC for bonded contacts (from Program Controlled setting)
keyo,tid,5,0               ! Automatic constraint type detection
keyo,cid,4,2               ! on nodal point - normal to target surface (from Program Controlled setting)
keyo,cid,9,1               ! ignore initial gaps/penetration
keyo,cid,7,0               ! No Prediction
rmod,tid,3,10.      ! FKN
rmod,tid,5,0.       ! ICONT
rmod,tid,6,0.       ! PINB
rmod,tid,10,0.      ! CNOF
rmod,tid,12,0.      ! FKT
rmod,tid,36,35      ! WB DSID
rmod,cid,3,10.      ! FKN
rmod,cid,5,0.       ! ICONT
rmod,cid,6,0.       ! PINB
rmod,cid,10,0.      ! CNOF
rmod,cid,12,0.      ! FKT
rmod,cid,36,35      ! WB DSID
nsel,all
esel,all
/wb,contact,end            !  done creating contacts
/golist
/wb,load,start             !  starting to send loads
/com,*********** Fixed Supports ***********
CMBLOCK,_FIXEDSU,NODE,      101
(8i10)
         1        -5        29       -31        44       -46        59        60
        72       -74        96        97       109      -112       126       127
       209       210       220      -223       232       233       242      -246
       256      -262       382       384      -386       388      -391       393
       394       397      -399       403       404       572       574      -576
       578       580       583       584       676       678       679       682
      -684       688       689       792       794      -796       798       800
       872       874      -876       878      -880       884       885      1049
      1051      1099      1101      1103      1108      1181      1183      1753
      1755      1795      1797     -1799      1801      1803      1804      1806
     -1808      1812      1869      1871      1872      1874      1875      1915
      1916      1918      1920     -1922      1926      1927      1930      1932
      1985     -1987      1993      1994      1997
cmsel,s,_FIXEDSU
d,all,all
nsel,all
/com,*********** Define Force Using Surface Effect Elements ***********
local,12,0,0.,0.,0.,0.,0.,0.
csys,0
et,8,154
MAT,8 $ TYPE,8 $ REAL,8 $ SECNUM,8 $ ESYS,12    ! ELEMNODES = 8
eblock,21,COMPACT,,24
(21i9)
     6641     2567     2568     2964     2964     5200     5207     2964     5202
     6642     2565     2564     2968     2968     5190     5192     2968     5195
     6643     2434     2566     2968     2968     4351     5198     2968     4353
     6644     2425     2421     2966     2966     4247     4253     2966     4288
     6645     2560     2425     2966     2966     4287     4288     2966     5172
     6646     2568     2965     2967     2967     5208     6999     2967     5209
     6647     2434     2430     2566     2566     4318     4321     2566     4351
     6648     2561     2560     2966     2966     5171     5172     2966     5176
     6649     2964     2561     2966     2966     5175     5176     2966     6996
     6650     2965     2563     2967     2967     5187     5188     2967     6999
     6651     2967     2562     2964     2964     5181     5180     2964     6997
     6652     2968     2564     2965     2965     5192     5191     2965     7000
     6653     2567     2964     2966     2966     5202     6996     2966     5203
     6654     2569     2434     2968     2968     4352     4353     2968     5214
     6655     2965     2569     2968     2968     5213     5214     2968     7000
     6656     2964     2568     2967     2967     5207     5209     2967     6997
     6657     2566     2565     2968     2968     5194     5195     2968     5198
     6658     2424     2425     2560     2560     4272     4287     2560     4281
     6659     2421     2567     2966     2966     4251     5203     2966     4253
     6660     2562     2561     2964     2964     5174     5175     2964     5180
     6661     2569     2433     2434     2434     4345     4339     2434     4352
     6662     2564     2563     2965     2965     5186     5187     2965     5191
     6663     2568     2569     2965     2965     5205     5213     2965     5208
     6664     2563     2562     2967     2967     5179     5181     2967     5188
-1
secnum,1    ! reset the section ID to default
esel,s,type,,8
keyop,8,2,1         ! Apply load in local coordinate system
keyop,8,7,1         ! Use original area so load is constant in large deformation
esel,all
/gst,on,on
fini
*get,_numnode,node,0,count
*get,_numelem,elem,0,count
*get, _MAXELEMNUM, elem, 0, NUM, MAX
*get, _MAXNODENUM, node, 0, NUM, MAX
*get, _MAXELEMTYPE, etyp, 0, NUM, MAX
*get, _MAXREALCONST, rcon, 0, NUM, MAX
/go
/wb,load,end               !  done creating loads
/com,--- Number of total nodes = %_numnode%
/com,--- Number of contact elements = 212
/com,--- Number of spring elements = 0
/com,--- Number of bearing elements = 0
/com,--- Number of solid elements = 3860
/com,--- Number of condensed parts = 0
/com,--- Number of total elements = %_numelem%
*get,_wallbsol,active,,time,wall
/com,****************************************************************************
/com,*************************    SOLUTION       ********************************
/com,****************************************************************************
/solu
antype,0                   ! static analysis
_thickRatio=0.333   ! Ratio of thick parts in the model
eqsl,sparse,,,,,1
cntr,print,1               ! print out contact info and also make no initial contact an error
cncheck,dmp		!	Enable program controlled contact splitting for distributed memory parallel run
dmpoption,emat,no             ! Don't combine emat file for DANSYS
dmpoption,esav,no             ! Don't combine esav file for DANSYS
nldiag,cont,iter           ! print out contact info each equilibrium iteration
rescontrol,,none                 ! Do not keep any restart files
/com,****************************************************
/com,******************* SOLVE FOR LS 1 OF 1 ****************
esel,s,type,,8
nsle
sfe,all,1,pres,1,8.28439250220337e-011
sfe,all,2,pres,1,105622.12890902
sfe,all,3,pres,1,1.58818977281869e-003
nsel,all
esel,all
/nopr
/gopr
nsub,1,1,1
time,1.
outres,erase
outres,all,none
outres,nsol,all,
outres,rsol,all
outres,eangl,all
outres,etmp,all
outres,veng,all
outres,strs,all,
outres,epel,all,
outres,eppl,all,
outres,cont,all,
! *********** WB SOLVE COMMAND ***********
! check interactive state
*get,ANSINTER_,active,,int
*if,ANSINTER_,ne,0,then
/eof
*endif
solve
/com *************** Write FE CONNECTORS ********* 
CEWRITE,file,ce,,INTE
/com,****************************************************
/com,*************** FINISHED SOLVE FOR LS 1 *************
fini
*get,_wallasol,active,,time,wall
/nopr
*get,_numnode,node,0,count
*get,_numelem,elem,0,count
*get, _MAXELEMNUM, elem, 0, NUM, MAX
*get, _MAXNODENUM, node, 0, NUM, MAX,,,INTERNAL
*get, _MAXELEMTYPE, etyp, 0, NUM, MAX
*get, _MAXREALCONST, rcon, 0, NUM, MAX
*get,_NSOLTHREADS,active,0,ntfs
*get,_NSOLPROCESSES,active,0,npfs
/gopr
/post1
xmlo,ENCODING,ISO-8859-1
xmlo,parm
/xml,parm,xml
fini
/gopr
*get,_walldone,active,,time,wall
_preptime=(_wallbsol-_wallstrt)*3600
_solvtime=(_wallasol-_wallbsol)*3600
_posttime=(_walldone-_wallasol)*3600
_totaltim=(_walldone-_wallstrt)*3600
*get,_dlbratio,active,0,solu,dlbr
*get,_combtime,active,0,solu,comb
*get,_ssmode,active,0,solu,ssmm
*get,_ndofs,active,0,solu,ndof
*get,_sol_end_time,active,0,set,time
*if,_sol_end_time,eq,1.000000,then
/fclean				!clean distributed files
*endif
/com,--- Total number of nodes = %_numnode%
/com,--- Total number of elements = %_numelem%
/com,--- Element load balance ratio = %_dlbratio%
/com,--- Time to combine distributed files = %_combtime%
/com,--- Sparse memory mode = %_ssmode%
/com,--- Number of DOF = %_ndofs%
/wb,file,end               ! done with WB generated input
